time,copter_pitch_angle,copter_pitch_angle_kal,copter_pitch_angle_komp,copter_roll_angle,copter_roll_angle_kal,copter_roll_angle_komp,
0,28.9375,28.900142669677734,28.907947540283203,-0.3125,-0.27940696477890015,-0.2717159390449524,
0.008,28.9375,28.898902893066406,28.907405853271484,-0.3125,-0.29420626163482666,-0.2807631194591522,
0.019,28.9375,28.910058975219727,28.91234016418457,-0.3125,-0.2869877517223358,-0.2765703797340393,
0.028,28.9375,28.911096572875977,28.912456512451172,-0.3125,-0.2764931917190552,-0.27070164680480957,
0.038,28.9375,28.911508560180664,28.911815643310547,-0.3125,-0.26300734281539917,-0.26273325085639954,
0.048,28.9375,28.9043025970459,28.907976150512695,-0.3125,-0.27531445026397705,-0.2690366208553314,
0.058,28.9375,28.89405632019043,28.902790069580078,-0.3125,-0.28531554341316223,-0.27411574125289917,
0.068,28.9375,28.895591735839844,28.902942657470703,-0.3125,-0.29024556279182434,-0.27650243043899536,
0.078,28.9375,28.899200439453125,28.904325485229492,-0.3125,-0.2816919982433319,-0.2719690203666687,
0.088,28.9375,28.89790153503418,28.903783798217773,-0.3125,-0.2804146409034729,-0.27174973487854004,
0.098,28.9375,28.890661239624023,28.9006404876709,-0.3125,-0.2838217616081238,-0.27335745096206665,
0.108,28.9375,28.88600730895996,28.898754119873047,-0.3125,-0.2948646545410156,-0.2792927324771881,
0.118,28.9375,28.89707374572754,28.90385627746582,-0.3125,-0.29068490862846375,-0.276376873254776,
0.128,28.9375,28.92083740234375,28.914337158203125,-0.3125,-0.283946692943573,-0.27282819151878357,
0.138,28.9375,28.930387496948242,28.91823387145996,-0.3125,-0.28101274371147156,-0.27180933952331543,
0.148,28.9375,28.920146942138672,28.913774490356445,-0.3125,-0.2882392704486847,-0.2767072021961212,
0.158,28.9375,28.90876007080078,28.909339904785156,-0.3125,-0.29125839471817017,-0.2790597379207611,
0.168,28.9375,28.90385627746582,28.90770149230957,-0.3125,-0.2901571989059448,-0.27829310297966003,
0.178,28.9375,28.915178298950195,28.912778854370117,-0.3125,-0.2903348207473755,-0.2781367599964142,
0.188,28.9375,28.919910430908203,28.914630889892578,-0.3125,-0.2898678183555603,-0.27775129675865173,
0.198,28.9375,28.922269821166992,28.915637969970703,-0.3125,-0.30016979575157166,-0.2837677597999573,
0.208,28.9375,28.921480178833008,28.91532325744629,-0.3125,-0.3043895959854126,-0.2866362929344177,
0.218,28.9375,28.915891647338867,28.91273307800293,-0.3125,-0.3021680414676666,-0.28596189618110657,
0.228,28.9375,28.920175552368164,28.914535522460938,-0.3125,-0.3000340461730957,-0.2848915755748749,
0.238,28.9375,28.933876037597656,28.92062759399414,-0.3125,-0.30344635248184204,-0.2869773507118225,
0.248,28.9375,28.932483673095703,28.92008399963379,-0.3125,-0.30531439185142517,-0.2875915765762329,
0.258,28.9375,28.932300567626953,28.919946670532227,-0.3125,-0.3085680902004242,-0.2893967032432556,
0.268,28.9375,28.928054809570312,28.917861938476562,-0.3125,-0.30826374888420105,-0.2895313501358032,
0.278,28.9375,28.93052101135254,28.918821334838867,-0.3125,-0.3099939823150635,-0.29112356901168823,
0.288,28.9375,28.926910400390625,28.917190551757812,-0.3125,-0.31652000546455383,-0.295607328414917,
0.298,28.9375,28.92323875427246,28.91545295715332,-0.3125,-0.31741392612457275,-0.2965451776981354,
0.308,28.9375,28.924633026123047,28.916393280029297,-0.3125,-0.3171198070049286,-0.29635363817214966,
0.318,28.9375,28.935251235961914,28.92137908935547,-0.3125,-0.3166399598121643,-0.2961966395378113,
0.328,28.9375,28.93499755859375,28.921310424804688,-0.3125,-0.31352874636650085,-0.2952409088611603,
0.338,28.9375,28.936552047729492,28.92230796813965,-0.3125,-0.31048694252967834,-0.29400280117988586,
0.348,28.9375,28.931005477905273,28.92002296447754,-0.3125,-0.304858535528183,-0.29065582156181335,
0.358,28.9375,28.925870895385742,28.917503356933594,-0.3125,-0.29997795820236206,-0.2874886989593506,
0.368,28.9375,28.928077697753906,28.91843605041504,-0.3125,-0.3019000291824341,-0.28886666893959045,
0.378,28.9375,28.933210372924805,28.920745849609375,-0.3125,-0.30255943536758423,-0.28970086574554443,
0.388,28.9375,28.929502487182617,28.91881561279297,-0.3125,-0.3017761707305908,-0.2893173396587372,
0.398,28.9375,28.925344467163086,28.916263580322266,-0.3125,-0.29493555426597595,-0.2855258584022522,
0.408,28.9375,28.920183181762695,28.913055419921875,-0.3125,-0.2914833724498749,-0.28342071175575256,
0.418,28.9375,28.922931671142578,28.91349220275879,-0.3125,-0.2923726737499237,-0.2835361957550049,
0.428,28.9375,28.922618865966797,28.913307189941406,-0.3125,-0.2920205891132355,-0.2832898795604706,
0.438,28.9375,28.92732048034668,28.915729522705078,-0.3125,-0.2882672846317291,-0.2813452482223511,
0.448,28.9375,28.931623458862305,28.918062210083008,-0.3125,-0.28398773074150085,-0.2781870663166046,
0.458,28.9375,28.93964195251465,28.92219352722168,-0.3125,-0.2802216410636902,-0.27526235580444336,
0.468,28.9375,28.945894241333008,28.926084518432617,-0.3125,-0.2805863618850708,-0.27522987127304077,
0.478,28.9375,28.944185256958008,28.926637649536133,-0.3125,-0.27889642119407654,-0.2741011381149292,
0.488,28.9375,28.940372467041016,28.925872802734375,-0.3125,-0.2786659896373749,-0.27406981587409973,
0.498,28.9375,28.93646240234375,28.924753189086914,-0.3125,-0.2824610471725464,-0.2764016091823578,
0.508,28.9375,28.940143585205078,28.926862716674805,-0.3125,-0.2867884337902069,-0.27907341718673706,
0.518,28.9375,28.945669174194336,28.929662704467773,-0.3125,-0.2863984704017639,-0.27924028038978577,
0.528,28.9375,28.944805145263672,28.92943572998047,-0.3125,-0.2851758301258087,-0.27850228548049927,
0.538,28.9375,28.937530517578125,28.926698684692383,-0.3125,-0.2867612838745117,-0.2801401615142822,
0.548,28.9375,28.93431282043457,28.925992965698242,-0.3125,-0.2863132357597351,-0.28033164143562317,
0.558,28.9375,28.9384822845459,28.92815399169922,-0.3125,-0.2879660129547119,-0.28169989585876465,
0.568,28.9375,28.9434814453125,28.930606842041016,-0.3125,-0.28813284635543823,-0.28175637125968933,
0.578,28.9375,28.946578979492188,28.93250846862793,-0.3125,-0.28098541498184204,-0.27738040685653687,
0.588,28.9375,28.940269470214844,28.93006134033203,-0.3125,-0.2865399122238159,-0.2808573246002197,
0.598,28.9375,28.935190200805664,28.92804718017578,-0.3125,-0.2846594750881195,-0.2799589931964874,
0.608,28.9375,28.93022918701172,28.925945281982422,-0.3125,-0.28686416149139404,-0.2817176580429077,
0.618,28.9375,28.9423885345459,28.93128204345703,-0.3125,-0.27973318099975586,-0.27791690826416016,
0.628,28.9375,28.941049575805664,28.930818557739258,-0.3125,-0.27741169929504395,-0.2767716348171234,
0.638,28.9375,28.939373016357422,28.930089950561523,-0.3125,-0.2765786051750183,-0.27631956338882446,
0.648,28.9375,28.93177604675293,28.92650604248047,-0.3125,-0.27839019894599915,-0.27751410007476807,
0.658,28.9375,28.934051513671875,28.92731475830078,-0.3125,-0.28420892357826233,-0.2810268700122833,
0.668,28.9375,28.935556411743164,28.927989959716797,-0.3125,-0.2844543755054474,-0.281223863363266,
0.678,28.9375,28.943601608276367,28.931865692138672,-0.3125,-0.2779902517795563,-0.27685946226119995,
0.688,28.9375,28.928401947021484,28.925426483154297,-0.3125,-0.27827921509742737,-0.27712106704711914,
0.698,28.9375,28.92075538635254,28.921802520751953,-0.3125,-0.2828117907047272,-0.2801387906074524,
0.708,28.9375,28.918100357055664,28.920618057250977,-0.3125,-0.2870802581310272,-0.2823885679244995,
0.718,28.9375,28.923768997192383,28.92312240600586,-0.3125,-0.28785961866378784,-0.2829493284225464,
0.728,28.9375,28.92367935180664,28.923154830932617,-0.3125,-0.28675493597984314,-0.28211671113967896,
0.738,28.9375,28.928009033203125,28.925296783447266,-0.3125,-0.2877254784107208,-0.2821142077445984,
0.748,28.9375,28.922605514526367,28.923229217529297,-0.3125,-0.28664106130599976,-0.2807717025279999,
0.758,28.9375,28.921045303344727,28.922937393188477,-0.3125,-0.28415989875793457,-0.2794417142868042,
0.768,28.9375,28.921045303344727,28.922937393188477,-0.3125,-0.28415989875793457,-0.2794417142868042,
0.778,28.9375,28.921844482421875,28.923797607421875,-0.3125,-0.28640973567962646,-0.280461847782135,
0.788,28.9375,28.917373657226562,28.922277450561523,-0.3125,-0.2867710292339325,-0.28019875288009644,
0.798,28.9375,28.917373657226562,28.922277450561523,-0.3125,-0.2867710292339325,-0.28019875288009644,
0.808,28.9375,28.917217254638672,28.92217254638672,-0.3125,-0.28689059615135193,-0.28041893243789673,
0.818,28.9375,28.9215145111084,28.924053192138672,-0.3125,-0.29226869344711304,-0.2841275632381439,
0.828,28.9375,28.92206573486328,28.92460823059082,-0.3125,-0.29366832971572876,-0.28529810905456543,
0.838,28.9375,28.924108505249023,28.925809860229492,-0.3125,-0.29405608773231506,-0.28595787286758423,
0.848,28.9375,28.924108505249023,28.925809860229492,-0.3125,-0.29405608773231506,-0.28595787286758423,
0.858,28.9375,28.92546272277832,28.926410675048828,-0.3125,-0.29482388496398926,-0.28647199273109436,
0.868,28.9375,28.923986434936523,28.926008224487305,-0.3125,-0.2941805124282837,-0.2856236696243286,
0.878,28.9375,28.92501449584961,28.926803588867188,-0.3125,-0.2888862192630768,-0.28214362263679504,
0.888,28.9375,28.92472267150879,28.92723274230957,-0.3125,-0.29323363304138184,-0.2837602198123932,
0.898,28.9375,28.92472267150879,28.92723274230957,-0.3125,-0.29323363304138184,-0.2837602198123932,
0.908,28.9375,28.921276092529297,28.925983428955078,-0.3125,-0.29583626985549927,-0.2850484549999237,
0.918,28.9375,28.919071197509766,28.925006866455078,-0.3125,-0.29515600204467773,-0.2846526503562927,
0.928,28.9375,28.929134368896484,28.929428100585938,-0.3125,-0.2931007146835327,-0.2837457060813904,
0.938,28.9375,28.935855865478516,28.933155059814453,-0.3125,-0.2977176010608673,-0.2874694764614105,
0.948,28.9375,28.935855865478516,28.933155059814453,-0.3125,-0.2977176010608673,-0.2874694764614105,
0.958,28.9375,28.932819366455078,28.932302474975586,-0.3125,-0.29839134216308594,-0.2880069613456726,
0.968,28.9375,28.92748260498047,28.93001937866211,-0.3125,-0.29965922236442566,-0.28898435831069946,
0.978,28.9375,28.92794418334961,28.929811477661133,-0.3125,-0.2989009916782379,-0.2886723279953003,
0.988,28.9375,28.928749084472656,28.930021286010742,-0.3125,-0.29857274889945984,-0.2881459593772888,
0.998,28.9375,28.928749084472656,28.930021286010742,-0.3125,-0.29857274889945984,-0.2881459593772888,
1.008,28.9375,28.92664909362793,28.929298400878906,-0.3125,-0.2998000979423523,-0.2892284691333771,
1.018,28.9375,28.928112030029297,28.929983139038086,-0.3125,-0.29900693893432617,-0.28893938660621643,
1.028,28.9375,28.92742347717285,28.9296817779541,-0.3125,-0.2968103885650635,-0.28799429535865784,
1.038,28.9375,28.91990089416504,28.926286697387695,-0.3125,-0.29515114426612854,-0.28740793466567993,
1.048,28.9375,28.91990089416504,28.926286697387695,-0.3125,-0.29515114426612854,-0.28740793466567993,
1.058,28.9375,28.920766830444336,28.92627716064453,-0.3125,-0.29846999049186707,-0.28970637917518616,
1.068,28.9375,28.924558639526367,28.927953720092773,-0.3125,-0.3037504553794861,-0.29303234815597534,
1.078,28.9375,28.930198669433594,28.930709838867188,-0.3125,-0.304085373878479,-0.29341569542884827,
1.088,28.9375,28.93023109436035,28.931072235107422,-0.3125,-0.303443044424057,-0.29346367716789246,
1.098,28.9375,28.93023109436035,28.931072235107422,-0.3125,-0.303443044424057,-0.29346367716789246,
1.108,28.9375,28.92991065979004,28.930818557739258,-0.3125,-0.3057156503200531,-0.2951352000236511,
1.118,28.9375,28.930130004882812,28.930967330932617,-0.3125,-0.30552515387535095,-0.2951621115207672,
1.128,28.9375,28.930906295776367,28.931604385375977,-0.3125,-0.301309734582901,-0.29313817620277405,
1.138,28.9375,28.936952590942383,28.93509864807129,-0.3125,-0.30045560002326965,-0.29201701283454895,
1.148,28.9375,28.936952590942383,28.93509864807129,-0.3125,-0.30045560002326965,-0.29201701283454895,
1.158,28.9375,28.9395809173584,28.936424255371094,-0.3125,-0.2969786524772644,-0.2895512580871582,
1.168,28.9375,28.93614959716797,28.935087203979492,-0.3125,-0.2947908341884613,-0.2881002426147461,
1.178,28.9375,28.941722869873047,28.937854766845703,-0.3125,-0.29733479022979736,-0.2895818054676056,
1.188,28.9375,28.951005935668945,28.941909790039062,-0.3125,-0.29562246799468994,-0.2898307740688324,
1.198,28.9375,28.951005935668945,28.941909790039062,-0.3125,-0.29562246799468994,-0.2898307740688324,
1.208,28.9375,28.94832420349121,28.94080924987793,-0.3125,-0.29749396443367004,-0.29193198680877686,
1.218,28.9375,28.945180892944336,28.939645767211914,-0.3125,-0.29546499252319336,-0.2911226153373718,
1.228,28.9375,28.94210433959961,28.938365936279297,-0.3125,-0.2953192889690399,-0.29077857732772827,
1.238,28.9375,28.948936462402344,28.942138671875,-0.3125,-0.2996091842651367,-0.29271236062049866,
1.248,28.9375,28.948936462402344,28.942138671875,-0.3125,-0.2996091842651367,-0.29271236062049866,
1.258,28.9375,28.94635772705078,28.941848754882812,-0.3125,-0.294082909822464,-0.2893674373626709,
1.268,28.9375,28.945009231567383,28.941951751708984,-0.3125,-0.2953728437423706,-0.29006513953208923,
1.278,28.9375,28.947492599487305,28.94332504272461,-0.3125,-0.2987003028392792,-0.2923009991645813,
1.288,28.9375,28.943674087524414,28.94114875793457,-0.3125,-0.2982392907142639,-0.29257047176361084,
1.298,28.9375,28.943674087524414,28.94114875793457,-0.3125,-0.2982392907142639,-0.29257047176361084,
1.308,28.9375,28.943342208862305,28.94086456298828,-0.3125,-0.29395586252212524,-0.2901526093482971,
1.318,28.9375,28.942031860351562,28.940034866333008,-0.3125,-0.29525795578956604,-0.2909092307090759,
1.328,28.9375,28.945600509643555,28.941516876220703,-0.3125,-0.30057182908058167,-0.29434436559677124,
1.338,28.9375,28.9465389251709,28.941247940063477,-0.3125,-0.3040194511413574,-0.29789721965789795,
1.348,28.9375,28.9465389251709,28.941247940063477,-0.3125,-0.3040194511413574,-0.29789721965789795,
1.358,28.9375,28.94731903076172,28.94150733947754,-0.3125,-0.30303120613098145,-0.29697901010513306,
1.368,28.9375,28.943557739257812,28.939804077148438,-0.3125,-0.305302232503891,-0.2983359694480896,
1.378,28.9375,28.93817901611328,28.936935424804688,-0.3125,-0.30426523089408875,-0.29735392332077026,
1.388,28.9375,28.93455696105957,28.935325622558594,-0.3125,-0.2934769093990326,-0.29115110635757446,
1.398,28.9375,28.93455696105957,28.935325622558594,-0.3125,-0.2934769093990326,-0.29115110635757446,
1.408,28.9375,28.92953109741211,28.93301773071289,-0.3125,-0.29410719871520996,-0.2918539047241211,
1.418,28.9375,28.931446075439453,28.93359375,-0.3125,-0.2919287383556366,-0.29081031680107117,
1.428,28.9375,28.928300857543945,28.93204116821289,-0.3125,-0.29240328073501587,-0.29114145040512085,
1.438,28.9375,28.927875518798828,28.932180404663086,-0.3125,-0.28748223185539246,-0.288692831993103,
1.448,28.9375,28.927875518798828,28.932180404663086,-0.3125,-0.28748223185539246,-0.288692831993103,
1.458,28.9375,28.92926788330078,28.932804107666016,-0.3125,-0.28827452659606934,-0.290099173784256,
1.468,28.9375,28.922082901000977,28.929250717163086,-0.3125,-0.28557735681533813,-0.28865596652030945,
1.478,28.9375,28.922264099121094,28.92865562438965,-0.3125,-0.28760769963264465,-0.28993722796440125,
1.488,28.9375,28.93166160583496,28.93291473388672,-0.3125,-0.2896752655506134,-0.2916148006916046,
1.498,28.9375,28.88444709777832,28.911521911621094,-0.3125,-0.26670533418655396,-0.2767942249774933,
1.508,28.9375,28.80232810974121,28.874832153320312,-0.3125,-0.2630932033061981,-0.27613458037376404,
1.518,28.9375,28.81724739074707,28.881940841674805,-0.3125,-0.21183466911315918,-0.2579082250595093,
1.528,28.9375,28.84830093383789,28.899280548095703,-0.375,-0.21204444766044617,-0.2829301953315735,
1.538,28.9375,28.889123916625977,28.92217254638672,-0.4375,-0.23386132717132568,-0.33477264642715454,
1.548,28.9375,28.992216110229492,28.97230339050293,-0.5625,-0.29049041867256165,-0.41930481791496277,
1.558,28.9375,29.02830696105957,28.98940086364746,-0.5625,-0.37094613909721375,-0.5306601524353027,
1.568,28.9375,28.99590301513672,28.97003173828125,-0.875,-0.5234850645065308,-0.6882296204566956,
1.578,28.875,28.921789169311523,28.92717933654785,-1,-0.662940263748169,-0.8377417922019958,
1.588,28.875,28.851606369018555,28.882936477661133,-1.125,-0.8329825401306152,-0.9984337091445923,
1.598,28.875,28.851648330688477,28.86923599243164,-1.25,-0.9797782897949219,-1.1319533586502075,
1.608,28.8125,28.738576889038086,28.807968139648438,-1.3125,-1.1726288795471191,-1.2734079360961914,
1.618,28.8125,28.89824104309082,28.870689392089844,-1.25,-1.3051085472106934,-1.3525259494781494,
1.628,28.8125,29.054546356201172,28.93364906311035,-1.1875,-1.3273801803588867,-1.3255372047424316,
1.638,28.75,29.36167335510254,29.05862808227539,-1.0625,-0.9768053293228149,-1.0287538766860962,
1.648,28.6875,29.08261489868164,28.91535758972168,-0.9375,-0.8945871591567993,-0.8431121706962585,
1.658,28.5625,29.039697647094727,28.855281829833984,-0.8125,-0.627232551574707,-0.5293803811073303,
1.668,28.4375,28.871679306030273,28.725616455078125,-0.75,-0.7073687314987183,-0.44854190945625305,
1.678,28.3125,28.798357009887695,28.640380859375,-0.875,-0.7812078595161438,-0.42079463601112366,
1.688,28.25,28.752988815307617,28.574310302734375,-1.1875,-0.8977934122085571,-0.4984414577484131,
1.698,28.125,28.798324584960938,28.548763275146484,-1.75,-1.0912516117095947,-0.7014724612236023,
1.708,28,28.78594398498535,28.489154815673828,-2.375,-1.521911859512329,-1.116540789604187,
1.718,27.75,28.683551788330078,28.370210647583008,-3.1875,-2.3542792797088623,-1.8195574283599854,
1.728,27.5,28.454092025756836,28.16431999206543,-4.0625,-3.3231048583984375,-2.6573128700256348,
1.738,27.125,28.097551345825195,27.87372589111328,-5,-4.278087139129639,-3.526277542114258,
1.748,26.75,27.764596939086914,27.563274383544922,-6.0625,-5.328221797943115,-4.490828037261963,
1.758,26.3125,27.3990478515625,27.213027954101562,-7.125,-6.38334846496582,-5.494035243988037,
1.768,25.8125,26.93916130065918,26.79039192199707,-8.25,-7.435846328735352,-6.523514747619629,
1.778,25.25,26.4344425201416,26.31826400756836,-9.4375,-8.69549560546875,-7.69645881652832,
1.788,24.625,26.015871047973633,25.852006912231445,-10.625,-9.853921890258789,-8.825019836425781,
1.798,23.9375,25.369524002075195,25.249425888061523,-11.875,-11.082704544067383,-10.008530616760254,
1.808,23.125,24.778905868530273,24.6275634765625,-13.1875,-12.327560424804688,-11.208732604980469,
1.818,22.25,24.10369110107422,23.923717498779297,-14.5625,-13.637651443481445,-12.457927703857422,
1.828,21.1875,23.062875747680664,23.006572723388672,-15.875,-15.126474380493164,-13.813554763793945,
1.838,20.125,22.01714515686035,22.03101348876953,-17.25,-16.57271385192871,-15.148096084594727,
1.848,18.875,20.731792449951172,20.89949607849121,-18.6875,-18.179580688476562,-16.58182144165039,
1.858,17.5625,19.576810836791992,19.776676177978516,-20.125,-19.688758850097656,-17.962928771972656,
1.868,16.25,18.215063095092773,18.522014617919922,-21.5,-21.24962615966797,-19.37628746032715,
1.878,14.8125,16.786029815673828,17.201717376708984,-22.9375,-22.84803009033203,-20.800548553466797,
1.888,13.3125,15.45690631866455,15.895515441894531,-24.25,-24.387805938720703,-22.17300033569336,
1.898,11.75,13.925968170166016,14.473207473754883,-25.5,-25.88507080078125,-23.49146270751953,
1.908,10.125,12.062246322631836,12.87722396850586,-26.5,-27.229665756225586,-24.682504653930664,
1.918,8.375,10.350950241088867,11.316154479980469,-27.125,-28.336637496948242,-25.65485382080078,
1.928,6.5625,8.326786041259766,9.582406997680664,-27.625,-29.062021255493164,-26.311016082763672,
1.938,4.6875,6.23297119140625,7.77733039855957,-27.9375,-29.269115447998047,-26.589130401611328,
1.948,2.75,4.157013893127441,5.940205097198486,-28.125,-29.01616668701172,-26.552387237548828,
1.958,0.75,1.8324311971664429,3.966033458709717,-28.25,-29.434701919555664,-26.885469436645508,
1.968,-1.125,-0.30500560998916626,2.0680911540985107,-28.375,-30.060333251953125,-27.33237648010254,
1.978,-2.9375,-2.592650890350342,0.1301649659872055,-28.3125,-30.404682159423828,-27.60223960876465,
1.988,-4.75,-4.591513633728027,-1.6370643377304077,-28.125,-30.228260040283203,-27.528575897216797,
1.998,-6.3125,-6.597446918487549,-3.3360581398010254,-27.75,-29.499191284179688,-27.090038299560547,
2.008,-7.875,-8.193984985351562,-4.815998077392578,-27.375,-28.788381576538086,-26.62447166442871,
2.018,-9.25,-10.020875930786133,-6.3443684577941895,-27,-28.24909019470215,-26.256004333496094,
2.028,-10.5625,-11.71721363067627,-7.757378578186035,-26.6875,-27.93439292907715,-26.025815963745117,
2.038,-11.6875,-13.276904106140137,-9.058887481689453,-26.375,-27.399940490722656,-25.675777435302734,
2.048,-12.75,-14.73352336883545,-10.26834487915039,-25.9375,-26.603452682495117,-25.162235260009766,
2.058,-13.625,-15.876382827758789,-11.29510498046875,-25.5,-26.17009735107422,-24.84592628479004,
2.068,-14.5,-16.90110969543457,-12.225227355957031,-24.9375,-25.721420288085938,-24.50456428527832,
2.078,-15.25,-17.529294967651367,-12.94393253326416,-24.4375,-25.11652374267578,-24.052927017211914,
2.088,-16,-18.34108543395996,-13.71859359741211,-23.875,-24.188180923461914,-23.39821434020996,
2.098,-16.75,-19.348262786865234,-14.567805290222168,-23.3125,-23.393413543701172,-22.813268661499023,
2.108,-17.4375,-19.977275848388672,-15.240793228149414,-22.6875,-22.79047966003418,-22.339540481567383,
2.118,-18.1875,-20.971399307250977,-16.06574058532715,-22.125,-22.113618850708008,-21.816892623901367,
2.128,-18.8125,-21.64790153503418,-16.748119354248047,-21.5625,-21.309141159057617,-21.21331024169922,
2.138,-19.5,-22.536609649658203,-17.525331497192383,-21,-20.47525978088379,-20.586809158325195,
2.148,-20.125,-23.164602279663086,-18.1872501373291,-20.375,-19.822593688964844,-20.04498863220215,
2.158,-20.75,-23.640348434448242,-18.784549713134766,-19.625,-19.09974479675293,-19.434589385986328,
2.168,-21.4375,-24.167728424072266,-19.417245864868164,-18.8125,-18.384220123291016,-18.79228401184082,
2.178,-22.125,-24.594818115234375,-20.02614402770996,-17.8125,-17.61659049987793,-18.07787322998047,
2.188,-22.8125,-25.03534507751465,-20.654468536376953,-16.6875,-16.51801872253418,-17.103843688964844,
2.198,-23.5,-25.401939392089844,-21.23979949951172,-15.25,-15.265853881835938,-15.971877098083496,
2.208,-24,-26.09507942199707,-21.939085006713867,-13.6875,-13.8690185546875,-14.68045425415039,
2.218,-24.375,-26.61402130126953,-22.506921768188477,-11.9375,-12.418182373046875,-13.276691436767578,
2.228,-24.625,-27.01937484741211,-22.953968048095703,-10.0625,-10.714025497436523,-11.642640113830566,
2.238,-24.625,-27.090728759765625,-23.1715145111084,-8.0625,-8.832596778869629,-9.830222129821777,
2.248,-24.5625,-27.159908294677734,-23.326143264770508,-6,-7.007867336273193,-8.017457008361816,
2.258,-24.3125,-27.285385131835938,-23.47449493408203,-3.875,-5.117795467376709,-6.1394171714782715,
2.268,-24.0625,-26.826719284057617,-23.307884216308594,-1.875,-3.150761604309082,-4.1862616539001465,
2.278,-23.8125,-26.553647994995117,-23.165969848632812,0.0625,-1.3030275106430054,-2.2976324558258057,
2.288,-23.5,-26.160654067993164,-22.932701110839844,2.0625,0.6625727415084839,-0.3392566740512848,
2.298,-23.125,-25.708314895629883,-22.643423080444336,4,2.5614986419677734,1.5728473663330078,
2.308,-22.75,-25.301620483398438,-22.35211944580078,5.875,4.4177775382995605,3.4455606937408447,
2.318,-22.375,-24.900279998779297,-22.0440731048584,7.6875,6.128452777862549,5.20864725112915,
2.328,-21.9375,-24.444643020629883,-21.69062042236328,9.4375,7.8652262687683105,6.957337379455566,
2.338,-21.5,-24.044170379638672,-21.341211318969727,11.0625,9.525259017944336,8.634045600891113,
2.348,-21,-23.616661071777344,-20.95611572265625,12.6875,11.093326568603516,10.227892875671387,
2.358,-20.4375,-23.16324234008789,-20.535554885864258,14.25,12.576091766357422,11.74769115447998,
2.368,-19.875,-22.6887264251709,-20.083072662353516,15.875,14.088419914245605,13.268915176391602,
2.378,-19.25,-22.154966354370117,-19.576066970825195,17.4375,15.565889358520508,14.752982139587402,
2.388,-18.5625,-21.571760177612305,-19.01626968383789,18.9375,17.142141342163086,16.28338050842285,
2.398,-17.75,-21.012258529663086,-18.445764541625977,20.4375,18.671573638916016,17.777652740478516,
2.408,-16.875,-20.37497329711914,-17.811920166015625,21.8125,20.04874038696289,19.16769790649414,
2.418,-16,-19.61365509033203,-17.071758270263672,23.125,21.567594528198242,20.61355972290039,
2.428,-15.0625,-18.709232330322266,-16.232419967651367,24.375,23.180219650268555,22.072345733642578,
2.438,-15.0625,-17.90713882446289,-15.424105644226074,25.4375,24.478023529052734,23.305952072143555,
2.448,-14.1875,-16.92894744873047,-14.532449722290039,25.4375,25.58786964416504,24.393449783325195,
2.458,-13.3125,-15.905054092407227,-13.620966911315918,26.5625,26.530752182006836,25.368600845336914,
2.468,-13.3125,-15.086995124816895,-12.79741096496582,28.5,27.66808319091797,26.44988250732422,
2.478,-10.6875,-14.22653865814209,-11.94395637512207,29.125,28.613584518432617,27.363712310791016,
2.488,-10.6875,-13.572072982788086,-11.162994384765625,29.125,29.312326431274414,28.05216407775879,
2.498,-9.8125,-12.823686599731445,-10.331990242004395,29.5,29.918397903442383,28.619718551635742,
2.508,-8.875,-12.004833221435547,-9.471951484680176,29.75,30.137737274169922,28.927722930908203,
2.518,-8.875,-11.179292678833008,-8.659215927124023,29.75,30.168678283691406,29.080551147460938,
2.528,-7.3125,-10.504376411437988,-7.942387580871582,30.25,30.292041778564453,29.28211212158203,
2.538,-6.5,-9.902158737182617,-7.24838924407959,30.5625,30.585289001464844,29.579456329345703,
2.548,-5.625,-9.306674003601074,-6.542163372039795,30.8125,31.042539596557617,29.959251403808594,
2.558,-4.6875,-8.480704307556152,-5.718026161193848,30.9375,31.310033798217773,30.2154483795166,
2.568,-4.6875,-7.471434593200684,-4.796201705932617,30.9375,31.369293212890625,30.32210350036621,
2.578,-2.6875,-7.471434593200684,-4.796201705932617,31.1875,31.317602157592773,30.32210350036621,
2.588,-1.625,-5.467185974121094,-3.8367629051208496,31.3125,31.31178092956543,30.397212982177734,
2.598,-0.5,-4.47725772857666,-1.8987398147583008,31.4375,31.61483383178711,30.618553161621094,
2.608,0.625,-3.4044437408447266,-0.8605177998542786,31.4375,31.848953247070312,30.79331398010254,
2.618,0.625,-3.4044437408447266,-0.8605177998542786,31.4375,31.848953247070312,30.79331398010254,
2.628,3.125,-2.1647017002105713,0.2919183075428009,31.25,31.896554946899414,30.83675765991211,
2.638,4.5,-0.9291587471961975,1.4803717136383057,31.0625,31.670616149902344,30.687204360961914,
2.648,5.875,1.5928066968917847,3.9641079902648926,30.875,31.217138290405273,30.331798553466797,
2.658,7.25,3.012983560562134,5.289540767669678,30.625,31.164989471435547,30.24331283569336,
2.668,7.25,3.012983560562134,5.289540767669678,30.625,31.164989471435547,30.24331283569336,
2.678,10.0625,4.483926773071289,6.646087169647217,29.875,30.888038635253906,30.000818252563477,
2.688,11.4375,5.90770959854126,7.986218452453613,29.375,30.46996307373047,29.632699966430664,
2.698,12.75,8.647408485412598,10.583616256713867,28.8125,29.433568954467773,28.68189811706543,
2.708,14,9.959814071655273,11.830891609191895,28.125,28.936920166015625,28.190853118896484,
2.718,14,9.959814071655273,11.830891609191895,28.125,28.936920166015625,28.190853118896484,
2.728,16.25,11.143105506896973,12.971823692321777,26.6875,28.36471176147461,27.633066177368164,
2.738,17.3125,12.242653846740723,14.032087326049805,25.875,27.54993438720703,26.894126892089844,
2.748,18.3125,14.411920547485352,16.058246612548828,24.9375,25.847148895263672,25.286209106445312,
2.758,19.25,15.391462326049805,16.998836517333984,24,25.029258728027344,24.4750919342041,
2.768,19.25,15.391462326049805,16.998836517333984,24,25.029258728027344,24.4750919342041,
2.778,21.125,16.39700698852539,17.92095184326172,21.9375,24.09755516052246,23.582523345947266,
2.788,22,17.30369758605957,18.77687644958496,20.875,23.12795639038086,22.649232864379883,
2.798,22.8125,19.146825790405273,20.45104217529297,19.75,20.988008499145508,20.6124267578125,
2.808,23.6875,20.102764129638672,21.28638458251953,18.5625,19.948055267333984,19.597179412841797,
2.818,23.6875,20.102764129638672,21.28638458251953,18.5625,19.948055267333984,19.597179412841797,
2.828,25.1875,21.081403732299805,22.107236862182617,16.0625,18.77996826171875,18.492992401123047,
2.838,25.9375,22.024169921875,22.88634490966797,14.75,17.465463638305664,17.28326416015625,
2.848,26.625,23.57156753540039,24.24835777282715,13.4375,14.909460067749023,14.870322227478027,
2.858,27.3125,24.340011596679688,24.916522979736328,12.125,13.608088493347168,13.641151428222656,
2.868,27.3125,24.340011596679688,24.916522979736328,12.125,13.608088493347168,13.641151428222656,
2.878,28.8125,25.24578285217285,25.64936065673828,9.5625,12.29084587097168,12.418035507202148,
2.888,29.5,26.020261764526367,26.32317352294922,8.25,11.008204460144043,11.21806812286377,
2.898,30.125,27.61332130432129,27.624094009399414,6.9375,8.399564743041992,8.777397155761719,
2.908,30.625,28.88332748413086,28.448579788208008,5.625,7.176862716674805,7.589252471923828,
2.918,30.625,28.88332748413086,28.448579788208008,5.625,7.176862716674805,7.589252471923828,
2.928,30.9375,29.433502197265625,28.865127563476562,2.875,5.781530857086182,6.259291648864746,
2.938,30.9375,29.688989639282227,29.047334671020508,1.4375,4.31270694732666,4.851719379425049,
2.948,30.875,29.629531860351562,29.024412155151367,0,1.505652904510498,2.1137216091156006,
2.958,30.75,29.53030014038086,28.948026657104492,-1.1875,0.2574652433395386,0.8561652898788452,
2.968,30.75,29.53030014038086,28.948026657104492,-1.1875,0.2574652433395386,0.8561652898788452,
2.978,30.5,29.41329002380371,28.843229293823242,-3.375,-1.0562626123428345,-0.403641015291214,
2.988,30.375,29.40665054321289,28.773849487304688,-4.3125,-2.2125627994537354,-1.5241271257400513,
2.998,30.1875,29.264724731445312,28.547727584838867,-5.25,-4.332751750946045,-3.5278313159942627,
3.008,29.9375,29.18844223022461,28.413280487060547,-6.1875,-4.9649224281311035,-4.251333236694336,
3.018,29.9375,29.18844223022461,28.413280487060547,-6.1875,-4.9649224281311035,-4.251333236694336,
3.028,29.375,29.059078216552734,28.238874435424805,-8.25,-5.742042064666748,-5.051615238189697,
3.038,29,28.99205780029297,28.073278427124023,-9.4375,-6.827575206756592,-6.039926528930664,
3.048,28.5,28.49135971069336,27.475831985473633,-10.6875,-9.205745697021484,-8.181199073791504,
3.058,27.9375,28.10064125061035,27.06122398376465,-12,-10.396319389343262,-9.289281845092773,
3.068,27.9375,28.10064125061035,27.06122398376465,-12,-10.396319389343262,-9.289281845092773,
3.078,26.5625,27.5052433013916,26.519695281982422,-14.5625,-11.937360763549805,-10.6237211227417,
3.088,25.8125,26.726112365722656,25.86273193359375,-15.75,-13.424144744873047,-11.927841186523438,
3.098,25,25.10011100769043,24.437471389770508,-16.9375,-16.565603256225586,-14.569738388061523,
3.108,24.25,24.404924392700195,23.758846282958984,-18,-17.6131591796875,-15.543122291564941,
3.118,24.25,24.404924392700195,23.758846282958984,-18,-17.6131591796875,-15.543122291564941,
3.128,22.5625,23.642187118530273,23.04359245300293,-19.875,-18.678722381591797,-16.4873104095459,
3.138,21.6875,22.734439849853516,22.25756072998047,-20.6875,-19.954246520996094,-17.53168487548828,
3.148,20.6875,20.920244216918945,20.638092041015625,-21.5,-21.99248695373535,-19.234054565429688,
3.158,19.6875,19.73831558227539,19.66939926147461,-22.3125,-22.937965393066406,-20.019596099853516,
3.168,19.6875,19.73831558227539,19.66939926147461,-22.3125,-22.937965393066406,-20.019596099853516,
3.178,17.4375,18.709646224975586,18.735536575317383,-23.8125,-23.765655517578125,-20.729875564575195,
3.188,16.25,17.454992294311523,17.667478561401367,-24.5,-24.86556053161621,-21.591346740722656,
3.198,15,14.746729850769043,15.357626914978027,-25.25,-26.600547790527344,-23.04692840576172,
3.208,13.6875,13.366011619567871,14.150375366210938,-25.9375,-27.375818252563477,-23.72568130493164,
3.218,13.6875,13.366011619567871,14.150375366210938,-25.9375,-27.375818252563477,-23.72568130493164,
3.228,11.0625,11.869582176208496,12.876204490661621,-27.0625,-28.260303497314453,-24.4653263092041,
3.238,9.75,10.394609451293945,11.60275936126709,-27.5,-29.102100372314453,-25.161884307861328,
3.248,8.4375,7.313357830047607,8.997387886047363,-27.8125,-30.080886840820312,-26.06000518798828,
3.258,7.125,5.700497627258301,7.672510147094727,-28.0625,-30.3370361328125,-26.342945098876953,
3.268,7.125,4.328747749328613,6.470425128936768,-28.0625,-30.530242919921875,-26.58145523071289,
3.278,5.9375,4.328747749328613,6.470425128936768,-28.3125,-30.530242919921875,-26.58145523071289,
3.288,3.625,2.9878346920013428,5.301469802856445,-28.625,-30.853513717651367,-26.890104293823242,
3.298,2.5,0.29458895325660706,3.0193583965301514,-28.75,-31.22020721435547,-27.308866500854492,
3.308,1.4375,-0.9490358233451843,1.9471356868743896,-28.75,-31.11764907836914,-27.331987380981445,
3.318,1.4375,-2.1667163372039795,0.8968313336372375,-28.75,-30.927101135253906,-27.289905548095703,
3.328,0.375,-2.1667163372039795,0.8968313336372375,-28.6875,-30.927101135253906,-27.289905548095703,
3.338,-1.5,-3.4286575317382812,-0.16366320848464966,-28.625,-30.825925827026367,-27.29176139831543,
3.348,-2.4375,-5.761166095733643,-2.159517765045166,-28.5625,-30.60312843322754,-27.28302764892578,
3.358,-3.25,-6.6172590255737305,-2.9943675994873047,-28.5,-30.34703254699707,-27.191701889038086,
3.368,-4.0625,-7.718479633331299,-3.9091944694519043,-28.375,-30.090166091918945,-27.095237731933594,
3.378,-4.0625,-7.718479633331299,-3.9091944694519043,-28.375,-30.090166091918945,-27.095237731933594,
3.388,-5.4375,-8.485727310180664,-4.646763801574707,-28.0625,-29.872669219970703,-27.01512908935547,
3.398,-6.0625,-10.048147201538086,-6.0588531494140625,-27.9375,-29.29194450378418,-26.74901580810547,
3.408,-6.75,-10.524192810058594,-6.6276702880859375,-27.75,-28.947620391845703,-26.579219818115234,
3.418,-7.5,-11.04075813293457,-7.2329816818237305,-27.5625,-28.61178970336914,-26.40989112854004,
3.428,-7.5,-11.04075813293457,-7.2329816818237305,-27.5625,-28.61178970336914,-26.40989112854004,
3.438,-9.1875,-11.719975471496582,-7.939836502075195,-27.1875,-28.294723510742188,-26.250383377075195,
3.448,-10.125,-13.359456062316895,-9.56482219696045,-26.9375,-27.646482467651367,-25.91988754272461,
3.458,-11.0625,-14.327580451965332,-10.475197792053223,-26.6875,-27.2780704498291,-25.715087890625,
3.468,-12,-15.434545516967773,-11.45509147644043,-26.25,-26.80581283569336,-25.42722511291504,
3.478,-12,-15.434545516967773,-11.45509147644043,-26.25,-26.80581283569336,-25.42722511291504,
3.488,-12.875,-16.356760025024414,-12.355435371398926,-25.8125,-26.220661163330078,-25.042722702026367,
3.498,-14.6875,-18.027912139892578,-14.08656120300293,-24.625,-24.721437454223633,-23.99646759033203,
3.508,-15.625,-18.986169815063477,-15.024271011352539,-24,-23.892608642578125,-23.39012908935547,
3.518,-16.625,-19.76534080505371,-15.9079008102417,-23.3125,-23.1340389251709,-22.80466651916504,
3.528,-16.625,-19.76534080505371,-15.9079008102417,-23.3125,-23.1340389251709,-22.80466651916504,
3.538,-17.625,-20.81391716003418,-16.938140869140625,-22.625,-22.266315460205078,-22.13165283203125,
3.548,-19.5625,-22.824655532836914,-18.991514205932617,-21.125,-20.530221939086914,-20.707483291625977,
3.558,-20.4375,-23.70904541015625,-19.930038452148438,-20.3125,-19.72254753112793,-19.991374969482422,
3.568,-21.1875,-24.359426498413086,-20.723529815673828,-19.4375,-18.981204986572266,-19.294626235961914,
3.578,-21.1875,-24.359426498413086,-20.723529815673828,-19.4375,-18.981204986572266,-19.294626235961914,
3.588,-21.875,-25.01103401184082,-21.916458129882812,-18.5625,-17.006507873535156,-17.582582473754883,
3.598,-23.3125,-25.42909049987793,-22.530202865600586,-16.6875,-15.899527549743652,-16.634368896484375,
3.608,-24,-26.141633987426758,-23.27515411376953,-15.625,-14.849268913269043,-15.694406509399414,
3.618,-24.6875,-26.89593505859375,-24.036663055419922,-14.625,-13.839377403259277,-14.749679565429688,
3.628,-24.6875,-27.46858024597168,-24.70734214782715,-14.625,-12.786630630493164,-13.747629165649414,
3.638,-25.3125,-27.898576736450195,-25.29412078857422,-13.5625,-11.731738090515137,-12.716840744018555,
3.648,-26.375,-28.24798011779785,-25.818212509155273,-11.3125,-10.676684379577637,-11.662631034851074,
3.658,-26.8125,-28.604278564453125,-26.317638397216797,-10.125,-9.58191204071045,-10.55742073059082,
3.668,-27.25,-28.894588470458984,-26.764604568481445,-8.8125,-8.446054458618164,-9.395516395568848,
3.678,-27.6875,-29.092187881469727,-27.152708053588867,-7.5,-7.3713250160217285,-8.237595558166504,
3.688,-28.0625,-29.32674789428711,-27.540348052978516,-6.125,-6.115301609039307,-6.9380106925964355,
3.698,-28.375,-29.68150520324707,-27.962080001831055,-4.625,-4.671437740325928,-5.489889144897461,
3.708,-28.6875,-29.940706253051758,-28.314651489257812,-3.1875,-3.42217755317688,-4.122289657592773,
3.718,-28.9375,-30.1778621673584,-28.62601089477539,-1.625,-1.9584962129592896,-2.600480794906616,
3.728,-29.0625,-30.217172622680664,-28.81239128112793,-0.0625,-0.7878884673118591,-1.2269165515899658,
3.738,-29.125,-30.24245262145996,-28.945941925048828,1.4375,0.6802749633789062,0.34453877806663513,
3.748,-29.125,-30.25350570678711,-29.02729034423828,3,1.9864014387130737,1.837719202041626,
3.758,-29,-30.19407081604004,-29.03310203552246,4.625,3.3909943103790283,3.4143638610839844,
3.768,-28.875,-30.070648193359375,-28.961545944213867,6.25,4.921187400817871,5.082866191864014,
3.778,-28.5625,-29.873252868652344,-28.798847198486328,7.8125,6.125825881958008,6.567659854888916,
3.788,-28.1875,-29.524513244628906,-28.51005744934082,9.375,7.5854973793029785,8.188419342041016,
3.798,-27.75,-29.188024520874023,-28.181142807006836,10.875,8.732429504394531,9.610090255737305,
3.808,-27.3125,-28.665449142456055,-27.739002227783203,12.3125,9.981500625610352,11.065092086791992,
3.818,-26.8125,-28.23459815979004,-27.305185317993164,13.6875,11.080732345581055,12.407331466674805,
3.828,-26.25,-27.73636245727539,-26.809633255004883,15.0625,12.262939453125,13.770936965942383,
3.838,-25.625,-27.31850814819336,-26.31519889831543,16.25,13.508230209350586,15.138040542602539,
3.848,-25,-26.875268936157227,-25.78045082092285,17.3125,14.523640632629395,16.33027458190918,
3.858,-24.3125,-26.17980194091797,-25.108503341674805,18.375,15.506767272949219,17.456071853637695,
3.868,-23.6875,-25.549264907836914,-24.446266174316406,19.25,16.185840606689453,18.358631134033203,
3.878,-23,-24.99555778503418,-23.808427810668945,20.0625,16.871442794799805,19.221271514892578,
3.888,-22.3125,-24.46709632873535,-23.170909881591797,20.8125,17.541400909423828,20.039470672607422,
3.898,-21.5625,-24.007776260375977,-22.554340362548828,21.5625,18.154861450195312,20.795764923095703,
3.908,-20.8125,-23.485746383666992,-21.897497177124023,22.375,18.692529678344727,21.487478256225586,
3.918,-20.0625,-22.860321044921875,-21.177783966064453,23.125,19.283449172973633,22.198801040649414,
3.928,-19.25,-22.15943145751953,-20.40717124938965,23.8125,19.91771125793457,22.919483184814453,
3.938,-18.4375,-21.410001754760742,-19.60455322265625,24.5,20.565532684326172,23.625797271728516,
3.948,-17.625,-20.680835723876953,-18.811742782592773,25.125,21.184968948364258,24.2860050201416,
3.958,-16.8125,-20.092605590820312,-18.086231231689453,25.75,21.686288833618164,24.849950790405273,
3.968,-16,-19.548948287963867,-17.3757266998291,26.3125,22.26761245727539,25.440235137939453,
3.978,-15.0625,-19.021520614624023,-16.647308349609375,26.875,22.807371139526367,25.99063491821289,
3.988,-14.0625,-18.237516403198242,-15.76591682434082,27.4375,23.412660598754883,26.564937591552734,
3.998,-13,-17.396223068237305,-14.818894386291504,28,23.954395294189453,27.089080810546875,
4.008,-11.875,-16.42523193359375,-13.78872013092041,28.5625,24.511445999145508,27.612804412841797,
4.018,-11.875,-15.356059074401855,-12.703768730163574,29.0625,25.118732452392578,28.147682189941406,
4.028,-9.5625,-14.257411003112793,-11.599753379821777,29.5,25.738859176635742,28.65813446044922,
4.038,-8.3125,-13.1292085647583,-10.476924896240234,29.8125,26.268718719482422,29.082645416259766,
4.048,-7.1875,-12.027400970458984,-9.365378379821777,30.125,26.666486740112305,29.4023380279541,
4.058,-6,-10.916509628295898,-8.25350570678711,30.375,26.967994689941406,29.64137077331543,
4.068,-4.8125,-9.782218933105469,-7.131527900695801,30.625,27.365497589111328,29.922740936279297,
4.078,-4.8125,-8.636402130126953,-5.9978461265563965,30.875,27.81121063232422,30.222246170043945,
4.088,-2.3125,-7.4019646644592285,-4.812891006469727,31.0625,28.262691497802734,30.5114803314209,
4.098,-1,-6.01174783706665,-3.544717311859131,31.1875,28.59443473815918,30.712915420532227,
4.108,0.25,-4.730469703674316,-2.315032482147217,31.25,28.793231964111328,30.816776275634766,
4.118,0.25,-3.421205759048462,-1.0707588195800781,31.25,28.962289810180664,30.882526397705078,
4.128,2.8125,-2.1077663898468018,0.17291943728923798,31.25,29.1201171875,30.920705795288086,
4.138,2.8125,-0.794211745262146,1.4091229438781738,31.25,29.225404739379883,30.908370971679688,
4.148,4.0625,0.5388757586479187,2.6465682983398438,31,29.25182342529297,30.830724716186523,
4.158,6.625,1.6942782402038574,3.8004062175750732,30.75,29.159950256347656,30.664295196533203,
4.168,6.625,3.1473946571350098,5.0779805183410645,30.75,29.04384422302246,30.466123580932617,
4.178,7.875,4.569118976593018,6.335968971252441,30.1875,28.884971618652344,30.225149154663086,
4.188,9.125,5.863137722015381,7.522829532623291,29.8125,28.64487075805664,29.916488647460938,
4.198,10.3125,7.249459743499756,8.731795310974121,29.375,28.32891273498535,29.547569274902344,
4.208,12.625,8.610445022583008,9.905891418457031,29,27.990121841430664,29.155391693115234,
4.218,12.625,9.87915325164795,11.003203392028809,29,27.61850357055664,28.738876342773438,
4.228,13.6875,11.1119384765625,12.04671859741211,28.5625,27.293140411376953,28.350082397460938,
4.238,14.6875,12.231476783752441,13.001204490661621,28.1875,27.0510311126709,28.01165771484375,
4.248,15.5625,13.3318510055542,13.908872604370117,27.75,26.738481521606445,27.632831573486328,
4.258,16.375,14.259417533874512,14.700501441955566,27.375,26.41573143005371,27.24603843688965,
4.268,17.125,15.120965003967285,15.418856620788574,26.9375,26.023151397705078,26.818866729736328,
4.278,17.8125,15.920185089111328,16.071165084838867,26.5,25.654329299926758,26.412179946899414,
4.288,18.4375,16.72032928466797,16.69083023071289,26,25.276918411254883,26.00694465637207,
4.298,19.0625,17.586803436279297,17.311124801635742,25.5625,24.906660079956055,25.614032745361328,
4.308,20.1875,18.406352996826172,17.888992309570312,24.6875,24.488773345947266,25.203296661376953,
4.318,20.1875,19.115549087524414,18.39754295349121,24.6875,24.029747009277344,24.77694320678711,
4.328,20.6875,19.842601776123047,18.89300537109375,24.1875,23.493715286254883,24.30838394165039,
4.338,21.125,20.56148910522461,19.3686580657959,23.75,22.93744468688965,23.8309383392334,
4.348,21.625,20.56148910522461,19.3686580657959,23.25,22.403284072875977,23.8309383392334,
4.358,22,21.94669532775879,20.26947021484375,22.75,21.852460861206055,22.89118766784668,
4.368,22.4375,22.54521369934082,20.666162490844727,22.3125,21.282291412353516,22.400062561035156,
4.378,22.8125,23.146421432495117,21.058149337768555,21.8125,20.722488403320312,21.91283416748047,
4.388,23.125,23.668182373046875,21.40802764892578,21.3125,20.12710952758789,21.403745651245117,
4.398,23.5,23.668182373046875,21.40802764892578,20.8125,20.12710952758789,21.403745651245117,
4.408,23.8125,24.622928619384766,22.034748077392578,20.3125,19.13452911376953,20.516443252563477,
4.418,24.0625,25.05179214477539,22.30011558532715,19.875,18.6269474029541,20.08177947998047,
4.428,24.3125,25.05179214477539,22.30011558532715,19.4375,18.6269474029541,20.08177947998047,
4.438,24.5,25.466100692749023,22.539535522460938,19,18.071151733398438,19.630800247192383,
4.448,24.6875,25.869443893432617,22.758344650268555,18.5,17.54163932800293,19.205196380615234,
4.458,24.8125,26.647113800048828,23.156949996948242,18.0625,16.410423278808594,18.312780380249023,
4.468,24.9375,26.999422073364258,23.33448600769043,17.5,15.837730407714844,17.860668182373047,
4.478,25.0625,26.999422073364258,23.33448600769043,17,15.837730407714844,17.860668182373047,
4.488,25.125,27.314701080322266,23.472862243652344,16.4375,15.209046363830566,17.369855880737305,
4.498,25.125,27.56022071838379,23.554933547973633,15.8125,14.552221298217773,16.84623146057129,
4.508,25.0625,27.7963924407959,23.557029724121094,15.125,13.179643630981445,15.6963472366333,
4.518,25.0625,27.84817886352539,23.518314361572266,15.125,12.387722969055176,15.030511856079102,
4.528,24.9375,27.84817886352539,23.518314361572266,14.375,12.387722969055176,15.030511856079102,
4.538,24.6875,27.716686248779297,23.388593673706055,12.6875,11.53565788269043,14.30169677734375,
4.548,24.625,27.810928344726562,23.365894317626953,11.8125,10.64711856842041,13.522851943969727,
4.558,24.5625,27.529733657836914,23.15130043029785,10.875,8.52694034576416,11.716172218322754,
4.568,24.5625,27.59665298461914,23.15813636779785,9.9375,7.489091873168945,10.814874649047852,
4.578,24.5625,27.59665298461914,23.15813636779785,9.9375,7.489091873168945,10.814874649047852,
4.588,24.5625,27.673994064331055,23.18815803527832,8.125,6.4100446701049805,9.870570182800293,
4.598,24.5,27.779769897460938,23.224275588989258,7.25,5.444099426269531,8.98585319519043,
4.608,24.3125,27.655202865600586,23.090038299560547,6.375,3.604599952697754,7.252607345581055,
4.618,24.3125,27.477537155151367,22.946975708007812,6.375,2.7891831398010254,6.436379909515381,
4.628,24.125,27.477537155151367,22.946975708007812,5.5,2.7891831398010254,6.436379909515381,
4.638,23.375,27.087562561035156,22.66817855834961,3.625,1.9500055313110352,5.584493637084961,
4.648,23,26.574556350708008,22.298316955566406,2.625,1.0194096565246582,4.649887561798096,
4.658,22.625,25.50642204284668,21.515487670898438,1.5625,-0.948682427406311,2.662264823913574,
4.668,22.625,25.01422882080078,21.147668838500977,1.5625,-2.02948260307312,1.5973684787750244,
4.678,22.25,25.01422882080078,21.147668838500977,0.4375,-2.02948260307312,1.5973684787750244,
4.688,21.625,24.63677406311035,20.849050521850586,-1.6875,-3.1151654720306396,0.5197083950042725,
4.698,21.375,24.34052085876465,20.599035263061523,-2.6875,-4.174204349517822,-0.536032497882843,
4.708,21,23.697080612182617,20.057926177978516,-3.6875,-6.161048412322998,-2.5175716876983643,
4.718,21,23.32870864868164,19.749889373779297,-3.6875,-7.042248725891113,-3.4221415519714355,
4.728,20.625,23.32870864868164,19.749889373779297,-4.5625,-7.042248725891113,-3.4221415519714355,
4.738,19.625,22.82003402709961,19.342872619628906,-6.375,-7.8749542236328125,-4.288691520690918,
4.748,19.0625,22.165836334228516,18.83611488342285,-7.375,-8.728780746459961,-5.172946453094482,
4.758,18.5,20.826650619506836,17.755882263183594,-8.375,-10.494845390319824,-7.026526927947998,
4.768,18.5,20.091033935546875,17.172805786132812,-8.375,-11.499227523803711,-8.043035507202148,
4.778,17.875,20.091033935546875,17.172805786132812,-9.5,-11.499227523803711,-8.043035507202148,
4.788,16.6875,19.33744239807129,16.574962615966797,-11.8125,-12.626167297363281,-9.157907485961914,
4.798,16.125,18.63414192199707,16.001399993896484,-13.125,-13.827290534973145,-10.354050636291504,
4.808,15.5625,17.399810791015625,14.934678077697754,-14.3125,-16.34546661376953,-12.853657722473145,
4.818,15.5625,16.807117462158203,14.408416748046875,-14.3125,-17.53372573852539,-14.053474426269531,
4.828,15,16.807117462158203,14.408416748046875,-15.5,-17.53372573852539,-14.053474426269531,
4.838,13.75,16.196088790893555,13.868656158447266,-17.625,-18.61672019958496,-15.154441833496094,
4.848,13.125,15.48492431640625,13.270547866821289,-18.625,-19.49322509765625,-16.097333908081055,
4.858,12.4375,14.171772003173828,12.076977729797363,-19.5625,-21.292821884155273,-17.96529769897461,
4.868,12.4375,13.281561851501465,11.338703155517578,-19.5625,-22.2812557220459,-18.953943252563477,
4.878,11.625,13.281561851501465,11.338703155517578,-20.625,-22.2812557220459,-18.953943252563477,
4.888,9.9375,12.28713607788086,10.51193904876709,-22.8125,-23.23247528076172,-19.940135955810547,
4.898,9,11.207830429077148,9.612604141235352,-23.9375,-24.29033851623535,-21.006807327270508,
4.908,8,9.023449897766113,7.708408355712891,-24.9375,-26.692331314086914,-23.305923461914062,
4.918,8,7.792048454284668,6.670322895050049,-24.9375,-27.78578758239746,-24.380693435668945,
4.928,7,7.792048454284668,6.670322895050049,-25.9375,-27.78578758239746,-24.380693435668945,
4.938,4.9375,6.6601457595825195,5.660788059234619,-27.75,-28.625553131103516,-25.284526824951172,
4.948,3.9375,5.5444817543029785,4.653666019439697,-27.9375,-28.773836135864258,-25.730892181396484,
4.958,2.9375,3.4950804710388184,2.7313084602355957,-27.9375,-29.178936004638672,-26.311847686767578,
4.968,2.9375,2.240966796875,1.6590317487716675,-27.9375,-29.156909942626953,-26.398725509643555,
4.978,1.8125,2.240966796875,1.6590317487716675,-27.875,-29.156909942626953,-26.398725509643555,
4.988,-0.4375,1.160464882850647,0.6196838021278381,-27.75,-28.634098052978516,-26.162769317626953,
4.998,-1.625,0.11187818646430969,-0.4293617606163025,-27.6875,-27.928070068359375,-25.81717300415039,
5.008,-2.75,-2.328136920928955,-2.712886095046997,-27.5625,-28.23488998413086,-26.137523651123047,
5.018,-2.75,-3.584059715270996,-3.8484222888946533,-27.5625,-28.37001609802246,-26.275556564331055,
5.028,-3.8125,-3.584059715270996,-3.8484222888946533,-27.375,-28.37001609802246,-26.275556564331055,
5.038,-5.625,-4.758598327636719,-4.905843257904053,-26.875,-27.78444480895996,-25.961597442626953,
5.048,-6.4375,-5.833321571350098,-5.876579284667969,-26.5625,-27.061416625976562,-25.54544448852539,
5.058,-7.1875,-7.133131980895996,-7.3603692054748535,-26.3125,-26.26544189453125,-25.046035766601562,
5.068,-7.1875,-7.61851167678833,-8.010980606079102,-26.3125,-26.09389305114746,-24.912612915039062,
5.078,-7.9375,-7.61851167678833,-8.010980606079102,-25.9375,-26.09389305114746,-24.912612915039062,
5.088,-9.3125,-8.334436416625977,-8.751191139221191,-24.875,-25.654693603515625,-24.608123779296875,
5.098,-9.9375,-9.023187637329102,-9.460835456848145,-24,-24.93170738220215,-24.09710693359375,
5.108,-10.4375,-10.339454650878906,-10.754590034484863,-22.875,-23.32969856262207,-22.77768898010254,
5.118,-10.4375,-10.673358917236328,-10.754590034484863,-22.875,-22.141149520874023,-21.76287078857422,
5.128,-10.875,-10.673358917236328,-11.214288711547852,-21.5625,-22.141149520874023,-21.76287078857422,
5.138,-11.375,-11.097026824951172,-11.675942420959473,-18.4375,-20.60732078552246,-20.464527130126953,
5.148,-11.5,-11.430246353149414,-12.041733741760254,-16.625,-18.79209327697754,-18.920909881591797,
5.158,-11.375,-11.339954376220703,-12.291536331176758,-14.75,-15.355381965637207,-15.742036819458008,
5.168,-11.375,-11.339954376220703,-12.291536331176758,-14.75,-13.604652404785156,-15.742036819458008,
5.178,-11.1875,-11.130115509033203,-12.244184494018555,-12.6875,-13.604652404785156,-14.041925430297852,
5.188,-10.375,-10.553116798400879,-11.960855484008789,-8.375,-11.548672676086426,-12.116482734680176,
5.198,-9.875,-10.268074035644531,-11.732063293457031,-6.125,-9.423715591430664,-10.117600440979004,
5.208,-9.3125,-9.14749813079834,-10.888001441955566,-3.8125,-4.9856414794921875,-5.947880268096924,
5.218,-9.3125,-9.14749813079834,-10.888001441955566,-3.8125,-2.8774590492248535,-5.947880268096924,
5.228,-8.6875,-8.607608795166016,-10.422761917114258,-1.5625,-2.8774590492248535,-3.898115873336792,
5.238,-7.5,-8.083632469177246,-9.940250396728516,2.9375,-0.683945894241333,-1.790590763092041,
5.248,-6.9375,-7.401073932647705,-9.372475624084473,5.25,1.7415542602539062,0.4581764340400696,
5.258,-6.3125,-6.782015323638916,-8.81512451171875,7.5,3.9993045330047607,2.609360456466675,
5.268,-6.3125,-6.250065803527832,-8.281451225280762,7.5,6.17737340927124,4.705085754394531,
5.278,-5.75,-5.731933116912842,-7.739072799682617,9.75,8.49397087097168,6.871415615081787,
5.288,-4.375,-5.300777435302734,-7.2112956047058105,14.0625,10.747889518737793,8.986488342285156,
5.298,-3.6875,-4.826728343963623,-6.6363725662231445,16.1875,13.046550750732422,11.109858512878418,
5.308,-2.9375,-4.2814717292785645,-6.003662109375,18.25,17.47220802307129,13.185081481933594,
5.318,-2.9375,-3.748044729232788,-5.34954309463501,18.25,19.629989624023438,15.195724487304688,
5.328,-2.125,-3.1048455238342285,-4.623767852783203,20.25,19.629989624023438,17.173568725585938,
5.338,-0.5625,-2.3953299522399902,-3.857311487197876,23.8125,21.865413665771484,19.16503143310547,
5.348,0.1875,-1.6119003295898438,-3.0560128688812256,25.375,23.96035385131836,21.034069061279297,
5.358,0.875,-0.8887318968772888,-2.287215232849121,26.75,25.82529640197754,22.72016716003418,
5.368,0.875,-0.27095267176628113,-1.5788906812667847,26.75,27.514652252197266,24.24997901916504,
5.378,1.5625,0.41685009002685547,-0.8601576685905457,27.9375,28.89415168762207,25.540027618408203,
5.388,2.1875,1.0935983657836914,-0.17221896350383759,28.75,30.545042037963867,26.922515869140625,
5.398,3.3125,1.760888695716858,0.48206329345703125,29.5625,31.826169967651367,27.994375228881836,
5.408,3.6875,2.296733856201172,1.045393705368042,29.5,32.51520538330078,28.616230010986328,
5.418,3.6875,2.6680099964141846,1.490175485610962,29.5,32.636436462402344,28.809633255004883,
5.428,4.0625,2.9215524196624756,1.8322266340255737,29.4375,32.3762321472168,28.69656753540039,
5.438,4.625,3.2087881565093994,2.1417076587677,29.375,32.101036071777344,28.537357330322266,
5.448,4.875,3.5706734657287598,2.4464499950408936,29.5625,31.976524353027344,28.464677810668945,
5.458,5.125,3.9996156692504883,2.7519960403442383,29.875,32.00379180908203,28.503158569335938,
5.468,5.125,4.192355155944824,2.920545816421509,29.875,32.23214340209961,28.700069427490234,
5.478,5.3125,4.523874759674072,3.1253232955932617,30.25,32.474082946777344,28.95054054260254,
5.488,5.4375,4.950796127319336,3.353975296020508,30.625,32.65412521362305,29.188325881958008,
5.498,5.375,5.3525261878967285,3.5370025634765625,31.125,33.39509201049805,29.767961502075195,
5.508,5.1875,5.504213333129883,3.5616540908813477,31.0625,33.845855712890625,30.165355682373047,
5.518,5.1875,5.672637462615967,3.5496156215667725,31.0625,34.038387298583984,30.359867095947266,
5.528,4.9375,5.601925849914551,3.385857105255127,30.9375,33.9905891418457,30.36058807373047,
5.538,4.625,5.4046311378479,3.1204657554626465,30.5625,33.591835021972656,30.10189437866211,
5.548,3.9375,5.093025207519531,2.7638039588928223,29.5,33.08683395385742,29.723602294921875,
5.558,3.9375,4.943081855773926,2.457094192504883,29.5,32.689979553222656,29.364864349365234,
5.568,3.6875,4.882392406463623,2.1911771297454834,28.75,31.961654663085938,28.779067993164062,
5.578,3.4375,4.7255353927612305,1.900866985321045,28.0625,31.0893497467041,28.06989860534668,
5.588,3.25,4.7923359870910645,1.7364708185195923,27.3125,30.501136779785156,27.509374618530273,
5.598,3.125,4.87207555770874,1.6016178131103516,26.625,29.607593536376953,26.767066955566406,
5.608,2.9375,4.88371467590332,1.4520001411437988,25.9375,28.919431686401367,26.14139175415039,
5.618,2.75,4.903008460998535,1.3188164234161377,25.1875,28.207490921020508,25.499692916870117,
5.628,2.5,4.854712963104248,1.1652395725250244,24.4375,27.420242309570312,24.80788803100586,
5.638,2.25,4.662811279296875,0.9481499791145325,23.625,26.576711654663086,24.07341766357422,
5.648,1.9375,4.442664623260498,0.7164790630340576,22.8125,25.708621978759766,23.3031005859375,
5.658,1.625,4.08711576461792,0.42258697748184204,21.875,24.811744689941406,22.500499725341797,
5.668,1.1875,3.6503710746765137,0.08519323170185089,21,23.901866912841797,21.67717170715332,
5.678,0.8125,3.169430732727051,-0.2769412100315094,20,22.80575942993164,20.730632781982422,
5.688,0.4375,2.6894733905792236,-0.6459256410598755,19.0625,21.799190521240234,19.825042724609375,
5.698,0,2.1840171813964844,-1.0367660522460938,18.0625,20.7722225189209,18.903879165649414,
5.708,-0.375,1.7147964239120483,-1.4172497987747192,17.125,19.678850173950195,17.938222885131836,
5.718,-0.8125,1.2482534646987915,-1.801000952720642,16.1875,18.611282348632812,16.988025665283203,
5.728,-1.25,0.7001388669013977,-2.2286429405212402,15.375,17.60501480102539,16.085220336914062,
5.738,-1.6875,0.1754584163427353,-2.6526706218719482,14.625,16.693851470947266,15.258115768432617,
5.748,-2.125,-0.3264758586883545,-3.073241710662842,13.9375,15.911097526550293,14.52874755859375,
5.758,-2.5625,-0.8593431711196899,-3.5117385387420654,13.3125,15.23901081085205,13.887202262878418,
5.768,-3.0625,-1.3787733316421509,-3.94203519821167,12.75,14.647756576538086,13.31312084197998,
5.778,-3.5,-1.887507677078247,-4.3643107414245605,12.125,14.08065414428711,12.76319694519043,
5.788,-3.9375,-2.411224126815796,-4.791407585144043,11.5,13.51505184173584,12.213528633117676,
5.798,-4.375,-2.8883018493652344,-5.198370456695557,10.8125,12.89278507232666,11.621261596679688,
5.808,-4.8125,-3.410682201385498,-5.630128383636475,10.0625,12.185444831848145,10.962714195251465,
5.818,-5.3125,-3.9557909965515137,-6.076601028442383,9.25,11.430867195129395,10.256942749023438,
5.828,-5.75,-4.542407512664795,-6.543574810028076,8.4375,10.589323043823242,9.484737396240234,
5.838,-6.25,-5.133230209350586,-7.013883113861084,7.5625,9.69680118560791,8.671761512756348,
5.848,-6.6875,-5.7066802978515625,-7.475151062011719,6.6875,8.79279899597168,7.844431400299072,
5.858,-7.125,-6.2768449783325195,-7.930944919586182,5.875,7.904983997344971,7.0249433517456055,
5.868,-7.625,-6.827610969543457,-8.374086380004883,5.0625,7.043092727661133,6.22373628616333,
5.878,-8.0625,-7.344954967498779,-8.800069808959961,4.25,6.187450408935547,5.42868185043335,
5.888,-8.4375,-7.831153392791748,-9.211381912231445,3.5,5.358107566833496,4.6506805419921875,
5.898,-8.875,-8.327173233032227,-9.62783432006836,2.6875,4.577223300933838,3.903254270553589,
5.908,-9.3125,-8.828015327453613,-10.047203063964844,1.9375,3.8186402320861816,3.1696510314941406,
5.918,-9.75,-9.326839447021484,-10.464424133300781,1.125,3.080138921737671,2.4451112747192383,
5.928,-10.1875,-9.821357727050781,-10.878007888793945,0.3125,2.335536479949951,1.712680697441101,
5.938,-10.5625,-10.30377197265625,-11.284587860107422,-0.4375,1.5524516105651855,0.9497474431991577,
5.948,-11,-10.786724090576172,-11.690522193908691,-1.375,0.7302590012550354,0.15147437155246735,
5.958,-11.4375,-11.272147178649902,-12.097565650939941,-2.3125,-0.18025262653827667,-0.7141472697257996,
5.968,-11.8125,-11.7548828125,-12.50328254699707,-3.3125,-1.1206852197647095,-1.612438678741455,
5.978,-12.25,-12.24463939666748,-12.91230583190918,-4.3125,-2.1001715660095215,-2.547966718673706,
5.988,-12.6875,-12.767132759094238,-13.33569049835205,-5.3125,-3.135725259780884,-3.5286357402801514,
5.998,-13.0625,-13.253392219543457,-13.740058898925781,-6.375,-4.191601276397705,-4.5313801765441895,
6.008,-13.4375,-13.727641105651855,-14.132882118225098,-7.4375,-5.239378929138184,-5.537332534790039,
6.018,-13.8125,-14.212102890014648,-14.523430824279785,-8.4375,-6.3038411140441895,-6.557650089263916,
6.028,-14.125,-14.657379150390625,-14.886488914489746,-9.5,-7.339639186859131,-7.562401294708252,
6.038,-14.4375,-15.066216468811035,-15.219602584838867,-10.5,-8.355660438537598,-8.55471420288086,
6.048,-14.6875,-15.46533489227295,-15.533963203430176,-11.5625,-9.359481811523438,-9.537529945373535,
6.058,-14.9375,-15.843088150024414,-15.82377815246582,-12.5625,-10.34212589263916,-10.50457763671875,
6.068,-15.125,-16.178115844726562,-16.07903480529785,-13.5625,-11.306523323059082,-11.455743789672852,
6.078,-15.3125,-16.484338760375977,-16.307632446289062,-14.5,-12.26666259765625,-12.399301528930664,
6.088,-15.4375,-16.77351951599121,-16.515459060668945,-15.5,-13.248333930969238,-13.350099563598633,
6.098,-15.5625,-17.013317108154297,-16.687572479248047,-16.5,-14.230408668518066,-14.293601989746094,
6.108,-15.625,-17.19527244567871,-16.8184871673584,-17.5,-15.20684814453125,-15.225600242614746,
6.118,-15.625,-17.339149475097656,-16.913471221923828,-18.4375,-16.285547256469727,-16.20998191833496,
6.128,-15.5,-17.339309692382812,-16.910961151123047,-19.25,-17.290637969970703,-17.135005950927734,
6.138,-15.3125,-17.28142547607422,-16.840917587280273,-20.0625,-18.271678924560547,-18.016557693481445,
6.148,-15,-17.175296783447266,-16.707719802856445,-20.75,-19.10513687133789,-18.780048370361328,
6.158,-14.5625,-16.763776779174805,-16.388517379760742,-21.3125,-19.758773803710938,-19.396747589111328,
6.168,-14,-16.308696746826172,-15.99427604675293,-21.8125,-20.2357234954834,-19.872785568237305,
6.178,-13.375,-15.599064826965332,-15.437088012695312,-22.25,-20.72783851623535,-20.324609756469727,
6.188,-12.625,-14.843145370483398,-14.819269180297852,-22.6875,-21.2609806060791,-20.77834701538086,
6.198,-11.875,-14.050151824951172,-14.152730941772461,-23.0625,-21.702194213867188,-21.16368865966797,
6.208,-11.0625,-13.08350944519043,-13.38708209991455,-23.4375,-22.117212295532227,-21.526790618896484,
6.218,-10.3125,-12.11194896697998,-12.609155654907227,-23.8125,-22.607019424438477,-21.93079376220703,
6.228,-9.5,-11.160787582397461,-11.835240364074707,-24.1875,-23.079387664794922,-22.32070541381836,
6.238,-8.6875,-10.32226276397705,-11.10667896270752,-24.4375,-23.50245475769043,-22.675891876220703,
6.248,-7.875,-9.360191345214844,-10.31968879699707,-24.75,-23.84614372253418,-22.971982955932617,
6.258,-7,-8.46951961517334,-9.551841735839844,-24.9375,-24.125476837158203,-23.21923065185547,
6.268,-6.125,-7.53920841217041,-8.745512962341309,-25.0625,-24.32927894592285,-23.407489776611328,
6.278,-5.125,-6.570461273193359,-7.892811298370361,-25.125,-24.444854736328125,-23.522085189819336,
6.288,-4.125,-5.511782169342041,-6.96980094909668,-25.0625,-24.5085391998291,-23.582502365112305,
6.298,-3,-4.3717780113220215,-5.9828104972839355,-24.875,-24.42395782470703,-23.528770446777344,
6.308,-1.875,-3.231433868408203,-4.96983528137207,-24.625,-24.187484741210938,-23.355073928833008,
6.318,-0.6875,-2.1250088214874268,-3.9524085521698,-24.3125,-24.004802703857422,-23.184268951416016,
6.328,0.4375,-0.8024635910987854,-2.8228042125701904,-23.9375,-23.65043830871582,-22.891324996948242,
6.338,1.6875,0.46214744448661804,-1.6967250108718872,-23.375,-23.13214111328125,-22.47425651550293,
6.348,3,1.7523292303085327,-0.5420312285423279,-22.75,-22.610275268554688,-22.027116775512695,
6.358,4.3125,3.2070083618164062,0.7045997381210327,-21.9375,-21.940553665161133,-21.457849502563477,
6.368,5.6875,4.507217884063721,1.9021992683410645,-20.9375,-21.01991844177246,-20.692768096923828,
6.378,7.125,5.953235626220703,3.18166446685791,-19.75,-19.858379364013672,-19.729705810546875,
6.388,8.5625,7.489990711212158,4.519608497619629,-18.5,-18.517688751220703,-18.609302520751953,
6.398,10,8.957734107971191,5.845058917999268,-17.0625,-17.03116798400879,-17.36440658569336,
6.408,11.5,10.445230484008789,7.202324390411377,-15.5625,-15.43287181854248,-16.01999855041504,
6.418,13.125,12.067245483398438,8.654091835021973,-14,-13.809782981872559,-14.638405799865723,
6.428,14.8125,13.728877067565918,10.166424751281738,-12.4375,-12.140966415405273,-13.217811584472656,
6.438,16.5625,15.465924263000488,11.753158569335938,-10.875,-10.350725173950195,-11.718652725219727,
6.448,18.3125,17.52745819091797,13.518454551696777,-9.3125,-8.560296058654785,-10.210371017456055,
6.458,20.0625,19.575725555419922,15.298675537109375,-7.6875,-6.793724060058594,-8.708956718444824,
6.468,21.75,21.53067970275879,17.03786849975586,-6.0625,-5.0273332595825195,-7.200128555297852,
6.478,23.375,23.458911895751953,18.750743865966797,-4.5,-3.14607310295105,-5.61112117767334,
6.488,24.875,25.2418155670166,20.370988845825195,-2.9375,-1.300600528717041,-4.030218124389648,
6.498,26.3125,26.79044532775879,21.845226287841797,-1.4375,0.4651385545730591,-2.4935083389282227,
6.508,27.625,28.347885131835938,23.278600692749023,0,2.194528341293335,-0.9908750653266907,
6.518,28.75,29.521011352539062,24.481761932373047,1.1875,3.5518999099731445,0.2657408118247986,
6.528,29.8125,30.62115478515625,25.60497283935547,2.3125,4.747339725494385,1.383702039718628,
6.538,30.875,32.089481353759766,26.874679565429688,3.3125,6.144118785858154,2.5925984382629395,
6.548,31.5625,32.89301300048828,27.770029067993164,4.1875,7.385891437530518,3.6705310344696045,
6.558,32,33.573829650878906,28.48589324951172,4.8125,8.623798370361328,4.6835036277771,
6.568,32.125,33.89589309692383,28.909103393554688,5.3125,9.287154197692871,5.295863151550293,
6.578,32.1875,34.20599365234375,29.24159049987793,5.5625,9.93082332611084,5.841049671173096,
6.588,32.1875,34.24528884887695,29.402301788330078,5.5625,10.324941635131836,6.220053195953369,
6.598,32.0625,34.034629821777344,29.4091739654541,5.75,10.506251335144043,6.438421249389648,
6.608,32.0625,33.61347579956055,29.3080997467041,5.9375,10.682745933532715,6.6318511962890625,
6.618,32.125,33.27424621582031,29.241291046142578,6.125,10.726298332214355,6.784180164337158,
6.628,32.125,33.28445053100586,29.330448150634766,6.125,10.662200927734375,6.880484104156494,
6.638,32.125,33.45976638793945,29.484790802001953,6.375,10.731489181518555,7.085397720336914,
6.648,32.0625,33.67251968383789,29.63349723815918,6.9375,10.834908485412598,7.330240726470947,
6.658,31.9375,33.48691940307617,29.584129333496094,7.25,10.903019905090332,7.563896656036377,
6.668,31.875,33.128910064697266,29.43975067138672,7.5625,11.015701293945312,7.843496322631836,
6.678,31.875,32.75886917114258,29.279218673706055,7.5625,11.102865219116211,8.113612174987793,
6.688,31.75,32.60472106933594,29.202299118041992,7.9375,11.266050338745117,8.455004692077637,
6.698,31.4375,32.49427795410156,29.12505340576172,8.75,11.380145072937012,8.805309295654297,
6.708,31.25,32.35582733154297,29.018936157226562,9.125,11.477216720581055,9.14818286895752,
6.718,31.0625,32.10014724731445,28.844270706176758,9.5,11.531350135803223,9.459617614746094,
6.728,31.0625,32.09151077270508,28.766117095947266,9.5,11.628443717956543,9.790066719055176,
6.738,30.6875,31.791358947753906,28.53832244873047,9.875,11.650992393493652,10.0613431930542,
6.748,29.625,31.315908432006836,28.1552791595459,10.5,11.836109161376953,10.386568069458008,
6.758,28.75,30.621337890625,27.562843322753906,10.6875,11.965065002441406,10.630949020385742,
6.768,27.625,29.655187606811523,26.741384506225586,10.8125,12.162430763244629,10.865951538085938,
6.778,27.625,28.747007369995117,25.87924575805664,10.8125,12.463930130004883,11.138737678527832,
6.788,26.4375,27.64592933654785,24.894264221191406,10.875,12.43627643585205,11.186522483825684,
6.798,23.8125,26.230480194091797,23.719942092895508,11,12.227437973022461,11.093364715576172,
6.808,22.4375,24.571971893310547,22.40157699584961,11,12.365118026733398,11.203211784362793,
6.818,21.125,22.982404708862305,21.099584579467773,11.0625,12.595457077026367,11.368331909179688,
6.828,21.125,21.51729965209961,19.84726905822754,11.0625,12.41599178314209,11.293213844299316,
6.838,19.8125,20.110246658325195,18.612411499023438,11.1875,12.511139869689941,11.396012306213379,
6.848,17.1875,18.778112411499023,17.410627365112305,11.5625,12.522696495056152,11.473047256469727,
6.858,15.875,17.433551788330078,16.204715728759766,11.75,12.66592025756836,11.641729354858398,
6.868,14.5625,16.091352462768555,14.987566947937012,12,12.847558975219727,11.843240737915039,
6.878,14.5625,14.660612106323242,13.720576286315918,12,12.98841381072998,12.020071983337402,
6.888,13.125,13.331989288330078,12.481220245361328,12.1875,13.182638168334961,12.226119041442871,
6.898,10.125,11.874748229980469,11.140653610229492,12.625,13.354896545410156,12.416633605957031,
6.908,8.5625,10.273582458496094,9.698022842407227,12.8125,13.570091247558594,12.628283500671387,
6.918,7,8.566125869750977,8.192617416381836,12.875,13.7259521484375,12.78847885131836,
6.928,7,6.842731475830078,6.672432899475098,12.875,13.87097454071045,12.92470932006836,
6.938,5.4375,5.107473373413086,5.147745132446289,12.9375,13.93867301940918,13.006216049194336,
6.948,2.4375,3.4297897815704346,3.659958839416504,12.9375,13.90723705291748,13.01467227935791,
6.958,1,1.881724238395691,2.246978282928467,12.875,13.854281425476074,12.990860939025879,
6.968,-0.3125,0.3844811022281647,0.8726182579994202,12.875,13.77318286895752,12.94244384765625,
6.978,-0.3125,-1.0863922834396362,-0.48120996356010437,12.875,13.726044654846191,12.90952205657959,
6.988,-1.6875,-2.53715443611145,-1.8174359798431396,12.8125,13.722131729125977,12.897283554077148,
6.998,-4.3125,-3.928211212158203,-3.1151621341705322,12.6875,13.710906982421875,12.873373985290527,
7.008,-5.6875,-5.293923377990723,-4.397979736328125,12.625,13.649203300476074,12.8120698928833,
7.018,-7,-6.61189603805542,-5.659358501434326,12.5,13.518755912780762,12.702178001403809,
7.028,-7,-7.938070774078369,-6.92556095123291,12.5,13.401472091674805,12.593456268310547,
7.038,-8.375,-9.330209732055664,-8.22047233581543,12.375,13.307960510253906,12.496233940124512,
7.048,-11.0625,-10.840078353881836,-9.561491012573242,12.1875,13.239693641662598,12.416180610656738,
7.058,-12.375,-12.28758716583252,-10.870447158813477,12.125,13.171213150024414,12.334229469299316,
7.068,-13.625,-13.650157928466797,-12.132725715637207,12,13.075122833251953,12.229329109191895,
7.078,-13.625,-15.084969520568848,-13.419149398803711,12,12.973993301391602,12.115480422973633,
7.088,-14.8125,-16.45800018310547,-14.668416023254395,11.8125,12.868456840515137,11.989933013916016,
7.098,-17.0625,-17.653539657592773,-15.803400039672852,11.4375,12.74038314819336,11.831290245056152,
7.108,-18.0625,-18.74053382873535,-16.85036277770996,11.125,12.626043319702148,11.657800674438477,
7.118,-19,-19.74578285217285,-17.82976722717285,10.8125,12.427135467529297,11.411087036132812,
7.128,-19,-20.754426956176758,-18.791908264160156,10.8125,12.205436706542969,11.131279945373535,
7.138,-19.875,-21.686283111572266,-19.703685760498047,10.4375,11.963315963745117,10.826979637145996,
7.148,-21.5625,-22.54026222229004,-20.55351448059082,9.4375,11.588715553283691,10.428750038146973,
7.158,-22.375,-23.369909286499023,-21.375642776489258,8.9375,11.19096851348877,9.988046646118164,
7.168,-23.1875,-24.168703079223633,-22.170507431030273,8.375,10.734856605529785,9.505532264709473,
7.178,-23.1875,-24.98761749267578,-22.960649490356445,8.375,10.211932182312012,8.977542877197266,
7.188,-23.9375,-25.905826568603516,-23.784379959106445,7.8125,9.61638069152832,8.40153694152832,
7.198,-25.1875,-26.689992904663086,-24.53103256225586,6.6875,9.079608917236328,7.854077339172363,
7.208,-25.75,-27.45720863342285,-25.229440689086914,6.125,8.606284141540527,7.333510875701904,
7.218,-26.1875,-28.19074058532715,-25.87920379638672,5.5,8.171191215515137,6.8340983390808105,
7.228,-26.1875,-28.53989601135254,-26.32375144958496,5.5,7.736361503601074,6.322403907775879,
7.238,-26.5625,-28.871736526489258,-26.71813201904297,4.875,7.2244672775268555,5.75308895111084,
7.248,-27.25,-29.160593032836914,-27.064123153686523,3.5625,6.70623779296875,5.174311637878418,
7.258,-27.5,-29.484006881713867,-27.41431427001953,2.875,6.173142433166504,4.58534574508667,
7.268,-27.6875,-29.72714614868164,-27.715473175048828,2.1875,5.535619258880615,3.926847219467163,
7.278,-27.6875,-30.07448387145996,-28.02006721496582,2.1875,4.858283519744873,3.2330031394958496,
7.288,-27.75,-30.451547622680664,-28.289447784423828,1.5,4.178119659423828,2.5372180938720703,
7.298,-27.6875,-30.62805938720703,-28.427143096923828,0.0625,3.5349977016448975,1.8591378927230835,
7.308,-27.625,-30.197406768798828,-28.26518440246582,-0.625,2.951929807662964,1.2120715379714966,
7.318,-27.625,-29.756669998168945,-28.08232307434082,-1.3125,2.3599822521209717,0.5577123165130615,
7.328,-27.625,-29.58064079284668,-28.015548706054688,-1.3125,1.708028793334961,-0.12242566049098969,
7.338,-27.625,-29.685897827148438,-28.07658576965332,-2,1.0377461910247803,-0.7950160503387451,
7.348,-27.5,-29.869592666625977,-28.169179916381836,-3.25,0.3769259750843048,-1.43912672996521,
7.358,-27.4375,-29.906023025512695,-28.18657112121582,-3.875,-0.26706305146217346,-2.0552849769592285,
7.368,-27.3125,-29.746068954467773,-28.1026668548584,-4.5,-0.911040186882019,-2.6609535217285156,
7.378,-27.3125,-29.57771110534668,-27.99907112121582,-4.5,-1.456111192703247,-3.1966261863708496,
7.388,-27.125,-29.399023056030273,-27.878572463989258,-5.0625,-2.0243544578552246,-3.7339751720428467,
7.398,-27,-29.233434677124023,-27.75737953186035,-5.6875,-2.6495954990386963,-4.295997619628906,
7.408,-26.6875,-29.126033782958984,-27.659255981445312,-7,-3.3203022480010986,-4.884890556335449,
7.418,-26.5,-28.993392944335938,-27.54379653930664,-7.6875,-4.062796592712402,-5.516707897186279,
7.428,-26.5,-28.895586013793945,-27.432647705078125,-7.6875,-4.796776294708252,-6.148242950439453,
7.438,-26.25,-28.692665100097656,-27.260635375976562,-8.375,-5.520432472229004,-6.779572010040283,
7.448,-25.6875,-28.3582706451416,-27.012706756591797,-9.75,-6.258326530456543,-7.424424648284912,
7.458,-25.375,-28.019519805908203,-26.747129440307617,-10.5,-7.013486385345459,-8.080754280090332,
7.468,-25.0625,-27.682262420654297,-26.471677780151367,-11.25,-7.827305316925049,-8.773602485656738,
7.478,-25.0625,-27.43288803100586,-26.224979400634766,-11.25,-8.647015571594238,-9.472698211669922,
7.488,-24.6875,-27.15791893005371,-25.956710815429688,-12.0625,-9.56945514678955,-10.231508255004883,
7.498,-24.3125,-26.88385009765625,-25.678409576416016,-12.875,-10.527176856994629,-11.006131172180176,
7.508,-23.3125,-26.432586669921875,-25.30459213256836,-14.375,-11.545551300048828,-11.807502746582031,
7.518,-22.6875,-26.01734161376953,-24.920875549316406,-15.0625,-12.493265151977539,-12.551178932189941,
7.528,-22.6875,-25.28787612915039,-24.362041473388672,-15.0625,-13.429884910583496,-13.270626068115234,
7.538,-21.9375,-24.46590232849121,-23.71040916442871,-15.6875,-14.365043640136719,-13.968073844909668,
7.548,-21.0625,-23.573301315307617,-22.97147560119629,-16.1875,-15.19062328338623,-14.579206466674805,
7.558,-19,-22.577274322509766,-22.131473541259766,-16.875,-15.935016632080078,-15.111321449279785,
7.568,-17.9375,-21.462919235229492,-21.191438674926758,-17.0625,-16.47803497314453,-15.491053581237793,
7.578,-17.9375,-20.390695571899414,-20.238576889038086,-17.0625,-16.95301055908203,-15.794713973999023,
7.588,-16.875,-19.227811813354492,-19.247282028198242,-17.1875,-17.252792358398438,-15.964649200439453,
7.598,-15.8125,-18.02719497680664,-18.23689079284668,-17.25,-17.430543899536133,-16.033864974975586,
7.608,-13.625,-17.00114631652832,-17.305057525634766,-17.1875,-17.795333862304688,-16.18393898010254,
7.618,-12.4375,-15.717798233032227,-16.26769256591797,-17,-18.061290740966797,-16.24929428100586,
7.628,-12.4375,-14.470328330993652,-15.222790718078613,-17,-18.2840576171875,-16.26244354248047,
7.638,-11.1875,-13.039761543273926,-14.061509132385254,-16.6875,-18.243526458740234,-16.09197235107422,
7.648,-9.8125,-11.394529342651367,-12.765910148620605,-16.125,-17.995046615600586,-15.759299278259277,
7.658,-8.4375,-9.765888214111328,-11.444023132324219,-15.4375,-17.566659927368164,-15.277873039245605,
7.668,-7.125,-8.160467147827148,-10.117334365844727,-14.5625,-16.816152572631836,-14.5596342086792,
7.678,-5.8125,-6.565455913543701,-8.798686981201172,-13.5,-15.841421127319336,-13.659177780151367,
7.688,-4.5625,-5.0508599281311035,-7.53324031829834,-12.375,-14.79830265045166,-12.680373191833496,
7.698,-3.4375,-3.651707649230957,-6.352313995361328,-11.125,-13.590387344360352,-11.577260971069336,
7.708,-2.4375,-2.3649654388427734,-5.256453037261963,-9.75,-12.269346237182617,-10.381660461425781,
7.718,-1.4375,-1.2707781791687012,-4.273674488067627,-8.3125,-10.920310020446777,-9.14439582824707,
7.728,-0.5625,-0.25518015027046204,-3.354240894317627,-6.75,-9.45638370513916,-7.814991474151611,
7.738,0.1875,0.7751799821853638,-2.4523961544036865,-5.125,-7.792139530181885,-6.340017318725586,
7.748,1,1.7575557231903076,-1.5911777019500732,-3.375,-6.025701522827148,-4.774332523345947,
7.758,1.6875,2.6344354152679443,-0.8002961874008179,-1.5,-4.143705368041992,-3.1115822792053223,
7.768,2.3125,3.3384649753570557,-0.11480669677257538,0.375,-2.0745091438293457,-1.3095028400421143,
7.778,2.8125,3.8968148231506348,0.476307213306427,2.375,0.09250100702047348,0.5798773765563965,
7.788,3.25,4.3239054679870605,0.9776990413665771,4.375,2.285677909851074,2.508845567703247,
7.798,3.6875,4.678110599517822,1.4172927141189575,6.4375,4.486658096313477,4.456572532653809,
7.808,4,4.971083641052246,1.808137059211731,8.4375,6.748565673828125,6.4475250244140625,
7.818,4.3125,5.214102745056152,2.1598052978515625,10.4375,8.942412376403809,8.39842414855957,
7.828,4.625,5.4095940589904785,2.4767916202545166,12.375,11.07247543334961,10.304243087768555,
7.838,4.875,5.555651664733887,2.7504806518554688,14.25,13.137200355529785,12.161863327026367,
7.848,5.125,5.7134690284729,3.017505407333374,16.125,15.203116416931152,14.006194114685059,
7.858,5.3125,5.788201332092285,3.238347053527832,18,17.210987091064453,15.813241004943848,
7.868,5.5,5.825759410858154,3.42964243888855,19.8125,19.206327438354492,17.607229232788086,
7.878,5.6875,5.879800319671631,3.6174263954162598,21.5625,21.122047424316406,19.3487491607666,
7.888,5.875,5.9489426612854,3.7984161376953125,23.3125,22.962234497070312,21.04039192199707,
7.898,6.0625,6.071364879608154,3.999046564102173,25.0625,24.779582977294922,22.708824157714844,
7.908,6.25,6.346432685852051,4.255979061126709,26.75,27.04026985168457,24.641742706298828,
7.918,6.3125,6.185031414031982,4.284207820892334,28.1875,28.601680755615234,26.1473331451416,
7.928,6.375,6.465219497680664,4.468839645385742,29.4375,30.69977378845215,27.91478729248047,
7.938,6.25,6.384305000305176,4.444179534912109,29.875,31.647937774658203,28.90359115600586,
7.948,6.125,6.312318801879883,4.37545108795166,30,32.13800048828125,29.446273803710938,
7.958,5.9375,6.116092205047607,4.218869209289551,29.875,32.16851806640625,29.585996627807617,
7.968,5.6875,5.9160237312316895,4.02007532119751,29.875,31.766372680664062,29.39476203918457,
7.978,5.4375,6.039172172546387,3.9222729206085205,29.9375,31.510053634643555,29.28660774230957,
7.988,5.0625,6.039945602416992,3.735072135925293,30.25,31.56203842163086,29.393890380859375,
7.998,4.75,5.637261390686035,3.3459584712982178,30.4375,31.968517303466797,29.754898071289062,
8.008,4.4375,5.161925315856934,2.922196388244629,30.4375,32.307945251464844,30.06444549560547,
8.018,4.125,5.007254600524902,2.640410900115967,30.375,32.60958480834961,30.302087783813477,
8.028,3.6875,4.990383148193359,2.398871660232544,30.375,32.21458053588867,30.098180770874023,
8.038,3.25,4.813611030578613,2.0614378452301025,30.375,31.793575286865234,29.87874984741211,
8.048,2.8125,4.486701965332031,1.6482765674591064,30.375,31.66643714904785,29.8370304107666,
8.058,2.3125,4.0121378898620605,1.1610599756240845,30.3125,31.777326583862305,29.932504653930664,
8.068,1.8125,3.616502046585083,0.6944444179534912,30.125,31.839982986450195,29.97641372680664,
8.078,1.375,3.490069627761841,0.33251938223838806,29.8125,31.73362159729004,29.883148193359375,
8.088,0.8125,3.1992573738098145,-0.12480776011943817,29.5,31.211580276489258,29.515544891357422,
8.098,0.25,2.7416787147521973,-0.679299533367157,29.0625,30.81157112121582,29.196151733398438,
8.108,-0.3125,2.3914332389831543,-1.200461983680725,28.5,30.428319931030273,28.8525390625,
8.118,-1,2.121511697769165,-1.7076961994171143,27.6875,30.066429138183594,28.467985153198242,
8.128,-1.8125,1.7591190338134766,-2.290447473526001,26.75,29.105358123779297,27.666648864746094,
8.138,-2.75,1.1425256729125977,-3.0248324871063232,25.6875,28.28753662109375,26.89371681213379,
8.148,-3.8125,0.3690059781074524,-3.8694615364074707,24.5625,26.941648483276367,25.77322769165039,
8.158,-4.9375,-0.6751654148101807,-4.8686909675598145,23.375,25.701364517211914,24.682470321655273,
8.168,-6.125,-1.8482775688171387,-5.9489641189575195,22.1875,24.587196350097656,23.645544052124023,
8.178,-7.3125,-3.1550180912017822,-7.097774982452393,20.9375,23.412811279296875,22.55343246459961,
8.188,-8.4375,-4.367436408996582,-8.202747344970703,19.6875,22.21450424194336,21.432035446166992,
8.198,-9.5,-5.639981746673584,-9.32129955291748,18.5,20.825336456298828,20.182668685913086,
8.208,-10.5625,-6.877884864807129,-10.406837463378906,17.25,19.541532516479492,18.98382568359375,
8.218,-11.5625,-7.95901346206665,-11.396525382995605,16.0625,18.394372940063477,17.86039924621582,
8.228,-12.5,-9.047380447387695,-12.359678268432617,14.9375,17.27104949951172,16.753931045532227,
8.238,-13.375,-10.1062593460083,-13.283644676208496,13.75,16.058610916137695,15.598201751708984,
8.248,-14.3125,-11.1260986328125,-14.169501304626465,12.6875,14.936543464660645,14.503381729125977,
8.258,-15.1875,-12.096680641174316,-15.02254581451416,11.5625,13.912982940673828,13.478028297424316,
8.268,-16.125,-13.103090286254883,-15.891092300415039,10.5,12.938939094543457,12.489974975585938,
8.278,-17.125,-14.213973045349121,-16.813823699951172,9.4375,11.977420806884766,11.518051147460938,
8.288,-18.125,-15.401346206665039,-17.77969741821289,8.4375,11.00330924987793,10.548121452331543,
8.298,-19.125,-16.699682235717773,-18.79697036743164,7.375,10.00233268737793,9.570643424987793,
8.308,-20.0625,-17.962684631347656,-19.789031982421875,6.3125,9.027420997619629,8.611315727233887,
8.318,-20.9375,-19.125831604003906,-20.71282958984375,5.3125,8.044021606445312,7.646054267883301,
8.328,-21.75,-20.27544593811035,-21.59722328186035,4.25,7.014595031738281,6.651312351226807,
8.338,-22.4375,-21.329254150390625,-22.406166076660156,3.25,5.984069347381592,5.6548357009887695,
8.348,-23.125,-22.240888595581055,-23.120508193969727,2.3125,5.00911808013916,4.693830490112305,
8.358,-23.6875,-22.98052215576172,-23.73004913330078,1.4375,4.094070911407471,3.778486728668213,
8.368,-24.25,-23.651762008666992,-24.285810470581055,0.625,3.30092716217041,2.9520559310913086,
8.378,-24.75,-24.451953887939453,-24.867931365966797,-0.0625,2.4286961555480957,2.097810983657837,
8.388,-25.125,-25.21144676208496,-25.388349533081055,-0.6875,1.7013938426971436,1.3462353944778442,
8.398,-25.4375,-25.823509216308594,-25.809309005737305,-1.375,1.250054121017456,0.7738970518112183,
8.408,-25.625,-26.256799697875977,-26.118059158325195,-2,0.7282657623291016,0.16149252653121948,
8.418,-25.8125,-26.480192184448242,-26.30260467529297,-2.625,0.3566516637802124,-0.35761716961860657,
8.428,-25.9375,-26.663192749023438,-26.44695281982422,-3.1875,-0.06496954709291458,-0.9010438323020935,
8.438,-26.0625,-26.953819274902344,-26.627986907958984,-3.8125,-0.5294363498687744,-1.4563497304916382,
8.448,-26.1875,-27.325870513916016,-26.83824348449707,-4.4375,-1.0282622575759888,-2.015695810317993,
8.458,-26.3125,-27.611221313476562,-27.003007888793945,-5,-1.534159779548645,-2.5581610202789307,
8.468,-26.375,-27.81878662109375,-27.125913619995117,-5.5625,-2.0696921348571777,-3.093942165374756,
8.478,-26.4375,-27.96009063720703,-27.20540428161621,-6.0625,-2.6119635105133057,-3.606334686279297,
8.488,-26.4375,-28.056251525878906,-27.24797248840332,-6.5,-3.122110605239868,-4.068939685821533,
8.498,-26.375,-28.15549087524414,-27.27273941040039,-6.9375,-3.5789995193481445,-4.469480514526367,
8.508,-26.25,-28.18630599975586,-27.24683952331543,-7.25,-3.9678080081939697,-4.797952175140381,
8.518,-26.125,-28.17713165283203,-27.184444427490234,-7.5625,-4.5204949378967285,-5.196045875549316,
8.528,-25.9375,-28.080766677856445,-27.06045150756836,-7.8125,-4.9235687255859375,-5.481112957000732,
8.538,-25.625,-27.89403533935547,-26.864110946655273,-8,-5.241013526916504,-5.682751655578613,
8.548,-25.25,-27.537412643432617,-26.55458641052246,-8.0625,-5.432399749755859,-5.76950740814209,
8.558,-24.75,-27.186555862426758,-26.19936180114746,-8,-5.661595344543457,-5.838471412658691,
8.568,-24.125,-26.727550506591797,-25.74523162841797,-7.9375,-5.774151802062988,-5.804839611053467,
8.578,-23.4375,-25.958797454833984,-25.111684799194336,-7.75,-5.650590896606445,-5.602197647094727,
8.588,-22.75,-25.220914840698242,-24.465984344482422,-7.625,-5.529706954956055,-5.391290187835693,
8.598,-22,-24.577856063842773,-23.85610580444336,-7.4375,-5.607822895050049,-5.292585372924805,
8.608,-21.25,-23.652414321899414,-23.105566024780273,-7.3125,-5.591863632202148,-5.123170852661133,
8.618,-20.4375,-22.876379013061523,-22.399810791015625,-7.1875,-5.52230167388916,-4.919051647186279,
8.628,-19.625,-22.107261657714844,-21.670639038085938,-7.0625,-5.609772205352783,-4.8118157386779785,
8.638,-19.625,-21.370206832885742,-20.934968948364258,-7.0625,-5.6947407722473145,-4.710793495178223,
8.648,-18.6875,-20.558197021484375,-20.148372650146484,-6.875,-5.723399639129639,-4.584943771362305,
8.658,-16.5,-19.562536239624023,-19.220863342285156,-6.6875,-5.78867244720459,-4.48909330368042,
8.668,-15.25,-18.390338897705078,-18.14186668395996,-6.5625,-5.730453014373779,-4.335113525390625,
8.678,-13.875,-17.158172607421875,-16.973499298095703,-6.4375,-5.66849422454834,-4.190411567687988,
8.688,-12.4375,-15.947362899780273,-15.77957820892334,-6.3125,-5.634033679962158,-4.073657035827637,
8.698,-10.9375,-14.543231964111328,-14.47094440460205,-6.25,-5.706724643707275,-4.035893440246582,
8.708,-9.375,-12.98533821105957,-13.04960823059082,-6.125,-5.680458068847656,-3.9573354721069336,
8.718,-7.75,-11.447182655334473,-11.600578308105469,-6.125,-5.669347286224365,-3.8989603519439697,
8.728,-6.1875,-9.790042877197266,-10.087396621704102,-6.0625,-5.638111591339111,-3.8430490493774414,
8.738,-6.1875,-8.123117446899414,-8.567428588867188,-6.0625,-5.592144966125488,-3.7902626991271973,
8.748,-4.5625,-6.524089336395264,-7.0772480964660645,-6.0625,-5.6055474281311035,-3.7847917079925537,
8.758,-1.5625,-4.949193000793457,-5.612975120544434,-6,-5.581298351287842,-3.766021251678467,
8.768,-0.0625,-3.413843870162964,-4.183261394500732,-5.9375,-5.524566650390625,-3.7304978370666504,
8.778,1.3125,-1.916371464729309,-2.78193736076355,-5.8125,-5.436348915100098,-3.6745309829711914,
8.788,1.3125,-0.4031287729740143,-1.3795485496520996,-5.8125,-5.3306660652160645,-3.6048834323883057,
8.798,2.75,1.0223873853683472,-0.021144524216651917,-5.75,-5.2264299392700195,-3.5396673679351807,
8.808,5.625,2.45438814163208,1.3390992879867554,-5.5,-5.027695655822754,-3.4189624786376953,
8.818,7.0625,3.908143997192383,2.7160515785217285,-5.375,-4.828858852386475,-3.295274257659912,
8.828,8.5625,5.367649078369141,4.104935646057129,-5.3125,-4.621434688568115,-3.1720378398895264,
8.838,8.5625,6.795069217681885,5.485609531402588,-5.3125,-4.427076816558838,-3.065284013748169,
8.848,10,8.238330841064453,6.877031326293945,-5.3125,-4.276278018951416,-2.990351915359497,
8.858,13,9.815563201904297,8.326774597167969,-5.4375,-4.216011047363281,-2.982358455657959,
8.868,14.375,11.329450607299805,9.739949226379395,-5.5625,-4.2206220626831055,-3.037130117416382,
8.878,15.75,12.7769775390625,11.106282234191895,-5.6875,-4.260248184204102,-3.1299118995666504,
8.888,15.75,14.219006538391113,12.458407402038574,-5.6875,-4.32247257232666,-3.250551223754883,
8.898,17.0625,15.65179443359375,13.789266586303711,-5.875,-4.433237552642822,-3.408859968185425,
8.908,19.375,16.898286819458008,14.988943099975586,-6.3125,-4.537538051605225,-3.576754093170166,
8.918,20.4375,18.037036895751953,16.08629035949707,-6.5625,-4.662475109100342,-3.7663731575012207,
8.928,21.375,19.097503662109375,17.102563858032227,-6.75,-4.779805660247803,-3.956756591796875,
8.938,21.375,20.1295166015625,18.080062866210938,-6.75,-4.893808364868164,-4.149602890014648,
8.948,22.25,21.09140968322754,19.000652313232422,-7,-4.993204593658447,-4.338597774505615,
8.958,23.625,21.915157318115234,19.80426597595215,-7.5625,-5.126403331756592,-4.547820091247559,
8.968,24.25,22.61135482788086,20.4924373626709,-7.875,-5.307804584503174,-4.794027328491211,
8.978,24.75,23.17630958557129,21.075220108032227,-8.25,-5.522488117218018,-5.065803050994873,
8.988,24.75,23.70061492919922,21.61294174194336,-8.25,-5.817941188812256,-5.393042087554932,
8.998,25.125,24.138893127441406,22.08806037902832,-8.5625,-6.139758110046387,-5.734914779663086,
9.008,25.75,24.41901397705078,22.45043182373047,-9,-6.376576900482178,-6.006932735443115,
9.018,26,24.63347816467285,22.74494743347168,-9.0625,-6.536113262176514,-6.191408634185791,
9.028,26.1875,24.76197052001953,22.978181838989258,-8.9375,-6.605575084686279,-6.274620056152344,
9.038,26.1875,24.878036499023438,23.192996978759766,-8.9375,-6.674872875213623,-6.320667743682861,
9.048,26.375,24.96132469177246,23.38624382019043,-8.75,-6.596334934234619,-6.252071380615234,
9.058,26.75,24.98504638671875,23.54557991027832,-7.75,-6.234760284423828,-5.955010414123535,
9.068,26.9375,25.00545883178711,23.694766998291016,-7.0625,-5.7421674728393555,-5.500868797302246,
9.078,27.0625,25.029436111450195,23.838592529296875,-6.3125,-5.106433391571045,-4.902092456817627,
9.088,27.0625,25.036867141723633,23.970216751098633,-6.3125,-4.490235805511475,-4.267449378967285,
9.098,27.375,25.047040939331055,24.098421096801758,-4.0625,-3.5229411125183105,-3.4010190963745117,
9.108,27.5,25.06791114807129,24.22735595703125,-2.75,-2.392122268676758,-2.362325668334961,
9.118,27.625,25.100738525390625,24.357866287231445,-1.1875,-1.1108295917510986,-1.1742222309112549,
9.128,27.8125,25.16410255432129,24.49687957763672,0.375,0.34818434715270996,0.17178738117218018,
9.138,27.8125,25.28607177734375,24.657493591308594,0.375,1.8296846151351929,1.5716701745986938,
9.148,27.875,25.552776336669922,24.871383666992188,2.0625,3.4825267791748047,3.0949156284332275,
9.158,27.75,25.628713607788086,24.951353073120117,5.75,5.296499729156494,4.753838062286377,
9.168,27.5,25.639236450195312,24.9324951171875,7.625,7.139398097991943,6.463130474090576,
9.178,27.125,25.497385025024414,24.776851654052734,9.5,8.954251289367676,8.167534828186035,
9.188,27.125,25.33270835876465,24.568998336791992,9.5,10.85969066619873,9.931060791015625,
9.198,26.625,24.957992553710938,24.229286193847656,11.4375,12.816129684448242,11.720833778381348,
9.208,25.1875,24.371150970458984,23.7143611907959,15.25,14.87204647064209,13.576757431030273,
9.218,24.3125,23.659700393676758,23.061443328857422,17.125,17.01215934753418,15.491915702819824,
9.228,23.375,22.84356689453125,22.32358169555664,18.9375,19.154651641845703,17.395488739013672,
9.238,23.375,22.087068557739258,21.572978973388672,18.9375,21.188325881958008,19.239978790283203,
9.248,22.375,21.074851989746094,20.66033935546875,20.5625,23.18408966064453,21.05535125732422,
9.258,20.125,20.046382904052734,19.690425872802734,23.1875,25.05292320251465,22.77574920654297,
9.268,19,18.913196563720703,18.623584747314453,24.125,26.48106575012207,24.185653686523438,
9.278,17.9375,17.78070640563965,17.515918731689453,24.8125,27.718626022338867,25.414867401123047,
9.288,17.9375,16.747520446777344,16.432435989379883,24.8125,28.461563110351562,26.2799015045166,
9.298,16.875,15.749637603759766,15.359237670898438,25.375,28.88788414001465,26.886499404907227,
9.308,14.8125,14.8879976272583,14.346351623535156,26.1875,29.24432945251465,27.398853302001953,
9.318,13.875,14.059774398803711,13.351386070251465,26.4375,29.55632972717285,27.84505271911621,
9.328,12.875,13.26030158996582,12.376533508300781,26.4375,29.774911880493164,28.199491500854492,
9.338,12.875,12.489599227905273,11.429254531860352,26.4375,29.902992248535156,28.446319580078125,
9.348,11.875,11.721044540405273,10.503657341003418,26.1875,29.858285903930664,28.510251998901367,
9.358,10,10.614544868469238,9.452863693237305,24.875,29.14569664001465,28.077709197998047,
9.368,9.125,10.010189056396484,8.652787208557129,24,28.7882080078125,27.75886344909668,
9.378,8.375,8.88989543914795,7.666328430175781,23,27.772802352905273,26.974605560302734,
9.388,8.375,7.651920318603516,6.675567626953125,23,26.65738296508789,26.067758560180664,
9.398,7.75,6.7445807456970215,5.903359413146973,21.8125,25.623672485351562,25.152484893798828,
9.408,7.125,5.746129035949707,5.187875270843506,19,24.18877410888672,23.945558547973633,
9.418,7.1875,4.9661760330200195,4.678455352783203,17.5,22.626548767089844,22.60831642150879,
9.428,7.5625,4.375065803527832,4.375333309173584,16,20.961713790893555,21.1686954498291,
9.438,7.5625,4.129783630371094,4.363757133483887,16,19.219457626342773,19.653457641601562,
9.448,8.25,4.213359832763672,4.648482799530029,14.5,17.426471710205078,18.098596572875977,
9.458,10.3125,4.644741535186768,5.237300872802734,11.9375,15.76669979095459,16.629411697387695,
9.468,11.6875,5.408148288726807,6.116654872894287,10.875,14.26524829864502,15.276212692260742,
9.478,13.1875,6.3994951248168945,7.218341827392578,9.875,12.967146873474121,14.07162857055664,
9.488,13.1875,7.7087507247924805,8.550718307495117,9.875,11.850983619689941,13.008074760437012,
9.498,14.8125,9.160469055175781,10.006224632263184,9,10.925384521484375,12.090084075927734,
9.508,18.125,10.65298080444336,11.519718170166016,7.4375,10.129708290100098,11.273797988891602,
9.518,19.9375,12.22789192199707,13.101534843444824,6.6875,9.390889167785645,10.503179550170898,
9.528,21.75,13.903637886047363,14.759208679199219,6,8.750471115112305,9.79004955291748,
9.538,21.75,15.671590805053711,16.490718841552734,6,8.153122901916504,9.096344947814941,
9.548,23.6875,17.66728973388672,18.354183197021484,5.25,7.565479755401611,8.404261589050293,
9.558,27.625,19.737802505493164,20.27275276184082,3.9375,7.089686870574951,7.778903007507324,
9.568,29.375,22.246978759765625,22.39181137084961,3.3125,6.8467607498168945,7.298975944519043,
9.578,31.125,25.179964065551758,24.664278030395508,2.75,6.81980562210083,6.9520392417907715,
9.588,31.125,27.564666748046875,26.658023834228516,2.75,6.745609760284424,6.582630157470703,
9.598,31.875,29.11674690246582,28.08396339416504,2,6.538619041442871,6.1003289222717285,
9.608,32.25,30.341367721557617,29.088848114013672,0.5,6.16504430770874,5.47666072845459,
9.618,32.125,30.6867618560791,29.49782371520996,-0.25,5.332797527313232,4.554558753967285,
9.628,32,30.300329208374023,29.438251495361328,-0.875,4.712064266204834,3.757112741470337,
9.638,32,29.529951095581055,29.13381004333496,-0.875,4.28043794631958,3.1143367290496826,
9.648,32,29.424020767211914,29.117332458496094,-1.3125,4.0793232917785645,2.716114044189453,
9.658,32.1875,29.783985137939453,29.334806442260742,-1.1875,3.9491355419158936,2.5302155017852783,
9.668,32.125,30.358388900756836,29.648563385009766,-1,3.516841411590576,2.340583086013794,
9.678,32,30.78835678100586,29.87549591064453,-1.0625,3.4868178367614746,2.4656481742858887,
9.688,32,30.71085548400879,29.837398529052734,-1.0625,3.784079074859619,2.787008762359619,
9.698,31.6875,30.37962532043457,29.633270263671875,-1.25,4.013317108154297,3.030573606491089,
9.708,31.3125,29.881635665893555,29.296192169189453,-1.5625,3.966106414794922,3.0708184242248535,
9.718,30.0625,29.519792556762695,28.94682502746582,-2.6875,3.1317639350891113,2.6015923023223877,
9.728,30.0625,29.19524574279785,28.532001495361328,-2.6875,2.115933418273926,1.9813822507858276,
9.738,29.125,28.508729934692383,27.870206832885742,-3.4375,0.9538428783416748,1.2162976264953613,
9.748,28,27.63351821899414,27.039142608642578,-4.25,-0.4416140615940094,0.25243717432022095,
9.758,26.8125,26.24712562561035,25.927349090576172,-5,-1.6886837482452393,-0.6558072566986084,
9.768,25.5625,24.962095260620117,24.814422607421875,-5.625,-2.8111448287963867,-1.4849122762680054,
9.778,24.1875,23.485422134399414,23.56807518005371,-6.1875,-3.8142900466918945,-2.2170908451080322,
9.788,22.8125,21.92629051208496,22.248104095458984,-6.6875,-4.727025508880615,-2.880044937133789,
9.798,21.375,20.523603439331055,20.973299026489258,-7.1875,-5.488327980041504,-3.4317409992218018,
9.808,19.8125,18.76611328125,19.50646209716797,-7.5625,-6.0977559089660645,-3.885310173034668,
9.818,18.25,16.935260772705078,17.969078063964844,-8,-6.882307529449463,-4.436263084411621,
9.828,16.625,15.160310745239258,16.426937103271484,-8.375,-7.429322242736816,-4.850063800811768,
9.838,14.875,13.301126480102539,14.81264877319336,-8.75,-8.030152320861816,-5.3051438331604,
9.848,13.125,11.310271263122559,13.106802940368652,-9.125,-8.613780975341797,-5.7609663009643555,
9.858,11.3125,9.332819938659668,11.386309623718262,-9.5625,-9.13936710357666,-6.1946940422058105,
9.868,9.5625,7.222830772399902,9.597603797912598,-10,-9.732860565185547,-6.682109832763672,
9.878,7.8125,5.082014083862305,7.794180870056152,-10.375,-10.303618431091309,-7.172062873840332,
9.888,6.0625,3.0956151485443115,6.065089702606201,-10.8125,-10.845053672790527,-7.653963088989258,
9.898,4.4375,1.2389212846755981,4.410518646240234,-11.1875,-11.304726600646973,-8.09153938293457,
9.908,2.8125,-0.6606513261795044,2.7600677013397217,-11.5,-11.673396110534668,-8.471772193908691,
9.918,1.25,-2.52099347114563,1.143136739730835,-11.8125,-11.983837127685547,-8.808374404907227,
9.928,-0.1875,-4.294075965881348,-0.4181743264198303,-12.125,-12.232282638549805,-9.10218334197998,
9.938,-1.625,-6.159656524658203,-2.000331401824951,-12.375,-12.37255573272705,-9.329968452453613,
9.948,-3.0625,-7.9788289070129395,-3.5443177223205566,-12.6875,-12.537829399108887,-9.572945594787598,
9.958,-4.3125,-9.68899154663086,-5.007733345031738,-13,-12.793038368225098,-9.872636795043945,
9.968,-5.375,-11.215176582336426,-6.328824996948242,-13.375,-13.115448951721191,-10.213435173034668,
9.978,-6.25,-12.4934720993042,-7.453794002532959,-13.75,-13.517093658447266,-10.597525596618652,
9.988,-6.8125,-13.354302406311035,-8.288095474243164,-14.0625,-13.897819519042969,-10.960232734680176,
9.998,-7.125,-13.753445625305176,-8.797639846801758,-14.3125,-14.217007637023926,-11.27396011352539,
10.008,-7.25,-13.819892883300781,-9.037348747253418,-14.4375,-14.423587799072266,-11.50233268737793,
10.018,-7.125,-13.716276168823242,-9.092534065246582,-14.5,-14.540643692016602,-11.653347969055176,
10.028,-6.875,-13.444156646728516,-8.986250877380371,-14.5625,-14.580456733703613,-11.73565673828125,
10.038,-6.5625,-12.990459442138672,-8.736488342285156,-14.625,-14.474369049072266,-11.717236518859863,
10.048,-6.1875,-12.478260040283203,-8.419185638427734,-14.625,-14.408594131469727,-11.719009399414062,
10.058,-5.8125,-11.991229057312012,-8.084142684936523,-14.75,-14.417928695678711,-11.768837928771973,
10.068,-5.3125,-11.517600059509277,-7.727490425109863,-14.8125,-14.513293266296387,-11.87562084197998,
10.078,-4.75,-11.036003112792969,-7.327922344207764,-14.9375,-14.630538940429688,-12.000459671020508,
10.088,-4,-10.425556182861328,-6.814531326293945,-15,-14.751255989074707,-12.128921508789062,
10.098,-3.125,-9.610320091247559,-6.136826515197754,-15.0625,-14.8324613571167,-12.231051445007324,
10.108,-2.0625,-8.448808670043945,-5.21821928024292,-15,-14.845636367797852,-12.281088829040527,
10.118,-0.8125,-7.125969409942627,-4.137500762939453,-14.875,-14.764639854431152,-12.256330490112305,
10.128,0.5,-5.67885684967041,-2.924848794937134,-14.625,-14.566169738769531,-12.138375282287598,
10.138,1.875,-3.9621741771698,-1.5405441522598267,-14.375,-14.23724365234375,-11.918261528015137,
10.148,3.3125,-2.2423784732818604,-0.12933963537216187,-14,-13.859648704528809,-11.643784523010254,
10.158,4.625,-0.5906599760055542,1.249198317527771,-13.5625,-13.457650184631348,-11.329532623291016,
10.168,5.875,0.9831804037094116,2.5688066482543945,-13,-13.00633430480957,-10.95928955078125,
10.178,7,2.4133682250976562,3.786522388458252,-12.375,-12.450958251953125,-10.496726036071777,
10.188,8,3.714351177215576,4.899964332580566,-11.625,-11.781161308288574,-9.929716110229492,
10.198,8.875,4.857607364654541,5.892582416534424,-10.75,-10.976537704467773,-9.23845386505127,
10.208,9.625,5.864342212677002,6.76901912689209,-9.6875,-9.996335983276367,-8.390047073364258,
10.218,10.25,6.7296223640441895,7.521952152252197,-8.5,-8.887937545776367,-7.408344268798828,
10.228,10.6875,7.435330390930176,8.134496688842773,-7.1875,-7.683601379394531,-6.314358234405518,
10.238,11,8.046730041503906,8.62359619140625,-5.8125,-6.313901901245117,-5.072635650634766,
10.248,11,8.472530364990234,8.937877655029297,-4.3125,-4.859302043914795,-3.7377796173095703,
10.258,10.8125,8.665237426757812,9.041436195373535,-2.8125,-3.3672308921813965,-2.348010301589966,
10.268,10.375,8.595501899719238,8.90503978729248,-1.3125,-1.807113528251648,-0.8948781490325928,
10.278,9.625,8.235663414001465,8.503985404968262,0.125,-0.25787490606307983,0.5626400709152222,
10.288,8.5625,7.590810298919678,7.8351640701293945,1.5625,1.2434864044189453,1.9873974323272705,
10.298,7.3125,6.650851249694824,6.896134853363037,2.9375,2.6534173488616943,3.3364417552948,
10.308,5.75,5.279235363006592,5.636590480804443,4.125,4.0011725425720215,4.612955093383789,
10.318,4.0625,3.643857955932617,4.148163318634033,5.1875,5.243144512176514,5.777731418609619,
10.328,2.25,1.8386021852493286,2.495877742767334,6.125,6.350287437438965,6.805161476135254,
10.338,0.375,-0.23274239897727966,0.663931131362915,6.875,7.317008972167969,7.688645362854004,
10.348,-1.4375,-2.3094258308410645,-1.2088582515716553,7.4375,8.098859786987305,8.39748477935791,
10.358,-3.3125,-4.298979759216309,-3.058143377304077,7.875,8.79988956451416,8.990022659301758,
10.368,-5.125,-6.345365524291992,-4.931031227111816,8.125,9.401338577270508,9.454395294189453,
10.378,-6.9375,-8.368102073669434,-6.77754545211792,8.125,9.801953315734863,9.729069709777832,
10.388,-8.625,-10.342759132385254,-8.572912216186523,7.9375,10.020525932312012,9.824395179748535,
10.398,-10.1875,-12.263057708740234,-10.30398178100586,7.5625,9.915688514709473,9.659259796142578,
10.408,-11.6875,-14.044685363769531,-11.922150611877441,7.0625,9.474857330322266,9.231513023376465,
10.418,-13.0625,-15.701011657714844,-13.424345970153809,6.375,8.841315269470215,8.638382911682129,
10.428,-14.3125,-17.208301544189453,-14.791192054748535,5.6875,8.130269050598145,7.96873140335083,
10.438,-15.4375,-18.591827392578125,-16.03060531616211,4.9375,7.441594123840332,7.307708740234375,
10.448,-16.4375,-19.750139236450195,-17.101999282836914,4.3125,6.811814785003662,6.698531627655029,
10.458,-17.3125,-20.75227928161621,-18.046476364135742,3.6875,6.243026256561279,6.153720378875732,
10.468,-18.1875,-21.798221588134766,-18.968921661376953,3.0625,5.727352142333984,5.661705017089844,
10.478,-19,-22.828378677368164,-19.85590934753418,2.4375,5.167637825012207,5.152592182159424,
10.488,-19.75,-23.790077209472656,-20.684391021728516,1.6875,4.463771820068359,4.556172847747803,
10.498,-20.375,-24.622455596923828,-21.415538787841797,0.875,3.5535337924957275,3.8269872665405273,
10.508,-20.8125,-25.287416458129883,-22.016889572143555,0.0625,2.5394957065582275,3.021589994430542,
10.518,-21.125,-25.757055282592773,-22.463844299316406,-0.6875,1.4586336612701416,2.1613779067993164,
10.528,-21.25,-25.988645553588867,-22.732032775878906,-1.5,0.35976219177246094,1.2784978151321411,
10.538,-21.25,-26.002687454223633,-22.832717895507812,-2.1875,-0.6279229521751404,0.46211427450180054,
10.548,-21.125,-25.84794044494629,-22.79360008239746,-2.6875,-1.4518849849700928,-0.23641866445541382,
10.558,-20.9375,-25.602293014526367,-22.656299591064453,-3.0625,-2.06433367729187,-0.7652460932731628,
10.568,-20.625,-25.30910873413086,-22.447500228881836,-3.25,-2.4641635417938232,-1.107514500617981,
10.578,-20.1875,-24.89841079711914,-22.13955307006836,-3.25,-2.686051845550537,-1.272407054901123,
10.588,-19.6875,-24.37606430053711,-21.735183715820312,-3.0625,-2.7651169300079346,-1.2796915769577026,
10.598,-19.0625,-23.72161865234375,-21.22416114807129,-2.75,-2.738919496536255,-1.1556074619293213,
10.608,-18.375,-22.97632598876953,-20.623104095458984,-2.25,-2.5466036796569824,-0.867636501789093,
10.618,-17.5625,-22.138813018798828,-19.932857513427734,-1.5,-2.1626405715942383,-0.40016260743141174,
10.628,-16.6875,-21.19046401977539,-19.150672912597656,-0.625,-1.5449634790420532,0.2759738862514496,
10.638,-15.75,-20.20563507080078,-18.313203811645508,0.5,-0.7382746338844299,1.1384344100952148,
10.648,-14.75,-19.191553115844727,-17.425758361816406,1.8125,0.2708069682121277,2.196382761001587,
10.658,-13.6875,-18.15329360961914,-16.49095344543457,3.3125,1.477461576461792,3.441909074783325,
10.668,-12.625,-16.976980209350586,-15.458175659179688,5,2.9521405696868896,4.907619953155518,
10.678,-11.4375,-15.725314140319824,-14.355820655822754,6.75,4.578299045562744,6.509699821472168,
10.688,-10.3125,-14.491809844970703,-13.230401992797852,8.625,6.272862434387207,8.185321807861328,
10.698,-9.125,-13.348827362060547,-12.123380661010742,10.625,8.01175594329834,9.9111967086792,
10.708,-8,-12.170989990234375,-10.989995956420898,12.625,9.876592636108398,11.729576110839844,
10.718,-6.875,-10.985821723937988,-9.849287986755371,14.75,12.050947189331055,13.746306419372559,
10.728,-5.8125,-9.901254653930664,-8.748857498168945,16.875,14.220780372619629,15.772346496582031,
10.738,-4.75,-8.9964599609375,-7.72542667388916,19.0625,16.49513053894043,17.86886978149414,
10.748,-3.75,-8.127492904663086,-6.706246376037598,21.25,18.701730728149414,19.928075790405273,
10.758,-2.6875,-7.2730536460876465,-5.682132244110107,23.4375,21.00206756591797,22.03568458557129,
10.768,-1.625,-6.311856746673584,-4.601933479309082,25.5,23.608123779296875,24.31716537475586,
10.778,-0.625,-5.41707706451416,-3.537400007247925,27.3125,25.911298751831055,26.3818416595459,
10.788,0.375,-4.828999042510986,-2.6021361351013184,28.9375,28.102020263671875,28.30992889404297,
10.798,0.375,-3.712902545928955,-1.4232755899429321,28.9375,31.25278091430664,30.751855850219727,
10.808,1.3125,-2.9350879192352295,-0.42026156187057495,29.1875,32.241127014160156,31.822345733642578,
10.818,3.125,-2.305051565170288,0.4583130478858948,29.3125,32.48430252075195,32.148223876953125,
10.828,3.9375,-1.5476391315460205,1.3234665393829346,29.125,32.45590591430664,32.15143966674805,
10.838,4.4375,-0.8155007362365723,2.031346082687378,29.1875,32.05590057373047,31.876054763793945,
10.848,4.8125,-0.10176655650138855,2.6627259254455566,29.375,31.65472412109375,31.63743782043457,
10.858,4.8125,0.5152986645698547,3.190255880355835,29.375,31.843774795532227,31.765792846679688,
10.868,5.4375,0.7787062525749207,3.4769623279571533,29.125,32.03268814086914,31.9038028717041,
10.878,5.625,1.1142990589141846,3.733891010284424,28.9375,32.270999908447266,32.00203323364258,
10.888,5.75,1.6879993677139282,4.028898239135742,28.875,32.304264068603516,31.966093063354492,
10.898,5.75,1.9548330307006836,4.161946773529053,28.875,31.725601196289062,31.57674789428711,
10.908,5.8125,2.131209135055542,4.221940040588379,28.8125,31.359710693359375,31.32088279724121,
10.918,5.75,2.2351157665252686,4.179046630859375,28.375,31.259370803833008,31.226696014404297,
10.928,5.5625,2.4143190383911133,4.115596771240234,27.6875,31.149354934692383,31.066482543945312,
10.938,5.375,2.301633596420288,3.892674446105957,26.75,30.929807662963867,30.750402450561523,
10.948,5.375,2.5150368213653564,3.805238962173462,26.75,30.13892364501953,30.002790451049805,
10.958,5.1875,2.402515172958374,3.57784366607666,25.5,28.950719833374023,28.9796142578125,
10.968,5,2.4381330013275146,3.432587146759033,22.5625,27.5115909576416,27.735994338989258,
10.978,5,2.7305030822753906,3.4368414878845215,20.9375,25.968490600585938,26.3428897857666,
10.988,5,2.716670036315918,3.3474767208099365,19.3125,24.50578498840332,24.95806312561035,
10.998,5,2.741952419281006,3.2987685203552246,19.3125,22.68941879272461,23.336668014526367,
11.008,5,2.7936389446258545,3.2828073501586914,17.5625,20.78911781311035,21.651275634765625,
11.018,5.125,2.908201217651367,3.323667526245117,14,18.892026901245117,19.947166442871094,
11.028,5.1875,3.0198159217834473,3.3812296390533447,12.3125,17.1368465423584,18.319950103759766,
11.038,5.25,3.118654727935791,3.4484128952026367,10.625,15.410425186157227,16.712013244628906,
11.048,5.25,3.1003286838531494,3.4668548107147217,10.625,13.60572338104248,15.061511039733887,
11.058,5.375,3.0553412437438965,3.493671417236328,8.9375,11.881932258605957,13.458500862121582,
11.068,5.8125,3.0567688941955566,3.607360601425171,5.6875,10.211153030395508,11.88772201538086,
11.078,6.3125,3.196014642715454,3.8603663444519043,4,8.574259757995605,10.33470630645752,
11.088,6.9375,3.455501079559326,4.25028657913208,2.375,6.938662052154541,8.779536247253418,
11.098,6.9375,3.6074976921081543,4.631269454956055,2.375,5.199081897735596,7.163251876831055,
11.108,7.75,4.116433143615723,5.219209671020508,0.75,3.4490413665771484,5.534479141235352,
11.118,9.8125,5.0015082359313965,6.075717926025391,-2.1875,1.9071327447891235,4.034408092498779,
11.128,11,6.144749641418457,7.137004375457764,-3.5,0.4784691035747528,2.6396517753601074,
11.138,12.3125,7.4119157791137695,8.308744430541992,-4.6875,-0.7578048706054688,1.3898603916168213,
11.148,12.3125,8.628695487976074,9.479373931884766,-4.6875,-2.0898802280426025,0.10778247565031052,
11.158,13.6875,9.981657028198242,10.724644660949707,-5.75,-3.16549015045166,-1.020121693611145,
11.168,16.625,11.601237297058105,12.123058319091797,-7.375,-3.8933629989624023,-1.907796025276184,
11.178,18.0625,13.218762397766113,13.548515319824219,-8,-4.497459411621094,-2.6522433757781982,
11.188,19.5625,15.03928279876709,15.065366744995117,-8.375,-4.905788898468018,-3.221052646636963,
11.198,19.5625,16.915502548217773,16.602739334106445,-8.375,-5.247211456298828,-3.7054126262664795,
11.208,20.9375,18.60287094116211,18.043123245239258,-8.5,-5.350550651550293,-4.025770664215088,
11.218,23.375,20.122434616088867,19.362144470214844,-8.25,-5.090664386749268,-4.035179138183594,
11.228,24.4375,21.65935516357422,20.620683670043945,-7.875,-4.655181884765625,-3.8229095935821533,
11.238,25.375,23.027036666870117,21.735795974731445,-7.4375,-4.1194748878479,-3.4708166122436523,
11.248,25.375,24.451631546020508,22.835676193237305,-7.4375,-3.477795362472534,-3.026958703994751,
11.258,26,25.6694278717041,23.79486083984375,-6.9375,-2.813495635986328,-2.5272417068481445,
11.268,26.5625,26.36363983154297,24.365089416503906,-6,-2.250305414199829,-2.011956214904785,
11.278,26.375,26.557498931884766,24.538089752197266,-5.5625,-1.8978923559188843,-1.6049878597259521,
11.288,25.9375,26.680173873901367,24.52035903930664,-5.1875,-1.4994244575500488,-1.1676018238067627,
11.298,25.9375,26.58204460144043,24.30923843383789,-5.1875,-1.1878490447998047,-0.8021851181983948,
11.308,25.1875,26.135013580322266,23.86620330810547,-4.875,-1.0141794681549072,-0.5149282217025757,
11.318,22.9375,25.204824447631836,23.055912017822266,-4.3125,-0.888339102268219,-0.2414303869009018,
11.328,21.5625,24.25432014465332,22.12276840209961,-4.125,-0.7931127548217773,-0.012527910061180592,
11.338,20.0625,23.0225887298584,20.994651794433594,-3.9375,-0.7654528617858887,0.1707027107477188,
11.348,20.0625,21.576276779174805,19.698692321777344,-3.9375,-0.7372058033943176,0.3407588601112366,
11.358,18.5,19.906051635742188,18.250829696655273,-3.875,-0.7471020221710205,0.4671778380870819,
11.368,15.25,18.177413940429688,16.739683151245117,-4.0625,-0.9195179343223572,0.46836623549461365,
11.378,13.625,16.477346420288086,15.218531608581543,-4.375,-1.2078925371170044,0.3622593879699707,
11.388,12,14.763631820678711,13.67988109588623,-4.875,-1.5977355241775513,0.15151573717594147,
11.398,12,13.07435131072998,12.147991180419922,-4.875,-2.125180959701538,-0.19261622428894043,
11.408,10.4375,11.363348007202148,10.604069709777832,-5.4375,-2.786198377609253,-0.6716637015342712,
11.418,7.1875,9.614118576049805,9.038459777832031,-6.9375,-3.558027505874634,-1.2730982303619385,
11.428,5.5625,7.724564552307129,7.408850193023682,-7.9375,-4.461756229400635,-2.0108039379119873,
11.438,3.9375,5.782561302185059,5.756922721862793,-9,-5.462164402008057,-2.864473581314087,
11.448,3.9375,3.865262031555176,4.1217427253723145,-9,-6.518013000488281,-3.808955192565918,
11.458,2.4375,1.879852294921875,2.4739973545074463,-10.25,-7.724093437194824,-4.898161888122559,
11.468,-0.3125,-0.06065356731414795,0.8767480850219727,-13,-9.058042526245117,-6.1171417236328125,
11.478,-1.5,-1.8746099472045898,-0.6224573850631714,-14.5,-10.491353034973145,-7.445368766784668,
11.488,-2.5625,-3.5560362339019775,-2.010321617126465,-16.0625,-12.081661224365234,-8.910688400268555,
11.498,-2.5625,-5.02567195892334,-3.243558168411255,-16.0625,-13.726859092712402,-10.440557479858398,
11.508,-3.4375,-6.308196067810059,-4.332788467407227,-17.5625,-15.310091018676758,-11.950617790222168,
11.518,-5,-7.458705902099609,-5.309108734130859,-20.375,-16.786346435546875,-13.396038055419922,
11.528,-5.5625,-8.441821098327637,-6.160506248474121,-21.625,-18.276094436645508,-14.831194877624512,
11.538,-6,-9.387504577636719,-6.937688827514648,-22.6875,-19.626493453979492,-16.152971267700195,
11.548,-6,-10.206198692321777,-7.598378658294678,-22.6875,-20.80514907836914,-17.332998275756836,
11.558,-6.1875,-10.800054550170898,-8.091832160949707,-23.625,-21.88286781311035,-18.403221130371094,
11.568,-5.9375,-11.054469108581543,-8.351383209228516,-25,-22.820663452148438,-19.330860137939453,
11.578,-5.4375,-11.00383472442627,-8.374011993408203,-25.375,-23.58089828491211,-20.086654663085938,
11.588,-4.625,-10.574934959411621,-8.110251426696777,-25.5625,-24.143930435180664,-20.653900146484375,
11.598,-4.625,-9.783533096313477,-7.553637981414795,-25.5625,-24.46466636657715,-21.007434844970703,
11.608,-3.5625,-8.653682708740234,-6.713254451751709,-25.5,-24.554033279418945,-21.157304763793945,
11.618,-2.3125,-7.293334484100342,-5.651639938354492,-25.3125,-24.450103759765625,-21.13137435913086,
11.628,0.5,-5.716012954711914,-4.401543140411377,-24.4375,-24.140840530395508,-20.927968978881836,
11.638,2,-4.0535430908203125,-3.049412727355957,-23.875,-23.666872024536133,-20.579954147338867,
11.648,2,-2.3411591053009033,-1.6311944723129272,-23.875,-23.06532859802246,-20.118770599365234,
11.658,3.5625,-0.5904214382171631,-0.16280101239681244,-23.1875,-22.37992286682129,-19.577970504760742,
11.668,5.1875,1.1549813747406006,1.3337397575378418,-22.5,-21.621139526367188,-18.970172882080078,
11.678,8.6875,2.9127845764160156,2.869028329849243,-20.8125,-20.804880142211914,-18.309215545654297,
11.688,10.5625,4.8337249755859375,4.517511367797852,-19.9375,-19.883190155029297,-17.570035934448242,
11.698,10.5625,6.806331634521484,6.236410140991211,-19.9375,-18.901248931884766,-16.780378341674805,
11.708,12.4375,8.902002334594727,8.05720329284668,-19,-17.840103149414062,-15.926824569702148,
11.718,16.375,11.255170822143555,10.029766082763672,-17,-16.649900436401367,-14.977243423461914,
11.728,18.25,13.63188648223877,12.036319732666016,-16,-15.435322761535645,-13.992964744567871,
11.738,20,15.927734375,14.006692886352539,-15,-14.24044132232666,-12.999549865722656,
11.748,20,18.080883026123047,15.8834228515625,-15,-13.109745979309082,-12.024337768554688,
11.758,21.5625,20.104143142700195,17.643491744995117,-14.0625,-11.972006797790527,-11.026551246643066,
11.768,22.875,21.833282470703125,19.191482543945312,-13.125,-10.86910629272461,-10.035449028015137,
11.778,24.9375,23.30624771118164,20.52901840209961,-11.4375,-9.84923267364502,-9.089720726013184,
11.788,25.5625,24.70918083190918,21.730234146118164,-10.75,-8.960018157958984,-8.229196548461914,
11.798,25.5625,25.582483291625977,22.573442459106445,-10.75,-8.284860610961914,-7.506997585296631,
11.808,26,26.463909149169922,23.305377960205078,-10.125,-7.525577068328857,-6.7517805099487305,
11.818,26.125,26.87446403503418,23.722776412963867,-9.625,-7.000937461853027,-6.1571946144104,
11.828,25.9375,26.946184158325195,23.882341384887695,-9.0625,-6.685955047607422,-5.718807220458984,
11.838,25.9375,26.85186767578125,23.8780517578125,-9.0625,-6.406719207763672,-5.332154273986816,
11.848,25.6875,26.63894271850586,23.75191307067871,-8.9375,-6.434647560119629,-5.159820079803467,
11.858,25.3125,26.343183517456055,23.527456283569336,-8.875,-6.418989658355713,-4.998990058898926,
11.868,24.75,25.949508666992188,23.193593978881836,-9,-6.6593337059021,-5.031189441680908,
11.878,24.0625,25.39878273010254,22.718074798583984,-9.25,-6.897584915161133,-5.114712238311768,
11.888,23.1875,24.71524429321289,22.103086471557617,-9.6875,-7.344149112701416,-5.374651908874512,
11.898,22.0625,23.812328338623047,21.30075454711914,-10.3125,-7.953438758850098,-5.80070686340332,
11.908,20.8125,22.678009033203125,20.301414489746094,-11.1875,-8.63407039642334,-6.343665599822998,
11.918,19.375,21.257749557495117,19.086021423339844,-12.25,-9.679510116577148,-7.191632270812988,
11.928,17.8125,19.609224319458008,17.6924991607666,-13.5,-11.037824630737305,-8.318591117858887,
11.938,16.125,17.78104019165039,16.155941009521484,-14.9375,-12.5931396484375,-9.644367218017578,
11.948,14.4375,15.759038925170898,14.485809326171875,-16.5,-14.358687400817871,-11.166109085083008,
11.958,12.6875,13.652958869934082,12.74704360961914,-18.125,-16.21303367614746,-12.792606353759766,
11.968,10.9375,11.57816219329834,11.002991676330566,-19.75,-18.056241989135742,-14.442404747009277,
11.978,9.1875,9.467309951782227,9.231706619262695,-21.3125,-19.831960678100586,-16.06382942199707,
11.988,7.4375,7.3836822509765625,7.466525554656982,-22.8125,-21.562952041625977,-17.65837287902832,
11.998,5.75,5.387536525726318,5.739217281341553,-24.1875,-23.115110397338867,-19.135398864746094,
12.008,4,3.440812587738037,4.0348405838012695,-25.5625,-24.576509475708008,-20.54094886779785,
12.018,2.375,1.4687117338180542,2.3244223594665527,-26.8125,-25.946199417114258,-21.870927810668945,
12.028,0.8125,-0.2307245135307312,0.7507885694503784,-27.8125,-27.356761932373047,-23.194828033447266,
12.038,-0.6875,-2.1055831909179688,-0.8753384947776794,-28.6875,-28.435407638549805,-24.268808364868164,
12.048,-2.125,-3.7986018657684326,-2.393219470977783,-29.375,-29.191211700439453,-25.097152709960938,
12.058,-3.4375,-5.076160430908203,-3.6891896724700928,-29.75,-29.561172485351562,-25.63340950012207,
12.068,-4.6875,-6.432708740234375,-4.961472034454346,-29.75,-29.605083465576172,-25.889284133911133,
12.078,-5.8125,-7.830319881439209,-6.192023754119873,-29.4375,-29.496170043945312,-25.95002555847168,
12.088,-6.875,-9.062453269958496,-7.31284236907959,-29,-29.017108917236328,-25.69849967956543,
12.098,-7.875,-10.04338264465332,-8.288990020751953,-28.25,-28.230958938598633,-25.185447692871094,
12.108,-8.75,-10.909651756286621,-9.172380447387695,-27.375,-27.066959381103516,-24.373098373413086,
12.118,-9.5625,-11.971900939941406,-10.10100269317627,-26.3125,-25.996150970458984,-23.547216415405273,
12.128,-10.1875,-12.702213287353516,-10.828446388244629,-25,-24.775999069213867,-22.56373405456543,
12.138,-10.6875,-13.468178749084473,-11.507389068603516,-23.625,-23.61189079284668,-21.544540405273438,
12.148,-11,-13.822338104248047,-11.928250312805176,-22,-21.906484603881836,-20.141033172607422,
12.158,-11.1875,-13.865723609924316,-12.133426666259766,-20.3125,-20.06551170349121,-18.600181579589844,
12.168,-11.375,-14.116811752319336,-12.385191917419434,-18.4375,-18.178741455078125,-16.991939544677734,
12.178,-11.5,-14.131531715393066,-12.50210952758789,-16.5,-16.20384979248047,-15.285428047180176,
12.188,-11.625,-14.18619441986084,-12.628594398498535,-14.5,-14.12519645690918,-13.477187156677246,
12.198,-11.875,-14.426557540893555,-12.856965065002441,-12.4375,-11.975237846374512,-11.591150283813477,
12.208,-12.125,-14.486722946166992,-13.029094696044922,-10.375,-9.773392677307129,-9.64918327331543,
12.218,-12.4375,-14.655323028564453,-13.270953178405762,-8.3125,-7.4832892417907715,-7.640246391296387,
12.228,-12.75,-15.01874828338623,-13.612231254577637,-6.1875,-5.322144508361816,-5.688063621520996,
12.238,-13,-15.388520240783691,-13.950900077819824,-4.0625,-3.2496259212493896,-3.7676477432250977,
12.248,-13.1875,-15.67507553100586,-14.230622291564941,-1.875,-0.9320264458656311,-1.6863704919815063,
12.258,-13.375,-15.906049728393555,-14.455657005310059,0.1875,1.3800528049468994,0.4045565128326416,
12.268,-13.375,-15.988426208496094,-14.575389862060547,2.25,3.7368674278259277,2.525934934616089,
12.278,-13.375,-15.964170455932617,-14.607848167419434,4.3125,5.986068248748779,4.577490329742432,
12.288,-13.3125,-15.910821914672852,-14.596463203430176,6.25,8.06822395324707,6.515388488769531,
12.298,-13.25,-15.77292537689209,-14.521428108215332,8.0625,10.125677108764648,8.411685943603516,
12.308,-13.125,-15.56904125213623,-14.402007102966309,9.75,12.1654634475708,10.26123332977295,
12.318,-13.0625,-15.320405006408691,-14.25986385345459,11.25,13.986356735229492,11.935590744018555,
12.328,-13.0625,-15.074963569641113,-14.125753402709961,12.625,15.557540893554688,13.415127754211426,
12.338,-13.0625,-14.961564064025879,-14.068998336791992,13.875,16.913192749023438,14.721257209777832,
12.348,-13.1875,-14.967411041259766,-14.092398643493652,14.9375,18.201650619506836,15.940914154052734,
12.358,-13.375,-15.035744667053223,-14.172447204589844,15.875,19.394872665405273,17.061519622802734,
12.368,-13.5625,-15.176736831665039,-14.31193733215332,16.75,20.457426071166992,18.063871383666992,
12.378,-13.8125,-15.368125915527344,-14.497520446777344,17.375,21.277799606323242,18.876054763793945,
12.388,-14.125,-15.637792587280273,-14.737441062927246,17.9375,21.947362899780273,19.54802894592285,
12.398,-14.375,-15.910685539245605,-14.995806694030762,18.3125,22.496028900146484,20.095190048217773,
12.408,-14.625,-16.15484619140625,-15.254393577575684,18.5625,22.92822265625,20.513290405273438,
12.418,-14.9375,-16.368974685668945,-15.510171890258789,18.625,23.20244789123535,20.77459144592285,
12.428,-15.1875,-16.51605796813965,-15.746932983398438,18.5,23.251239776611328,20.841955184936523,
12.438,-15.4375,-16.64653968811035,-15.986117362976074,18.3125,23.093915939331055,20.72705841064453,
12.448,-15.75,-16.78488540649414,-16.240571975708008,18,22.865257263183594,20.5159854888916,
12.458,-16,-16.92557144165039,-16.508832931518555,17.5625,22.578519821166992,20.224071502685547,
12.468,-16.3125,-17.078081130981445,-16.79063606262207,17.125,22.21999740600586,19.853174209594727,
12.478,-16.625,-17.297731399536133,-17.104108810424805,16.625,21.790021896362305,19.413646697998047,
12.488,-16.875,-17.532428741455078,-17.415096282958984,16.0625,21.329362869262695,18.939411163330078,
12.498,-17.0625,-17.810630798339844,-17.716861724853516,15.5,20.834426879882812,18.437101364135742,
12.508,-17.125,-18.154430389404297,-17.995468139648438,14.875,20.270658493041992,17.895641326904297,
12.518,-17.0625,-18.344139099121094,-18.130247116088867,14.3125,19.637739181518555,17.324901580810547,
12.528,-16.8125,-18.337671279907227,-18.082517623901367,13.75,18.93769073486328,16.734872817993164,
12.538,-16.3125,-18.149654388427734,-17.84798240661621,13.3125,18.208824157714844,16.157686233520508,
12.548,-15.6875,-17.79752540588379,-17.43471336364746,12.9375,17.581764221191406,15.684629440307617,
12.558,-14.875,-17.28780174255371,-16.8533992767334,12.8125,17.074064254760742,15.339059829711914,
12.568,-13.9375,-16.619951248168945,-16.114561080932617,12.75,16.71021270751953,15.141752243041992,
12.578,-12.875,-15.751049995422363,-15.210302352905273,12.9375,16.51446533203125,15.105450630187988,
12.588,-11.75,-14.774502754211426,-14.191049575805664,13.1875,16.45390510559082,15.201756477355957,
12.598,-10.5,-13.718286514282227,-13.07879638671875,13.5,16.502822875976562,15.4039306640625,
12.608,-9.1875,-12.558177947998047,-11.870905876159668,13.9375,16.684396743774414,15.716556549072266,
12.618,-7.8125,-11.39980411529541,-10.618969917297363,14.4375,16.944875717163086,16.10080909729004,
12.628,-6.3125,-10.233242988586426,-9.319477081298828,15,17.304868698120117,16.563194274902344,
12.638,-4.75,-8.920208930969238,-7.906655788421631,15.625,17.822935104370117,17.131847381591797,
12.648,-3.125,-7.49769926071167,-6.390629291534424,16.1875,18.396039962768555,17.736738204956055,
12.658,-1.3125,-6.0515456199646,-4.809069633483887,16.8125,18.956605911254883,18.326251983642578,
12.668,0.4375,-4.337008476257324,-3.0591511726379395,17.3125,19.542064666748047,18.911466598510742,
12.678,2.375,-2.5149073600769043,-1.2189215421676636,17.8125,20.083974838256836,19.442333221435547,
12.688,4.3125,-0.6014575958251953,0.6901642084121704,18.25,20.581697463989258,19.9147891998291,
12.698,6.25,1.369221806526184,2.6314620971679688,18.6875,21.064424514770508,20.34637451171875,
12.708,8.125,3.261568546295166,4.541074275970459,19,21.532379150390625,20.74185562133789,
12.718,9.875,5.305551052093506,6.5000104904174805,19.375,22.0203800201416,21.12740135192871,
12.728,11.4375,7.129849433898926,8.27347469329834,19.6875,22.492643356323242,21.486488342285156,
12.738,12.8125,8.858131408691406,9.899758338928223,19.9375,22.925024032592773,21.80498695373535,
12.748,14.0625,10.40058422088623,11.343300819396973,20.25,23.297374725341797,22.073694229125977,
12.758,15.0625,11.883502006530762,12.708702087402344,20.5,23.657909393310547,22.32269859313965,
12.768,15.8125,13.114972114562988,13.894030570983887,20.8125,23.998003005981445,22.554996490478516,
12.778,16.375,13.909168243408203,14.715656280517578,21.125,24.344316482543945,22.802616119384766,
12.788,16.6875,14.528955459594727,15.301515579223633,21.4375,24.835237503051758,23.15153694152832,
12.798,16.9375,14.989654541015625,15.700186729431152,21.875,25.249361038208008,23.48294448852539,
12.808,16.9375,15.322688102722168,15.94195556640625,22.375,25.719221115112305,23.880678176879883,
12.818,16.875,15.508108139038086,16.028114318847656,23,26.135164260864258,24.290803909301758,
12.828,16.75,15.452488899230957,15.927642822265625,23.75,26.811424255371094,24.911312103271484,
12.838,16.5,15.399123191833496,15.753303527832031,24.5,27.823974609375,25.78955078125,
12.848,16.125,15.222352027893066,15.451640129089355,25.0625,28.72638702392578,26.624168395996094,
12.858,15.75,15.052720069885254,15.124086380004883,25.375,29.60442543029785,27.40601921081543,
12.868,15.375,14.929031372070312,14.778413772583008,25.5625,30.116491317749023,27.965795516967773,
12.878,15,14.785386085510254,14.390912055969238,25.625,30.165786743164062,28.214017868041992,
12.888,14.6875,14.710112571716309,14.039480209350586,25.6875,29.970487594604492,28.248882293701172,
12.898,14.375,14.628211975097656,13.701936721801758,25.75,29.730440139770508,28.227025985717773,
12.908,14.375,14.36001205444336,13.292532920837402,25.75,29.653841018676758,28.297632217407227,
12.918,14.125,14.229272842407227,12.966724395751953,25.8125,29.811195373535156,28.49595069885254,
12.928,13.75,14.16124153137207,12.727100372314453,25.3125,29.689510345458984,28.476219177246094,
12.938,13.5625,13.992987632751465,12.490747451782227,24.6875,29.415016174316406,28.258073806762695,
12.948,13.4375,13.864535331726074,12.312200546264648,23.75,28.668132781982422,27.658756256103516,
12.958,13.4375,13.520668029785156,12.048532485961914,23.75,27.740781784057617,26.869905471801758,
12.968,13.3125,13.548131942749023,11.981301307678223,22.625,26.950794219970703,26.115554809570312,
12.978,13.1875,13.39102554321289,11.903488159179688,19.8125,25.640369415283203,24.965717315673828,
12.988,13.3125,12.962483406066895,11.783568382263184,18.1875,24.13361930847168,23.594894409179688,
12.998,13.625,12.921602249145508,11.92269229888916,16.3125,22.481441497802734,22.055328369140625,
13.008,13.625,12.778275489807129,12.048465728759766,16.3125,20.745235443115234,20.404748916625977,
13.018,14.0625,12.785990715026855,12.300201416015625,14.25,18.739578247070312,18.556377410888672,
13.028,15.375,13.156332015991211,12.826519966125488,9.75,16.65476417541504,16.60008430480957,
13.038,16.25,13.824488639831543,13.567459106445312,7.4375,14.316624641418457,14.433745384216309,
13.048,17.125,14.462259292602539,14.33639907836914,5.1875,11.939343452453613,12.220194816589355,
13.058,17.125,15.180826187133789,15.151674270629883,5.1875,9.51076889038086,9.960626602172852,
13.068,18.125,16.13454246520996,16.07394027709961,2.9375,7.014344215393066,7.655518054962158,
13.078,20.0625,17.349571228027344,17.10528564453125,-0.8125,4.844779968261719,5.576094627380371,
13.088,20.9375,18.427379608154297,18.05626678466797,-2.375,2.949479579925537,3.7525815963745117,
13.098,21.75,19.437501907348633,18.957368850708008,-3.6875,1.4118285179138184,2.213944435119629,
13.108,21.75,20.31358528137207,19.785140991210938,-3.6875,0.326883465051651,0.9989349842071533,
13.118,22.625,21.272951126098633,20.64586639404297,-5,-0.6367924809455872,-0.13396227359771729,
13.128,24.4375,22.300514221191406,21.53911590576172,-7.5,-1.6048370599746704,-1.2172151803970337,
13.138,25.3125,23.58795738220215,22.550559997558594,-8.75,-2.8108201026916504,-2.417254686355591,
13.148,26.125,24.82541847229004,23.517879486083984,-10.0625,-4.1724042892456055,-3.7037265300750732,
13.158,26.125,25.976545333862305,24.42276382446289,-10.0625,-5.424986839294434,-4.932819843292236,
13.168,26.8125,27.10509490966797,25.29794692993164,-11.25,-6.764863967895508,-6.2040534019470215,
13.178,27.6875,27.768951416015625,25.871675491333008,-13.3125,-7.91810417175293,-7.317724704742432,
13.188,27.6875,28.098453521728516,26.153444290161133,-13.9375,-8.80713176727295,-8.185323715209961,
13.198,27.5,28.24728775024414,26.23590087890625,-14.375,-9.697864532470703,-8.940031051635742,
13.208,27.5,28.485336303710938,26.294065475463867,-14.375,-10.31119155883789,-9.468860626220703,
13.218,27.0625,28.280336380004883,26.097644805908203,-14.6875,-10.72795581817627,-9.82138729095459,
13.228,25.625,27.543521881103516,25.552337646484375,-14.9375,-11.015182495117188,-10.013259887695312,
13.238,24.75,26.473724365234375,24.74642562866211,-15.0625,-11.24828052520752,-10.115492820739746,
13.248,23.625,25.50238037109375,23.888038635253906,-15.0625,-11.653722763061523,-10.29581069946289,
13.258,23.625,24.44058609008789,22.934906005859375,-15.0625,-12.020691871643066,-10.442464828491211,
13.268,22.375,23.091228485107422,21.81226348876953,-15,-12.24240493774414,-10.50127124786377,
13.278,19.4375,21.502927780151367,20.498580932617188,-14.875,-12.273944854736328,-10.432284355163574,
13.288,17.8125,19.82476806640625,19.05788230895996,-14.875,-12.53990650177002,-10.5042085647583,
13.298,16.125,18.144153594970703,17.557016372680664,-14.9375,-12.67800235748291,-10.512646675109863,
13.308,16.125,16.286396026611328,15.944854736328125,-14.9375,-12.838906288146973,-10.563780784606934,
13.318,14.4375,14.394057273864746,14.306001663208008,-15.0625,-13.191612243652344,-10.747276306152344,
13.328,11.0625,12.409595489501953,12.627063751220703,-15.625,-13.479676246643066,-10.920197486877441,
13.338,9.4375,10.456633567810059,10.968780517578125,-16.0625,-13.89120864868164,-11.226317405700684,
13.348,7.8125,8.566581726074219,9.352787017822266,-16.6875,-14.494473457336426,-11.698158264160156,
13.358,7.8125,6.762484073638916,7.785085201263428,-16.6875,-14.98350715637207,-12.150853157043457,
13.368,6.25,5.014058589935303,6.245368957519531,-17.4375,-15.735441207885742,-12.794047355651855,
13.378,3.125,3.2237067222595215,4.687097549438477,-19.3125,-16.741710662841797,-13.649004936218262,
13.388,1.5625,1.3796515464782715,3.1019186973571777,-20.5,-17.841114044189453,-14.638635635375977,
13.398,0,-0.6012793183326721,1.4582734107971191,-21.75,-19.01028060913086,-15.725522994995117,
13.408,0,-2.630699634552002,-0.20524774491786957,-21.75,-20.30910301208496,-16.925294876098633,
13.418,-1.4375,-4.527683258056641,-1.8040447235107422,-23.125,-21.681804656982422,-18.21501350402832,
13.428,-4.25,-6.41293478012085,-3.3802716732025146,-26.0625,-23.113386154174805,-19.58185577392578,
13.438,-5.4375,-8.108404159545898,-4.84199333190918,-27.5625,-24.967958450317383,-21.236547470092773,
13.448,-6.5,-9.996891021728516,-6.333428382873535,-29,-26.571712493896484,-22.767013549804688,
13.458,-6.5,-11.53731632232666,-7.60673713684082,-29,-28.285907745361328,-24.370508193969727,
13.468,-7.0625,-12.581208229064941,-8.539438247680664,-29.875,-29.548198699951172,-25.674007415771484,
13.478,-7.25,-13.414460182189941,-9.209078788757324,-30.1875,-30.351299285888672,-26.559818267822266,
13.488,-7.0625,-13.916691780090332,-9.580522537231445,-30.125,-30.965787887573242,-27.16006851196289,
13.498,-6.875,-12.99637222290039,-9.222283363342285,-30,-29.86051368713379,-26.621604919433594,
13.508,-6.875,-11.762203216552734,-8.687959671020508,-30,-28.717390060424805,-25.998010635375977,
13.518,-6.875,-11.04093074798584,-8.392960548400879,-30.125,-28.4110050201416,-25.860492706298828,
13.528,-6.9375,-11.104403495788574,-8.487467765808105,-30.375,-29.120223999023438,-26.354063034057617,
13.538,-6.875,-11.55898666381836,-8.78370189666748,-30.375,-29.832799911499023,-26.86184310913086,
13.548,-6.8125,-11.433030128479004,-8.815875053405762,-30.3125,-29.644609451293945,-26.818273544311523,
13.558,-6.8125,-10.804853439331055,-8.590496063232422,-30.3125,-28.956022262573242,-26.460613250732422,
13.568,-6.6875,-10.21163558959961,-8.334609985351562,-30.1875,-28.6234130859375,-26.303857803344727,
13.578,-6.4375,-9.903361320495605,-8.174721717834473,-30.1875,-28.742473602294922,-26.407045364379883,
13.588,-6.4375,-9.707324981689453,-8.065540313720703,-30.1875,-29.041706085205078,-26.622982025146484,
13.598,-6.4375,-9.510211944580078,-7.977143287658691,-30.1875,-28.93227195739746,-26.617084503173828,
13.608,-6.4375,-9.196806907653809,-7.8554911613464355,-30.1875,-28.762310028076172,-26.583404541015625,
13.618,-6.5,-9.053613662719727,-7.813793659210205,-30,-28.565719604492188,-26.519588470458984,
13.628,-6.75,-8.932352066040039,-7.786548137664795,-29.1875,-28.333843231201172,-26.40949058532715,
13.638,-6.9375,-8.750927925109863,-7.732654571533203,-28.5625,-27.896568298339844,-26.135875701904297,
13.648,-7.25,-8.809988975524902,-7.782043933868408,-27.6875,-27.328126907348633,-25.740020751953125,
13.658,-7.25,-9.032173156738281,-7.917320728302002,-27.6875,-26.508655548095703,-25.158498764038086,
13.668,-7.625,-9.719490051269531,-8.282865524291992,-26.625,-25.431968688964844,-24.37249755859375,
13.678,-8.5,-10.645522117614746,-8.786504745483398,-24.125,-24.08618927001953,-23.36595916748047,
13.688,-9,-11.259502410888672,-9.179944038391113,-22.8125,-22.55112075805664,-22.202489852905273,
13.698,-9,-12.160990715026855,-9.738361358642578,-22.8125,-20.995176315307617,-20.9840087890625,
13.708,-9.625,-12.802372932434082,-10.226560592651367,-21.5,-19.28101348876953,-19.66032600402832,
13.718,-10.3125,-13.550028800964355,-10.802696228027344,-20.125,-17.90241241455078,-18.545557022094727,
13.728,-11.8125,-14.422417640686035,-11.478777885437012,-17.4375,-16.374897003173828,-17.3239688873291,
13.738,-12.625,-15.123404502868652,-12.112580299377441,-16.25,-14.576517105102539,-15.938191413879395,
13.748,-12.625,-16.021820068359375,-12.864696502685547,-16.25,-13.13599967956543,-14.78238296508789,
13.758,-13.5625,-16.83636474609375,-13.627631187438965,-14.875,-11.652613639831543,-13.628250122070312,
13.768,-14.75,-17.985078811645508,-14.634061813354492,-13.5625,-10.31917953491211,-12.541289329528809,
13.778,-14.75,-19.466039657592773,-15.858312606811523,-13.5625,-8.63198471069336,-11.239870071411133,
13.788,-17.3125,-21.20705223083496,-17.258039474487305,-10.75,-6.5286478996276855,-9.675171852111816,
13.798,-18.625,-22.777395248413086,-18.63459587097168,-9.4375,-4.90783166885376,-8.341212272644043,
13.808,-19.9375,-24.185474395751953,-19.950862884521484,-8.0625,-3.567732095718384,-7.16149377822876,
13.818,-21.0625,-25.628103256225586,-21.260168075561523,-6.6875,-2.168447971343994,-5.927921295166016,
13.828,-21.0625,-26.660890579223633,-22.332475662231445,-6.6875,-0.527655839920044,-4.5323991775512695,
13.838,-22.875,-27.733556747436523,-23.3616943359375,-4.0625,0.9427317976951599,-3.2367660999298096,
13.848,-23.625,-28.74091148376465,-24.300813674926758,-2.625,2.46209979057312,-1.8930017948150635,
13.858,-24.1875,-29.353721618652344,-24.997867584228516,-1.25,3.828388214111328,-0.6107480525970459,
13.868,-24.5625,-29.830690383911133,-25.55953598022461,0.0625,5.122542858123779,0.6424535512924194,
13.878,-24.5625,-30.341548919677734,-26.059101104736328,0.0625,6.880122184753418,2.1930034160614014,
13.888,-24.9375,-30.50828742980957,-26.344457626342773,2.9375,8.43400764465332,3.657527446746826,
13.898,-25,-30.494688034057617,-26.508647918701172,4.375,9.958943367004395,5.114750385284424,
13.908,-25.0625,-30.308473587036133,-26.5648250579834,5.75,11.379687309265137,6.517815113067627,
13.918,-25.125,-30.16227912902832,-26.617435455322266,7.0625,12.707545280456543,7.886524677276611,
13.928,-25.1875,-30.166446685791016,-26.716468811035156,8.375,14.063165664672852,9.298375129699707,
13.938,-25.1875,-30.169822692871094,-26.7628116607666,8.375,15.212212562561035,10.586628913879395,
13.948,-25.0625,-29.972503662109375,-26.652467727661133,9.5,16.328685760498047,11.821939468383789,
13.958,-24.5625,-29.754995346069336,-26.485410690307617,11.1875,17.325695037841797,12.931853294372559,
13.968,-24.25,-29.436222076416016,-26.24536895751953,11.75,18.070308685302734,13.815823554992676,
13.978,-24.25,-28.821958541870117,-25.862802505493164,11.75,18.234647750854492,14.278226852416992,
13.988,-23.9375,-28.214189529418945,-25.488887786865234,12.125,18.246997833251953,14.599250793457031,
13.998,-23.6875,-27.858638763427734,-25.22925567626953,12.5625,18.43479347229004,15.02433967590332,
14.008,-23.125,-27.646432876586914,-25.021583557128906,13.5,18.78592872619629,15.564504623413086,
14.018,-22.875,-27.468128204345703,-24.81366539001465,13.9375,19.20315170288086,16.149812698364258,
14.028,-22.5625,-27.089584350585938,-24.510055541992188,14.375,19.492794036865234,16.64517593383789,
14.038,-22.25,-26.565393447875977,-24.141462326049805,14.75,19.671724319458008,17.04681396484375,
14.048,-21.9375,-26.031963348388672,-23.76949119567871,15.125,19.85337257385254,17.420665740966797,
14.058,-21.625,-25.71140480041504,-23.49480628967285,15.4375,19.99991798400879,17.757169723510742,
14.068,-21.375,-25.462875366210938,-23.25188446044922,15.75,20.170879364013672,18.106748580932617,
14.078,-21.125,-25.250572204589844,-23.017696380615234,16.125,20.251014709472656,18.41500473022461,
14.088,-20.8125,-25.012054443359375,-22.75555992126465,16.4375,20.396759033203125,18.777454376220703,
14.098,-20.4375,-24.738792419433594,-22.444589614868164,16.75,20.515846252441406,19.140228271484375,
14.108,-20,-24.555559158325195,-22.1157283782959,17.0625,20.670522689819336,19.535276412963867,
14.118,-19.3125,-24.26926040649414,-21.66293716430664,17.25,20.73760986328125,19.879730224609375,
14.128,-18.5625,-23.82572364807129,-21.048614501953125,17.4375,20.64504051208496,20.12555503845215,
14.138,-17.5625,-23.17388916015625,-20.241836547851562,17.625,20.60538673400879,20.39821434020996,
14.148,-16.375,-22.402719497680664,-19.278182983398438,17.75,20.305862426757812,20.51040267944336,
14.158,-15.125,-21.639968872070312,-18.233421325683594,18,20.15764808654785,20.714731216430664,
14.168,-13.75,-20.558788299560547,-16.989126205444336,18.375,20.049341201782227,20.959049224853516,
14.178,-12.375,-19.470609664916992,-15.699646949768066,18.875,19.881622314453125,21.180131912231445,
14.188,-10.9375,-18.337875366210938,-14.360113143920898,19.4375,20.16684341430664,21.686840057373047,
14.198,-9.4375,-17.032041549682617,-12.906695365905762,20,20.647476196289062,22.3189640045166,
14.208,-7.875,-15.95759391784668,-11.507991790771484,20.625,21.165409088134766,22.968509674072266,
14.218,-6.125,-14.666443824768066,-9.957391738891602,21.1875,21.64681625366211,23.579544067382812,
14.228,-4.3125,-13.303143501281738,-8.317519187927246,21.6875,22.132266998291016,24.158809661865234,
14.238,-2.375,-11.80341625213623,-6.564550399780273,22,22.51765251159668,24.626514434814453,
14.248,-0.375,-10.02642822265625,-4.646719932556152,22.25,23.01189613342285,25.099149703979492,
14.258,1.625,-8.023737907409668,-2.60351824760437,22.375,23.245084762573242,25.350950241088867,
14.268,3.6875,-5.955873489379883,-0.52784264087677,22.375,23.339365005493164,25.45262908935547,
14.278,5.625,-4.11899471282959,1.42161226272583,22.25,23.34027099609375,25.438743591308594,
14.288,7.5625,-2.0288100242614746,3.4418177604675293,22.125,23.476394653320312,25.456558227539062,
14.298,9.375,0.10204428434371948,5.429562568664551,21.875,23.54320526123047,25.392332077026367,
14.308,11.125,2.147390604019165,7.3113484382629395,21.625,23.55078125,25.25817108154297,
14.318,12.625,3.759072780609131,8.915204048156738,21.25,23.327571868896484,24.959440231323242,
14.328,14,5.6200103759765625,10.533025741577148,20.8125,23.25630760192871,24.72093963623047,
14.338,15.3125,7.1858015060424805,11.934938430786133,20.375,23.053848266601562,24.378135681152344,
14.348,16.375,8.65656852722168,13.207974433898926,19.8125,22.830781936645508,24.004419326782227,
14.358,17.5,9.87197494506836,14.305490493774414,19.25,22.54099464416504,23.58001136779785,
14.368,18.5625,11.104085922241211,15.375553131103516,18.75,22.144001007080078,23.093460083007812,
14.378,19.625,12.427382469177246,16.459182739257812,18.25,21.78830337524414,22.648426055908203,
14.388,20.75,13.904871940612793,17.589012145996094,17.75,21.4315242767334,22.230464935302734,
14.398,21.8125,15.417911529541016,18.7113094329834,17.3125,21.012256622314453,21.795835494995117,
14.408,22.75,17.232437133789062,19.923011779785156,16.8125,20.823326110839844,21.51677703857422,
14.418,23.4375,18.67766571044922,20.897607803344727,16.3125,20.356422424316406,21.08053207397461,
14.428,24,19.840099334716797,21.652698516845703,15.8125,19.874439239501953,20.63054084777832,
14.438,24.3125,20.8796443939209,22.255081176757812,15.3125,19.354629516601562,20.152706146240234,
14.448,24.375,21.4259090423584,22.540468215942383,14.8125,18.882080078125,19.699350357055664,
14.458,24.375,21.756664276123047,22.642108917236328,14.3125,18.46368980407715,19.290359497070312,
14.468,24.3125,21.8565731048584,22.57611656188965,13.875,18.00545310974121,18.88454818725586,
14.478,24.1875,21.898067474365234,22.436159133911133,13.4375,17.624839782714844,18.553232192993164,
14.488,24.0625,22.117050170898438,22.343767166137695,12.9375,17.096263885498047,18.149511337280273,
14.498,23.875,22.268213272094727,22.209291458129883,12.3125,16.563819885253906,17.72955894470215,
14.508,23.8125,22.413541793823242,22.08147430419922,11.5,15.910502433776855,17.199451446533203,
14.518,23.75,22.599262237548828,22.002973556518555,10.5,14.914539337158203,16.402875900268555,
14.528,23.8125,22.725866317749023,21.952972412109375,9.375,13.798762321472168,15.46892261505127,
14.538,23.9375,22.852909088134766,21.95946502685547,8.125,12.492133140563965,14.352042198181152,
14.548,24.125,23.158863067626953,22.100889205932617,6.6875,11.274606704711914,13.211709022521973,
14.558,24.375,23.344009399414062,22.242855072021484,5,9.78250789642334,11.823841094970703,
14.568,24.6875,23.730058670043945,22.518705368041992,3.1875,8.156745910644531,10.264323234558105,
14.578,25,24.049272537231445,22.80319595336914,1.25,6.364567756652832,8.513532638549805,
14.588,25.375,24.178922653198242,23.03900146484375,-0.8125,4.379452705383301,6.555135726928711,
14.598,25.8125,24.44291877746582,23.375,-3.125,2.4425575733184814,4.536212921142578,
14.608,26.375,24.720909118652344,23.762714385986328,-5.5,0.37005722522735596,2.361034631729126,
14.618,27.0625,25.307607650756836,24.331876754760742,-7.875,-1.7926456928253174,0.06916917860507965,
14.628,28,26.6467227935791,25.3148193359375,-10.4375,-4.3345723152160645,-2.4980995655059814,
14.638,28.75,27.87151527404785,26.265003204345703,-12.75,-6.262206077575684,-4.741236209869385,
14.648,28.8125,28.591323852539062,26.81621742248535,-14.25,-7.866864204406738,-6.717807769775391,
14.658,28.625,29.164636611938477,27.08646583557129,-15.1875,-9.413793563842773,-8.474369049072266,
14.668,28.25,29.777986526489258,27.234811782836914,-15.8125,-10.755354881286621,-9.91943645477295,
14.678,27.75,29.1933650970459,26.763080596923828,-16.125,-9.799447059631348,-9.881861686706543,
14.688,27.3125,27.79261589050293,25.904088973999023,-16.4375,-8.798042297363281,-9.728936195373535,
14.698,27.25,27.498159408569336,25.611080169677734,-16.9375,-8.077369689941406,-9.652013778686523,
14.708,27.125,27.386903762817383,25.48406982421875,-17.375,-8.120086669921875,-9.934314727783203,
14.718,27.0625,28.310964584350586,25.841447830200195,-17.75,-9.352639198303223,-10.819083213806152,
14.728,26.875,28.968643188476562,26.070907592773438,-18.125,-10.62592887878418,-11.665970802307129,
14.738,26.5625,28.765745162963867,25.88066291809082,-18.5,-11.322656631469727,-12.179527282714844,
14.748,26.3125,27.828746795654297,25.33563804626465,-18.6875,-11.366400718688965,-12.3089017868042,
14.758,26.0625,27.324111938476562,24.987895965576172,-18.875,-11.549623489379883,-12.472882270812988,
14.768,25.8125,27.34065055847168,24.889822006225586,-19.0625,-11.914050102233887,-12.68853759765625,
14.778,25.5625,27.5922908782959,24.897247314453125,-19.125,-11.949195861816406,-12.658012390136719,
14.788,25.125,27.486499786376953,24.7087345123291,-19.3125,-12.040868759155273,-12.629073143005371,
14.798,24.5,27.026079177856445,24.289705276489258,-19.5625,-12.509106636047363,-12.816606521606445,
14.808,23.6875,26.25763702392578,23.655946731567383,-19.75,-13.01490592956543,-13.019643783569336,
14.818,22.75,25.323646545410156,22.869216918945312,-19.9375,-13.59090805053711,-13.243929862976074,
14.828,21.625,24.31189727783203,21.968944549560547,-20.25,-14.125185012817383,-13.452260971069336,
14.838,20.5,23.079912185668945,20.928546905517578,-20.5,-14.9196138381958,-13.843308448791504,
14.848,19.4375,21.44915008544922,19.70743751525879,-20.75,-15.791751861572266,-14.280961036682129,
14.858,18.25,19.776016235351562,18.450422286987305,-20.9375,-16.58466339111328,-14.685722351074219,
14.868,17.125,18.158666610717773,17.194042205810547,-21.125,-17.258047103881836,-15.038068771362305,
14.878,15.8125,16.36557960510254,15.82710075378418,-21.125,-17.514087677001953,-15.137784004211426,
14.888,14.3125,15.076623916625977,14.609993934631348,-21,-17.994110107421875,-15.348156929016113,
14.898,12.5625,13.33828353881836,13.093204498291016,-20.8125,-18.335451126098633,-15.453601837158203,
14.908,10.625,11.32815170288086,11.342622756958008,-20.5,-18.048969268798828,-15.175471305847168,
14.918,8.5,9.400883674621582,9.562854766845703,-20.375,-17.769512176513672,-14.904348373413086,
14.928,6.1875,7.246852874755859,7.614339828491211,-20.25,-17.518808364868164,-14.677520751953125,
14.938,3.9375,4.545273780822754,5.3460469245910645,-20.375,-17.381057739257812,-14.562440872192383,
14.948,1.75,1.7175132036209106,2.999598503112793,-20.75,-17.74140167236328,-14.822551727294922,
14.958,-0.25,-0.8184574842453003,0.8136882781982422,-21.375,-18.151479721069336,-15.20726490020752,
14.968,-0.25,-3.252685070037842,-1.3015002012252808,-21.375,-18.54762840270996,-15.669672966003418,
14.978,-2.125,-5.627801418304443,-3.3575828075408936,-22.1875,-19.04530906677246,-16.245006561279297,
14.988,-5.6875,-7.756803035736084,-5.2515788078308105,-24.25,-19.943937301635742,-17.132368087768555,
14.998,-7.375,-9.635231018066406,-6.988435745239258,-25.375,-21.05140495300293,-18.21383285522461,
15.008,-9,-11.435879707336426,-8.657535552978516,-26.5625,-22.240982055664062,-19.38999366760254,
15.018,-10.5625,-13.296964645385742,-10.326473236083984,-27.75,-23.356765747070312,-20.56010627746582,
15.028,-12,-15.362944602966309,-12.059758186340332,-28.9375,-24.472108840942383,-21.755861282348633,
15.038,-12.8125,-16.923568725585938,-13.438345909118652,-29.5,-25.02295684814453,-22.567834854125977,
15.048,-13.1875,-17.918867111206055,-14.354024887084961,-29.625,-25.372194290161133,-23.084739685058594,
15.058,-13.25,-18.816030502319336,-15.038244247436523,-29.5625,-25.99782943725586,-23.601699829101562,
15.068,-13.25,-19.78914451599121,-15.642806053161621,-29.5625,-26.55590057373047,-23.996959686279297,
15.078,-13.0625,-20.20294189453125,-15.932291984558105,-29.3125,-26.51517105102539,-23.979825973510742,
15.088,-12.5,-18.711950302124023,-15.324372291564941,-29.1875,-25.508195877075195,-23.340503692626953,
15.098,-12.375,-16.96849822998047,-14.611568450927734,-29.375,-25.133390426635742,-23.104894638061523,
15.108,-12.125,-16.26087760925293,-14.366153717041016,-29.5625,-25.518911361694336,-23.32910919189453,
15.118,-12.125,-16.694395065307617,-14.59901237487793,-29.5625,-26.209131240844727,-23.75365447998047,
15.128,-11.75,-16.719335556030273,-14.64546012878418,-29.75,-26.599088668823242,-23.973581314086914,
15.138,-10.375,-15.599682807922363,-14.055136680603027,-29.6875,-26.354829788208008,-23.772077560424805,
15.148,-9.0625,-13.780634880065918,-12.922249794006348,-29.125,-26.06707000732422,-23.465126037597656,
15.158,-7.3125,-11.889575958251953,-11.521068572998047,-28.4375,-25.876550674438477,-23.144655227661133,
15.168,-7.3125,-10.097816467285156,-10.039286613464355,-28.4375,-25.595670700073242,-22.722171783447266,
15.178,-5.3125,-8.130960464477539,-8.37370491027832,-27.625,-24.89756202697754,-22.053546905517578,
15.188,-0.5625,-5.254786014556885,-6.158313274383545,-25.75,-23.622390747070312,-21.021814346313477,
15.198,1.8125,-2.1021738052368164,-3.700671672821045,-24.9375,-22.454280853271484,-20.03945541381836,
15.208,4.375,0.7314306497573853,-1.3213611841201782,-24.125,-21.588241577148438,-19.26012420654297,
15.218,4.375,3.170642614364624,0.9257904291152954,-24.125,-20.86712646484375,-18.597654342651367,
15.228,6.9375,6.018429756164551,3.3782286643981934,-23.375,-19.921783447265625,-17.82908821105957,
15.238,12.25,8.87555980682373,5.866362571716309,-22.25,-19.01873207092285,-17.118955612182617,
15.248,15,11.932857513427734,8.49732780456543,-21.6875,-18.155712127685547,-16.486011505126953,
15.258,17.9375,15.228035926818848,11.300125122070312,-21.3125,-17.36821174621582,-15.929326057434082,
15.268,17.9375,18.11768913269043,13.970205307006836,-21.3125,-16.761674880981445,-15.528849601745605,
15.278,20.8125,21.591033935546875,16.916900634765625,-21.0625,-16.47211456298828,-15.349485397338867,
15.288,25.8125,25.188800811767578,19.78337287902832,-19.9375,-15.279974937438965,-14.588735580444336,
15.298,26.9375,26.743572235107422,21.423606872558594,-18.75,-13.624743461608887,-13.369925498962402,
15.308,27.75,28.892915725708008,23.035070419311523,-17.3125,-13.165373802185059,-12.71094799041748,
15.318,27.75,30.23565673828125,24.161113739013672,-17.3125,-12.3707857131958,-11.766197204589844,
15.328,28.25,30.61622428894043,24.7537784576416,-15.8125,-11.108155250549316,-10.505962371826172,
15.338,29.125,30.615446090698242,25.06378936767578,-13.375,-8.827735900878906,-8.700599670410156,
15.348,29.625,30.326374053955078,25.237852096557617,-12.25,-7.12870979309082,-7.272242069244385,
15.358,30,31.1586971282959,25.888343811035156,-11.1875,-6.236701011657715,-6.27864933013916,
15.368,30,32.963829040527344,26.935060501098633,-11.1875,-5.64324426651001,-5.483608722686768,
15.378,30.1875,33.72654724121094,27.488182067871094,-10.3125,-4.912308692932129,-4.564117908477783,
15.388,30.5,33.45270919799805,27.527076721191406,-8.25,-4.30950403213501,-3.733820915222168,
15.398,30.6875,32.67010498046875,27.326366424560547,-6.875,-3.431525707244873,-2.7060387134552,
15.408,30.9375,32.61097717285156,27.445369720458984,-5.1875,-2.336461067199707,-1.4559766054153442,
15.418,30.9375,33.14506912231445,27.817413330078125,-5.1875,-1.2958238124847412,-0.16785846650600433,
15.428,31.125,34.098087310791016,28.355937957763672,-3.3125,0.22745762765407562,1.4675202369689941,
15.438,31,34.26862716674805,28.479419708251953,0.5625,1.546377420425415,3.0465192794799805,
15.448,30.75,33.68618392944336,28.174060821533203,2.5,2.9328575134277344,4.696135520935059,
15.458,30.3125,33.322242736816406,27.884206771850586,4.4375,4.720856666564941,6.583058834075928,
15.468,30.3125,32.99129104614258,27.558849334716797,4.4375,6.2465739250183105,8.298589706420898,
15.478,29.75,32.74470520019531,27.209327697753906,6.3125,7.870863437652588,10.049386978149414,
15.488,28.1875,32.182308197021484,26.629995346069336,9.8125,9.535236358642578,11.786833763122559,
15.498,27.125,31.606351852416992,25.979564666748047,11.5,10.929014205932617,13.3128080368042,
15.508,25.875,30.33242416381836,24.91090965270996,13.0625,12.075813293457031,14.636626243591309,
15.518,25.875,29.40290641784668,23.894006729125977,13.0625,13.812899589538574,16.278671264648438,
15.528,24.5,28.317062377929688,22.765850067138672,14.5625,15.376328468322754,17.768898010253906,
15.538,21.5,27.005695343017578,21.490127563476562,17.25,16.747133255004883,19.09379005432129,
15.548,19.8125,25.72686004638672,20.17270851135254,18.5,17.890958786010742,20.232158660888672,
15.558,19.8125,23.996105194091797,18.597110748291016,18.5,19.282909393310547,21.484695434570312,
15.568,18.125,22.699129104614258,17.176376342773438,19.5625,20.250471115112305,22.464170455932617,
15.578,16.5,20.660263061523438,15.423698425292969,20.5625,21.40998077392578,23.51482391357422,
15.588,16.5,18.833879470825195,13.773604393005371,20.5625,22.472360610961914,24.478260040283203,
15.598,13.5,17.403926849365234,12.319957733154297,22.1875,23.33816146850586,25.28419303894043,
15.608,12.125,16.347631454467773,11.048733711242676,22.9375,23.94576644897461,25.91288185119629,
15.618,10.75,14.945978164672852,9.628189086914062,23.6875,24.671350479125977,26.59121322631836,
15.628,9.375,13.654593467712402,8.251397132873535,24.3125,25.44368553161621,27.288768768310547,
15.638,9.375,12.438131332397461,6.908371448516846,24.3125,26.29718017578125,28.007741928100586,
15.648,6.625,11.365485191345215,5.612710952758789,25.4375,26.818796157836914,28.5014591217041,
15.658,5.125,11.365485191345215,5.612710952758789,25.9375,27.36798667907715,28.5014591217041,
15.668,3.625,9.41668701171875,3.031236171722412,26.25,27.619176864624023,29.263425827026367,
15.678,2,7.99613094329834,1.5075300931930542,26.625,28.022869110107422,29.59291648864746,
15.688,2,6.3904337882995605,-0.11792753636837006,26.625,28.570802688598633,29.988086700439453,
15.698,-1.3125,4.731262683868408,-0.11792753636837006,26.875,29.05927848815918,30.30982208251953,
15.708,-2.875,4.731262683868408,-1.7528983354568481,26.75,29.05927848815918,30.30982208251953,
15.718,-4.375,1.1701138019561768,-5.004467010498047,26.4375,29.172306060791016,30.26153564453125,
15.728,-5.75,-0.5440521240234375,-6.536815643310547,26,28.656957626342773,29.811342239379883,
15.738,-5.75,-0.5440521240234375,-6.536815643310547,26,28.656957626342773,29.811342239379883,
15.748,-8.25,-2.1129231452941895,-7.964049339294434,25.1875,28.127973556518555,29.309106826782227,
15.758,-9.25,-3.357635259628296,-9.202853202819824,24.75,27.75889015197754,28.88482093811035,
15.768,-10.25,-5.355774402618408,-11.280506134033203,24.3125,27.495208740234375,28.310359954833984,
15.778,-11.1875,-6.1574225425720215,-12.160734176635742,23.8125,27.09441375732422,27.84660530090332,
15.788,-11.1875,-6.1574225425720215,-12.160734176635742,23.8125,27.09441375732422,27.84660530090332,
15.798,-13.125,-6.9853715896606445,-13.022275924682617,22.5625,26.483257293701172,27.24695587158203,
15.808,-14.0625,-7.986973762512207,-13.9480619430542,21.875,25.79696273803711,26.591259002685547,
15.818,-15.0625,-10.147875785827637,-15.823272705078125,21.1875,24.93375587463379,25.559730529785156,
15.828,-16.0625,-11.344680786132812,-16.783235549926758,20.375,24.36476707458496,24.962020874023438,
15.838,-16.0625,-12.588486671447754,-17.7340030670166,20.375,23.617050170898438,24.259132385253906,
15.848,-16.9375,-12.588486671447754,-17.7340030670166,19.625,23.617050170898438,24.259132385253906,
15.858,-18.625,-13.723817825317383,-18.604415893554688,17.8125,22.750141143798828,23.484533309936523,
15.868,-19.3125,-15.735580444335938,-20.16563606262207,16.8125,21.11193084716797,21.901531219482422,
15.878,-20,-16.555034637451172,-20.840726852416992,15.625,20.32745933532715,21.065658569335938,
15.888,-20,-17.398439407348633,-21.51610565185547,15.625,19.24043083190918,20.001794815063477,
15.898,-20.625,-17.398439407348633,-21.51610565185547,14.375,19.24043083190918,20.001794815063477,
15.908,-21.6875,-18.189393997192383,-22.153289794921875,11.4375,17.986434936523438,18.778335571289062,
15.918,-22.125,-19.57320785522461,-23.256351470947266,9.75,15.323277473449707,16.08348846435547,
15.928,-22.5625,-20.26116943359375,-23.751827239990234,8,13.88073444366455,14.619043350219727,
15.938,-22.5625,-20.26116943359375,-23.751827239990234,8,13.88073444366455,14.619043350219727,
15.948,-23.3125,-20.878000259399414,-24.1940975189209,4.375,12.037302017211914,12.913474082946777,
15.958,-23.6875,-21.338178634643555,-24.538063049316406,2.625,9.979241371154785,11.089948654174805,
15.968,-24,-22.830684661865234,-25.402053833007812,0.875,6.216595649719238,7.761821269989014,
15.978,-24.25,-23.51879119873047,-25.769458770751953,-0.6875,4.277322769165039,6.124258995056152,
15.988,-24.25,-23.51879119873047,-25.769458770751953,-0.6875,4.277322769165039,6.124258995056152,
15.998,-24.4375,-23.974180221557617,-26.00318717956543,-3.625,2.368105173110962,4.538487911224365,
16.008,-24.375,-24.059024810791016,-26.032865524291992,-5.0625,0.4715668559074402,2.9882946014404297,
16.018,-24.1875,-23.877185821533203,-25.79568862915039,-6.375,-2.815915584564209,0.20698434114456177,
16.028,-23.9375,-23.669864654541016,-25.575620651245117,-7.75,-4.299437999725342,-1.1172033548355103,
16.038,-23.9375,-23.31287384033203,-25.28571128845215,-7.75,-5.70051908493042,-2.4179489612579346,
16.048,-23.75,-23.31287384033203,-25.28571128845215,-9.0625,-5.70051908493042,-2.4179489612579346,
16.058,-23.625,-23.059432983398438,-25.048236846923828,-10.375,-7.068437576293945,-3.71128249168396,
16.068,-23.5,-22.83184051513672,-24.781383514404297,-13,-9.670446395874023,-6.22194766998291,
16.078,-23.625,-22.864604949951172,-24.772851943969727,-14.375,-10.862470626831055,-7.423972129821777,
16.088,-23.625,-22.864604949951172,-24.772851943969727,-14.375,-10.862470626831055,-7.423972129821777,
16.098,-23.8125,-23.00330924987793,-24.864702224731445,-15.8125,-12.30691909790039,-8.801431655883789,
16.108,-24.0625,-23.49298667907715,-25.157609939575195,-17.25,-15.419353485107422,-11.743943214416504,
16.118,-23.75,-24.028987884521484,-25.319934844970703,-19.1875,-16.84451675415039,-13.074170112609863,
16.128,-23.3125,-23.980316162109375,-25.125118255615234,-19.875,-17.300884246826172,-13.741484642028809,
16.138,-22.6875,-23.236984252929688,-24.542924880981445,-20.4375,-17.143997192382812,-13.998291015625,
16.148,-22.6875,-22.193620681762695,-23.76521873474121,-20.4375,-16.89626693725586,-14.164772033691406,
16.158,-22,-21.31412696838379,-23.043352127075195,-21.125,-17.384227752685547,-14.761150360107422,
16.168,-20.875,-20.734312057495117,-22.480695724487305,-22.875,-18.67166519165039,-15.835926055908203,
16.178,-20.3125,-20.13394546508789,-21.927928924560547,-23.8125,-20.084579467773438,-16.986772537231445,
16.188,-19.8125,-20.07889747619629,-21.6236572265625,-24.5625,-21.102413177490234,-17.893272399902344,
16.198,-19.25,-19.571311950683594,-21.122976303100586,-25.0625,-21.885658264160156,-18.616249084472656,
16.208,-18.625,-18.824907302856445,-20.509557723999023,-25.5,-22.263402938842773,-19.0426082611084,
16.218,-18.0625,-17.95941925048828,-19.838024139404297,-25.75,-22.350589752197266,-19.23569107055664,
16.228,-17.4375,-17.219648361206055,-19.218807220458984,-26.0625,-22.74873161315918,-19.564983367919922,
16.238,-16.8125,-16.59200096130371,-18.649812698364258,-26.3125,-23.271629333496094,-19.952194213867188,
16.248,-16.125,-16.01861572265625,-18.085155487060547,-26.5,-23.87323760986328,-20.368453979492188,
16.258,-15.3125,-15.350641250610352,-17.43893814086914,-26.5625,-24.198596954345703,-20.60205841064453,
16.268,-14.4375,-14.370060920715332,-16.607627868652344,-26.3125,-24.146610260009766,-20.57423210144043,
16.278,-13.4375,-13.154106140136719,-15.620287895202637,-25.8125,-23.758338928222656,-20.289186477661133,
16.288,-12.375,-12.119248390197754,-14.666510581970215,-25.125,-23.43123435974121,-19.968963623046875,
16.298,-11.25,-10.842705726623535,-13.562074661254883,-24.3125,-22.470443725585938,-19.20452880859375,
16.308,-10.0625,-9.439759254455566,-12.37199878692627,-23.375,-21.55937385559082,-18.419851303100586,
16.318,-9,-8.301156044006348,-11.31141185760498,-22.5,-20.595687866210938,-17.584455490112305,
16.328,-8,-7.019345760345459,-10.209434509277344,-21.5625,-19.63957977294922,-16.75033950805664,
16.338,-7.1875,-5.871820449829102,-9.21218204498291,-20.6875,-18.740333557128906,-15.9525728225708,
16.348,-6.4375,-4.904354572296143,-8.355780601501465,-19.6875,-17.746400833129883,-15.100629806518555,
16.358,-5.8125,-4.087559700012207,-7.611064910888672,-18.75,-16.713863372802734,-14.222786903381348,
16.368,-5.3125,-3.3581223487854004,-6.9528350830078125,-17.8125,-15.491449356079102,-13.240435600280762,
16.378,-4.875,-2.850492238998413,-6.425418376922607,-16.75,-14.402152061462402,-12.332456588745117,
16.388,-4.4375,-2.3598415851593018,-5.924637794494629,-15.75,-13.408859252929688,-11.475632667541504,
16.398,-4.125,-1.8229460716247559,-5.427367687225342,-14.75,-12.258934020996094,-10.530487060546875,
16.408,-3.875,-1.484276533126831,-5.05905818939209,-13.625,-11.065746307373047,-9.553152084350586,
16.418,-3.8125,-1.1201852560043335,-4.740540504455566,-12.5,-9.75771427154541,-8.492984771728516,
16.428,-4,-0.8611887097358704,-4.551826477050781,-11.25,-8.415706634521484,-7.395280838012695,
16.438,-4.4375,-1.0043598413467407,-4.652656555175781,-10,-7.001350402832031,-6.233968734741211,
16.448,-5.1875,-1.4051668643951416,-4.996224880218506,-8.75,-5.462366580963135,-4.988001346588135,
16.458,-6.1875,-2.2836575508117676,-5.686394214630127,-7.6875,-3.9307219982147217,-3.7542901039123535,
16.468,-7.4375,-3.4886362552642822,-6.658169269561768,-6.6875,-2.5470480918884277,-2.6404659748077393,
16.478,-8.875,-4.985230445861816,-7.882717609405518,-5.875,-1.3763065338134766,-1.7019038200378418,
16.488,-10.5,-6.80461311340332,-9.351910591125488,-5.25,-0.4004952907562256,-0.9383455514907837,
16.498,-12.1875,-8.939486503601074,-11.035970687866211,-4.75,0.3949735164642334,-0.34991395473480225,
16.508,-13.9375,-11.153779029846191,-12.806478500366211,-4.4375,1.0671762228012085,0.09648507833480835,
16.518,-15.625,-13.34807014465332,-14.596782684326172,-4.1875,1.663645625114441,0.43531227111816406,
16.528,-17.3125,-15.504083633422852,-16.37502670288086,-4.0625,2.1620960235595703,0.6572501063346863,
16.538,-18.875,-17.600542068481445,-18.11482810974121,-4.0625,2.6188595294952393,0.7978127598762512,
16.548,-20.4375,-19.576852798461914,-19.77973747253418,-4.125,3.0195531845092773,0.8522745966911316,
16.558,-21.8125,-21.44754981994629,-21.36601448059082,-4.3125,3.3104963302612305,0.7933181524276733,
16.568,-23.1875,-23.263452529907227,-22.89187240600586,-4.5625,3.519143581390381,0.6466149091720581,
16.578,-24.4375,-25.073896408081055,-24.37735366821289,-4.8125,3.598464012145996,0.4005071818828583,
16.588,-25.5,-26.739439010620117,-25.736515045166016,-5.125,3.6701319217681885,0.13703341782093048,
16.598,-26.5,-28.31947135925293,-26.99481201171875,-5.375,3.8866655826568604,-0.033809319138526917,
16.608,-27.1875,-29.483135223388672,-27.98444938659668,-5.625,4.2274169921875,-0.10656493157148361,
16.618,-27.375,-29.932640075683594,-28.496137619018555,-5.75,4.217218399047852,-0.3509548306465149,
16.628,-27.375,-30.575634002685547,-28.93153190612793,-5.875,4.248488903045654,-0.5164939165115356,
16.638,-27.3125,-30.618167877197266,-29.007503509521484,-5.875,4.5212788581848145,-0.5048638582229614,
16.648,-27.1875,-30.101228713989258,-28.794052124023438,-5.8125,4.443418502807617,-0.6605817675590515,
16.658,-27.1875,-29.71173858642578,-28.63715934753418,-5.625,4.537194728851318,-0.667244553565979,
16.668,-27.3125,-29.848630905151367,-28.74472427368164,-5.1875,4.798581123352051,-0.47917667031288147,
16.678,-27.4375,-30.4626522064209,-29.08837890625,-4.5625,5.315714359283447,-0.019034890457987785,
16.688,-27.5625,-30.93804168701172,-29.37529945373535,-3.875,6.183811187744141,0.7562739849090576,
16.698,-27.625,-30.91746711730957,-29.431697845458984,-3.0625,6.824951648712158,1.4665610790252686,
16.708,-27.625,-30.574161529541016,-29.317134857177734,-2.3125,7.324094772338867,2.135255813598633,
16.718,-27.625,-30.59699821472168,-29.33004379272461,-1.4375,7.801327228546143,2.831207513809204,
16.728,-27.5,-30.64566421508789,-29.31692123413086,-0.25,8.562812805175781,3.809535503387451,
16.738,-27.375,-30.563024520874023,-29.220844268798828,0.875,9.231545448303223,4.79263973236084,
16.748,-27.25,-30.45162582397461,-29.08899688720703,2.1875,10.165555000305176,5.998034954071045,
16.758,-26.9375,-30.281986236572266,-28.869726181030273,3.8125,11.252650260925293,7.3987956047058105,
16.768,-26.4375,-30.10846710205078,-28.56609344482422,5.5625,12.634322166442871,9.061120986938477,
16.778,-25.75,-30.016002655029297,-28.20354461669922,7.3125,13.60537338256836,10.51547908782959,
16.788,-24.875,-29.18609046936035,-27.40870475769043,9.125,15.133691787719727,12.309857368469238,
16.798,-23.8125,-28.18948745727539,-26.433319091796875,10.875,16.489782333374023,14.0078706741333,
16.808,-22.625,-27.301136016845703,-25.414024353027344,12.625,17.805543899536133,15.659684181213379,
16.818,-21.375,-26.18976593017578,-24.22367286682129,14.25,19.280244827270508,17.382205963134766,
16.828,-20.125,-25.17115020751953,-23.030519485473633,15.75,20.570512771606445,18.950883865356445,
16.838,-18.8125,-24.214521408081055,-21.83303451538086,17.125,21.6107234954834,20.31172752380371,
16.848,-17.5625,-22.92204475402832,-20.469404220581055,18.3125,22.72896385192871,21.676563262939453,
16.858,-16.25,-21.810447692871094,-19.16888999938965,19.5,23.738819122314453,22.917633056640625,
16.868,-15,-20.52587127685547,-17.773143768310547,20.5,24.68476676940918,24.075092315673828,
16.878,-13.75,-19.29094886779785,-16.38753890991211,21.4375,25.603578567504883,25.15785026550293,
16.888,-12.375,-18.23002052307129,-15.050312995910645,22.3125,26.348127365112305,26.101423263549805,
16.898,-11.0625,-17.219547271728516,-13.718181610107422,23.0625,26.982372283935547,26.92576026916504,
16.908,-9.625,-16.278024673461914,-12.396360397338867,23.75,27.545320510864258,27.646196365356445,
16.918,-8.125,-15.13224983215332,-10.955360412597656,24.3125,28.069629669189453,28.29176902770996,
16.928,-6.5,-13.986750602722168,-9.483010292053223,24.8125,28.536218643188477,28.848487854003906,
16.938,-4.8125,-12.73603343963623,-7.934933185577393,25.1875,28.933942794799805,29.30791664123535,
16.948,-3.0625,-11.342018127441406,-6.2942023277282715,25.375,29.23969268798828,29.655622482299805,
16.958,-1.1875,-9.926824569702148,-4.610848426818848,25.5,29.50363540649414,29.921220779418945,
16.968,0.6875,-8.16226863861084,-2.737213373184204,25.4375,29.651290893554688,30.06646728515625,
16.978,2.625,-6.5328593254089355,-0.8948275446891785,25.3125,29.623394012451172,30.05453109741211,
16.988,4.625,-4.530436038970947,1.122092843055725,25,29.540552139282227,29.95657730102539,
16.998,6.5,-2.5287630558013916,3.1324546337127686,24.5625,29.37021255493164,29.750320434570312,
17.008,8.375,-0.718700647354126,5.0260701179504395,23.9375,29.12963104248047,29.43792152404785,
17.018,10,0.9531991481781006,6.804551601409912,23.125,28.63332176208496,28.904247283935547,
17.028,11.625,2.4900710582733154,8.45702838897705,22.0625,27.990081787109375,28.20943260192871,
17.038,13.0625,4.030326843261719,10.046514511108398,20.875,27.155742645263672,27.328596115112305,
17.048,14.4375,5.467377662658691,11.52353286743164,19.5,26.123600006103516,26.26080322265625,
17.058,15.75,7.007631301879883,12.977876663208008,18,24.941410064697266,25.04714012145996,
17.068,17,8.247037887573242,14.233209609985352,16.4375,23.563901901245117,23.682186126708984,
17.078,18.3125,9.437117576599121,15.438569068908691,14.9375,22.22738265991211,22.309471130371094,
17.088,19.5,10.852683067321777,16.697959899902344,13.4375,20.785568237304688,20.880552291870117,
17.098,20.75,12.3745756149292,17.94287109375,12,19.34455680847168,19.499055862426758,
17.108,21.9375,14.062384605407715,19.224925994873047,10.5625,18.018327713012695,18.207313537597656,
17.118,23,15.512704849243164,20.36140251159668,9.0625,16.755563735961914,16.951740264892578,
17.128,23,17.15199089050293,21.560651779174805,9.0625,15.440503120422363,15.657271385192871,
17.138,23.875,18.747791290283203,22.692874908447266,7.625,14.021880149841309,14.292998313903809,
17.148,25,19.885746002197266,23.484548568725586,4.8125,12.597349166870117,12.939380645751953,
17.158,25.25,20.736167907714844,24.007762908935547,3.5625,11.154913902282715,11.606086730957031,
17.168,25.375,21.31212615966797,24.314830780029297,2.3125,9.89836597442627,10.419032096862793,
17.178,25.375,21.889732360839844,24.583200454711914,2.3125,8.759491920471191,9.310851097106934,
17.188,25.4375,22.34636688232422,24.763858795166016,1.0625,7.450300693511963,8.125833511352539,
17.198,25.5625,22.723915100097656,24.86829948425293,-1.3125,6.160699367523193,7.007800102233887,
17.208,25.5625,22.98504066467285,24.901201248168945,-2.5,4.698949337005615,5.8132829666137695,
17.218,25.5625,23.120803833007812,24.860950469970703,-3.625,3.377938985824585,4.73586368560791,
17.228,25.5625,23.455188751220703,24.902997970581055,-3.625,1.9658979177474976,3.615077495574951,
17.238,25.4375,23.743555068969727,24.909164428710938,-4.6875,0.5362812280654907,2.5087521076202393,
17.248,24.8125,23.743961334228516,24.71298599243164,-6.4375,-0.7692961692810059,1.5152323246002197,
17.258,24.25,23.492841720581055,24.308835983276367,-7.25,-1.9841716289520264,0.6107815504074097,
17.268,23.4375,23.026378631591797,23.71466636657715,-7.9375,-3.056121349334717,-0.19062891602516174,
17.278,23.4375,22.570695877075195,23.072132110595703,-7.9375,-4.131535053253174,-0.9863821268081665,
17.288,22.4375,21.874601364135742,22.271833419799805,-8.6875,-5.173935890197754,-1.7686684131622314,
17.298,19.8125,20.757198333740234,21.168312072753906,-10.25,-6.21801233291626,-2.5722365379333496,
17.308,18.3125,19.456083297729492,19.870986938476562,-11.125,-7.307024955749512,-3.439073324203491,
17.318,16.625,17.87312126159668,18.37369728088379,-12.0625,-8.463833808898926,-4.385189056396484,
17.328,16.625,16.293621063232422,16.842716217041016,-12.0625,-9.64518928527832,-5.369570732116699,
17.338,14.875,14.591350555419922,15.230264663696289,-13.0625,-10.855910301208496,-6.393032073974609,
17.348,11.125,12.668597221374512,13.46294116973877,-14.8125,-11.939846992492676,-7.353484153747559,
17.358,9.125,10.600959777832031,11.575878143310547,-15.625,-12.953547477722168,-8.25735855102539,
17.368,9.125,8.47525691986084,9.625754356384277,-15.625,-13.840188980102539,-9.067888259887695,
17.378,7.0625,6.34960412979126,7.65961217880249,-16.3125,-14.694271087646484,-9.845162391662598,
17.388,5,4.018893241882324,5.5912556648254395,-16.9375,-15.3728666305542,-10.526168823242188,
17.398,5,1.6418025493621826,3.483280897140503,-16.9375,-15.94333553314209,-11.149489402770996,
17.408,0.8125,-0.6863040924072266,1.3937658071517944,-18.1875,-16.50472640991211,-11.78050708770752,
17.418,-1.1875,-3.0260074138641357,-0.6863546371459961,-18.9375,-17.14543914794922,-12.484501838684082,
17.428,-3.125,-5.342695236206055,-2.7406845092773438,-19.75,-17.804222106933594,-13.226611137390137,
17.438,-5.0625,-7.549017906188965,-4.725715160369873,-20.5625,-18.480403900146484,-13.999399185180664,
17.448,-5.0625,-9.516826629638672,-6.540124893188477,-20.5625,-19.18971824645996,-14.81019115447998,
17.458,-8.4375,-11.379517555236816,-8.223029136657715,-22.375,-19.92856216430664,-15.653517723083496,
17.468,-9.9375,-13.049057006835938,-9.742053031921387,-23.3125,-20.6701602935791,-16.507944107055664,
17.478,-11.1875,-14.681282997131348,-11.195775032043457,-24.25,-21.379621505737305,-17.35326385498047,
17.488,-12.375,-16.207963943481445,-12.556029319763184,-25.1875,-22.0719051361084,-18.193336486816406,
17.498,-12.375,-17.183177947998047,-13.544583320617676,-25.1875,-22.743389129638672,-19.002126693725586,
17.508,-13.875,-17.867429733276367,-14.251533508300781,-27,-23.465980529785156,-19.80990982055664,
17.518,-14.3125,-17.867429733276367,-14.251533508300781,-27.8125,-23.465980529785156,-19.80990982055664,
17.528,-14.4375,-18.805713653564453,-15.122883796691895,-28.5625,-25.03022575378418,-21.412845611572266,
17.538,-14.25,-18.810218811035156,-15.236738204956055,-29.1875,-25.681135177612305,-22.095056533813477,
17.548,-14.25,-18.810218811035156,-15.236738204956055,-29.1875,-25.681135177612305,-22.095056533813477,
17.558,-13,-18.06987762451172,-14.857519149780273,-29.9375,-25.939163208007812,-22.460655212402344,
17.568,-12,-17.0169734954834,-14.148937225341797,-30.0625,-26.225244522094727,-22.743968963623047,
17.578,-10.6875,-14.521048545837402,-12.171369552612305,-30,-26.670808792114258,-23.038360595703125,
17.588,-9.1875,-12.914726257324219,-10.916301727294922,-29.75,-26.566265106201172,-22.949607849121094,
17.598,-9.1875,-12.914726257324219,-10.916301727294922,-29.75,-26.566265106201172,-22.949607849121094,
17.608,-5.75,-10.748661994934082,-9.309272766113281,-29.0625,-26.23335075378418,-22.677165985107422,
17.618,-3.75,-8.523911476135254,-7.560888767242432,-28.625,-26.00909423828125,-22.438371658325195,
17.628,-1.75,-3.7455501556396484,-3.7428126335144043,-28.375,-25.052249908447266,-21.67111587524414,
17.638,0.25,-1.4307422637939453,-1.8057479858398438,-28.125,-24.817081451416016,-21.483325958251953,
17.648,0.25,-1.4307422637939453,-1.8057479858398438,-28.125,-24.817081451416016,-21.483325958251953,
17.658,4.6875,1.2458319664001465,0.3361952602863312,-27.75,-24.556257247924805,-21.31436538696289,
17.668,6.9375,3.8866117000579834,2.510000705718994,-27.625,-24.258586883544922,-21.154991149902344,
17.678,9.25,9.206624031066895,7.003223419189453,-27.5625,-23.81814193725586,-21.00129508972168,
17.688,11.625,12.142793655395508,9.425577163696289,-27.375,-23.541135787963867,-20.918048858642578,
17.698,11.625,12.142793655395508,9.425577163696289,-27.375,-23.541135787963867,-20.918048858642578,
17.708,16.3125,14.898767471313477,11.785042762756348,-26.8125,-23.10526466369629,-20.73280143737793,
17.718,18.5625,17.742530822753906,14.187674522399902,-26.4375,-22.708011627197266,-20.551652908325195,
17.728,20.5,23.00775146484375,18.73224639892578,-25.875,-20.90369415283203,-19.511253356933594,
17.738,21.9375,25.009117126464844,20.552274703979492,-24.9375,-19.957500457763672,-18.83941650390625,
17.748,21.9375,25.009117126464844,20.552274703979492,-24.9375,-19.957500457763672,-18.83941650390625,
17.758,24,26.568668365478516,22.01028823852539,-22.5625,-19.298843383789062,-18.20664405822754,
17.768,24.75,27.81228256225586,23.181291580200195,-21.375,-18.541614532470703,-17.426551818847656,
17.778,25.4375,29.059919357299805,24.671192169189453,-20.25,-15.059152603149414,-14.66500473022461,
17.788,26.125,29.563318252563477,25.303606033325195,-19.0625,-13.576258659362793,-13.41750717163086,
17.798,26.125,29.563318252563477,25.303606033325195,-19.0625,-13.576258659362793,-13.41750717163086,
17.808,27.5,30.142745971679688,25.971614837646484,-16.5,-12.843558311462402,-12.54761791229248,
17.818,27.9375,31.11328887939453,26.802791595458984,-15.0625,-12.166969299316406,-11.668451309204102,
17.828,28.375,31.561019897460938,27.64829444885254,-13.5625,-9.398008346557617,-8.984235763549805,
17.838,28.75,31.6102294921875,27.925048828125,-11.8125,-7.672342777252197,-7.389766693115234,
17.848,28.75,31.78294563293457,28.209386825561523,-11.8125,-6.004316329956055,-5.734043598175049,
17.858,28.9375,31.78294563293457,28.209386825561523,-9.8125,-6.004316329956055,-5.734043598175049,
17.868,29,31.91421890258789,28.40458106994629,-5.625,-4.368737697601318,-4.008964538574219,
17.878,28.875,31.946088790893555,28.489093780517578,-3.5,-0.4068460464477539,-0.089148610830307,
17.888,28.625,31.577909469604492,28.279197692871094,-1.4375,1.958397388458252,2.079946994781494,
17.898,28.625,31.577909469604492,28.279197692871094,-1.4375,1.958397388458252,2.079946994781494,
17.908,27.875,31.283756256103516,28.051101684570312,2.375,3.9589972496032715,4.008396148681641,
17.918,27.3125,31.05413818359375,27.79984474182129,4.1875,5.982785224914551,5.927354335784912,
17.928,26.6875,30.18387794494629,26.938121795654297,5.875,9.545257568359375,9.372668266296387,
17.938,25.875,29.53963279724121,26.329814910888672,7.5625,11.147054672241211,10.91861343383789,
17.948,25,28.751380920410156,25.601341247558594,9.1875,12.692617416381836,12.4027099609375,
17.958,25,28.751380920410156,25.601341247558594,9.1875,12.692617416381836,12.4027099609375,
17.968,22.9375,27.778226852416992,24.73874855041504,12.4375,14.362048149108887,13.949402809143066,
17.978,21.875,25.69317054748535,22.829811096191406,14,17.71186065673828,17.034151077270508,
17.988,20.8125,24.59954833984375,21.811372756958008,15.625,19.5372314453125,18.67134666442871,
17.998,20.8125,23.363142013549805,20.71186065673828,15.625,21.170700073242188,20.19255256652832,
18.008,19.75,23.363142013549805,20.71186065673828,17.0625,21.170700073242188,20.19255256652832,
18.018,17.5625,22.19681739807129,19.626075744628906,19.8125,22.772722244262695,21.677295684814453,
18.028,16.4375,20.204654693603516,17.539409637451172,20.875,25.540061950683594,24.308391571044922,
18.038,15.25,19.371923446655273,16.5255126953125,21.8125,26.610918045043945,25.362285614013672,
18.048,14,18.323617935180664,15.39056396484375,22.5,27.5102596282959,26.253158569335938,
18.058,14,18.323617935180664,15.39056396484375,22.5,27.5102596282959,26.253158569335938,
18.068,11.375,17.197288513183594,14.1907958984375,23.5625,28.033416748046875,26.85700798034668,
18.078,10,14.543673515319824,11.52492618560791,24,29.186857223510742,27.986251831054688,
18.088,8.625,13.384175300598145,10.22801399230957,24.4375,29.55817222595215,28.391141891479492,
18.098,7.1875,12.155244827270508,8.886877059936523,24.8125,29.99325180053711,28.819564819335938,
18.108,7.1875,12.155244827270508,8.886877059936523,24.8125,29.99325180053711,28.819564819335938,
18.118,5.8125,10.725550651550293,7.446113109588623,25.0625,30.539716720581055,29.288375854492188,
18.128,2.9375,7.932435512542725,4.552735805511475,25.125,30.942384719848633,29.707626342773438,
18.138,1.5625,6.728976726531982,3.175058364868164,24.9375,30.876380920410156,29.680021286010742,
18.148,0.1875,5.514507293701172,1.7875062227249146,24.5,30.703901290893555,29.525177001953125,
18.158,0.1875,5.514507293701172,1.7875062227249146,24.5,30.703901290893555,29.525177001953125,
18.168,-2.375,4.384361267089844,0.44288259744644165,22.9375,30.27721405029297,29.147069931030273,
18.178,-3.75,2.1198301315307617,-2.2312352657318115,21.9375,28.890501022338867,27.84395408630371,
18.188,-5.0625,0.9938708543777466,-3.567020893096924,20.875,27.81189727783203,26.880441665649414,
18.198,-6.4375,-0.1294824630022049,-4.894730567932129,19.75,26.638288497924805,25.813533782958984,
18.208,-6.4375,-0.1294824630022049,-4.894730567932129,19.75,26.638288497924805,25.813533782958984,
18.218,-7.8125,-2.872405529022217,-7.700439453125,18.5,24.464427947998047,23.67237091064453,
18.228,-10.5,-4.211287975311279,-9.042667388916016,15.75,23.280471801757812,22.495162963867188,
18.238,-11.8125,-5.634995937347412,-10.390095710754395,14.25,21.95463752746582,21.202880859375,
18.248,-13.0625,-7.052145004272461,-11.706148147583008,12.6875,20.433534622192383,19.764101028442383,
18.258,-13.0625,-8.484642028808594,-13.001303672790527,12.6875,18.915525436401367,18.293949127197266,
18.268,-14.3125,-10.086746215820312,-14.345138549804688,10.9375,17.377666473388672,16.777801513671875,
18.278,-16.75,-11.651517868041992,-15.642534255981445,7.25,15.638665199279785,15.11110782623291,
18.288,-17.8125,-13.179927825927734,-16.888050079345703,5.3125,13.762837409973145,13.334468841552734,
18.298,-17.8125,-14.609234809875488,-18.050935745239258,5.3125,11.746100425720215,11.443341255187988,
18.308,-18.875,-15.9702787399292,-19.13485336303711,3.3125,9.760377883911133,9.539557456970215,
18.318,-20.5625,-17.228321075439453,-20.11997413635254,-0.75,7.82741641998291,7.642076015472412,
18.328,-21.25,-18.404205322265625,-21.01692771911621,-2.8125,5.903433799743652,5.730391502380371,
18.338,-21.8125,-19.39529800415039,-21.779338836669922,-4.875,3.8309452533721924,3.7205939292907715,
18.348,-22.3125,-20.250015258789062,-22.425750732421875,-6.9375,1.7419439554214478,1.7034823894500732,
18.358,-22.75,-21.033998489379883,-22.986038208007812,-9,-0.2868511974811554,-0.26690512895584106,
18.368,-23,-21.76569175720215,-23.47256088256836,-11,-2.3694915771484375,-2.2517218589782715,
18.378,-23.25,-22.27384376525879,-23.813880920410156,-12.875,-4.387638568878174,-4.17396879196167,
18.388,-23.3125,-22.70772361755371,-24.0683650970459,-14.625,-6.383994102478027,-6.05369758605957,
18.398,-23.375,-23.073314666748047,-24.253921508789062,-16.3125,-8.244138717651367,-7.819253444671631,
18.408,-23.375,-23.238231658935547,-24.325326919555664,-17.9375,-9.745521545410156,-9.346678733825684,
18.418,-23.3125,-23.32355308532715,-24.323768615722656,-19.375,-11.080434799194336,-10.741188049316406,
18.428,-23,-22.88369369506836,-24.02875518798828,-20.625,-12.420504570007324,-12.080034255981445,
18.438,-22.5625,-22.98825454711914,-23.898757934570312,-21.5625,-14.062585830688477,-13.520909309387207,
18.448,-22,-22.982681274414062,-23.651315689086914,-22.375,-15.415060997009277,-14.700348854064941,
18.458,-21.375,-22.64642906188965,-23.20573616027832,-23.125,-16.185958862304688,-15.477264404296875,
18.468,-20.75,-21.6020450592041,-22.425790786743164,-23.75,-16.548748016357422,-15.948554992675781,
18.478,-20.125,-20.940383911132812,-21.815874099731445,-24.3125,-17.19141387939453,-16.530576705932617,
18.488,-19.5625,-20.548837661743164,-21.3564510345459,-24.9375,-18.126256942749023,-17.23337745666504,
18.498,-19.0625,-20.16677474975586,-20.945859909057617,-25.5,-18.8515682220459,-17.756685256958008,
18.508,-18.625,-19.46788787841797,-20.424484252929688,-26.0625,-19.500675201416016,-18.19962501525879,
18.518,-18.125,-18.655195236206055,-19.854373931884766,-26.6875,-20.377344131469727,-18.77255630493164,
18.528,-17.625,-17.99654769897461,-19.33950424194336,-27.125,-21.300432205200195,-19.381967544555664,
18.538,-16.9375,-17.02305793762207,-18.648279190063477,-27.5,-22.224292755126953,-19.97724151611328,
18.548,-16.125,-16.193933486938477,-17.95042610168457,-27.8125,-22.806217193603516,-20.353403091430664,
18.558,-15.125,-15.16626262664795,-17.079925537109375,-27.9375,-23.16985321044922,-20.573692321777344,
18.568,-13.875,-14.088406562805176,-16.085960388183594,-27.9375,-23.470462799072266,-20.715768814086914,
18.578,-12.4375,-12.541550636291504,-14.782317161560059,-27.625,-23.48935890197754,-20.64382553100586,
18.588,-10.8125,-10.953763008117676,-13.366374015808105,-27.3125,-23.6997127532959,-20.64472007751465,
18.598,-9,-8.848498344421387,-11.631196975708008,-26.9375,-23.201377868652344,-20.209678649902344,
18.608,-7.0625,-6.4888997077941895,-9.688106536865234,-26.5625,-22.731597900390625,-19.784648895263672,
18.618,-5.125,-4.647259712219238,-7.918806076049805,-26.25,-22.490646362304688,-19.511531829833984,
18.628,-3.125,-2.387476682662964,-5.935253620147705,-25.875,-22.360179901123047,-19.323266983032227,
18.638,-1.125,0.07308468222618103,-3.8431286811828613,-25.4375,-22.101152420043945,-19.069896697998047,
18.648,0.8125,2.346715211868286,-1.8304953575134277,-24.9375,-21.657644271850586,-18.71068572998047,
18.658,2.8125,4.7414679527282715,0.239925816655159,-24.3125,-21.098499298095703,-18.27166175842285,
18.668,4.6875,6.946723937988281,2.221350908279419,-23.5625,-20.26729393005371,-17.656509399414062,
18.678,6.625,8.969413757324219,4.118292331695557,-22.625,-19.286203384399414,-16.913259506225586,
18.688,8.5,10.901044845581055,5.969649314880371,-21.625,-18.20014762878418,-16.067583084106445,
18.698,10.3125,12.985197067260742,7.8755717277526855,-20.625,-16.896076202392578,-15.072400093078613,
18.708,12.125,14.934978485107422,9.709291458129883,-19.5,-15.502786636352539,-14.00436782836914,
18.718,13.875,16.973678588867188,11.567218780517578,-18.375,-14.073455810546875,-12.893301010131836,
18.728,15.5625,18.894105911254883,13.348603248596191,-17.25,-12.739763259887695,-11.824673652648926,
18.738,17.0625,20.664031982421875,15.023994445800781,-16.0625,-11.370765686035156,-10.721787452697754,
18.748,18.5,22.35272979736328,16.620468139648438,-14.9375,-9.943268775939941,-9.567595481872559,
18.758,19.8125,23.94741439819336,18.117950439453125,-13.8125,-8.588801383972168,-8.438071250915527,
18.768,20.875,25.282636642456055,19.427345275878906,-12.6875,-7.266547679901123,-7.309815406799316,
18.778,21.8125,26.324827194213867,20.524261474609375,-11.5625,-5.946418762207031,-6.158448219299316,
18.788,22.5625,27.18570327758789,21.449546813964844,-10.375,-4.603727340698242,-4.967032432556152,
18.798,23.0625,27.889404296875,22.207040786743164,-9.3125,-3.285417079925537,-3.7770979404449463,
18.808,23.4375,28.34988021850586,22.758193969726562,-8.25,-2.0651867389678955,-2.6476809978485107,
18.818,23.5625,28.5295467376709,23.08637237548828,-7.375,-0.9990499019622803,-1.6197123527526855,
18.828,23.5,28.488527297973633,23.218542098999023,-6.5625,-0.11062073707580566,-0.7203044891357422,
18.838,23.25,28.233003616333008,23.157806396484375,-5.875,0.6273027062416077,0.05894482880830765,
18.848,22.8125,27.801179885864258,22.92161750793457,-5.3125,1.1996774673461914,0.709479570388794,
18.858,22.25,27.21038246154785,22.525312423706055,-4.875,1.6103911399841309,1.229773998260498,
18.868,21.5,26.40601921081543,21.950660705566406,-4.5,1.9341576099395752,1.6635738611221313,
18.878,20.625,25.4219913482666,21.217374801635742,-4.25,2.177269458770752,2.0140533447265625,
18.888,19.625,24.279813766479492,20.34191131591797,-4.125,2.2936434745788574,2.2486791610717773,
18.898,18.5,22.968868255615234,19.32404327392578,-4.125,2.260694980621338,2.3483352661132812,
18.908,17.25,21.56833839416504,18.20431137084961,-4.25,2.102877378463745,2.326632022857666,
18.918,16,20.097606658935547,17.001527786254883,-4.5,1.8023288249969482,2.172807455062866,
18.928,14.625,18.415935516357422,15.666849136352539,-4.875,1.351688027381897,1.8793388605117798,
18.938,13.25,16.765758514404297,14.318121910095215,-5.4375,0.8074353933334351,1.477705478668213,
18.948,11.8125,15.043920516967773,12.920888900756836,-6.0625,0.17002879083156586,0.9706904888153076,
18.958,10.4375,13.271342277526855,11.492859840393066,-6.8125,-0.652375340461731,0.30609166622161865,
18.968,9.0625,11.56402587890625,10.091675758361816,-7.625,-1.5661739110946655,-0.4602285325527191,
18.978,7.6875,9.907947540283203,8.717326164245605,-8.625,-2.560979127883911,-1.3204518556594849,
18.988,6.375,8.32889461517334,7.384241580963135,-9.6875,-3.6284520626068115,-2.266202688217163,
18.998,5.0625,6.725161552429199,6.048523426055908,-10.875,-4.8052778244018555,-3.319999933242798,
19.008,3.75,5.008462429046631,4.667358875274658,-12.1875,-6.118198871612549,-4.497236251831055,
19.018,2.4375,3.2978971004486084,3.2888572216033936,-13.625,-7.508387088775635,-5.762690544128418,
19.028,1.125,1.5701643228530884,1.902860164642334,-15.125,-9.061525344848633,-7.1683669090271,
19.038,-0.125,-0.0881570503115654,0.5527597069740295,-16.6875,-10.568081855773926,-8.584470748901367,
19.048,-1.375,-1.7164088487625122,-0.7807855606079102,-18.375,-12.152738571166992,-10.07194709777832,
19.058,-2.625,-3.3418989181518555,-2.1096694469451904,-20.125,-14.033262252807617,-11.770007133483887,
19.068,-3.875,-4.888267993927002,-3.3926334381103516,-21.8125,-15.930023193359375,-13.513948440551758,
19.078,-5.0625,-6.4053449630737305,-4.648733615875244,-23.5,-17.77347183227539,-15.24201488494873,
19.088,-6.25,-7.860508918762207,-5.864708423614502,-25.0625,-19.56305694580078,-16.942354202270508,
19.098,-7.3125,-9.332389831542969,-7.06722354888916,-26.5625,-21.28231430053711,-18.61222267150879,
19.108,-8.375,-10.99415111541748,-8.311563491821289,-27.8125,-22.738475799560547,-20.11487579345703,
19.118,-9.3125,-12.819363594055176,-9.58150863647461,-28.875,-23.88920021057129,-21.37168312072754,
19.128,-10.1875,-14.24531078338623,-10.635820388793945,-29.75,-24.6169490814209,-22.319875717163086,
19.138,-11,-15.613362312316895,-11.643310546875,-30.4375,-25.323362350463867,-23.204866409301758,
19.148,-11.5,-16.849010467529297,-12.568613052368164,-30.625,-25.938058853149414,-24.01493263244629,
19.158,-11.875,-17.558164596557617,-13.188987731933594,-30.5625,-25.81015396118164,-24.285005569458008,
19.168,-12.1875,-18.35948371887207,-13.7428560256958,-30.25,-25.7152042388916,-24.399200439453125,
19.178,-12.5,-18.989900588989258,-14.172345161437988,-29.875,-25.355112075805664,-24.268329620361328,
19.188,-12.5,-19.628841400146484,-14.600024223327637,-29.875,-24.676246643066406,-23.90366554260254,
19.198,-12.8125,-19.527442932128906,-14.703283309936523,-29.4375,-23.750547409057617,-23.38030242919922,
19.208,-13.75,-19.904972076416016,-15.076315879821777,-28.6875,-23.149799346923828,-23.038768768310547,
19.218,-14.375,-20.770132064819336,-15.727749824523926,-28.25,-22.767803192138672,-22.811521530151367,
19.228,-14.375,-21.976024627685547,-16.555356979370117,-28.25,-22.090179443359375,-22.391433715820312,
19.238,-14.9375,-22.74571418762207,-17.20656394958496,-27.75,-21.2846622467041,-21.887569427490234,
19.248,-15.4375,-23.54090118408203,-17.864501953125,-27.3125,-20.425546646118164,-21.344093322753906,
19.258,-15.4375,-23.811796188354492,-18.24900245666504,-27.3125,-19.579734802246094,-20.777921676635742,
19.268,-16.25,-24.048351287841797,-18.55796241760254,-26,-19.055505752563477,-20.33957290649414,
19.278,-16.4375,-24.24399185180664,-18.809476852416992,-25.25,-18.264474868774414,-19.69647979736328,
19.288,-16.625,-24.453981399536133,-19.049911499023438,-24.3125,-17.19544792175293,-18.851716995239258,
19.298,-16.8125,-24.534143447875977,-19.22842788696289,-23.25,-15.960484504699707,-17.884904861450195,
19.308,-16.8125,-24.735836029052734,-19.467506408691406,-23.25,-14.750106811523438,-16.89415168762207,
19.318,-17.25,-24.735836029052734,-19.467506408691406,-20.875,-14.750106811523438,-16.89415168762207,
19.328,-17.5,-24.879072189331055,-19.703594207763672,-19.6875,-13.506980895996094,-15.837847709655762,
19.338,-17.8125,-25.47919273376465,-20.385774612426758,-18.4375,-10.699190139770508,-13.45129680633545,
19.348,-18.125,-25.728458404541016,-20.719409942626953,-17.1875,-9.24989128112793,-12.190851211547852,
19.358,-18.125,-25.728458404541016,-20.719409942626953,-17.1875,-9.24989128112793,-12.190851211547852,
19.368,-18.625,-26.007919311523438,-21.055625915527344,-14.375,-7.939950466156006,-10.955692291259766,
19.378,-18.75,-26.133073806762695,-21.29106903076172,-12.875,-6.668473720550537,-9.687127113342285,
19.388,-18.8125,-26.08321189880371,-21.540983200073242,-11.25,-3.755964756011963,-6.8172736167907715,
19.398,-18.8125,-25.936477661132812,-21.573570251464844,-9.5625,-2.120197057723999,-5.239038944244385,
19.408,-18.8125,-25.936477661132812,-21.573570251464844,-9.5625,-2.120197057723999,-5.239038944244385,
19.418,-18.5625,-25.650745391845703,-21.49779510498047,-5.9375,-0.40458840131759644,-3.5621531009674072,
19.428,-18.375,-25.402963638305664,-21.39176368713379,-4,1.3013856410980225,-1.8417150974273682,
19.438,-18.125,-24.79412269592285,-21.00969886779785,-2.0625,4.977902889251709,1.8344098329544067,
19.448,-17.75,-24.444448471069336,-20.74748992919922,-0.0625,6.896114349365234,3.7437517642974854,
19.458,-17.75,-24.444448471069336,-20.74748992919922,-0.0625,6.896114349365234,3.7437517642974854,
19.468,-16.8125,-23.94807243347168,-20.35690689086914,4,8.791189193725586,5.689552307128906,
19.478,-16.1875,-23.321434020996094,-19.836137771606445,6.125,10.735026359558105,7.699550151824951,
19.488,-15.4375,-21.80150604248047,-18.50071907043457,8.25,14.734123229980469,11.824858665466309,
19.498,-14.6875,-20.9904727935791,-17.741575241088867,10.375,16.855119705200195,13.962803840637207,
19.508,-14.6875,-20.9904727935791,-17.741575241088867,10.375,16.855119705200195,13.962803840637207,
19.518,-13,-20.171194076538086,-16.917678833007812,14.5625,18.842914581298828,16.039335250854492,
19.528,-12.0625,-19.360158920288086,-16.054180145263672,16.5,20.788902282714844,18.069387435913086,
19.538,-11.1875,-17.450950622558594,-14.104583740234375,18.3125,24.26461410522461,21.767335891723633,
19.548,-10.25,-16.848094940185547,-13.232270240783691,19.9375,26.133960723876953,23.641571044921875,
19.558,-10.25,-16.848094940185547,-13.232270240783691,19.9375,26.133960723876953,23.641571044921875,
19.568,-8.1875,-16.08429718017578,-12.227571487426758,22.8125,27.972082138061523,25.446046829223633,
19.578,-7.0625,-15.326391220092773,-11.17642879486084,24,29.195005416870117,26.806060791015625,
19.588,-5.875,-13.450155258178711,-8.79437255859375,24.9375,31.53278923034668,29.232236862182617,
19.598,-4.5,-12.55469036102295,-7.546419620513916,25.3125,32.15175247192383,30.012310028076172,
19.608,-4.5,-12.55469036102295,-7.546419620513916,25.3125,32.15175247192383,30.012310028076172,
19.618,-1.625,-11.605813026428223,-6.213818550109863,25.75,32.59574890136719,30.536291122436523,
19.628,-0.125,-10.38718318939209,-4.733204364776611,25.75,32.91920471191406,30.882911682128906,
19.638,1.25,-7.625299453735352,-1.6759194135665894,25.8125,32.11884307861328,30.563627243041992,
19.648,2.625,-6.2316741943359375,-0.18255454301834106,25.875,32.18736267089844,30.65066909790039,
19.658,2.625,-6.2316741943359375,-0.18255454301834106,25.875,32.18736267089844,30.65066909790039,
19.668,5.3125,-5.069215297698975,1.213478446006775,25.5625,32.49492645263672,30.862260818481445,
19.678,6.6875,-3.970778703689575,2.5757505893707275,25.25,32.76095199584961,30.990528106689453,
19.688,8.125,-1.6484650373458862,5.382531642913818,24.875,32.07707595825195,30.405473709106445,
19.698,9.5625,-0.43177467584609985,6.813737392425537,24.4375,31.76556968688965,30.072261810302734,
19.708,9.5625,-0.43177467584609985,6.813737392425537,24.4375,31.76556968688965,30.072261810302734,
19.718,12.5,0.8656883835792542,8.27592658996582,23.25,31.575010299682617,29.78236961364746,
19.728,13.9375,2.3186087608337402,9.799152374267578,22.4375,31.416831970214844,29.47866439819336,
19.738,15.4375,5.151615142822266,12.774616241455078,21.4375,30.190067291259766,28.187746047973633,
19.748,17,6.586263179779053,14.242059707641602,20.3125,29.219919204711914,27.251466751098633,
19.758,17,6.586263179779053,14.242059707641602,20.3125,29.219919204711914,27.251466751098633,
19.768,20,8.170979499816895,15.757195472717285,17.5625,28.36553382873535,26.331525802612305,
19.778,21.4375,10.161351203918457,17.431095123291016,16,27.25038719177246,25.20513153076172,
19.788,22.75,13.569122314453125,20.43700408935547,14.3125,24.472023010253906,22.45966911315918,
19.798,23.875,15.265510559082031,21.858373641967773,12.5625,22.95585060119629,20.91781997680664,
19.808,23.875,15.265510559082031,21.858373641967773,12.5625,22.95585060119629,20.91781997680664,
19.818,25.5625,16.575496673583984,23.028539657592773,8.8125,21.453044891357422,19.3186092376709,
19.828,26.1875,17.981863021850586,24.14982032775879,6.8125,19.9460506439209,17.66817855834961,
19.838,26.5625,20.151493072509766,25.816190719604492,4.75,16.55580711364746,14.059146881103516,
19.848,26.9375,21.020254135131836,26.409133911132812,2.75,14.713127136230469,12.161388397216797,
19.858,26.9375,21.020254135131836,26.409133911132812,2.75,14.713127136230469,12.161388397216797,
19.868,27.375,21.735214233398438,26.864660263061523,-1.25,12.795467376708984,10.242169380187988,
19.878,27.5,22.532018661499023,27.299585342407227,-3.1875,10.944143295288086,8.388829231262207,
19.888,27.625,23.64529800415039,27.829364776611328,-5.125,6.94053840637207,4.565577507019043,
19.898,27.625,24.317506790161133,28.0930118560791,-7.0625,4.797962665557861,2.601121664047241,
19.908,27.625,24.317506790161133,28.0930118560791,-7.0625,4.797962665557861,2.601121664047241,
19.918,27.25,24.90826988220215,28.273969650268555,-10.625,2.8787014484405518,0.8005589246749878,
19.928,26.8125,25.20926856994629,28.260766983032227,-12.25,0.983786404132843,-0.9407252669334412,
19.938,26.3125,25.3138370513916,27.789596557617188,-13.875,-2.814695358276367,-4.291388511657715,
19.948,25.5625,24.9357967376709,27.25603485107422,-15.4375,-4.734692573547363,-5.9139885902404785,
19.958,25.5625,24.9357967376709,27.25603485107422,-15.4375,-4.734692573547363,-5.9139885902404785,
19.968,23.875,24.297203063964844,26.543167114257812,-18.5625,-6.79475212097168,-7.595640182495117,
19.978,22.875,23.960708618164062,25.9155330657959,-20.0625,-8.598678588867188,-9.111891746520996,
19.988,21.75,22.244962692260742,24.071500778198242,-21.4375,-12.530901908874512,-12.262541770935059,
19.998,20.5625,21.1912899017334,22.996660232543945,-22.75,-14.438764572143555,-13.759261131286621,
20.008,20.5625,21.1912899017334,22.996660232543945,-22.75,-14.438764572143555,-13.759261131286621,
20.018,17.75,20.078115463256836,21.842239379882812,-25.125,-16.13913917541504,-15.101984977722168,
20.028,16.1875,18.830232620239258,20.56612205505371,-26.125,-17.798620223999023,-16.380355834960938,
20.038,14.4375,15.63248348236084,17.52395248413086,-27,-20.76299285888672,-18.621915817260742,
20.048,12.5625,13.655707359313965,15.745271682739258,-27.8125,-22.04254150390625,-19.572322845458984,
20.058,12.5625,13.655707359313965,15.745271682739258,-27.8125,-22.04254150390625,-19.572322845458984,
20.068,8.5625,11.511702537536621,13.835524559020996,-29.0625,-23.22982406616211,-20.44297218322754,
20.078,6.4375,9.394492149353027,11.892191886901855,-29.5625,-24.229331970214844,-21.1788330078125,
20.088,4.1875,4.546329498291016,7.617101192474365,-30,-25.713790893554688,-22.295143127441406,
20.098,1.9375,2.022596597671509,5.388173580169678,-30.4375,-26.331783294677734,-22.77796745300293,
20.108,1.9375,2.022596597671509,5.388173580169678,-30.4375,-26.331783294677734,-22.77796745300293,
20.118,-2.4375,-0.6554067730903625,3.075685977935791,-31.3125,-26.968393325805664,-23.284915924072266,
20.128,-2.4375,-3.7098917961120605,0.5991339683532715,-31.3125,-27.518844604492188,-23.766496658325195,
20.138,-6.5,-9.20594596862793,-4.007869243621826,-32.3125,-28.338104248046875,-24.66773223876953,
20.148,-8.3125,-11.514004707336426,-6.04065465927124,-32.5625,-28.379070281982422,-24.927034378051758,
20.158,-8.3125,-13.423412322998047,-7.818930149078369,-32.5625,-28.433286666870117,-25.158222198486328,
20.168,-9.875,-13.423412322998047,-7.818930149078369,-32.5625,-28.433286666870117,-25.158222198486328,
20.178,-11.25,-15.349540710449219,-9.51677417755127,-32.125,-28.333229064941406,-25.218786239624023,
20.188,-13.8125,-18.243850708007812,-12.30141830444336,-30.8125,-26.713777542114258,-24.232786178588867,
20.198,-15.0625,-19.43730926513672,-13.548253059387207,-30.0625,-25.237228393554688,-23.26148223876953,
20.208,-16.375,-20.395402908325195,-14.714570999145508,-29.3125,-23.475845336914062,-22.092248916625977,
20.218,-16.375,-20.395402908325195,-14.714570999145508,-29.3125,-23.475845336914062,-22.092248916625977,
20.228,-17.75,-22.036109924316406,-16.220190048217773,-28.6875,-22.881649017333984,-21.593374252319336,
20.238,-19.9375,-24.908226013183594,-19.008331298828125,-27.3125,-21.807632446289062,-20.602375030517578,
20.248,-20.75,-25.712390899658203,-20.01607322692871,-26.5625,-20.798887252807617,-19.77133560180664,
20.258,-21.375,-26.369354248046875,-20.862783432006836,-25.8125,-19.83327293395996,-18.935388565063477,
20.268,-21.375,-26.369354248046875,-20.862783432006836,-25.8125,-19.83327293395996,-18.935388565063477,
20.278,-21.9375,-26.424495697021484,-21.362911224365234,-25,-19.082469940185547,-18.200008392333984,
20.288,-22.625,-26.40594482421875,-22.11989402770996,-23.5,-17.420896530151367,-16.5791072845459,
20.298,-22.75,-26.476327896118164,-22.439002990722656,-22.75,-16.624113082885742,-15.756176948547363,
20.308,-22.625,-26.866230010986328,-22.78984832763672,-21.875,-15.951272010803223,-14.972268104553223,
20.318,-22.625,-26.41839027404785,-22.627302169799805,-21.875,-15.302628517150879,-14.164909362792969,
20.328,-22.125,-25.612428665161133,-22.156972885131836,-21,-15.063390731811523,-13.582806587219238,
20.338,-20.125,-24.350078582763672,-21.30748748779297,-19.1875,-14.581473350524902,-12.84908676147461,
20.348,-18.5,-22.365636825561523,-19.938486099243164,-18.1875,-13.74793815612793,-11.894323348999023,
20.358,-16.75,-20.627323150634766,-18.520549774169922,-17.1875,-13.041487693786621,-11.025769233703613,
20.368,-16.75,-18.29950523376465,-16.7089786529541,-16.3125,-12.318671226501465,-10.15952205657959,
20.378,-12.5,-15.336516380310059,-14.495992660522461,-15.4375,-11.56788158416748,-9.317718505859375,
20.388,-10.3125,-12.960183143615723,-12.475625038146973,-14.6875,-10.760404586791992,-8.488411903381348,
20.398,-8.0625,-10.027631759643555,-10.17740249633789,-14.125,-10.125994682312012,-7.810541152954102,
20.408,-5.8125,-7.155346393585205,-7.879248142242432,-13.6875,-9.64885139465332,-7.292566299438477,
20.418,-3.5625,-4.668299674987793,-5.731298923492432,-13.3125,-9.338507652282715,-6.928579330444336,
20.428,-1.25,-2.141225576400757,-3.540705680847168,-13.1875,-9.13330364227295,-6.686672210693359,
20.438,1.125,0.688481867313385,-1.1779210567474365,-13.125,-9.012537002563477,-6.56607723236084,
20.448,3.5625,3.5660033226013184,1.2541415691375732,-13.125,-8.905885696411133,-6.514565944671631,
20.458,6.1875,6.589918613433838,3.807586193084717,-13.25,-8.85130500793457,-6.53590202331543,
20.468,8.875,9.632840156555176,6.424256801605225,-13.4375,-8.979408264160156,-6.706638336181641,
20.478,11.5625,12.968344688415527,9.202387809753418,-13.5625,-9.106451988220215,-6.902734756469727,
20.488,14.25,16.38797378540039,12.035337448120117,-13.75,-9.085938453674316,-7.017251014709473,
20.498,16.875,19.7003116607666,14.813824653625488,-13.875,-9.065812110900879,-7.120968341827393,
20.508,19.3125,22.84235191345215,17.47900390625,-13.9375,-9.053756713867188,-7.201625823974609,
20.518,21.625,25.70587730407715,19.96718406677246,-13.875,-8.945847511291504,-7.182649612426758,
20.528,23.625,28.188430786132812,22.19021987915039,-13.75,-8.780099868774414,-7.068065643310547,
20.538,25.4375,31.23137664794922,24.55191421508789,-13.5,-8.305042266845703,-6.705528736114502,
20.548,26.6875,32.893951416015625,26.148391723632812,-13.0625,-7.802039623260498,-6.242694854736328,
20.558,27.25,33.970703125,27.208166122436523,-12.4375,-7.483581066131592,-5.796756267547607,
20.568,27.625,34.785945892333984,27.932331085205078,-11.75,-7.184009552001953,-5.295170307159424,
20.578,27.75,34.74510955810547,28.14240837097168,-11.0625,-6.879420280456543,-4.742702007293701,
20.588,27.625,34.099769592285156,27.967988967895508,-10.1875,-6.369451522827148,-4.045490264892578,
20.598,27.6875,33.43310546875,27.729854583740234,-9.375,-5.92068338394165,-3.3595738410949707,
20.608,27.75,33.431190490722656,27.790212631225586,-8.3125,-5.4584784507751465,-2.619778871536255,
20.618,27.75,33.669673919677734,27.94818878173828,-6.9375,-4.655791759490967,-1.582929015159607,
20.628,27.5625,33.64607620239258,27.931533813476562,-5.375,-3.7963104248046875,-0.4136731028556824,
20.638,27.125,33.411827087402344,27.7208309173584,-3.625,-2.5443217754364014,1.0388091802597046,
20.648,26.375,33.02003479003906,27.30327033996582,-1.875,-0.8805972337722778,2.760296106338501,
20.658,25.3125,32.00056457519531,26.459060668945312,-0.1875,0.9436867833137512,4.58184814453125,
20.668,24,30.62169647216797,25.318361282348633,1.3125,2.482919692993164,6.182563304901123,
20.678,22.5,29.333972930908203,24.092134475708008,2.6875,3.80438232421875,7.574331283569336,
20.688,20.9375,27.65937614440918,22.61886978149414,3.9375,5.120903968811035,8.900020599365234,
20.698,19.25,26.046443939208984,21.118839263916016,4.9375,6.09678316116333,9.93523120880127,
20.708,17.5625,24.342205047607422,19.53652572631836,5.8125,6.928584575653076,10.800504684448242,
20.718,15.8125,22.60504913330078,17.920503616333008,6.6875,7.820845603942871,11.643714904785156,
20.728,14.0625,20.78761100769043,16.24148178100586,7.4375,8.59727668762207,12.37869930267334,
20.738,12.1875,18.942543029785156,14.507425308227539,8.125,8.976667404174805,12.844829559326172,
20.748,10.125,17.216468811035156,12.772375106811523,9.0625,9.691768646240234,13.501477241516113,
20.758,8.0625,15.363396644592285,10.930230140686035,9.9375,10.492474555969238,14.229972839355469,
20.768,5.875,12.925451278686523,8.787670135498047,10.75,11.573461532592773,15.121832847595215,
20.778,3.6875,10.684137344360352,6.696730613708496,11.625,12.53913688659668,15.934404373168945,
20.788,1.4375,8.063132286071777,4.40463924407959,12.5,13.934097290039062,16.994813919067383,
20.798,-0.6875,5.518616199493408,2.141984701156616,13.0625,14.976799011230469,17.822195053100586,
20.808,-2.8125,3.020470142364502,-0.0790015161037445,13.4375,15.968554496765137,18.552526473999023,
20.818,-4.75,0.6943272352218628,-2.1894078254699707,13.5,16.58890151977539,18.9915828704834,
20.828,-6.625,-1.3199244737625122,-4.11614990234375,13.3125,16.99472999572754,19.213939666748047,
20.838,-8.4375,-3.085557222366333,-5.898275852203369,12.9375,16.834144592285156,19.011987686157227,
20.848,-10.3125,-4.996943950653076,-7.7273783683776855,12.4375,16.517059326171875,18.650157928466797,
20.858,-12.125,-6.810764789581299,-9.494281768798828,11.875,16.038904190063477,18.153846740722656,
20.868,-13.9375,-8.847055435180664,-11.339399337768555,11.3125,15.62677001953125,17.669408798217773,
20.878,-15.875,-10.885965347290039,-13.18310546875,10.8125,15.138802528381348,17.142854690551758,
20.888,-17.75,-12.890560150146484,-15.009116172790527,10.375,14.684770584106445,16.661155700683594,
20.898,-19.5625,-15.087945938110352,-16.90338897705078,10,14.33156967163086,16.270395278930664,
20.908,-21.25,-17.25257110595703,-18.74606704711914,9.75,14.245833396911621,16.068851470947266,
20.918,-22.8125,-19.324357986450195,-20.4840030670166,9.5625,13.9747896194458,15.785523414611816,
20.928,-24.0625,-20.904586791992188,-21.911331176757812,9.3125,14.167112350463867,15.775702476501465,
20.938,-25.125,-22.38335418701172,-23.19913673400879,9,14.294243812561035,15.710561752319336,
20.948,-25.9375,-23.463226318359375,-24.216737747192383,8.6875,14.202110290527344,15.484074592590332,
20.958,-26.4375,-24.21484375,-24.982818603515625,8.3125,14.062219619750977,15.185660362243652,
20.968,-26.6875,-24.583715438842773,-25.458120346069336,7.875,13.827301025390625,14.784529685974121,
20.978,-26.8125,-24.972164154052734,-25.840539932250977,7.5,13.86809253692627,14.528836250305176,
20.988,-26.8125,-25.131351470947266,-26.058700561523438,7.5,13.759186744689941,14.196771621704102,
20.998,-26.9375,-24.942960739135742,-26.084747314453125,6.8125,13.539899826049805,13.816725730895996,
21.008,-27.0625,-24.70599365234375,-26.068532943725586,6.5625,13.253966331481934,13.435215950012207,
21.018,-27.0625,-24.69222640991211,-26.130807876586914,6.5625,13.020062446594238,13.137001037597656,
21.028,-27.125,-25.117355346679688,-26.353302001953125,6.375,13.058419227600098,13.070578575134277,
21.038,-27.125,-25.437938690185547,-26.488325119018555,6.375,13.19771957397461,13.139860153198242,
21.048,-27.0625,-25.688602447509766,-26.54546546936035,6.5,13.416433334350586,13.33755874633789,
21.058,-26.9375,-25.67995834350586,-26.426902770996094,6.8125,13.554129600524902,13.563788414001465,
21.068,-26.6875,-25.504610061645508,-26.146018981933594,7.25,13.657089233398438,13.850306510925293,
21.078,-26.25,-25.26024055480957,-25.725727081298828,7.9375,14.107114791870117,14.421573638916016,
21.088,-25.5625,-25.26024055480957,-25.725727081298828,8.8125,14.107114791870117,14.421573638916016,
21.098,-24.625,-24.078872680664062,-24.236860275268555,9.875,15.769811630249023,16.233800888061523,
21.108,-23.5625,-23.089630126953125,-23.169109344482422,11.125,16.762670516967773,17.323293685913086,
21.118,-22.3125,-21.986709594726562,-21.97846031188965,12.5625,17.8253116607666,18.506980895996094,
21.128,-21,-21.986709594726562,-21.97846031188965,14.0625,19.333330154418945,18.506980895996094,
21.138,-19.5625,-20.586597442626953,-20.594982147216797,15.6875,19.333330154418945,19.996055603027344,
21.148,-18.125,-18.129474639892578,-17.837451934814453,17.4375,22.303560256958008,23.02720069885254,
21.158,-16.6875,-16.89628028869629,-16.408823013305664,19.1875,23.939701080322266,24.639842987060547,
21.168,-15.25,-16.89628028869629,-16.408823013305664,20.9375,23.939701080322266,24.639842987060547,
21.178,-13.75,-15.524587631225586,-14.86972427368164,22.5,25.734846115112305,26.3614501953125,
21.188,-12.25,-14.212027549743652,-13.317779541015625,23.5625,27.148357391357422,27.803361892700195,
21.198,-10.6875,-12.065864562988281,-10.31570053100586,24.3125,29.43425750732422,29.996292114257812,
21.208,-10.6875,-10.747854232788086,-8.653361320495605,24.3125,29.753679275512695,30.486330032348633,
21.218,-9.0625,-10.747854232788086,-8.653361320495605,24.8125,29.753679275512695,30.486330032348633,
21.228,-6.0625,-9.587309837341309,-7.063210487365723,25.6875,29.709896087646484,30.685741424560547,
21.238,-4.625,-8.535528182983398,-5.565927982330322,26.125,29.7291259765625,30.881410598754883,
21.248,-3.125,-6.481165409088135,-2.644906759262085,26.4375,30.90419578552246,31.847259521484375,
21.258,-1.5625,-5.22501277923584,-1.0952786207199097,26.625,31.501054763793945,32.27798843383789,
21.268,-0.0625,-5.22501277923584,-1.0952786207199097,26.625,31.501054763793945,32.27798843383789,
21.278,1.3125,-3.813110828399658,0.4619027078151703,26.5625,31.321170806884766,32.18283462524414,
21.288,2.6875,-2.5314507484436035,1.8964325189590454,26.5,31.06336212158203,31.98712921142578,
21.298,4.0625,-0.12010964751243591,4.566325664520264,26.375,31.07265853881836,31.835819244384766,
21.308,4.0625,1.191398024559021,5.907950401306152,26.375,31.226110458374023,31.823665618896484,
21.318,5.3125,1.191398024559021,5.907950401306152,26.1875,31.226110458374023,31.823665618896484,
21.328,7.875,2.498710870742798,7.184746265411377,25.375,31.02141761779785,31.572500228881836,
21.338,9.0625,3.7589826583862305,8.38721752166748,24.9375,30.603578567504883,31.155065536499023,
21.348,10.3125,6.503644943237305,10.796976089477539,24.4375,29.850276947021484,30.3204345703125,
21.358,10.3125,7.981691837310791,12.022666931152344,24.4375,29.591386795043945,29.962690353393555,
21.368,11.5,7.981691837310791,12.022666931152344,23.8125,29.591386795043945,29.962690353393555,
21.378,13.6875,9.522367477416992,13.233393669128418,22.3125,28.978532791137695,29.37104034423828,
21.388,14.625,10.776901245117188,14.262802124023438,21.375,28.196182250976562,28.616235733032227,
21.398,15.3125,13.03054141998291,16.02902603149414,20.25,26.570093154907227,26.905336380004883,
21.408,15.3125,14.147116661071777,16.826839447021484,20.25,25.54361343383789,25.871898651123047,
21.418,15.875,14.147116661071777,16.826839447021484,19,25.54361343383789,25.871898651123047,
21.428,16.3125,14.449466705322266,17.11902618408203,15.875,24.289152145385742,24.657657623291016,
21.438,16.3125,15.178643226623535,17.47356414794922,14.1875,22.817245483398438,23.246700286865234,
21.448,16.25,15.554327964782715,17.51137351989746,12.4375,19.250560760498047,19.94974708557129,
21.458,16.25,15.834996223449707,17.532651901245117,12.4375,17.44840431213379,18.27798843383789,
21.468,16.25,15.834996223449707,17.532651901245117,10.5625,17.44840431213379,18.27798843383789,
21.478,16.1875,16.115276336669922,17.546695709228516,6.5625,15.348764419555664,16.41519546508789,
21.488,16.125,16.317829132080078,17.520130157470703,4.5625,13.093445777893066,14.432367324829102,
21.498,16.0625,16.831697463989258,17.504886627197266,2.5625,8.78242301940918,10.567004203796387,
21.508,16.0625,17.123435974121094,17.503122329711914,2.5625,6.614001274108887,8.628829956054688,
21.518,15.9375,17.123435974121094,17.503122329711914,0.625,6.614001274108887,8.628829956054688,
21.528,15.4375,17.15784454345703,17.347286224365234,-3.125,4.531593322753906,6.760066032409668,
21.538,15.125,17.0601863861084,17.08759880065918,-5,2.4158453941345215,4.882260322570801,
21.548,14.625,16.721593856811523,16.396657943725586,-6.8125,-1.6605607271194458,1.2362949848175049,
21.558,14.625,16.413061141967773,15.95469856262207,-6.8125,-3.6283679008483887,-0.5367662906646729,
21.568,14.0625,16.413061141967773,15.95469856262207,-8.5625,-3.6283679008483887,-0.5367662906646729,
21.578,12.5,15.799236297607422,15.307635307312012,-12,-5.567534446716309,-2.2837119102478027,
21.588,11.5625,14.8732271194458,14.447925567626953,-13.625,-7.469989776611328,-3.992701292037964,
21.598,10.5625,13.053455352783203,12.597052574157715,-15.25,-11.100855827331543,-7.277740001678467,
21.608,10.5625,12.084728240966797,11.610469818115234,-15.25,-12.882166862487793,-8.891693115234375,
21.618,9.4375,12.084728240966797,11.610469818115234,-16.8125,-12.882166862487793,-8.891693115234375,
21.628,6.875,10.64738941192627,10.356119155883789,-19.875,-14.579144477844238,-10.44458293914795,
21.638,5.4375,9.218417167663574,9.040939331054688,-21.4375,-16.21507453918457,-11.95447826385498,
21.648,3.9375,6.014923095703125,6.1428022384643555,-23,-19.521154403686523,-15.012857437133789,
21.658,3.9375,4.306502819061279,4.616487503051758,-23,-21.130290985107422,-16.53750991821289,
21.668,2.4375,4.306502819061279,4.616487503051758,-24.625,-21.130290985107422,-16.53750991821289,
21.678,-0.8125,2.430257558822632,2.9628756046295166,-28.0625,-22.908300399780273,-18.190290451049805,
21.688,-2.5,0.45148783922195435,1.225155234336853,-29.8125,-24.700084686279297,-19.881364822387695,
21.698,-4.1875,-3.930598497390747,-2.458263874053955,-31.5,-28.032573699951172,-23.141050338745117,
21.708,-4.1875,-5.959617614746094,-4.2133917808532715,-31.5,-29.663339614868164,-24.761425018310547,
21.718,-5.8125,-5.959617614746094,-4.2133917808532715,-33.0625,-29.663339614868164,-24.761425018310547,
21.728,-7.9375,-7.229557037353516,-5.491397380828857,-33.8125,-29.8398494720459,-25.432884216308594,
21.738,-8.625,-8.937092781066895,-6.8126420974731445,-33.6875,-30.7497501373291,-26.246122360229492,
21.748,-9.125,-10.733952522277832,-8.36331844329834,-33.3125,-29.62470817565918,-25.821834564208984,
21.758,-9.125,-10.749773979187012,-8.642938613891602,-33.3125,-28.364391326904297,-25.10658836364746,
21.768,-9.5,-10.749773979187012,-8.642938613891602,-32.9375,-28.364391326904297,-25.10658836364746,
21.778,-10.25,-11.22217082977295,-9.078919410705566,-32.625,-28.379940032958984,-25.12356948852539,
21.788,-10.6875,-11.832058906555176,-9.593974113464355,-32.5,-28.857481002807617,-25.4393253326416,
21.798,-11.1875,-12.798888206481934,-10.62221908569336,-32.3125,-28.162874221801758,-25.127473831176758,
21.808,-11.1875,-12.928096771240234,-11.011476516723633,-32.3125,-27.78175926208496,-24.940214157104492,
21.818,-11.75,-12.928096771240234,-11.011476516723633,-32.0625,-27.78175926208496,-24.940214157104492,
21.828,-12.875,-13.754215240478516,-11.728459358215332,-30.75,-27.383092880249023,-24.71200942993164,
21.838,-13.25,-14.24655532836914,-12.273260116577148,-29.9375,-26.70069122314453,-24.240991592407227,
21.848,-13.625,-15.11951732635498,-13.198934555053711,-28.9375,-24.687448501586914,-22.745519638061523,
21.858,-13.625,-15.659177780151367,-13.6691312789917,-28.9375,-23.516672134399414,-21.805784225463867,
21.868,-13.875,-15.659177780151367,-13.6691312789917,-27.625,-23.516672134399414,-21.805784225463867,
21.878,-14.0625,-15.661172866821289,-13.857263565063477,-24.6875,-22.301050186157227,-20.762542724609375,
21.888,-14.1875,-15.649834632873535,-13.990822792053223,-22.9375,-20.784862518310547,-19.489625930786133,
21.898,-14.1875,-14.983495712280273,-13.902532577514648,-21,-17.022003173828125,-16.327987670898438,
21.908,-14.1875,-14.983495712280273,-13.902532577514648,-21,-14.832611083984375,-16.327987670898438,
21.918,-14.25,-14.845029830932617,-13.91128921508789,-18.9375,-14.832611083984375,-14.477188110351562,
21.928,-14.5625,-14.900679588317871,-14.028544425964355,-14.5625,-12.465484619140625,-12.474173545837402,
21.938,-14.8125,-14.766474723815918,-14.09713363647461,-12.4375,-10.005581855773926,-10.369707107543945,
21.948,-15.1875,-14.985701560974121,-14.530973434448242,-10.25,-5.215571880340576,-6.188879489898682,
21.958,-15.1875,-14.985701560974121,-14.530973434448242,-10.25,-3.1208693981170654,-6.188879489898682,
21.968,-15.5625,-14.70496654510498,-14.632488250732422,-8.125,-3.1208693981170654,-4.2649946212768555,
21.978,-16.6875,-14.875661849975586,-14.949461936950684,-3.6875,-0.9855292439460754,-2.3191444873809814,
21.988,-17.4375,-15.279542922973633,-15.430052757263184,-1.5625,1.4676915407180786,-0.1825166642665863,
21.998,-18.125,-17.153915405273438,-17.000425338745117,0.5625,6.478156566619873,4.199004173278809,
22.008,-18.125,-17.153915405273438,-17.000425338745117,0.5625,8.830963134765625,4.199004173278809,
22.018,-18.875,-18.059724807739258,-17.789270401000977,2.75,8.830963134765625,6.304243564605713,
22.028,-20.25,-18.594318389892578,-18.41779899597168,6.75,11.236026763916016,8.434545516967773,
22.038,-21,-18.918842315673828,-18.951940536499023,8.6875,13.511615753173828,10.468206405639648,
22.048,-21.8125,-20.424055099487305,-20.434104919433594,10.5625,17.835847854614258,14.35452651977539,
22.058,-21.8125,-20.424055099487305,-20.434104919433594,10.5625,17.835847854614258,14.35452651977539,
22.068,-22.5625,-21.325096130371094,-21.255481719970703,12.1875,19.930959701538086,16.23841094970703,
22.078,-23.8125,-22.476999282836914,-22.192670822143555,14.75,23.02088737487793,18.679603576660156,
22.088,-23.9375,-22.6943302154541,-22.65773582458496,15.125,24.440217971801758,20.068330764770508,
22.098,-23.9375,-23.363605499267578,-23.14021873474121,15.1875,25.840085983276367,21.486780166625977,
22.108,-23.9375,-23.363605499267578,-23.313310623168945,15.1875,25.840085983276367,21.486780166625977,
22.118,-23.8125,-22.877912521362305,-23.170793533325195,15.0625,25.718585968017578,21.470182418823242,
22.128,-23.875,-22.014936447143555,-22.86957359313965,14.875,25.283245086669922,21.162057876586914,
22.138,-24,-21.952695846557617,-22.96038055419922,14.875,25.090410232543945,20.966670989990234,
22.148,-24,-22.180269241333008,-23.189205169677734,14.8125,25.24034309387207,21.013416290283203,
22.158,-24,-22.537982940673828,-23.435489654541016,14.8125,25.67516326904297,21.286706924438477,
22.168,-23.9375,-22.447425842285156,-23.42888069152832,14.6875,25.594058990478516,21.26669692993164,
22.178,-23.75,-22.01874351501465,-23.236433029174805,14.625,25.05263328552246,20.956472396850586,
22.188,-23.625,-21.694120407104492,-23.074485778808594,14.75,24.35370445251465,20.55881118774414,
22.198,-23.3125,-21.871049880981445,-23.109237670898438,14.9375,24.501296997070312,20.701580047607422,
22.208,-23.3125,-21.913755416870117,-23.027956008911133,14.9375,25.086030960083008,21.152307510375977,
22.218,-23,-21.554765701293945,-22.696996688842773,15.125,25.53533935546875,21.571922302246094,
22.228,-22,-21.170269012451172,-22.283981323242188,15.375,25.224945068359375,21.569000244140625,
22.238,-21.375,-20.775035858154297,-21.808147430419922,15.4375,24.962825775146484,21.599346160888672,
22.248,-20.625,-20.455081939697266,-21.309396743774414,15.25,24.89289093017578,21.730493545532227,
22.258,-20.625,-20.081684112548828,-20.719200134277344,15.25,24.870830535888672,21.862253189086914,
22.268,-19.625,-19.565296173095703,-19.981517791748047,15,24.53359603881836,21.762725830078125,
22.278,-18.625,-18.71660041809082,-19.029865264892578,14.75,23.817113876342773,21.40354347229004,
22.288,-17.4375,-17.70328712463379,-17.95342445373535,14.375,22.865665435791016,20.87335205078125,
22.298,-16.25,-16.92536163330078,-16.929086685180664,14.0625,22.188655853271484,20.4871826171875,
22.308,-14.875,-15.781026840209961,-15.686293601989746,13.75,21.74408531188965,20.231948852539062,
22.318,-13.375,-14.540752410888672,-14.332043647766113,13.375,21.07737922668457,19.829925537109375,
22.328,-11.6875,-13.081644058227539,-12.824397087097168,13.0625,20.399002075195312,19.40374755859375,
22.338,-9.9375,-11.495331764221191,-11.208986282348633,12.75,19.763490676879883,18.983240127563477,
22.348,-8.0625,-9.852617263793945,-9.515583992004395,12.4375,19.093563079833984,18.531597137451172,
22.358,-6.0625,-7.864839553833008,-7.620453357696533,12.125,18.5710506439209,18.150983810424805,
22.368,-4,-5.624062538146973,-5.56508731842041,11.8125,18.029455184936523,17.751239776611328,
22.378,-1.8125,-3.283841609954834,-3.41939377784729,11.5,17.58475685119629,17.401121139526367,
22.388,0.25,-1.0173288583755493,-1.2788927555084229,11.1875,17.1936092376709,17.07625389099121,
22.398,2.375,1.3300994634628296,0.8996254205703735,10.9375,16.885875701904297,16.79254722595215,
22.408,4.5,3.745910167694092,3.103351593017578,10.625,16.610309600830078,16.515247344970703,
22.418,6.5625,6.044381618499756,5.2410993576049805,10.25,16.304153442382812,16.20096206665039,
22.428,8.5625,8.125654220581055,7.258674621582031,9.875,15.954404830932617,15.835987091064453,
22.438,10.5,10.191815376281738,9.242815971374512,9.4375,15.66740608215332,15.483636856079102,
22.448,12.4375,12.217917442321777,11.183795928955078,8.9375,15.350868225097656,15.090232849121094,
22.458,14.3125,14.441827774047852,13.189705848693848,8.4375,14.872834205627441,14.58298397064209,
22.468,16.25,16.541587829589844,15.123080253601074,7.875,14.468209266662598,14.105897903442383,
22.478,18.125,18.47900390625,16.966590881347656,7.3125,14.118885040283203,13.655282974243164,
22.488,20,20.588966369628906,18.875186920166016,6.75,13.767382621765137,13.195910453796387,
22.498,21.8125,23.07802963256836,20.941688537597656,6.0625,13.44330883026123,12.737625122070312,
22.508,23.4375,25.20755958557129,22.795654296875,5.375,12.881193161010742,12.121896743774414,
22.518,24.625,26.97698974609375,24.35540771484375,4.5625,12.292590141296387,11.47242546081543,
22.528,25.875,28.751680374145508,25.82297706604004,3.8125,11.715228080749512,10.799764633178711,
22.538,26.625,29.892709732055664,26.904273986816406,2.875,11.064642906188965,10.028949737548828,
22.548,27,30.469009399414062,27.559024810791016,1.9375,10.427559852600098,9.227848052978516,
22.558,27.1875,31.003009796142578,28.048131942749023,1.0625,9.639809608459473,8.350412368774414,
22.568,27.3125,31.155508041381836,28.27492332458496,0.3125,8.887866020202637,7.531729698181152,
22.578,27.375,31.47425651550293,28.510971069335938,-0.3125,8.02340030670166,6.69486141204834,
22.588,27.375,31.668012619018555,28.655933380126953,-0.8125,7.4775824546813965,6.093076229095459,
22.598,27.375,31.87209129333496,28.78045082092285,-1.3125,7.069687843322754,5.617496013641357,
22.608,27.3125,32.031158447265625,28.864765167236328,-1.75,6.570316314697266,5.120926856994629,
22.618,27.3125,32.06267547607422,28.880765914916992,-2.25,6.241827011108398,4.762039661407471,
22.628,27.25,32.01226806640625,28.85399055480957,-2.8125,5.926756858825684,4.445785999298096,
22.638,27.25,32.05826950073242,28.86067008972168,-3.4375,5.394827842712402,4.019336223602295,
22.648,27.125,32.273468017578125,28.916738510131836,-4.25,4.759474277496338,3.52168345451355,
22.658,26.875,32.49269104003906,28.92611312866211,-5.1875,3.7587523460388184,2.765392541885376,
22.668,26.4375,32.4832878112793,28.770545959472656,-6.3125,2.59171986579895,1.854989767074585,
22.678,25.875,32.19697189331055,28.421157836914062,-7.5625,1.3561930656433105,0.8504244089126587,
22.688,25.0625,31.576622009277344,27.84389877319336,-8.8125,-0.18715929985046387,-0.3772541284561157,
22.698,24.125,30.765743255615234,27.10038948059082,-10.0625,-1.8764750957489014,-1.7032424211502075,
22.708,23,29.892812728881836,26.243385314941406,-11.1875,-3.5596280097961426,-3.011709690093994,
22.718,21.8125,28.733705520629883,25.18716049194336,-12.25,-5.2776007652282715,-4.311915874481201,
22.728,20.5,27.205923080444336,23.91591453552246,-13.25,-6.815591812133789,-5.4779863357543945,
22.738,19.0625,25.659481048583984,22.587013244628906,-14.125,-8.14687728881836,-6.502223491668701,
22.748,17.5625,23.926658630371094,21.13141632080078,-15,-9.349625587463379,-7.44209623336792,
22.758,16,22.255474090576172,19.659286499023438,-15.8125,-10.355731964111328,-8.26711368560791,
22.768,14.3125,20.59667205810547,18.14818572998047,-16.6875,-11.527668952941895,-9.184499740600586,
22.778,12.5,18.743173599243164,16.496347427368164,-17.5,-12.604976654052734,-10.049607276916504,
22.788,10.5625,16.743989944458008,14.724063873291016,-18.375,-13.7163724899292,-10.940117835998535,
22.798,8.5625,14.679132461547852,12.872538566589355,-19.25,-14.81298542022705,-11.837373733520508,
22.808,6.4375,12.5206880569458,10.929780960083008,-20.1875,-15.869050979614258,-12.727703094482422,
22.818,4.3125,10.076864242553711,8.822056770324707,-21.125,-17.0535888671875,-13.711419105529785,
22.828,2.125,7.4985198974609375,6.625879764556885,-22.0625,-18.17000389099121,-14.675748825073242,
22.838,0,5.023866653442383,4.458878517150879,-23,-19.201021194458008,-15.601714134216309,
22.848,-2.1875,2.408397912979126,2.222774028778076,-23.9375,-20.191673278808594,-16.516584396362305,
22.858,-4.375,-0.1624472737312317,0.00738188624382019,-24.875,-21.09141731262207,-17.39360237121582,
22.868,-6.5,-2.6855430603027344,-2.179309368133545,-25.8125,-21.953798294067383,-18.259449005126953,
22.878,-8.5625,-5.1627678871154785,-4.333963871002197,-26.75,-22.81423568725586,-19.135852813720703,
22.888,-10.5625,-7.730734825134277,-6.507890701293945,-27.6875,-23.59901237487793,-19.979101181030273,
22.898,-12.4375,-10.023672103881836,-8.521159172058105,-28.5625,-24.485553741455078,-20.893924713134766,
22.908,-14.1875,-12.377429008483887,-10.501907348632812,-29.375,-25.239980697631836,-21.731279373168945,
22.918,-15.625,-14.653770446777344,-12.354193687438965,-30.0625,-25.901866912841797,-22.505508422851562,
22.928,-16.4375,-15.699212074279785,-13.488083839416504,-30.0625,-26.01801872253418,-22.876510620117188,
22.938,-17,-17.242156982421875,-14.638094902038574,-29.8125,-26.187990188598633,-23.133045196533203,
22.948,-17.3125,-18.097816467285156,-15.33260726928711,-29.4375,-25.4287052154541,-22.73726463317871,
22.958,-17.5625,-18.13437843322754,-15.586530685424805,-29.0625,-24.197256088256836,-22.003612518310547,
22.968,-17.9375,-17.53751564025879,-15.556884765625,-28.8125,-23.168092727661133,-21.364776611328125,
22.978,-18.5,-17.084993362426758,-15.636065483093262,-28.625,-22.56722640991211,-20.992982864379883,
22.988,-19,-17.795223236083984,-16.274188995361328,-28.375,-22.820772171020508,-21.129526138305664,
22.998,-19.5625,-18.927509307861328,-17.120187759399414,-28.0625,-23.047578811645508,-21.23007583618164,
23.008,-20.125,-19.988555908203125,-17.945249557495117,-27.5625,-22.650596618652344,-20.924962997436523,
23.018,-20.6875,-19.865890502929688,-18.249128341674805,-26.875,-21.6767578125,-20.237274169921875,
23.028,-21.25,-19.946680068969727,-18.632070541381836,-25.875,-20.599061965942383,-19.422075271606445,
23.038,-21.6875,-19.951797485351562,-18.95649528503418,-24.6875,-19.69857406616211,-18.61666488647461,
23.048,-22.0625,-20.566328048706055,-19.510753631591797,-23.25,-18.610082626342773,-17.608985900878906,
23.058,-22.25,-20.960803985595703,-19.92025375366211,-21.625,-16.91460418701172,-16.159664154052734,
23.068,-22.375,-21.155033111572266,-20.1798038482666,-20,-15.279961585998535,-14.696746826171875,
23.078,-22.3125,-20.691329956054688,-20.07016372680664,-18.3125,-13.440934181213379,-13.094939231872559,
23.088,-22.25,-20.506832122802734,-20.029491424560547,-16.625,-11.704383850097656,-11.554508209228516,
23.098,-22.25,-20.582599639892578,-20.101219177246094,-15.0625,-10.123172760009766,-10.117337226867676,
23.108,-22.25,-20.308610916137695,-20.025236129760742,-13.4375,-8.393570899963379,-8.594587326049805,
23.118,-22.4375,-20.213266372680664,-20.060829162597656,-11.875,-6.744737148284912,-7.123018741607666,
23.128,-22.625,-20.122509002685547,-20.14104652404785,-10.375,-4.979492664337158,-5.587249755859375,
23.138,-22.875,-20.209680557250977,-20.321317672729492,-8.875,-3.322192668914795,-4.121861934661865,
23.148,-23.1875,-20.44363784790039,-20.594921112060547,-7.375,-1.876573920249939,-2.7913877964019775,
23.158,-23.5,-20.81648063659668,-20.955474853515625,-5.8125,-0.35840803384780884,-1.4155008792877197,
23.168,-23.875,-21.152606964111328,-21.307266235351562,-4.25,1.11245596408844,-0.04848983883857727,
23.178,-24.1875,-21.501731872558594,-21.66093635559082,-2.625,2.5924174785614014,1.3443070650100708,
23.188,-24.4375,-21.892292022705078,-22.016983032226562,-1,4.496766090393066,3.012885332107544,
23.198,-24.5625,-22.120708465576172,-22.267990112304688,0.5,6.186871528625488,4.568504333496094,
23.208,-24.6875,-22.22876739501953,-22.432003021240234,2.0625,7.831745624542236,6.093499183654785,
23.218,-24.8125,-22.332965850830078,-22.576601028442383,3.5625,9.42754077911377,7.5829010009765625,
23.228,-24.875,-22.431692123413086,-22.708532333374023,5,10.995604515075684,9.055451393127441,
23.238,-24.9375,-22.411762237548828,-22.77161979675293,6.3125,12.497875213623047,10.483097076416016,
23.248,-25,-22.500877380371094,-22.86262321472168,7.625,13.83908462524414,11.79242992401123,
23.258,-25,-22.64590835571289,-22.945112228393555,8.875,15.093903541564941,13.045642852783203,
23.268,-25,-22.78650665283203,-23.00322914123535,8.875,16.31145668029785,14.26185131072998,
23.278,-24.8125,-22.877599716186523,-22.994266510009766,10,17.146953582763672,15.257369995117188,
23.288,-23.9375,-22.5259952545166,-22.67363166809082,12.0625,18.376022338867188,16.486778259277344,
23.298,-23.375,-22.181997299194336,-22.246700286865234,13,19.17051124572754,17.418519973754883,
23.308,-22.5625,-21.734373092651367,-21.692747116088867,13.875,19.90627098083496,18.28467559814453,
23.318,-21.75,-21.043743133544922,-20.988161087036133,14.75,20.394319534301758,18.97885513305664,
23.328,-20.8125,-20.211750030517578,-20.180082321166992,15.5625,20.99802589416504,19.736377716064453,
23.338,-19.8125,-19.560483932495117,-19.374927520751953,16.375,21.562345504760742,20.47104263305664,
23.348,-18.75,-18.755165100097656,-18.44403839111328,17.0625,22.31007957458496,21.29649543762207,
23.358,-17.625,-17.76651382446289,-17.38923454284668,17.75,22.85579490661621,21.980730056762695,
23.368,-17.625,-16.81702995300293,-16.330812454223633,17.75,23.211376190185547,22.51457977294922,
23.378,-16.375,-15.725397109985352,-15.171035766601562,18.25,23.499757766723633,22.987361907958984,
23.388,-13.5625,-14.601106643676758,-13.905447959899902,19,23.89415740966797,23.492280960083008,
23.398,-12.0625,-13.430044174194336,-12.543267250061035,19.125,24.12428092956543,23.82889747619629,
23.408,-10.375,-12.1376314163208,-11.075848579406738,19.125,24.145217895507812,23.97354507446289,
23.418,-10.375,-10.734586715698242,-9.534097671508789,19.125,24.005672454833984,23.970905303955078,
23.428,-8.6875,-9.267267227172852,-7.945310592651367,18.9375,23.75249481201172,23.862804412841797,
23.438,-5,-7.61388635635376,-6.243194580078125,18.3125,23.407398223876953,23.63979148864746,
23.448,-3.125,-5.812253952026367,-4.446407318115234,17.875,22.960601806640625,23.29173469543457,
23.458,-1.1875,-3.9461498260498047,-2.6049420833587646,17.375,22.399150848388672,22.83628273010254,
23.468,-1.1875,-2.1057446002960205,-0.7661715745925903,17.375,21.758638381958008,22.305063247680664,
23.478,0.6875,-0.2804526686668396,1.0685430765151978,16.875,21.176816940307617,21.78887939453125,
23.488,4.6875,1.741930365562439,3.000067949295044,15.75,20.659717559814453,21.292482376098633,
23.498,6.6875,3.792971134185791,4.954537391662598,15.0625,20.078500747680664,20.732561111450195,
23.508,8.6875,5.889563083648682,6.929813861846924,14.375,19.47678565979004,20.13517951965332,
23.518,8.6875,7.9798173904418945,8.902556419372559,14.375,18.83869171142578,19.488094329833984,
23.528,10.75,10.111221313476562,10.886415481567383,13.5625,18.172637939453125,18.804481506347656,
23.538,14.625,12.241565704345703,12.835113525390625,11.8125,17.42974090576172,18.05782699584961,
23.548,16.5,14.53217887878418,14.813045501708984,10.8125,16.644681930541992,17.26300621032715,
23.558,18.25,16.722070693969727,16.69930076599121,9.8125,15.78242301940918,16.403776168823242,
23.568,18.25,18.889875411987305,18.55370330810547,9.8125,14.95813274383545,15.539103507995605,
23.578,19.9375,20.926124572753906,20.311086654663086,8.6875,14.054798126220703,14.619025230407715,
23.588,22.6875,22.776609420776367,21.85798454284668,6.25,13.021330833435059,13.610625267028809,
23.598,23.75,24.494365692138672,23.22057342529297,4.9375,11.854942321777344,12.498985290527344,
23.608,24.625,26.21084213256836,24.4711971282959,3.5,10.690454483032227,11.368876457214355,
23.618,24.625,27.475637435913086,25.460819244384766,3.5,9.467177391052246,10.1694917678833,
23.628,25.25,28.51453971862793,26.283906936645508,2.0625,7.982512950897217,8.814569473266602,
23.638,26.1875,29.230741500854492,26.852266311645508,-0.9375,6.4782514572143555,7.486491680145264,
23.648,26.4375,29.89349937438965,27.306093215942383,-2.4375,4.847177982330322,6.100189208984375,
23.658,26.5625,30.462623596191406,27.63633155822754,-3.875,3.133347749710083,4.683077812194824,
23.668,26.5625,30.874000549316406,27.8524227142334,-3.875,1.3329434394836426,3.216543674468994,
23.678,26.5,31.456663131713867,28.107641220092773,-5.1875,-0.35135412216186523,1.842454433441162,
23.688,25.875,31.356809616088867,27.94815444946289,-7.625,-1.8658584356307983,0.6446310877799988,
23.698,25.1875,30.911941528320312,27.50041389465332,-8.6875,-3.4338107109069824,-0.5337604284286499,
23.708,24.3125,30.334012985229492,26.883800506591797,-9.8125,-4.800612449645996,-1.5639731884002686,
23.718,24.3125,29.66022491455078,26.169702529907227,-9.8125,-6.333353519439697,-2.7004709243774414,
23.728,23.25,28.9663143157959,25.39839744567871,-11,-7.74585485458374,-3.767625570297241,
23.738,20.6875,27.645265579223633,24.249683380126953,-13.625,-9.347978591918945,-4.982495307922363,
23.748,19.1875,26.12200355529785,22.9105281829834,-15.125,-11.075334548950195,-6.34376859664917,
23.758,17.5625,24.556386947631836,21.478302001953125,-16.75,-12.94005012512207,-7.843995094299316,
23.768,17.5625,22.90395164489746,19.977611541748047,-16.75,-14.95495319366455,-9.4781494140625,
23.778,15.875,20.97097396850586,18.32525634765625,-18.4375,-16.997966766357422,-11.155608177185059,
23.788,12.125,18.908321380615234,16.550565719604492,-21.9375,-19.10906219482422,-12.901655197143555,
23.798,10.25,16.697357177734375,14.666799545288086,-23.6875,-21.243526458740234,-14.687037467956543,
23.808,8.375,14.390839576721191,12.73261547088623,-25.375,-23.394628524780273,-16.49578094482422,
23.818,8.375,12.136080741882324,10.830442428588867,-25.375,-25.477436065673828,-18.266010284423828,
23.828,6.5625,9.771146774291992,8.908406257629395,-26.9375,-27.38582420349121,-19.94153594970703,
23.838,3.1875,7.471415042877197,7.061832904815674,-29.4375,-29.064847946166992,-21.461462020874023,
23.848,1.6875,5.277797698974609,5.314622402191162,-30.3125,-30.64063262939453,-22.88942527770996,
23.858,0.1875,3.100348472595215,3.6317169666290283,-30.875,-31.807920455932617,-24.025550842285156,
23.868,0.1875,1.0878134965896606,2.0707085132598877,-30.875,-32.52768325805664,-24.83222198486328,
23.878,-1.125,-0.9248645901679993,0.5413820147514343,-31.1875,-32.87181854248047,-25.351564407348633,
23.888,-3.6875,-2.99200701713562,-0.9799576997756958,-31.0625,-32.875640869140625,-25.598285675048828,
23.898,-4.875,-4.894392967224121,-2.397897958755493,-30.75,-32.500919342041016,-25.553983688354492,
23.908,-6,-6.62152624130249,-3.721623659133911,-30.25,-31.928749084472656,-25.33798599243164,
23.918,-6,-8.24889087677002,-4.993199825286865,-30.25,-31.221805572509766,-24.999004364013672,
23.928,-7.125,-9.62192440032959,-6.1464715003967285,-29.75,-30.377079010009766,-24.543081283569336,
23.938,-9.375,-11.139389991760254,-7.370861053466797,-28.5625,-29.599313735961914,-24.100709915161133,
23.948,-10.4375,-12.589415550231934,-8.575714111328125,-27.9375,-28.581674575805664,-23.50065803527832,
23.958,-11.5625,-13.950803756713867,-9.74756908416748,-27.25,-27.53970718383789,-22.872587203979492,
23.968,-11.5625,-15.444531440734863,-10.990513801574707,-27.25,-26.53667640686035,-22.257965087890625,
23.978,-12.625,-16.740354537963867,-12.147887229919434,-26.5,-25.55155372619629,-21.634057998657227,
23.988,-14.4375,-17.85933494567871,-13.215155601501465,-24.625,-24.465208053588867,-20.918766021728516,
23.998,-15.25,-18.952850341796875,-14.253049850463867,-23.4375,-23.229642868041992,-20.066425323486328,
24.008,-15.9375,-19.858808517456055,-15.181405067443848,-22.0625,-21.808208465576172,-19.035247802734375,
24.018,-15.9375,-20.553518295288086,-15.989460945129395,-22.0625,-20.33212661743164,-17.892269134521484,
24.028,-16.5625,-21.21808433532715,-16.75864601135254,-20.5,-18.807283401489258,-16.629379272460938,
24.038,-17.5,-21.663742065429688,-17.403255462646484,-16.75,-16.998170852661133,-15.093267440795898,
24.048,-17.875,-21.961124420166016,-17.949731826782227,-14.5625,-15.009927749633789,-13.343063354492188,
24.058,-18.0625,-22.088973999023438,-18.380130767822266,-12.25,-12.895566940307617,-11.40848159790039,
24.068,-18.0625,-22.040462493896484,-18.67952537536621,-12.25,-10.705057144165039,-9.323817253112793,
24.078,-18.25,-21.865812301635742,-18.86612319946289,-9.75,-8.341996192932129,-7.046910762786865,
24.088,-18.25,-21.622539520263672,-18.963945388793945,-4.625,-5.868725299835205,-4.637189865112305,
24.098,-18.1875,-21.265214920043945,-18.94380760192871,-2.125,-3.3462955951690674,-2.1540451049804688,
24.108,-17.9375,-20.939090728759766,-18.86621856689453,0.3125,-0.845773458480835,0.3350038528442383,
24.118,-17.9375,-20.577041625976562,-18.703617095947266,0.3125,1.5717686414718628,2.7706475257873535,
24.128,-17.625,-20.120264053344727,-18.426715850830078,2.625,3.8776516914367676,5.12060022354126,
24.138,-16.6875,-19.555288314819336,-18.027984619140625,7.125,6.165059566497803,7.434636116027832,
24.148,-16.0625,-18.959426879882812,-17.539478302001953,9.1875,8.32178020477295,9.64382553100586,
24.158,-15.375,-18.32233238220215,-16.954418182373047,11.25,10.335627555847168,11.740589141845703,
24.168,-15.375,-17.677494049072266,-16.287322998046875,11.25,12.316974639892578,13.788782119750977,
24.178,-14.5,-16.9152889251709,-15.488592147827148,13.1875,14.279240608215332,15.790240287780762,
24.188,-12.4375,-16.05918312072754,-14.566083908081055,16.5,16.138399124145508,17.68191146850586,
24.198,-11.25,-15.10317611694336,-13.52100944519043,17.875,17.890363693237305,19.446012496948242,
24.208,-9.9375,-14.051983833312988,-12.360431671142578,18.9375,19.48441505432129,21.03612518310547,
24.218,-9.9375,-12.93649959564209,-11.105459213256836,18.9375,20.77535629272461,22.35069465637207,
24.228,-8.5625,-11.765235900878906,-9.770617485046387,19.6875,21.778779983520508,23.3855037689209,
24.238,-5.625,-10.461539268493652,-8.329572677612305,20.4375,22.471193313598633,24.12367057800293,
24.248,-4,-9.134003639221191,-6.837526798248291,20.4375,22.91515350341797,24.604053497314453,
24.258,-2.4375,-7.742851734161377,-5.285451889038086,20.3125,23.12221336364746,24.844600677490234,
24.268,-2.4375,-6.237522602081299,-3.661289691925049,20.3125,23.112571716308594,24.86548614501953,
24.278,-0.8125,-4.698434352874756,-2.0117642879486084,19.9375,22.91172218322754,24.68962860107422,
24.288,0.6875,-3.1261513233184814,-0.3507002592086792,19.4375,22.59971809387207,24.36874771118164,
24.298,3.8125,-1.5634009838104248,1.291782021522522,18,22.137897491455078,23.88578224182129,
24.308,3.8125,0.012411236763000488,2.9167585372924805,18,21.545406341552734,23.259471893310547,
24.318,5.375,1.6063441038131714,4.521124839782715,17.0625,20.833053588867188,22.503910064697266,
24.328,6.875,3.235168218612671,6.105095386505127,16.0625,20.029224395751953,21.641401290893555,
24.338,8.375,4.9247283935546875,7.677402019500732,14.9375,19.11724281311035,20.66883659362793,
24.348,9.875,6.634915828704834,9.218761444091797,13.6875,18.05872344970703,19.570022583007812,
24.358,11.3125,8.302096366882324,10.702656745910645,12.3125,16.878477096557617,18.3640193939209,
24.368,12.6875,10.122674942016602,12.218633651733398,10.9375,15.547540664672852,17.04083251953125,
24.378,14.0625,11.9864501953125,13.722127914428711,9.5625,14.208008766174316,15.69034194946289,
24.388,15.375,13.731264114379883,15.137977600097656,8.1875,12.887715339660645,14.338860511779785,
24.398,16.5625,15.45628547668457,16.502792358398438,6.875,11.61031436920166,13.01031494140625,
24.408,17.625,17.09003448486328,17.776344299316406,5.5625,10.42730712890625,11.745586395263672,
24.418,18.625,18.6075382232666,18.93843650817871,4.3125,9.326277732849121,10.544001579284668,
24.428,19.4375,20.041601181030273,19.99911880493164,3,8.271099090576172,9.388296127319336,
24.438,20.1875,21.26289176940918,20.903362274169922,1.6875,7.232486248016357,8.258991241455078,
24.448,20.875,22.336320877075195,21.690401077270508,0.3125,6.101180553436279,7.086334228515625,
24.458,21.5,23.28636932373047,22.384111404418945,-1.0625,4.840136528015137,5.83808708190918,
24.468,22.125,24.3033390045166,23.08196258544922,-2.625,3.343790292739868,4.4402852058410645,
24.478,22.6875,25.42770004272461,23.81583595275879,-4.25,1.6734272241592407,2.9180805683135986,
24.488,23.1875,26.408519744873047,24.467931747436523,-6,0.0009214533492922783,1.3652760982513428,
24.498,23.75,27.3275146484375,25.082660675048828,-7.8125,-1.8841878175735474,-0.3420395851135254,
24.508,24.1875,28.172100067138672,25.650253295898438,-9.625,-3.8620293140411377,-2.1359896659851074,
24.518,24.4375,28.831401824951172,26.093765258789062,-11.5,-5.929712295532227,-4.0048017501831055,
24.528,24.5,29.33258819580078,26.39366340637207,-13.25,-8.197254180908203,-5.996788024902344,
24.538,24.375,29.6353759765625,26.50928497314453,-14.8125,-10.128588676452637,-7.752049446105957,
24.548,23.9375,29.467147827148438,26.299837112426758,-16,-12.083763122558594,-9.446303367614746,
24.558,23.3125,29.289352416992188,25.981769561767578,-17.0625,-13.578173637390137,-10.779661178588867,
24.568,22.5625,28.273683547973633,25.221363067626953,-17.9375,-14.44919204711914,-11.679383277893066,
24.578,21.8125,26.92898941040039,24.269437789916992,-18.75,-14.867446899414062,-12.262564659118652,
24.588,21.1875,25.78961181640625,23.402557373046875,-19.5,-15.622488975524902,-13.004889488220215,
24.598,20.5625,25.463462829589844,22.921228408813477,-20.25,-16.808555603027344,-13.987909317016602,
24.608,20.0625,25.07938003540039,22.45105743408203,-21.0625,-17.849775314331055,-14.883735656738281,
24.618,19.5625,24.4776554107666,21.91281509399414,-21.8125,-18.803062438964844,-15.72513198852539,
24.628,19.1875,23.82017707824707,21.37920570373535,-22.5,-19.58908462524414,-16.470304489135742,
24.638,18.8125,23.06629180908203,20.819211959838867,-23.1875,-20.38726043701172,-17.21337890625,
24.648,18.4375,22.764202117919922,20.467924118041992,-23.6875,-20.9835262298584,-17.829423904418945,
24.658,18.0625,22.31311798095703,20.0609073638916,-24.1875,-21.72503662109375,-18.50054359436035,
24.668,17.6875,22.11039161682129,19.76688003540039,-24.5,-22.167613983154297,-18.971282958984375,
24.678,17.375,21.617801666259766,19.350852966308594,-24.75,-22.326662063598633,-19.24433708190918,
24.688,17.0625,20.963899612426758,18.87049102783203,-24.9375,-22.446250915527344,-19.469036102294922,
24.698,16.8125,20.70962142944336,18.58036231994629,-25.0625,-22.509445190429688,-19.64449691772461,
24.708,16.625,20.54067611694336,18.349220275878906,-25.25,-22.66010284423828,-19.85634422302246,
24.718,16.4375,20.567773818969727,18.23011589050293,-25.375,-22.756765365600586,-20.036901473999023,
24.728,16.375,20.441204071044922,18.072019577026367,-25.5,-22.76026153564453,-20.160167694091797,
24.738,16.3125,20.332904815673828,17.944250106811523,-25.5,-22.731239318847656,-20.261701583862305,
24.748,16.25,20.335317611694336,17.882320404052734,-25.5625,-22.677810668945312,-20.336925506591797,
24.758,16.3125,20.46318244934082,17.892562866210938,-25.5625,-22.517518997192383,-20.337923049926758,
24.768,16.375,20.681543350219727,17.965341567993164,-25.5,-22.338756561279297,-20.318378448486328,
24.778,16.4375,20.896743774414062,18.05821418762207,-25.5,-22.205078125,-20.316267013549805,
24.788,16.5,21.145509719848633,18.179546356201172,-25.5,-22.056041717529297,-20.301639556884766,
24.798,16.625,21.44947624206543,18.334890365600586,-25.4375,-21.91570472717285,-20.28186798095703,
24.808,16.6875,21.618938446044922,18.43252944946289,-25.3125,-21.807598114013672,-20.264041900634766,
24.818,16.75,21.818904876708984,18.538436889648438,-25.25,-21.611827850341797,-20.179033279418945,
24.828,16.75,21.92983627319336,18.602476119995117,-25.125,-21.330881118774414,-20.031749725341797,
24.838,16.8125,21.973068237304688,18.63617706298828,-25.0625,-21.162534713745117,-19.942686080932617,
24.848,16.8125,21.95457649230957,18.64525604248047,-25.0625,-21.12257194519043,-19.929840087890625,
24.858,16.875,22.019611358642578,18.695953369140625,-25.0625,-21.051271438598633,-19.90546226501465,
24.868,16.9375,22.121557235717773,18.76687240600586,-25.0625,-20.975435256958008,-19.882762908935547,
24.878,17,22.23039436340332,18.842920303344727,-25.0625,-20.945480346679688,-19.8903751373291,
24.888,17.0625,22.341552734375,18.922998428344727,-25.0625,-20.941328048706055,-19.912189483642578,
24.898,17.0625,22.341033935546875,18.954761505126953,-25.0625,-20.97437858581543,-19.949039459228516,
24.908,17.125,22.27979278564453,18.957813262939453,-25,-20.914804458618164,-19.925363540649414,
24.918,17.1875,22.232810974121094,18.96834945678711,-25,-20.793384552001953,-19.859657287597656,
24.928,17.25,22.266918182373047,19.020511627197266,-24.9375,-20.71076774597168,-19.811330795288086,
24.938,17.375,22.342235565185547,19.098480224609375,-24.875,-20.644023895263672,-19.769712448120117,
24.948,17.5,22.449384689331055,19.2000675201416,-24.75,-20.594240188598633,-19.736249923706055,
24.958,17.625,22.547334671020508,19.307395935058594,-24.5625,-20.464752197265625,-19.650087356567383,
24.968,17.8125,22.65690803527832,19.4267635345459,-24.375,-20.306245803833008,-19.538898468017578,
24.978,18,22.791385650634766,19.560104370117188,-24.125,-20.122190475463867,-19.406574249267578,
24.988,18.125,22.991634368896484,19.72461700439453,-24,-19.94806671142578,-19.27290153503418,
24.998,18.25,23.124860763549805,19.863235473632812,-23.875,-19.792667388916016,-19.142333984375,
25.008,18.4375,23.186738967895508,19.97209358215332,-23.6875,-19.602737426757812,-18.98600196838379,
25.018,18.5625,23.25259017944336,20.083358764648438,-23.5,-19.430435180664062,-18.83834457397461,
25.028,18.8125,23.44703483581543,20.252239227294922,-23.25,-19.314973831176758,-18.723970413208008,
25.038,19,23.627256393432617,20.416622161865234,-23,-19.205469131469727,-18.613000869750977,
25.048,19.25,23.731929779052734,20.55007553100586,-22.8125,-19.1043758392334,-18.505456924438477,
25.058,19.4375,23.792078018188477,20.664608001708984,-22.625,-19.006261825561523,-18.398542404174805,
25.068,19.5625,23.89000701904297,20.795440673828125,-22.4375,-18.895299911499023,-18.284156799316406,
25.078,19.75,24.00914764404297,20.936779022216797,-22.1875,-18.786226272583008,-18.167133331298828,
25.088,19.9375,24.097293853759766,21.06488800048828,-22,-18.693580627441406,-18.056161880493164,
25.098,20.125,24.186389923095703,21.194185256958008,-21.8125,-18.573551177978516,-17.92606544494629,
25.108,20.3125,24.28008460998535,21.327789306640625,-21.625,-18.427507400512695,-17.776884078979492,
25.118,20.5,24.390026092529297,21.471269607543945,-21.375,-18.25242805480957,-17.606435775756836,
25.128,20.6875,24.501388549804688,21.61820411682129,-21.125,-18.067270278930664,-17.425416946411133,
25.138,20.875,24.645732879638672,21.78113555908203,-20.875,-17.88066864013672,-17.238500595092773,
25.148,21.125,24.82813262939453,21.961170196533203,-20.625,-17.68648910522461,-17.042640686035156,
25.158,21.3125,24.978017807006836,22.1279354095459,-20.3125,-17.456972122192383,-16.821483612060547,
25.168,21.5,25.109386444091797,22.286352157592773,-20.0625,-17.2408504486084,-16.60491943359375,
25.178,21.6875,25.234827041625977,22.44076156616211,-19.75,-17.03097152709961,-16.390460968017578,
25.188,21.875,25.372861862182617,22.599044799804688,-19.5,-16.8471736907959,-16.189260482788086,
25.198,22.0625,25.51265525817871,22.756929397583008,-19.25,-16.63578987121582,-15.969551086425781,
25.208,22.25,25.625638961791992,22.901935577392578,-18.9375,-16.45406150817871,-15.766757011413574,
25.218,22.4375,25.768857955932617,23.059202194213867,-18.6875,-16.292776107788086,-15.577001571655273,
25.228,22.625,25.90585708618164,23.212854385375977,-18.4375,-16.136201858520508,-15.391016960144043,
25.238,22.8125,26.046266555786133,23.36740493774414,-18.1875,-15.974233627319336,-15.201428413391113,
25.248,23,26.157629013061523,23.5086612701416,-17.9375,-15.795432090759277,-14.99879264831543,
25.258,23.1875,26.26889991760254,23.648042678833008,-17.6875,-15.616914749145508,-14.795459747314453,
25.268,23.3125,26.386308670043945,23.789508819580078,-17.4375,-15.440211296081543,-14.591395378112793,
25.278,23.5,26.502017974853516,23.930431365966797,-17.1875,-15.26198673248291,-14.384531021118164,
25.288,23.6875,26.626569747924805,24.07551383972168,-16.9375,-15.066208839416504,-14.164800643920898,
25.298,23.8125,26.763734817504883,24.22568702697754,-16.625,-14.855242729187012,-13.933619499206543,
25.308,24,26.906808853149414,24.37777328491211,-16.375,-14.633740425109863,-13.693927764892578,
25.318,24.1875,27.041027069091797,24.52535057067871,-16.0625,-14.385939598083496,-13.435162544250488,
25.328,24.375,27.16932487487793,24.66924476623535,-15.75,-14.145233154296875,-13.17730712890625,
25.338,24.5,27.29507827758789,24.81110954284668,-15.4375,-13.905651092529297,-12.918342590332031,
25.348,24.6875,27.41407585144043,24.948396682739258,-15.125,-13.662909507751465,-12.655152320861816,
25.358,24.8125,27.57879066467285,25.103473663330078,-14.8125,-13.407099723815918,-12.382059097290039,
25.368,25,27.71996307373047,25.24580192565918,-14.5,-13.1586275100708,-12.111138343811035,
25.378,25,27.847393035888672,25.3798770904541,-14.5,-12.907946586608887,-11.838156700134277,
25.388,25.125,27.9552001953125,25.502918243408203,-14.1875,-12.65351390838623,-11.56267261505127,
25.398,25.4375,28.073320388793945,25.62803077697754,-13.5625,-12.397319793701172,-11.286030769348145,
25.408,25.5625,28.20020866394043,25.754375457763672,-13.25,-12.147929191589355,-11.01380443572998,
25.418,25.6875,28.326549530029297,25.878137588500977,-12.9375,-11.907187461853027,-10.748343467712402,
25.428,25.6875,28.441129684448242,25.995115280151367,-12.9375,-11.66992473602295,-10.48691177368164,
25.438,25.875,28.548980712890625,26.107593536376953,-12.625,-11.43330192565918,-10.225688934326172,
25.448,26.125,28.644107818603516,26.21196174621582,-12,-11.197372436523438,-9.965703964233398,
25.458,26.1875,28.744386672973633,26.316438674926758,-11.75,-10.967939376831055,-9.710874557495117,
25.468,26.3125,28.841264724731445,26.41780662536621,-11.4375,-10.736705780029297,-9.455804824829102,
25.478,26.3125,28.939367294311523,26.518545150756836,-11.4375,-10.496283531188965,-9.194951057434082,
25.488,26.4375,29.023683547973633,26.611480712890625,-11.125,-10.25195026397705,-8.932483673095703,
25.498,26.625,29.11594009399414,26.70562744140625,-10.5625,-9.999133110046387,-8.665390014648438,
25.508,26.75,29.21385383605957,26.80038070678711,-10.25,-9.752340316772461,-8.401432037353516,
25.518,26.875,29.319591522216797,26.8964786529541,-9.9375,-9.50246524810791,-8.135845184326172,
25.528,26.875,29.411605834960938,26.98480987548828,-9.9375,-9.235271453857422,-7.8601555824279785,
25.538,26.9375,29.491254806518555,27.065853118896484,-9.625,-8.96042537689209,-7.580624580383301,
25.548,27.125,29.5639705657959,27.140871047973633,-9.0625,-8.70870590209961,-7.316454887390137,
25.558,27.1875,29.658302307128906,27.22254180908203,-8.75,-8.461788177490234,-7.058389186859131,
25.568,27.3125,29.742782592773438,27.29720115661621,-8.4375,-8.213372230529785,-6.803050994873047,
25.578,27.3125,29.81389045715332,27.364215850830078,-8.4375,-7.967299938201904,-6.550447463989258,
25.588,27.375,29.875,27.425065994262695,-8.1875,-7.716115474700928,-6.296189308166504,
25.598,27.4375,29.944684982299805,27.48798942565918,-7.875,-7.465913772583008,-6.0444655418396,
25.608,27.5625,30.01556968688965,27.549503326416016,-7.3125,-7.213375091552734,-5.794585227966309,
25.618,27.625,30.086257934570312,27.609582901000977,-7.0625,-6.9626946449279785,-5.548698425292969,
25.628,27.625,30.154315948486328,27.667844772338867,-7.0625,-6.702966690063477,-5.298449516296387,
25.638,27.6875,30.217073440551758,27.7224178314209,-6.8125,-6.450379371643066,-5.053884506225586,
25.648,27.8125,30.27021598815918,27.771211624145508,-6.25,-6.203445911407471,-4.8145432472229,
25.658,27.875,30.330427169799805,27.820892333984375,-6,-5.96436882019043,-4.58375358581543,
25.668,27.875,30.38243865966797,27.865493774414062,-5.75,-5.726032733917236,-4.357657432556152,
25.678,27.875,30.438669204711914,27.911317825317383,-5.75,-5.484498500823975,-4.13088321685791,
25.688,28,30.487918853759766,27.9523983001709,-5.3125,-5.244749546051025,-3.9093501567840576,
25.698,28,30.535627365112305,27.99169921875,-5.0625,-5.012207984924316,-3.6950860023498535,
25.708,28.0625,30.57685089111328,28.027021408081055,-4.8125,-4.78389835357666,-3.4851367473602295,
25.718,28.125,30.633155822753906,28.067434310913086,-4.5625,-4.5391669273376465,-3.267759323120117,
25.728,28.125,30.67686653137207,28.1014404296875,-4.5625,-4.292813777923584,-3.0503807067871094,
25.738,28.125,30.717809677124023,28.13359832763672,-4.3125,-4.054060935974121,-2.8400394916534424,
25.748,28.1875,30.75368309020996,28.16278648376465,-4.125,-3.8331148624420166,-2.64241886138916,
25.758,28.25,30.78950309753418,28.190866470336914,-3.6875,-3.612816333770752,-2.4499731063842773,
25.768,28.25,30.82221794128418,28.216670989990234,-3.5,-3.390759229660034,-2.260538101196289,
25.778,28.25,30.85944175720215,28.243881225585938,-3.5,-3.170844316482544,-2.0729596614837646,
25.788,28.3125,30.894119262695312,28.269405364990234,-3.3125,-2.9495787620544434,-1.8869428634643555,
25.798,28.3125,30.922685623168945,28.291372299194336,-3.125,-2.745558261871338,-1.7140982151031494,
25.808,28.375,30.955419540405273,28.31410789489746,-2.75,-2.540583610534668,-1.5461870431900024,
25.818,28.375,30.982337951660156,28.333837509155273,-2.5625,-2.3228325843811035,-1.3738501071929932,
25.828,28.375,31.002254486083984,28.350358963012695,-2.5625,-2.1091179847717285,-1.2047719955444336,
25.838,28.375,31.023805618286133,28.367170333862305,-2.375,-1.9009649753570557,-1.0404468774795532,
25.848,28.375,31.043519973754883,28.382417678833008,-2.1875,-1.7055013179779053,-0.8862230777740479,
25.858,28.375,31.063190460205078,28.397186279296875,-1.875,-1.5147184133529663,-0.7394448518753052,
25.868,28.4375,31.08121109008789,28.41173553466797,-1.6875,-1.3211987018585205,-0.5953980684280396,
25.878,28.4375,31.10444450378418,28.429136276245117,-1.6875,-1.1310153007507324,-0.4541472792625427,
25.888,28.4375,31.122844696044922,28.44384002685547,-1.5625,-0.9511785507202148,-0.321440726518631,
25.898,28.4375,31.129310607910156,28.452516555786133,-1.4375,-0.7749084830284119,-0.19361406564712524,
25.908,28.4375,31.135046005249023,28.460269927978516,-1.1875,-0.5994835495948792,-0.06935784220695496,
25.918,28.4375,31.148361206054688,28.47102165222168,-1,-0.42759788036346436,0.05049531161785126,
25.928,28.4375,31.159229278564453,28.481037139892578,-1,-0.25283631682395935,0.1698550283908844,
25.938,28.4375,31.166126251220703,28.489330291748047,-0.9375,-0.08425918966531754,0.28265300393104553,
25.948,28.5,31.183368682861328,28.502243041992188,-0.8125,0.07960014045238495,0.390522837638855,
25.958,28.5,31.196208953857422,28.51366424560547,-0.5625,0.23877497017383575,0.493059366941452,
25.968,28.5,31.205339431762695,28.523645401000977,-0.5,0.39944079518318176,0.5941808223724365,
25.978,28.5,31.217832565307617,28.53470230102539,-0.5,0.5433268547058105,0.6819781064987183,
25.988,28.5,31.219472885131836,28.540931701660156,-0.375,0.6836950778961182,0.7648261785507202,
25.998,28.5,31.21929359436035,28.546592712402344,-0.3125,0.816952645778656,0.8410003781318665,
26.008,28.5,31.22197914123535,28.55393409729004,-0.125,0.9475107789039612,0.9127346277236938,
26.018,28.5,31.224655151367188,28.561695098876953,-0.0625,1.0755425691604614,0.9801283478736877,
26.028,28.5,31.22348403930664,28.56777000427246,-0.0625,1.199815273284912,1.0431809425354004,
26.038,28.5,31.211580276489258,28.56920051574707,0,1.3223928213119507,1.102442979812622,
26.048,28.5,31.2237491607666,28.581283569335938,0,1.4352998733520508,1.1536390781402588,
26.058,28.5625,31.236974716186523,28.594039916992188,0.0625,1.544514536857605,1.19984769821167,
26.068,28.5625,31.237098693847656,28.601041793823242,0.125,1.6540483236312866,1.2441738843917847,
26.078,28.5625,31.225154876708984,28.602819442749023,0.125,1.7588024139404297,1.2832250595092773,
26.088,28.5625,31.215103149414062,28.605701446533203,0.1875,1.8536388874053955,1.3148287534713745,
26.098,28.5625,31.207374572753906,28.61003303527832,0.1875,1.93985915184021,1.3381893634796143,
26.108,28.5625,31.207517623901367,28.618030548095703,0.25,2.02478289604187,1.358185887336731,
26.118,28.5625,31.201004028320312,28.622865676879883,0.25,2.1081857681274414,1.3749587535858154,
26.128,28.5625,31.19240951538086,28.626693725585938,0.25,2.1891486644744873,1.3881211280822754,
26.138,28.5625,31.17774200439453,28.628116607666016,0.25,2.2598633766174316,1.393216848373413,
26.148,28.5625,31.171709060668945,28.633541107177734,0.25,2.3235230445861816,1.3923131227493286,
26.158,28.5625,31.17680549621582,28.64393424987793,0.25,2.3854079246520996,1.388249397277832,
26.168,28.5625,31.177947998046875,28.652915954589844,0.25,2.4440255165100098,1.380807876586914,
26.178,28.5625,31.164262771606445,28.655696868896484,0.25,2.4892022609710693,1.3647888898849487,
26.188,28.5625,31.16159439086914,28.663433074951172,0.1875,2.523264169692993,1.3408907651901245,
26.198,28.5625,31.16661262512207,28.674518585205078,0.1875,2.5507586002349854,1.313185691833496,
26.208,28.5625,31.16568946838379,28.682727813720703,0.125,2.5821826457977295,1.2889115810394287,
26.218,28.625,31.15950584411621,28.688396453857422,0.125,2.6195075511932373,1.2693071365356445,
26.228,28.625,31.155202865600586,28.694814682006836,0.125,2.652714967727661,1.2490538358688354,
26.238,28.625,31.14202117919922,28.69704246520996,0.125,2.677186965942383,1.2259403467178345,
26.248,28.625,31.130935668945312,28.69989013671875,0.125,2.70045804977417,1.2041082382202148,
26.258,28.625,31.126245498657227,28.705921173095703,0.0625,2.733658790588379,1.1908648014068604,
26.268,28.625,31.123313903808594,28.71316909790039,0.0625,2.7668275833129883,1.18063485622406,
26.278,28.625,31.11212730407715,28.717031478881836,0.0625,2.790975570678711,1.1677179336547852,
26.288,28.625,31.100749969482422,28.720909118652344,0.0625,2.8201143741607666,1.1600396633148193,
26.298,28.625,31.089366912841797,28.72463607788086,0.0625,2.854785442352295,1.158164143562317,
26.308,28.625,31.082416534423828,28.72964096069336,0.0625,2.891685724258423,1.161116123199463,
26.318,28.625,31.075336456298828,28.734302520751953,0.125,2.9243099689483643,1.1642074584960938,
26.328,28.625,31.06679916381836,28.738746643066406,0.125,2.958719491958618,1.170643925666809,
26.338,28.625,31.052200317382812,28.740358352661133,0.125,2.9934322834014893,1.1798685789108276,
26.348,28.625,31.042888641357422,28.743988037109375,0.125,3.027582883834839,1.1909761428833008,
26.358,28.625,31.03484344482422,28.748022079467773,0.125,3.068262815475464,1.207882046699524,
26.368,28.625,31.028188705444336,28.752605438232422,0.1875,3.1083641052246094,1.227575421333313,
26.378,28.625,31.0111026763916,28.75277328491211,0.1875,3.1392557621002197,1.2438664436340332,
26.388,28.625,30.999980926513672,28.7557373046875,0.25,3.179360866546631,1.2672563791275024,
26.398,28.625,30.990999221801758,28.76011085510254,0.25,3.220168113708496,1.2929847240447998,
26.408,28.625,30.990234375,28.76822280883789,0.3125,3.2588648796081543,1.3185269832611084,
26.418,28.625,30.97887420654297,28.771451950073242,0.3125,3.2965993881225586,1.3442414999008179,
26.428,28.625,30.962583541870117,28.772438049316406,0.375,3.337035655975342,1.3719213008880615,
26.438,28.625,30.958194732666016,28.7784423828125,0.375,3.367960214614868,1.3935507535934448,
26.448,28.6875,30.964515686035156,28.789016723632812,0.4375,3.396589517593384,1.4130760431289673,
26.458,28.6875,30.9650936126709,28.797237396240234,0.4375,3.438368558883667,1.4400269985198975,
26.468,28.6875,30.961437225341797,28.803312301635742,0.4375,3.4751429557800293,1.4625041484832764,
26.478,28.6875,30.931921005249023,28.797870635986328,0.5,3.508125066757202,1.4815229177474976,
26.488,28.6875,30.910158157348633,28.795454025268555,0.5,3.5297539234161377,1.4931061267852783,
26.498,28.6875,30.899036407470703,28.79796028137207,0.5,3.5458462238311768,1.499779462814331,
26.508,28.6875,30.904150009155273,28.80813217163086,0.5,3.5618040561676025,1.5047516822814941,
26.518,28.6875,30.89985466003418,28.814437866210938,0.5,3.584293842315674,1.5119127035140991,
26.528,28.6875,30.877952575683594,28.813352584838867,0.5,3.6012392044067383,1.5142102241516113,
26.538,28.6875,30.85178565979004,28.810199737548828,0.5,3.603288173675537,1.5066049098968506,
26.548,28.6875,30.839031219482422,28.812772750854492,0.5,3.6120715141296387,1.503134846687317,
26.558,28.6875,30.8437557220459,28.82360076904297,0.5,3.623544216156006,1.50161612033844,
26.568,28.6875,30.852497100830078,28.836427688598633,0.5,3.6294548511505127,1.4960228204727173,
26.578,28.6875,30.834718704223633,28.837242126464844,0.5,3.630232572555542,1.487077236175537,
26.588,28.6875,30.821117401123047,28.83963966369629,0.5,3.625156879425049,1.474989891052246,
26.598,28.6875,30.800216674804688,28.838394165039062,0.5,3.6183969974517822,1.4627500772476196,
26.608,28.6875,30.79219627380371,28.842456817626953,0.5,3.6205596923828125,1.456524133682251,
