time;copter_pitch_angle;copter_roll_angle;copter_yaw_angle;copter_z_distance;REF_PITCH_ANGLE;REF_ROLL_ANGLE;REF_YAW_ANGLE;REF_Z_DISTANCE;SS;
0;29,25;-0,6875;359,9375;3,121299982070923;0;0;100;10;0;
0,007;29,25;-0,6875;359,9375;3,121299982070923;0;0;100;10;0;
0,012;29,25;-0,6875;359,9375;3,121299982070923;0;0;100;10;0;
0,016;29,25;-0,6875;359,9375;3,121299982070923;0;0;100;10;0;
0,021;29,25;-0,6875;359,9375;3,121299982070923;0;0;100;10;0;
0,025;29,25;-0,6875;359,9375;3,121299982070923;0;0;100;10;0;
0,029;29,25;-0,6875;359,9375;3,121299982070923;0;0;100;10;0;
0,033;29,25;-0,6875;359,9375;3,121299982070923;0;0;100;10;0;
0,037;29,25;-0,6875;359,9375;3,121299982070923;0;0;100;10;0;
0,041;29,25;-0,6875;359,9375;3,121299982070923;0;0;100;10;0;
0,045;29,25;-0,6875;359,9375;3,121299982070923;0;0;100;10;0;
0,049;29,25;-0,6875;359,9375;3,121299982070923;0;0;100;10;0;
0,053;29,25;-0,6875;359,9375;3,121299982070923;0;0;100;10;0;
0,057;29,25;-0,6875;359,9375;3,121299982070923;0;0;100;10;0;
0,061;29,25;-0,6875;359,9375;3,121299982070923;0;0;100;10;0;
0,066;29,25;-0,6875;359,9375;3,121299982070923;0;0;100;10;0;
0,07;29,25;-0,6875;359,9375;3,121299982070923;0;0;100;10;0;
0,075;29,25;-0,6875;359,9375;3,121299982070923;0;0;100;10;0;
0,078;29,25;-0,6875;359,9375;3,121299982070923;0;0;100;10;0;
0,082;29,25;-0,6875;359,9375;3,121299982070923;0;0;100;10;0;
0,087;29,25;-0,6875;359,9375;3,121299982070923;0;0;100;10;0;
0,091;29,25;-0,6875;359,9375;3,121299982070923;0;0;100;10;0;
0,095;29,25;-0,6875;359,9375;3,121299982070923;0;0;100;10;0;
0,099;29,25;-0,6875;359,9375;3,121299982070923;0;0;100;10;0;
0,103;29,25;-0,6875;359,9375;3,121299982070923;0;0;100;10;0;
0,107;29,25;-0,6875;359,9375;3,121299982070923;0;0;100;10;0;
0,11;29,25;-0,6875;359,9375;3,121299982070923;0;0;100;10;0;
0,114;29,25;-0,6875;359,9375;3,121299982070923;0;0;100;10;0;
0,118;29,25;-0,6875;359,9375;3,121299982070923;0;0;100;10;0;
0,122;29,25;-0,6875;359,9375;3,121299982070923;0;0;100;10;0;
0,126;29,25;-0,6875;359,9375;3,121299982070923;0;0;100;10;0;
0,13;29,25;-0,6875;359,9375;3,121299982070923;0;0;100;10;0;
0,134;29,25;-0,6875;359,9375;3,121299982070923;0;0;100;10;0;
0,138;29,25;-0,6875;359,9375;3,121299982070923;0;0;100;10;0;
0,142;29,25;-0,6875;359,9375;3,121299982070923;0;0;100;10;0;
0,146;29,25;-0,6875;359,9375;3,121299982070923;0;0;100;10;0;
0,149;29,25;-0,6875;359,9375;3,121299982070923;0;0;100;10;0;
0,153;29,25;-0,6875;359,9375;3,121299982070923;0;0;100;10;0;
0,156;29,25;-0,6875;359,9375;3,121299982070923;0;0;100;10;0;
0,159;29,25;-0,6875;359,9375;3,121299982070923;0;0;100;10;0;
0,162;29,25;-0,6875;359,9375;3,121299982070923;0;0;100;10;0;
0,165;29,25;-0,6875;359,9375;3,121299982070923;0;0;100;10;0;
0,169;29,25;-0,6875;359,9375;3,121299982070923;0;0;100;10;0;
0,173;29,25;-0,6875;359,9375;3,121299982070923;0;0;100;10;0;
0,177;29,25;-0,6875;359,9375;3,121299982070923;0;0;100;10;0;
0,179;29,25;-0,6875;359,9375;3,121299982070923;0;0;100;10;0;
0,183;29,25;-0,6875;359,9375;3,121299982070923;0;0;100;10;0;
0,189;29,25;-0,6875;359,9375;3,121299982070923;0;0;100;10;0;
0,193;29,25;-0,6875;359,9375;3,121299982070923;0;0;100;10;0;
0,196;29,25;-0,6875;359,9375;3,121299982070923;0;0;100;10;0;
0,2;29,25;-0,6875;359,9375;3,121299982070923;0;0;100;10;0;
0,207;29,25;-0,6875;359,9375;3,121299982070923;0;0;100;10;0;
0,21;29,25;-0,6875;359,9375;3,121299982070923;0;0;100;10;0;
0,214;29,25;-0,6875;359,9375;3,121299982070923;0;0;100;10;0;
0,218;29,25;-0,6875;359,9375;3,121299982070923;0;0;100;10;0;
0,222;29,25;-0,6875;359,9375;3,121299982070923;0;0;100;10;0;
0,226;29,25;-0,6875;359,9375;3,121299982070923;0;0;100;10;0;
0,23;29,25;-0,6875;359,9375;3,121299982070923;0;0;100;10;0;
0,235;29,25;-0,6875;359,9375;3,121299982070923;0;0;100;10;0;
0,239;29,25;-0,6875;359,9375;3,121299982070923;0;0;100;10;0;
0,243;29,25;-0,6875;359,9375;3,121299982070923;0;0;100;10;0;
0,246;29,25;-0,6875;359,9375;3,121299982070923;0;0;100;10;0;
0,25;29,25;-0,6875;359,9375;3,121299982070923;0;0;100;10;0;
0,253;29,25;-0,6875;359,9375;3,121299982070923;0;0;100;10;0;
0,257;29,25;-0,6875;359,9375;3,121299982070923;0;0;100;10;0;
0,259;29,25;-0,6875;359,9375;3,121299982070923;0;0;100;10;0;
0,262;29,25;-0,6875;359,9375;3,121299982070923;0;0;100;10;0;
0,265;29,25;-0,6875;359,9375;3,121299982070923;0;0;100;10;0;
0,269;29,25;-0,6875;359,9375;3,121299982070923;0;0;100;10;0;
0,272;29,25;-0,6875;359,9375;3,121299982070923;0;0;100;10;0;
0,276;29,25;-0,6875;359,9375;3,121299982070923;0;0;100;10;0;
0,279;29,25;-0,6875;359,9375;3,121299982070923;0;0;100;10;0;
0,283;29,25;-0,6875;359,9375;3,121299982070923;0;0;100;10;0;
0,287;29,25;-0,6875;359,9375;3,121299982070923;0;0;100;10;0;
0,291;29,25;-0,6875;359,9375;3,121299982070923;0;0;100;10;0;
0,294;29,25;-0,6875;359,9375;3,121299982070923;0;0;100;10;0;
0,298;29,25;-0,6875;359,9375;3,121299982070923;0;0;100;10;0;
0,302;29,25;-0,6875;359,9375;3,121299982070923;0;0;100;10;0;
0,306;29,25;-0,6875;359,9375;3,121299982070923;0;0;100;10;0;
0,309;29,25;-0,6875;359,9375;3,121299982070923;0;0;100;10;0;
0,313;29,25;-0,6875;359,9375;3,121299982070923;0;0;100;10;0;
0,317;29,25;-0,6875;359,9375;3,121299982070923;0;0;100;10;0;
0,321;29,25;-0,6875;359,9375;3,121299982070923;0;0;100;10;0;
0,325;29,25;-0,6875;359,9375;3,121299982070923;0;0;100;10;0;
0,328;29,25;-0,6875;359,9375;3,121299982070923;0;0;100;10;0;
0,332;29,25;-0,6875;359,9375;3,121299982070923;0;0;100;10;0;
0,336;29,25;-0,6875;359,9375;3,121299982070923;0;0;100;10;0;
0,34;29,25;-0,6875;359,9375;3,121299982070923;0;0;100;10;0;
0,344;29,25;-0,6875;359,9375;3,121299982070923;0;0;100;10;0;
0,348;29,25;-0,6875;359,9375;3,121299982070923;0;0;100;10;0;
0,351;29,25;-0,6875;359,9375;3,121299982070923;0;0;100;10;0;
0,355;29,25;-0,6875;359,9375;3,121299982070923;0;0;100;10;0;
0,358;29,25;-0,6875;359,9375;3,121299982070923;0;0;100;10;0;
0,36;29,25;-0,6875;359,9375;3,121299982070923;0;0;100;10;0;
0,363;29,25;-0,6875;359,9375;3,121299982070923;0;0;100;10;0;
0,366;29,25;-0,6875;359,9375;3,121299982070923;0;0;100;10;0;
0,371;29,25;-0,6875;359,9375;3,121299982070923;0;0;100;10;0;
0,374;29,25;-0,6875;359,9375;3,1041500568389893;0;0;100;10;0;
0,376;29,25;-0,6875;359,9375;3,1041500568389893;0;0;100;10;0;
0,379;29,25;-0,6875;359,9375;3,1041500568389893;0;0;100;10;0;
0,383;29,25;-0,6875;359,9375;3,1041500568389893;0;0;100;10;0;
0,386;29,25;-0,6875;359,9375;3,1041500568389893;0;0;100;10;0;
0,39;29,25;-0,6875;359,9375;3,1041500568389893;0;0;100;10;0;
0,394;29,25;-0,6875;359,9375;3,1041500568389893;0;0;100;10;0;
0,397;29,25;-0,6875;359,9375;3,1041500568389893;0;0;100;10;0;
0,4;29,25;-0,6875;359,9375;3,1041500568389893;0;0;100;10;0;
0,404;29,25;-0,6875;359,9375;3,1041500568389893;0;0;100;10;0;
0,408;29,25;-0,6875;359,9375;3,1041500568389893;0;0;100;10;0;
0,411;29,25;-0,6875;359,9375;3,1041500568389893;0;0;100;10;0;
0,414;29,25;-0,6875;359,9375;3,1041500568389893;0;0;100;10;0;
0,417;29,25;-0,6875;359,9375;3,1041500568389893;0;0;100;10;0;
0,422;29,25;-0,6875;359,9375;3,1041500568389893;0;0;100;10;0;
0,426;29,25;-0,6875;359,9375;3,1041500568389893;0;0;100;10;0;
0,429;29,25;-0,6875;359,9375;3,1041500568389893;0;0;100;10;0;
0,432;29,25;-0,6875;359,9375;3,1384499073028564;0;0;100;10;0;
0,437;29,25;-0,6875;359,9375;3,1384499073028564;0;0;100;10;0;
0,441;29,25;-0,6875;359,9375;3,1384499073028564;0;0;100;10;0;
0,443;29,25;-0,6875;359,9375;3,1384499073028564;0;0;100;10;0;
0,447;29,25;-0,6875;359,9375;3,1384499073028564;0;0;100;10;0;
0,45;29,25;-0,6875;359,9375;3,1384499073028564;0;0;100;10;0;
0,455;29,25;-0,6875;359,9375;3,1384499073028564;0;0;100;10;0;
0,459;29,25;-0,6875;359,9375;3,1384499073028564;0;0;100;10;0;
0,462;29,25;-0,6875;359,9375;3,1384499073028564;0;0;100;10;0;
0,465;29,25;-0,6875;359,9375;3,1384499073028564;0;0;100;10;0;
0,467;29,25;-0,6875;359,9375;3,1384499073028564;0;0;100;10;0;
0,471;29,25;-0,6875;359,9375;3,1384499073028564;0;0;100;10;0;
0,474;29,25;-0,6875;359,9375;3,1384499073028564;0;0;100;10;0;
0,477;29,25;-0,6875;359,9375;3,1384499073028564;0;0;100;10;0;
0,481;29,25;-0,6875;359,9375;3,1384499073028564;0;0;100;10;0;
0,484;29,25;-0,6875;359,9375;3,1384499073028564;0;0;100;10;0;
0,488;29,25;-0,6875;359,9375;3,1384499073028564;0;0;100;10;0;
0,492;29,25;-0,6875;359,9375;3,121299982070923;0;0;100;10;0;
0,496;29,25;-0,6875;359,9375;3,121299982070923;0;0;100;10;0;
0,498;29,25;-0,6875;359,9375;3,121299982070923;0;0;100;10;0;
0,503;29,25;-0,6875;359,9375;3,121299982070923;0;0;100;10;0;
0,506;29,25;-0,6875;359,9375;3,121299982070923;0;0;100;10;0;
0,509;29,25;-0,6875;359,9375;3,121299982070923;0;0;100;10;0;
0,512;29,25;-0,6875;359,9375;3,121299982070923;0;0;100;10;0;
0,515;29,25;-0,6875;359,9375;3,121299982070923;0;0;100;10;0;
0,518;29,25;-0,6875;359,9375;3,121299982070923;0;0;100;10;0;
0,522;29,25;-0,6875;359,9375;3,121299982070923;0;0;100;10;0;
0,525;29,25;-0,6875;359,9375;3,121299982070923;0;0;100;10;0;
0,528;29,25;-0,6875;359,9375;3,121299982070923;0;0;100;10;0;
0,531;29,25;-0,6875;359,9375;3,121299982070923;0;0;100;10;0;
0,534;29,25;-0,6875;359,9375;3,121299982070923;0;0;100;10;0;
0,538;29,25;-0,6875;359,9375;3,121299982070923;0;0;100;10;0;
0,542;29,25;-0,6875;359,9375;3,121299982070923;0;0;100;10;0;
0,545;29,25;-0,6875;359,9375;3,121299982070923;0;0;100;10;0;
0,548;29,25;-0,6875;359,9375;3,121299982070923;0;0;100;10;0;
0,551;29,25;-0,6875;359,9375;3,121299982070923;0;0;100;10;0;
0,555;29,25;-0,6875;359,9375;3,1041500568389893;0;0;100;10;0;
0,558;29,25;-0,6875;359,9375;3,1041500568389893;0;0;100;10;0;
0,561;29,25;-0,6875;359,9375;3,1041500568389893;0;0;100;10;0;
0,564;29,25;-0,6875;359,9375;3,1041500568389893;0;0;100;10;0;
0,567;29,25;-0,6875;359,9375;3,1041500568389893;0;0;100;10;0;
0,571;29,25;-0,6875;359,9375;3,1041500568389893;0;0;100;10;0;
0,574;29,25;-0,6875;359,9375;3,1041500568389893;0;0;100;10;0;
0,576;29,25;-0,6875;359,9375;3,1041500568389893;0;0;100;10;0;
0,579;29,25;-0,6875;359,9375;3,1041500568389893;0;0;100;10;0;
0,581;29,25;-0,6875;359,9375;3,1041500568389893;0;0;100;10;0;
0,584;29,25;-0,6875;359,9375;3,1041500568389893;0;0;100;10;0;
0,588;29,25;-0,6875;359,9375;3,1041500568389893;0;0;100;10;0;
0,591;29,25;-0,6875;359,9375;3,1041500568389893;0;0;100;10;0;
0,594;29,25;-0,6875;359,9375;3,1041500568389893;0;0;100;10;0;
0,597;29,25;-0,6875;359,9375;3,1041500568389893;0;0;100;10;0;
0,601;29,25;-0,6875;359,9375;3,1041500568389893;0;0;100;10;0;
0,605;29,25;-0,6875;359,9375;3,1041500568389893;0;0;100;10;0;
0,608;29,25;-0,6875;359,9375;3,1041500568389893;0;0;100;10;0;
0,611;29,25;-0,6875;359,9375;3,1041500568389893;0;0;100;10;0;
0,614;29,25;-0,6875;359,9375;3,121299982070923;0;0;100;10;0;
0,618;29,25;-0,6875;359,9375;3,121299982070923;0;0;100;10;0;
0,622;29,25;-0,6875;359,9375;3,121299982070923;0;0;100;10;0;
0,625;29,25;-0,6875;359,9375;3,121299982070923;0;0;100;10;0;
0,629;29,25;-0,6875;359,9375;3,121299982070923;0;0;100;10;0;
0,632;29,25;-0,6875;359,9375;3,121299982070923;0;0;100;10;0;
0,636;29,25;-0,6875;359,9375;3,121299982070923;0;0;100;10;0;
0,639;29,25;-0,6875;359,9375;3,121299982070923;0;0;100;10;0;
0,643;29,25;-0,6875;359,9375;3,121299982070923;0;0;100;10;0;
0,647;29,25;-0,6875;359,9375;3,121299982070923;0;0;100;10;0;
0,65;29,25;-0,6875;359,9375;3,121299982070923;0;0;100;10;0;
0,654;29,25;-0,6875;359,9375;3,121299982070923;0;0;100;10;0;
0,657;29,25;-0,6875;359,9375;3,121299982070923;0;0;100;10;0;
0,661;29,25;-0,6875;359,9375;3,121299982070923;0;0;100;10;0;
0,665;29,25;-0,6875;359,9375;3,121299982070923;0;0;100;10;0;
0,669;29,25;-0,6875;359,9375;3,121299982070923;0;0;100;10;0;
0,673;29,25;-0,6875;359,9375;3,121299982070923;0;0;100;10;0;
0,676;29,25;-0,6875;359,9375;3,121299982070923;0;0;100;10;0;
0,68;29,25;-0,6875;359,9375;3,121299982070923;0;0;100;10;0;
0,683;29,25;-0,6875;359,9375;3,121299982070923;0;0;100;10;0;
0,687;29,25;-0,6875;359,9375;3,121299982070923;0;0;100;10;0;
0,691;29,25;-0,6875;359,9375;3,121299982070923;0;0;100;10;0;
0,694;29,25;-0,6875;359,9375;3,121299982070923;0;0;100;10;0;
0,698;29,25;-0,6875;359,9375;3,121299982070923;0;0;100;10;0;
0,702;29,25;-0,6875;359,9375;3,121299982070923;0;0;100;10;0;
0,706;29,25;-0,6875;359,9375;3,121299982070923;0;0;100;10;0;
0,709;29,25;-0,6875;359,9375;3,121299982070923;0;0;100;10;0;
0,713;29,25;-0,6875;359,9375;3,121299982070923;0;0;100;10;0;
0,716;29,25;-0,6875;359,9375;3,121299982070923;0;0;100;10;0;
0,72;29,25;-0,6875;359,9375;3,121299982070923;0;0;100;10;0;
0,724;29,25;-0,6875;359,9375;3,121299982070923;0;0;100;10;0;
0,727;29,25;-0,6875;359,9375;3,121299982070923;0;0;100;10;0;
0,73;29,25;-0,6875;359,9375;3,121299982070923;0;0;100;10;0;
0,733;29,25;-0,6875;359,9375;3,121299982070923;0;0;100;10;0;
0,737;29,25;-0,6875;359,9375;3,121299982070923;0;0;100;10;0;
0,741;29,25;-0,6875;359,9375;3,121299982070923;0;0;100;10;0;
0,744;29,25;-0,6875;359,9375;3,121299982070923;0;0;100;10;0;
0,748;29,25;-0,6875;359,9375;3,121299982070923;0;0;100;10;0;
0,751;29,25;-0,6875;359,9375;3,121299982070923;0;0;100;10;0;
0,755;29,25;-0,6875;359,9375;3,121299982070923;0;0;100;10;0;
0,758;29,25;-0,6875;359,9375;3,121299982070923;0;0;100;10;0;
0,761;29,25;-0,6875;359,9375;3,121299982070923;0;0;100;10;0;
0,764;29,25;-0,6875;359,9375;3,121299982070923;0;0;100;10;0;
0,768;29,25;-0,6875;359,9375;3,121299982070923;0;0;100;10;0;
0,772;29,25;-0,6875;359,9375;3,121299982070923;0;0;100;10;0;
0,775;29,25;-0,6875;359,9375;3,121299982070923;0;0;100;10;0;
0,778;29,25;-0,6875;359,9375;3,121299982070923;0;0;100;10;0;
0,781;29,25;-0,6875;359,9375;3,121299982070923;0;0;100;10;0;
0,784;29,25;-0,6875;359,9375;3,121299982070923;0;0;100;10;0;
0,789;29,25;-0,6875;359,9375;3,121299982070923;0;0;100;10;0;
0,792;29,25;-0,6875;359,9375;3,121299982070923;0;0;100;10;0;
0,796;29,25;-0,6875;359,9375;3,121299982070923;0;0;100;10;0;
0,799;29,25;-0,6875;359,9375;3,121299982070923;0;0;100;10;0;
0,803;29,25;-0,6875;359,9375;3,121299982070923;0;0;100;10;0;
0,807;29,25;-0,6875;359,9375;3,121299982070923;0;0;100;10;0;
0,81;29,25;-0,6875;359,9375;3,121299982070923;0;0;100;10;0;
0,813;29,25;-0,6875;359,9375;3,121299982070923;0;0;100;10;0;
0,816;29,25;-0,6875;359,9375;3,121299982070923;0;0;100;10;0;
0,82;29,25;-0,6875;359,9375;3,121299982070923;0;0;100;10;0;
0,824;29,25;-0,6875;359,9375;3,121299982070923;0;0;100;10;0;
0,827;29,25;-0,6875;359,9375;3,121299982070923;0;0;100;10;0;
0,831;29,25;-0,6875;359,9375;3,121299982070923;0;0;100;10;0;
0,834;29,25;-0,6875;359,9375;3,121299982070923;0;0;100;10;0;
0,838;29,25;-0,6875;359,9375;3,121299982070923;0;0;100;10;0;
0,841;29,25;-0,6875;359,9375;3,121299982070923;0;0;100;10;0;
0,844;29,25;-0,6875;359,9375;3,121299982070923;0;0;100;10;0;
0,847;29,25;-0,6875;359,9375;3,121299982070923;0;0;100;10;0;
0,849;29,25;-0,6875;359,9375;3,121299982070923;0;0;100;10;0;
0,853;29,25;-0,6875;359,9375;3,121299982070923;0;0;100;10;0;
0,856;29,25;-0,6875;359,9375;3,121299982070923;0;0;100;10;0;
0,859;29,25;-0,6875;359,9375;3,121299982070923;0;0;100;10;0;
0,863;29,25;-0,6875;359,9375;3,121299982070923;0;0;100;10;0;
0,866;29,25;-0,6875;359,9375;3,121299982070923;0;0;100;10;0;
0,869;29,25;-0,6875;359,9375;3,121299982070923;0;0;100;10;0;
0,873;29,25;-0,6875;359,9375;3,121299982070923;0;0;100;10;0;
0,877;29,25;-0,6875;359,9375;3,121299982070923;0;0;100;10;0;
0,88;29,25;-0,6875;359,9375;3,121299982070923;0;0;100;10;0;
0,883;29,25;-0,6875;359,9375;3,121299982070923;0;0;100;10;0;
0,886;29,25;-0,6875;359,9375;3,121299982070923;0;0;100;10;0;
0,889;29,25;-0,6875;359,9375;3,121299982070923;0;0;100;10;0;
0,892;29,25;-0,6875;359,9375;3,121299982070923;0;0;100;10;0;
0,896;29,25;-0,6875;359,9375;3,121299982070923;0;0;100;10;0;
0,899;29,25;-0,6875;359,9375;3,121299982070923;0;0;100;10;0;
0,903;29,25;-0,6875;359,9375;3,121299982070923;0;0;100;10;0;
0,906;29,25;-0,6875;359,9375;3,121299982070923;0;0;100;10;0;
0,909;29,25;-0,6875;359,9375;3,121299982070923;0;0;100;10;0;
0,912;29,25;-0,6875;359,9375;3,121299982070923;0;0;100;10;0;
0,915;29,25;-0,6875;359,9375;3,121299982070923;0;0;100;10;0;
0,919;29,25;-0,6875;359,9375;3,121299982070923;0;0;100;10;0;
0,922;29,25;-0,6875;359,9375;3,121299982070923;0;0;100;10;0;
0,926;29,25;-0,6875;359,9375;3,121299982070923;0;0;100;10;0;
0,929;29,25;-0,6875;359,9375;3,121299982070923;0;0;100;10;0;
0,931;29,25;-0,6875;359,9375;3,121299982070923;0;0;100;10;0;
0,935;29,25;-0,6875;359,9375;3,121299982070923;0;0;100;10;0;
0,939;29,25;-0,6875;359,9375;3,121299982070923;0;0;100;10;0;
0,942;29,25;-0,6875;359,9375;3,121299982070923;0;0;100;10;0;
0,946;29,25;-0,6875;359,9375;3,121299982070923;0;0;100;10;0;
0,949;29,25;-0,6875;359,9375;3,121299982070923;0;0;100;10;0;
0,953;29,25;-0,6875;359,9375;3,121299982070923;0;0;100;10;0;
0,956;29,25;-0,6875;359,9375;3,121299982070923;0;0;100;10;0;
0,959;29,25;-0,6875;359,9375;3,121299982070923;0;0;100;10;0;
0,962;29,25;-0,6875;359,9375;3,121299982070923;0;0;100;10;0;
0,965;29,25;-0,6875;359,9375;3,121299982070923;0;0;100;10;0;
0,968;29,25;-0,6875;359,9375;3,121299982070923;0;0;100;10;0;
0,972;29,25;-0,6875;359,9375;3,121299982070923;0;0;100;10;0;
0,975;29,25;-0,6875;359,9375;3,1041500568389893;0;0;100;10;0;
0,978;29,25;-0,6875;359,9375;3,1041500568389893;0;0;100;10;0;
0,981;29,25;-0,6875;359,9375;3,1041500568389893;0;0;100;10;0;
0,984;29,25;-0,6875;359,9375;3,1041500568389893;0;0;100;10;0;
0,987;29,25;-0,6875;359,9375;3,1041500568389893;0;0;100;10;0;
0,991;29,25;-0,6875;359,9375;3,1041500568389893;0;0;100;10;0;
0,994;29,25;-0,6875;359,9375;3,1041500568389893;0;0;100;10;0;
0,998;29,25;-0,6875;359,9375;3,1041500568389893;0;0;100;10;0;
1,002;29,25;-0,6875;359,9375;3,1041500568389893;0;0;100;10;0;
1,005;29,25;-0,6875;359,9375;3,1041500568389893;0;0;100;10;0;
1,008;29,25;-0,6875;359,9375;3,1041500568389893;0;0;100;10;0;
1,011;29,25;-0,6875;359,9375;3,1041500568389893;0;0;100;10;0;
1,014;29,25;-0,6875;359,9375;3,1041500568389893;0;0;100;10;0;
1,018;29,25;-0,6875;359,9375;3,1041500568389893;0;0;100;10;0;
1,021;29,25;-0,6875;359,9375;3,1041500568389893;0;0;100;10;0;
1,024;29,25;-0,6875;359,9375;3,1041500568389893;0;0;100;10;0;
1,026;29,25;-0,6875;359,9375;3,1041500568389893;0;0;100;10;0;
1,03;29,25;-0,6875;359,9375;3,1041500568389893;0;0;100;10;0;
1,032;29,25;-0,6875;359,9375;3,121299982070923;0;0;100;10;0;
1,036;29,25;-0,6875;359,9375;3,121299982070923;0;0;100;10;0;
1,039;29,25;-0,6875;359,9375;3,121299982070923;0;0;100;10;0;
1,042;29,25;-0,6875;359,9375;3,121299982070923;0;0;100;10;0;
1,045;29,25;-0,6875;359,9375;3,121299982070923;0;0;100;10;0;
1,049;29,25;-0,6875;359,9375;3,121299982070923;0;0;100;10;0;
1,053;29,25;-0,6875;359,9375;3,121299982070923;0;0;100;10;0;
1,056;29,25;-0,6875;359,9375;3,121299982070923;0;0;100;10;0;
1,06;29,25;-0,6875;359,9375;3,121299982070923;0;0;100;10;0;
1,064;29,25;-0,6875;359,9375;3,121299982070923;0;0;100;10;0;
1,066;29,25;-0,6875;359,9375;3,121299982070923;0;0;100;10;0;
1,07;29,25;-0,6875;359,9375;3,121299982070923;0;0;100;10;0;
1,073;29,25;-0,6875;359,9375;3,121299982070923;0;0;100;10;0;
1,076;29,25;-0,6875;359,9375;3,121299982070923;0;0;100;10;0;
1,079;29,25;-0,6875;359,9375;3,121299982070923;0;0;100;10;0;
1,082;29,25;-0,6875;359,9375;3,121299982070923;0;0;100;10;0;
1,085;29,25;-0,6875;359,9375;3,121299982070923;0;0;100;10;0;
1,088;29,25;-0,6875;359,9375;3,121299982070923;0;0;100;10;0;
1,091;29,25;-0,6875;359,9375;3,121299982070923;0;0;100;10;0;
1,095;29,25;-0,6875;359,9375;3,121299982070923;0;0;100;10;0;
1,098;29,25;-0,6875;359,9375;3,121299982070923;0;0;100;10;0;
1,102;29,25;-0,6875;359,9375;3,121299982070923;0;0;100;10;0;
1,105;29,25;-0,6875;359,9375;3,121299982070923;0;0;100;10;0;
1,109;29,25;-0,6875;359,9375;3,121299982070923;0;0;100;10;0;
1,112;29,25;-0,6875;359,9375;3,121299982070923;0;0;100;10;0;
1,115;29,25;-0,6875;359,9375;3,121299982070923;0;0;100;10;0;
1,118;29,25;-0,6875;359,9375;3,121299982070923;0;0;100;10;0;
1,122;29,25;-0,6875;359,9375;3,121299982070923;0;0;100;10;0;
1,125;29,25;-0,6875;359,9375;3,121299982070923;0;0;100;10;0;
1,128;29,25;-0,6875;359,9375;3,121299982070923;0;0;100;10;0;
1,13;29,25;-0,6875;359,9375;3,121299982070923;0;0;100;10;0;
1,133;29,25;-0,6875;359,9375;3,121299982070923;0;0;100;10;0;
1,137;29,25;-0,6875;359,9375;3,121299982070923;0;0;100;10;0;
1,141;29,25;-0,6875;359,9375;3,121299982070923;0;0;100;10;0;
1,144;29,25;-0,6875;359,9375;3,121299982070923;0;0;100;10;0;
1,147;29,25;-0,6875;359,9375;3,121299982070923;0;0;100;10;0;
1,151;29,25;-0,6875;359,9375;3,121299982070923;0;0;100;10;0;
1,154;29,25;-0,6875;359,9375;3,121299982070923;0;0;100;10;0;
1,157;29,25;-0,6875;359,9375;3,121299982070923;0;0;100;10;0;
1,161;29,25;-0,6875;359,9375;3,121299982070923;0;0;100;10;0;
1,164;29,25;-0,6875;359,9375;3,121299982070923;0;0;100;10;0;
1,167;29,25;-0,6875;359,9375;3,121299982070923;0;0;100;10;0;
1,171;29,25;-0,6875;359,9375;3,121299982070923;0;0;100;10;0;
1,174;29,25;-0,6875;359,9375;3,121299982070923;0;0;100;10;0;
1,177;29,25;-0,6875;359,9375;3,121299982070923;0;0;100;10;0;
1,18;29,25;-0,6875;359,9375;3,121299982070923;0;0;100;10;0;
1,183;29,25;-0,6875;359,9375;3,121299982070923;0;0;100;10;0;
1,186;29,25;-0,6875;359,9375;3,121299982070923;0;0;100;10;0;
1,189;29,25;-0,6875;359,9375;3,121299982070923;0;0;100;10;0;
1,192;29,25;-0,6875;359,9375;3,121299982070923;0;0;100;10;0;
1,195;29,25;-0,6875;359,9375;3,121299982070923;0;0;100;10;0;
1,198;29,25;-0,6875;359,9375;3,121299982070923;0;0;100;10;0;
1,201;29,25;-0,6875;359,9375;3,121299982070923;0;0;100;10;0;
1,205;29,25;-0,6875;359,9375;3,121299982070923;0;0;100;10;0;
1,207;29,25;-0,6875;359,9375;3,121299982070923;0;0;100;10;0;
1,21;29,25;-0,6875;359,9375;3,121299982070923;0;0;100;10;0;
1,213;29,25;-0,6875;359,9375;3,121299982070923;0;0;100;10;0;
1,216;29,25;-0,6875;359,9375;3,121299982070923;0;0;100;10;0;
1,219;29,25;-0,6875;359,9375;3,121299982070923;0;0;100;10;0;
1,222;29,25;-0,6875;359,9375;3,121299982070923;0;0;100;10;0;
1,225;29,25;-0,6875;359,9375;3,121299982070923;0;0;100;10;0;
1,228;29,25;-0,6875;359,9375;3,121299982070923;0;0;100;10;0;
1,23;29,25;-0,6875;359,9375;3,121299982070923;0;0;100;10;0;
1,233;29,25;-0,6875;359,9375;3,121299982070923;0;0;100;10;0;
1,236;29,25;-0,6875;359,9375;3,121299982070923;0;0;100;10;0;
1,239;29,25;-0,6875;359,9375;3,121299982070923;0;0;100;10;0;
1,241;29,25;-0,6875;359,9375;3,121299982070923;0;0;100;10;0;
1,244;29,25;-0,6875;359,9375;3,121299982070923;0;0;100;10;0;
1,247;29,25;-0,6875;359,9375;3,121299982070923;0;0;100;10;0;
1,251;29,25;-0,6875;359,9375;3,121299982070923;0;0;100;10;0;
1,254;29,25;-0,6875;359,9375;3,121299982070923;0;0;100;10;0;
1,257;29,25;-0,6875;359,9375;3,121299982070923;0;0;100;10;0;
1,26;29,25;-0,6875;359,9375;3,121299982070923;0;0;100;10;0;
1,263;29,25;-0,6875;359,9375;3,121299982070923;0;0;100;10;0;
1,266;29,25;-0,6875;359,9375;3,121299982070923;0;0;100;10;0;
1,269;29,25;-0,6875;359,9375;3,121299982070923;0;0;100;10;0;
1,272;29,25;-0,6875;359,9375;3,121299982070923;0;0;100;10;0;
1,275;29,25;-0,6875;359,9375;3,121299982070923;0;0;100;10;0;
1,278;29,25;-0,6875;359,9375;3,121299982070923;0;0;100;10;0;
1,281;29,25;-0,6875;359,9375;3,121299982070923;0;0;100;10;0;
1,283;29,25;-0,6875;359,9375;3,121299982070923;0;0;100;10;0;
1,286;29,25;-0,6875;359,9375;3,121299982070923;0;0;100;10;0;
1,289;29,25;-0,6875;359,9375;3,121299982070923;0;0;100;10;0;
1,292;29,25;-0,6875;359,9375;3,121299982070923;0;0;100;10;0;
1,295;29,25;-0,6875;359,9375;3,121299982070923;0;0;100;10;0;
1,298;29,25;-0,6875;359,9375;3,121299982070923;0;0;100;10;0;
1,301;29,25;-0,6875;359,9375;3,121299982070923;0;0;100;10;0;
1,305;29,25;-0,6875;359,9375;3,121299982070923;0;0;100;10;0;
1,308;29,25;-0,6875;359,9375;3,121299982070923;0;0;100;10;0;
1,311;29,25;-0,6875;359,9375;3,121299982070923;0;0;100;10;0;
1,314;29,25;-0,6875;359,9375;3,121299982070923;0;0;100;10;0;
1,317;29,25;-0,6875;359,9375;3,121299982070923;0;0;100;10;0;
1,321;29,25;-0,6875;359,9375;3,121299982070923;0;0;100;10;0;
1,323;29,25;-0,6875;359,9375;3,121299982070923;0;0;100;10;0;
1,326;29,25;-0,6875;359,9375;3,121299982070923;0;0;100;10;0;
1,329;29,25;-0,6875;359,9375;3,121299982070923;0;0;100;10;0;
1,332;29,25;-0,6875;359,9375;3,121299982070923;0;0;100;10;0;
1,335;29,25;-0,6875;359,9375;3,121299982070923;0;0;100;10;0;
1,339;29,25;-0,6875;359,9375;3,121299982070923;0;0;100;10;0;
1,341;29,25;-0,6875;359,9375;3,121299982070923;0;0;100;10;0;
1,344;29,25;-0,6875;359,9375;3,121299982070923;0;0;100;10;0;
1,347;29,25;-0,6875;359,9375;3,121299982070923;0;0;100;10;0;
1,349;29,25;-0,6875;359,9375;3,121299982070923;0;0;100;10;0;
1,353;29,25;-0,6875;359,9375;3,121299982070923;0;0;100;10;0;
1,356;29,25;-0,6875;359,9375;3,121299982070923;0;0;100;10;0;
1,359;29,25;-0,6875;359,9375;3,121299982070923;0;0;100;10;0;
1,362;29,25;-0,6875;359,9375;3,121299982070923;0;0;100;10;0;
1,365;29,25;-0,6875;359,9375;3,121299982070923;0;0;100;10;0;
1,367;29,25;-0,6875;359,9375;3,121299982070923;0;0;100;10;0;
1,37;29,25;-0,6875;359,9375;3,121299982070923;0;0;100;10;0;
1,373;29,25;-0,6875;359,9375;3,121299982070923;0;0;100;10;0;
1,376;29,25;-0,6875;359,9375;3,121299982070923;0;0;100;10;0;
1,379;29,25;-0,6875;359,9375;3,121299982070923;0;0;100;10;0;
1,381;29,25;-0,6875;359,9375;3,121299982070923;0;0;100;10;0;
1,385;29,25;-0,6875;359,9375;3,121299982070923;0;0;100;10;0;
1,388;29,25;-0,6875;359,9375;3,121299982070923;0;0;100;10;0;
1,391;29,25;-0,6875;359,9375;3,121299982070923;0;0;100;10;0;
1,394;29,25;-0,6875;359,9375;3,121299982070923;0;0;100;10;0;
1,397;29,25;-0,6875;359,9375;3,121299982070923;0;0;100;10;0;
1,4;29,25;-0,6875;359,9375;3,121299982070923;0;0;100;10;0;
1,403;29,25;-0,6875;359,9375;3,121299982070923;0;0;100;10;0;
1,406;29,25;-0,6875;359,9375;3,121299982070923;0;0;100;10;0;
1,41;29,25;-0,6875;359,9375;3,121299982070923;0;0;100;10;0;
1,413;29,25;-0,6875;359,9375;3,121299982070923;0;0;100;10;0;
1,416;29,25;-0,6875;359,9375;3,121299982070923;0;0;100;10;0;
1,419;29,25;-0,6875;359,9375;3,121299982070923;0;0;100;10;0;
1,422;29,25;-0,6875;359,9375;3,121299982070923;0;0;100;10;0;
1,425;29,25;-0,6875;359,9375;3,121299982070923;0;0;100;10;0;
1,427;29,25;-0,6875;359,9375;3,121299982070923;0;0;100;10;0;
1,43;29,25;-0,6875;359,9375;3,121299982070923;0;0;100;10;0;
1,433;29,25;-0,6875;359,9375;3,121299982070923;0;0;100;10;0;
1,437;29,25;-0,6875;359,9375;3,121299982070923;0;0;100;10;0;
1,44;29,25;-0,6875;359,9375;3,121299982070923;0;0;100;10;0;
1,443;29,25;-0,6875;359,9375;3,121299982070923;0;0;100;10;0;
1,445;29,25;-0,6875;359,9375;3,121299982070923;0;0;100;10;0;
1,448;29,25;-0,6875;359,9375;3,121299982070923;0;0;100;10;0;
1,451;29,25;-0,6875;359,9375;3,121299982070923;0;0;100;10;0;
1,454;29,25;-0,6875;359,9375;3,121299982070923;0;0;100;10;0;
1,458;29,25;-0,6875;359,9375;3,121299982070923;0;0;100;10;0;
1,461;29,25;-0,6875;359,9375;3,121299982070923;0;0;100;10;0;
1,464;29,25;-0,6875;359,9375;3,121299982070923;0;0;100;10;0;
1,467;29,25;-0,6875;359,9375;3,121299982070923;0;0;100;10;0;
1,47;29,25;-0,6875;359,9375;3,121299982070923;0;0;100;10;0;
1,473;29,25;-0,6875;359,9375;3,121299982070923;0;0;100;10;0;
1,476;29,25;-0,6875;359,9375;3,121299982070923;0;0;100;10;0;
1,479;29,25;-0,6875;359,9375;3,121299982070923;0;0;100;10;0;
1,482;29,25;-0,6875;359,9375;3,121299982070923;0;0;100;10;0;
1,484;29,25;-0,6875;359,9375;3,121299982070923;0;0;100;10;0;
1,488;29,25;-0,6875;359,9375;3,121299982070923;0;0;100;10;0;
1,491;29,25;-0,6875;359,9375;3,121299982070923;0;0;100;10;0;
1,493;29,25;-0,6875;359,9375;3,121299982070923;0;0;100;10;0;
1,496;29,25;-0,6875;359,9375;3,121299982070923;0;0;100;10;0;
1,499;29,25;-0,6875;359,9375;3,121299982070923;0;0;100;10;0;
1,502;29,25;-0,6875;359,9375;3,121299982070923;0;0;100;10;0;
1,505;29,25;-0,6875;359,9375;3,121299982070923;0;0;100;10;0;
1,509;29,25;-0,6875;359,9375;3,121299982070923;0;0;100;10;0;
1,512;29,25;-0,6875;359,9375;3,121299982070923;0;0;100;10;0;
1,514;29,25;-0,6875;359,9375;3,121299982070923;0;0;100;10;0;
1,517;29,25;-0,6875;359,9375;3,121299982070923;0;0;100;10;0;
1,521;29,25;-0,6875;359,9375;3,121299982070923;0;0;100;10;0;
1,524;29,25;-0,6875;359,9375;3,121299982070923;0;0;100;10;0;
1,527;29,25;-0,6875;359,9375;3,121299982070923;0;0;100;10;0;
1,529;29,25;-0,6875;359,9375;3,121299982070923;0;0;100;10;0;
1,532;29,25;-0,6875;359,9375;3,121299982070923;0;0;100;10;0;
1,536;29,25;-0,6875;359,9375;3,121299982070923;0;0;100;10;0;
1,539;29,25;-0,6875;359,9375;3,121299982070923;0;0;100;10;0;
1,541;29,25;-0,6875;359,9375;3,121299982070923;0;0;100;10;0;
1,544;29,25;-0,6875;359,9375;3,121299982070923;0;0;100;10;0;
1,546;29,25;-0,6875;359,9375;3,121299982070923;0;0;100;10;0;
1,549;29,25;-0,6875;359,9375;3,121299982070923;0;0;100;10;0;
1,551;29,25;-0,6875;359,9375;3,121299982070923;0;0;100;10;0;
1,555;29,25;-0,6875;359,9375;3,121299982070923;0;0;100;10;0;
1,559;29,25;-0,6875;359,9375;3,121299982070923;0;0;100;10;0;
1,561;29,25;-0,6875;359,9375;3,121299982070923;0;0;100;10;0;
1,564;29,25;-0,6875;359,9375;3,121299982070923;0;0;100;10;0;
1,566;29,25;-0,6875;359,9375;3,121299982070923;0;0;100;10;0;
1,569;29,25;-0,6875;359,9375;3,121299982070923;0;0;100;10;0;
1,573;29,25;-0,6875;359,9375;3,121299982070923;0;0;100;10;0;
1,576;29,25;-0,6875;359,9375;3,121299982070923;0;0;100;10;0;
1,578;29,25;-0,6875;359,9375;3,121299982070923;0;0;100;10;0;
1,581;29,25;-0,6875;359,9375;3,121299982070923;0;0;100;10;0;
1,584;29,25;-0,6875;359,9375;3,121299982070923;0;0;100;10;0;
1,587;29,25;-0,6875;359,9375;3,121299982070923;0;0;100;10;0;
1,59;29,25;-0,6875;359,9375;3,121299982070923;0;0;100;10;0;
1,593;29,25;-0,6875;359,9375;3,121299982070923;0;0;100;10;0;
1,595;29,25;-0,6875;359,9375;3,121299982070923;0;0;100;10;0;
1,598;29,25;-0,6875;359,9375;3,121299982070923;0;0;100;10;0;
1,601;29,25;-0,6875;359,9375;3,121299982070923;0;0;100;10;0;
1,604;29,25;-0,6875;359,9375;3,121299982070923;0;0;100;10;0;
1,607;29,25;-0,6875;359,9375;3,121299982070923;0;0;100;10;0;
1,61;29,25;-0,6875;359,9375;3,121299982070923;0;0;100;10;0;
1,614;29,25;-0,6875;359,9375;3,121299982070923;0;0;100;10;0;
1,616;29,25;-0,6875;359,9375;3,121299982070923;0;0;100;10;0;
1,62;29,25;-0,6875;359,9375;3,121299982070923;0;0;100;10;0;
1,622;29,25;-0,6875;359,9375;3,121299982070923;0;0;100;10;0;
1,625;29,25;-0,6875;359,9375;3,121299982070923;0;0;100;10;0;
1,628;29,25;-0,6875;359,9375;3,121299982070923;0;0;100;10;0;
1,63;29,25;-0,6875;359,9375;3,121299982070923;0;0;100;10;0;
1,633;29,25;-0,6875;359,9375;3,121299982070923;0;0;100;10;0;
1,636;29,25;-0,6875;359,9375;3,121299982070923;0;0;100;10;0;
1,64;29,25;-0,6875;359,9375;3,121299982070923;0;0;100;10;0;
1,642;29,25;-0,6875;359,9375;3,121299982070923;0;0;100;10;0;
1,645;29,25;-0,6875;359,9375;3,121299982070923;0;0;100;10;0;
1,648;29,25;-0,6875;359,9375;3,121299982070923;0;0;100;10;0;
1,65;29,25;-0,6875;359,9375;3,121299982070923;0;0;100;10;0;
1,654;29,25;-0,6875;359,9375;3,121299982070923;0;0;100;10;0;
1,657;29,25;-0,6875;359,9375;3,121299982070923;0;0;100;10;0;
1,66;29,25;-0,6875;359,9375;3,121299982070923;0;0;100;10;0;
1,663;29,25;-0,6875;359,9375;3,121299982070923;0;0;100;10;0;
1,666;29,25;-0,6875;359,9375;3,121299982070923;0;0;100;10;0;
1,669;29,25;-0,6875;359,9375;3,121299982070923;0;0;100;10;0;
1,672;29,25;-0,6875;359,9375;3,121299982070923;0;0;100;10;0;
1,675;29,25;-0,6875;359,9375;3,121299982070923;0;0;100;10;0;
1,678;29,25;-0,6875;359,9375;3,121299982070923;0;0;100;10;0;
1,681;29,25;-0,6875;359,9375;3,121299982070923;0;0;100;10;0;
1,683;29,25;-0,6875;359,9375;3,121299982070923;0;0;100;10;0;
1,687;29,25;-0,6875;359,9375;3,121299982070923;0;0;100;10;0;
1,691;29,25;-0,6875;359,9375;3,121299982070923;0;0;100;10;0;
1,694;29,25;-0,6875;359,9375;3,121299982070923;0;0;100;10;0;
1,698;29,25;-0,6875;359,9375;3,121299982070923;0;0;100;10;0;
1,701;29,25;-0,6875;359,9375;3,121299982070923;0;0;100;10;0;
1,704;29,25;-0,6875;359,9375;3,121299982070923;0;0;100;10;0;
1,707;29,25;-0,6875;359,9375;3,121299982070923;0;0;100;10;0;
1,71;29,25;-0,6875;359,9375;3,121299982070923;0;0;100;10;0;
1,713;29,25;-0,6875;359,9375;3,121299982070923;0;0;100;10;0;
1,716;29,25;-0,6875;359,9375;3,121299982070923;0;0;100;10;0;
1,719;29,25;-0,6875;359,9375;3,121299982070923;0;0;100;10;0;
1,722;29,25;-0,6875;359,9375;3,121299982070923;0;0;100;10;0;
1,725;29,25;-0,6875;359,9375;3,121299982070923;0;0;100;10;0;
1,727;29,25;-0,6875;359,9375;3,121299982070923;0;0;100;10;0;
1,73;29,25;-0,6875;359,9375;3,121299982070923;0;0;100;10;0;
1,733;29,25;-0,6875;359,9375;3,121299982070923;0;0;100;10;0;
1,736;29,25;-0,6875;359,9375;3,121299982070923;0;0;100;10;0;
1,739;29,25;-0,6875;359,9375;3,121299982070923;0;0;100;10;0;
1,742;29,25;-0,6875;359,9375;3,121299982070923;0;0;100;10;0;
1,745;29,25;-0,6875;359,9375;3,121299982070923;0;0;100;10;0;
1,747;29,25;-0,6875;359,9375;3,121299982070923;0;0;100;10;0;
1,75;29,25;-0,6875;359,9375;3,121299982070923;0;0;100;10;0;
1,753;29,25;-0,6875;359,9375;3,121299982070923;0;0;100;10;0;
1,757;29,25;-0,6875;359,9375;3,121299982070923;0;0;100;10;0;
1,76;29,25;-0,6875;359,9375;3,121299982070923;0;0;100;10;0;
1,763;29,25;-0,6875;359,9375;3,121299982070923;0;0;100;10;0;
1,766;29,25;-0,6875;359,9375;3,121299982070923;0;0;100;10;0;
1,769;29,25;-0,6875;359,9375;3,121299982070923;0;0;100;10;0;
1,772;29,25;-0,6875;359,9375;3,121299982070923;0;0;100;10;0;
1,774;29,25;-0,6875;359,9375;3,121299982070923;0;0;100;10;0;
1,777;29,25;-0,6875;359,9375;3,121299982070923;0;0;100;10;0;
1,779;29,25;-0,6875;359,9375;3,121299982070923;0;0;100;10;0;
1,782;29,25;-0,6875;359,9375;3,121299982070923;0;0;100;10;0;
1,784;29,25;-0,6875;359,9375;3,121299982070923;0;0;100;10;0;
1,788;29,25;-0,6875;359,9375;3,121299982070923;0;0;100;10;0;
1,79;29,25;-0,6875;359,9375;3,121299982070923;0;0;100;10;0;
1,793;29,25;-0,6875;359,9375;3,121299982070923;0;0;100;10;0;
1,795;29,25;-0,6875;359,9375;3,121299982070923;0;0;100;10;0;
1,798;29,25;-0,6875;359,9375;3,121299982070923;0;0;100;10;0;
1,801;29,25;-0,6875;359,9375;3,121299982070923;0;0;100;10;0;
1,804;29,25;-0,6875;359,9375;3,121299982070923;0;0;100;10;0;
1,807;29,25;-0,6875;359,9375;3,121299982070923;0;0;100;10;0;
1,81;29,25;-0,6875;359,9375;3,121299982070923;0;0;100;10;0;
1,813;29,25;-0,6875;359,9375;3,121299982070923;0;0;100;10;0;
1,816;29,25;-0,6875;359,9375;3,121299982070923;0;0;100;10;0;
1,819;29,25;-0,6875;359,9375;3,121299982070923;0;0;100;10;0;
1,822;29,25;-0,6875;359,9375;3,121299982070923;0;0;100;10;0;
1,824;29,25;-0,6875;359,9375;3,121299982070923;0;0;100;10;0;
1,827;29,25;-0,6875;359,9375;3,121299982070923;0;0;100;10;0;
1,83;29,25;-0,6875;359,9375;3,121299982070923;0;0;100;10;0;
1,833;29,25;-0,6875;359,9375;3,121299982070923;0;0;100;10;0;
1,836;29,25;-0,6875;359,9375;3,121299982070923;0;0;100;10;0;
1,839;29,25;-0,6875;359,9375;3,121299982070923;0;0;100;10;0;
1,842;29,25;-0,6875;359,9375;3,121299982070923;0;0;100;10;0;
1,845;29,25;-0,6875;359,9375;3,121299982070923;0;0;100;10;0;
1,848;29,25;-0,6875;359,9375;3,121299982070923;0;0;100;10;0;
1,85;29,25;-0,6875;359,9375;3,121299982070923;0;0;100;10;0;
1,853;29,25;-0,6875;359,9375;3,121299982070923;0;0;100;10;0;
1,857;29,25;-0,6875;359,9375;3,121299982070923;0;0;100;10;0;
1,86;29,25;-0,6875;359,9375;3,121299982070923;0;0;100;10;0;
1,863;29,25;-0,6875;359,9375;3,121299982070923;0;0;100;10;0;
1,866;29,25;-0,6875;359,9375;3,121299982070923;0;0;100;10;0;
1,869;29,25;-0,6875;359,9375;3,121299982070923;0;0;100;10;0;
1,872;29,25;-0,6875;359,9375;3,121299982070923;0;0;100;10;0;
1,875;29,25;-0,6875;359,9375;3,121299982070923;0;0;100;10;0;
1,877;29,25;-0,6875;359,9375;3,121299982070923;0;0;100;10;0;
1,88;29,25;-0,6875;359,9375;3,121299982070923;0;0;100;10;0;
1,883;29,25;-0,6875;359,9375;3,121299982070923;0;0;100;10;0;
1,886;29,25;-0,6875;359,9375;3,121299982070923;0;0;100;10;0;
1,889;29,25;-0,6875;359,9375;3,121299982070923;0;0;100;10;0;
1,892;29,25;-0,6875;359,9375;3,121299982070923;0;0;100;10;0;
1,894;29,25;-0,6875;359,9375;3,121299982070923;0;0;100;10;0;
1,897;29,25;-0,6875;359,9375;3,121299982070923;0;0;100;10;0;
1,899;29,25;-0,6875;359,9375;3,121299982070923;0;0;100;10;0;
1,902;29,25;-0,6875;359,9375;3,121299982070923;0;0;100;10;0;
1,906;29,25;-0,6875;359,9375;3,121299982070923;0;0;100;10;0;
1,909;29,25;-0,6875;359,9375;3,121299982070923;0;0;100;10;0;
1,912;29,25;-0,6875;359,9375;3,121299982070923;0;0;100;10;0;
1,915;29,25;-0,6875;359,9375;3,121299982070923;0;0;100;10;0;
1,918;29,25;-0,6875;359,9375;3,121299982070923;0;0;100;10;0;
1,921;29,25;-0,6875;359,9375;3,121299982070923;0;0;100;10;0;
1,923;29,25;-0,6875;359,9375;3,121299982070923;0;0;100;10;0;
1,926;29,25;-0,6875;359,9375;3,121299982070923;0;0;100;10;0;
1,928;29,25;-0,6875;359,9375;3,121299982070923;0;0;100;10;0;
1,931;29,25;-0,6875;359,9375;3,121299982070923;0;0;100;10;0;
1,934;29,25;-0,6875;359,9375;3,121299982070923;0;0;100;10;0;
1,938;29,25;-0,6875;359,9375;3,121299982070923;0;0;100;10;0;
1,941;29,25;-0,6875;359,9375;3,121299982070923;0;0;100;10;0;
1,944;29,25;-0,6875;359,9375;3,121299982070923;0;0;100;10;0;
1,946;29,25;-0,6875;359,9375;3,121299982070923;0;0;100;10;0;
1,949;29,25;-0,6875;359,9375;3,121299982070923;0;0;100;10;0;
1,952;29,25;-0,6875;359,9375;3,121299982070923;0;0;100;10;0;
1,955;29,25;-0,6875;359,9375;3,121299982070923;0;0;100;10;0;
1,958;29,25;-0,6875;359,9375;3,121299982070923;0;0;100;10;0;
1,961;29,25;-0,6875;359,9375;3,121299982070923;0;0;100;10;0;
1,964;29,25;-0,6875;359,9375;3,121299982070923;0;0;100;10;0;
1,967;29,25;-0,6875;359,9375;3,121299982070923;0;0;100;10;0;
1,97;29,25;-0,6875;359,9375;3,121299982070923;0;0;100;10;0;
1,973;29,25;-0,6875;359,9375;3,121299982070923;0;0;100;10;0;
1,976;29,25;-0,6875;359,9375;3,121299982070923;0;0;100;10;0;
1,978;29,25;-0,6875;359,9375;3,121299982070923;0;0;100;10;0;
1,981;29,25;-0,6875;359,9375;3,121299982070923;0;0;100;10;0;
1,984;29,25;-0,6875;359,9375;3,121299982070923;0;0;100;10;0;
1,987;29,25;-0,6875;359,9375;3,121299982070923;0;0;100;10;0;
1,99;29,25;-0,6875;359,9375;3,121299982070923;0;0;100;10;0;
1,993;29,25;-0,6875;359,9375;3,121299982070923;0;0;100;10;0;
1,996;29,25;-0,6875;359,9375;3,121299982070923;0;0;100;10;0;
1,998;29,25;-0,6875;359,9375;3,121299982070923;0;0;100;10;0;
2,001;29,25;-0,6875;359,9375;3,121299982070923;0;0;100;10;0;
2,004;29,25;-0,6875;359,9375;3,121299982070923;0;0;100;10;0;
2,007;29,25;-0,6875;359,9375;3,121299982070923;0;0;100;10;0;
2,01;29,25;-0,6875;359,9375;3,121299982070923;0;0;100;10;0;
2,013;29,25;-0,6875;359,9375;3,121299982070923;0;0;100;10;0;
2,016;29,25;-0,6875;359,9375;3,121299982070923;0;0;100;10;0;
2,019;29,25;-0,6875;359,9375;3,121299982070923;0;0;100;10;0;
2,022;29,25;-0,6875;359,9375;3,121299982070923;0;0;100;10;0;
2,025;29,25;-0,6875;359,9375;3,121299982070923;0;0;100;10;0;
2,028;29,25;-0,6875;359,9375;3,121299982070923;0;0;100;10;0;
2,031;29,25;-0,6875;359,9375;3,121299982070923;0;0;100;10;0;
2,033;29,25;-0,6875;359,9375;3,121299982070923;0;0;100;10;0;
2,037;29,25;-0,6875;359,9375;3,121299982070923;0;0;100;10;0;
2,04;29,25;-0,6875;359,9375;3,121299982070923;0;0;100;10;0;
2,044;29,25;-0,6875;359,9375;3,121299982070923;0;0;100;10;0;
2,047;29,25;-0,6875;359,9375;3,121299982070923;0;0;100;10;0;
2,051;29,25;-0,6875;359,9375;3,121299982070923;0;0;100;10;0;
2,054;29,25;-0,6875;359,9375;3,121299982070923;0;0;100;10;0;
2,058;29,25;-0,6875;359,9375;3,121299982070923;0;0;100;10;0;
2,061;29,25;-0,6875;359,9375;3,121299982070923;0;0;100;10;0;
2,065;29,25;-0,6875;359,9375;3,121299982070923;0;0;100;10;0;
2,068;29,25;-0,6875;359,9375;3,121299982070923;0;0;100;10;0;
2,072;29,25;-0,6875;359,9375;3,121299982070923;0;0;100;10;0;
2,075;29,25;-0,6875;359,9375;3,121299982070923;0;0;100;10;0;
2,078;29,25;-0,6875;359,9375;3,121299982070923;0;0;100;10;0;
2,081;29,25;-0,6875;359,9375;3,121299982070923;0;0;100;10;0;
2,084;29,25;-0,6875;359,9375;3,121299982070923;0;0;100;10;0;
2,087;29,25;-0,6875;359,9375;3,121299982070923;0;0;100;10;0;
2,09;29,25;-0,6875;359,9375;3,121299982070923;0;0;100;10;0;
2,093;29,25;-0,6875;359,9375;3,121299982070923;0;0;100;10;0;
2,095;29,25;-0,6875;359,9375;3,121299982070923;0;0;100;10;0;
2,097;29,25;-0,6875;359,9375;3,121299982070923;0;0;100;10;0;
2,1;29,25;-0,6875;359,9375;3,121299982070923;0;0;100;10;0;
2,103;29,25;-0,6875;359,9375;3,121299982070923;0;0;100;10;0;
2,106;29,25;-0,6875;359,9375;3,121299982070923;0;0;100;10;0;
2,108;29,25;-0,6875;359,9375;3,121299982070923;0;0;100;10;0;
2,111;29,25;-0,6875;359,9375;3,121299982070923;0;0;100;10;0;
2,114;29,25;-0,6875;359,9375;3,1041500568389893;0;0;100;10;0;
2,118;29,25;-0,6875;359,9375;3,1041500568389893;0;0;100;10;0;
2,121;29,25;-0,6875;359,9375;3,1041500568389893;0;0;100;10;0;
2,125;29,25;-0,6875;359,9375;3,1041500568389893;0;0;100;10;0;
2,128;29,25;-0,6875;359,9375;3,1041500568389893;0;0;100;10;0;
2,131;29,25;-0,6875;359,9375;3,1041500568389893;0;0;100;10;0;
2,134;29,25;-0,6875;359,9375;3,1041500568389893;0;0;100;10;0;
2,138;29,25;-0,6875;359,9375;3,1041500568389893;0;0;100;10;0;
2,141;29,25;-0,6875;359,9375;3,1041500568389893;0;0;100;10;0;
2,144;29,25;-0,6875;359,9375;3,1041500568389893;0;0;100;10;0;
2,148;29,25;-0,6875;359,9375;3,1041500568389893;0;0;100;10;0;
2,151;29,25;-0,6875;359,9375;3,1041500568389893;0;0;100;10;0;
2,155;29,25;-0,6875;359,9375;3,1041500568389893;0;0;100;10;0;
2,158;29,25;-0,6875;359,9375;3,1041500568389893;0;0;100;10;0;
2,16;29,25;-0,6875;359,9375;3,1041500568389893;0;0;100;10;0;
2,163;29,25;-0,6875;359,9375;3,1041500568389893;0;0;100;10;0;
2,166;29,25;-0,6875;359,9375;3,1041500568389893;0;0;100;10;0;
2,17;29,25;-0,6875;359,9375;3,1041500568389893;0;0;100;10;0;
2,173;29,25;-0,6875;359,9375;3,121299982070923;0;0;100;10;0;
2,176;29,25;-0,6875;359,9375;3,121299982070923;0;0;100;10;0;
2,179;29,25;-0,6875;359,9375;3,121299982070923;0;0;100;10;0;
2,182;29,25;-0,6875;359,9375;3,121299982070923;0;0;100;10;0;
2,184;29,25;-0,6875;359,9375;3,121299982070923;0;0;100;10;0;
2,187;29,25;-0,6875;359,9375;3,121299982070923;0;0;100;10;0;
2,19;29,25;-0,6875;359,9375;3,121299982070923;0;0;100;10;0;
2,193;29,25;-0,6875;359,9375;3,121299982070923;0;0;100;10;0;
2,195;29,25;-0,6875;359,9375;3,121299982070923;0;0;100;10;0;
2,198;29,25;-0,6875;359,9375;3,121299982070923;0;0;100;10;0;
2,201;29,25;-0,6875;359,9375;3,121299982070923;0;0;100;10;0;
2,204;29,25;-0,6875;359,9375;3,121299982070923;0;0;100;10;0;
2,207;29,25;-0,6875;359,9375;3,121299982070923;0;0;100;10;0;
2,21;29,25;-0,6875;359,9375;3,121299982070923;0;0;100;10;0;
2,212;29,25;-0,6875;359,9375;3,121299982070923;0;0;100;10;0;
2,215;29,25;-0,6875;359,9375;3,121299982070923;0;0;100;10;0;
2,218;29,25;-0,6875;359,9375;3,121299982070923;0;0;100;10;0;
2,221;29,25;-0,6875;359,9375;3,121299982070923;0;0;100;10;0;
2,225;29,25;-0,6875;359,9375;3,121299982070923;0;0;100;10;0;
2,228;29,25;-0,6875;359,9375;3,121299982070923;0;0;100;10;0;
2,231;29,25;-0,6875;359,9375;3,121299982070923;0;0;100;10;0;
2,234;29,25;-0,6875;359,9375;3,121299982070923;0;0;100;10;0;
2,237;29,25;-0,6875;359,9375;3,121299982070923;0;0;100;10;0;
2,241;29,25;-0,6875;359,9375;3,121299982070923;0;0;100;10;0;
2,244;29,25;-0,6875;359,9375;3,121299982070923;0;0;100;10;0;
2,247;29,25;-0,6875;359,9375;3,121299982070923;0;0;100;10;0;
2,25;29,25;-0,6875;359,9375;3,121299982070923;0;0;100;10;0;
2,254;29,25;-0,6875;359,9375;3,121299982070923;0;0;100;10;0;
2,257;29,25;-0,6875;359,9375;3,121299982070923;0;0;100;10;0;
2,261;29,25;-0,6875;359,9375;3,121299982070923;0;0;100;10;0;
2,264;29,25;-0,6875;359,9375;3,121299982070923;0;0;100;10;0;
2,266;29,25;-0,6875;359,9375;3,121299982070923;0;0;100;10;0;
2,269;29,25;-0,6875;359,9375;3,121299982070923;0;0;100;10;0;
2,273;29,25;-0,6875;359,9375;3,121299982070923;0;0;100;10;0;
2,276;29,25;-0,6875;359,9375;3,121299982070923;0;0;100;10;0;
2,279;29,25;-0,6875;359,9375;3,121299982070923;0;0;100;10;0;
2,282;29,25;-0,6875;359,9375;3,121299982070923;0;0;100;10;0;
2,285;29,25;-0,6875;359,9375;3,121299982070923;0;0;100;10;0;
2,289;29,25;-0,6875;359,9375;3,121299982070923;0;0;100;10;0;
2,291;29,25;-0,6875;359,9375;3,121299982070923;0;0;100;10;0;
2,294;29,25;-0,6875;359,9375;3,1041500568389893;0;0;100;10;0;
2,297;29,25;-0,6875;359,9375;3,1041500568389893;0;0;100;10;0;
2,3;29,25;-0,6875;359,9375;3,1041500568389893;0;0;100;10;0;
2,302;29,25;-0,6875;359,9375;3,1041500568389893;0;0;100;10;0;
2,306;29,25;-0,6875;359,9375;3,1041500568389893;0;0;100;10;0;
2,308;29,25;-0,6875;359,9375;3,1041500568389893;0;0;100;10;0;
2,311;29,25;-0,6875;359,9375;3,1041500568389893;0;0;100;10;0;
2,314;29,25;-0,6875;359,9375;3,1041500568389893;0;0;100;10;0;
2,316;29,25;-0,6875;359,9375;3,1041500568389893;0;0;100;10;0;
2,32;29,25;-0,6875;359,9375;3,1041500568389893;0;0;100;10;0;
2,323;29,25;-0,6875;359,9375;3,1041500568389893;0;0;100;10;0;
2,326;29,25;-0,6875;359,9375;3,1041500568389893;0;0;100;10;0;
2,328;29,25;-0,6875;359,9375;3,1041500568389893;0;0;100;10;0;
2,331;29,25;-0,6875;359,9375;3,1041500568389893;0;0;100;10;0;
2,333;29,25;-0,6875;359,9375;3,1041500568389893;0;0;100;10;0;
2,336;29,25;-0,6875;359,9375;3,1041500568389893;0;0;100;10;0;
2,339;29,25;-0,6875;359,9375;3,1041500568389893;0;0;100;10;0;
2,342;29,25;-0,6875;359,9375;3,1041500568389893;0;0;100;10;0;
2,345;29,25;-0,6875;359,9375;3,1041500568389893;0;0;100;10;0;
2,349;29,25;-0,6875;359,9375;3,1041500568389893;0;0;100;10;0;
2,351;29,25;-0,6875;359,9375;3,1041500568389893;0;0;100;10;0;
2,355;29,25;-0,6875;359,9375;3,121299982070923;0;0;100;10;0;
2,358;29,25;-0,6875;359,9375;3,121299982070923;0;0;100;10;0;
2,36;29,25;-0,6875;359,9375;3,121299982070923;0;0;100;10;0;
2,363;29,25;-0,6875;359,9375;3,121299982070923;0;0;100;10;0;
2,365;29,25;-0,6875;359,9375;3,121299982070923;0;0;100;10;0;
2,368;29,25;-0,6875;359,9375;3,121299982070923;0;0;100;10;0;
2,371;29,25;-0,6875;359,9375;3,121299982070923;0;0;100;10;0;
2,375;29,25;-0,6875;359,9375;3,121299982070923;0;0;100;10;0;
2,378;29,25;-0,6875;359,9375;3,121299982070923;0;0;100;10;0;
2,381;29,25;-0,6875;359,9375;3,121299982070923;0;0;100;10;0;
2,384;29,25;-0,6875;359,9375;3,121299982070923;0;0;100;10;0;
2,387;29,25;-0,6875;359,9375;3,121299982070923;0;0;100;10;0;
2,39;29,25;-0,6875;359,9375;3,121299982070923;0;0;100;10;0;
2,392;29,25;-0,6875;359,9375;3,121299982070923;0;0;100;10;0;
2,395;29,25;-0,6875;359,9375;3,121299982070923;0;0;100;10;0;
2,398;29,25;-0,6875;359,9375;3,121299982070923;0;0;100;10;0;
2,401;29,25;-0,6875;359,9375;3,121299982070923;0;0;100;10;0;
2,404;29,25;-0,6875;359,9375;3,121299982070923;0;0;100;10;0;
2,407;29,25;-0,6875;359,9375;3,121299982070923;0;0;100;10;0;
2,41;29,25;-0,6875;359,9375;3,121299982070923;0;0;100;10;0;
2,412;29,25;-0,6875;359,9375;3,121299982070923;0;0;100;10;0;
2,415;29,25;-0,6875;359,9375;3,121299982070923;0;0;100;10;0;
2,418;29,25;-0,6875;359,9375;3,121299982070923;0;0;100;10;0;
2,421;29,25;-0,6875;359,9375;3,121299982070923;0;0;100;10;0;
2,424;29,25;-0,6875;359,9375;3,121299982070923;0;0;100;10;0;
2,428;29,25;-0,6875;359,9375;3,121299982070923;0;0;100;10;0;
2,43;29,25;-0,6875;359,9375;3,121299982070923;0;0;100;10;0;
2,434;29,25;-0,6875;359,9375;3,121299982070923;0;0;100;10;0;
2,437;29,25;-0,6875;359,9375;3,121299982070923;0;0;100;10;0;
2,44;29,25;-0,6875;359,9375;3,121299982070923;0;0;100;10;0;
2,444;29,25;-0,6875;359,9375;3,121299982070923;0;0;100;10;0;
2,446;29,25;-0,6875;359,9375;3,121299982070923;0;0;100;10;0;
2,449;29,25;-0,6875;359,9375;3,121299982070923;0;0;100;10;0;
2,451;29,25;-0,6875;359,9375;3,121299982070923;0;0;100;10;0;
2,455;29,25;-0,6875;359,9375;3,121299982070923;0;0;100;10;0;
2,458;29,25;-0,6875;359,9375;3,121299982070923;0;0;100;10;0;
2,46;29,25;-0,6875;359,9375;3,121299982070923;0;0;100;10;0;
2,463;29,25;-0,6875;359,9375;3,121299982070923;0;0;100;10;0;
2,466;29,25;-0,6875;359,9375;3,121299982070923;0;0;100;10;0;
2,468;29,25;-0,6875;359,9375;3,121299982070923;0;0;100;10;0;
2,472;29,25;-0,6875;359,9375;3,121299982070923;0;0;100;10;0;
2,475;29,25;-0,6875;359,9375;3,121299982070923;0;0;100;10;0;
2,479;29,25;-0,6875;359,9375;3,121299982070923;0;0;100;10;0;
2,482;29,25;-0,6875;359,9375;3,121299982070923;0;0;100;10;0;
2,484;29,25;-0,6875;359,9375;3,121299982070923;0;0;100;10;0;
2,487;29,25;-0,6875;359,9375;3,121299982070923;0;0;100;10;0;
2,491;29,25;-0,6875;359,9375;3,121299982070923;0;0;100;10;0;
2,493;29,25;-0,6875;359,9375;3,121299982070923;0;0;100;10;0;
2,496;29,25;-0,6875;359,9375;3,121299982070923;0;0;100;10;0;
2,499;29,25;-0,6875;359,9375;3,121299982070923;0;0;100;10;0;
2,501;29,25;-0,6875;359,9375;3,121299982070923;0;0;100;10;0;
2,504;29,25;-0,6875;359,9375;3,121299982070923;0;0;100;10;0;
2,508;29,25;-0,6875;359,9375;3,121299982070923;0;0;100;10;0;
2,511;29,25;-0,6875;359,9375;3,121299982070923;0;0;100;10;0;
2,514;29,25;-0,6875;359,9375;3,121299982070923;0;0;100;10;0;
2,516;29,25;-0,6875;359,9375;3,121299982070923;0;0;100;10;0;
2,519;29,25;-0,6875;359,9375;3,121299982070923;0;0;100;10;0;
2,523;29,25;-0,6875;359,9375;3,121299982070923;0;0;100;10;0;
2,526;29,25;-0,6875;359,9375;3,121299982070923;0;0;100;10;0;
2,529;29,25;-0,6875;359,9375;3,121299982070923;0;0;100;10;0;
2,532;29,25;-0,6875;359,9375;3,121299982070923;0;0;100;10;0;
2,535;29,25;-0,6875;359,9375;3,121299982070923;0;0;100;10;0;
2,538;29,25;-0,6875;359,9375;3,121299982070923;0;0;100;10;0;
2,541;29,25;-0,6875;359,9375;3,121299982070923;0;0;100;10;0;
2,544;29,25;-0,6875;359,9375;3,121299982070923;0;0;100;10;0;
2,548;29,25;-0,6875;359,9375;3,121299982070923;0;0;100;10;0;
2,551;29,25;-0,6875;359,9375;3,121299982070923;0;0;100;10;0;
2,554;29,25;-0,6875;359,9375;3,121299982070923;0;0;100;10;0;
2,558;29,25;-0,6875;359,9375;3,121299982070923;0;0;100;10;0;
2,561;29,25;-0,6875;359,9375;3,121299982070923;0;0;100;10;0;
2,563;29,25;-0,6875;359,9375;3,121299982070923;0;0;100;10;0;
2,566;29,25;-0,6875;359,9375;3,121299982070923;0;0;100;10;0;
2,569;29,25;-0,6875;359,9375;3,121299982070923;0;0;100;10;0;
2,573;29,25;-0,6875;359,9375;3,121299982070923;0;0;100;10;0;
2,576;29,25;-0,6875;359,9375;3,121299982070923;0;0;100;10;0;
2,579;29,25;-0,6875;359,9375;3,121299982070923;0;0;100;10;0;
2,582;29,25;-0,6875;359,9375;3,121299982070923;0;0;100;10;0;
2,585;29,25;-0,6875;359,9375;3,121299982070923;0;0;100;10;0;
2,588;29,25;-0,6875;359,9375;3,121299982070923;0;0;100;10;0;
2,591;29,25;-0,6875;359,9375;3,121299982070923;0;0;100;10;0;
2,594;29,25;-0,6875;359,9375;3,1041500568389893;0;0;100;10;0;
2,597;29,25;-0,6875;359,9375;3,1041500568389893;0;0;100;10;0;
2,599;29,25;-0,6875;359,9375;3,1041500568389893;0;0;100;10;0;
2,602;29,25;-0,6875;359,9375;3,1041500568389893;0;0;100;10;0;
2,605;29,25;-0,6875;359,9375;3,1041500568389893;0;0;100;10;0;
2,608;29,25;-0,6875;359,9375;3,1041500568389893;0;0;100;10;0;
2,611;29,25;-0,6875;359,9375;3,1041500568389893;0;0;100;10;0;
2,613;29,25;-0,6875;359,9375;3,1041500568389893;0;0;100;10;0;
2,617;29,25;-0,6875;359,9375;3,1041500568389893;0;0;100;10;0;
2,62;29,25;-0,6875;359,9375;3,1041500568389893;0;0;100;10;0;
2,624;29,25;-0,6875;359,9375;3,1041500568389893;0;0;100;10;0;
2,627;29,25;-0,6875;359,9375;3,1041500568389893;0;0;100;10;0;
2,63;29,25;-0,6875;359,9375;3,1041500568389893;0;0;100;10;0;
2,633;29,25;-0,6875;359,9375;3,1041500568389893;0;0;100;10;0;
2,636;29,25;-0,6875;359,9375;3,1041500568389893;0;0;100;10;0;
2,639;29,25;-0,6875;359,9375;3,1041500568389893;0;0;100;10;0;
2,642;29,25;-0,6875;359,9375;3,1041500568389893;0;0;100;10;0;
2,646;29,25;-0,6875;359,9375;3,1041500568389893;0;0;100;10;0;
2,649;29,25;-0,6875;359,9375;3,1041500568389893;0;0;100;10;0;
2,652;29,25;-0,6875;359,9375;3,1041500568389893;0;0;100;10;0;
2,657;29,25;-0,6875;359,9375;3,121299982070923;0;0;100;10;0;
2,66;29,25;-0,6875;359,9375;3,121299982070923;0;0;100;10;0;
2,663;29,25;-0,6875;359,9375;3,121299982070923;0;0;100;10;0;
2,666;29,25;-0,6875;359,9375;3,121299982070923;0;0;100;10;0;
2,669;29,25;-0,6875;359,9375;3,121299982070923;0;0;100;10;0;
2,673;29,25;-0,6875;359,9375;3,121299982070923;0;0;100;10;0;
2,676;29,25;-0,6875;359,9375;3,121299982070923;0;0;100;10;0;
2,679;29,25;-0,6875;359,9375;3,121299982070923;0;0;100;10;0;
2,682;29,25;-0,6875;359,9375;3,121299982070923;0;0;100;10;0;
2,684;29,25;-0,6875;359,9375;3,121299982070923;0;0;100;10;0;
2,687;29,25;-0,6875;359,9375;3,121299982070923;0;0;100;10;0;
2,691;29,25;-0,6875;359,9375;3,121299982070923;0;0;100;10;0;
2,693;29,25;-0,6875;359,9375;3,121299982070923;0;0;100;10;0;
2,696;29,25;-0,6875;359,9375;3,121299982070923;0;0;100;10;0;
2,699;29,25;-0,6875;359,9375;3,121299982070923;0;0;100;10;0;
2,701;29,25;-0,6875;359,9375;3,121299982070923;0;0;100;10;0;
2,705;29,25;-0,6875;359,9375;3,121299982070923;0;0;100;10;0;
2,707;29,25;-0,6875;359,9375;3,121299982070923;0;0;100;10;0;
2,71;29,25;-0,6875;359,9375;3,121299982070923;0;0;100;10;0;
2,713;29,25;-0,6875;359,9375;3,121299982070923;0;0;100;10;0;
2,716;29,25;-0,6875;359,9375;3,121299982070923;0;0;100;10;0;
2,718;29,25;-0,6875;359,9375;3,121299982070923;0;0;100;10;0;
2,721;29,25;-0,6875;359,9375;3,121299982070923;0;0;100;10;0;
2,724;29,25;-0,6875;359,9375;3,121299982070923;0;0;100;10;0;
2,727;29,25;-0,6875;359,9375;3,121299982070923;0;0;100;10;0;
2,73;29,25;-0,6875;359,9375;3,121299982070923;0;0;100;10;0;
2,733;29,25;-0,6875;359,9375;3,121299982070923;0;0;100;10;0;
2,735;29,25;-0,6875;359,9375;3,121299982070923;0;0;100;10;0;
2,738;29,25;-0,6875;359,9375;3,121299982070923;0;0;100;10;0;
2,741;29,25;-0,6875;359,9375;3,121299982070923;0;0;100;10;0;
2,744;29,25;-0,6875;359,9375;3,121299982070923;0;0;100;10;0;
2,747;29,25;-0,6875;359,9375;3,121299982070923;0;0;100;10;0;
2,75;29,25;-0,6875;359,9375;3,121299982070923;0;0;100;10;0;
2,753;29,25;-0,6875;359,9375;3,121299982070923;0;0;100;10;0;
2,756;29,25;-0,6875;359,9375;3,121299982070923;0;0;100;10;0;
2,759;29,25;-0,6875;359,9375;3,121299982070923;0;0;100;10;0;
2,762;29,25;-0,6875;359,9375;3,121299982070923;0;0;100;10;0;
2,764;29,25;-0,6875;359,9375;3,121299982070923;0;0;100;10;0;
2,767;29,25;-0,6875;359,9375;3,121299982070923;0;0;100;10;0;
2,77;29,25;-0,6875;359,9375;3,121299982070923;0;0;100;10;0;
2,773;29,25;-0,6875;359,9375;3,121299982070923;0;0;100;10;0;
2,776;29,25;-0,6875;359,9375;3,121299982070923;0;0;100;10;0;
2,78;29,25;-0,6875;359,9375;3,121299982070923;0;0;100;10;0;
2,782;29,25;-0,6875;359,9375;3,121299982070923;0;0;100;10;0;
2,785;29,25;-0,6875;359,9375;3,121299982070923;0;0;100;10;0;
2,788;29,25;-0,6875;359,9375;3,121299982070923;0;0;100;10;0;
2,791;29,25;-0,6875;359,9375;3,121299982070923;0;0;100;10;0;
2,794;29,25;-0,6875;359,9375;3,121299982070923;0;0;100;10;0;
2,797;29,25;-0,6875;359,9375;3,121299982070923;0;0;100;10;0;
2,799;29,25;-0,6875;359,9375;3,121299982070923;0;0;100;10;0;
2,802;29,25;-0,6875;359,9375;3,121299982070923;0;0;100;10;0;
2,805;29,25;-0,6875;359,9375;3,121299982070923;0;0;100;10;0;
2,808;29,25;-0,6875;359,9375;3,121299982070923;0;0;100;10;0;
2,81;29,25;-0,6875;359,9375;3,121299982070923;0;0;100;10;0;
2,813;29,25;-0,6875;359,9375;3,121299982070923;0;0;100;10;0;
2,816;29,25;-0,6875;359,9375;3,121299982070923;0;0;100;10;0;
2,818;29,25;-0,6875;359,9375;3,121299982070923;0;0;100;10;0;
2,822;29,25;-0,6875;359,9375;3,121299982070923;0;0;100;10;0;
2,825;29,25;-0,6875;359,9375;3,121299982070923;0;0;100;10;0;
2,828;29,25;-0,6875;359,9375;3,121299982070923;0;0;100;10;0;
2,831;29,25;-0,6875;359,9375;3,121299982070923;0;0;100;10;0;
2,834;29,25;-0,6875;359,9375;3,121299982070923;0;0;100;10;0;
2,837;29,25;-0,6875;359,9375;3,121299982070923;0;0;100;10;0;
2,84;29,25;-0,6875;359,9375;3,121299982070923;0;0;100;10;0;
2,843;29,25;-0,6875;359,9375;3,121299982070923;0;0;100;10;0;
2,847;29,25;-0,6875;359,9375;3,121299982070923;0;0;100;10;0;
2,849;29,25;-0,6875;359,9375;3,121299982070923;0;0;100;10;0;
2,853;29,25;-0,6875;359,9375;3,121299982070923;0;0;100;10;0;
2,856;29,25;-0,6875;359,9375;3,121299982070923;0;0;100;10;0;
2,859;29,25;-0,6875;359,9375;3,121299982070923;0;0;100;10;0;
2,861;29,25;-0,6875;359,9375;3,121299982070923;0;0;100;10;0;
2,864;29,25;-0,6875;359,9375;3,121299982070923;0;0;100;10;0;
2,867;29,25;-0,6875;359,9375;3,121299982070923;0;0;100;10;0;
2,869;29,25;-0,6875;359,9375;3,121299982070923;0;0;100;10;0;
2,873;29,25;-0,6875;359,9375;3,121299982070923;0;0;100;10;0;
2,875;29,25;-0,6875;359,9375;3,121299982070923;0;0;100;10;0;
2,879;29,25;-0,6875;359,9375;3,121299982070923;0;0;100;10;0;
2,882;29,25;-0,6875;359,9375;3,121299982070923;0;0;100;10;0;
2,885;29,25;-0,6875;359,9375;3,121299982070923;0;0;100;10;0;
2,889;29,25;-0,6875;359,9375;3,121299982070923;0;0;100;10;0;
2,892;29,25;-0,6875;359,9375;3,121299982070923;0;0;100;10;0;
2,895;29,25;-0,6875;359,9375;3,1041500568389893;0;0;100;10;0;
2,897;29,25;-0,6875;359,9375;3,1041500568389893;0;0;100;10;0;
2,9;29,25;-0,6875;359,9375;3,1041500568389893;0;0;100;10;0;
2,903;29,25;-0,6875;359,9375;3,1041500568389893;0;0;100;10;0;
2,906;29,25;-0,6875;359,9375;3,1041500568389893;0;0;100;10;0;
2,909;29,25;-0,6875;359,9375;3,1041500568389893;0;0;100;10;0;
2,912;29,25;-0,6875;359,9375;3,1041500568389893;0;0;100;10;0;
2,914;29,25;-0,6875;359,9375;3,1041500568389893;0;0;100;10;0;
2,917;29,25;-0,6875;359,9375;3,1041500568389893;0;0;100;10;0;
2,919;29,25;-0,6875;359,9375;3,1041500568389893;0;0;100;10;0;
2,923;29,25;-0,6875;359,9375;3,1041500568389893;0;0;100;10;0;
2,925;29,25;-0,6875;359,9375;3,1041500568389893;0;0;100;10;0;
2,928;29,25;-0,6875;359,9375;3,1041500568389893;0;0;100;10;0;
2,931;29,25;-0,6875;359,9375;3,1041500568389893;0;0;100;10;0;
2,934;29,25;-0,6875;359,9375;3,1041500568389893;0;0;100;10;0;
2,938;29,25;-0,6875;359,9375;3,1041500568389893;0;0;100;10;0;
2,941;29,25;-0,6875;359,9375;3,1041500568389893;0;0;100;10;0;
2,944;29,25;-0,6875;359,9375;3,1041500568389893;0;0;100;10;0;
2,947;29,25;-0,6875;359,9375;3,1041500568389893;0;0;100;10;0;
2,949;29,25;-0,6875;359,9375;3,1041500568389893;0;0;100;10;0;
2,952;29,25;-0,6875;359,9375;3,1041500568389893;0;0;100;10;0;
2,956;29,25;-0,6875;359,9375;3,121299982070923;0;0;100;10;0;
2,958;29,25;-0,6875;359,9375;3,121299982070923;0;0;100;10;0;
2,961;29,25;-0,6875;359,9375;3,121299982070923;0;0;100;10;0;
2,964;29,25;-0,6875;359,9375;3,121299982070923;0;0;100;10;0;
2,966;29,25;-0,6875;359,9375;3,121299982070923;0;0;100;10;0;
2,969;29,25;-0,6875;359,9375;3,121299982070923;0;0;100;10;0;
2,972;29,25;-0,6875;359,9375;3,121299982070923;0;0;100;10;0;
2,975;29,25;-0,6875;359,9375;3,121299982070923;0;0;100;10;0;
2,977;29,25;-0,6875;359,9375;3,121299982070923;0;0;100;10;0;
2,981;29,25;-0,6875;359,9375;3,121299982070923;0;0;100;10;0;
2,983;29,25;-0,6875;359,9375;3,121299982070923;0;0;100;10;0;
2,986;29,25;-0,6875;359,9375;3,121299982070923;0;0;100;10;0;
2,99;29,25;-0,6875;359,9375;3,121299982070923;0;0;100;10;0;
2,992;29,25;-0,6875;359,9375;3,121299982070923;0;0;100;10;0;
2,995;29,25;-0,6875;359,9375;3,121299982070923;0;0;100;10;0;
2,998;29,25;-0,6875;359,9375;3,121299982070923;0;0;100;10;0;
3;29,25;-0,6875;359,9375;3,121299982070923;0;0;100;10;0;
3,003;29,25;-0,6875;359,9375;3,121299982070923;0;0;100;10;0;
3,006;29,25;-0,6875;359,9375;3,121299982070923;0;0;100;10;0;
3,009;29,25;-0,6875;359,9375;3,121299982070923;0;0;100;10;0;
3,012;29,25;-0,6875;359,9375;3,121299982070923;0;0;100;10;0;
3,014;29,25;-0,6875;359,9375;3,121299982070923;0;0;100;10;0;
3,017;29,25;-0,6875;359,9375;3,121299982070923;0;0;100;10;0;
3,02;29,25;-0,6875;359,9375;3,121299982070923;0;0;100;10;0;
3,023;29,25;-0,6875;359,9375;3,121299982070923;0;0;100;10;0;
3,026;29,25;-0,6875;359,9375;3,121299982070923;0;0;100;10;0;
3,029;29,25;-0,6875;359,9375;3,121299982070923;0;0;100;10;0;
3,032;29,25;-0,6875;359,9375;3,121299982070923;0;0;100;10;0;
3,035;29,25;-0,6875;359,9375;3,121299982070923;0;0;100;10;0;
3,038;29,25;-0,6875;359,9375;3,121299982070923;0;0;100;10;0;
3,041;29,25;-0,6875;359,9375;3,121299982070923;0;0;100;10;0;
3,044;29,25;-0,6875;359,9375;3,121299982070923;0;0;100;10;0;
3,047;29,25;-0,6875;359,9375;3,121299982070923;0;0;100;10;0;
3,05;29,25;-0,6875;359,9375;3,121299982070923;0;0;100;10;0;
3,053;29,25;-0,6875;359,9375;3,121299982070923;0;0;100;10;0;
3,056;29,25;-0,6875;359,9375;3,121299982070923;0;0;100;10;0;
3,059;29,25;-0,6875;359,9375;3,121299982070923;0;0;100;10;0;
3,062;29,25;-0,6875;359,9375;3,121299982070923;0;0;100;10;0;
3,065;29,25;-0,6875;359,9375;3,121299982070923;0;0;100;10;0;
3,068;29,25;-0,6875;359,9375;3,121299982070923;0;0;100;10;0;
3,071;29,25;-0,6875;359,9375;3,121299982070923;0;0;100;10;0;
3,074;29,25;-0,6875;359,9375;3,1041500568389893;0;0;100;10;0;
3,077;29,25;-0,6875;359,9375;3,1041500568389893;0;0;100;10;0;
3,079;29,25;-0,6875;359,9375;3,1041500568389893;0;0;100;10;0;
3,083;29,25;-0,6875;359,9375;3,1041500568389893;0;0;100;10;0;
3,086;29,25;-0,6875;359,9375;3,1041500568389893;0;0;100;10;0;
3,089;29,25;-0,6875;359,9375;3,1041500568389893;0;0;100;10;0;
3,092;29,25;-0,6875;359,9375;3,1041500568389893;0;0;100;10;0;
3,095;29,25;-0,6875;359,9375;3,1041500568389893;0;0;100;10;0;
3,099;29,25;-0,6875;359,9375;3,1041500568389893;0;0;100;10;0;
3,102;29,25;-0,6875;359,9375;3,1041500568389893;0;0;100;10;0;
3,105;29,25;-0,6875;359,9375;3,1041500568389893;0;0;100;10;0;
3,109;29,25;-0,6875;359,9375;3,1041500568389893;0;0;100;10;0;
3,111;29,25;-0,6875;359,9375;3,1041500568389893;0;0;100;10;0;
3,114;29,25;-0,6875;359,9375;3,1041500568389893;0;0;100;10;0;
3,117;29,25;-0,6875;359,9375;3,1041500568389893;0;0;100;10;0;
3,12;29,25;-0,6875;359,9375;3,1041500568389893;0;0;100;10;0;
3,123;29,25;-0,6875;359,9375;3,1041500568389893;0;0;100;10;0;
3,126;29,25;-0,6875;359,9375;3,1041500568389893;0;0;100;10;0;
3,128;29,25;-0,6875;359,9375;3,1041500568389893;0;0;100;10;0;
3,131;29,25;-0,6875;359,9375;3,1041500568389893;0;0;100;10;0;
3,134;29,25;-0,6875;359,9375;3,121299982070923;0;0;100;10;0;
3,138;29,25;-0,6875;359,9375;3,121299982070923;0;0;100;10;0;
3,141;29,25;-0,6875;359,9375;3,121299982070923;0;0;100;10;0;
3,144;29,25;-0,6875;359,9375;3,121299982070923;0;0;100;10;0;
3,147;29,25;-0,6875;359,9375;3,121299982070923;0;0;100;10;0;
3,149;29,25;-0,6875;359,9375;3,121299982070923;0;0;100;10;0;
3,152;29,25;-0,6875;359,9375;3,121299982070923;0;0;100;10;0;
3,155;29,25;-0,6875;359,9375;3,121299982070923;0;0;100;10;0;
3,158;29,25;-0,6875;359,9375;3,121299982070923;0;0;100;10;0;
3,161;29,25;-0,6875;359,9375;3,121299982070923;0;0;100;10;0;
3,164;29,25;-0,6875;359,9375;3,121299982070923;0;0;100;10;0;
3,166;29,25;-0,6875;359,9375;3,121299982070923;0;0;100;10;0;
3,169;29,25;-0,6875;359,9375;3,121299982070923;0;0;100;10;0;
3,172;29,25;-0,6875;359,9375;3,121299982070923;0;0;100;10;0;
3,175;29,25;-0,6875;359,9375;3,121299982070923;0;0;100;10;0;
3,178;29,25;-0,6875;359,9375;3,121299982070923;0;0;100;10;0;
3,18;29,25;-0,6875;359,9375;3,121299982070923;0;0;100;10;0;
3,184;29,25;-0,6875;359,9375;3,121299982070923;0;0;100;10;0;
3,187;29,25;-0,6875;359,9375;3,121299982070923;0;0;100;10;0;
3,19;29,25;-0,6875;359,9375;3,121299982070923;0;0;100;10;0;
3,192;29,25;-0,6875;359,9375;3,121299982070923;0;0;100;10;0;
3,195;29,25;-0,6875;359,9375;3,121299982070923;0;0;100;10;0;
3,198;29,25;-0,6875;359,9375;3,121299982070923;0;0;100;10;0;
3,201;29,25;-0,6875;359,9375;3,121299982070923;0;0;100;10;0;
3,204;29,25;-0,6875;359,9375;3,121299982070923;0;0;100;10;0;
3,207;29,25;-0,6875;359,9375;3,121299982070923;0;0;100;10;0;
3,209;29,25;-0,6875;359,9375;3,121299982070923;0;0;100;10;0;
3,212;29,25;-0,6875;359,9375;3,121299982070923;0;0;100;10;0;
3,215;29,25;-0,6875;359,9375;3,121299982070923;0;0;100;10;0;
3,218;29,25;-0,6875;359,9375;3,121299982070923;0;0;100;10;0;
3,22;29,25;-0,6875;359,9375;3,121299982070923;0;0;100;10;0;
3,224;29,25;-0,6875;359,9375;3,121299982070923;0;0;100;10;0;
3,227;29,25;-0,6875;359,9375;3,121299982070923;0;0;100;10;0;
3,229;29,25;-0,6875;359,9375;3,121299982070923;0;0;100;10;0;
3,232;29,25;-0,6875;359,9375;3,121299982070923;0;0;100;10;0;
3,235;29,25;-0,6875;359,9375;3,121299982070923;0;0;100;10;0;
3,239;29,25;-0,6875;359,9375;3,121299982070923;0;0;100;10;0;
3,241;29,25;-0,6875;359,9375;3,121299982070923;0;0;100;10;0;
3,244;29,25;-0,6875;359,9375;3,121299982070923;0;0;100;10;0;
3,247;29,25;-0,6875;359,9375;3,121299982070923;0;0;100;10;0;
3,25;29,25;-0,6875;359,9375;3,121299982070923;0;0;100;10;0;
3,253;29,25;-0,6875;359,9375;3,121299982070923;0;0;100;10;0;
3,257;29,25;-0,6875;359,9375;3,121299982070923;0;0;100;10;0;
3,26;29,25;-0,6875;359,9375;3,121299982070923;0;0;100;10;0;
3,263;29,25;-0,6875;359,9375;3,121299982070923;0;0;100;10;0;
3,265;29,25;-0,6875;359,9375;3,121299982070923;0;0;100;10;0;
3,268;29,25;-0,6875;359,9375;3,121299982070923;0;0;100;10;0;
3,271;29,25;-0,6875;359,9375;3,121299982070923;0;0;100;10;0;
3,274;29,25;-0,6875;359,9375;3,121299982070923;0;0;100;10;0;
3,277;29,25;-0,6875;359,9375;3,121299982070923;0;0;100;10;0;
3,28;29,25;-0,6875;359,9375;3,121299982070923;0;0;100;10;0;
3,282;29,25;-0,6875;359,9375;3,121299982070923;0;0;100;10;0;
3,286;29,25;-0,6875;359,9375;3,121299982070923;0;0;100;10;0;
3,289;29,25;-0,6875;359,9375;3,121299982070923;0;0;100;10;0;
3,292;29,25;-0,6875;359,9375;3,121299982070923;0;0;100;10;0;
3,295;29,25;-0,6875;359,9375;3,121299982070923;0;0;100;10;0;
3,298;29,25;-0,6875;359,9375;3,121299982070923;0;0;100;10;0;
3,301;29,25;-0,6875;359,9375;3,121299982070923;0;0;100;10;0;
3,303;29,25;-0,6875;359,9375;3,121299982070923;0;0;100;10;0;
3,307;29,25;-0,6875;359,9375;3,121299982070923;0;0;100;10;0;
3,309;29,25;-0,6875;359,9375;3,121299982070923;0;0;100;10;0;
3,312;29,25;-0,6875;359,9375;3,121299982070923;0;0;100;10;0;
3,315;29,25;-0,6875;359,9375;3,121299982070923;0;0;100;10;0;
3,317;29,25;-0,6875;359,9375;3,121299982070923;0;0;100;10;0;
3,32;29,25;-0,6875;359,9375;3,121299982070923;0;0;100;10;0;
3,323;29,25;-0,6875;359,9375;3,121299982070923;0;0;100;10;0;
3,326;29,25;-0,6875;359,9375;3,121299982070923;0;0;100;10;0;
3,329;29,25;-0,6875;359,9375;3,121299982070923;0;0;100;10;0;
3,332;29,25;-0,6875;359,9375;3,121299982070923;0;0;100;10;0;
3,334;29,25;-0,6875;359,9375;3,121299982070923;0;0;100;10;0;
3,338;29,25;-0,6875;359,9375;3,121299982070923;0;0;100;10;0;
3,341;29,25;-0,6875;359,9375;3,121299982070923;0;0;100;10;0;
3,344;29,25;-0,6875;359,9375;3,121299982070923;0;0;100;10;0;
3,348;29,25;-0,6875;359,9375;3,121299982070923;0;0;100;10;0;
3,351;29,25;-0,6875;359,9375;3,121299982070923;0;0;100;10;0;
3,354;29,25;-0,6875;359,9375;3,121299982070923;0;0;100;10;0;
3,357;29,25;-0,6875;359,9375;3,121299982070923;0;0;100;10;0;
3,359;29,25;-0,6875;359,9375;3,121299982070923;0;0;100;10;0;
3,362;29,25;-0,6875;359,9375;3,121299982070923;0;0;100;10;0;
3,365;29,25;-0,6875;359,9375;3,121299982070923;0;0;100;10;0;
3,367;29,25;-0,6875;359,9375;3,121299982070923;0;0;100;10;0;
3,37;29,25;-0,6875;359,9375;3,121299982070923;0;0;100;10;0;
3,373;29,25;-0,6875;359,9375;3,121299982070923;0;0;100;10;0;
3,376;29,25;-0,6875;359,9375;3,121299982070923;0;0;100;10;0;
3,379;29,25;-0,6875;359,9375;3,121299982070923;0;0;100;10;0;
3,381;29,25;-0,6875;359,9375;3,121299982070923;0;0;100;10;0;
3,384;29,25;-0,6875;359,9375;3,121299982070923;0;0;100;10;0;
3,388;29,25;-0,6875;359,9375;3,121299982070923;0;0;100;10;0;
3,391;29,25;-0,6875;359,9375;3,121299982070923;0;0;100;10;0;
3,394;29,25;-0,6875;359,9375;3,121299982070923;0;0;100;10;0;
3,397;29,25;-0,6875;359,9375;3,121299982070923;0;0;100;10;0;
3,399;29,25;-0,6875;359,9375;3,121299982070923;0;0;100;10;0;
3,402;29,25;-0,6875;359,9375;3,121299982070923;0;0;100;10;0;
3,405;29,25;-0,6875;359,9375;3,121299982070923;0;0;100;10;0;
3,408;29,25;-0,6875;359,9375;3,121299982070923;0;0;100;10;0;
3,411;29,25;-0,6875;359,9375;3,121299982070923;0;0;100;10;0;
3,413;29,25;-0,6875;359,9375;3,121299982070923;0;0;100;10;0;
3,416;29,25;-0,6875;359,9375;3,121299982070923;0;0;100;10;0;
3,419;29,25;-0,6875;359,9375;3,121299982070923;0;0;100;10;0;
3,422;29,25;-0,6875;359,9375;3,121299982070923;0;0;100;10;0;
3,424;29,25;-0,6875;359,9375;3,121299982070923;0;0;100;10;0;
3,427;29,25;-0,6875;359,9375;3,121299982070923;0;0;100;10;0;
3,429;29,25;-0,6875;359,9375;3,121299982070923;0;0;100;10;0;
3,432;29,25;-0,6875;359,9375;3,121299982070923;0;0;100;10;0;
3,434;29,25;-0,6875;359,9375;3,121299982070923;0;0;100;10;0;
3,438;29,25;-0,6875;359,9375;3,121299982070923;0;0;100;10;0;
3,441;29,25;-0,6875;359,9375;3,121299982070923;0;0;100;10;0;
3,445;29,25;-0,6875;359,9375;3,121299982070923;0;0;100;10;0;
3,447;29,25;-0,6875;359,9375;3,121299982070923;0;0;100;10;0;
3,451;29,25;-0,6875;359,9375;3,121299982070923;0;0;100;10;0;
3,453;29,25;-0,6875;359,9375;3,121299982070923;0;0;100;10;0;
3,457;29,25;-0,6875;359,9375;3,121299982070923;0;0;100;10;0;
3,459;29,25;-0,6875;359,9375;3,121299982070923;0;0;100;10;0;
3,462;29,25;-0,6875;359,9375;3,121299982070923;0;0;100;10;0;
3,464;29,25;-0,6875;359,9375;3,121299982070923;0;0;100;10;0;
3,467;29,25;-0,6875;359,9375;3,121299982070923;0;0;100;10;0;
3,469;29,25;-0,6875;359,9375;3,121299982070923;0;0;100;10;0;
3,472;29,25;-0,6875;359,9375;3,121299982070923;0;0;100;10;0;
3,475;29,25;-0,6875;359,9375;3,121299982070923;0;0;100;10;0;
3,478;29,25;-0,6875;359,9375;3,121299982070923;0;0;100;10;0;
3,48;29,25;-0,6875;359,9375;3,121299982070923;0;0;100;10;0;
3,483;29,25;-0,6875;359,9375;3,121299982070923;0;0;100;10;0;
3,486;29,25;-0,6875;359,9375;3,121299982070923;0;0;100;10;0;
3,489;29,25;-0,6875;359,9375;3,121299982070923;0;0;100;10;0;
3,492;29,25;-0,6875;359,9375;3,121299982070923;0;0;100;10;0;
3,495;29,25;-0,6875;359,9375;3,1041500568389893;0;0;100;10;0;
3,498;29,25;-0,6875;359,9375;3,1041500568389893;0;0;100;10;0;
3,5;29,25;-0,6875;359,9375;3,1041500568389893;0;0;100;10;0;
3,503;29,25;-0,6875;359,9375;3,1041500568389893;0;0;100;10;0;
3,506;29,25;-0,6875;359,9375;3,1041500568389893;0;0;100;10;0;
3,509;29,25;-0,6875;359,9375;3,1041500568389893;0;0;100;10;0;
3,512;29,25;-0,6875;359,9375;3,1041500568389893;0;0;100;10;0;
3,514;29,25;-0,6875;359,9375;3,1041500568389893;0;0;100;10;0;
3,517;29,25;-0,6875;359,9375;3,1041500568389893;0;0;100;10;0;
3,52;29,25;-0,6875;359,9375;3,1041500568389893;0;0;100;10;0;
3,523;29,25;-0,6875;359,9375;3,1041500568389893;0;0;100;10;0;
3,526;29,25;-0,6875;359,9375;3,1041500568389893;0;0;100;10;0;
3,528;29,25;-0,6875;359,9375;3,1041500568389893;0;0;100;10;0;
3,531;29,25;-0,6875;359,9375;3,1041500568389893;0;0;100;10;0;
3,533;29,25;-0,6875;359,9375;3,1041500568389893;0;0;100;10;0;
3,536;29,25;-0,6875;359,9375;3,1041500568389893;0;0;100;10;0;
3,539;29,25;-0,6875;359,9375;3,1041500568389893;0;0;100;10;0;
3,542;29,25;-0,6875;359,9375;3,1041500568389893;0;0;100;10;0;
3,545;29,25;-0,6875;359,9375;3,1041500568389893;0;0;100;10;0;
3,548;29,25;-0,6875;359,9375;3,1041500568389893;0;0;100;10;0;
3,551;29,25;-0,6875;359,9375;3,1041500568389893;0;0;100;10;0;
3,554;29,25;-0,6875;359,9375;4,424699783325195;0;0;100;10;0;
3,558;29,25;-0,6875;359,9375;4,424699783325195;0;0;100;10;0;
3,561;29,25;-0,6875;359,9375;4,424699783325195;0;0;100;10;0;
3,564;29,25;-0,6875;359,9375;4,424699783325195;0;0;100;10;0;
3,567;29,25;-0,6875;359,9375;4,424699783325195;0;0;100;10;0;
3,569;29,25;-0,6875;359,9375;4,424699783325195;0;0;100;10;0;
3,573;29,25;-0,6875;359,9375;4,424699783325195;0;0;100;10;0;
3,576;29,25;-0,6875;359,9375;4,424699783325195;0;0;100;10;0;
3,579;29,25;-0,6875;359,9375;4,424699783325195;0;0;100;10;0;
3,581;29,25;-0,6875;359,9375;4,424699783325195;0;0;100;10;0;
3,584;29,25;-0,6875;359,9375;4,424699783325195;0;0;100;10;0;
3,587;29,25;-0,6875;359,9375;4,424699783325195;0;0;100;10;0;
3,59;29,25;-0,6875;359,9375;4,424699783325195;0;0;100;10;0;
3,594;29,25;-0,6875;359,9375;4,424699783325195;0;0;100;10;0;
3,597;29,25;-0,6875;359,9375;4,424699783325195;0;0;100;10;0;
3,6;29,25;-0,6875;359,9375;4,424699783325195;0;0;100;10;0;
3,602;29,25;-0,6875;359,9375;4,424699783325195;0;0;100;10;0;
3,606;29,25;-0,6875;359,9375;4,424699783325195;0;0;100;10;0;
3,609;29,25;-0,6875;359,9375;4,424699783325195;0;0;100;10;0;
3,611;29,25;-0,6875;359,9375;4,424699783325195;0;0;100;10;0;
3,614;29,25;-0,6875;359,9375;3,121299982070923;0;0;100;10;0;
3,617;29,25;-0,6875;359,9375;3,121299982070923;0;0;100;10;0;
3,619;29,25;-0,6875;359,9375;3,121299982070923;0;0;100;10;0;
3,622;29,25;-0,6875;359,9375;3,121299982070923;0;0;100;10;0;
3,625;29,25;-0,6875;359,9375;3,121299982070923;0;0;100;10;0;
3,628;29,25;-0,6875;359,9375;3,121299982070923;0;0;100;10;0;
3,63;29,25;-0,6875;359,9375;3,121299982070923;0;0;100;10;0;
3,633;29,25;-0,6875;359,9375;3,121299982070923;0;0;100;10;0;
3,636;29,25;-0,6875;359,9375;3,121299982070923;0;0;100;10;0;
3,639;29,25;-0,6875;359,9375;3,121299982070923;0;0;100;10;0;
3,642;29,25;-0,6875;359,9375;3,121299982070923;0;0;100;10;0;
3,646;29,25;-0,6875;359,9375;3,121299982070923;0;0;100;10;0;
3,649;29,25;-0,6875;359,9375;3,121299982070923;0;0;100;10;0;
3,652;29,25;-0,6875;359,9375;3,121299982070923;0;0;100;10;0;
3,656;29,25;-0,6875;359,9375;3,121299982070923;0;0;100;10;0;
3,659;29,25;-0,6875;359,9375;3,121299982070923;0;0;100;10;0;
3,662;29,25;-0,6875;359,9375;3,121299982070923;0;0;100;10;0;
3,665;29,25;-0,6875;359,9375;3,121299982070923;0;0;100;10;0;
3,667;29,25;-0,6875;359,9375;3,121299982070923;0;0;100;10;0;
3,67;29,25;-0,6875;359,9375;3,121299982070923;0;0;100;10;0;
3,674;29,25;-0,6875;359,9375;3,121299982070923;0;0;100;10;0;
3,676;29,25;-0,6875;359,9375;3,121299982070923;0;0;100;10;0;
3,68;29,25;-0,6875;359,9375;3,121299982070923;0;0;100;10;0;
3,682;29,25;-0,6875;359,9375;3,121299982070923;0;0;100;10;0;
3,685;29,25;-0,6875;359,9375;3,121299982070923;0;0;100;10;0;
3,688;29,25;-0,6875;359,9375;3,121299982070923;0;0;100;10;0;
3,691;29,25;-0,6875;359,9375;3,121299982070923;0;0;100;10;0;
3,694;29,25;-0,6875;359,9375;3,121299982070923;0;0;100;10;0;
3,698;29,25;-0,6875;359,9375;3,121299982070923;0;0;100;10;0;
3,701;29,25;-0,6875;359,9375;3,121299982070923;0;0;100;10;0;
3,704;29,25;-0,6875;359,9375;3,121299982070923;0;0;100;10;0;
3,708;29,25;-0,6875;359,9375;3,121299982070923;0;0;100;10;0;
3,711;29,25;-0,6875;359,9375;3,121299982070923;0;0;100;10;0;
3,713;29,25;-0,6875;359,9375;3,121299982070923;0;0;100;10;0;
3,716;29,25;-0,6875;359,9375;3,121299982070923;0;0;100;10;0;
3,719;29,25;-0,6875;359,9375;3,121299982070923;0;0;100;10;0;
3,722;29,25;-0,6875;359,9375;3,121299982070923;0;0;100;10;0;
3,725;29,25;-0,6875;359,9375;3,121299982070923;0;0;100;10;0;
3,728;29,25;-0,6875;359,9375;3,121299982070923;0;0;100;10;0;
3,731;29,25;-0,6875;359,9375;3,121299982070923;0;0;100;10;0;
3,734;29,25;-0,6875;359,9375;3,121299982070923;0;0;100;10;0;
3,737;29,25;-0,6875;359,9375;3,121299982070923;0;0;100;10;0;
3,74;29,25;-0,6875;359,9375;3,121299982070923;0;0;100;10;0;
3,744;29,25;-0,6875;359,9375;3,121299982070923;0;0;100;10;0;
3,747;29,25;-0,6875;359,9375;3,121299982070923;0;0;100;10;0;
3,751;29,25;-0,6875;359,9375;3,121299982070923;0;0;100;10;0;
3,754;29,25;-0,6875;359,9375;3,121299982070923;0;0;100;10;0;
3,757;29,25;-0,6875;359,9375;3,121299982070923;0;0;100;10;0;
3,76;29,25;-0,6875;359,9375;3,121299982070923;0;0;100;10;0;
3,763;29,25;-0,6875;359,9375;3,121299982070923;0;0;100;10;0;
3,766;29,25;-0,6875;359,9375;3,121299982070923;0;0;100;10;0;
3,769;29,25;-0,6875;359,9375;3,121299982070923;0;0;100;10;0;
3,772;29,25;-0,6875;359,9375;3,121299982070923;0;0;100;10;0;
3,775;29,25;-0,6875;359,9375;3,121299982070923;0;0;100;10;0;
3,778;29,25;-0,6875;359,9375;3,121299982070923;0;0;100;10;0;
3,78;29,25;-0,6875;359,9375;3,121299982070923;0;0;100;10;0;
3,783;29,25;-0,6875;359,9375;3,121299982070923;0;0;100;10;0;
3,786;29,25;-0,6875;359,9375;3,121299982070923;0;0;100;10;0;
3,789;29,25;-0,6875;359,9375;3,121299982070923;0;0;100;10;0;
3,792;29,25;-0,6875;359,9375;3,121299982070923;0;0;100;10;0;
3,795;29,25;-0,6875;359,9375;3,121299982070923;0;0;100;10;0;
3,798;29,25;-0,6875;359,9375;3,121299982070923;0;0;100;10;0;
3,802;29,25;-0,6875;359,9375;3,121299982070923;0;0;100;10;0;
3,804;29,25;-0,6875;359,9375;3,121299982070923;0;0;100;10;0;
3,807;29,25;-0,6875;359,9375;3,121299982070923;0;0;100;10;0;
3,81;29,25;-0,6875;359,9375;3,121299982070923;0;0;100;10;0;
3,813;29,25;-0,6875;359,9375;3,121299982070923;0;0;100;10;0;
3,815;29,25;-0,6875;359,9375;3,121299982070923;0;0;100;10;0;
3,818;29,25;-0,6875;359,9375;3,121299982070923;0;0;100;10;0;
3,821;29,25;-0,6875;359,9375;3,121299982070923;0;0;100;10;0;
3,824;29,25;-0,6875;359,9375;3,121299982070923;0;0;100;10;0;
3,828;29,25;-0,6875;359,9375;3,121299982070923;0;0;100;10;0;
3,83;29,25;-0,6875;359,9375;3,121299982070923;0;0;100;10;0;
3,833;29,25;-0,6875;359,9375;3,121299982070923;0;0;100;10;0;
3,836;29,25;-0,6875;359,9375;3,121299982070923;0;0;100;10;0;
3,839;29,25;-0,6875;359,9375;3,121299982070923;0;0;100;10;0;
3,842;29,25;-0,6875;359,9375;3,121299982070923;0;0;100;10;0;
3,846;29,25;-0,6875;359,9375;3,121299982070923;0;0;100;10;0;
3,849;29,25;-0,6875;359,9375;3,121299982070923;0;0;100;10;0;
3,852;29,25;-0,6875;359,9375;3,121299982070923;0;0;100;10;0;
3,856;29,25;-0,6875;359,9375;3,121299982070923;0;0;100;10;0;
3,859;29,25;-0,6875;359,9375;3,121299982070923;0;0;100;10;0;
3,861;29,25;-0,6875;359,9375;3,121299982070923;0;0;100;10;0;
3,864;29,25;-0,6875;359,9375;3,121299982070923;0;0;100;10;0;
3,867;29,25;-0,6875;359,9375;3,121299982070923;0;0;100;10;0;
3,87;29,25;-0,6875;359,9375;3,121299982070923;0;0;100;10;0;
3,873;29,25;-0,6875;359,9375;3,121299982070923;0;0;100;10;0;
3,876;29,25;-0,6875;359,9375;3,121299982070923;0;0;100;10;0;
3,878;29,25;-0,6875;359,9375;3,121299982070923;0;0;100;10;0;
3,881;29,25;-0,6875;359,9375;3,121299982070923;0;0;100;10;0;
3,884;29,25;-0,6875;359,9375;3,121299982070923;0;0;100;10;0;
3,886;29,25;-0,6875;359,9375;3,121299982070923;0;0;100;10;0;
3,89;29,25;-0,6875;359,9375;3,121299982070923;0;0;100;10;0;
3,892;29,25;-0,6875;359,9375;3,121299982070923;0;0;100;10;0;
3,895;29,25;-0,6875;359,9375;3,121299982070923;0;0;100;10;0;
3,898;29,25;-0,6875;359,9375;3,121299982070923;0;0;100;10;0;
3,901;29,25;-0,6875;359,9375;3,121299982070923;0;0;100;10;0;
3,904;29,25;-0,6875;359,9375;3,121299982070923;0;0;100;10;0;
3,908;29,25;-0,6875;359,9375;3,121299982070923;0;0;100;10;0;
3,911;29,25;-0,6875;359,9375;3,121299982070923;0;0;100;10;0;
3,913;29,25;-0,6875;359,9375;3,121299982070923;0;0;100;10;0;
3,916;29,25;-0,6875;359,9375;3,121299982070923;0;0;100;10;0;
3,919;29,25;-0,6875;359,9375;3,121299982070923;0;0;100;10;0;
3,921;29,25;-0,6875;359,9375;3,121299982070923;0;0;100;10;0;
3,925;29,25;-0,6875;359,9375;3,121299982070923;0;0;100;10;0;
3,927;29,25;-0,6875;359,9375;3,121299982070923;0;0;100;10;0;
3,93;29,25;-0,6875;359,9375;3,121299982070923;0;0;100;10;0;
3,933;29,25;-0,6875;359,9375;3,121299982070923;0;0;100;10;0;
3,935;29,25;-0,6875;359,9375;3,121299982070923;0;0;100;10;0;
3,938;29,25;-0,6875;359,9375;3,121299982070923;0;0;100;10;0;
3,941;29,25;-0,6875;359,9375;3,121299982070923;0;0;100;10;0;
3,944;29,25;-0,6875;359,9375;3,121299982070923;0;0;100;10;0;
3,947;29,25;-0,6875;359,9375;3,121299982070923;0;0;100;10;0;
3,95;29,25;-0,6875;359,9375;3,121299982070923;0;0;100;10;0;
3,954;29,25;-0,6875;359,9375;3,121299982070923;0;0;100;10;0;
3,957;29,25;-0,6875;359,9375;3,121299982070923;0;0;100;10;0;
3,96;29,25;-0,6875;359,9375;3,121299982070923;0;0;100;10;0;
3,963;29,25;-0,6875;359,9375;3,121299982070923;0;0;100;10;0;
3,965;29,25;-0,6875;359,9375;3,121299982070923;0;0;100;10;0;
3,968;29,25;-0,6875;359,9375;3,121299982070923;0;0;100;10;0;
3,971;29,25;-0,6875;359,9375;3,121299982070923;0;0;100;10;0;
3,974;29,25;-0,6875;359,9375;3,121299982070923;0;0;100;10;0;
3,977;29,25;-0,6875;359,9375;3,121299982070923;0;0;100;10;0;
3,98;29,25;-0,6875;359,9375;3,121299982070923;0;0;100;10;0;
3,983;29,25;-0,6875;359,9375;3,121299982070923;0;0;100;10;0;
3,985;29,25;-0,6875;359,9375;3,121299982070923;0;0;100;10;0;
3,988;29,25;-0,6875;359,9375;3,121299982070923;0;0;100;10;0;
3,991;29,25;-0,6875;359,9375;3,121299982070923;0;0;100;10;0;
3,994;29,25;-0,6875;359,9375;3,121299982070923;0;0;100;10;0;
3,997;29,25;-0,6875;359,9375;3,121299982070923;0;0;100;10;0;
4;29,25;-0,6875;359,9375;3,121299982070923;0;0;100;10;0;
4,003;29,25;-0,6875;359,9375;3,121299982070923;0;0;100;10;0;
4,006;29,25;-0,6875;359,9375;3,121299982070923;0;0;100;10;0;
4,009;29,25;-0,6875;359,9375;3,121299982070923;0;0;100;10;0;
4,012;29,25;-0,6875;359,9375;3,121299982070923;0;0;100;10;0;
4,015;29,25;-0,6875;359,9375;3,121299982070923;0;0;100;10;0;
4,017;29,25;-0,6875;359,9375;3,121299982070923;0;0;100;10;0;
4,02;29,25;-0,6875;359,9375;3,121299982070923;0;0;100;10;0;
4,023;29,25;-0,6875;359,9375;3,121299982070923;0;0;100;10;0;
4,026;29,25;-0,6875;359,9375;3,121299982070923;0;0;100;10;0;
4,029;29,25;-0,6875;359,9375;3,121299982070923;0;0;100;10;0;
4,031;29,25;-0,6875;359,9375;3,121299982070923;0;0;100;10;0;
4,034;29,25;-0,6875;359,9375;3,121299982070923;0;0;100;10;0;
4,037;29,25;-0,6875;359,9375;3,121299982070923;0;0;100;10;0;
4,04;29,25;-0,6875;359,9375;3,121299982070923;0;0;100;10;0;
4,043;29,25;-0,6875;359,9375;3,121299982070923;0;0;100;10;0;
4,046;29,25;-0,6875;359,9375;3,121299982070923;0;0;100;10;0;
4,05;29,25;-0,6875;359,9375;3,121299982070923;0;0;100;10;0;
4,053;29,25;-0,6875;359,9375;3,121299982070923;0;0;100;10;0;
4,056;29,25;-0,6875;359,9375;3,121299982070923;0;0;100;10;0;
4,059;29,25;-0,6875;359,9375;3,121299982070923;0;0;100;10;0;
4,061;29,25;-0,6875;359,9375;3,121299982070923;0;0;100;10;0;
4,064;29,25;-0,6875;359,9375;3,121299982070923;0;0;100;10;0;
4,066;29,25;-0,6875;359,9375;3,121299982070923;0;0;100;10;0;
4,069;29,25;-0,6875;359,9375;3,121299982070923;0;0;100;10;0;
4,071;29,25;-0,6875;359,9375;3,121299982070923;0;0;100;10;0;
4,075;29,25;-0,6875;359,9375;3,121299982070923;0;0;100;10;0;
4,078;29,25;-0,6875;359,9375;3,121299982070923;0;0;100;10;0;
4,08;29,25;-0,6875;359,9375;3,121299982070923;0;0;100;10;0;
4,083;29,25;-0,6875;359,9375;3,121299982070923;0;0;100;10;0;
4,086;29,25;-0,6875;359,9375;3,121299982070923;0;0;100;10;0;
4,089;29,25;-0,6875;359,9375;3,121299982070923;0;0;100;10;0;
4,092;29,25;-0,6875;359,9375;3,121299982070923;0;0;100;10;0;
4,095;29,25;-0,6875;359,9375;3,121299982070923;0;0;100;10;0;
4,098;29,25;-0,6875;359,9375;3,121299982070923;0;0;100;10;0;
4,101;29,25;-0,6875;359,9375;3,121299982070923;0;0;100;10;0;
4,104;29,25;-0,6875;359,9375;3,121299982070923;0;0;100;10;0;
4,108;29,25;-0,6875;359,9375;3,121299982070923;0;0;100;10;0;
4,111;29,25;-0,6875;359,9375;3,121299982070923;0;0;100;10;0;
4,114;29,25;-0,6875;359,9375;3,121299982070923;0;0;100;10;0;
4,117;29,25;-0,6875;359,9375;3,121299982070923;0;0;100;10;0;
4,119;29,25;-0,6875;359,9375;3,121299982070923;0;0;100;10;0;
4,122;29,25;-0,6875;359,9375;3,121299982070923;0;0;100;10;0;
4,125;29,25;-0,6875;359,9375;3,121299982070923;0;0;100;10;0;
4,128;29,25;-0,6875;359,9375;3,121299982070923;0;0;100;10;0;
4,13;29,25;-0,6875;359,9375;3,121299982070923;0;0;100;10;0;
4,133;29,25;-0,6875;359,9375;3,121299982070923;0;0;100;10;0;
4,136;29,25;-0,6875;359,9375;3,121299982070923;0;0;100;10;0;
4,139;29,25;-0,6875;359,9375;3,121299982070923;0;0;100;10;0;
4,142;29,25;-0,6875;359,9375;3,121299982070923;0;0;100;10;0;
4,145;29,25;-0,6875;359,9375;3,121299982070923;0;0;100;10;0;
4,149;29,25;-0,6875;359,9375;3,121299982070923;0;0;100;10;0;
4,152;29,25;-0,6875;359,9375;3,121299982070923;0;0;100;10;0;
4,155;29,25;-0,6875;359,9375;3,1041500568389893;0;0;100;10;0;
4,159;29,25;-0,6875;359,9375;3,1041500568389893;0;0;100;10;0;
4,162;29,25;-0,6875;359,9375;3,1041500568389893;0;0;100;10;0;
4,165;29,25;-0,6875;359,9375;3,1041500568389893;0;0;100;10;0;
4,168;29,25;-0,6875;359,9375;3,1041500568389893;0;0;100;10;0;
4,17;29,25;-0,6875;359,9375;3,1041500568389893;0;0;100;10;0;
4,174;29,25;-0,6875;359,9375;3,1041500568389893;0;0;100;10;0;
4,177;29,25;-0,6875;359,9375;3,1041500568389893;0;0;100;10;0;
4,18;29,25;-0,6875;359,9375;3,1041500568389893;0;0;100;10;0;
4,182;29,25;-0,6875;359,9375;3,1041500568389893;0;0;100;10;0;
4,185;29,25;-0,6875;359,9375;3,1041500568389893;0;0;100;10;0;
4,188;29,25;-0,6875;359,9375;3,1041500568389893;0;0;100;10;0;
4,192;29,25;-0,6875;359,9375;3,1041500568389893;0;0;100;10;0;
4,195;29,25;-0,6875;359,9375;3,1041500568389893;0;0;100;10;0;
4,198;29,25;-0,6875;359,9375;3,1041500568389893;0;0;100;10;0;
4,2;29,25;-0,6875;359,9375;3,1041500568389893;0;0;100;10;0;
4,204;29,25;-0,6875;359,9375;3,1041500568389893;0;0;100;10;0;
4,207;29,25;-0,6875;359,9375;3,1041500568389893;0;0;100;10;0;
4,21;29,25;-0,6875;359,9375;3,1041500568389893;0;0;100;10;0;
4,213;29,25;-0,6875;359,9375;3,1041500568389893;0;0;100;10;0;
4,216;29,25;-0,6875;359,9375;3,121299982070923;0;0;100;10;0;
4,219;29,25;-0,6875;359,9375;3,121299982070923;0;0;100;10;0;
4,222;29,25;-0,6875;359,9375;3,121299982070923;0;0;100;10;0;
4,225;29,25;-0,6875;359,9375;3,121299982070923;0;0;100;10;0;
4,228;29,25;-0,6875;359,9375;3,121299982070923;0;0;100;10;0;
4,231;29,25;-0,6875;359,9375;3,121299982070923;0;0;100;10;0;
4,233;29,25;-0,6875;359,9375;3,121299982070923;0;0;100;10;0;
4,236;29,25;-0,6875;359,9375;3,121299982070923;0;0;100;10;0;
4,239;29,25;-0,6875;359,9375;3,121299982070923;0;0;100;10;0;
4,242;29,25;-0,6875;359,9375;3,121299982070923;0;0;100;10;0;
4,245;29,25;-0,6875;359,9375;3,121299982070923;0;0;100;10;0;
4,248;29,25;-0,6875;359,9375;3,121299982070923;0;0;100;10;0;
4,25;29,25;-0,6875;359,9375;3,121299982070923;0;0;100;10;0;
4,254;29,25;-0,6875;359,9375;3,121299982070923;0;0;100;10;0;
4,257;29,25;-0,6875;359,9375;3,121299982070923;0;0;100;10;0;
4,26;29,25;-0,6875;359,9375;3,121299982070923;0;0;100;10;0;
4,263;29,25;-0,6875;359,9375;3,121299982070923;0;0;100;10;0;
4,266;29,25;-0,6875;359,9375;3,121299982070923;0;0;100;10;0;
4,269;29,25;-0,6875;359,9375;3,121299982070923;0;0;100;10;0;
4,271;29,25;-0,6875;359,9375;3,121299982070923;0;0;100;10;0;
4,275;29,25;-0,6875;359,9375;3,121299982070923;0;0;100;10;0;
4,278;29,25;-0,6875;359,9375;3,121299982070923;0;0;100;10;0;
4,281;29,25;-0,6875;359,9375;3,121299982070923;0;0;100;10;0;
4,284;29,25;-0,6875;359,9375;3,121299982070923;0;0;100;10;0;
4,286;29,25;-0,6875;359,9375;3,121299982070923;0;0;100;10;0;
4,29;29,25;-0,6875;359,9375;3,121299982070923;0;0;100;10;0;
4,293;29,25;-0,6875;359,9375;3,121299982070923;0;0;100;10;0;
4,295;29,25;-0,6875;359,9375;3,121299982070923;0;0;100;10;0;
4,298;29,25;-0,6875;359,9375;3,121299982070923;0;0;100;10;0;
4,301;29,25;-0,6875;359,9375;3,121299982070923;0;0;100;10;0;
4,304;29,25;-0,6875;359,9375;3,121299982070923;0;0;100;10;0;
4,307;29,25;-0,6875;359,9375;3,121299982070923;0;0;100;10;0;
4,311;29,25;-0,6875;359,9375;3,121299982070923;0;0;100;10;0;
4,313;29,25;-0,6875;359,9375;3,121299982070923;0;0;100;10;0;
4,316;29,25;-0,6875;359,9375;3,121299982070923;0;0;100;10;0;
4,318;29,25;-0,6875;359,9375;3,121299982070923;0;0;100;10;0;
4,321;29,25;-0,6875;359,9375;3,121299982070923;0;0;100;10;0;
4,324;29,25;-0,6875;359,9375;3,121299982070923;0;0;100;10;0;
4,327;29,25;-0,6875;359,9375;3,121299982070923;0;0;100;10;0;
4,329;29,25;-0,6875;359,9375;3,121299982070923;0;0;100;10;0;
4,332;29,25;-0,6875;359,9375;3,121299982070923;0;0;100;10;0;
4,334;29,25;-0,6875;359,9375;3,121299982070923;0;0;100;10;0;
4,337;29,25;-0,6875;359,9375;3,121299982070923;0;0;100;10;0;
4,34;29,25;-0,6875;359,9375;3,121299982070923;0;0;100;10;0;
4,343;29,25;-0,6875;359,9375;3,121299982070923;0;0;100;10;0;
4,346;29,25;-0,6875;359,9375;3,121299982070923;0;0;100;10;0;
4,349;29,25;-0,6875;359,9375;3,121299982070923;0;0;100;10;0;
4,351;29,25;-0,6875;359,9375;3,121299982070923;0;0;100;10;0;
4,355;29,25;-0,6875;359,9375;3,121299982070923;0;0;100;10;0;
4,358;29,25;-0,6875;359,9375;3,121299982070923;0;0;100;10;0;
4,362;29,25;-0,6875;359,9375;3,121299982070923;0;0;100;10;0;
4,365;29,25;-0,6875;359,9375;3,121299982070923;0;0;100;10;0;
4,367;29,25;-0,6875;359,9375;3,121299982070923;0;0;100;10;0;
4,37;29,25;-0,6875;359,9375;3,121299982070923;0;0;100;10;0;
4,373;29,25;-0,6875;359,9375;3,121299982070923;0;0;100;10;0;
4,377;29,25;-0,6875;359,9375;3,121299982070923;0;0;100;10;0;
4,379;29,25;-0,6875;359,9375;3,121299982070923;0;0;100;10;0;
4,382;29,25;-0,6875;359,9375;3,121299982070923;0;0;100;10;0;
4,385;29,25;-0,6875;359,9375;3,121299982070923;0;0;100;10;0;
4,387;29,25;-0,6875;359,9375;3,121299982070923;0;0;100;10;0;
4,391;29,25;-0,6875;359,9375;3,121299982070923;0;0;100;10;0;
4,394;29,25;-0,6875;359,9375;3,121299982070923;0;0;100;10;0;
4,397;29,25;-0,6875;359,9375;3,121299982070923;0;0;100;10;0;
4,4;29,25;-0,6875;359,9375;3,121299982070923;0;0;100;10;0;
4,402;29,25;-0,6875;359,9375;3,121299982070923;0;0;100;10;0;
4,406;29,25;-0,6875;359,9375;3,121299982070923;0;0;100;10;0;
4,409;29,25;-0,6875;359,9375;3,121299982070923;0;0;100;10;0;
4,412;29,25;-0,6875;359,9375;3,121299982070923;0;0;100;10;0;
4,415;29,25;-0,6875;359,9375;3,121299982070923;0;0;100;10;0;
4,417;29,25;-0,6875;359,9375;3,121299982070923;0;0;100;10;0;
4,42;29,25;-0,6875;359,9375;3,121299982070923;0;0;100;10;0;
4,424;29,25;-0,6875;359,9375;3,121299982070923;0;0;100;10;0;
4,427;29,25;-0,6875;359,9375;3,121299982070923;0;0;100;10;0;
4,43;29,25;-0,6875;359,9375;3,121299982070923;0;0;100;10;0;
4,432;29,25;-0,6875;359,9375;3,121299982070923;0;0;100;10;0;
4,435;29,25;-0,6875;359,9375;3,121299982070923;0;0;100;10;0;
4,437;29,25;-0,6875;359,9375;3,121299982070923;0;0;100;10;0;
4,441;29,25;-0,6875;359,9375;3,121299982070923;0;0;100;10;0;
4,443;29,25;-0,6875;359,9375;3,121299982070923;0;0;100;10;0;
4,446;29,25;-0,6875;359,9375;3,121299982070923;0;0;100;10;0;
4,448;29,25;-0,6875;359,9375;3,121299982070923;0;0;100;10;0;
4,451;29,25;-0,6875;359,9375;3,121299982070923;0;0;100;10;0;
4,454;29,25;-0,6875;359,9375;3,121299982070923;0;0;100;10;0;
4,457;29,25;-0,6875;359,9375;3,121299982070923;0;0;100;10;0;
4,461;29,25;-0,6875;359,9375;3,121299982070923;0;0;100;10;0;
4,464;29,25;-0,6875;359,9375;3,121299982070923;0;0;100;10;0;
4,467;29,25;-0,6875;359,9375;3,121299982070923;0;0;100;10;0;
4,469;29,25;-0,6875;359,9375;3,121299982070923;0;0;100;10;0;
4,472;29,25;-0,6875;359,9375;3,121299982070923;0;0;100;10;0;
4,476;29,25;-0,6875;359,9375;3,121299982070923;0;0;100;10;0;
4,479;29,25;-0,6875;359,9375;3,121299982070923;0;0;100;10;0;
4,481;29,25;-0,6875;359,9375;3,121299982070923;0;0;100;10;0;
4,484;29,25;-0,6875;359,9375;3,121299982070923;0;0;100;10;0;
4,487;29,25;-0,6875;359,9375;3,121299982070923;0;0;100;10;0;
4,49;29,25;-0,6875;359,9375;3,121299982070923;0;0;100;10;0;
4,494;29,25;-0,6875;359,9375;3,121299982070923;0;0;100;10;0;
4,497;29,25;-0,6875;359,9375;3,121299982070923;0;0;100;10;0;
4,499;29,25;-0,6875;359,9375;3,121299982070923;0;0;100;10;0;
4,502;29,25;-0,6875;359,9375;3,121299982070923;0;0;100;10;0;
4,505;29,25;-0,6875;359,9375;3,121299982070923;0;0;100;10;0;
4,508;29,25;-0,6875;359,9375;3,121299982070923;0;0;100;10;0;
4,511;29,25;-0,6875;359,9375;3,121299982070923;0;0;100;10;0;
4,514;29,25;-0,6875;359,9375;3,121299982070923;0;0;100;10;0;
4,517;29,25;-0,6875;359,9375;3,121299982070923;0;0;100;10;0;
4,519;29,25;-0,6875;359,9375;3,121299982070923;0;0;100;10;0;
4,522;29,25;-0,6875;359,9375;3,121299982070923;0;0;100;10;0;
4,525;29,25;-0,6875;359,9375;3,121299982070923;0;0;100;10;0;
4,528;29,25;-0,6875;359,9375;3,121299982070923;0;0;100;10;0;
4,531;29,25;-0,6875;359,9375;3,121299982070923;0;0;100;10;0;
4,533;29,25;-0,6875;359,9375;3,121299982070923;0;0;100;10;0;
4,536;29,25;-0,6875;359,9375;3,121299982070923;0;0;100;10;0;
4,539;29,25;-0,6875;359,9375;3,121299982070923;0;0;100;10;0;
4,542;29,25;-0,6875;359,9375;3,121299982070923;0;0;100;10;0;
4,545;29,25;-0,6875;359,9375;3,121299982070923;0;0;100;10;0;
4,548;29,25;-0,6875;359,9375;3,121299982070923;0;0;100;10;0;
4,551;29,25;-0,6875;359,9375;3,121299982070923;0;0;100;10;0;
4,554;29,25;-0,6875;359,9375;3,121299982070923;0;0;100;10;0;
4,558;29,25;-0,6875;359,9375;3,121299982070923;0;0;100;10;0;
4,561;29,25;-0,6875;359,9375;3,121299982070923;0;0;100;10;0;
4,564;29,25;-0,6875;359,9375;3,121299982070923;0;0;100;10;0;
4,567;29,25;-0,6875;359,9375;3,121299982070923;0;0;100;10;0;
4,569;29,25;-0,6875;359,9375;3,121299982070923;0;0;100;10;0;
4,572;29,25;-0,6875;359,9375;3,121299982070923;0;0;100;10;0;
4,575;29,25;-0,6875;359,9375;3,121299982070923;0;0;100;10;0;
4,578;29,25;-0,6875;359,9375;3,121299982070923;0;0;100;10;0;
4,581;29,25;-0,6875;359,9375;3,121299982070923;0;0;100;10;0;
4,583;29,25;-0,6875;359,9375;3,121299982070923;0;0;100;10;0;
4,586;29,25;-0,6875;359,9375;3,121299982070923;0;0;100;10;0;
4,589;29,25;-0,6875;359,9375;3,121299982070923;0;0;100;10;0;
4,592;29,25;-0,6875;359,9375;3,121299982070923;0;0;100;10;0;
4,595;29,25;-0,6875;359,9375;3,121299982070923;0;0;100;10;0;
4,598;29,25;-0,6875;359,9375;3,121299982070923;0;0;100;10;0;
4,6;29,25;-0,6875;359,9375;3,121299982070923;0;0;100;10;0;
4,603;29,25;-0,6875;359,9375;3,121299982070923;0;0;100;10;0;
4,606;29,25;-0,6875;359,9375;3,121299982070923;0;0;100;10;0;
4,609;29,25;-0,6875;359,9375;3,121299982070923;0;0;100;10;0;
4,612;29,25;-0,6875;359,9375;3,121299982070923;0;0;100;10;0;
4,615;29,25;-0,6875;359,9375;3,121299982070923;0;0;100;10;0;
4,618;29,25;-0,6875;359,9375;3,121299982070923;0;0;100;10;0;
4,62;29,25;-0,6875;359,9375;3,121299982070923;0;0;100;10;0;
4,623;29,25;-0,6875;359,9375;3,121299982070923;0;0;100;10;0;
4,626;29,25;-0,6875;359,9375;3,121299982070923;0;0;100;10;0;
4,628;29,25;-0,6875;359,9375;3,121299982070923;0;0;100;10;0;
4,631;29,25;-0,6875;359,9375;3,121299982070923;0;0;100;10;0;
4,633;29,25;-0,6875;359,9375;3,121299982070923;0;0;100;10;0;
4,636;29,25;-0,6875;359,9375;3,1041500568389893;0;0;100;10;0;
4,639;29,25;-0,6875;359,9375;3,1041500568389893;0;0;100;10;0;
4,642;29,25;-0,6875;359,9375;3,1041500568389893;0;0;100;10;0;
4,644;29,25;-0,6875;359,9375;3,1041500568389893;0;0;100;10;0;
4,647;29,25;-0,6875;359,9375;3,1041500568389893;0;0;100;10;0;
4,65;29,25;-0,6875;359,9375;3,1041500568389893;0;0;100;10;0;
4,653;29,25;-0,6875;359,9375;3,1041500568389893;0;0;100;10;0;
4,656;29,25;-0,6875;359,9375;3,1041500568389893;0;0;100;10;0;
4,659;29,25;-0,6875;359,9375;3,1041500568389893;0;0;100;10;0;
4,662;29,25;-0,6875;359,9375;3,1041500568389893;0;0;100;10;0;
4,665;29,25;-0,6875;359,9375;3,1041500568389893;0;0;100;10;0;
4,668;29,25;-0,6875;359,9375;3,1041500568389893;0;0;100;10;0;
4,671;29,25;-0,6875;359,9375;3,1041500568389893;0;0;100;10;0;
4,674;29,25;-0,6875;359,9375;3,1041500568389893;0;0;100;10;0;
4,677;29,25;-0,6875;359,9375;3,1041500568389893;0;0;100;10;0;
4,679;29,25;-0,6875;359,9375;3,1041500568389893;0;0;100;10;0;
4,682;29,25;-0,6875;359,9375;3,1041500568389893;0;0;100;10;0;
4,685;29,25;-0,6875;359,9375;3,1041500568389893;0;0;100;10;0;
4,687;29,25;-0,6875;359,9375;3,1041500568389893;0;0;100;10;0;
4,69;29,25;-0,6875;359,9375;3,1041500568389893;0;0;100;10;0;
4,693;29,25;-0,6875;359,9375;3,1041500568389893;0;0;100;10;0;
4,696;29,25;-0,6875;359,9375;3,121299982070923;0;0;100;10;0;
4,699;29,25;-0,6875;359,9375;3,121299982070923;0;0;100;10;0;
4,701;29,25;-0,6875;359,9375;3,121299982070923;0;0;100;10;0;
4,704;29,25;-0,6875;359,9375;3,121299982070923;0;0;100;10;0;
4,707;29,25;-0,6875;359,9375;3,121299982070923;0;0;100;10;0;
4,711;29,25;-0,6875;359,9375;3,121299982070923;0;0;100;10;0;
4,713;29,25;-0,6875;359,9375;3,121299982070923;0;0;100;10;0;
4,716;29,25;-0,6875;359,9375;3,121299982070923;0;0;100;10;0;
4,718;29,25;-0,6875;359,9375;3,121299982070923;0;0;100;10;0;
4,721;29,25;-0,6875;359,9375;3,121299982070923;0;0;100;10;0;
4,724;29,25;-0,6875;359,9375;3,121299982070923;0;0;100;10;0;
4,727;29,25;-0,6875;359,9375;3,121299982070923;0;0;100;10;0;
4,729;29,25;-0,6875;359,9375;3,121299982070923;0;0;100;10;0;
4,732;29,25;-0,6875;359,9375;3,121299982070923;0;0;100;10;0;
4,735;29,25;-0,6875;359,9375;3,121299982070923;0;0;100;10;0;
4,737;29,25;-0,6875;359,9375;3,121299982070923;0;0;100;10;0;
4,741;29,25;-0,6875;359,9375;3,121299982070923;0;0;100;10;0;
4,743;29,25;-0,6875;359,9375;3,121299982070923;0;0;100;10;0;
4,746;29,25;-0,6875;359,9375;3,121299982070923;0;0;100;10;0;
4,749;29,25;-0,6875;359,9375;3,121299982070923;0;0;100;10;0;
4,751;29,25;-0,6875;359,9375;3,121299982070923;0;0;100;10;0;
4,754;29,25;-0,6875;359,9375;3,121299982070923;0;0;100;10;0;
4,757;29,25;-0,6875;359,9375;3,121299982070923;0;0;100;10;0;
4,761;29,25;-0,6875;359,9375;3,121299982070923;0;0;100;10;0;
4,764;29,25;-0,6875;359,9375;3,121299982070923;0;0;100;10;0;
4,767;29,25;-0,6875;359,9375;3,121299982070923;0;0;100;10;0;
4,769;29,25;-0,6875;359,9375;3,121299982070923;0;0;100;10;0;
4,772;29,25;-0,6875;359,9375;3,121299982070923;0;0;100;10;0;
4,775;29,25;-0,6875;359,9375;3,121299982070923;0;0;100;10;0;
4,778;29,25;-0,6875;359,9375;3,121299982070923;0;0;100;10;0;
4,781;29,25;-0,6875;359,9375;3,121299982070923;0;0;100;10;0;
4,783;29,25;-0,6875;359,9375;3,121299982070923;0;0;100;10;0;
4,786;29,25;-0,6875;359,9375;3,121299982070923;0;0;100;10;0;
4,789;29,25;-0,6875;359,9375;3,121299982070923;0;0;100;10;0;
4,792;29,25;-0,6875;359,9375;3,121299982070923;0;0;100;10;0;
4,795;29,25;-0,6875;359,9375;3,121299982070923;0;0;100;10;0;
4,798;29,25;-0,6875;359,9375;3,121299982070923;0;0;100;10;0;
4,8;29,25;-0,6875;359,9375;3,121299982070923;0;0;100;10;0;
4,803;29,25;-0,6875;359,9375;3,121299982070923;0;0;100;10;0;
4,806;29,25;-0,6875;359,9375;3,121299982070923;0;0;100;10;0;
4,809;29,25;-0,6875;359,9375;3,121299982070923;0;0;100;10;0;
4,812;29,25;-0,6875;359,9375;3,121299982070923;0;0;100;10;0;
4,815;29,25;-0,6875;359,9375;3,121299982070923;0;0;100;10;0;
4,818;29,25;-0,6875;359,9375;3,121299982070923;0;0;100;10;0;
4,821;29,25;-0,6875;359,9375;3,121299982070923;0;0;100;10;0;
4,824;29,25;-0,6875;359,9375;3,121299982070923;0;0;100;10;0;
4,827;29,25;-0,6875;359,9375;3,121299982070923;0;0;100;10;0;
4,829;29,25;-0,6875;359,9375;3,121299982070923;0;0;100;10;0;
4,832;29,25;-0,6875;359,9375;3,121299982070923;0;0;100;10;0;
4,834;29,25;-0,6875;359,9375;3,121299982070923;0;0;100;10;0;
4,837;29,25;-0,6875;359,9375;3,121299982070923;0;0;100;10;0;
4,841;29,25;-0,6875;359,9375;3,121299982070923;0;0;100;10;0;
4,844;29,25;-0,6875;359,9375;3,121299982070923;0;0;100;10;0;
4,847;29,25;-0,6875;359,9375;3,121299982070923;0;0;100;10;0;
4,85;29,25;-0,6875;359,9375;3,121299982070923;0;0;100;10;0;
4,853;29,25;-0,6875;359,9375;3,121299982070923;0;0;100;10;0;
4,855;29,25;-0,6875;359,9375;3,121299982070923;0;0;100;10;0;
4,859;29,25;-0,6875;359,9375;3,121299982070923;0;0;100;10;0;
4,861;29,25;-0,6875;359,9375;3,121299982070923;0;0;100;10;0;
4,865;29,25;-0,6875;359,9375;3,121299982070923;0;0;100;10;0;
4,868;29,25;-0,6875;359,9375;3,121299982070923;0;0;100;10;0;
4,87;29,25;-0,6875;359,9375;3,121299982070923;0;0;100;10;0;
4,873;29,25;-0,6875;359,9375;3,121299982070923;0;0;100;10;0;
4,876;29,25;-0,6875;359,9375;3,121299982070923;0;0;100;10;0;
4,879;29,25;-0,6875;359,9375;3,121299982070923;0;0;100;10;0;
4,882;29,25;-0,6875;359,9375;3,121299982070923;0;0;100;10;0;
4,884;29,25;-0,6875;359,9375;3,121299982070923;0;0;100;10;0;
4,887;29,25;-0,6875;359,9375;3,121299982070923;0;0;100;10;0;
4,89;29,25;-0,6875;359,9375;3,121299982070923;0;0;100;10;0;
4,893;29,25;-0,6875;359,9375;3,121299982070923;0;0;100;10;0;
4,896;29,25;-0,6875;359,9375;3,121299982070923;0;0;100;10;0;
4,899;29,25;-0,6875;359,9375;3,121299982070923;0;0;100;10;0;
4,902;29,25;-0,6875;359,9375;3,121299982070923;0;0;100;10;0;
4,904;29,25;-0,6875;359,9375;3,121299982070923;0;0;100;10;0;
4,908;29,25;-0,6875;359,9375;3,121299982070923;0;0;100;10;0;
4,911;29,25;-0,6875;359,9375;3,121299982070923;0;0;100;10;0;
4,913;29,25;-0,6875;359,9375;3,121299982070923;0;0;100;10;0;
4,917;29,25;-0,6875;359,9375;3,121299982070923;0;0;100;10;0;
4,919;29,25;-0,6875;359,9375;3,121299982070923;0;0;100;10;0;
4,922;29,25;-0,6875;359,9375;3,121299982070923;0;0;100;10;0;
4,926;29,25;-0,6875;359,9375;3,121299982070923;0;0;100;10;0;
4,929;29,25;-0,6875;359,9375;3,121299982070923;0;0;100;10;0;
4,931;29,25;-0,6875;359,9375;3,121299982070923;0;0;100;10;0;
4,934;29,25;-0,6875;359,9375;3,121299982070923;0;0;100;10;0;
4,937;29,25;-0,6875;359,9375;3,121299982070923;0;0;100;10;0;
4,94;29,25;-0,6875;359,9375;3,121299982070923;0;0;100;10;0;
4,943;29,25;-0,6875;359,9375;3,121299982070923;0;0;100;10;0;
4,947;29,25;-0,6875;359,9375;3,121299982070923;0;0;100;10;0;
4,949;29,25;-0,6875;359,9375;3,121299982070923;0;0;100;10;0;
4,952;29,25;-0,6875;359,9375;3,121299982070923;0;0;100;10;0;
4,955;29,25;-0,6875;359,9375;3,121299982070923;0;0;100;10;0;
4,958;29,25;-0,6875;359,9375;3,121299982070923;0;0;100;10;0;
4,962;29,25;-0,6875;359,9375;3,121299982070923;0;0;100;10;0;
4,964;29,25;-0,6875;359,9375;3,121299982070923;0;0;100;10;0;
4,968;29,25;-0,6875;359,9375;3,121299982070923;0;0;100;10;0;
4,971;29,25;-0,6875;359,9375;3,121299982070923;0;0;100;10;0;
4,974;29,25;-0,6875;359,9375;3,121299982070923;0;0;100;10;0;
4,977;29,25;-0,6875;359,9375;3,121299982070923;0;0;100;10;0;
4,98;29,25;-0,6875;359,9375;3,121299982070923;0;0;100;10;0;
4,983;29,25;-0,6875;359,9375;3,121299982070923;0;0;100;10;0;
4,986;29,25;-0,6875;359,9375;3,121299982070923;0;0;100;10;0;
4,989;29,25;-0,6875;359,9375;3,121299982070923;0;0;100;10;0;
4,992;29,25;-0,6875;359,9375;3,121299982070923;0;0;100;10;0;
4,995;29,25;-0,6875;359,9375;3,121299982070923;0;0;100;10;0;
4,997;29,25;-0,6875;359,9375;3,121299982070923;0;0;100;10;0;
5;29,25;-0,6875;359,9375;3,121299982070923;0;0;100;10;0;
5,003;29,25;-0,6875;359,9375;3,121299982070923;0;0;100;10;0;
5,006;29,25;-0,6875;359,9375;3,121299982070923;0;0;100;10;0;
5,009;29,25;-0,6875;359,9375;3,121299982070923;0;0;100;10;0;
5,012;29,25;-0,6875;359,9375;3,121299982070923;0;0;100;10;0;
5,014;29,25;-0,6875;359,9375;3,121299982070923;0;0;100;10;0;
5,018;29,25;-0,6875;359,9375;3,121299982070923;0;0;100;10;0;
5,021;29,25;-0,6875;359,9375;3,121299982070923;0;0;100;10;0;
5,024;29,25;-0,6875;359,9375;3,121299982070923;0;0;100;10;0;
5,027;29,25;-0,6875;359,9375;3,121299982070923;0;0;100;10;0;
5,03;29,25;-0,6875;359,9375;3,121299982070923;0;0;100;10;0;
5,032;29,25;-0,6875;359,9375;3,121299982070923;0;0;100;10;0;
5,035;29,25;-0,6875;359,9375;3,121299982070923;0;0;100;10;0;
5,038;29,25;-0,6875;359,9375;3,121299982070923;0;0;100;10;0;
5,042;29,25;-0,6875;359,9375;3,121299982070923;0;0;100;10;0;
5,045;29,25;-0,6875;359,9375;3,121299982070923;0;0;100;10;0;
5,048;29,25;-0,6875;359,9375;3,121299982070923;0;0;100;10;0;
5,051;29,25;-0,6875;359,9375;3,121299982070923;0;0;100;10;0;
5,054;29,25;-0,6875;359,9375;3,121299982070923;0;0;100;10;0;
5,058;29,25;-0,6875;359,9375;3,121299982070923;0;0;100;10;0;
5,061;29,25;-0,6875;359,9375;3,121299982070923;0;0;100;10;0;
5,063;29,25;-0,6875;359,9375;3,121299982070923;0;0;100;10;0;
5,067;29,25;-0,6875;359,9375;3,121299982070923;0;0;100;10;0;
5,07;29,25;-0,6875;359,9375;3,121299982070923;0;0;100;10;0;
5,073;29,25;-0,6875;359,9375;3,121299982070923;0;0;100;10;0;
5,076;29,25;-0,6875;359,9375;3,121299982070923;0;0;100;10;0;
5,079;29,25;-0,6875;359,9375;3,121299982070923;0;0;100;10;0;
5,082;29,25;-0,6875;359,9375;3,121299982070923;0;0;100;10;0;
5,085;29,25;-0,6875;359,9375;3,121299982070923;0;0;100;10;0;
5,088;29,25;-0,6875;359,9375;3,121299982070923;0;0;100;10;0;
5,091;29,25;-0,6875;359,9375;3,121299982070923;0;0;100;10;0;
5,094;29,25;-0,6875;359,9375;3,121299982070923;0;0;100;10;0;
5,096;29,25;-0,6875;359,9375;3,121299982070923;0;0;100;10;0;
5,099;29,25;-0,6875;359,9375;3,121299982070923;0;0;100;10;0;
5,102;29,25;-0,6875;359,9375;3,121299982070923;0;0;100;10;0;
5,104;29,25;-0,6875;359,9375;3,121299982070923;0;0;100;10;0;
5,107;29,25;-0,6875;359,9375;3,121299982070923;0;0;100;10;0;
5,11;29,25;-0,6875;359,9375;3,121299982070923;0;0;100;10;0;
5,113;29,25;-0,6875;359,9375;3,121299982070923;0;0;100;10;0;
5,115;29,25;-0,6875;359,9375;3,121299982070923;0;0;100;10;0;
5,119;29,25;-0,6875;359,9375;3,121299982070923;0;0;100;10;0;
5,121;29,25;-0,6875;359,9375;3,121299982070923;0;0;100;10;0;
5,125;29,25;-0,6875;359,9375;3,121299982070923;0;0;100;10;0;
5,127;29,25;-0,6875;359,9375;3,121299982070923;0;0;100;10;0;
5,13;29,25;-0,6875;359,9375;3,121299982070923;0;0;100;10;0;
5,132;29,25;-0,6875;359,9375;3,121299982070923;0;0;100;10;0;
5,135;29,25;-0,6875;359,9375;3,121299982070923;0;0;100;10;0;
5,138;29,25;-0,6875;359,9375;3,121299982070923;0;0;100;10;0;
5,141;29,25;-0,6875;359,9375;3,121299982070923;0;0;100;10;0;
5,144;29,25;-0,6875;359,9375;3,121299982070923;0;0;100;10;0;
5,146;29,25;-0,6875;359,9375;3,121299982070923;0;0;100;10;0;
5,15;29,25;-0,6875;359,9375;3,121299982070923;0;0;100;10;0;
5,152;29,25;-0,6875;359,9375;3,121299982070923;0;0;100;10;0;
5,155;29,25;-0,6875;359,9375;3,121299982070923;0;0;100;10;0;
5,158;29,25;-0,6875;359,9375;3,121299982070923;0;0;100;10;0;
5,161;29,25;-0,6875;359,9375;3,121299982070923;0;0;100;10;0;
5,164;29,25;-0,6875;359,9375;3,121299982070923;0;0;100;10;0;
5,166;29,25;-0,6875;359,9375;3,121299982070923;0;0;100;10;0;
5,17;29,25;-0,6875;359,9375;3,121299982070923;0;0;100;10;0;
5,173;29,25;-0,6875;359,9375;3,121299982070923;0;0;100;10;0;
5,176;29,25;-0,6875;359,9375;3,121299982070923;0;0;100;10;0;
5,179;29,25;-0,6875;359,9375;3,121299982070923;0;0;100;10;0;
5,182;29,25;-0,6875;359,9375;3,121299982070923;0;0;100;10;0;
5,186;29,25;-0,6875;359,9375;3,121299982070923;0;0;100;10;0;
5,189;29,25;-0,6875;359,9375;3,121299982070923;0;0;100;10;0;
5,192;29,25;-0,6875;359,9375;3,121299982070923;0;0;100;10;0;
5,195;29,25;-0,6875;359,9375;3,121299982070923;0;0;100;10;0;
5,198;29,25;-0,6875;359,9375;3,121299982070923;0;0;100;10;0;
5,201;29,25;-0,6875;359,9375;3,121299982070923;0;0;100;10;0;
5,203;29,25;-0,6875;359,9375;3,121299982070923;0;0;100;10;0;
5,207;29,25;-0,6875;359,9375;3,121299982070923;0;0;100;10;0;
5,21;29,25;-0,6875;359,9375;3,121299982070923;0;0;100;10;0;
5,213;29,25;-0,6875;359,9375;3,121299982070923;0;0;100;10;0;
5,217;29,25;-0,6875;359,9375;3,121299982070923;0;0;100;10;0;
5,22;29,25;-0,6875;359,9375;3,121299982070923;0;0;100;10;0;
5,223;29,25;-0,6875;359,9375;3,121299982070923;0;0;100;10;0;
5,226;29,25;-0,6875;359,9375;3,121299982070923;0;0;100;10;0;
5,23;29,25;-0,6875;359,9375;3,121299982070923;0;0;100;10;0;
5,233;29,25;-0,6875;359,9375;3,121299982070923;0;0;100;10;0;
5,236;29,25;-0,6875;359,9375;3,1041500568389893;0;0;100;10;0;
5,24;29,25;-0,6875;359,9375;3,1041500568389893;0;0;100;10;0;
5,243;29,25;-0,6875;359,9375;3,1041500568389893;0;0;100;10;0;
5,245;29,25;-0,6875;359,9375;3,1041500568389893;0;0;100;10;0;
5,248;29,25;-0,6875;359,9375;3,1041500568389893;0;0;100;10;0;
5,25;29,25;-0,6875;359,9375;3,1041500568389893;0;0;100;10;0;
5,253;29,25;-0,6875;359,9375;3,1041500568389893;0;0;100;10;0;
5,256;29,25;-0,6875;359,9375;3,1041500568389893;0;0;100;10;0;
5,259;29,25;-0,6875;359,9375;3,1041500568389893;0;0;100;10;0;
5,265;29,25;-0,6875;359,9375;3,1041500568389893;0;0;100;10;1;
5,268;29,25;-0,6875;359,9375;3,1041500568389893;0;0;100;10;1;
5,271;29,25;-0,6875;359,9375;3,1041500568389893;0;0;100;10;1;
5,275;29,25;-0,6875;359,9375;3,1041500568389893;0;0;100;10;1;
5,278;29,25;-0,6875;359,9375;3,1041500568389893;0;0;100;10;1;
5,281;29,25;-0,6875;359,9375;3,1041500568389893;0;0;100;10;1;
5,285;29,25;-0,6875;359,9375;3,1041500568389893;0;0;100;10;1;
5,288;29,25;-0,6875;359,9375;3,1041500568389893;0;0;100;10;1;
5,291;29,25;-0,6875;359,9375;3,1041500568389893;0;0;100;10;1;
5,294;29,25;-0,6875;359,9375;3,1041500568389893;0;0;100;10;1;
5,298;29,25;-0,6875;359,9375;3,121299982070923;0;0;100;10;1;
5,3;29,25;-0,6875;359,9375;3,121299982070923;0;0;100;10;1;
5,303;29,25;-0,6875;359,9375;3,121299982070923;0;0;100;10;1;
5,306;29,25;-0,6875;359,9375;3,121299982070923;0;0;100;10;1;
5,31;29,25;-0,6875;359,9375;3,121299982070923;0;0;100;10;1;
5,313;29,25;-0,6875;359,9375;3,121299982070923;0;0;100;10;1;
5,315;29,25;-0,6875;359,9375;3,121299982070923;0;0;100;10;1;
5,318;29,25;-0,625;359,9375;3,121299982070923;0;0;100;10;1;
5,321;29,25;-0,625;359,9375;3,121299982070923;0;0;100;10;1;
5,324;29,25;-0,625;359,9375;3,121299982070923;0;0;100;10;1;
5,327;29,25;-0,5625;359,8125;3,121299982070923;0;0;100;10;1;
5,33;29,25;-0,5625;359,8125;3,121299982070923;0;0;100;10;1;
5,333;29,25;-0,5625;359,8125;3,121299982070923;0;0;100;10;1;
5,335;29,1875;-0,25;359,5625;3,121299982070923;0;0;100;10;1;
5,338;29,1875;-0,25;359,5625;3,121299982070923;0;0;100;10;1;
5,341;29,1875;-0,25;359,5625;3,121299982070923;0;0;100;10;1;
5,344;29,1875;-0,25;359,5625;3,121299982070923;0;0;100;10;1;
5,347;29;0,3125;359,25;3,121299982070923;0;0;100;10;1;
5,349;29;0,3125;359,25;3,121299982070923;0;0;100;10;1;
5,352;29;0,3125;359,25;3,121299982070923;0;0;100;10;1;
5,354;29;0,3125;359,25;3,121299982070923;0;0;100;10;1;
5,357;28,5625;1,25;358,875;3,121299982070923;0;0;100;10;1;
5,361;28,5625;1,25;358,875;3,121299982070923;0;0;100;10;1;
5,364;28,5625;1,25;358,875;3,121299982070923;0;0;100;10;1;
5,367;27,875;2,5;358,5;3,121299982070923;0;0;100;10;1;
5,369;27,875;2,5;358,5;3,121299982070923;0;0;100;10;1;
5,372;27,875;2,5;358,5;3,121299982070923;0;0;100;10;1;
5,375;27,875;2,5;358,5;3,121299982070923;0;0;100;10;1;
5,379;26,875;4,1875;358,125;3,121299982070923;0;0;100;10;1;
5,382;26,875;4,1875;358,125;3,121299982070923;0;0;100;10;1;
5,386;25,5625;6,1875;357,6875;3,121299982070923;0;0;100;10;1;
5,389;25,5625;6,1875;357,6875;3,121299982070923;0;0;100;10;1;
5,392;25,5625;6,1875;357,6875;3,121299982070923;0;0;100;10;1;
5,395;25,5625;6,1875;357,6875;3,121299982070923;0;0;100;10;1;
5,398;23,9375;8,5625;357,3125;3,121299982070923;0;0;100;10;1;
5,402;23,9375;8,5625;357,3125;3,121299982070923;0;0;100;10;1;
5,404;23,9375;8,5625;357,3125;3,121299982070923;0;0;100;10;1;
5,407;22;11,25;356,9375;3,121299982070923;0;0;100;10;1;
5,411;22;11,25;356,9375;3,121299982070923;0;0;100;10;1;
5,414;22;11,25;356,9375;3,121299982070923;0;0;100;10;1;
5,416;22;11,25;356,9375;2,658249855041504;0;0;100;10;1;
5,419;19,6875;14,1875;356,5625;2,658249855041504;0;0;100;10;1;
5,422;19,6875;14,1875;356,5625;2,658249855041504;0;0;100;10;1;
5,425;19,6875;14,1875;356,5625;2,658249855041504;0;0;100;10;1;
5,429;17,0625;17,4375;356,125;2,658249855041504;0;0;100;10;1;
5,432;17,0625;17,4375;356,125;2,658249855041504;0;0;100;10;1;
5,434;17,0625;17,4375;356,125;2,658249855041504;0;0;100;10;1;
5,437;14,125;20,875;355,75;2,658249855041504;0;0;100;10;1;
5,44;14,125;20,875;355,75;2,658249855041504;0;0;100;10;1;
5,444;14,125;20,875;355,75;2,658249855041504;0;0;100;10;1;
5,446;10,875;24,5625;355,3125;2,658249855041504;0;0;100;10;1;
5,45;10,875;24,5625;355,3125;2,658249855041504;0;0;100;10;1;
5,453;10,875;24,5625;355,3125;2,658249855041504;0;0;100;10;1;
5,456;10,875;24,5625;355,3125;2,658249855041504;0;0;100;10;1;
5,459;7,25;28,375;354,9375;2,658249855041504;0;0;100;10;1;
5,463;7,25;28,375;354,9375;2,658249855041504;0;0;100;10;1;
5,466;7,25;28,375;354,9375;2,658249855041504;0;0;100;10;1;
5,468;3,5;31,125;354,5;2,658249855041504;0;0;100;10;1;
5,471;3,5;31,125;354,5;2,658249855041504;0;0;100;10;1;
5,474;3,5;31,125;354,5;2,658249855041504;0;0;100;10;1;
5,478;0;31,75;354;3,532899856567383;0;0;100;10;1;
5,481;0;31,75;354;3,532899856567383;0;0;100;10;1;
5,484;0;31,75;354;3,532899856567383;0;0;100;10;1;
5,487;-3,5;30,625;353,4375;3,532899856567383;0;0;100;10;1;
5,489;-3,5;30,625;353,4375;3,532899856567383;0;0;100;10;1;
5,493;-3,5;30,625;353,4375;3,532899856567383;0;0;100;10;1;
5,496;-7,1875;28,3125;353,0625;3,532899856567383;0;0;100;10;1;
5,499;-7,1875;28,3125;353,0625;3,532899856567383;0;0;100;10;1;
5,501;-7,1875;28,3125;353,0625;3,532899856567383;0;0;100;10;1;
5,504;-7,1875;28,3125;353,0625;3,532899856567383;0;0;100;10;1;
5,507;-10,9375;26,1875;352,6875;3,532899856567383;0;0;100;10;1;
5,511;-10,9375;26,1875;352,6875;3,532899856567383;0;0;100;10;1;
5,513;-10,9375;26,1875;352,6875;3,532899856567383;0;0;100;10;1;
5,516;-10,9375;26,1875;352,6875;3,532899856567383;0;0;100;10;1;
5,518;-14,8125;23,5;352,3125;3,532899856567383;0;0;100;10;1;
5,521;-14,8125;23,5;352,3125;3,532899856567383;0;0;100;10;1;
5,524;-14,8125;23,5;352,3125;3,532899856567383;0;0;100;10;1;
5,527;-14,8125;20,6875;352;3,532899856567383;0;0;100;10;1;
5,53;-19;20,6875;352;3,532899856567383;0;0;100;10;1;
5,533;-19;20,6875;352;3,532899856567383;0;0;100;10;1;
5,536;-23,5625;18,3125;351,5625;6,2083001136779785;0;0;100;10;1;
5,538;-23,5625;18,3125;351,5625;6,2083001136779785;0;0;100;10;1;
5,541;-23,5625;18,3125;351,5625;6,2083001136779785;0;0;100;10;1;
5,545;-23,5625;18,3125;351,5625;6,2083001136779785;0;0;100;10;1;
5,548;-27;15,75;350,875;6,2083001136779785;0;0;100;10;1;
5,551;-27;15,75;350,875;6,2083001136779785;0;0;100;10;1;
5,553;-27;15,75;350,875;6,2083001136779785;0;0;100;10;1;
5,556;-27;15,75;350,875;6,2083001136779785;0;0;100;10;1;
5,559;-29,25;12,8125;350,0625;6,2083001136779785;0;0;100;10;1;
5,563;-29,25;12,8125;350,0625;6,2083001136779785;0;0;100;10;1;
5,566;-29,25;12,8125;350,0625;6,2083001136779785;0;0;100;10;1;
5,568;-30,375;9,375;349,1875;6,2083001136779785;0;0;100;10;1;
5,571;-30,375;9,375;349,1875;6,2083001136779785;0;0;100;10;1;
5,574;-30,375;9,375;349,1875;6,2083001136779785;0;0;100;10;1;
5,578;-30,625;6,0625;348,0625;6,2083001136779785;0;0;100;10;1;
5,581;-30,625;6,0625;348,0625;6,2083001136779785;0;0;100;10;1;
5,584;-30,625;6,0625;348,0625;6,2083001136779785;0;0;100;10;1;
5,587;-30,4375;3,5625;346,5625;6,2083001136779785;0;0;100;10;1;
5,59;-30,4375;3,5625;346,5625;6,2083001136779785;0;0;100;10;1;
5,593;-30,4375;3,5625;346,5625;6,2083001136779785;0;0;100;10;1;
5,597;-29,8125;1,3125;344,9375;2,658249855041504;0;0;100;10;1;
5,6;-29,8125;1,3125;344,9375;2,658249855041504;0;0;100;10;1;
5,602;-29,8125;1,3125;344,9375;2,658249855041504;0;0;100;10;1;
5,605;-29,8125;1,3125;344,9375;2,658249855041504;0;0;100;10;1;
5,609;-29,1875;-0,5625;343,0625;2,658249855041504;0;0;100;10;1;
5,612;-29,1875;-0,5625;343,0625;2,658249855041504;0;0;100;10;1;
5,615;-29,1875;-0,5625;343,0625;2,658249855041504;0;0;100;10;1;
5,617;-29,1875;-0,5625;343,0625;2,658249855041504;0;0;100;10;1;
5,62;-29,3125;-1,625;341;2,658249855041504;0;0;100;10;1;
5,622;-29,3125;-1,625;341;2,658249855041504;0;0;100;10;1;
5,626;-29,3125;-1,625;341;2,658249855041504;0;0;100;10;1;
5,629;-29,875;-2,1875;338,75;2,658249855041504;0;0;100;10;1;
5,632;-29,875;-2,1875;338,75;2,658249855041504;0;0;100;10;1;
5,635;-29,875;-2,1875;338,75;2,658249855041504;0;0;100;10;1;
5,638;-30,4375;-2,4375;336,4375;2,658249855041504;0;0;100;10;1;
5,641;-30,4375;-2,4375;336,4375;2,658249855041504;0;0;100;10;1;
5,645;-30,4375;-2,4375;336,4375;2,658249855041504;0;0;100;10;1;
5,647;-30,875;-2,6875;334,0625;2,658249855041504;0;0;100;10;1;
5,65;-30,875;-2,6875;334,0625;2,658249855041504;0;0;100;10;1;
5,654;-30,875;-2,6875;334,0625;2,658249855041504;0;0;100;10;1;
5,657;-30,875;-2,6875;334,0625;3,9959499835968018;0;0;100;10;1;
5,66;-31,25;-2,5625;331,625;3,9959499835968018;0;0;100;10;1;
5,663;-31,25;-2,5625;331,625;3,9959499835968018;0;0;100;10;1;
5,666;-31,25;-2,5625;331,625;3,9959499835968018;0;0;100;10;1;
5,67;-31,4375;-1,75;329,125;3,9959499835968018;0;0;100;10;1;
5,672;-31,4375;-1,75;329,125;3,9959499835968018;0;0;100;10;1;
5,675;-31,4375;-1,75;329,125;3,9959499835968018;0;0;100;10;1;
5,679;-31,3125;-0,6875;326,75;3,9959499835968018;0;0;100;10;1;
5,682;-31,3125;-0,6875;326,75;3,9959499835968018;0;0;100;10;1;
5,686;-31;0,25;324,5625;3,9959499835968018;0;0;100;10;1;
5,688;-31;0,25;324,5625;3,9959499835968018;0;0;100;10;1;
5,691;-31;0,25;324,5625;3,9959499835968018;0;0;100;10;1;
5,695;-31;0,25;324,5625;3,9959499835968018;0;0;100;10;1;
5,698;-30,625;1,6875;322,25;3,9959499835968018;0;0;100;10;1;
5,701;-30,625;1,6875;322,25;3,9959499835968018;0;0;100;10;1;
5,703;-30,625;1,6875;322,25;3,9959499835968018;0;0;100;10;1;
5,706;-30,625;1,6875;322,25;3,9959499835968018;0;0;100;10;1;
5,71;-30,4375;3,75;319,8125;3,9959499835968018;0;0;100;10;1;
5,713;-30,4375;3,75;319,8125;3,9959499835968018;0;0;100;10;1;
5,716;-30,4375;3,75;319,8125;7,460249900817871;0;0;100;10;1;
5,719;-30,25;5,875;317,3125;7,460249900817871;0;0;100;10;1;
5,721;-30,25;5,875;317,3125;7,460249900817871;0;0;100;10;1;
5,724;-30,25;5,875;317,3125;7,460249900817871;0;0;100;10;1;
5,728;-29,9375;7,75;314,9375;7,460249900817871;0;0;100;10;1;
5,731;-29,9375;7,75;314,9375;7,460249900817871;0;0;100;10;1;
5,735;-29,9375;7,75;314,9375;7,460249900817871;0;0;100;10;1;
5,737;-29,5;9,5;312,6875;7,460249900817871;0;0;100;10;1;
5,74;-29,5;9,5;312,6875;7,460249900817871;0;0;100;10;1;
5,744;-29,5;9,5;312,6875;7,460249900817871;0;0;100;10;1;
5,746;-28,875;11,1875;310,5625;7,460249900817871;0;0;100;10;1;
5,749;-28,875;11,1875;310,5625;7,460249900817871;0;0;100;10;1;
5,752;-28,875;11,1875;310,5625;7,460249900817871;0;0;100;10;1;
5,754;-28,875;11,1875;310,5625;7,460249900817871;0;0;100;10;1;
5,758;-28,125;12,5;308,625;7,460249900817871;0;0;100;10;1;
5,761;-28,125;12,5;308,625;7,460249900817871;0;0;100;10;1;
5,765;-28,125;12,5;308,625;7,460249900817871;0;0;100;10;1;
5,768;-27,125;13,25;307;7,460249900817871;0;0;100;10;1;
5,77;-27,125;13,25;307;7,460249900817871;0;0;100;10;1;
5,773;-27,125;13,25;307;7,460249900817871;0;0;100;10;1;
5,777;-27,125;13,25;307;3,121299982070923;0;0;100;10;1;
5,78;-26,1875;13,75;305,4375;3,121299982070923;0;0;100;10;1;
5,783;-26,1875;13,75;305,4375;3,121299982070923;0;0;100;10;1;
5,786;-25,5;14,625;303,9375;3,121299982070923;0;0;100;10;1;
5,789;-25,5;14,625;303,9375;3,121299982070923;0;0;100;10;1;
5,793;-25,5;14,625;303,9375;3,121299982070923;0;0;100;10;1;
5,796;-25,125;15,4375;302,4375;3,121299982070923;0;0;100;10;1;
5,799;-25,125;15,4375;302,4375;3,121299982070923;0;0;100;10;1;
5,801;-25,125;15,4375;302,4375;3,121299982070923;0;0;100;10;1;
5,804;-25,125;15,4375;302,4375;3,121299982070923;0;0;100;10;1;
5,807;-25,125;15,4375;302,4375;3,121299982070923;0;0;100;10;1;
5,81;-24,9375;16;301,0625;3,121299982070923;0;0;100;10;1;
5,814;-24,9375;16;301,0625;3,121299982070923;0;0;100;10;1;
5,816;-24,9375;16;301,0625;3,121299982070923;0;0;100;10;1;
5,819;-24,8125;16,375;299,875;3,121299982070923;0;0;100;10;1;
5,822;-24,8125;16,375;299,875;3,121299982070923;0;0;100;10;1;
5,825;-24,8125;16,375;299,875;3,121299982070923;0;0;100;10;1;
5,829;-24,8125;16,5625;298,75;3,121299982070923;0;0;100;10;1;
5,832;-24,8125;16,5625;298,75;3,121299982070923;0;0;100;10;1;
5,835;-24,8125;16,5625;298,75;3,121299982070923;0;0;100;10;1;
5,838;-24,875;16,5;297,75;3,1041500568389893;0;0;100;10;1;
5,841;-24,875;16,5;297,75;3,1041500568389893;0;0;100;10;1;
5,844;-24,875;16,5;297,75;3,1041500568389893;0;0;100;10;1;
5,847;-24,875;16;297;3,1041500568389893;0;0;100;10;1;
5,85;-24,875;16;297;3,1041500568389893;0;0;100;10;1;
5,853;-24,875;16;297;3,1041500568389893;0;0;100;10;1;
5,856;-24,875;16;297;3,1041500568389893;0;0;100;10;1;
5,859;-25,0625;15,5;296,3125;3,1041500568389893;0;0;100;10;1;
5,863;-25,0625;15,5;296,3125;3,1041500568389893;0;0;100;10;1;
5,866;-25,0625;15,5;296,3125;3,1041500568389893;0;0;100;10;1;
5,869;-25,375;15;295,6875;3,1041500568389893;0;0;100;10;1;
5,871;-25,375;15;295,6875;3,1041500568389893;0;0;100;10;1;
5,874;-25,375;15;295,6875;3,1041500568389893;0;0;100;10;1;
5,878;-25,75;14,5;295,125;3,1041500568389893;0;0;100;10;1;
5,881;-25,75;14,5;295,125;3,1041500568389893;0;0;100;10;1;
5,884;-25,75;14,5;295,125;3,1041500568389893;0;0;100;10;1;
5,887;-26,1875;13,9375;294,5625;3,1041500568389893;0;0;100;10;1;
5,89;-26,1875;13,9375;294,5625;3,1041500568389893;0;0;100;10;1;
5,894;-26,1875;13,9375;294,5625;3,1041500568389893;0;0;100;10;1;
5,897;-26,625;13,3125;293,9375;3,121299982070923;0;0;100;10;1;
5,899;-26,625;13,3125;293,9375;3,121299982070923;0;0;100;10;1;
5,902;-26,625;13,3125;293,9375;3,121299982070923;0;0;100;10;1;
5,905;-26,625;13,3125;293,9375;3,121299982070923;0;0;100;10;1;
5,908;-27;12,875;293,3125;3,121299982070923;0;0;100;10;1;
5,911;-27;12,875;293,3125;3,121299982070923;0;0;100;10;1;
5,914;-27;12,875;293,3125;3,121299982070923;0;0;100;10;1;
5,917;-27;12,875;292,75;3,121299982070923;0;0;100;10;1;
5,92;-27,3125;12,375;292,75;3,121299982070923;0;0;100;10;1;
5,923;-27,3125;12,375;292,75;3,121299982070923;0;0;100;10;1;
5,927;-27,3125;12,375;292,75;3,121299982070923;0;0;100;10;1;
5,929;-27,5;11,6875;292,25;3,121299982070923;0;0;100;10;1;
5,932;-27,5;11,6875;292,25;3,121299982070923;0;0;100;10;1;
5,935;-27,5;11,6875;292,25;3,121299982070923;0;0;100;10;1;
5,938;-27,6875;11,125;291,6875;3,121299982070923;0;0;100;10;1;
5,941;-27,6875;11,125;291,6875;3,121299982070923;0;0;100;10;1;
5,945;-27,6875;11,125;291,6875;3,121299982070923;0;0;100;10;1;
5,948;-27,875;10,625;291,25;3,121299982070923;0;0;100;10;1;
5,95;-27,875;10,625;291,25;3,121299982070923;0;0;100;10;1;
5,953;-27,875;10,625;291,25;3,121299982070923;0;0;100;10;1;
5,956;-27,875;10,625;291,25;3,121299982070923;0;0;100;10;1;
5,959;-28;10,25;290,75;3,121299982070923;0;0;100;10;1;
5,962;-28;10,25;290,75;3,121299982070923;0;0;100;10;1;
5,965;-28;10,25;290,75;3,121299982070923;0;0;100;10;1;
5,969;-28,1875;9,875;290,3125;3,121299982070923;0;0;100;10;1;
5,972;-28,1875;9,875;290,3125;3,121299982070923;0;0;100;10;1;
5,975;-28,1875;9,875;290,3125;3,121299982070923;0;0;100;10;1;
5,978;-28,375;9,5625;289,875;3,121299982070923;0;0;100;10;1;
5,981;-28,375;9,5625;289,875;3,121299982070923;0;0;100;10;1;
5,983;-28,375;9,5625;289,875;3,121299982070923;0;0;100;10;1;
5,986;-28,5;9,375;289,5;3,121299982070923;0;0;100;10;1;
5,989;-28,5;9,375;289,5;3,121299982070923;0;0;100;10;1;
5,992;-28,5;9,375;289,5;3,121299982070923;0;0;100;10;1;
5,995;-28,5;9,375;289,5;3,121299982070923;0;0;100;10;1;
5,998;-28,5625;9,125;289,125;3,121299982070923;0;0;100;10;1;
6,001;-28,5625;9,125;289,125;3,121299982070923;0;0;100;10;1;
6,004;-28,5625;9,125;289,125;3,121299982070923;0;0;100;10;1;
6,006;-28,5625;9,125;289,125;3,121299982070923;0;0;100;10;1;
6,01;-28,5625;8,9375;288,875;3,121299982070923;0;0;100;10;1;
6,013;-28,5625;8,9375;288,875;3,121299982070923;0;0;100;10;1;
6,015;-28,5625;8,9375;288,875;3,121299982070923;0;0;100;10;1;
6,018;-28,5625;8,8125;288,5625;3,121299982070923;0;0;100;10;1;
6,02;-28,5625;8,8125;288,5625;3,121299982070923;0;0;100;10;1;
6,023;-28,5625;8,8125;288,5625;3,121299982070923;0;0;100;10;1;
6,026;-28,5625;8,8125;288,5625;3,121299982070923;0;0;100;10;1;
6,029;-28,5625;8,8125;288,375;3,121299982070923;0;0;100;10;1;
6,031;-28,5625;8,8125;288,375;3,121299982070923;0;0;100;10;1;
6,034;-28,5625;8,8125;288,375;3,121299982070923;0;0;100;10;1;
6,036;-28,5625;8,875;288,125;3,121299982070923;0;0;100;10;1;
6,039;-28,5625;8,875;288,125;3,121299982070923;0;0;100;10;1;
6,043;-28,5625;8,875;288,125;3,121299982070923;0;0;100;10;1;
6,046;-28,5625;8,9375;287,9375;3,121299982070923;0;0;100;10;1;
6,049;-28,5625;8,9375;287,9375;3,121299982070923;0;0;100;10;1;
6,052;-28,5625;8,9375;287,9375;3,121299982070923;0;0;100;10;1;
6,054;-28,5625;8,9375;287,9375;3,121299982070923;0;0;100;10;1;
6,057;-28,5625;8,9375;287,9375;3,121299982070923;0;0;100;10;1;
6,061;-28,5625;9,0625;287,75;3,121299982070923;0;0;100;10;1;
6,064;-28,5625;9,0625;287,75;3,121299982070923;0;0;100;10;1;
6,066;-28,5625;9,0625;287,75;3,121299982070923;0;0;100;10;1;
6,069;-28,5;9,1875;287,5625;3,121299982070923;0;0;100;10;1;
6,072;-28,5;9,1875;287,5625;3,121299982070923;0;0;100;10;1;
6,075;-28,5;9,1875;287,5625;3,121299982070923;0;0;100;10;1;
6,078;-28,4375;9,25;287,4375;3,9959499835968018;0;0;100;10;1;
6,08;-28,4375;9,25;287,4375;3,9959499835968018;0;0;100;10;1;
6,083;-28,4375;9,25;287,4375;3,9959499835968018;0;0;100;10;1;
6,086;-28,375;9,3125;287,375;3,9959499835968018;0;0;100;10;1;
6,088;-28,375;9,3125;287,375;3,9959499835968018;0;0;100;10;1;
6,092;-28,375;9,3125;287,375;3,9959499835968018;0;0;100;10;1;
6,095;-28,375;9,3125;287,375;3,9959499835968018;0;0;100;10;1;
6,098;-28,3125;9,375;287,25;3,9959499835968018;0;0;100;10;1;
6,1;-28,3125;9,375;287,25;3,9959499835968018;0;0;100;10;1;
6,103;-28,3125;9,375;287,25;3,9959499835968018;0;0;100;10;1;
6,105;-28,3125;9,375;287,25;3,9959499835968018;0;0;100;10;1;
6,109;-28,3125;9,5;287,1875;3,9959499835968018;0;0;100;10;1;
6,111;-28,3125;9,5;287,1875;3,9959499835968018;0;0;100;10;1;
6,114;-28,3125;9,5;287,1875;3,9959499835968018;0;0;100;10;1;
6,117;-28,3125;9,5;287,1875;3,9959499835968018;0;0;100;10;1;
6,119;-28,3125;9,5625;287,0625;3,9959499835968018;0;0;100;10;1;
6,122;-28,3125;9,5625;287,0625;3,9959499835968018;0;0;100;10;1;
6,125;-28,3125;9,5625;287,0625;3,9959499835968018;0;0;100;10;1;
6,128;-28,3125;9,5625;287,0625;3,9959499835968018;0;0;100;10;1;
6,13;-28,3125;9,625;287;3,9959499835968018;0;0;100;10;1;
6,133;-28,3125;9,625;287;3,9959499835968018;0;0;100;10;1;
6,135;-28,3125;9,625;287;3,121299982070923;0;0;100;10;1;
6,138;-28,3125;9,625;287;3,121299982070923;0;0;100;10;1;
6,14;-28,3125;9,625;287;3,121299982070923;0;0;100;10;1;
6,144;-28,3125;9,625;287;3,121299982070923;0;0;100;10;1;
6,147;-28,3125;9,625;287;3,121299982070923;0;0;100;10;1;
6,151;-28,3125;9,625;287;3,121299982070923;0;0;100;10;1;
6,154;-28,3125;9,625;287;3,121299982070923;0;0;100;10;1;
6,156;-28,3125;9,625;287;3,121299982070923;0;0;100;10;1;
6,16;-28,25;9,625;287;3,121299982070923;0;0;100;10;1;
6,163;-28,25;9,625;287;3,121299982070923;0;0;100;10;1;
6,165;-28,25;9,625;287;3,121299982070923;0;0;100;10;1;
6,168;-28,25;9,625;287;3,121299982070923;0;0;100;10;1;
6,171;-28,25;9,625;287;3,121299982070923;0;0;100;10;1;
6,173;-28,25;9,625;287;3,121299982070923;0;0;100;10;1;
6,177;-28,25;9,625;287;3,121299982070923;0;0;100;10;1;
6,179;-28,25;9,625;287;3,121299982070923;0;0;100;10;1;
6,182;-28,25;9,625;287;3,121299982070923;0;0;100;10;1;
6,185;-28,25;9,625;287;3,121299982070923;0;0;100;10;1;
6,187;-28,25;9,625;287;3,121299982070923;0;0;100;10;1;
6,19;-28,25;9,625;287;3,121299982070923;0;0;100;10;1;
6,193;-28,25;9,625;287;3,121299982070923;0;0;100;10;1;
6,197;-28,3125;9,625;286,9375;4,407549858093262;0;0;100;10;1;
6,2;-28,3125;9,625;286,9375;4,407549858093262;0;0;100;10;1;
6,203;-28,3125;9,625;286,9375;4,407549858093262;0;0;100;10;1;
6,205;-28,3125;9,625;286,9375;4,407549858093262;0;0;100;10;1;
6,208;-28,3125;9,625;286,9375;4,407549858093262;0;0;100;10;1;
6,211;-28,3125;9,625;286,9375;4,407549858093262;0;0;100;10;1;
6,214;-28,3125;9,625;286,9375;4,407549858093262;0;0;100;10;1;
6,217;-28,3125;9,625;286,9375;4,407549858093262;0;0;100;10;1;
6,219;-28,25;9,625;286,9375;4,407549858093262;0;0;100;10;1;
6,222;-28,25;9,625;286,9375;4,407549858093262;0;0;100;10;1;
6,225;-28,25;9,625;286,9375;4,407549858093262;0;0;100;10;1;
6,227;-28,25;9,625;286,9375;4,407549858093262;0;0;100;10;1;
6,23;-28,25;9,625;286,9375;4,407549858093262;0;0;100;10;1;
6,233;-28,25;9,625;286,9375;4,407549858093262;0;0;100;10;1;
6,236;-28,25;9,625;286,9375;4,407549858093262;0;0;100;10;1;
6,238;-28,25;9,625;286,9375;4,407549858093262;0;0;100;10;1;
6,241;-28,25;9,625;286,9375;4,407549858093262;0;0;100;10;1;
6,244;-28,25;9,625;286,9375;4,407549858093262;0;0;100;10;1;
6,248;-28,25;9,625;286,9375;4,407549858093262;0;0;100;10;1;
6,251;-28,25;9,625;286,9375;4,407549858093262;0;0;100;10;1;
6,254;-28,25;9,625;286,9375;4,407549858093262;0;0;100;10;1;
6,256;-28,25;9,625;286,9375;3,121299982070923;0;0;100;10;1;
6,26;-28,25;9,625;286,9375;3,121299982070923;0;0;100;10;1;
6,262;-28,25;9,625;286,9375;3,121299982070923;0;0;100;10;1;
6,265;-28,25;9,625;286,9375;3,121299982070923;0;0;100;10;1;
6,268;-28,25;9,625;286,9375;3,121299982070923;0;0;100;10;1;
6,271;-28,25;9,625;286,9375;3,121299982070923;0;0;100;10;1;
6,273;-28,25;9,625;286,9375;3,121299982070923;0;0;100;10;1;
6,277;-28,25;9,625;286,9375;3,121299982070923;0;0;100;10;1;
6,28;-28,25;9,6875;286,875;3,121299982070923;0;0;100;10;1;
6,282;-28,25;9,6875;286,875;3,121299982070923;0;0;100;10;1;
6,285;-28,25;9,6875;286,875;3,121299982070923;0;0;100;10;1;
6,288;-28,25;9,6875;286,875;3,121299982070923;0;0;100;10;1;
6,29;-28,25;9,6875;286,875;3,121299982070923;0;0;100;10;1;
6,294;-28,25;9,6875;286,875;3,121299982070923;0;0;100;10;1;
6,297;-28,25;9,6875;286,875;3,121299982070923;0;0;100;10;1;
6,3;-28,25;9,6875;286,875;3,121299982070923;0;0;100;10;1;
6,302;-28,25;9,6875;286,875;3,121299982070923;0;0;100;10;1;
6,305;-28,25;9,6875;286,875;3,121299982070923;0;0;100;10;1;
6,308;-28,25;9,6875;286,875;3,121299982070923;0;0;100;10;1;
6,311;-28,25;9,6875;286,875;3,121299982070923;0;0;100;10;1;
6,314;-28,25;9,6875;286,875;3,121299982070923;0;0;100;10;1;
6,316;-28,25;9,6875;286,875;3,121299982070923;0;0;100;10;1;
6,319;-28,25;9,625;286,875;3,121299982070923;0;0;100;10;1;
6,322;-28,25;9,625;286,875;3,121299982070923;0;0;100;10;1;
6,325;-28,25;9,625;286,875;3,121299982070923;0;0;100;10;1;
6,328;-28,25;9,625;286,875;3,121299982070923;0;0;100;10;1;
6,331;-28,25;9,625;286,875;3,121299982070923;0;0;100;10;1;
6,333;-28,25;9,625;286,875;3,121299982070923;0;0;100;10;1;
6,336;-28,25;9,6875;286,875;3,121299982070923;0;0;100;10;1;
6,339;-28,25;9,6875;286,875;3,121299982070923;0;0;100;10;1;
6,342;-28,25;9,6875;286,875;3,121299982070923;0;0;100;10;1;
6,345;-28,25;9,6875;286,875;3,121299982070923;0;0;100;10;1;
6,348;-28,25;9,6875;286,875;3,121299982070923;0;0;100;10;1;
6,351;-28,25;9,6875;286,875;3,121299982070923;0;0;100;10;1;
6,354;-28,25;9,6875;286,875;3,121299982070923;0;0;100;10;1;
6,357;-28,25;9,6875;286,875;3,121299982070923;0;0;100;10;1;
6,36;-28,25;9,6875;286,875;3,121299982070923;0;0;100;10;1;
6,364;-28,25;9,6875;286,875;3,121299982070923;0;0;100;10;1;
6,367;-28,25;9,6875;286,875;3,121299982070923;0;0;100;10;1;
6,369;-28,25;9,625;286,875;3,121299982070923;0;0;100;10;1;
6,372;-28,25;9,625;286,875;3,121299982070923;0;0;100;10;1;
6,375;-28,25;9,625;286,875;3,121299982070923;0;0;100;10;1;
6,379;-28,25;9,625;286,875;3,121299982070923;0;0;100;10;1;
6,381;-28,25;9,625;286,875;3,121299982070923;0;0;100;10;1;
6,384;-28,25;9,625;286,875;3,121299982070923;0;0;100;10;1;
6,387;-28,1875;9,6875;286,875;3,121299982070923;0;0;100;10;1;
6,389;-28,1875;9,6875;286,875;3,121299982070923;0;0;100;10;1;
6,392;-28,1875;9,6875;286,875;3,121299982070923;0;0;100;10;1;
6,396;-28,1875;9,6875;286,875;3,121299982070923;0;0;100;10;1;
6,399;-28,25;9,6875;286,875;3,121299982070923;0;0;100;10;1;
6,402;-28,25;9,6875;286,875;3,121299982070923;0;0;100;10;1;
6,405;-28,25;9,6875;286,875;3,121299982070923;0;0;100;10;1;
6,408;-28,25;9,6875;286,875;3,121299982070923;0;0;100;10;1;
6,411;-28,25;9,6875;286,875;3,121299982070923;0;0;100;10;1;
6,414;-28,25;9,6875;286,875;3,121299982070923;0;0;100;10;1;
6,417;-28,25;9,6875;286,875;3,121299982070923;0;0;100;10;1;
6,419;-28,25;9,6875;286,875;3,121299982070923;0;0;100;10;1;
6,422;-28,25;9,6875;286,875;3,121299982070923;0;0;100;10;1;
6,425;-28,25;9,6875;286,875;3,121299982070923;0;0;100;10;1;
6,428;-28,25;9,6875;286,875;3,121299982070923;0;0;100;10;1;
6,43;-28,25;9,6875;286,875;3,121299982070923;0;0;100;10;1;
6,433;-28,25;9,6875;286,875;3,121299982070923;0;0;100;10;1;
6,436;-28,25;9,6875;286,875;3,121299982070923;0;0;100;10;1;
6,438;-28,25;9,6875;286,875;3,121299982070923;0;0;100;10;1;
6,441;-28,25;9,6875;286,875;3,121299982070923;0;0;100;10;1;
6,444;-28,25;9,6875;286,875;3,121299982070923;0;0;100;10;1;
6,447;-28,25;9,6875;286,875;3,121299982070923;0;0;100;10;1;
6,45;-28,25;9,6875;286,875;3,121299982070923;0;0;100;10;1;
6,454;-28,25;9,6875;286,875;3,121299982070923;0;0;100;10;1;
6,457;-28,25;9,6875;286,875;3,121299982070923;0;0;100;10;1;
6,46;-28,25;9,6875;286,875;3,121299982070923;0;0;100;10;1;
6,463;-28,25;9,6875;286,875;3,121299982070923;0;0;100;10;1;
6,465;-28,25;9,6875;286,875;3,121299982070923;0;0;100;10;1;
6,468;-28,25;9,6875;286,875;3,121299982070923;0;0;100;10;1;
6,471;-28,25;9,6875;286,875;3,121299982070923;0;0;100;10;1;
6,474;-28,25;9,6875;286,875;3,121299982070923;0;0;100;10;1;
6,477;-28,25;9,6875;286,875;3,121299982070923;0;0;100;10;1;
6,48;-28,25;9,6875;286,875;3,121299982070923;0;0;100;10;1;
6,482;-28,25;9,6875;286,875;3,121299982070923;0;0;100;10;1;
6,485;-28,25;9,6875;286,875;3,121299982070923;0;0;100;10;1;
6,488;-28,25;9,6875;286,875;3,121299982070923;0;0;100;10;1;
6,491;-28,25;9,6875;286,875;3,121299982070923;0;0;100;10;1;
6,494;-28,25;9,6875;286,875;3,121299982070923;0;0;100;10;1;
6,496;-28,25;9,6875;286,875;3,121299982070923;0;0;100;10;1;
6,499;-28,25;9,6875;286,875;3,121299982070923;0;0;100;10;1;
6,502;-28,25;9,6875;286,875;3,121299982070923;0;0;100;10;1;
6,506;-28,25;9,6875;286,875;3,121299982070923;0;0;100;10;1;
6,509;-28,25;9,6875;286,875;3,121299982070923;0;0;100;10;1;
6,512;-28,25;9,6875;286,875;3,121299982070923;0;0;100;10;1;
6,515;-28,25;9,6875;286,875;3,121299982070923;0;0;100;10;1;
6,518;-28,25;9,6875;286,875;3,121299982070923;0;0;100;10;1;
6,521;-28,25;9,6875;286,875;3,121299982070923;0;0;100;10;1;
6,523;-28,25;9,6875;286,875;3,121299982070923;0;0;100;10;1;
6,527;-28,25;9,6875;286,875;3,121299982070923;0;0;100;10;1;
6,53;-28,25;9,6875;286,875;3,121299982070923;0;0;100;10;1;
6,532;-28,25;9,6875;286,875;3,121299982070923;0;0;100;10;1;
6,535;-28,25;9,6875;286,875;3,121299982070923;0;0;100;10;1;
6,538;-28,25;9,6875;286,875;3,121299982070923;0;0;100;10;1;
6,541;-28,25;9,6875;286,875;3,121299982070923;0;0;100;10;1;
6,544;-28,25;9,6875;286,875;3,121299982070923;0;0;100;10;1;
6,547;-28,25;9,6875;286,875;3,121299982070923;0;0;100;10;1;
6,55;-28,25;9,6875;286,875;3,121299982070923;0;0;100;10;1;
6,553;-28,25;9,6875;286,875;3,121299982070923;0;0;100;10;1;
6,556;-28,25;9,6875;286,875;3,121299982070923;0;0;100;10;1;
6,56;-28,25;9,6875;286,875;3,121299982070923;0;0;100;10;1;
6,563;-28,25;9,6875;286,875;3,121299982070923;0;0;100;10;1;
6,566;-28,25;9,6875;286,875;3,121299982070923;0;0;100;10;1;
6,569;-28,25;9,6875;286,875;3,121299982070923;0;0;100;10;1;
6,571;-28,25;9,6875;286,875;3,121299982070923;0;0;100;10;1;
6,574;-28,25;9,6875;286,875;3,121299982070923;0;0;100;10;1;
6,577;-28,25;9,6875;286,875;3,121299982070923;0;0;100;10;1;
6,58;-28,25;9,6875;286,8125;3,121299982070923;0;0;100;10;1;
6,583;-28,25;9,6875;286,8125;3,121299982070923;0;0;100;10;1;
6,586;-28,25;9,6875;286,8125;3,121299982070923;0;0;100;10;1;
6,588;-28,25;9,6875;286,8125;3,121299982070923;0;0;100;10;1;
6,591;-28,25;9,6875;286,8125;3,121299982070923;0;0;100;10;1;
6,594;-28,25;9,6875;286,8125;3,121299982070923;0;0;100;10;1;
6,597;-28,25;9,6875;286,8125;3,121299982070923;0;0;100;10;1;
6,6;-28,25;9,6875;286,8125;3,121299982070923;0;0;100;10;1;
6,603;-28,25;9,6875;286,8125;3,121299982070923;0;0;100;10;1;
6,606;-28,25;9,6875;286,8125;3,121299982070923;0;0;100;10;1;
6,609;-28,25;9,6875;286,875;3,121299982070923;0;0;100;10;1;
6,612;-28,25;9,6875;286,875;3,121299982070923;0;0;100;10;1;
6,615;-28,25;9,6875;286,875;3,515749931335449;0;0;100;10;1;
6,618;-28,25;9,6875;286,875;3,515749931335449;0;0;100;10;1;
6,621;-28,25;9,6875;286,875;3,515749931335449;0;0;100;10;1;
6,623;-28,25;9,6875;286,875;3,515749931335449;0;0;100;10;1;
6,626;-28,25;9,6875;286,875;3,515749931335449;0;0;100;10;1;
6,63;-28,25;9,6875;286,875;3,515749931335449;0;0;100;10;1;
6,632;-28,25;9,6875;286,875;3,515749931335449;0;0;100;10;1;
6,635;-28,25;9,6875;286,875;3,515749931335449;0;0;100;10;1;
6,638;-28,25;9,6875;286,875;3,515749931335449;0;0;100;10;1;
6,64;-28,25;9,6875;286,875;3,515749931335449;0;0;100;10;1;
6,644;-28,25;9,6875;286,875;3,515749931335449;0;0;100;10;1;
6,646;-28,25;9,6875;286,8125;3,515749931335449;0;0;100;10;1;
6,649;-28,25;9,6875;286,8125;3,515749931335449;0;0;100;10;1;
6,653;-28,25;9,6875;286,8125;3,515749931335449;0;0;100;10;1;
6,656;-28,25;9,6875;286,8125;3,515749931335449;0;0;100;10;1;
6,659;-28,25;9,6875;286,8125;3,515749931335449;0;0;100;10;1;
6,662;-28,25;9,6875;286,8125;3,515749931335449;0;0;100;10;1;
6,665;-28,25;9,6875;286,8125;3,515749931335449;0;0;100;10;1;
6,667;-28,25;9,6875;286,8125;3,515749931335449;0;0;100;10;1;
6,67;-28,25;9,6875;286,8125;3,515749931335449;0;0;100;10;1;
6,673;-28,25;9,6875;286,8125;3,515749931335449;0;0;100;10;1;
6,676;-28,25;9,6875;286,8125;3,121299982070923;0;0;100;10;1;
6,679;-28,25;9,6875;286,8125;3,121299982070923;0;0;100;10;1;
6,682;-28,25;9,6875;286,8125;3,121299982070923;0;0;100;10;1;
6,685;-28,25;9,6875;286,8125;3,121299982070923;0;0;100;10;1;
6,687;-28,25;9,625;286,8125;3,121299982070923;0;0;100;10;1;
6,69;-28,25;9,625;286,8125;3,121299982070923;0;0;100;10;1;
6,693;-28,25;9,625;286,8125;3,121299982070923;0;0;100;10;1;
6,697;-28,25;9,625;286,8125;3,121299982070923;0;0;100;10;1;
6,7;-28,25;9,625;286,8125;3,121299982070923;0;0;100;10;1;
6,703;-28,25;9,625;286,8125;3,121299982070923;0;0;100;10;1;
6,706;-28,25;9,625;286,8125;3,121299982070923;0;0;100;10;1;
6,709;-28,25;9,625;286,8125;3,121299982070923;0;0;100;10;1;
6,712;-28,25;9,625;286,8125;3,121299982070923;0;0;100;10;1;
6,715;-28,25;9,625;286,8125;3,121299982070923;0;0;100;10;1;
6,718;-28,25;9,6875;286,8125;3,121299982070923;0;0;100;10;1;
6,72;-28,25;9,6875;286,8125;3,121299982070923;0;0;100;10;1;
6,723;-28,25;9,6875;286,8125;3,121299982070923;0;0;100;10;1;
6,726;-28,25;9,6875;286,8125;3,121299982070923;0;0;100;10;1;
6,729;-28,25;9,6875;286,8125;3,121299982070923;0;0;100;10;1;
6,732;-28,25;9,6875;286,8125;3,121299982070923;0;0;100;10;1;
6,734;-28,25;9,6875;286,8125;3,121299982070923;0;0;100;10;1;
6,737;-28,25;9,625;286,8125;3,121299982070923;0;0;100;10;1;
6,74;-28,25;9,625;286,8125;3,121299982070923;0;0;100;10;1;
6,743;-28,25;9,625;286,8125;3,121299982070923;0;0;100;10;1;
6,746;-28,25;9,625;286,8125;3,121299982070923;0;0;100;10;1;
6,749;-28,25;9,625;286,8125;3,121299982070923;0;0;100;10;1;
6,752;-28,25;9,625;286,8125;3,121299982070923;0;0;100;10;1;
6,756;-28,25;9,625;286,8125;3,121299982070923;0;0;100;10;1;
6,759;-28,25;9,625;286,8125;3,121299982070923;0;0;100;10;1;
6,762;-28,25;9,625;286,8125;3,121299982070923;0;0;100;10;1;
6,765;-28,25;9,625;286,8125;3,121299982070923;0;0;100;10;1;
6,768;-28,25;9,625;286,8125;3,121299982070923;0;0;100;10;1;
6,771;-28,25;9,625;286,8125;3,121299982070923;0;0;100;10;1;
6,773;-28,25;9,625;286,8125;3,121299982070923;0;0;100;10;1;
6,777;-28,25;9,625;286,8125;3,121299982070923;0;0;100;10;1;
6,78;-28,25;9,625;286,8125;3,121299982070923;0;0;100;10;1;
6,783;-28,25;9,625;286,8125;3,121299982070923;0;0;100;10;1;
6,785;-28,25;9,625;286,8125;3,121299982070923;0;0;100;10;1;
6,788;-28,25;9,625;286,8125;3,121299982070923;0;0;100;10;1;
6,791;-28,25;9,625;286,8125;3,121299982070923;0;0;100;10;1;
6,794;-28,25;9,625;286,8125;3,121299982070923;0;0;100;10;1;
6,797;-28,25;9,625;286,8125;3,978799819946289;0;0;100;10;1;
6,8;-28,25;9,625;286,8125;3,978799819946289;0;0;100;10;1;
6,803;-28,25;9,625;286,8125;3,978799819946289;0;0;100;10;1;
6,806;-28,25;9,625;286,8125;3,978799819946289;0;0;100;10;1;
6,809;-28,25;9,625;286,8125;3,978799819946289;0;0;100;10;1;
6,812;-28,25;9,625;286,8125;3,978799819946289;0;0;100;10;1;
6,815;-28,25;9,625;286,8125;3,978799819946289;0;0;100;10;1;
6,818;-28,25;9,625;286,8125;3,978799819946289;0;0;100;10;1;
6,82;-28,25;9,625;286,8125;3,978799819946289;0;0;100;10;1;
6,823;-28,25;9,625;286,8125;3,978799819946289;0;0;100;10;1;
6,825;-28,25;9,625;286,8125;3,978799819946289;0;0;100;10;1;
6,829;-28,25;9,625;286,8125;3,978799819946289;0;0;100;10;1;
6,832;-28,25;9,625;286,8125;3,978799819946289;0;0;100;10;1;
6,834;-28,25;9,625;286,8125;3,978799819946289;0;0;100;10;1;
6,837;-28,25;9,625;286,8125;3,978799819946289;0;0;100;10;1;
6,84;-28,25;9,625;286,8125;3,978799819946289;0;0;100;10;1;
6,843;-28,25;9,625;286,8125;3,978799819946289;0;0;100;10;1;
6,846;-28,25;9,625;286,8125;3,978799819946289;0;0;100;10;1;
6,849;-28,25;9,625;286,8125;3,978799819946289;0;0;100;10;1;
6,852;-28,25;9,625;286,8125;3,978799819946289;0;0;100;10;1;
6,856;-28,25;9,625;286,8125;3,121299982070923;0;0;100;10;1;
6,859;-28,25;9,625;286,8125;3,121299982070923;0;0;100;10;1;
6,863;-28,25;9,625;286,8125;3,121299982070923;0;0;100;10;1;
6,865;-28,25;9,625;286,8125;3,121299982070923;0;0;100;10;1;
6,868;-28,25;9,625;286,8125;3,121299982070923;0;0;100;10;1;
6,871;-28,25;9,625;286,8125;3,121299982070923;0;0;100;10;1;
6,873;-28,25;9,625;286,8125;3,121299982070923;0;0;100;10;1;
6,877;-28,25;9,625;286,8125;3,121299982070923;0;0;100;10;1;
6,88;-28,25;9,625;286,8125;3,121299982070923;0;0;100;10;1;
6,882;-28,25;9,625;286,8125;3,121299982070923;0;0;100;10;1;
6,885;-28,25;9,625;286,8125;3,121299982070923;0;0;100;10;1;
6,888;-28,25;9,625;286,8125;3,121299982070923;0;0;100;10;1;
6,891;-28,25;9,625;286,8125;3,121299982070923;0;0;100;10;1;
6,894;-28,25;9,625;286,8125;3,121299982070923;0;0;100;10;1;
6,897;-28,25;9,625;286,8125;3,121299982070923;0;0;100;10;1;
6,9;-28,25;9,625;286,8125;3,121299982070923;0;0;100;10;1;
6,903;-28,25;9,625;286,8125;3,121299982070923;0;0;100;10;1;
6,906;-28,25;9,625;286,8125;3,121299982070923;0;0;100;10;1;
6,909;-28,25;9,625;286,8125;3,121299982070923;0;0;100;10;1;
6,913;-28,25;9,625;286,8125;3,121299982070923;0;0;100;10;1;
6,916;-28,25;9,625;286,8125;3,121299982070923;0;0;100;10;1;
6,918;-28,25;9,625;286,8125;3,121299982070923;0;0;100;10;1;
6,921;-28,25;9,625;286,8125;3,121299982070923;0;0;100;10;1;
6,923;-28,25;9,625;286,8125;3,121299982070923;0;0;100;10;1;
6,927;-28,25;9,625;286,8125;3,121299982070923;0;0;100;10;1;
6,93;-28,25;9,625;286,8125;3,121299982070923;0;0;100;10;1;
6,932;-28,25;9,625;286,8125;3,121299982070923;0;0;100;10;1;
6,935;-28,25;9,625;286,8125;3,121299982070923;0;0;100;10;1;
6,937;-28,25;9,625;286,8125;3,121299982070923;0;0;100;10;1;
6,94;-28,25;9,625;286,8125;3,121299982070923;0;0;100;10;1;
6,943;-28,25;9,625;286,8125;3,121299982070923;0;0;100;10;1;
6,946;-28,25;9,625;286,8125;3,121299982070923;0;0;100;10;1;
6,949;-28,25;9,625;286,8125;3,121299982070923;0;0;100;10;1;
6,951;-28,25;9,625;286,8125;3,121299982070923;0;0;100;10;1;
6,955;-28,25;9,625;286,8125;3,121299982070923;0;0;100;10;1;
6,958;-28,25;9,625;286,8125;3,121299982070923;0;0;100;10;1;
6,961;-28,25;9,625;286,8125;3,121299982070923;0;0;100;10;1;
6,964;-28,25;9,625;286,8125;3,121299982070923;0;0;100;10;1;
6,967;-28,25;9,625;286,8125;3,121299982070923;0;0;100;10;1;
6,97;-28,25;9,625;286,8125;3,121299982070923;0;0;100;10;1;
6,973;-28,25;9,625;286,8125;3,121299982070923;0;0;100;10;1;
6,976;-28,25;9,625;286,8125;3,1041500568389893;0;0;100;10;1;
6,979;-28,25;9,625;286,8125;3,1041500568389893;0;0;100;10;1;
6,982;-28,25;9,625;286,8125;3,1041500568389893;0;0;100;10;1;
6,984;-28,25;9,625;286,8125;3,1041500568389893;0;0;100;10;1;
6,987;-28,25;9,625;286,8125;3,1041500568389893;0;0;100;10;1;
6,99;-28,25;9,625;286,8125;3,1041500568389893;0;0;100;10;1;
6,993;-28,25;9,625;286,8125;3,1041500568389893;0;0;100;10;1;
6,996;-28,25;9,625;286,8125;3,1041500568389893;0;0;100;10;1;
6,998;-28,25;9,625;286,8125;3,1041500568389893;0;0;100;10;1;
7,001;-28,25;9,625;286,8125;3,1041500568389893;0;0;100;10;1;
7,004;-28,25;9,625;286,8125;3,1041500568389893;0;0;100;10;1;
7,007;-28,25;9,625;286,8125;3,1041500568389893;0;0;100;10;1;
7,01;-28,25;9,625;286,8125;3,1041500568389893;0;0;100;10;1;
7,014;-28,25;9,625;286,8125;3,1041500568389893;0;0;100;10;1;
7,017;-28,25;9,625;286,8125;3,1041500568389893;0;0;100;10;1;
7,019;-28,25;9,625;286,8125;3,1041500568389893;0;0;100;10;1;
7,022;-28,25;9,625;286,8125;3,1041500568389893;0;0;100;10;1;
7,024;-28,25;9,625;286,8125;3,1041500568389893;0;0;100;10;1;
7,027;-28,25;9,625;286,8125;3,1041500568389893;0;0;100;10;1;
7,03;-28,25;9,625;286,8125;3,1041500568389893;0;0;100;10;1;
7,033;-28,25;9,625;286,8125;3,1041500568389893;0;0;100;10;1;
7,035;-28,25;9,625;286,8125;3,1041500568389893;0;0;100;10;1;
7,038;-28,25;9,625;286,8125;3,121299982070923;0;0;100;10;1;
7,041;-28,25;9,625;286,8125;3,121299982070923;0;0;100;10;1;
7,044;-28,25;9,625;286,8125;3,121299982070923;0;0;100;10;1;
7,047;-28,25;9,625;286,8125;3,121299982070923;0;0;100;10;1;
7,05;-28,25;9,625;286,8125;3,121299982070923;0;0;100;10;1;
7,053;-28,25;9,625;286,8125;3,121299982070923;0;0;100;10;1;
7,056;-28,25;9,625;286,8125;3,121299982070923;0;0;100;10;1;
7,06;-28,25;9,625;286,8125;3,121299982070923;0;0;100;10;1;
7,063;-28,25;9,625;286,8125;3,121299982070923;0;0;100;10;1;
7,067;-28,25;9,625;286,8125;3,121299982070923;0;0;100;10;1;
7,07;-28,25;9,625;286,8125;3,121299982070923;0;0;100;10;1;
7,073;-28,25;9,625;286,8125;3,121299982070923;0;0;100;10;1;
7,076;-28,25;9,625;286,8125;3,121299982070923;0;0;100;10;1;
7,079;-28,25;9,625;286,8125;3,121299982070923;0;0;100;10;1;
7,082;-28,25;9,625;286,8125;3,121299982070923;0;0;100;10;1;
7,084;-28,25;9,625;286,8125;3,121299982070923;0;0;100;10;1;
7,087;-28,25;9,625;286,8125;3,121299982070923;0;0;100;10;1;
7,091;-28,25;9,625;286,8125;3,121299982070923;0;0;100;10;1;
7,094;-28,25;9,625;286,8125;3,121299982070923;0;0;100;10;1;
7,097;-28,25;9,625;286,8125;3,121299982070923;0;0;100;10;1;
7,099;-28,25;9,625;286,8125;3,121299982070923;0;0;100;10;1;
7,102;-28,25;9,625;286,8125;3,121299982070923;0;0;100;10;1;
7,104;-28,25;9,625;286,8125;3,121299982070923;0;0;100;10;1;
7,108;-28,25;9,625;286,8125;3,121299982070923;0;0;100;10;1;
7,111;-28,25;9,625;286,8125;3,121299982070923;0;0;100;10;1;
7,114;-28,25;9,625;286,8125;3,121299982070923;0;0;100;10;1;
7,116;-28,25;9,625;286,8125;3,121299982070923;0;0;100;10;1;
7,119;-28,25;9,625;286,8125;3,121299982070923;0;0;100;10;1;
7,121;-28,25;9,625;286,8125;3,121299982070923;0;0;100;10;1;
7,124;-28,25;9,625;286,8125;3,121299982070923;0;0;100;10;1;
7,127;-28,25;9,625;286,8125;3,121299982070923;0;0;100;10;1;
7,13;-28,25;9,625;286,8125;3,121299982070923;0;0;100;10;1;
7,133;-28,25;9,625;286,8125;3,121299982070923;0;0;100;10;1;
7,135;-28,25;9,625;286,8125;3,121299982070923;0;0;100;10;1;
7,138;-28,25;9,625;286,8125;3,121299982070923;0;0;100;10;1;
7,14;-28,25;9,625;286,8125;3,121299982070923;0;0;100;10;1;
7,144;-28,25;9,625;286,8125;3,121299982070923;0;0;100;10;1;
7,146;-28,25;9,625;286,8125;3,121299982070923;0;0;100;10;1;
7,149;-28,25;9,625;286,8125;3,121299982070923;0;0;100;10;1;
7,152;-28,25;9,625;286,8125;3,121299982070923;0;0;100;10;1;
7,154;-28,25;9,625;286,8125;3,121299982070923;0;0;100;10;1;
7,158;-28,25;9,625;286,8125;3,121299982070923;0;0;100;10;1;
7,161;-28,25;9,625;286,8125;3,121299982070923;0;0;100;10;1;
7,165;-28,25;9,625;286,8125;3,121299982070923;0;0;100;10;1;
7,167;-28,25;9,625;286,8125;3,121299982070923;0;0;100;10;1;
7,17;-28,25;9,625;286,8125;3,121299982070923;0;0;100;10;1;
7,172;-28,25;9,625;286,8125;3,121299982070923;0;0;100;10;1;
7,175;-28,25;9,625;286,8125;3,121299982070923;0;0;100;10;1;
7,179;-28,25;9,625;286,8125;3,121299982070923;0;0;100;10;1;
7,182;-28,25;9,625;286,8125;3,121299982070923;0;0;100;10;1;
7,184;-28,25;9,625;286,8125;3,121299982070923;0;0;100;10;1;
7,187;-28,25;9,625;286,8125;3,121299982070923;0;0;100;10;1;
7,19;-28,25;9,625;286,8125;3,121299982070923;0;0;100;10;1;
7,193;-28,25;9,625;286,8125;3,121299982070923;0;0;100;10;1;
7,196;-28,25;9,625;286,8125;3,121299982070923;0;0;100;10;1;
7,198;-28,25;9,625;286,8125;3,121299982070923;0;0;100;10;1;
7,201;-28,25;9,625;286,8125;3,121299982070923;0;0;100;10;1;
7,204;-28,25;9,625;286,8125;3,121299982070923;0;0;100;10;1;
7,206;-28,25;9,625;286,8125;3,121299982070923;0;0;100;10;1;
7,21;-28,25;9,625;286,8125;3,121299982070923;0;0;100;10;1;
7,213;-28,25;9,625;286,8125;3,121299982070923;0;0;100;10;1;
7,215;-28,25;9,625;286,8125;3,121299982070923;0;0;100;10;1;
7,218;-28,25;9,625;286,8125;3,1041500568389893;0;0;100;10;1;
7,22;-28,25;9,625;286,8125;3,1041500568389893;0;0;100;10;1;
7,223;-28,25;9,625;286,8125;3,1041500568389893;0;0;100;10;1;
7,225;-28,25;9,625;286,8125;3,1041500568389893;0;0;100;10;1;
7,228;-28,25;9,625;286,8125;3,1041500568389893;0;0;100;10;1;
7,231;-28,25;9,625;286,8125;3,1041500568389893;0;0;100;10;1;
7,234;-28,25;9,625;286,8125;3,1041500568389893;0;0;100;10;1;
7,236;-28,25;9,625;286,8125;3,1041500568389893;0;0;100;10;1;
7,239;-28,25;9,625;286,8125;3,1041500568389893;0;0;100;10;1;
7,241;-28,25;9,625;286,8125;3,1041500568389893;0;0;100;10;1;
7,244;-28,25;9,625;286,8125;3,1041500568389893;0;0;100;10;1;
7,247;-28,25;9,625;286,8125;3,1041500568389893;0;0;100;10;1;
7,25;-28,25;9,625;286,8125;3,1041500568389893;0;0;100;10;1;
7,252;-28,25;9,625;286,8125;3,1041500568389893;0;0;100;10;1;
7,255;-28,25;9,625;286,8125;3,1041500568389893;0;0;100;10;1;
7,257;-28,25;9,625;286,8125;3,1041500568389893;0;0;100;10;1;
7,26;-28,25;9,625;286,8125;3,1041500568389893;0;0;100;10;1;
7,264;-28,25;9,625;286,8125;3,1041500568389893;0;0;100;10;1;
7,267;-28,25;9,625;286,8125;3,1041500568389893;0;0;100;10;1;
7,27;-28,25;9,625;286,8125;3,1041500568389893;0;0;100;10;1;
7,272;-28,25;9,625;286,8125;3,1041500568389893;0;0;100;10;1;
7,275;-28,25;9,625;286,8125;3,1041500568389893;0;0;100;10;1;
7,279;-28,25;9,625;286,8125;3,121299982070923;0;0;100;10;1;
7,281;-28,25;9,625;286,8125;3,121299982070923;0;0;100;10;1;
7,284;-28,25;9,625;286,8125;3,121299982070923;0;0;100;10;1;
7,287;-28,25;9,5625;286,8125;3,121299982070923;0;0;100;10;1;
7,289;-28,25;9,5625;286,8125;3,121299982070923;0;0;100;10;1;
7,292;-28,25;9,5625;286,8125;3,121299982070923;0;0;100;10;1;
7,295;-28,25;9,5625;286,8125;3,121299982070923;0;0;100;10;1;
7,298;-28,25;9,5625;286,8125;3,121299982070923;0;0;100;10;1;
7,301;-28,25;9,5625;286,8125;3,121299982070923;0;0;100;10;1;
7,303;-28,25;9,5625;286,8125;3,121299982070923;0;0;100;10;1;
7,306;-28,25;9,5625;286,8125;3,121299982070923;0;0;100;10;1;
7,309;-28,25;9,5625;286,8125;3,121299982070923;0;0;100;10;1;
7,312;-28,25;9,5625;286,8125;3,121299982070923;0;0;100;10;1;
7,315;-28,25;9,5625;286,8125;3,121299982070923;0;0;100;10;1;
7,318;-28,25;9,5625;286,8125;3,121299982070923;0;0;100;10;1;
7,32;-28,25;9,5625;286,8125;3,121299982070923;0;0;100;10;1;
7,323;-28,25;9,5625;286,8125;3,121299982070923;0;0;100;10;1;
7,326;-28,25;9,5625;286,8125;3,121299982070923;0;0;100;10;1;
7,329;-28,25;9,5625;286,8125;3,121299982070923;0;0;100;10;1;
7,331;-28,25;9,5625;286,8125;3,121299982070923;0;0;100;10;1;
7,334;-28,25;9,5625;286,8125;3,121299982070923;0;0;100;10;1;
7,336;-28,25;9,5625;286,8125;3,121299982070923;0;0;100;10;1;
7,339;-28,25;9,5625;286,8125;3,121299982070923;0;0;100;10;1;
7,341;-28,25;9,5625;286,8125;3,121299982070923;0;0;100;10;1;
7,345;-28,25;9,5625;286,8125;3,121299982070923;0;0;100;10;1;
7,347;-28,25;9,5625;286,8125;3,121299982070923;0;0;100;10;1;
7,351;-28,25;9,5625;286,8125;3,121299982070923;0;0;100;10;1;
7,353;-28,25;9,5625;286,8125;3,121299982070923;0;0;100;10;1;
7,356;-28,25;9,5625;286,8125;3,121299982070923;0;0;100;10;1;
7,358;-28,25;9,5625;286,8125;3,121299982070923;0;0;100;10;1;
7,362;-28,25;9,5625;286,8125;3,121299982070923;0;0;100;10;1;
7,365;-28,25;9,5625;286,8125;3,121299982070923;0;0;100;10;1;
7,368;-28,25;9,5625;286,8125;3,121299982070923;0;0;100;10;1;
7,371;-28,25;9,5625;286,8125;3,121299982070923;0;0;100;10;1;
7,373;-28,25;9,5625;286,8125;3,121299982070923;0;0;100;10;1;
7,376;-28,25;9,5625;286,8125;3,121299982070923;0;0;100;10;1;
7,379;-28,25;9,5625;286,8125;3,121299982070923;0;0;100;10;1;
7,382;-28,25;9,5625;286,8125;3,121299982070923;0;0;100;10;1;
7,385;-28,25;9,5625;286,8125;3,121299982070923;0;0;100;10;1;
7,387;-28,25;9,5625;286,8125;3,121299982070923;0;0;100;10;1;
7,39;-28,25;9,5625;286,8125;3,121299982070923;0;0;100;10;1;
7,393;-28,25;9,5625;286,8125;3,121299982070923;0;0;100;10;1;
7,396;-28,25;9,5625;286,8125;3,121299982070923;0;0;100;10;1;
7,399;-28,25;9,5625;286,8125;3,121299982070923;0;0;100;10;1;
7,401;-28,25;9,5625;286,8125;3,121299982070923;0;0;100;10;1;
7,404;-28,25;9,5625;286,8125;3,121299982070923;0;0;100;10;1;
7,407;-28,25;9,5625;286,8125;3,121299982070923;0;0;100;10;1;
7,41;-28,25;9,5625;286,8125;3,121299982070923;0;0;100;10;1;
7,412;-28,25;9,5625;286,8125;3,121299982070923;0;0;100;10;1;
7,416;-28,25;9,5625;286,8125;3,121299982070923;0;0;100;10;1;
7,418;-28,25;9,5625;286,875;3,121299982070923;0;0;100;10;1;
7,421;-28,25;9,5625;286,875;3,121299982070923;0;0;100;10;1;
7,423;-28,25;9,5625;286,875;3,121299982070923;0;0;100;10;1;
7,427;-28,25;9,5625;286,875;3,121299982070923;0;0;100;10;1;
7,429;-28,25;9,5625;286,875;3,121299982070923;0;0;100;10;1;
7,432;-28,25;9,5625;286,875;3,121299982070923;0;0;100;10;1;
7,434;-28,25;9,5625;286,875;3,121299982070923;0;0;100;10;1;
7,437;-28,25;9,5625;286,875;3,121299982070923;0;0;100;10;1;
7,439;-28,25;9,5625;286,875;3,121299982070923;0;0;100;10;1;
7,442;-28,25;9,5625;286,875;3,121299982070923;0;0;100;10;1;
7,445;-28,25;9,5625;286,875;3,121299982070923;0;0;100;10;1;
7,448;-28,25;9,5625;286,875;3,121299982070923;0;0;100;10;1;
7,451;-28,25;9,5625;286,875;3,121299982070923;0;0;100;10;1;
7,453;-28,25;9,5625;286,875;3,121299982070923;0;0;100;10;1;
7,456;-28,25;9,5625;286,875;3,121299982070923;0;0;100;10;1;
7,458;-28,25;9,5625;286,875;3,121299982070923;0;0;100;10;1;
7,462;-28,25;9,5625;286,875;3,121299982070923;0;0;100;10;1;
7,465;-28,25;9,5625;286,875;3,121299982070923;0;0;100;10;1;
7,468;-28,25;9,5625;286,8125;3,121299982070923;0;0;100;10;1;
7,471;-28,25;9,5625;286,8125;3,121299982070923;0;0;100;10;1;
7,474;-28,25;9,5625;286,8125;3,121299982070923;0;0;100;10;1;
7,477;-28,25;9,5625;286,875;3,121299982070923;0;0;100;10;1;
7,48;-28,25;9,5625;286,875;3,121299982070923;0;0;100;10;1;
7,483;-28,25;9,5625;286,875;3,121299982070923;0;0;100;10;1;
7,486;-28,25;9,5625;286,875;3,121299982070923;0;0;100;10;1;
7,488;-28,25;9,5625;286,875;3,121299982070923;0;0;100;10;1;
7,491;-28,25;9,5625;286,875;3,121299982070923;0;0;100;10;1;
7,494;-28,25;9,5625;286,875;3,121299982070923;0;0;100;10;1;
7,497;-28,25;9,5625;286,875;3,121299982070923;0;0;100;10;1;
7,5;-28,25;9,5625;286,875;3,121299982070923;0;0;100;10;1;
7,502;-28,25;9,5625;286,875;3,121299982070923;0;0;100;10;1;
7,505;-28,25;9,5625;286,875;3,121299982070923;0;0;100;10;1;
7,508;-28,25;9,5625;286,875;3,121299982070923;0;0;100;10;1;
7,511;-28,25;9,5625;286,875;3,121299982070923;0;0;100;10;1;
7,514;-28,25;9,5625;286,875;3,121299982070923;0;0;100;10;1;
7,517;-28,25;9,5625;286,875;3,121299982070923;0;0;100;10;1;
7,52;-28,25;9,5625;286,875;3,121299982070923;0;0;100;10;1;
7,523;-28,25;9,5625;286,875;3,121299982070923;0;0;100;10;1;
7,526;-28,25;9,5625;286,875;3,121299982070923;0;0;100;10;1;
7,529;-28,25;9,5625;286,875;3,121299982070923;0;0;100;10;1;
7,531;-28,25;9,5625;286,875;3,121299982070923;0;0;100;10;1;
7,534;-28,25;9,5625;286,875;3,121299982070923;0;0;100;10;1;
7,536;-28,25;9,5625;286,875;3,121299982070923;0;0;100;10;1;
7,539;-28,25;9,5625;286,875;3,121299982070923;0;0;100;10;1;
7,541;-28,25;9,5625;286,875;3,121299982070923;0;0;100;10;1;
7,544;-28,25;9,5625;286,875;3,121299982070923;0;0;100;10;1;
7,547;-28,25;9,5625;286,875;3,121299982070923;0;0;100;10;1;
7,55;-28,25;9,5625;286,875;3,121299982070923;0;0;100;10;1;
7,553;-28,25;9,5625;286,875;3,121299982070923;0;0;100;10;1;
7,555;-28,25;9,5625;286,875;3,121299982070923;0;0;100;10;1;
7,558;-28,25;9,5625;286,875;3,121299982070923;0;0;100;10;1;
7,561;-28,25;9,5625;286,875;3,121299982070923;0;0;100;10;1;
7,564;-28,25;9,5625;286,875;3,121299982070923;0;0;100;10;1;
7,567;-28,25;9,5625;286,875;3,121299982070923;0;0;100;10;1;
7,57;-28,25;9,5625;286,875;3,121299982070923;0;0;100;10;1;
7,573;-28,25;9,5625;286,875;3,121299982070923;0;0;100;10;1;
7,575;-28,25;9,5625;286,875;3,121299982070923;0;0;100;10;1;
7,579;-28,25;9,5625;286,875;3,121299982070923;0;0;100;10;1;
7,582;-28,25;9,5625;286,875;3,121299982070923;0;0;100;10;1;
7,584;-28,25;9,5625;286,875;3,121299982070923;0;0;100;10;1;
7,587;-28,25;9,5625;286,875;3,121299982070923;0;0;100;10;1;
7,59;-28,25;9,5625;286,875;3,121299982070923;0;0;100;10;1;
7,592;-28,25;9,5625;286,875;3,121299982070923;0;0;100;10;1;
7,596;-28,25;9,5625;286,875;3,121299982070923;0;0;100;10;1;
7,598;-28,25;9,5625;286,875;3,121299982070923;0;0;100;10;1;
7,601;-28,25;9,5625;286,875;3,121299982070923;0;0;100;10;1;
7,604;-28,25;9,5625;286,875;3,121299982070923;0;0;100;10;1;
7,606;-28,25;9,5625;286,875;3,121299982070923;0;0;100;10;1;
7,609;-28,25;9,5625;286,875;3,121299982070923;0;0;100;10;1;
7,612;-28,25;9,5625;286,875;3,121299982070923;0;0;100;10;1;
7,615;-28,25;9,5625;286,875;3,121299982070923;0;0;100;10;1;
7,618;-28,25;9,5625;286,875;3,121299982070923;0;0;100;10;1;
7,621;-28,25;9,5625;286,875;3,121299982070923;0;0;100;10;1;
7,624;-28,25;9,5625;286,875;3,121299982070923;0;0;100;10;1;
7,626;-28,25;9,5625;286,875;3,121299982070923;0;0;100;10;1;
7,629;-28,25;9,5625;286,8125;3,121299982070923;0;0;100;10;1;
7,632;-28,25;9,5625;286,8125;3,121299982070923;0;0;100;10;1;
7,634;-28,25;9,5625;286,8125;3,121299982070923;0;0;100;10;1;
7,637;-28,25;9,5625;286,8125;3,121299982070923;0;0;100;10;1;
7,639;-28,25;9,5625;286,8125;3,121299982070923;0;0;100;10;1;
7,642;-28,25;9,5625;286,8125;3,121299982070923;0;0;100;10;1;
7,645;-28,25;9,5625;286,8125;3,121299982070923;0;0;100;10;1;
7,647;-28,25;9,5625;286,875;3,121299982070923;0;0;100;10;1;
7,65;-28,25;9,5625;286,875;3,121299982070923;0;0;100;10;1;
7,653;-28,25;9,5625;286,875;3,121299982070923;0;0;100;10;1;
7,656;-28,25;9,5625;286,875;3,121299982070923;0;0;100;10;1;
7,658;-28,25;9,5625;286,875;3,121299982070923;0;0;100;10;1;
7,661;-28,25;9,5625;286,875;3,121299982070923;0;0;100;10;1;
7,664;-28,25;9,5625;286,875;3,121299982070923;0;0;100;10;1;
7,668;-28,25;9,5625;286,875;3,121299982070923;0;0;100;10;1;
7,671;-28,25;9,5625;286,875;3,121299982070923;0;0;100;10;1;
7,674;-28,25;9,5625;286,875;3,121299982070923;0;0;100;10;1;
7,677;-28,25;9,5625;286,875;3,121299982070923;0;0;100;10;1;
7,68;-28,25;9,5625;286,875;3,121299982070923;0;0;100;10;1;
7,683;-28,25;9,5625;286,875;3,121299982070923;0;0;100;10;1;
7,686;-28,25;9,5625;286,875;3,121299982070923;0;0;100;10;1;
7,688;-28,25;9,5625;286,875;3,121299982070923;0;0;100;10;1;
7,691;-28,25;9,5625;286,875;3,121299982070923;0;0;100;10;1;
7,694;-28,25;9,5625;286,875;3,121299982070923;0;0;100;10;1;
7,697;-28,25;9,5625;286,875;3,121299982070923;0;0;100;10;1;
7,7;-28,25;9,5625;286,875;3,121299982070923;0;0;100;10;1;
7,702;-28,25;9,5625;286,875;3,121299982070923;0;0;100;10;1;
7,705;-28,25;9,5625;286,875;3,121299982070923;0;0;100;10;1;
7,708;-28,25;9,5625;286,875;3,121299982070923;0;0;100;10;1;
7,711;-28,25;9,5625;286,875;3,121299982070923;0;0;100;10;1;
7,713;-28,25;9,5625;286,875;3,121299982070923;0;0;100;10;1;
7,716;-28,25;9,5625;286,875;3,121299982070923;0;0;100;10;1;
7,719;-28,25;9,5625;286,875;3,121299982070923;0;0;100;10;1;
7,722;-28,25;9,5625;286,875;3,121299982070923;0;0;100;10;1;
7,725;-28,25;9,5625;286,875;3,121299982070923;0;0;100;10;1;
7,728;-28,25;9,5625;286,875;3,121299982070923;0;0;100;10;1;
7,731;-28,25;9,5625;286,875;3,121299982070923;0;0;100;10;1;
7,733;-28,25;9,5625;286,875;3,121299982070923;0;0;100;10;1;
7,736;-28,25;9,5625;286,875;3,121299982070923;0;0;100;10;1;
7,738;-28,3125;9,5625;286,875;3,121299982070923;0;0;100;10;1;
7,741;-28,3125;9,5625;286,875;3,121299982070923;0;0;100;10;1;
7,743;-28,3125;9,5625;286,875;3,121299982070923;0;0;100;10;1;
7,746;-28,3125;9,5625;286,875;3,121299982070923;0;0;100;10;1;
7,749;-28,3125;9,5625;286,875;3,121299982070923;0;0;100;10;1;
7,752;-28,3125;9,5625;286,875;3,121299982070923;0;0;100;10;1;
7,755;-28,3125;9,5625;286,875;3,121299982070923;0;0;100;10;1;
7,757;-28,3125;9,5625;286,875;3,515749931335449;0;0;100;10;1;
7,76;-28,3125;9,5625;286,875;3,515749931335449;0;0;100;10;1;
7,763;-28,3125;9,5625;286,875;3,515749931335449;0;0;100;10;1;
7,766;-28,3125;9,5625;286,875;3,515749931335449;0;0;100;10;1;
7,769;-28,3125;9,5625;286,875;3,515749931335449;0;0;100;10;1;
7,772;-28,3125;9,5625;286,875;3,515749931335449;0;0;100;10;1;
7,775;-28,3125;9,5625;286,875;3,515749931335449;0;0;100;10;1;
7,779;-28,3125;9,5625;286,875;3,515749931335449;0;0;100;10;1;
7,782;-28,3125;9,5625;286,875;3,515749931335449;0;0;100;10;1;
7,784;-28,3125;9,5625;286,875;3,515749931335449;0;0;100;10;1;
7,787;-28,3125;9,5625;286,875;3,515749931335449;0;0;100;10;1;
7,79;-28,3125;9,5625;286,875;3,515749931335449;0;0;100;10;1;
7,792;-28,3125;9,5625;286,875;3,515749931335449;0;0;100;10;1;
7,796;-28,3125;9,5625;286,875;3,515749931335449;0;0;100;10;1;
7,798;-28,3125;9,5625;286,875;3,515749931335449;0;0;100;10;1;
7,801;-28,3125;9,5625;286,875;3,515749931335449;0;0;100;10;1;
7,804;-28,3125;9,5625;286,875;3,515749931335449;0;0;100;10;1;
7,806;-28,3125;9,5625;286,875;3,515749931335449;0;0;100;10;1;
7,809;-28,3125;9,5625;286,875;3,515749931335449;0;0;100;10;1;
7,812;-28,3125;9,5625;286,875;3,515749931335449;0;0;100;10;1;
7,815;-28,3125;9,5625;286,875;3,515749931335449;0;0;100;10;1;
7,817;-28,3125;9,5625;286,875;3,121299982070923;0;0;100;10;1;
7,821;-28,3125;9,5625;286,875;3,121299982070923;0;0;100;10;1;
7,823;-28,3125;9,5625;286,875;3,121299982070923;0;0;100;10;1;
7,826;-28,3125;9,5625;286,875;3,121299982070923;0;0;100;10;1;
7,829;-28,3125;9,5;286,875;3,121299982070923;0;0;100;10;1;
7,832;-28,3125;9,5;286,875;3,121299982070923;0;0;100;10;1;
7,834;-28,3125;9,5;286,875;3,121299982070923;0;0;100;10;1;
7,837;-28,3125;9,5;286,875;3,121299982070923;0;0;100;10;1;
7,839;-28,3125;9,5;286,875;3,121299982070923;0;0;100;10;1;
7,842;-28,3125;9,5;286,875;3,121299982070923;0;0;100;10;1;
7,845;-28,3125;9,5;286,875;3,121299982070923;0;0;100;10;1;
7,847;-28,3125;9,5;286,875;3,121299982070923;0;0;100;10;1;
7,85;-28,3125;9,5;286,875;3,121299982070923;0;0;100;10;1;
7,852;-28,3125;9,5;286,875;3,121299982070923;0;0;100;10;1;
7,855;-28,3125;9,5;286,875;3,121299982070923;0;0;100;10;1;
7,858;-28,3125;9,5;286,875;3,121299982070923;0;0;100;10;1;
7,861;-28,3125;9,5;286,8125;3,121299982070923;0;0;100;10;1;
7,863;-28,3125;9,5;286,8125;3,121299982070923;0;0;100;10;1;
7,866;-28,3125;9,5;286,8125;3,121299982070923;0;0;100;10;1;
7,868;-28,3125;9,5;286,8125;3,121299982070923;0;0;100;10;1;
7,872;-28,3125;9,5;286,8125;3,121299982070923;0;0;100;10;1;
7,875;-28,3125;9,5;286,8125;3,121299982070923;0;0;100;10;1;
7,879;-28,3125;9,5;286,8125;3,121299982070923;0;0;100;10;1;
7,881;-28,3125;9,5;286,8125;3,121299982070923;0;0;100;10;1;
7,884;-28,3125;9,5;286,8125;3,121299982070923;0;0;100;10;1;
7,887;-28,3125;9,5;286,8125;3,121299982070923;0;0;100;10;1;
7,889;-28,3125;9,5;286,8125;3,121299982070923;0;0;100;10;1;
7,892;-28,3125;9,5;286,8125;3,121299982070923;0;0;100;10;1;
7,895;-28,3125;9,5;286,8125;3,121299982070923;0;0;100;10;1;
7,898;-28,3125;9,5;286,8125;3,121299982070923;0;0;100;10;1;
7,901;-28,3125;9,5;286,8125;3,121299982070923;0;0;100;10;1;
7,903;-28,3125;9,5;286,8125;3,121299982070923;0;0;100;10;1;
7,906;-28,3125;9,5;286,8125;3,121299982070923;0;0;100;10;1;
7,909;-28,3125;9,5;286,8125;3,121299982070923;0;0;100;10;1;
7,911;-28,3125;9,5;286,8125;3,121299982070923;0;0;100;10;1;
7,914;-28,3125;9,5;286,8125;3,121299982070923;0;0;100;10;1;
7,917;-28,3125;9,5;286,8125;3,121299982070923;0;0;100;10;1;
7,919;-28,3125;9,5;286,8125;3,121299982070923;0;0;100;10;1;
7,922;-28,3125;9,5;286,8125;3,121299982070923;0;0;100;10;1;
7,926;-28,3125;9,5;286,8125;3,121299982070923;0;0;100;10;1;
7,929;-28,3125;9,5;286,8125;3,121299982070923;0;0;100;10;1;
7,932;-28,3125;9,5;286,8125;3,121299982070923;0;0;100;10;1;
7,935;-28,3125;9,5;286,8125;3,121299982070923;0;0;100;10;1;
7,937;-28,3125;9,5;286,8125;3,532899856567383;0;0;100;10;1;
7,94;-28,3125;9,5;286,8125;3,532899856567383;0;0;100;10;1;
7,942;-28,3125;9,5;286,8125;3,532899856567383;0;0;100;10;1;
7,945;-28,3125;9,5;286,8125;3,532899856567383;0;0;100;10;1;
7,948;-28,3125;9,5;286,8125;3,532899856567383;0;0;100;10;1;
7,951;-28,3125;9,5;286,8125;3,532899856567383;0;0;100;10;1;
7,954;-28,3125;9,5;286,8125;3,532899856567383;0;0;100;10;1;
7,957;-28,3125;9,5;286,8125;3,532899856567383;0;0;100;10;1;
7,96;-28,3125;9,5;286,8125;3,532899856567383;0;0;100;10;1;
7,963;-28,3125;9,5;286,8125;3,532899856567383;0;0;100;10;1;
7,966;-28,3125;9,5;286,8125;3,532899856567383;0;0;100;10;1;
7,968;-28,3125;9,5;286,8125;3,532899856567383;0;0;100;10;1;
7,971;-28,3125;9,5;286,8125;3,532899856567383;0;0;100;10;1;
7,975;-28,3125;9,5;286,8125;3,532899856567383;0;0;100;10;1;
7,978;-28,3125;9,5;286,8125;3,532899856567383;0;0;100;10;1;
7,981;-28,3125;9,5;286,8125;3,532899856567383;0;0;100;10;1;
7,984;-28,3125;9,5;286,8125;3,532899856567383;0;0;100;10;1;
7,987;-28,3125;9,5;286,8125;3,532899856567383;0;0;100;10;1;
7,989;-28,3125;9,5;286,8125;3,532899856567383;0;0;100;10;1;
7,992;-28,3125;9,5;286,8125;3,532899856567383;0;0;100;10;1;
7,995;-28,3125;9,5;286,8125;3,532899856567383;0;0;100;10;1;
7,998;-28,25;9,5625;286,875;3,1384499073028564;0;0;100;10;1;
8,001;-28,25;9,5625;286,875;3,1384499073028564;0;0;100;10;1;
8,003;-28,25;9,5625;286,875;3,1384499073028564;0;0;100;10;1;
8,006;-28,25;9,5625;286,875;3,1384499073028564;0;0;100;10;1;
8,009;-28,25;9,625;286,875;3,1384499073028564;0;0;100;10;1;
8,012;-28,125;9,625;286,875;3,1384499073028564;0;0;100;10;1;
8,015;-28,125;9,625;286,875;3,1384499073028564;0;0;100;10;1;
8,017;-28,125;9,625;286,875;3,1384499073028564;0;0;100;10;1;
8,02;-28,125;9,6875;286,875;3,1384499073028564;0;0;100;10;1;
8,023;-28,125;9,6875;286,875;3,1384499073028564;0;0;100;10;1;
8,026;-28,125;9,6875;286,875;3,1384499073028564;0;0;100;10;1;
8,029;-28,125;9,6875;286,875;3,1384499073028564;0;0;100;10;1;
8,032;-28,125;9,6875;286,875;3,1384499073028564;0;0;100;10;1;
8,034;-28,125;9,6875;286,875;3,1384499073028564;0;0;100;10;1;
8,037;-28,125;9,6875;286,875;3,1384499073028564;0;0;100;10;1;
8,04;-28,125;9,6875;286,875;3,1384499073028564;0;0;100;10;1;
8,043;-28,125;9,6875;286,875;3,1384499073028564;0;0;100;10;1;
8,046;-28,125;9,6875;286,875;3,1384499073028564;0;0;100;10;1;
8,048;-28,125;9,6875;286,875;3,1384499073028564;0;0;100;10;1;
8,051;-28;9,75;286,9375;3,1384499073028564;0;0;100;10;1;
8,053;-28;9,75;286,9375;3,1384499073028564;0;0;100;10;1;
8,056;-28;9,75;286,9375;3,1384499073028564;0;0;100;10;1;
8,059;-28;9,75;286,9375;3,121299982070923;0;0;100;10;1;
8,062;-27,9375;9,8125;286,9375;3,121299982070923;0;0;100;10;1;
8,065;-27,9375;9,8125;286,9375;3,121299982070923;0;0;100;10;1;
8,068;-27,9375;9,8125;286,9375;3,121299982070923;0;0;100;10;1;
8,07;-27,9375;9,8125;286,9375;3,121299982070923;0;0;100;10;1;
8,073;-27,9375;9,8125;286,9375;3,121299982070923;0;0;100;10;1;
8,076;-27,9375;9,8125;286,9375;3,121299982070923;0;0;100;10;1;
8,08;-27,9375;9,8125;286,9375;3,121299982070923;0;0;100;10;1;
8,083;-27,9375;9,8125;286,9375;3,121299982070923;0;0;100;10;1;
8,086;-27,9375;9,8125;286,9375;3,121299982070923;0;0;100;10;1;
8,088;-27,9375;9,8125;286,9375;3,121299982070923;0;0;100;10;1;
8,091;-27,9375;9,8125;286,9375;3,121299982070923;0;0;100;10;1;
8,094;-27,9375;9,8125;286,9375;3,121299982070923;0;0;100;10;1;
8,097;-27,9375;9,8125;286,9375;3,121299982070923;0;0;100;10;1;
8,1;-27,9375;9,8125;286,9375;3,121299982070923;0;0;100;10;1;
8,103;-27,9375;9,8125;286,9375;3,121299982070923;0;0;100;10;1;
8,105;-27,9375;9,8125;286,9375;3,121299982070923;0;0;100;10;1;
8,108;-27,9375;9,8125;286,9375;3,121299982070923;0;0;100;10;1;
8,111;-27,9375;9,8125;286,9375;3,121299982070923;0;0;100;10;1;
8,114;-27,9375;9,8125;286,9375;3,121299982070923;0;0;100;10;1;
8,117;-27,9375;9,8125;286,9375;3,121299982070923;0;0;100;10;1;
8,12;-27,9375;9,8125;286,9375;3,121299982070923;0;0;100;10;1;
8,122;-27,9375;9,8125;286,9375;3,121299982070923;0;0;100;10;1;
8,125;-27,9375;9,8125;286,9375;3,121299982070923;0;0;100;10;1;
8,129;-27,9375;9,8125;286,9375;3,121299982070923;0;0;100;10;1;
8,132;-27,9375;9,875;286,9375;3,121299982070923;0;0;100;10;1;
8,134;-27,9375;9,875;286,9375;3,121299982070923;0;0;100;10;1;
8,137;-27,9375;9,875;286,9375;3,121299982070923;0;0;100;10;1;
8,14;-27,875;9,9375;287;3,121299982070923;0;0;100;10;1;
8,142;-27,875;9,9375;287;3,121299982070923;0;0;100;10;1;
8,146;-27,875;9,9375;287;3,121299982070923;0;0;100;10;1;
8,148;-27,875;9,9375;287;3,121299982070923;0;0;100;10;1;
8,151;-27,875;9,9375;287;3,121299982070923;0;0;100;10;1;
8,154;-27,875;9,9375;287;3,121299982070923;0;0;100;10;1;
8,157;-27,875;9,9375;287;3,121299982070923;0;0;100;10;1;
8,159;-27,875;9,9375;287;3,121299982070923;0;0;100;10;1;
8,163;-27,875;9,9375;287;3,121299982070923;0;0;100;10;1;
8,166;-27,875;9,9375;287;3,121299982070923;0;0;100;10;1;
8,168;-27,875;9,9375;287;3,121299982070923;0;0;100;10;1;
8,171;-27,875;9,9375;287;3,121299982070923;0;0;100;10;1;
8,173;-27,875;9,9375;287;3,121299982070923;0;0;100;10;1;
8,176;-27,875;9,9375;287;3,121299982070923;0;0;100;10;1;
8,18;-27,875;9,9375;287;3,121299982070923;0;0;100;10;1;
8,183;-27,875;9,9375;287;3,121299982070923;0;0;100;10;1;
8,186;-27,875;9,9375;287;3,121299982070923;0;0;100;10;1;
8,189;-27,875;9,9375;287;3,121299982070923;0;0;100;10;1;
8,192;-27,875;9,9375;287;3,121299982070923;0;0;100;10;1;
8,195;-27,875;9,9375;287;3,121299982070923;0;0;100;10;1;
8,198;-27,875;9,9375;287;3,121299982070923;0;0;100;10;1;
8,201;-27,875;9,9375;287;3,121299982070923;0;0;100;10;1;
8,204;-27,875;9,9375;287;3,121299982070923;0;0;100;10;1;
8,206;-27,875;9,9375;287;3,121299982070923;0;0;100;10;1;
8,209;-27,875;9,9375;287;3,121299982070923;0;0;100;10;1;
8,212;-27,875;9,9375;287;3,121299982070923;0;0;100;10;1;
8,215;-27,875;9,9375;287;3,121299982070923;0;0;100;10;1;
8,217;-27,875;9,9375;287;3,121299982070923;0;0;100;10;1;
8,22;-27,875;9,9375;287;3,121299982070923;0;0;100;10;1;
8,223;-27,875;9,9375;287;3,121299982070923;0;0;100;10;1;
8,225;-27,875;9,9375;287;3,121299982070923;0;0;100;10;1;
8,228;-27,875;9,9375;287;3,121299982070923;0;0;100;10;1;
8,232;-27,875;9,9375;287;3,121299982070923;0;0;100;10;1;
8,234;-27,875;9,9375;287;3,121299982070923;0;0;100;10;1;
8,237;-27,875;9,9375;287;3,121299982070923;0;0;100;10;1;
8,24;-27,875;9,9375;287;3,121299982070923;0;0;100;10;1;
8,243;-27,875;9,9375;287;3,121299982070923;0;0;100;10;1;
8,246;-27,875;9,9375;287;3,121299982070923;0;0;100;10;1;
8,249;-27,875;9,9375;287;3,121299982070923;0;0;100;10;1;
8,252;-27,875;9,9375;287;3,121299982070923;0;0;100;10;1;
8,254;-27,875;9,9375;287;3,121299982070923;0;0;100;10;1;
8,257;-27,875;9,9375;287;3,121299982070923;0;0;100;10;1;
8,26;-27,875;9,9375;287;3,121299982070923;0;0;100;10;1;
8,263;-27,875;9,9375;287;3,121299982070923;0;0;100;10;1;
8,266;-27,875;9,9375;287;3,121299982070923;0;0;100;10;1;
8,27;-27,875;9,9375;287;3,121299982070923;0;0;100;10;1;
8,272;-27,875;9,9375;287;3,121299982070923;0;0;100;10;1;
8,275;-27,875;9,9375;287;3,121299982070923;0;0;100;10;1;
8,278;-27,875;9,9375;287;3,121299982070923;0;0;100;10;1;
8,282;-27,875;9,9375;287;3,121299982070923;0;0;100;10;1;
8,285;-27,875;9,9375;287;3,121299982070923;0;0;100;10;1;
8,288;-27,875;9,9375;287;3,121299982070923;0;0;100;10;1;
8,291;-27,875;9,9375;287;3,121299982070923;0;0;100;10;1;
8,293;-27,875;9,9375;287;3,121299982070923;0;0;100;10;1;
8,297;-27,875;9,9375;287;3,9959499835968018;0;0;100;10;1;
8,299;-27,875;9,9375;287;3,9959499835968018;0;0;100;10;1;
8,302;-27,875;9,9375;287;3,9959499835968018;0;0;100;10;1;
8,305;-27,875;9,9375;287;3,9959499835968018;0;0;100;10;1;
8,307;-27,875;9,9375;287;3,9959499835968018;0;0;100;10;1;
8,31;-27,8125;10;287;3,9959499835968018;0;0;100;10;1;
8,313;-27,8125;10;287;3,9959499835968018;0;0;100;10;1;
8,316;-27,8125;10;287;3,9959499835968018;0;0;100;10;1;
8,319;-27,8125;10;287;3,9959499835968018;0;0;100;10;1;
8,321;-27,8125;10;287;3,9959499835968018;0;0;100;10;1;
8,324;-27,8125;10;287;3,9959499835968018;0;0;100;10;1;
8,326;-27,8125;10;287;3,9959499835968018;0;0;100;10;1;
8,329;-27,8125;10;287;3,9959499835968018;0;0;100;10;1;
8,333;-27,8125;10;287;3,9959499835968018;0;0;100;10;1;
8,335;-27,8125;10;287;3,9959499835968018;0;0;100;10;1;
8,338;-27,8125;10;287;3,9959499835968018;0;0;100;10;1;
8,341;-27,8125;10;287;3,9959499835968018;0;0;100;10;1;
8,343;-27,8125;10;287;3,9959499835968018;0;0;100;10;1;
8,346;-27,8125;10;287;3,9959499835968018;0;0;100;10;1;
8,349;-27,8125;10;287;3,9959499835968018;0;0;100;10;1;
8,351;-27,8125;10;287;3,9959499835968018;0;0;100;10;1;
8,354;-27,8125;10;287;3,9959499835968018;0;0;100;10;1;
8,357;-27,8125;10;287;3,121299982070923;0;0;100;10;1;
8,359;-27,8125;10;287;3,121299982070923;0;0;100;10;1;
8,362;-27,8125;10;287;3,121299982070923;0;0;100;10;1;
8,365;-27,8125;10;287;3,121299982070923;0;0;100;10;1;
8,368;-27,8125;10;287;3,121299982070923;0;0;100;10;1;
8,371;-27,8125;10;287;3,121299982070923;0;0;100;10;1;
8,373;-27,8125;10;287;3,121299982070923;0;0;100;10;1;
8,376;-27,8125;10;287;3,121299982070923;0;0;100;10;1;
8,379;-27,8125;10;287;3,121299982070923;0;0;100;10;1;
8,383;-27,8125;10;287;3,121299982070923;0;0;100;10;1;
8,386;-27,8125;10;287;3,121299982070923;0;0;100;10;1;
8,389;-27,8125;10;287;3,121299982070923;0;0;100;10;1;
8,391;-27,8125;10;287;3,121299982070923;0;0;100;10;1;
8,394;-27,8125;10;287;3,121299982070923;0;0;100;10;1;
8,397;-27,8125;10;287;3,121299982070923;0;0;100;10;1;
8,4;-27,8125;10;287;3,121299982070923;0;0;100;10;1;
8,402;-27,8125;10;287;3,121299982070923;0;0;100;10;1;
8,405;-27,8125;10;287;3,121299982070923;0;0;100;10;1;
8,408;-27,8125;10;287;3,121299982070923;0;0;100;10;1;
8,41;-27,75;10;287;3,121299982070923;0;0;100;10;1;
8,414;-27,75;10;287;3,121299982070923;0;0;100;10;1;
8,416;-27,75;10;287;3,121299982070923;0;0;100;10;1;
8,419;-27,75;10;287;3,121299982070923;0;0;100;10;1;
8,422;-27,75;10,0625;287;3,121299982070923;0;0;100;10;1;
8,424;-27,75;10,0625;287;3,121299982070923;0;0;100;10;1;
8,427;-27,75;10,0625;287;3,121299982070923;0;0;100;10;1;
8,43;-27,75;10,0625;287;3,121299982070923;0;0;100;10;1;
8,433;-27,75;10,0625;287;3,121299982070923;0;0;100;10;1;
8,436;-27,75;10,0625;287;3,121299982070923;0;0;100;10;1;
8,438;-27,75;10,0625;287;3,121299982070923;0;0;100;10;1;
8,441;-27,75;10;287;3,121299982070923;0;0;100;10;1;
8,443;-27,75;10;287;3,121299982070923;0;0;100;10;1;
8,446;-27,75;10;287;3,121299982070923;0;0;100;10;1;
8,449;-27,75;10;287;3,121299982070923;0;0;100;10;1;
8,451;-27,75;10;287;3,121299982070923;0;0;100;10;1;
8,454;-27,75;10;287;3,121299982070923;0;0;100;10;1;
8,456;-27,75;10;287;3,121299982070923;0;0;100;10;1;
8,459;-27,75;10;287;3,121299982070923;0;0;100;10;1;
8,462;-27,75;10;287,0625;3,121299982070923;0;0;100;10;1;
8,465;-27,75;10;287,0625;3,121299982070923;0;0;100;10;1;
8,468;-27,75;10;287,0625;3,121299982070923;0;0;100;10;1;
8,47;-27,75;10,0625;287,0625;3,121299982070923;0;0;100;10;1;
8,473;-27,75;10,0625;287,0625;3,121299982070923;0;0;100;10;1;
8,475;-27,75;10,0625;287,0625;3,121299982070923;0;0;100;10;1;
8,479;-27,75;10,0625;287,0625;3,978799819946289;0;0;100;10;1;
8,482;-27,75;10,0625;287,0625;3,978799819946289;0;0;100;10;1;
8,485;-27,75;10,0625;287,0625;3,978799819946289;0;0;100;10;1;
8,488;-27,75;10,0625;287,0625;3,978799819946289;0;0;100;10;1;
8,49;-27,75;10,0625;287,0625;3,978799819946289;0;0;100;10;1;
8,493;-27,75;10,0625;287,0625;3,978799819946289;0;0;100;10;1;
8,497;-27,75;10,0625;287,0625;3,978799819946289;0;0;100;10;1;
8,499;-27,75;10,0625;287,0625;3,978799819946289;0;0;100;10;1;
8,502;-27,75;10,0625;287,0625;3,978799819946289;0;0;100;10;1;
8,505;-27,75;10,0625;287,0625;3,978799819946289;0;0;100;10;1;
8,507;-27,75;10,0625;287,0625;3,978799819946289;0;0;100;10;1;
8,51;-27,75;10,0625;287,0625;3,978799819946289;0;0;100;10;1;
8,513;-27,75;10,0625;287,0625;3,978799819946289;0;0;100;10;1;
8,516;-27,75;10,0625;287,0625;3,978799819946289;0;0;100;10;1;
8,519;-27,75;10,0625;287,0625;3,978799819946289;0;0;100;10;1;
8,521;-27,75;10,0625;287,0625;3,978799819946289;0;0;100;10;1;
8,524;-27,75;10,0625;287,0625;3,978799819946289;0;0;100;10;1;
8,526;-27,75;10,0625;287,0625;3,978799819946289;0;0;100;10;1;
8,529;-27,75;10,0625;287,0625;3,978799819946289;0;0;100;10;1;
8,532;-27,75;10,0625;287,0625;3,978799819946289;0;0;100;10;1;
8,536;-27,75;10,0625;287,0625;3,978799819946289;0;0;100;10;1;
8,538;-27,75;10,0625;287,0625;3,9959499835968018;0;0;100;10;1;
8,541;-27,75;10,0625;287,0625;3,9959499835968018;0;0;100;10;1;
8,543;-27,75;10,0625;287,0625;3,9959499835968018;0;0;100;10;1;
8,547;-27,75;10,0625;287,0625;3,9959499835968018;0;0;100;10;1;
8,549;-27,75;10,0625;287,0625;3,9959499835968018;0;0;100;10;1;
8,552;-27,75;10,0625;287,0625;3,9959499835968018;0;0;100;10;1;
8,555;-27,75;10,0625;287,0625;3,9959499835968018;0;0;100;10;1;
8,558;-27,75;10,0625;287,0625;3,9959499835968018;0;0;100;10;1;
8,561;-27,75;10,0625;287,0625;3,9959499835968018;0;0;100;10;1;
8,564;-27,75;10,0625;287,0625;3,9959499835968018;0;0;100;10;1;
8,567;-27,75;10,0625;287,0625;3,9959499835968018;0;0;100;10;1;
8,57;-27,75;10,0625;287,0625;3,9959499835968018;0;0;100;10;1;
8,573;-27,75;10,0625;287,0625;3,9959499835968018;0;0;100;10;1;
8,575;-27,75;10,0625;287,0625;3,9959499835968018;0;0;100;10;1;
8,578;-27,75;10,0625;287,0625;3,9959499835968018;0;0;100;10;1;
8,582;-27,75;10,0625;287,0625;3,9959499835968018;0;0;100;10;1;
8,585;-27,75;10,0625;287,0625;3,9959499835968018;0;0;100;10;1;
8,588;-27,75;10,0625;287,0625;3,9959499835968018;0;0;100;10;1;
8,591;-27,75;10,0625;287,0625;3,9959499835968018;0;0;100;10;1;
8,594;-27,75;10,0625;287,0625;3,9959499835968018;0;0;100;10;1;
8,597;-27,75;10,0625;287,0625;3,121299982070923;0;0;100;10;1;
8,6;-27,75;10,0625;287,0625;3,121299982070923;0;0;100;10;1;
8,602;-27,75;10,0625;287,0625;3,121299982070923;0;0;100;10;1;
8,605;-27,75;10,0625;287,0625;3,121299982070923;0;0;100;10;1;
8,607;-27,75;10,0625;287,0625;3,121299982070923;0;0;100;10;1;
8,61;-27,75;10;287;3,121299982070923;0;0;100;10;1;
8,613;-27,75;10;287;3,121299982070923;0;0;100;10;1;
8,616;-27,75;10;287;3,121299982070923;0;0;100;10;1;
8,619;-27,75;10;287;3,121299982070923;0;0;100;10;1;
8,621;-27,75;10,0625;287;3,121299982070923;0;0;100;10;1;
8,624;-27,75;10,0625;287;3,121299982070923;0;0;100;10;1;
8,627;-27,75;10,0625;287;3,121299982070923;0;0;100;10;1;
8,63;-27,75;10,0625;287;3,121299982070923;0;0;100;10;1;
8,632;-27,75;10,0625;287;3,121299982070923;0;0;100;10;1;
8,636;-27,75;10,0625;287;3,121299982070923;0;0;100;10;1;
8,639;-27,75;10,0625;287;3,121299982070923;0;0;100;10;1;
8,641;-27,75;10,0625;287;3,121299982070923;0;0;100;10;1;
8,644;-27,75;10,0625;287;3,121299982070923;0;0;100;10;1;
8,647;-27,75;10,0625;287;3,121299982070923;0;0;100;10;1;
8,65;-27,75;10,0625;287;3,121299982070923;0;0;100;10;1;
8,653;-27,75;10,0625;287;3,121299982070923;0;0;100;10;1;
8,656;-27,75;10,0625;287;3,121299982070923;0;0;100;10;1;
8,658;-27,75;10,0625;287;3,121299982070923;0;0;100;10;1;
8,661;-27,75;10,0625;287;3,121299982070923;0;0;100;10;1;
8,664;-27,75;10,0625;287;3,121299982070923;0;0;100;10;1;
8,667;-27,75;10,0625;287;3,121299982070923;0;0;100;10;1;
8,67;-27,75;10,0625;287;3,121299982070923;0;0;100;10;1;
8,673;-27,75;10,0625;287;3,121299982070923;0;0;100;10;1;
8,675;-27,75;10,0625;287;3,121299982070923;0;0;100;10;1;
8,678;-27,75;10,0625;287;3,121299982070923;0;0;100;10;1;
8,681;-27,75;10,0625;287;3,121299982070923;0;0;100;10;1;
8,684;-27,75;10,0625;287;3,121299982070923;0;0;100;10;1;
8,688;-27,75;10,0625;287;3,121299982070923;0;0;100;10;1;
8,69;-27,75;10;287;3,121299982070923;0;0;100;10;1;
8,693;-27,75;10;287;3,121299982070923;0;0;100;10;1;
8,696;-27,75;10;287;3,121299982070923;0;0;100;10;1;
8,699;-27,75;10;287;3,121299982070923;0;0;100;10;1;
8,702;-27,75;10;287;3,121299982070923;0;0;100;10;1;
8,704;-27,75;10;287;3,121299982070923;0;0;100;10;1;
8,707;-27,75;10;287;3,121299982070923;0;0;100;10;1;
8,71;-27,75;10,0625;29,8125;3,121299982070923;0;0;100;10;1;
8,713;-27,75;10,0625;29,8125;3,121299982070923;0;0;100;10;1;
8,715;-27,75;10,0625;29,8125;3,121299982070923;0;0;100;10;1;
8,718;-27,75;10,0625;29,875;3,532899856567383;0;0;100;10;1;
8,721;-27,75;10,0625;29,875;3,532899856567383;0;0;100;10;1;
8,723;-27,75;10,0625;29,875;3,532899856567383;0;0;100;10;1;
8,726;-27,75;10,0625;29,875;3,532899856567383;0;0;100;10;1;
8,729;-27,75;10,0625;29,8125;3,532899856567383;0;0;100;10;1;
8,732;-27,75;10,0625;29,8125;3,532899856567383;0;0;100;10;1;
8,735;-27,75;10,0625;29,8125;3,532899856567383;0;0;100;10;1;
8,738;-27,75;10,0625;29,8125;3,532899856567383;0;0;100;10;1;
8,741;-27,75;10,0625;29,8125;3,532899856567383;0;0;100;10;1;
8,744;-27,75;10,0625;29,8125;3,532899856567383;0;0;100;10;1;
8,747;-27,75;10,0625;29,8125;3,532899856567383;0;0;100;10;1;
8,75;-27,6875;10,125;30,0625;3,532899856567383;0;0;100;10;1;
8,752;-27,6875;10,125;30,0625;3,532899856567383;0;0;100;10;1;
8,755;-27,6875;10,125;30,0625;3,532899856567383;0;0;100;10;1;
8,758;-27,625;10,25;30,3125;3,532899856567383;0;0;100;10;1;
8,761;-27,625;10,25;30,3125;3,532899856567383;0;0;100;10;1;
8,764;-27,625;10,25;30,3125;3,532899856567383;0;0;100;10;1;
8,767;-27,625;10,25;30,3125;3,532899856567383;0;0;100;10;1;
8,77;-27,4375;10,5;30,5625;3,532899856567383;0;0;100;10;1;
8,773;-27,4375;10,5;30,5625;3,532899856567383;0;0;100;10;1;
8,775;-27,4375;10,5;30,5625;3,532899856567383;0;0;100;10;1;
8,778;-27,4375;10,5;30,5625;3,9959499835968018;0;0;100;10;1;
8,781;-27,3125;10,75;30,8125;3,9959499835968018;0;0;100;10;1;
8,784;-27,3125;10,75;30,8125;3,9959499835968018;0;0;100;10;1;
8,787;-27,3125;10,75;30,8125;3,9959499835968018;0;0;100;10;1;
8,79;-27,25;11;31,1875;3,9959499835968018;0;0;100;10;1;
8,793;-27,25;11;31,1875;3,9959499835968018;0;0;100;10;1;
8,797;-27,25;11;31,1875;3,9959499835968018;0;0;100;10;1;
8,8;-27,125;11,25;31,375;3,9959499835968018;0;0;100;10;1;
8,802;-27,125;11,25;31,375;3,9959499835968018;0;0;100;10;1;
8,805;-27,125;11,25;31,375;3,9959499835968018;0;0;100;10;1;
8,808;-27;11,5;31,5;3,9959499835968018;0;0;100;10;1;
8,81;-27;11,5;31,5;3,9959499835968018;0;0;100;10;1;
8,814;-27;11,5;31,5;3,9959499835968018;0;0;100;10;1;
8,816;-27;11,5;31,5;3,9959499835968018;0;0;100;10;1;
8,819;-27;11,5;31,5;3,9959499835968018;0;0;100;10;1;
8,822;-27;11,5625;31,5;3,9959499835968018;0;0;100;10;1;
8,824;-27;11,5625;31,5;3,9959499835968018;0;0;100;10;1;
8,827;-27;11,5625;31,5;3,9959499835968018;0;0;100;10;1;
8,83;-26,9375;11,5625;31,5;3,9959499835968018;0;0;100;10;1;
8,832;-26,9375;11,5625;31,5;3,9959499835968018;0;0;100;10;1;
8,835;-26,9375;11,5625;31,5;3,9959499835968018;0;0;100;10;1;
8,839;-26,9375;11,5625;31,5;3,121299982070923;0;0;100;10;1;
8,841;-27,0625;11,5;31,5;3,121299982070923;0;0;100;10;1;
8,844;-27,0625;11,5;31,5;3,121299982070923;0;0;100;10;1;
8,847;-27,0625;11,5;31,6875;3,121299982070923;0;0;100;10;1;
8,85;-27,125;11,5;31,6875;3,121299982070923;0;0;100;10;1;
8,852;-27,125;11,5;31,6875;3,121299982070923;0;0;100;10;1;
8,855;-27,125;11,5;31,6875;3,121299982070923;0;0;100;10;1;
8,858;-27,25;11,25;31,75;3,121299982070923;0;0;100;10;1;
8,861;-27,25;11,25;31,75;3,121299982070923;0;0;100;10;1;
8,865;-27,25;11,25;31,75;3,121299982070923;0;0;100;10;1;
8,868;-27,25;11,25;31,75;3,121299982070923;0;0;100;10;1;
8,871;-27,25;11;31,6875;3,121299982070923;0;0;100;10;1;
8,873;-27,25;11;31,6875;3,121299982070923;0;0;100;10;1;
8,876;-27,25;11;31,6875;3,121299982070923;0;0;100;10;1;
8,88;-27,25;10,875;31,5625;3,121299982070923;0;0;100;10;1;
8,883;-27,25;10,875;31,5625;3,121299982070923;0;0;100;10;1;
8,886;-27,25;10,875;31,5625;3,121299982070923;0;0;100;10;1;
8,889;-27,25;10,8125;31,375;3,121299982070923;0;0;100;10;1;
8,892;-27,25;10,8125;31,375;3,121299982070923;0;0;100;10;1;
8,895;-27,25;10,8125;31,375;3,121299982070923;0;0;100;10;1;
8,898;-27,375;10,6875;31,125;3,121299982070923;0;0;100;10;1;
8,901;-27,375;10,6875;31,125;3,121299982070923;0;0;100;10;1;
8,904;-27,375;10,6875;31,125;3,121299982070923;0;0;100;10;1;
8,907;-27,375;10,6875;31,125;3,121299982070923;0;0;100;10;1;
8,909;-27,4375;10,75;31;3,121299982070923;0;0;100;10;1;
8,912;-27,4375;10,75;31;3,121299982070923;0;0;100;10;1;
8,915;-27,4375;10,75;31;3,121299982070923;0;0;100;10;1;
8,918;-27,5;10,6875;31;3,121299982070923;0;0;100;10;1;
8,921;-27,5;10,6875;31;3,121299982070923;0;0;100;10;1;
8,923;-27,5;10,6875;31;3,121299982070923;0;0;100;10;1;
8,926;-27,5;10,6875;31;3,121299982070923;0;0;100;10;1;
8,929;-27,5625;10,5625;31,125;3,121299982070923;0;0;100;10;1;
8,932;-27,5625;10,5625;31,125;3,121299982070923;0;0;100;10;1;
8,934;-27,5625;10,5625;31,125;3,121299982070923;0;0;100;10;1;
8,937;-27,5625;10,5625;31,125;3,121299982070923;0;0;100;10;1;
8,94;-27,625;10,3125;31,1875;3,121299982070923;0;0;100;10;1;
8,943;-27,625;10,3125;31,1875;3,121299982070923;0;0;100;10;1;
8,946;-27,625;10,3125;31,1875;3,121299982070923;0;0;100;10;1;
8,949;-27,625;10,125;31,125;3,121299982070923;0;0;100;10;1;
8,951;-27,625;10,125;31,125;3,121299982070923;0;0;100;10;1;
8,954;-27,625;10,125;31,125;3,121299982070923;0;0;100;10;1;
8,957;-27,625;10,125;31,125;3,121299982070923;0;0;100;10;1;
8,959;-27,625;9,9375;31;3,121299982070923;0;0;100;10;1;
8,963;-27,625;9,9375;31;3,121299982070923;0;0;100;10;1;
8,966;-27,625;9,9375;31;3,121299982070923;0;0;100;10;1;
8,969;-27,625;9,9375;30,9375;3,121299982070923;0;0;100;10;1;
8,972;-27,625;9,9375;30,9375;3,121299982070923;0;0;100;10;1;
8,975;-27,625;9,9375;30,9375;3,121299982070923;0;0;100;10;1;
8,977;-27,625;9,9375;30,9375;3,121299982070923;0;0;100;10;1;
8,98;-27,6875;9,875;30,875;3,121299982070923;0;0;100;10;1;
8,984;-27,6875;9,875;30,875;3,121299982070923;0;0;100;10;1;
8,987;-27,6875;9,875;30,875;3,121299982070923;0;0;100;10;1;
8,99;-27,75;9,875;30,9375;3,121299982070923;0;0;100;10;1;
8,993;-27,75;9,875;30,9375;3,121299982070923;0;0;100;10;1;
8,996;-27,75;9,875;30,9375;3,121299982070923;0;0;100;10;1;
8,999;-27,8125;9,6875;30,875;3,121299982070923;0;0;100;10;1;
9,002;-27,8125;9,6875;30,875;3,121299982070923;0;0;100;10;1;
9,005;-27,8125;9,6875;30,875;3,121299982070923;0;0;100;10;1;
9,007;-27,8125;9,625;30,875;3,121299982070923;0;0;100;10;1;
9,01;-27,8125;9,625;30,875;3,121299982070923;0;0;100;10;1;
9,013;-27,8125;9,625;30,875;3,121299982070923;0;0;100;10;1;
9,016;-27,8125;9,625;30,875;3,121299982070923;0;0;100;10;1;
9,019;-27,875;9,5;31;3,121299982070923;0;0;100;10;1;
9,022;-27,875;9,5;31;3,121299982070923;0;0;100;10;1;
9,024;-27,875;9,5;31;3,121299982070923;0;0;100;10;1;
9,027;-27,875;9,5;31;3,121299982070923;0;0;100;10;1;
9,03;-27,9375;9,375;31,0625;3,121299982070923;0;0;100;10;1;
9,033;-27,9375;9,375;31,0625;3,121299982070923;0;0;100;10;1;
9,035;-27,9375;9,375;31,0625;3,121299982070923;0;0;100;10;1;
9,038;-28,0625;9,125;30,9375;3,121299982070923;0;0;100;10;1;
9,041;-28,0625;9,125;30,9375;3,121299982070923;0;0;100;10;1;
9,044;-28,0625;9,125;30,9375;3,121299982070923;0;0;100;10;1;
9,047;-28,125;9,0625;30,8125;3,121299982070923;0;0;100;10;1;
9,05;-28,125;9,0625;30,8125;3,121299982070923;0;0;100;10;1;
9,053;-28,125;9,0625;30,8125;3,121299982070923;0;0;100;10;1;
9,055;-28,125;9,0625;30,8125;3,121299982070923;0;0;100;10;1;
9,058;-28,1875;8,875;30,625;3,121299982070923;0;0;100;10;1;
9,061;-28,1875;8,875;30,625;3,121299982070923;0;0;100;10;1;
9,064;-28,1875;8,875;30,625;3,121299982070923;0;0;100;10;1;
9,067;-28,1875;8,875;30,625;3,121299982070923;0;0;100;10;1;
9,07;-28,1875;8,8125;30,4375;3,121299982070923;0;0;100;10;1;
9,073;-28,1875;8,8125;30,4375;3,121299982070923;0;0;100;10;1;
9,075;-28,1875;8,8125;30,4375;3,121299982070923;0;0;100;10;1;
9,079;-28,25;8,75;30,25;3,121299982070923;0;0;100;10;1;
9,082;-28,25;8,75;30,25;3,121299982070923;0;0;100;10;1;
9,085;-28,25;8,75;30,25;3,121299982070923;0;0;100;10;1;
9,087;-28,1875;8,75;30,1875;3,121299982070923;0;0;100;10;1;
9,09;-28,1875;8,75;30,1875;3,121299982070923;0;0;100;10;1;
9,093;-28,1875;8,75;30,1875;3,121299982070923;0;0;100;10;1;
9,097;-28,1875;8,75;30,1875;3,121299982070923;0;0;100;10;1;
9,099;-28,25;8,5625;30,1875;3,121299982070923;0;0;100;10;1;
9,102;-28,25;8,5625;30,1875;3,121299982070923;0;0;100;10;1;
9,105;-28,25;8,5625;30,1875;3,121299982070923;0;0;100;10;1;
9,108;-28,25;8,5;30,375;3,121299982070923;0;0;100;10;1;
9,111;-28,25;8,5;30,375;3,121299982070923;0;0;100;10;1;
9,114;-28,25;8,5;30,375;3,121299982070923;0;0;100;10;1;
9,117;-28,25;8,5;30,375;3,121299982070923;0;0;100;10;1;
9,119;-28,3125;8,4375;30,375;3,121299982070923;0;0;100;10;1;
9,122;-28,3125;8,4375;30,375;3,121299982070923;0;0;100;10;1;
9,124;-28,3125;8,4375;30,375;3,121299982070923;0;0;100;10;1;
9,127;-28,3125;8,4375;30,375;3,121299982070923;0;0;100;10;1;
9,13;-28,25;8,3125;30,375;3,121299982070923;0;0;100;10;1;
9,132;-28,25;8,3125;30,375;3,121299982070923;0;0;100;10;1;
9,135;-28,25;8,3125;30,375;3,121299982070923;0;0;100;10;1;
9,137;-28,25;8,3125;30,375;3,121299982070923;0;0;100;10;1;
9,14;-28,3125;8,125;30,375;3,121299982070923;0;0;100;10;1;
9,143;-28,3125;8,125;30,375;3,121299982070923;0;0;100;10;1;
9,146;-28,3125;8,125;30,375;3,121299982070923;0;0;100;10;1;
9,149;-28,3125;8;30,4375;3,121299982070923;0;0;100;10;1;
9,152;-28,3125;8;30,4375;3,121299982070923;0;0;100;10;1;
9,154;-28,3125;8;30,4375;3,121299982070923;0;0;100;10;1;
9,157;-28,4375;7,8125;30,3125;3,121299982070923;0;0;100;10;1;
9,16;-28,4375;7,8125;30,3125;3,121299982070923;0;0;100;10;1;
9,164;-28,4375;7,8125;30,3125;3,121299982070923;0;0;100;10;1;
9,167;-28,4375;7,8125;30,3125;3,121299982070923;0;0;100;10;1;
9,169;-28,4375;7,75;30,25;3,121299982070923;0;0;100;10;1;
9,172;-28,4375;7,75;30,25;3,121299982070923;0;0;100;10;1;
9,174;-28,4375;7,75;30,25;3,121299982070923;0;0;100;10;1;
9,177;-28,4375;7,75;30,25;3,121299982070923;0;0;100;10;1;
9,18;-28,5;7,5625;30,0625;3,121299982070923;0;0;100;10;1;
9,183;-28,5;7,5625;30,0625;3,121299982070923;0;0;100;10;1;
9,186;-28,5;7,5625;30,0625;3,121299982070923;0;0;100;10;1;
9,188;-28,5625;7,5;29,875;3,121299982070923;0;0;100;10;1;
9,191;-28,5625;7,5;29,875;3,121299982070923;0;0;100;10;1;
9,194;-28,5625;7,5;29,875;3,121299982070923;0;0;100;10;1;
9,197;-28,625;7,5;29,75;3,1041500568389893;0;0;100;10;1;
9,2;-28,625;7,5;29,75;3,1041500568389893;0;0;100;10;1;
9,203;-28,625;7,5;29,75;3,1041500568389893;0;0;100;10;1;
9,206;-28,625;7,5;29,75;3,1041500568389893;0;0;100;10;1;
9,209;-28,6875;7,4375;29,8125;3,1041500568389893;0;0;100;10;1;
9,212;-28,6875;7,4375;29,8125;3,1041500568389893;0;0;100;10;1;
9,215;-28,6875;7,4375;29,8125;3,1041500568389893;0;0;100;10;1;
9,218;-28,6875;7,1875;29,875;3,1041500568389893;0;0;100;10;1;
9,221;-28,6875;7,1875;29,875;3,1041500568389893;0;0;100;10;1;
9,224;-28,6875;7,1875;29,875;3,1041500568389893;0;0;100;10;1;
9,227;-28,6875;7,1875;29,875;3,1041500568389893;0;0;100;10;1;
9,23;-28,75;7,0625;30,0625;3,1041500568389893;0;0;100;10;1;
9,233;-28,75;7,0625;30,0625;3,1041500568389893;0;0;100;10;1;
9,236;-28,75;7,0625;30,0625;3,1041500568389893;0;0;100;10;1;
9,238;-28,8125;6,75;30,125;3,1041500568389893;0;0;100;10;1;
9,241;-28,8125;6,75;30,125;3,1041500568389893;0;0;100;10;1;
9,244;-28,8125;6,75;30,125;3,1041500568389893;0;0;100;10;1;
9,247;-28,8125;6,75;30,125;3,1041500568389893;0;0;100;10;1;
9,25;-28,875;6,4375;30,125;3,1041500568389893;0;0;100;10;1;
9,252;-28,875;6,4375;30,125;3,1041500568389893;0;0;100;10;1;
9,255;-28,875;6,4375;30,125;3,1041500568389893;0;0;100;10;1;
9,257;-28,875;6,4375;30,125;3,121299982070923;0;0;100;10;1;
9,26;-29;6,125;29,9375;3,121299982070923;0;0;100;10;1;
9,263;-29;6,125;29,9375;3,121299982070923;0;0;100;10;1;
9,267;-29;6,125;29,9375;3,121299982070923;0;0;100;10;1;
9,27;-29,0625;5,9375;29,6875;3,121299982070923;0;0;100;10;1;
9,273;-29,0625;5,9375;29,6875;3,121299982070923;0;0;100;10;1;
9,276;-29,0625;5,9375;29,6875;3,121299982070923;0;0;100;10;1;
9,279;-29,0625;5,875;29,3125;3,121299982070923;0;0;100;10;1;
9,282;-29,0625;5,875;29,3125;3,121299982070923;0;0;100;10;1;
9,285;-29,0625;5,875;29,3125;3,121299982070923;0;0;100;10;1;
9,288;-29;5,9375;29;3,121299982070923;0;0;100;10;1;
9,291;-29;5,9375;29;3,121299982070923;0;0;100;10;1;
9,294;-29;5,9375;29;3,121299982070923;0;0;100;10;1;
9,297;-28,9375;6,125;28,6875;3,121299982070923;0;0;100;10;1;
9,301;-28,9375;6,125;28,6875;3,121299982070923;0;0;100;10;1;
9,304;-28,9375;6,125;28,6875;3,121299982070923;0;0;100;10;1;
9,307;-28,9375;6,125;28,6875;3,121299982070923;0;0;100;10;1;
9,31;-28,875;6,5;28,5;3,121299982070923;0;0;100;10;1;
9,313;-28,875;6,5;28,5;3,121299982070923;0;0;100;10;1;
9,316;-28,875;6,5;28,5;3,121299982070923;0;0;100;10;1;
9,319;-28,875;6,625;28,3125;4,407549858093262;0;0;100;10;1;
9,322;-28,875;6,625;28,3125;4,407549858093262;0;0;100;10;1;
9,324;-28,875;6,625;28,3125;4,407549858093262;0;0;100;10;1;
9,327;-28,875;6,625;28,3125;4,407549858093262;0;0;100;10;1;
9,33;-28,75;6,9375;28,25;4,407549858093262;0;0;100;10;1;
9,333;-28,75;6,9375;28,25;4,407549858093262;0;0;100;10;1;
9,335;-28,75;6,9375;28,25;4,407549858093262;0;0;100;10;1;
9,338;-28,625;6,9375;28,375;4,407549858093262;0;0;100;10;1;
9,34;-28,625;6,9375;28,375;4,407549858093262;0;0;100;10;1;
9,344;-28,625;6,9375;28,375;4,407549858093262;0;0;100;10;1;
9,347;-28,625;6,9375;28,375;4,407549858093262;0;0;100;10;1;
9,35;-28,4375;7;28,5625;4,407549858093262;0;0;100;10;1;
9,352;-28,4375;7;28,5625;4,407549858093262;0;0;100;10;1;
9,355;-28,4375;7;28,5625;4,407549858093262;0;0;100;10;1;
9,357;-28,4375;6,9375;28,75;4,407549858093262;0;0;100;10;1;
9,36;-28,4375;6,9375;28,75;4,407549858093262;0;0;100;10;1;
9,364;-28,4375;6,9375;28,75;4,407549858093262;0;0;100;10;1;
9,367;-28,4375;6,9375;28,75;4,407549858093262;0;0;100;10;1;
9,37;-28,5625;6,75;29,0625;4,407549858093262;0;0;100;10;1;
9,373;-28,5625;6,75;29,0625;4,407549858093262;0;0;100;10;1;
9,375;-28,5625;6,75;29,0625;4,407549858093262;0;0;100;10;1;
9,378;-28,75;6,5;29,25;3,121299982070923;0;0;100;10;1;
9,382;-28,75;6,5;29,25;3,121299982070923;0;0;100;10;1;
9,385;-28,75;6,5;29,25;3,121299982070923;0;0;100;10;1;
9,388;-28,9375;6,1875;29,5;3,121299982070923;0;0;100;10;1;
9,391;-28,9375;6,1875;29,5;3,121299982070923;0;0;100;10;1;
9,394;-28,9375;6,1875;29,5;3,121299982070923;0;0;100;10;1;
9,397;-28,9375;6,1875;29,5;3,121299982070923;0;0;100;10;1;
9,401;-29,0625;5,6875;29,5625;3,121299982070923;0;0;100;10;1;
9,404;-29,0625;5,6875;29,5625;3,121299982070923;0;0;100;10;1;
9,406;-29,0625;5,6875;29,5625;3,121299982070923;0;0;100;10;1;
9,409;-29,125;5,3125;29,5;3,121299982070923;0;0;100;10;1;
9,412;-29,125;5,3125;29,5;3,121299982070923;0;0;100;10;1;
9,415;-29,125;5,3125;29,5;3,121299982070923;0;0;100;10;1;
9,418;-29,1875;5;29,4375;3,121299982070923;0;0;100;10;1;
9,421;-29,1875;5;29,4375;3,121299982070923;0;0;100;10;1;
9,423;-29,1875;5;29,4375;3,121299982070923;0;0;100;10;1;
9,426;-29,1875;5;29,4375;3,121299982070923;0;0;100;10;1;
9,429;-29,25;4,8125;29,375;3,121299982070923;0;0;100;10;1;
9,433;-29,25;4,8125;29,375;3,121299982070923;0;0;100;10;1;
9,435;-29,25;4,8125;29,375;3,121299982070923;0;0;100;10;1;
9,438;-29,3125;4,6875;29,125;3,9959499835968018;0;0;100;10;1;
9,441;-29,3125;4,6875;29,125;3,9959499835968018;0;0;100;10;1;
9,444;-29,3125;4,6875;29,125;3,9959499835968018;0;0;100;10;1;
9,447;-29,3125;4,6875;29,125;3,9959499835968018;0;0;100;10;1;
9,45;-29,3125;4,6875;28,9375;3,9959499835968018;0;0;100;10;1;
9,453;-29,3125;4,6875;28,9375;3,9959499835968018;0;0;100;10;1;
9,455;-29,3125;4,6875;28,9375;3,9959499835968018;0;0;100;10;1;
9,458;-29,375;4,75;28,6875;3,9959499835968018;0;0;100;10;1;
9,46;-29,375;4,75;28,6875;3,9959499835968018;0;0;100;10;1;
9,464;-29,375;4,75;28,6875;3,9959499835968018;0;0;100;10;1;
9,466;-29,375;4,75;28,6875;3,9959499835968018;0;0;100;10;1;
9,47;-29,3125;4,8125;28,75;3,9959499835968018;0;0;100;10;1;
9,473;-29,3125;4,8125;28,75;3,9959499835968018;0;0;100;10;1;
9,475;-29,3125;4,8125;28,75;3,9959499835968018;0;0;100;10;1;
9,478;-29,25;4,8125;28,75;3,9959499835968018;0;0;100;10;1;
9,481;-29,25;4,8125;28,75;3,9959499835968018;0;0;100;10;1;
9,484;-29,25;4,8125;28,75;3,9959499835968018;0;0;100;10;1;
9,486;-29,25;4,8125;28,75;3,9959499835968018;0;0;100;10;1;
9,489;-29,1875;4,875;28,875;3,9959499835968018;0;0;100;10;1;
9,491;-29,1875;4,875;28,875;3,9959499835968018;0;0;100;10;1;
9,495;-29,1875;4,875;28,875;3,9959499835968018;0;0;100;10;1;
9,498;-29,125;4,9375;29;3,9959499835968018;0;0;100;10;1;
9,501;-29,125;4,9375;29;3,9959499835968018;0;0;100;10;1;
9,504;-29,125;4,9375;29;3,9959499835968018;0;0;100;10;1;
9,507;-29,125;4,9375;29;3,9959499835968018;0;0;100;10;1;
9,51;-29,0625;5;29,1875;3,9959499835968018;0;0;100;10;1;
9,513;-29,0625;5;29,1875;3,9959499835968018;0;0;100;10;1;
9,517;-29,0625;5;29,1875;3,9959499835968018;0;0;100;10;1;
9,519;-29,0625;5,0625;29,3125;3,9959499835968018;0;0;100;10;1;
9,522;-29,0625;5,0625;29,3125;3,9959499835968018;0;0;100;10;1;
9,525;-29,0625;5,0625;29,3125;3,9959499835968018;0;0;100;10;1;
9,527;-29,0625;5,0625;29,3125;3,9959499835968018;0;0;100;10;1;
9,531;-29,0625;5,3125;29,5;3,9959499835968018;0;0;100;10;1;
9,534;-29,0625;5,3125;29,5;3,9959499835968018;0;0;100;10;1;
9,537;-29,0625;5,3125;29,5;3,9959499835968018;0;0;100;10;1;
9,539;-29;5,4375;29,5625;3,9959499835968018;0;0;100;10;1;
9,542;-29;5,4375;29,5625;3,9959499835968018;0;0;100;10;1;
9,546;-29;5,4375;29,5625;3,9959499835968018;0;0;100;10;1;
9,55;-29;5,5;29,625;3,9959499835968018;0;0;100;10;1;
9,553;-29;5,5;29,625;3,9959499835968018;0;0;100;10;1;
9,555;-29;5,5;29,625;3,9959499835968018;0;0;100;10;1;
9,558;-28,9375;5,625;29,6875;3,121299982070923;0;0;100;10;1;
9,56;-28,9375;5,625;29,6875;3,121299982070923;0;0;100;10;1;
9,563;-28,9375;5,625;29,6875;3,121299982070923;0;0;100;10;1;
9,566;-28,9375;5,625;29,6875;3,121299982070923;0;0;100;10;1;
9,569;-28,9375;5,8125;29,8125;3,121299982070923;0;0;100;10;1;
9,572;-28,9375;5,8125;29,8125;3,121299982070923;0;0;100;10;1;
9,575;-28,9375;5,8125;29,8125;3,121299982070923;0;0;100;10;1;
9,578;-28,9375;5,875;29,9375;3,121299982070923;0;0;100;10;1;
9,581;-28,9375;5,875;29,9375;3,121299982070923;0;0;100;10;1;
9,584;-28,9375;5,875;29,9375;3,121299982070923;0;0;100;10;1;
9,587;-28,9375;5,875;29,9375;3,121299982070923;0;0;100;10;1;
9,591;-28,875;5,875;30,0625;3,121299982070923;0;0;100;10;1;
9,594;-28,875;5,875;30,0625;3,121299982070923;0;0;100;10;1;
9,597;-28,875;5,875;30,0625;3,121299982070923;0;0;100;10;1;
9,601;-28,8125;5,8125;30,25;3,121299982070923;0;0;100;10;1;
9,604;-28,8125;5,8125;30,25;3,121299982070923;0;0;100;10;1;
9,607;-28,8125;5,8125;30,25;3,121299982070923;0;0;100;10;1;
9,61;-28,8125;5,875;30,375;3,121299982070923;0;0;100;10;1;
9,613;-28,8125;5,875;30,375;3,121299982070923;0;0;100;10;1;
9,617;-28,8125;5,875;30,375;3,121299982070923;0;0;100;10;1;
9,619;-28,8125;5,9375;30,5625;3,121299982070923;0;0;100;10;1;
9,622;-28,8125;5,9375;30,5625;3,121299982070923;0;0;100;10;1;
9,625;-28,8125;5,9375;30,5625;3,121299982070923;0;0;100;10;1;
9,627;-28,8125;5,9375;30,5625;3,121299982070923;0;0;100;10;1;
9,631;-28,8125;5,9375;30,6875;3,121299982070923;0;0;100;10;1;
9,633;-28,8125;5,9375;30,6875;3,121299982070923;0;0;100;10;1;
9,636;-28,8125;5,9375;30,6875;3,121299982070923;0;0;100;10;1;
9,639;-28,875;5,875;30,75;3,121299982070923;0;0;100;10;1;
9,641;-28,875;5,875;30,75;3,121299982070923;0;0;100;10;1;
9,644;-28,875;5,875;30,75;3,121299982070923;0;0;100;10;1;
9,647;-28,875;5,875;30,75;3,121299982070923;0;0;100;10;1;
9,65;-28,875;5,875;30,875;3,121299982070923;0;0;100;10;1;
9,653;-28,875;5,875;30,875;3,121299982070923;0;0;100;10;1;
9,655;-28,875;5,875;30,875;3,121299982070923;0;0;100;10;1;
9,658;-28,875;5,875;30,875;3,121299982070923;0;0;100;10;1;
9,66;-28,875;5,8125;30,9375;3,121299982070923;0;0;100;10;1;
9,664;-28,875;5,8125;30,9375;3,121299982070923;0;0;100;10;1;
9,667;-28,875;5,8125;30,9375;3,121299982070923;0;0;100;10;1;
9,67;-28,875;5,8125;31;3,121299982070923;0;0;100;10;1;
9,673;-28,875;5,8125;31;3,121299982070923;0;0;100;10;1;
9,676;-28,875;5,8125;31;3,121299982070923;0;0;100;10;1;
9,678;-28,875;5,75;31,0625;3,1041500568389893;0;0;100;10;1;
9,682;-28,875;5,75;31,0625;3,1041500568389893;0;0;100;10;1;
9,685;-28,875;5,75;31,0625;3,1041500568389893;0;0;100;10;1;
9,688;-28,875;5,6875;31,1875;3,1041500568389893;0;0;100;10;1;
9,691;-28,875;5,6875;31,1875;3,1041500568389893;0;0;100;10;1;
9,693;-28,875;5,6875;31,1875;3,1041500568389893;0;0;100;10;1;
9,697;-28,875;5,6875;31,1875;3,1041500568389893;0;0;100;10;1;
9,7;-28,9375;5,625;31,1875;3,1041500568389893;0;0;100;10;1;
9,703;-28,9375;5,625;31,1875;3,1041500568389893;0;0;100;10;1;
9,706;-28,9375;5,625;31,1875;3,1041500568389893;0;0;100;10;1;
9,709;-28,9375;5,625;31,1875;3,1041500568389893;0;0;100;10;1;
9,711;-28,9375;5,625;31,1875;3,1041500568389893;0;0;100;10;1;
9,715;-28,9375;5,625;31,1875;3,1041500568389893;0;0;100;10;1;
9,718;-28,9375;5,5625;31,3125;3,1041500568389893;0;0;100;10;1;
9,721;-28,9375;5,5625;31,3125;3,1041500568389893;0;0;100;10;1;
9,724;-28,9375;5,5625;31,3125;3,1041500568389893;0;0;100;10;1;
9,726;-28,9375;5,5625;31,3125;3,1041500568389893;0;0;100;10;1;
9,729;-28,9375;5,5;31,375;3,1041500568389893;0;0;100;10;1;
9,733;-28,9375;5,5;31,375;3,1041500568389893;0;0;100;10;1;
9,735;-28,9375;5,5;31,375;3,1041500568389893;0;0;100;10;1;
9,738;-28,9375;5,5;31,375;3,121299982070923;0;0;100;10;1;
9,74;-28,9375;5,4375;31,4375;3,121299982070923;0;0;100;10;1;
9,743;-28,9375;5,4375;31,4375;3,121299982070923;0;0;100;10;1;
9,746;-28,9375;5,4375;31,4375;3,121299982070923;0;0;100;10;1;
9,749;-28,9375;5,375;31,4375;3,121299982070923;0;0;100;10;1;
9,752;-28,9375;5,375;31,4375;3,121299982070923;0;0;100;10;1;
9,754;-28,9375;5,375;31,4375;3,121299982070923;0;0;100;10;1;
9,757;-28,9375;5,375;31,4375;3,121299982070923;0;0;100;10;1;
9,759;-29;5,3125;31,5;3,121299982070923;0;0;100;10;1;
9,762;-29;5,3125;31,5;3,121299982070923;0;0;100;10;1;
9,765;-29;5,3125;31,5;3,121299982070923;0;0;100;10;1;
9,768;-29;5,25;31,5625;3,121299982070923;0;0;100;10;1;
9,77;-29;5,25;31,5625;3,121299982070923;0;0;100;10;1;
9,773;-29;5,25;31,5625;3,121299982070923;0;0;100;10;1;
9,777;-29;5,25;31,5625;3,121299982070923;0;0;100;10;1;
9,779;-29;5,1875;31,5625;3,121299982070923;0;0;100;10;1;
9,783;-29;5,1875;31,5625;3,121299982070923;0;0;100;10;1;
9,785;-29;5,1875;31,5625;3,121299982070923;0;0;100;10;1;
9,788;-29;5,1875;31,625;3,121299982070923;0;0;100;10;1;
9,791;-29;5,125;31,625;3,121299982070923;0;0;100;10;1;
9,794;-29;5,125;31,625;3,121299982070923;0;0;100;10;1;
9,798;-29;5,125;31,625;3,9959499835968018;0;0;100;10;1;
9,801;-29;5,0625;31,6875;3,9959499835968018;0;0;100;10;1;
9,804;-29;5,0625;31,6875;3,9959499835968018;0;0;100;10;1;
9,807;-29;5,0625;31,6875;3,9959499835968018;0;0;100;10;1;
9,81;-29;5,0625;31,6875;3,9959499835968018;0;0;100;10;1;
9,813;-29;5,0625;31,6875;3,9959499835968018;0;0;100;10;1;
9,816;-29;5,0625;31,6875;3,9959499835968018;0;0;100;10;1;
9,819;-29;5;31,75;3,9959499835968018;0;0;100;10;1;
9,822;-29;5;31,75;3,9959499835968018;0;0;100;10;1;
9,825;-29;5;31,75;3,9959499835968018;0;0;100;10;1;
9,827;-29;5;31,75;3,9959499835968018;0;0;100;10;1;
9,831;-29,0625;5;31,75;3,9959499835968018;0;0;100;10;1;
9,834;-29,0625;5;31,75;3,9959499835968018;0;0;100;10;1;
9,836;-29,0625;5;31,75;3,9959499835968018;0;0;100;10;1;
9,839;-29,0625;5;31,8125;3,9959499835968018;0;0;100;10;1;
9,841;-29,0625;5;31,8125;3,9959499835968018;0;0;100;10;1;
9,844;-29,0625;5;31,8125;3,9959499835968018;0;0;100;10;1;
9,846;-29,0625;5;31,8125;3,9959499835968018;0;0;100;10;1;
9,85;-29,0625;5;31,8125;3,9959499835968018;0;0;100;10;1;
9,853;-29,0625;5;31,8125;3,9959499835968018;0;0;100;10;1;
9,855;-29,0625;5;31,8125;3,9959499835968018;0;0;100;10;1;
9,858;-29,0625;5;31,8125;3,121299982070923;0;0;100;10;1;
9,861;-29,0625;5;31,8125;3,121299982070923;0;0;100;10;1;
9,864;-29,0625;5;31,8125;3,121299982070923;0;0;100;10;1;
9,868;-29,0625;5;31,8125;3,121299982070923;0;0;100;10;1;
9,87;-29,0625;5;31,8125;3,121299982070923;0;0;100;10;1;
9,873;-29,0625;5;31,8125;3,121299982070923;0;0;100;10;1;
9,875;-29,0625;5;31,8125;3,121299982070923;0;0;100;10;1;
9,878;-29,0625;5;31,8125;3,121299982070923;0;0;100;10;1;
9,881;-29,0625;5;31,875;3,121299982070923;0;0;100;10;1;
9,884;-29,0625;5;31,875;3,121299982070923;0;0;100;10;1;
9,887;-29,0625;5;31,875;3,121299982070923;0;0;100;10;1;
9,889;-29,0625;5;31,875;3,121299982070923;0;0;100;10;1;
9,892;-29,0625;5;31,875;3,121299982070923;0;0;100;10;1;
9,895;-29,0625;5;31,875;3,121299982070923;0;0;100;10;1;
9,898;-29,0625;5;31,875;3,121299982070923;0;0;100;10;1;
9,901;-29,0625;5;31,875;3,121299982070923;0;0;100;10;1;
9,904;-29,0625;5;31,875;3,121299982070923;0;0;100;10;1;
9,907;-29,0625;5;31,875;3,121299982070923;0;0;100;10;1;
9,91;-29,0625;5;31,875;3,121299982070923;0;0;100;10;1;
9,913;-29,0625;5;31,875;3,121299982070923;0;0;100;10;1;
9,916;-29,0625;5;31,875;3,121299982070923;0;0;100;10;1;
9,919;-29,0625;5,0625;31,875;3,121299982070923;0;0;100;10;1;
9,922;-29,0625;5,0625;31,875;3,121299982070923;0;0;100;10;1;
9,924;-29,0625;5,0625;31,875;3,121299982070923;0;0;100;10;1;
9,927;-29,0625;5,0625;31,875;3,121299982070923;0;0;100;10;1;
9,93;-29,0625;5,0625;31,875;3,121299982070923;0;0;100;10;1;
9,933;-29,0625;5,0625;31,875;3,121299982070923;0;0;100;10;1;
9,936;-29,0625;5,0625;31,875;3,121299982070923;0;0;100;10;1;
9,938;-29,0625;5,0625;31,875;3,121299982070923;0;0;100;10;1;
9,941;-29,0625;5,0625;31,875;3,121299982070923;0;0;100;10;1;
9,943;-29,0625;5,0625;31,875;3,121299982070923;0;0;100;10;1;
9,946;-29,0625;5,0625;31,875;3,121299982070923;0;0;100;10;1;
9,949;-29,0625;5,0625;31,9375;3,121299982070923;0;0;100;10;1;
9,953;-29,0625;5,0625;31,9375;3,121299982070923;0;0;100;10;1;
9,956;-29,0625;5,0625;31,9375;3,121299982070923;0;0;100;10;1;
9,959;-29,0625;5,0625;31,9375;3,121299982070923;0;0;100;10;1;
9,961;-29,0625;5,0625;31,9375;3,121299982070923;0;0;100;10;1;
9,965;-29,0625;5,0625;31,9375;3,121299982070923;0;0;100;10;1;
9,967;-29,0625;5,0625;31,9375;3,121299982070923;0;0;100;10;1;
9,97;-29,0625;5,0625;31,9375;3,121299982070923;0;0;100;10;1;
9,974;-29,0625;5,0625;31,9375;3,121299982070923;0;0;100;10;1;
9,976;-29,0625;5,0625;31,9375;3,121299982070923;0;0;100;10;1;
9,979;-29,0625;5,0625;31,9375;3,1041500568389893;0;0;100;10;1;
9,982;-29,0625;5,0625;31,9375;3,1041500568389893;0;0;100;10;1;
9,985;-29,0625;5,0625;31,9375;3,1041500568389893;0;0;100;10;1;
9,988;-29,0625;5,0625;31,9375;3,1041500568389893;0;0;100;10;1;
9,991;-29,0625;5,0625;32;3,1041500568389893;0;0;100;10;1;
9,993;-29,0625;5,0625;32;3,1041500568389893;0;0;100;10;1;
9,996;-29,0625;5,0625;32;3,1041500568389893;0;0;100;10;1;
10;-29,0625;5,125;32;3,1041500568389893;0;0;100;10;1;
10,003;-29,0625;5,125;32;3,1041500568389893;0;0;100;10;1;
10,006;-29,0625;5,125;32;3,1041500568389893;0;0;100;10;1;
10,009;-29,0625;5,125;32;3,1041500568389893;0;0;100;10;1;
10,011;-29,0625;5,125;32;3,1041500568389893;0;0;100;10;1;
10,015;-29,0625;5,125;32;3,1041500568389893;0;0;100;10;1;
10,018;-29,0625;5,125;32;3,1041500568389893;0;0;100;10;1;
10,021;-29,0625;5,125;32;3,1041500568389893;0;0;100;10;1;
10,023;-29,0625;5,125;32;3,1041500568389893;0;0;100;10;1;
10,026;-29,0625;5,125;32;3,1041500568389893;0;0;100;10;1;
10,028;-29,0625;5,125;32;3,1041500568389893;0;0;100;10;1;
10,032;-29,0625;5,125;32;3,1041500568389893;0;0;100;10;1;
10,035;-29,0625;5,125;32;3,1041500568389893;0;0;100;10;1;
10,037;-29,0625;5,125;32;3,121299982070923;0;0;100;10;1;
10,04;-29,0625;5,125;32;3,121299982070923;0;0;100;10;1;
10,043;-29,0625;5,125;32;3,121299982070923;0;0;100;10;1;
10,045;-29,0625;5,125;32;3,121299982070923;0;0;100;10;1;
10,048;-29,0625;5,125;32;3,121299982070923;0;0;100;10;1;
10,051;-29,0625;5,125;32;3,121299982070923;0;0;100;10;1;
10,054;-29,0625;5,125;32;3,121299982070923;0;0;100;10;1;
10,057;-29,0625;5,125;32;3,121299982070923;0;0;100;10;1;
10,059;-29,0625;5,1875;32,0625;3,121299982070923;0;0;100;10;1;
10,062;-29,0625;5,1875;32,0625;3,121299982070923;0;0;100;10;1;
10,065;-29,0625;5,1875;32,0625;3,121299982070923;0;0;100;10;1;
10,068;-29,0625;5,1875;32,0625;3,121299982070923;0;0;100;10;1;
10,07;-29,0625;5,1875;32,0625;3,121299982070923;0;0;100;10;1;
10,073;-29,0625;5,1875;32,0625;3,121299982070923;0;0;100;10;1;
10,076;-29,0625;5,1875;32,0625;3,121299982070923;0;0;100;10;1;
10,078;-29,0625;5,1875;32,0625;3,121299982070923;0;0;100;10;1;
10,081;-29,0625;5,1875;32,0625;3,121299982070923;0;0;100;10;1;
10,085;-29,0625;5,1875;32,0625;3,121299982070923;0;0;100;10;1;
10,088;-29,0625;5,1875;32,0625;3,121299982070923;0;0;100;10;1;
10,091;-29,0625;5,1875;32,0625;3,121299982070923;0;0;100;10;1;
10,093;-29,0625;5,1875;32,0625;3,121299982070923;0;0;100;10;1;
10,096;-29,0625;5,1875;32,0625;3,121299982070923;0;0;100;10;1;
10,099;-29,0625;5,1875;32,0625;3,121299982070923;0;0;100;10;1;
10,102;-29;5,1875;32,0625;3,121299982070923;0;0;100;10;1;
10,105;-29;5,1875;32,0625;3,121299982070923;0;0;100;10;1;
10,108;-29;5,1875;32,0625;3,121299982070923;0;0;100;10;1;
10,111;-29;5,1875;32,0625;3,121299982070923;0;0;100;10;1;
10,114;-29;5,1875;32,0625;3,121299982070923;0;0;100;10;1;
10,117;-29;5,1875;32,0625;3,121299982070923;0;0;100;10;1;
10,12;-29;5,1875;32,0625;3,121299982070923;0;0;100;10;1;
10,122;-29;5,1875;32,0625;3,121299982070923;0;0;100;10;1;
10,125;-29;5,1875;32,0625;3,121299982070923;0;0;100;10;1;
10,128;-29;5,1875;32,0625;3,121299982070923;0;0;100;10;1;
10,131;-29;5,1875;32,125;3,121299982070923;0;0;100;10;1;
10,133;-29;5,1875;32,125;3,121299982070923;0;0;100;10;1;
10,136;-29;5,1875;32,125;3,121299982070923;0;0;100;10;1;
10,138;-29;5,1875;32,125;3,121299982070923;0;0;100;10;1;
10,141;-29;5,1875;32,125;3,121299982070923;0;0;100;10;1;
10,143;-29;5,1875;32,125;3,121299982070923;0;0;100;10;1;
10,146;-29;5,1875;32,125;3,121299982070923;0;0;100;10;1;
10,149;-29;5,1875;32,125;3,121299982070923;0;0;100;10;1;
10,151;-29;5,1875;32,125;3,121299982070923;0;0;100;10;1;
10,155;-29;5,1875;32,125;3,121299982070923;0;0;100;10;1;
10,157;-29;5,1875;32,125;3,121299982070923;0;0;100;10;1;
10,161;-29;5,1875;32,125;3,121299982070923;0;0;100;10;1;
10,164;-29;5,1875;32,125;3,121299982070923;0;0;100;10;1;
10,167;-29;5,1875;32,125;3,121299982070923;0;0;100;10;1;
10,169;-29;5,1875;32,125;3,121299982070923;0;0;100;10;1;
10,172;-29;5,1875;32,125;3,121299982070923;0;0;100;10;1;
10,174;-29;5,1875;32,125;3,121299982070923;0;0;100;10;1;
10,177;-29;5,1875;32,125;3,121299982070923;0;0;100;10;1;
10,18;-29;5,25;32,1875;3,121299982070923;0;0;100;10;1;
10,184;-29;5,25;32,1875;3,121299982070923;0;0;100;10;1;
10,186;-29;5,25;32,1875;3,121299982070923;0;0;100;10;1;
10,189;-29;5,25;32,1875;3,121299982070923;0;0;100;10;1;
10,192;-29;5,25;32,1875;3,121299982070923;0;0;100;10;1;
10,194;-29;5,25;32,1875;3,121299982070923;0;0;100;10;1;
10,197;-29;5,25;32,1875;3,121299982070923;0;0;100;10;1;
10,2;-29;5,25;32,1875;3,121299982070923;0;0;100;10;1;
10,203;-29;5,25;32,1875;3,121299982070923;0;0;100;10;1;
10,206;-29;5,25;32,1875;3,121299982070923;0;0;100;10;1;
10,209;-29;5,25;32,1875;3,121299982070923;0;0;100;10;1;
10,212;-29;5,25;32,1875;3,121299982070923;0;0;100;10;1;
10,215;-29;5,25;32,1875;3,121299982070923;0;0;100;10;1;
10,218;-29;5,25;32,1875;3,1041500568389893;0;0;100;10;1;
10,22;-29;5,25;32,25;3,1041500568389893;0;0;100;10;1;
10,223;-29;5,25;32,25;3,1041500568389893;0;0;100;10;1;
10,225;-29;5,25;32,25;3,1041500568389893;0;0;100;10;1;
10,228;-29;5,25;32,25;3,1041500568389893;0;0;100;10;1;
10,231;-29;5,25;32,25;3,1041500568389893;0;0;100;10;1;
10,234;-29;5,25;32,25;3,1041500568389893;0;0;100;10;1;
10,236;-29;5,25;32,25;3,1041500568389893;0;0;100;10;1;
10,239;-29;5,25;32,25;3,1041500568389893;0;0;100;10;1;
10,241;-29;5,3125;32,25;3,1041500568389893;0;0;100;10;1;
10,244;-29;5,3125;32,25;3,1041500568389893;0;0;100;10;1;
10,247;-29;5,3125;32,25;3,1041500568389893;0;0;100;10;1;
10,25;-29;5,3125;32,25;3,1041500568389893;0;0;100;10;1;
10,252;-29;5,3125;32,25;3,1041500568389893;0;0;100;10;1;
10,255;-29;5,3125;32,25;3,1041500568389893;0;0;100;10;1;
10,258;-29;5,375;32,3125;3,1041500568389893;0;0;100;10;1;
10,261;-29;5,375;32,3125;3,1041500568389893;0;0;100;10;1;
10,264;-29;5,375;32,3125;3,1041500568389893;0;0;100;10;1;
10,267;-29;5,375;32,3125;3,1041500568389893;0;0;100;10;1;
10,269;-29;5,375;32,3125;3,1041500568389893;0;0;100;10;1;
10,272;-29;5,375;32,3125;3,1041500568389893;0;0;100;10;1;
10,275;-29;5,375;32,3125;3,1041500568389893;0;0;100;10;1;
10,278;-29;5,375;32,3125;3,1041500568389893;0;0;100;10;1;
10,281;-29;5,375;32,3125;3,9959499835968018;0;0;100;10;1;
10,283;-29;5,375;32,3125;3,9959499835968018;0;0;100;10;1;
10,286;-29;5,375;32,3125;3,9959499835968018;0;0;100;10;1;
10,289;-29;5,375;32,3125;3,9959499835968018;0;0;100;10;1;
10,292;-29;5,375;32,375;3,9959499835968018;0;0;100;10;1;
10,294;-29;5,375;32,375;3,9959499835968018;0;0;100;10;1;
10,297;-29;5,375;32,375;3,9959499835968018;0;0;100;10;1;
10,3;-29;5,375;32,375;3,9959499835968018;0;0;100;10;1;
10,303;-29;5,375;32,375;3,9959499835968018;0;0;100;10;1;
10,307;-29;5,375;32,375;3,9959499835968018;0;0;100;10;1;
10,31;-29;5,375;32,375;3,9959499835968018;0;0;100;10;1;
10,313;-29;5,375;32,375;3,9959499835968018;0;0;100;10;1;
10,316;-29;5,375;32,375;3,9959499835968018;0;0;100;10;1;
10,319;-29;5,375;32,375;3,9959499835968018;0;0;100;10;1;
10,321;-29;5,375;32,375;3,9959499835968018;0;0;100;10;1;
10,324;-29;5,375;32,375;3,9959499835968018;0;0;100;10;1;
10,326;-29;5,375;32,375;3,9959499835968018;0;0;100;10;1;
10,329;-29;5,375;32,375;3,9959499835968018;0;0;100;10;1;
10,333;-29;5,375;32,375;3,9959499835968018;0;0;100;10;1;
10,336;-29;5,375;32,375;3,9959499835968018;0;0;100;10;1;
10,338;-29;5,375;32,375;3,121299982070923;0;0;100;10;1;
10,341;-29;5,4375;32,4375;3,121299982070923;0;0;100;10;1;
10,343;-29;5,4375;32,4375;3,121299982070923;0;0;100;10;1;
10,346;-29;5,4375;32,4375;3,121299982070923;0;0;100;10;1;
10,349;-29;5,4375;32,4375;3,121299982070923;0;0;100;10;1;
10,351;-29;5,375;32,4375;3,121299982070923;0;0;100;10;1;
10,354;-29;5,375;32,4375;3,121299982070923;0;0;100;10;1;
10,357;-29;5,375;32,4375;3,121299982070923;0;0;100;10;1;
10,36;-29;5,4375;32,4375;3,121299982070923;0;0;100;10;1;
10,362;-29;5,4375;32,4375;3,121299982070923;0;0;100;10;1;
10,366;-29;5,4375;32,4375;3,121299982070923;0;0;100;10;1;
10,368;-29;5,375;32,4375;3,121299982070923;0;0;100;10;1;
10,371;-29;5,375;32,4375;3,121299982070923;0;0;100;10;1;
10,374;-29;5,375;32,4375;3,121299982070923;0;0;100;10;1;
10,376;-29;5,375;32,4375;3,121299982070923;0;0;100;10;1;
10,379;-29;5,375;32,4375;3,121299982070923;0;0;100;10;1;
10,382;-29;5,4375;32,4375;3,121299982070923;0;0;100;10;1;
10,385;-29;5,4375;32,4375;3,121299982070923;0;0;100;10;1;
10,388;-29;5,4375;32,4375;3,121299982070923;0;0;100;10;1;
10,391;-29;5,375;32,5;3,121299982070923;0;0;100;10;1;
10,394;-29;5,375;32,5;3,121299982070923;0;0;100;10;1;
10,396;-29;5,375;32,5;3,121299982070923;0;0;100;10;1;
10,4;-29;5,375;32,5;3,121299982070923;0;0;100;10;1;
10,403;-29;5,4375;32,5;3,121299982070923;0;0;100;10;1;
10,406;-29;5,4375;32,5;3,121299982070923;0;0;100;10;1;
10,409;-29;5,375;32,5;3,121299982070923;0;0;100;10;1;
10,412;-29;5,375;32,5;3,121299982070923;0;0;100;10;1;
10,415;-29;5,375;32,5;3,121299982070923;0;0;100;10;1;
10,418;-29;5,375;32,5;3,121299982070923;0;0;100;10;1;
10,42;-29;5,375;32,5;3,121299982070923;0;0;100;10;1;
10,423;-29;5,375;32,5;3,121299982070923;0;0;100;10;1;
10,425;-29;5,375;32,5;3,121299982070923;0;0;100;10;1;
10,428;-29;5,375;32,5;3,121299982070923;0;0;100;10;1;
10,431;-29;5,375;32,5625;3,121299982070923;0;0;100;10;1;
10,434;-29;5,375;32,5625;3,121299982070923;0;0;100;10;1;
10,437;-29;5,375;32,5625;3,121299982070923;0;0;100;10;1;
10,439;-29;5,375;32,5625;3,121299982070923;0;0;100;10;1;
10,442;-29;5,375;32,5625;3,121299982070923;0;0;100;10;1;
10,444;-29;5,375;32,5625;3,121299982070923;0;0;100;10;1;
10,447;-29;5,375;32,5625;3,121299982070923;0;0;100;10;1;
10,45;-29;5,375;32,5625;3,121299982070923;0;0;100;10;1;
10,453;-29;5,375;32,5625;3,121299982070923;0;0;100;10;1;
10,455;-29;5,375;32,5625;3,121299982070923;0;0;100;10;1;
10,458;-29;5,3125;32,625;3,121299982070923;0;0;100;10;1;
10,462;-29;5,3125;32,625;3,121299982070923;0;0;100;10;1;
10,465;-29;5,3125;32,625;3,121299982070923;0;0;100;10;1;
10,468;-29;5,3125;32,625;3,121299982070923;0;0;100;10;1;
10,471;-29;5,3125;32,625;3,121299982070923;0;0;100;10;1;
10,474;-29;5,3125;32,625;3,121299982070923;0;0;100;10;1;
10,476;-29;5,3125;32,625;3,121299982070923;0;0;100;10;1;
10,479;-29;5,3125;32,625;3,121299982070923;0;0;100;10;1;
10,482;-29;5,25;32,625;3,121299982070923;0;0;100;10;1;
10,485;-29;5,25;32,625;3,121299982070923;0;0;100;10;1;
10,488;-29;5,25;32,625;3,121299982070923;0;0;100;10;1;
10,491;-29;5,25;32,6875;3,121299982070923;0;0;100;10;1;
10,494;-29;5,25;32,6875;3,121299982070923;0;0;100;10;1;
10,496;-29;5,25;32,6875;3,121299982070923;0;0;100;10;1;
10,5;-29;5,25;32,75;3,121299982070923;0;0;100;10;1;
