time,copter_pitch_angle,copter_pitch_angle_kal,copter_pitch_angle_komp,copter_roll_angle,copter_roll_angle_kal,copter_roll_angle_komp,
350.822,29.5625,29.555665969848633,29.565872192382812,0,0.08997857570648193,0.08853119611740112,
350.832,29.5625,29.555665969848633,29.565872192382812,0,0.08997857570648193,0.08853119611740112,
350.842,29.5625,29.54936981201172,29.56170654296875,0,0.08695729821920395,0.08641475439071655,
350.852,29.5625,29.546504974365234,29.55953025817871,0,0.08291178196668625,0.08222394436597824,
350.862,29.5625,29.553329467773438,29.563716888427734,0,0.08061239868402481,0.07985840737819672,
350.872,29.5625,29.560213088989258,29.568252563476562,0,0.08335674554109573,0.08203567564487457,
350.882,29.5625,29.562849044799805,29.569948196411133,0,0.08605846762657166,0.08486268669366837,
350.892,29.5625,29.561296463012695,29.568689346313477,0,0.0837128609418869,0.08314230293035507,
350.902,29.5625,29.556095123291016,29.56536865234375,0,0.07787944376468658,0.07794881612062454,
350.912,29.5625,29.557785034179688,29.566404342651367,0,0.07566937804222107,0.07512297481298447,
350.922,29.5625,29.565187454223633,29.571083068847656,0,0.0791081041097641,0.07694917917251587,
350.932,29.5625,29.56810760498047,29.572912216186523,0,0.08456408977508545,0.08150631189346313,
350.942,29.5625,29.56275749206543,29.5694637298584,0,0.08346518129110336,0.08118285983800888,
350.952,29.5625,29.5577335357666,29.566211700439453,0,0.0811554342508316,0.0798974335193634,
350.962,29.5625,29.563093185424805,29.569459915161133,0,0.08059050142765045,0.08001434057950974,
350.972,29.5625,29.56751251220703,29.572206497192383,0,0.0771162286400795,0.07715071737766266,
350.982,29.5625,29.567750930786133,29.572328567504883,0,0.0778515636920929,0.07694558054208755,
350.992,29.5625,29.559967041015625,29.566967010498047,0,0.0756567195057869,0.0750184878706932,
351.002,29.5625,29.557106018066406,29.565105438232422,0,0.07265432178974152,0.07316731661558151,
351.012,29.5625,29.561269760131836,29.567481994628906,0,0.07677527517080307,0.076939158141613,
351.022,29.5625,29.556739807128906,29.564367294311523,0,0.08457066118717194,0.08388151973485947,
351.032,29.5625,29.549280166625977,29.558908462524414,0,0.08348585665225983,0.08328387886285782,
351.042,29.5625,29.545854568481445,29.555864334106445,0,0.08095522224903107,0.08101073652505875,
351.052,29.5625,29.54663848876953,29.556060791015625,0,0.07808185368776321,0.07869332283735275,
351.062,29.5625,29.55088996887207,29.55828285217285,0,0.08171569555997849,0.08172190189361572,
351.072,29.5625,29.563051223754883,29.565631866455078,0,0.08336682617664337,0.08294233679771423,
351.082,29.5625,29.563459396362305,29.56589126586914,0,0.08850695937871933,0.08664745837450027,
351.092,29.5625,29.54952049255371,29.55661964416504,0,0.08649471402168274,0.08489453792572021,
351.102,29.5625,29.539976119995117,29.55011749267578,0,0.0861850306391716,0.08466322720050812,
351.112,29.5625,29.54766082763672,29.55495834350586,0,0.08673761039972305,0.08543369174003601,
351.122,29.5625,29.553340911865234,29.558650970458984,0,0.08728843927383423,0.08656202256679535,
351.132,29.5625,29.553756713867188,29.55879783630371,0,0.08929170668125153,0.0889955386519432,
351.142,29.5625,29.547786712646484,29.554794311523438,0,0.08871859312057495,0.0882677286863327,
351.152,29.5625,29.549148559570312,29.555803298950195,0,0.08875706046819687,0.08787965774536133,
351.162,29.5625,29.558874130249023,29.561901092529297,0,0.09195833653211594,0.09071079641580582,
351.172,29.5625,29.559776306152344,29.56279182434082,0,0.0947100892663002,0.09339479357004166,
351.182,29.5625,29.55902099609375,29.562273025512695,0,0.09403516352176666,0.09210223704576492,
351.192,29.5625,29.55438232421875,29.559280395507812,0,0.08777600526809692,0.08648793399333954,
351.202,29.5625,29.554149627685547,29.559215545654297,0,0.08597464114427567,0.0846157893538475,
351.212,29.5625,29.55862808227539,29.561952590942383,0,0.08566311746835709,0.08421783894300461,
351.222,29.5625,29.56192398071289,29.564632415771484,0,0.09154713153839111,0.08761633932590485,
351.232,29.5625,29.56192398071289,29.564632415771484,0,0.09154713153839111,0.08761633932590485,
351.242,29.5625,29.563125610351562,29.56585693359375,0,0.09088511765003204,0.08709032088518143,
351.252,29.5625,29.56654930114746,29.56840705871582,0,0.0892399251461029,0.08584676682949066,
351.262,29.5625,29.57070541381836,29.57140350341797,0,0.08909185975790024,0.08526265621185303,
351.272,29.5625,29.57415008544922,29.573945999145508,0,0.09493659436702728,0.08953794836997986,
351.282,29.5625,29.5730037689209,29.573440551757812,0,0.09628750383853912,0.09079959243535995,
351.292,29.5625,29.566585540771484,29.56954002380371,0,0.09492284059524536,0.08982789516448975,
351.302,29.5625,29.566450119018555,29.56902313232422,0,0.09588180482387543,0.09128008782863617,
351.312,29.5625,29.571441650390625,29.572072982788086,0,0.09683239459991455,0.09226658195257187,
351.322,29.5625,29.57338523864746,29.573556900024414,0,0.09841328114271164,0.09514258056879044,
351.332,29.5625,29.57338523864746,29.573556900024414,0,0.09841328114271164,0.09514258056879044,
351.342,29.5625,29.569427490234375,29.570724487304688,0,0.09577808529138565,0.09337436407804489,
351.352,29.5625,29.571645736694336,29.57192039489746,0,0.09818139672279358,0.0953315943479538,
351.362,29.5625,29.574670791625977,29.57438850402832,0,0.10202226042747498,0.0978359505534172,
351.372,29.5625,29.581867218017578,29.579200744628906,0,0.10198996961116791,0.09752410650253296,
351.382,29.5625,29.581867218017578,29.579200744628906,0,0.10198996961116791,0.09752410650253296,
351.392,29.5625,29.583415985107422,29.58037757873535,0,0.10428221523761749,0.0998811349272728,
351.402,29.5625,29.581050872802734,29.57907485961914,0,0.11006884276866913,0.10468808561563492,
351.412,29.5625,29.57792854309082,29.57680320739746,0,0.11053601652383804,0.10516708344221115,
351.422,29.5625,29.571880340576172,29.57242202758789,0,0.10815688222646713,0.10271960496902466,
351.432,29.5625,29.571880340576172,29.57242202758789,0,0.10815688222646713,0.10271960496902466,
351.442,29.5625,29.57387351989746,29.57386589050293,0,0.10595615208148956,0.10064879059791565,
351.452,29.5625,29.576040267944336,29.57567024230957,0,0.10586089640855789,0.1001543253660202,
351.462,29.5625,29.57936668395996,29.577693939208984,0,0.10722697526216507,0.10164382308721542,
351.472,29.5625,29.578683853149414,29.577621459960938,0,0.12002003192901611,0.11236926913261414,
351.482,29.5625,29.578683853149414,29.577621459960938,0,0.12002003192901611,0.11236926913261414,
351.492,29.5625,29.57604217529297,29.576263427734375,0,0.11700607091188431,0.11065419018268585,
351.502,29.5625,29.585689544677734,29.582643508911133,0,0.1184399351477623,0.11203636974096298,
351.512,29.5625,29.58710289001465,29.584117889404297,0,0.12402763217687607,0.11644227057695389,
351.522,29.5625,29.584463119506836,29.582942962646484,0,0.1174309030175209,0.11089123785495758,
351.532,29.5625,29.584463119506836,29.582942962646484,0,0.1174309030175209,0.11089123785495758,
351.542,29.5625,29.58489990234375,29.58309555053711,0,0.12003739178180695,0.11349211633205414,
351.552,29.5625,29.593116760253906,29.588563919067383,0,0.12262482941150665,0.11556513607501984,
351.562,29.5625,29.588438034057617,29.5858097076416,0,0.12369608134031296,0.11600290983915329,
351.572,29.5625,29.57114028930664,29.57430076599121,0,0.12200255692005157,0.11405438929796219,
351.582,29.5625,29.57114028930664,29.57430076599121,0,0.12200255692005157,0.11405438929796219,
351.592,29.5625,29.569652557373047,29.573043823242188,0,0.12306057661771774,0.11528630554676056,
351.602,29.5625,29.57924461364746,29.578826904296875,0,0.12202824652194977,0.11490486562252045,
351.612,29.5625,29.57794761657715,29.578266143798828,0,0.12477561831474304,0.11723972111940384,
351.622,29.5625,29.576213836669922,29.577545166015625,0,0.11711163073778152,0.11094406992197037,
351.632,29.5625,29.576213836669922,29.577545166015625,0,0.11711163073778152,0.11094406992197037,
351.642,29.5625,29.574420928955078,29.576580047607422,0,0.11494810879230499,0.10955393314361572,
351.652,29.5625,29.57798194885254,29.57855796813965,0,0.11721492558717728,0.1117173582315445,
351.662,29.5625,29.575258255004883,29.576494216918945,0,0.12006554752588272,0.11375238746404648,
351.672,29.5625,29.56589698791504,29.570566177368164,0,0.11788385361433029,0.11133626848459244,
351.682,29.5625,29.56589698791504,29.570566177368164,0,0.11788385361433029,0.11133626848459244,
351.692,29.5625,29.5698299407959,29.572790145874023,0,0.11694535613059998,0.11053239554166794,
351.702,29.5625,29.573501586914062,29.575408935546875,0,0.11455917358398438,0.10853678733110428,
351.712,29.5625,29.57339096069336,29.575183868408203,0,0.11574240028858185,0.10940206050872803,
351.722,29.5625,29.570880889892578,29.573591232299805,0,0.10691346973180771,0.10280992090702057,
351.732,29.5625,29.570880889892578,29.573591232299805,0,0.10691346973180771,0.10280992090702057,
351.742,29.5625,29.57535743713379,29.576622009277344,0,0.1067543625831604,0.10231445729732513,
351.752,29.5625,29.576648712158203,29.577150344848633,0,0.1068313866853714,0.10256306082010269,
351.762,29.5625,29.574806213378906,29.57577133178711,0,0.10606107115745544,0.10183148831129074,
351.772,29.5625,29.569271087646484,29.572067260742188,0,0.106603242456913,0.10255616903305054,
351.782,29.5625,29.569271087646484,29.572067260742188,0,0.106603242456913,0.10255616903305054,
351.792,29.5625,29.572525024414062,29.574180603027344,0,0.10460813343524933,0.10142753273248672,
351.802,29.5625,29.57818603515625,29.578052520751953,0,0.10326249152421951,0.10006418824195862,
351.812,29.5625,29.570985794067383,29.573427200317383,0,0.10584810376167297,0.10119018703699112,
351.822,29.5625,29.551774978637695,29.560483932495117,0,0.10333645343780518,0.09945014864206314,
351.832,29.5625,29.551774978637695,29.560483932495117,0,0.10333645343780518,0.09945014864206314,
351.842,29.5625,29.56057357788086,29.56585693359375,0,0.0963980108499527,0.09418386965990067,
351.852,29.5625,29.575946807861328,29.575706481933594,0,0.0931110605597496,0.09140492975711823,
351.862,29.5625,29.58135223388672,29.579315185546875,0,0.09697739779949188,0.09454644471406937,
351.872,29.5625,29.556230545043945,29.56266975402832,0,0.10023415833711624,0.09688211977481842,
351.882,29.5625,29.556230545043945,29.56266975402832,0,0.10023415833711624,0.09688211977481842,
351.892,29.5625,29.549999237060547,29.55792999267578,0,0.09895285218954086,0.09674997627735138,
351.902,29.5625,29.556827545166016,29.561782836914062,0,0.10147014260292053,0.09966392815113068,
351.912,29.5625,29.56308364868164,29.56560516357422,0,0.10080484300851822,0.09881230443716049,
351.922,29.5625,29.550140380859375,29.557422637939453,0,0.0926484763622284,0.0905316174030304,
351.932,29.5625,29.550636291503906,29.55731773376465,0,0.09355472028255463,0.09215889126062393,
351.942,29.5625,29.55976104736328,29.562753677368164,0,0.09705151617527008,0.09637702256441116,
351.952,29.5625,29.559009552001953,29.56191062927246,0,0.09959108382463455,0.09865319728851318,
351.962,29.5625,29.560117721557617,29.562488555908203,0,0.09396827965974808,0.09337358176708221,
351.972,29.5625,29.563642501831055,29.564922332763672,0,0.08818677067756653,0.08810346573591232,
351.982,29.5625,29.560731887817383,29.563350677490234,0,0.08772104978561401,0.08819063752889633,
351.992,29.5625,29.56547737121582,29.566452026367188,0,0.09130021184682846,0.09234897792339325,
352.002,29.5625,29.555957794189453,29.56039047241211,0,0.09493034332990646,0.09520785510540009,
352.012,29.5625,29.54726791381836,29.5546932220459,0,0.09375051409006119,0.09458592534065247,
352.022,29.5625,29.549236297607422,29.555856704711914,0,0.08676864951848984,0.08838462084531784,
352.032,29.5625,29.562644958496094,29.56471824645996,0,0.08658309280872345,0.08798683434724808,
352.042,29.5625,29.576570510864258,29.573827743530273,0,0.08787290751934052,0.08891845494508743,
352.052,29.5625,29.576663970947266,29.57398796081543,0,0.0932857021689415,0.0934990718960762,
352.062,29.5625,29.562835693359375,29.56484031677246,0,0.09481978416442871,0.09552110731601715,
352.072,29.5625,29.562835693359375,29.56484031677246,0,0.09573519974946976,0.09552110731601715,
352.082,29.5625,29.55939292907715,29.562576293945312,0,0.0931059941649437,0.09527014195919037,
352.092,29.5625,29.55939292907715,29.562576293945312,0,0.0931059941649437,0.09527014195919037,
352.102,29.5625,29.580835342407227,29.577007293701172,0,0.09423552453517914,0.09547223895788193,
352.112,29.5625,29.57649040222168,29.57460594177246,0,0.09410169720649719,0.09438130259513855,
352.122,29.5625,29.575742721557617,29.574373245239258,0,0.09066208451986313,0.09209037572145462,
352.132,29.5625,29.583189010620117,29.578977584838867,0,0.09458041936159134,0.09571058303117752,
352.142,29.5625,29.591075897216797,29.578977584838867,0,0.09368179738521576,0.09582681953907013,
352.152,29.5625,29.591075897216797,29.584238052368164,0,0.09488097578287125,0.09582681953907013,
352.162,29.5625,29.5872802734375,29.583053588867188,0,0.09290885925292969,0.0945606678724289,
352.172,29.5625,29.583560943603516,29.583053588867188,0,0.0895087718963623,0.09127430617809296,
352.182,29.5625,29.58485984802246,29.58116912841797,0,0.08761804550886154,0.0895209014415741,
352.192,29.5625,29.58485984802246,29.58228302001953,0,0.08761804550886154,0.0895209014415741,
352.202,29.5625,29.59375762939453,29.588315963745117,0,0.09379926323890686,0.09527570009231567,
352.212,29.5625,29.59375762939453,29.588315963745117,0,0.09379926323890686,0.09527570009231567,
352.222,29.5625,29.590734481811523,29.586462020874023,0,0.08846504241228104,0.09208054840564728,
352.232,29.5625,29.592079162597656,29.58725929260254,0,0.09220815449953079,0.09012401103973389,
352.242,29.5625,29.59831428527832,29.591266632080078,0,0.09585993736982346,0.0926349088549614,
352.252,29.5625,29.59537696838379,29.58945083618164,0,0.09585993736982346,0.09596458822488785,
352.262,29.5625,29.5877742767334,29.58465576171875,0,0.09671840071678162,0.09773745387792587,
352.272,29.5625,29.5877742767334,29.58465576171875,0,0.09671840071678162,0.09773745387792587,
352.282,29.5625,29.589542388916016,29.585956573486328,0,0.08823763579130173,0.09054849296808243,
352.292,29.5625,29.5988712310791,29.592477798461914,0,0.08804213255643845,0.08953984826803207,
352.302,29.5625,29.603168487548828,29.598499298095703,0,0.09067658334970474,0.09138533473014832,
352.312,29.5625,29.596982955932617,29.59612464904785,0,0.08728514611721039,0.08929915726184845,
352.322,29.5625,29.596982955932617,29.59210968017578,0,0.08728514611721039,0.08929915726184845,
352.332,29.5625,29.590953826904297,29.588388442993164,0,0.08916644006967545,0.09140175580978394,
352.342,29.5625,29.59013557434082,29.587919235229492,0,0.10889752209186554,0.10812150686979294,
352.352,29.5625,29.600534439086914,29.5947265625,0,0.08206064999103546,0.08559282124042511,
352.362,29.5625,29.60374641418457,29.59686851501465,0,0.08859901875257492,0.06689760088920593,
352.372,29.5625,29.608659744262695,29.601194381713867,0,0.07080408185720444,0.07605034857988358,
352.382,29.5625,29.608659744262695,29.6008243560791,0,0.07080408185720444,0.07605034857988358,
352.392,29.5625,29.54694366455078,29.561716079711914,0,0.12147456407546997,0.11817678809165955,
352.402,29.5625,29.562410354614258,29.57109832763672,0,0.1433798223733902,0.13752533495426178,
352.412,29.5625,29.53108787536621,29.551015853881836,0,0.11835220456123352,0.14639313519001007,
352.422,29.5625,29.553279876708984,29.56516456604004,0,0.11835220456123352,0.117009237408638,
352.432,29.5625,29.540836334228516,29.557754516601562,0,0.12857215106487274,0.12433132529258728,
352.442,29.5625,29.535762786865234,29.55493927001953,0,0.12371945381164551,0.119674451649189,
352.452,29.5625,29.531160354614258,29.552026748657227,0,0.12042246758937836,0.11670894175767899,
352.462,29.5625,29.549381256103516,29.56357765197754,0,0.13174590468406677,0.1270800232887268,
352.472,29.5625,29.53188133239746,29.552074432373047,0,0.1242380365729332,0.121251679956913,
352.482,29.5625,29.51851463317871,29.543325424194336,0,0.12467271834611893,0.12150207161903381,
352.492,29.5625,29.533658981323242,29.552568435668945,0,0.10879277437925339,0.10768347233533859,
352.502,29.5625,29.560022354125977,29.569446563720703,0,0.09300722181797028,0.09372296929359436,
352.512,29.5625,29.55804443359375,29.568531036376953,0,0.09709930419921875,0.09723280370235443,
352.522,29.5625,29.55980682373047,29.569713592529297,0,0.10547483712434769,0.10459556430578232,
352.532,29.5625,29.542024612426758,29.558563232421875,0,0.1084902212023735,0.10720641165971756,
352.542,29.5625,29.524497985839844,29.547332763671875,0,0.10649019479751587,0.10582694411277771,
352.552,29.5625,29.517662048339844,29.54283332824707,0,0.09415791928768158,0.09505201876163483,
352.562,29.5625,29.545726776123047,29.56036949157715,0,0.09511839598417282,0.09524600952863693,
352.572,29.5625,29.552959442138672,29.56484031677246,0,0.10041743516921997,0.0992380827665329,
352.582,29.5625,29.541240692138672,29.556909561157227,0,0.10243875533342361,0.10073715448379517,
352.592,29.5625,29.53917694091797,29.555028915405273,0,0.10237378627061844,0.10122395306825638,
352.602,29.5625,29.5412540435791,29.555641174316406,0,0.09962299466133118,0.09955966472625732,
352.612,29.5625,29.543489456176758,29.556673049926758,0,0.09593638777732849,0.09732452034950256,
352.622,29.5625,29.544403076171875,29.556957244873047,0,0.10146205127239227,0.1011706069111824,
352.632,29.5625,29.540027618408203,29.55425453186035,0,0.10058993846178055,0.09939021617174149,
352.642,29.5625,29.53547477722168,29.551301956176758,0,0.09180565923452377,0.0916924998164177,
352.652,29.5625,29.533550262451172,29.549978256225586,0,0.09045705944299698,0.09070054441690445,
352.662,29.5625,29.539873123168945,29.553913116455078,0,0.09145314991474152,0.09193363785743713,
352.672,29.5625,29.540313720703125,29.553993225097656,0,0.09620565921068192,0.09655643999576569,
352.682,29.5625,29.53544044494629,29.550283432006836,0,0.09914697706699371,0.09888791292905807,
352.692,29.5625,29.534330368041992,29.549198150634766,0,0.09062764048576355,0.09177615493535995,
352.702,29.5625,29.54410743713379,29.555376052856445,0,0.08514732122421265,0.08715943992137909,
352.712,29.5625,29.555089950561523,29.562681198120117,0,0.08560620248317719,0.08748584240674973,
352.722,29.5625,29.55721092224121,29.564453125,0,0.08958546072244644,0.09148881584405899,
352.732,29.5625,29.548812866210938,29.559309005737305,0,0.08827773481607437,0.09044116735458374,
352.742,29.5625,29.537782669067383,29.552032470703125,0,0.08675816655158997,0.08937926590442657,
352.752,29.5625,29.533729553222656,29.549299240112305,0,0.08340874314308167,0.08686976879835129,
352.762,29.5625,29.53759765625,29.551776885986328,0,0.08557839691638947,0.08911219984292984,
352.772,29.5625,29.5426025390625,29.55455780029297,0,0.08541957288980484,0.08929282426834106,
352.782,29.5625,29.542165756225586,29.55410385131836,0,0.08563759922981262,0.08909019827842712,
352.792,29.5625,29.53843879699707,29.551618576049805,0,0.08561371266841888,0.08848205953836441,
352.802,29.5625,29.536869049072266,29.550405502319336,0,0.08581487834453583,0.08878979831933975,
352.812,29.5625,29.53716278076172,29.55034065246582,0,0.08478616923093796,0.08822786808013916,
352.822,29.5625,29.542381286621094,29.55377960205078,0,0.0875716358423233,0.09048307687044144,
352.832,29.5625,29.5444278717041,29.555076599121094,0,0.088223896920681,0.09125009924173355,
352.842,29.5625,29.54496955871582,29.555139541625977,0,0.08194568753242493,0.08557463437318802,
352.852,29.5625,29.536701202392578,29.549728393554688,0,0.07785166800022125,0.08209898322820663,
352.862,29.5625,29.537670135498047,29.550010681152344,0,0.07965078204870224,0.0838075578212738,
352.872,29.5625,29.541473388671875,29.551929473876953,0,0.07935132086277008,0.08396510034799576,
352.882,29.5625,29.54477882385254,29.553842544555664,0,0.07905153930187225,0.08380495011806488,
352.892,29.5625,29.546184539794922,29.554767608642578,0,0.07668402045965195,0.08238766342401505,
352.902,29.5625,29.54450798034668,29.55344009399414,0,0.07496851682662964,0.08049353957176208,
352.912,29.5625,29.543472290039062,29.552309036254883,0,0.07473735511302948,0.08035460114479065,
352.922,29.5625,29.54779052734375,29.554771423339844,0,0.07866404205560684,0.08358418941497803,
352.932,29.5625,29.545875549316406,29.55331802368164,0,0.07775609940290451,0.08299368619918823,
352.942,29.5625,29.5460205078125,29.55318260192871,0,0.07724487036466599,0.08196363598108292,
352.952,29.5625,29.539798736572266,29.549345016479492,0,0.0761224627494812,0.0807945653796196,
352.962,29.5625,29.543764114379883,29.551868438720703,0,0.07902371883392334,0.08375025540590286,
352.972,29.5625,29.549287796020508,29.555599212646484,0,0.08104445040225983,0.08581383526325226,
352.982,29.5625,29.553857803344727,29.558673858642578,0,0.079261414706707,0.08468170464038849,
352.992,29.5625,29.555675506591797,29.560110092163086,0,0.07567140460014343,0.082123301923275,
353.002,29.5625,29.55211067199707,29.557785034179688,0,0.0727599486708641,0.07912541925907135,
353.012,29.5625,29.549253463745117,29.555917739868164,0,0.07403622567653656,0.07945312559604645,
353.022,29.5625,29.554040908813477,29.558937072753906,0,0.07615847140550613,0.0813107118010521,
353.032,29.5625,29.554405212402344,29.559146881103516,0,0.07508694380521774,0.08034105598926544,
353.042,29.5625,29.557222366333008,29.560922622680664,0,0.0740281492471695,0.07942962646484375,
353.052,29.5625,29.552200317382812,29.557939529418945,0,0.07175896316766739,0.07755529880523682,
353.062,29.5625,29.551591873168945,29.557472229003906,0,0.07366720587015152,0.07884134352207184,
353.072,29.5625,29.55367660522461,29.558765411376953,0,0.07286722213029861,0.07833058387041092,
353.082,29.5625,29.55428123474121,29.55889320373535,0,0.07208380103111267,0.07787889242172241,
353.092,29.5625,29.5513916015625,29.556718826293945,0,0.06924234330654144,0.07540827244520187,
353.102,29.5625,29.549585342407227,29.55544662475586,0,0.06767565757036209,0.07394886016845703,
353.112,29.5625,29.557687759399414,29.560455322265625,0,0.07261017709970474,0.07742263376712799,
353.122,29.5625,29.561315536499023,29.562496185302734,0,0.07622882723808289,0.08049330115318298,
353.132,29.5625,29.55726432800293,29.55936050415039,0,0.07394492626190186,0.07853437960147858,
353.142,29.5625,29.558223724365234,29.559566497802734,0,0.07170010358095169,0.07680077105760574,
353.152,29.5625,29.556936264038086,29.558631896972656,0,0.06864935159683228,0.0734519511461258,
353.162,29.5625,29.556467056274414,29.55805778503418,0,0.07002385705709457,0.07412033528089523,
353.172,29.5625,29.560535430908203,29.56057357788086,0,0.07552985101938248,0.07830045372247696,
353.182,29.5625,29.56285858154297,29.561922073364258,0,0.07386963069438934,0.07752051204442978,
353.192,29.5625,29.56104278564453,29.560855865478516,0,0.0751572772860527,0.07896753400564194,
353.202,29.5625,29.56113052368164,29.560707092285156,0,0.07350319623947144,0.07788684964179993,
353.212,29.5625,29.561243057250977,29.560619354248047,0,0.07272600382566452,0.07719998061656952,
353.222,29.5625,29.558448791503906,29.558202743530273,0,0.07111354917287827,0.0758780911564827,
353.232,29.5625,29.554479598999023,29.55548095703125,0,0.0730598196387291,0.07779112458229065,
353.242,29.5625,29.553300857543945,29.554546356201172,0,0.073508121073246,0.07868194580078125,
353.252,29.5625,29.554195404052734,29.55493927001953,0,0.0724882110953331,0.07841206341981888,
353.262,29.5625,29.557920455932617,29.55725860595703,0,0.06964577734470367,0.07701107114553452,
353.272,29.5625,29.558473587036133,29.557836532592773,0,0.07268578559160233,0.07971585541963577,
353.282,29.5625,29.561479568481445,29.560070037841797,0,0.07107977569103241,0.07783209532499313,
353.292,29.5625,29.55990219116211,29.559284210205078,0,0.06949859857559204,0.07607793062925339,
353.302,29.5625,29.561233520507812,29.560325622558594,0,0.06733044236898422,0.07421702146530151,
353.312,29.5625,29.561283111572266,29.5605411529541,0,0.06995653361082077,0.07615981251001358,
353.322,29.5625,29.557458877563477,29.558286666870117,0,0.06838971376419067,0.07482229173183441,
353.332,29.5625,29.559694290161133,29.55942153930664,0,0.06831184029579163,0.07448634505271912,
353.342,29.5625,29.55698585510254,29.557260513305664,0,0.06738249212503433,0.07324890792369843,
353.352,29.5625,29.558826446533203,29.557954788208008,0,0.0664638802409172,0.07234705984592438,
353.362,29.5625,29.559797286987305,29.55832290649414,0,0.06579401344060898,0.07222042232751846,
353.372,29.5625,29.563817977905273,29.560827255249023,0,0.07075905799865723,0.0766134038567543,
353.382,29.5625,29.568756103515625,29.563982009887695,0,0.06710048764944077,0.07365479320287704,
353.392,29.5625,29.569679260253906,29.564950942993164,0,0.06788047403097153,0.07426535338163376,
353.402,29.5625,29.56732749938965,29.563949584960938,0,0.06573754549026489,0.07195671647787094,
353.412,29.5625,29.57052993774414,29.566038131713867,0,0.06509119272232056,0.0718577653169632,
353.422,29.5625,29.572843551635742,29.567916870117188,0,0.06654041260480881,0.07278048992156982,
353.432,29.5625,29.57143211364746,29.56717300415039,0,0.06856904178857803,0.07378286123275757,
353.442,29.5625,29.525394439697266,29.537574768066406,0,0.05543989688158035,0.06319639086723328,
353.452,29.5625,29.57649803161621,29.570316314697266,0,0.09432787448167801,0.093856081366539,
353.462,29.5625,29.642833709716797,29.61357307434082,-0.0625,0.11525431275367737,0.10639742016792297,
353.472,29.5625,29.649290084838867,29.618247985839844,-0.25,0.26672127842903137,0.20914508402347565,
353.482,29.5625,29.688352584838867,29.644241333007812,-0.5,0.2692532241344452,0.16857095062732697,
353.492,29.5625,29.620267868041992,29.60125160217285,-0.5,0.04899580031633377,-0.10068704932928085,
353.502,29.5625,29.543373107910156,29.550180435180664,-0.875,-0.230718731880188,-0.4543834924697876,
353.512,29.4375,29.51457977294922,29.524375915527344,-1.8125,-0.4191242456436157,-0.7709441184997559,
353.522,29.375,29.485393524169922,29.49284553527832,-2.25,-0.6888526678085327,-1.1738325357437134,
353.532,29.25,29.434843063354492,29.439796447753906,-2.6875,-0.9852263331413269,-1.620790719985962,
353.542,29.25,29.29889488220215,29.324546813964844,-2.6875,-1.2928956747055054,-2.0863115787506104,
353.552,29.125,29.239587783813477,29.253206253051758,-3.25,-1.4575755596160889,-2.432377338409424,
353.562,28.9375,29.191232681274414,29.18194580078125,-4.5625,-1.65540611743927,-2.8156235218048096,
353.572,28.75,29.101102828979492,29.080581665039062,-5.375,-1.9787440299987793,-3.305422306060791,
353.582,28.5625,29.05609703063965,29.002914428710938,-6.3125,-2.476106882095337,-3.9537315368652344,
353.592,28.5625,28.93509864807129,28.863784790039062,-6.3125,-3.262617349624634,-4.858902931213379,
353.602,28.25,28.760944366455078,28.672298431396484,-7.3125,-4.154544830322266,-5.870019912719727,
353.612,27.625,28.612564086914062,28.477378845214844,-9.375,-5.008759498596191,-6.855081558227539,
353.622,27.25,28.318279266357422,28.17402458190918,-10.25,-5.763162136077881,-7.751804828643799,
353.632,26.875,28.058568954467773,27.884029388427734,-11.1875,-6.493560791015625,-8.618125915527344,
353.642,26.875,27.704486846923828,27.525842666625977,-11.1875,-7.4254045486450195,-9.60131549835205,
353.652,26.5,27.40068244934082,27.197341918945312,-12,-8.24699878692627,-10.470268249511719,
353.662,25.5625,27.068279266357422,26.83913803100586,-13.8125,-9.072031021118164,-11.31877613067627,
353.672,25,26.693567276000977,26.443998336791992,-14.6875,-9.863212585449219,-12.12330150604248,
353.682,24.375,26.247966766357422,25.988168716430664,-15.5625,-10.70808219909668,-12.968191146850586,
353.692,24.375,25.777605056762695,25.509029388427734,-15.5625,-11.563013076782227,-13.790131568908691,
353.702,23.75,25.27056312561035,24.99973487854004,-16.4375,-12.445993423461914,-14.599571228027344,
353.712,22.25,24.658859252929688,24.421236038208008,-18.3125,-13.468260765075684,-15.482563972473145,
353.722,21.375,23.91455078125,23.74725341796875,-19.1875,-14.541630744934082,-16.388633728027344,
353.732,20.4375,23.069480895996094,22.991655349731445,-20.125,-15.671280860900879,-17.34357452392578,
353.742,20.4375,22.19729232788086,22.20135498046875,-20.125,-16.8627872467041,-18.332189559936523,
353.752,19.5,21.123125076293945,21.2645320892334,-20.9375,-17.886734008789062,-19.180301666259766,
353.762,17.4375,20.009979248046875,20.28995704650879,-22.5625,-18.81254768371582,-19.93503761291504,
353.772,16.375,18.87595558166504,19.292593002319336,-23.3125,-19.77924919128418,-20.722505569458008,
353.782,15.3125,17.744443893432617,18.294349670410156,-24,-20.82880973815918,-21.562654495239258,
353.792,15.3125,16.59510612487793,17.284303665161133,-24,-21.76059341430664,-22.309602737426758,
353.802,14.1875,15.178812026977539,16.10728645324707,-24.6875,-22.742359161376953,-23.083467483520508,
353.812,11.9375,13.923726081848145,15.029276847839355,-25.625,-23.5374755859375,-23.718097686767578,
353.822,10.75,12.73520565032959,13.992281913757324,-26.125,-24.203330993652344,-24.234758377075195,
353.832,10.75,11.3187255859375,12.809094429016113,-26.125,-24.88689613342285,-24.742874145507812,
353.842,9.625,10.177955627441406,11.792396545410156,-26.5625,-25.33551025390625,-25.065704345703125,
353.852,8.375,8.893126487731934,10.68524169921875,-26.9375,-25.837770462036133,-25.430959701538086,
353.862,7.1875,7.337981700897217,9.39675521850586,-27.3125,-26.46237564086914,-25.91007423400879,
353.872,5.875,5.997816562652588,8.237434387207031,-27.625,-26.99752426147461,-26.323884963989258,
353.882,4.5625,4.607197284698486,7.028141975402832,-27.875,-27.291501998901367,-26.555269241333008,
353.892,3.25,3.149270534515381,5.766104698181152,-28,-27.465518951416016,-26.694353103637695,
353.902,1.9375,1.7033782005310059,4.502962589263916,-28,-27.569076538085938,-26.77471160888672,
353.912,0.5625,0.23435011506080627,3.231492519378662,-28.0625,-27.64875602722168,-26.827495574951172,
353.922,-0.75,-1.2917306423187256,1.911560297012329,-28.0625,-27.683456420898438,-26.845314025878906,
353.932,-2.25,-2.978619337081909,0.47888344526290894,-28.0625,-27.729597091674805,-26.87796974182129,
353.942,-3.75,-4.539546012878418,-0.8995261192321777,-28.0625,-27.67998695373535,-26.853439331054688,
353.952,-5.25,-6.235281467437744,-2.3826098442077637,-27.9375,-27.62921905517578,-26.84771156311035,
353.962,-6.6875,-7.945923805236816,-3.891529083251953,-27.6875,-27.42906951904297,-26.7330322265625,
353.972,-8.125,-9.48069953918457,-5.277185916900635,-27.3125,-27.04887580871582,-26.470489501953125,
353.982,-9.5,-10.983973503112793,-6.6203107833862305,-26.9375,-26.44578742980957,-26.013408660888672,
353.992,-10.75,-12.558509826660156,-7.987329006195068,-26.5625,-25.85999870300293,-25.56446075439453,
354.002,-11.9375,-14.042080879211426,-9.281472206115723,-26.1875,-25.392793655395508,-25.21503257751465,
354.012,-13,-15.506495475769043,-10.562007904052734,-25.8125,-25.011245727539062,-24.94071388244629,
354.022,-14,-16.717145919799805,-11.676864624023438,-25.375,-24.56185531616211,-24.60538673400879,
354.032,-14.8125,-17.667808532714844,-12.619211196899414,-24.9375,-24.01468849182129,-24.171314239501953,
354.042,-15.625,-18.25946807861328,-13.310309410095215,-24.4375,-23.35299301147461,-23.630599975585938,
354.052,-16.375,-18.915266036987305,-14.02563762664795,-24,-22.718170166015625,-23.10150909423828,
354.062,-17.125,-19.464311599731445,-14.649224281311035,-23.5,-22.27108383178711,-22.733379364013672,
354.072,-17.8125,-20.252105712890625,-15.415689468383789,-23,-21.839662551879883,-22.3822021484375,
354.082,-18.625,-20.97978401184082,-16.134876251220703,-22.5,-21.257741928100586,-21.922775268554688,
354.092,-19.375,-21.69412612915039,-16.85216522216797,-21.875,-20.506065368652344,-21.331632614135742,
354.102,-20.25,-22.43143653869629,-17.584484100341797,-21.125,-19.673303604125977,-20.684532165527344,
354.112,-21.125,-23.267602920532227,-18.39950942993164,-20.3125,-18.831003189086914,-20.017536163330078,
354.122,-22.0625,-24.28131103515625,-19.339187622070312,-19.4375,-17.881072998046875,-19.2542724609375,
354.132,-22.9375,-25.23213768005371,-20.24704933166504,-18.5625,-16.93428611755371,-18.478328704833984,
354.142,-23.8125,-26.113576889038086,-21.106689453125,-17.625,-15.803955078125,-17.54159164428711,
354.152,-24.5625,-26.855558395385742,-21.866260528564453,-16.6875,-14.655478477478027,-16.596498489379883,
354.162,-25.3125,-27.615022659301758,-22.621000289916992,-15.75,-13.508749961853027,-15.644804954528809,
354.172,-26,-28.3087215423584,-23.330394744873047,-14.8125,-12.53128719329834,-14.83398723602295,
354.182,-26.5,-28.97857093811035,-24.010143280029297,-13.8125,-11.505148887634277,-13.976005554199219,
354.192,-26.875,-29.460615158081055,-24.525686264038086,-12.75,-10.348640441894531,-13.006349563598633,
354.202,-27.25,-29.812288284301758,-24.9276180267334,-11.625,-9.106167793273926,-11.969749450683594,
354.212,-27.625,-29.957456588745117,-25.187990188598633,-10.4375,-7.86022424697876,-10.924748420715332,
354.222,-28.0625,-30.307714462280273,-25.580053329467773,-9.125,-6.502103805541992,-9.772782325744629,
354.232,-28.5625,-30.682296752929688,-26.0076904296875,-7.75,-5.089040756225586,-8.541919708251953,
354.242,-28.9375,-31.148889541625977,-26.509368896484375,-6.375,-3.4299938678741455,-7.06724214553833,
354.252,-29.1875,-31.547943115234375,-26.96196937561035,-4.9375,-1.9961580038070679,-5.731916427612305,
354.262,-29.3125,-31.91952133178711,-27.373153686523438,-3.5625,-0.46095091104507446,-4.286602973937988,
354.272,-29.375,-32.04607391357422,-27.59563636779785,-2.1875,0.9224970936775208,-2.9553709030151367,
354.282,-29.375,-31.814729690551758,-27.558792114257812,-0.875,2.206545352935791,-1.7146060466766357,
354.292,-29.375,-31.61320686340332,-27.52094841003418,0.4375,3.60982346534729,-0.3793441355228424,
354.302,-29.375,-31.30144691467285,-27.403762817382812,1.875,4.938859462738037,0.9120970368385315,
354.312,-29.3125,-31.306758880615234,-27.48503303527832,3.375,6.383430004119873,2.3361077308654785,
354.322,-29.1875,-31.326845169067383,-27.564441680908203,4.8125,7.650088787078857,3.663490056991577,
354.332,-29,-31.284940719604492,-27.578941345214844,6.3125,8.917591094970703,5.017000198364258,
354.342,-28.625,-30.990127563476562,-27.40096664428711,7.8125,10.303775787353516,6.472220420837402,
354.352,-28.25,-30.583816528320312,-27.116008758544922,9.3125,11.635359764099121,7.8692169189453125,
354.362,-27.75,-30.04680061340332,-26.718284606933594,10.9375,12.991042137145996,9.26474666595459,
354.372,-27.25,-29.50674057006836,-26.289592742919922,12.625,14.374521255493164,10.69058609008789,
354.382,-26.5625,-28.874313354492188,-25.776973724365234,14.3125,15.957337379455566,12.315131187438965,
354.392,-25.8125,-28.16330337524414,-25.170635223388672,15.875,17.728992462158203,14.132235527038574,
354.402,-25,-27.487533569335938,-24.541318893432617,17.3125,19.353395462036133,15.853336334228516,
354.412,-24.0625,-26.631668090820312,-23.760316848754883,18.625,20.693328857421875,17.31290054321289,
354.422,-23.1875,-25.665639877319336,-22.87551498413086,19.8125,21.807559967041016,18.574962615966797,
354.432,-22.1875,-24.76608657836914,-22.01909828186035,20.875,22.605335235595703,19.534528732299805,
354.442,-21.1875,-23.820465087890625,-21.11050033569336,22,23.553874969482422,20.589553833007812,
354.452,-20.125,-22.943801879882812,-20.220340728759766,23.0625,24.625699996948242,21.742935180664062,
354.462,-19.0625,-22.027099609375,-19.283586502075195,24.0625,25.634607315063477,22.847030639648438,
354.472,-17.9375,-21.017057418823242,-18.26569366455078,25,26.42772102355957,23.774084091186523,
354.482,-16.75,-19.76693344116211,-17.07538414001465,25.8125,27.35186195373535,24.79199981689453,
354.492,-15.625,-18.856348037719727,-16.07400894165039,26.5,27.915882110595703,25.5230770111084,
354.502,-14.5,-17.970659255981445,-15.078277587890625,27.0625,28.379117965698242,26.15138816833496,
354.512,-13.3125,-16.84610939025879,-13.917818069458008,27.5625,28.794477462768555,26.711389541625977,
354.522,-12.125,-15.944808006286621,-12.880879402160645,28,29.039615631103516,27.103256225585938,
354.532,-10.875,-14.815265655517578,-11.685662269592285,28.5,29.4476375579834,27.61804962158203,
354.542,-9.625,-13.787805557250977,-10.540664672851562,29,29.86684226989746,28.134117126464844,
354.552,-8.3125,-12.658370971679688,-9.320977210998535,29.375,30.266813278198242,28.62285804748535,
354.562,-7,-11.546893119812012,-8.086920738220215,29.75,30.61102867126465,29.06882095336914,
354.572,-5.5625,-10.331995010375977,-6.773776531219482,30,30.86011505126953,29.419347763061523,
354.582,-4.0625,-9.210844039916992,-5.4921956062316895,30.1875,31.010852813720703,29.66541862487793,
354.592,-2.5625,-7.930362701416016,-4.0940093994140625,30.3125,31.15506935119629,29.891407012939453,
354.602,-0.9375,-6.5646257400512695,-2.6191458702087402,30.3125,31.220792770385742,30.043107986450195,
354.612,0.75,-5.2643914222717285,-1.1524033546447754,30.25,31.194072723388672,30.103132247924805,
354.622,2.5625,-3.723872423171997,0.4987385869026184,30,31.133996963500977,30.126453399658203,
354.632,4.4375,-2.099135160446167,2.2422046661376953,29.625,30.82109832763672,29.927621841430664,
354.642,6.3125,-0.3949583172798157,4.052272319793701,29.0625,30.347061157226562,29.563344955444336,
354.652,8.125,1.2299127578735352,5.815187454223633,28.375,29.762636184692383,29.07453727722168,
354.662,9.8125,2.8769419193267822,7.580170154571533,27.5,29.0639705657959,28.465198516845703,
354.672,11.4375,4.426341533660889,9.253177642822266,26.4375,28.188167572021484,27.676929473876953,
354.682,12.9375,5.7982306480407715,10.77558422088623,25.25,27.18384552001953,26.741899490356445,
354.692,14.3125,7.1091814041137695,12.20777416229248,23.9375,26.030338287353516,25.647926330566406,
354.702,15.6875,8.413745880126953,13.590375900268555,22.5625,24.749305725097656,24.411094665527344,
354.712,17.0625,9.697357177734375,14.915596008300781,21.1875,23.468585968017578,23.142148971557617,
354.722,18.4375,10.957005500793457,16.20421028137207,19.8125,22.144887924194336,21.823976516723633,
354.732,19.9375,12.51691722869873,17.668399810791016,18.375,20.943771362304688,20.60005760192871,
354.742,21.3125,13.935734748840332,19.048276901245117,16.8125,19.657804489135742,19.291858673095703,
354.752,22.625,15.513914108276367,20.515790939331055,15.125,18.339500427246094,17.932382583618164,
354.762,23.8125,16.941484451293945,21.869672775268555,13.25,16.855016708374023,16.403356552124023,
354.772,24.875,18.157377243041992,23.05028533935547,11.125,15.043076515197754,14.55316162109375,
354.782,25.8125,19.233327865600586,24.089014053344727,9,13.214971542358398,12.628925323486328,
354.792,26.6875,20.205095291137695,25.004858016967773,6.75,11.203472137451172,10.511038780212402,
354.802,27.5625,21.1875,25.879627227783203,4.4375,9.242934226989746,8.403362274169922,
354.812,28.375,22.251995086669922,26.776670455932617,2.1875,7.280358791351318,6.278275012969971,
354.822,29.1875,23.51650619506836,27.773591995239258,0,5.387559413909912,4.1938276290893555,
354.832,29.8125,24.666637420654297,28.671405792236328,-2.1875,3.1206793785095215,1.7992892265319824,
354.842,29.9375,25.315977096557617,29.186126708984375,-4.1875,1.4840954542160034,-0.11019176244735718,
354.852,29.625,25.949512481689453,29.564922332763672,-5.9375,-0.11769892275333405,-1.943838357925415,
354.862,29.125,26.231414794921875,29.670665740966797,-7.625,-1.989424467086792,-3.9849677085876465,
354.872,28.5625,25.785390853881836,29.218017578125,-9.375,-3.5513720512390137,-5.644721031188965,
354.882,27.875,25.32236099243164,28.66321563720703,-11.0625,-5.054747104644775,-7.210594177246094,
354.892,27.3125,24.403989791870117,27.7822322845459,-12.5625,-6.358082294464111,-8.585257530212402,
354.902,27.3125,23.420448303222656,26.851215362548828,-12.5625,-7.752429485321045,-9.989860534667969,
354.912,26.125,23.544570922851562,26.62864875793457,-14.8125,-9.49860668182373,-11.690926551818848,
354.922,25.5,23.518186569213867,26.323171615600586,-15.625,-11.011422157287598,-13.183435440063477,
354.932,24.875,23.39221954345703,25.936737060546875,-16.4375,-12.067192077636719,-14.215384483337402,
354.942,24.1875,22.586301803588867,25.13044548034668,-17.125,-12.555781364440918,-14.695778846740723,
354.952,23.4375,21.572023391723633,24.185380935668945,-17.875,-13.171829223632812,-15.25568675994873,
354.962,23.4375,21.487945556640625,23.849720001220703,-17.875,-14.048748016357422,-15.979279518127441,
354.972,21.8125,21.183486938476562,23.403348922729492,-19.875,-15.188273429870605,-16.76113510131836,
354.982,20.875,20.50038719177246,22.695068359375,-20.9375,-16.151020050048828,-17.431774139404297,
354.992,19.75,19.373178482055664,21.687849044799805,-21.875,-17.29498291015625,-18.279882431030273,
355.002,19.75,18.147369384765625,20.577394485473633,-21.875,-18.870433807373047,-19.48491668701172,
355.012,18.5625,17.022417068481445,19.52805519104004,-22.8125,-20.448373794555664,-20.691858291625977,
355.022,15.875,15.890050888061523,18.46837615966797,-24.4375,-21.709882736206055,-21.63959503173828,
355.032,14.5,14.670702934265137,17.33367919921875,-25.125,-22.6125431060791,-22.27260971069336,
355.042,13.125,13.115678787231445,15.980533599853516,-25.75,-23.41890525817871,-22.80337142944336,
355.052,13.125,11.345697402954102,14.483278274536133,-25.75,-24.381397247314453,-23.45981788635254,
355.062,11.6875,9.750489234924316,13.11495304107666,-26.25,-25.321687698364258,-24.118080139160156,
355.072,8.9375,8.421002388000488,11.92324447631836,-27.25,-26.042226791381836,-24.610492706298828,
355.082,7.625,6.823779106140137,10.54991626739502,-27.6875,-26.732681274414062,-25.083908081054688,
355.092,6.1875,5.292978763580322,9.19922924041748,-28.0625,-27.358205795288086,-25.543197631835938,
355.102,6.1875,3.6656343936920166,7.780202865600586,-28.0625,-27.959857940673828,-25.97865104675293,
355.112,4.75,2.2376320362091064,6.474550724029541,-28.375,-28.37417221069336,-26.30432891845703,
355.122,1.625,0.43432924151420593,4.925684452056885,-28.5625,-28.55960464477539,-26.47088623046875,
355.132,-0.0625,-1.1358956098556519,3.493227005004883,-28.5625,-28.683456420898438,-26.56224822998047,
355.142,-1.8125,-2.771289587020874,1.98969566822052,-28.5625,-28.735759735107422,-26.593111038208008,
355.152,-1.8125,-4.690927505493164,0.27833396196365356,-28.5625,-28.733232498168945,-26.576515197753906,
355.162,-3.6875,-6.5027875900268555,-1.3730802536010742,-28.5,-28.66739273071289,-26.53485107421875,
355.172,-7.3125,-8.451828956604004,-3.119734764099121,-28.1875,-28.457921981811523,-26.427799224853516,
355.182,-9,-10.481928825378418,-4.919124126434326,-27.875,-28.12424087524414,-26.229724884033203,
355.192,-10.5625,-12.319669723510742,-6.582313537597656,-27.375,-27.59969139099121,-25.890411376953125,
355.202,-10.5625,-14.147551536560059,-8.216845512390137,-27.375,-27.098106384277344,-25.53766632080078,
355.212,-12.125,-15.817519187927246,-9.744905471801758,-26.75,-26.450180053710938,-25.08966636657715,
355.222,-15,-17.425546646118164,-11.220590591430664,-25.4375,-25.549514770507812,-24.445594787597656,
355.232,-16.3125,-18.882017135620117,-12.571939468383789,-24.6875,-24.454465866088867,-23.628005981445312,
355.242,-17.5625,-20.254756927490234,-13.863367080688477,-24,-23.506322860717773,-22.917110443115234,
355.252,-17.5625,-21.797304153442383,-15.246208190917969,-24,-22.753612518310547,-22.373966217041016,
355.262,-18.625,-23.123680114746094,-16.498632431030273,-23.25,-21.984506607055664,-21.823028564453125,
355.272,-20.4375,-24.213674545288086,-17.566450119018555,-21.6875,-20.938514709472656,-21.038238525390625,
355.282,-21.25,-24.919626235961914,-18.326311111450195,-20.875,-19.812849044799805,-20.193702697753906,
355.292,-22,-25.595949172973633,-19.03570556640625,-20.0625,-18.654762268066406,-19.340089797973633,
355.302,-22,-26.21619415283203,-19.700044631958008,-20.0625,-17.712007522583008,-18.66223907470703,
355.312,-22.8125,-27.077022552490234,-20.505481719970703,-19.25,-16.7075138092041,-17.961645126342773,
355.322,-24.375,-28.01714515686035,-21.36060333251953,-17.5,-15.682585716247559,-17.266883850097656,
355.332,-25.125,-28.965211868286133,-22.238536834716797,-16.5,-14.333418846130371,-16.29192352294922,
355.342,-25.875,-29.58704376220703,-22.923236846923828,-15.375,-12.892614364624023,-15.219718933105469,
355.352,-25.875,-30.203201293945312,-23.603288650512695,-15.375,-11.571247100830078,-14.213871955871582,
355.362,-26.5625,-30.873563766479492,-24.334293365478516,-14.1875,-10.380032539367676,-13.301603317260742,
355.372,-27.625,-31.633817672729492,-25.127750396728516,-11.5,-8.86876392364502,-12.08199691772461,
355.382,-28.0625,-32.123512268066406,-25.71306800842285,-10.0625,-7.39133882522583,-10.857702255249023,
355.392,-28.5625,-32.543312072753906,-26.236955642700195,-8.5625,-5.602521896362305,-9.36673355102539,
355.402,-28.5625,-32.93269348144531,-26.745830535888672,-8.5625,-3.7734408378601074,-7.813939094543457,
355.412,-28.9375,-32.986717224121094,-27.051549911499023,-7.0625,-2.299074411392212,-6.528756141662598,
355.422,-29.5625,-33.41744613647461,-27.58997917175293,-3.875,-0.6096864342689514,-5.032949447631836,
355.432,-29.6875,-33.81299591064453,-28.09896469116211,-2.25,1.0750690698623657,-3.4825592041015625,
355.442,-29.75,-33.9738883972168,-28.43717384338379,-0.5,2.777240037918091,-1.881730318069458,
355.452,-29.75,-33.85227966308594,-28.566741943359375,-0.5,4.452782154083252,-0.26818156242370605,
355.462,-29.6875,-33.56277847290039,-28.55648422241211,1.25,6.0097880363464355,1.263749122619629,
355.472,-29.375,-33.303619384765625,-28.536869049072266,5.0625,7.8150811195373535,3.0273072719573975,
355.482,-29,-33.030147552490234,-28.47984504699707,7,9.486821174621582,4.725794315338135,
355.492,-28.5625,-32.750423431396484,-28.379600524902344,9,11.307226181030273,6.587339401245117,
355.502,-28.5625,-32.2767333984375,-28.11153221130371,9,13.135505676269531,8.488110542297363,
355.512,-28,-31.652122497558594,-27.701797485351562,11,15.055377006530762,10.487582206726074,
355.522,-26.5,-30.89165687561035,-27.161666870117188,14.875,16.73135757446289,12.303569793701172,
355.532,-25.5,-30.220951080322266,-26.61855125427246,16.8125,18.42484474182129,14.140198707580566,
355.542,-24.3125,-29.30915069580078,-25.858543395996094,18.625,20.139551162719727,16.01201629638672,
355.552,-24.3125,-28.34214973449707,-25.000213623046875,18.625,21.84733772277832,17.879497528076172,
355.562,-23,-27.114124298095703,-23.91083526611328,20.3125,23.26006317138672,19.496084213256836,
355.572,-20.125,-25.4041805267334,-22.456933975219727,23.375,24.97342300415039,21.3209285736084,
355.582,-18.625,-24.019123077392578,-21.14858055114746,24.75,26.256942749023438,22.777362823486328,
355.592,-17.125,-22.1760311126709,-19.52423667907715,25.875,27.826353073120117,24.45952033996582,
355.602,-17.125,-20.5202579498291,-17.98708152770996,25.875,29.201358795166016,25.95132827758789,
355.612,-15.75,-19.328662872314453,-16.703723907470703,26.8125,30.09532356262207,27.07183265686035,
355.622,-12.9375,-17.81554412841797,-15.227653503417969,28.0625,30.781694412231445,27.981826782226562,
355.632,-11.5625,-16.61420249938965,-13.90422534942627,28.6875,31.08161735534668,28.53466796875,
355.642,-10.25,-15.474442481994629,-12.591217994689941,29.1875,31.326520919799805,29.022130966186523,
355.652,-10.25,-14.345549583435059,-11.260016441345215,29.1875,31.610382080078125,29.537185668945312,
355.662,-8.9375,-13.193657875061035,-9.88479232788086,29.6875,32.09891891479492,30.220035552978516,
355.672,-7.625,-12.199410438537598,-8.568890571594238,30.125,32.40364456176758,30.746374130249023,
355.682,-4.875,-11.317862510681152,-7.302807331085205,30.625,32.4883918762207,31.077049255371094,
355.692,-3.4375,-10.550331115722656,-6.10614538192749,30.8125,32.39216995239258,31.215436935424805,
355.702,-3.4375,-9.647505760192871,-4.823102951049805,30.8125,32.40781784057617,31.39544105529785,
355.712,-1.9375,-8.54175853729248,-3.394667148590088,31,32.57438659667969,31.68464469909668,
355.722,1.0625,-7.325117111206055,-1.8714104890823364,31.0625,32.68916702270508,31.919464111328125,
355.732,2.625,-6.200611114501953,-0.39642372727394104,30.875,32.58915328979492,31.94910430908203,
355.742,4.25,-5.133055686950684,1.0339425802230835,30.625,32.355953216552734,31.83443260192871,
355.752,4.25,-4.01702356338501,2.480059862136841,30.625,32.02719497680664,31.607358932495117,
355.762,5.875,-2.7885565757751465,3.9819350242614746,30.375,31.849454879760742,31.46546173095703,
355.772,7.5625,-1.4437963962554932,5.534452438354492,30.0625,31.70591163635254,31.33432960510254,
355.782,11.125,-0.021014124155044556,7.1209611892700195,28.9375,31.42861557006836,31.095897674560547,
355.792,13,1.5749297142028809,8.809133529663086,28.0625,30.9611759185791,30.691314697265625,
355.802,13,3.253349781036377,10.54719352722168,28.0625,30.282669067382812,30.09550666809082,
355.812,14.875,5.010049343109131,12.318403244018555,26.9375,29.28091049194336,29.217008590698242,
355.822,18.5625,7.025203704833984,14.23448657989502,24.25,28.15774154663086,28.19908332824707,
355.832,20.25,9.046751976013184,16.137052536010742,22.6875,26.94588279724121,27.06770133972168,
355.842,21.8125,10.98381519317627,17.952062606811523,20.9375,25.521486282348633,25.72245979309082,
355.852,21.8125,12.766775131225586,19.63219451904297,20.9375,23.8786563873291,24.15209197998047,
355.862,23.1875,14.451541900634766,21.207427978515625,19.0625,22.1698055267334,22.463720321655273,
355.872,24.4375,15.97608757019043,22.62583351135254,17.0625,20.455684661865234,20.7241153717041,
355.882,26.5,17.392236709594727,23.910259246826172,12.9375,18.7180118560791,18.919925689697266,
355.892,27.3125,18.57924461364746,24.977121353149414,10.875,16.88765525817871,17.012130737304688,
355.902,27.3125,19.62980842590332,25.89138412475586,10.875,14.935620307922363,14.995692253112793,
355.912,28.125,20.70852279663086,26.767112731933594,8.75,13.025833129882812,13.02062702178955,
355.922,28.875,21.7684383392334,27.594669342041016,6.5,11.106104850769043,11.03214168548584,
355.932,29.5,22.844736099243164,28.400650024414062,4.25,9.050701141357422,8.913341522216797,
355.942,30.0625,24.08880043029785,29.270177841186523,1.9375,6.836890697479248,6.650644779205322,
355.952,30.125,24.779481887817383,29.7430477142334,-0.1875,4.47440242767334,4.22448205947876,
355.962,30,25.318523406982422,30.011592864990234,-2.375,2.38531231880188,2.0403964519500732,
355.972,29.6875,25.543062210083008,29.993160247802734,-4.4375,0.32710081338882446,-0.09322698414325714,
355.982,29.25,25.40860939025879,29.675004959106445,-6.4375,-1.7066577672958374,-2.1440460681915283,
355.992,28.75,24.95954132080078,29.11250114440918,-8.25,-3.5014214515686035,-3.9764952659606934,
356.002,28.25,24.589601516723633,28.567298889160156,-9.875,-5.4223856925964355,-5.837186813354492,
356.012,27.75,24.472152709960938,28.17742919921875,-11.3125,-7.258246421813965,-7.5755839347839355,
356.022,27.1875,24.240943908691406,27.72091293334961,-12.4375,-8.863439559936523,-9.06707763671875,
356.032,26.625,23.905406951904297,27.197484970092773,-13.5,-10.06966781616211,-10.152297973632812,
356.042,26,23.35684585571289,26.53182601928711,-14.4375,-11.10134220123291,-11.062507629394531,
356.052,25.4375,22.998165130615234,25.991947174072266,-15.375,-12.323646545410156,-12.080230712890625,
356.062,24.8125,22.85592269897461,25.59508514404297,-16.25,-13.399641036987305,-12.957629203796387,
356.072,24.125,22.44964599609375,25.041032791137695,-17.1875,-14.678078651428223,-13.954492568969727,
356.082,23.4375,22.106769561767578,24.521615982055664,-18.125,-15.815265655517578,-14.834761619567871,
356.092,22.6875,21.435287475585938,23.791038513183594,-19,-17.0086727142334,-15.744504928588867,
356.102,21.75,20.685958862304688,23.006174087524414,-19.9375,-18.29667091369629,-16.702009201049805,
356.112,20.8125,19.849550247192383,22.153104782104492,-20.8125,-19.59998893737793,-17.661897659301758,
356.122,19.75,19.008554458618164,21.2862548828125,-21.6875,-20.783220291137695,-18.513233184814453,
356.132,18.5625,18.008174896240234,20.298900604248047,-22.5,-22.000837326049805,-19.39398956298828,
356.142,17.375,16.883211135864258,19.22008514404297,-23.375,-23.275447845458984,-20.314950942993164,
356.152,16.0625,15.494697570800781,17.96103286743164,-24.1875,-24.492267608642578,-21.193824768066406,
356.162,14.75,14.131368637084961,16.718704223632812,-24.9375,-25.554880142211914,-21.933425903320312,
356.172,13.3125,12.61921501159668,15.37789535522461,-25.625,-26.620840072631836,-22.687650680541992,
356.182,11.875,11.026485443115234,13.990392684936523,-26.3125,-27.72924041748047,-23.47296714782715,
356.192,10.375,9.5956449508667,12.712117195129395,-26.875,-28.6574764251709,-24.121395111083984,
356.202,8.9375,7.890600681304932,11.262685775756836,-27.375,-29.481487274169922,-24.68592643737793,
356.212,7.375,5.939856052398682,9.661252975463867,-27.875,-30.281044006347656,-25.228271484375,
356.222,5.8125,4.231529712677002,8.195778846740723,-28.25,-30.935546875,-25.7054443359375,
356.232,4.1875,2.3726208209991455,6.639460563659668,-28.5625,-31.537776947021484,-26.160755157470703,
356.242,2.5,0.49470949172973633,5.068978786468506,-28.8125,-32.0217399597168,-26.533985137939453,
356.252,0.875,-1.3136916160583496,3.537959098815918,-28.875,-32.18287658691406,-26.6701602935791,
356.262,-0.75,-3.406215190887451,1.8285881280899048,-28.875,-32.221656799316406,-26.72719955444336,
356.272,-2.4375,-5.319637298583984,0.23961001634597778,-28.8125,-32.20829391479492,-26.740528106689453,
356.282,-4.125,-7.410954475402832,-1.4646140336990356,-28.75,-32.1385612487793,-26.73720932006836,
356.292,-5.875,-9.514911651611328,-3.1761186122894287,-28.6875,-31.94565200805664,-26.66496467590332,
356.302,-7.5,-11.69091510772705,-4.940440654754639,-28.5,-31.60624885559082,-26.521623611450195,
356.312,-9.0625,-13.906662940979004,-6.740231513977051,-28.125,-31.260028839111328,-26.402502059936523,
356.322,-10.5,-15.908553123474121,-8.410310745239258,-27.75,-30.66626739501953,-26.092483520507812,
356.332,-11.8125,-17.452510833740234,-9.793510437011719,-27.25,-29.83965492248535,-25.58387565612793,
356.342,-13,-18.8344669342041,-11.065107345581055,-26.75,-28.881933212280273,-24.959426879882812,
356.352,-14.125,-20.21249008178711,-12.310309410095215,-26.25,-28.154766082763672,-24.518220901489258,
356.362,-15.125,-21.488964080810547,-13.472200393676758,-25.8125,-27.5124568939209,-24.152629852294922,
356.372,-16,-22.5397891998291,-14.472526550292969,-25.375,-26.838409423828125,-23.776391983032227,
356.382,-16.875,-23.264244079589844,-15.241455078125,-24.875,-26.098522186279297,-23.352867126464844,
356.392,-17.625,-24.402435302734375,-16.2564754486084,-24.3125,-25.206844329833984,-22.80858039855957,
356.402,-18.375,-25.021263122558594,-16.930606842041016,-23.6875,-24.287124633789062,-22.252674102783203,
356.412,-19.1875,-25.538471221923828,-17.550809860229492,-23,-23.28713035583496,-21.611143112182617,
356.422,-20.125,-26.325515747070312,-18.372913360595703,-22.25,-22.280277252197266,-20.951574325561523,
356.432,-21.125,-27.144380569458008,-19.256874084472656,-21.4375,-21.362504959106445,-20.3405818939209,
356.442,-22.25,-28.36467170715332,-20.445457458496094,-20.5625,-20.29091453552246,-19.599105834960938,
356.452,-23.4375,-29.509563446044922,-21.643630981445312,-19.5,-19.0639591217041,-18.70012664794922,
356.462,-24.5,-30.597631454467773,-22.841352462768555,-18.3125,-17.62729263305664,-17.58983039855957,
356.472,-25.375,-31.41343116760254,-23.87366485595703,-16.9375,-16.257261276245117,-16.471607208251953,
356.482,-26.1875,-32.02822494506836,-24.762670516967773,-15.5,-14.775843620300293,-15.20164680480957,
356.492,-26.875,-32.49717330932617,-25.531583786010742,-13.9375,-13.028423309326172,-13.644559860229492,
356.502,-27.5,-32.540435791015625,-25.9957332611084,-12.4375,-11.433918952941895,-12.178357124328613,
356.512,-28.125,-32.694053649902344,-26.516197204589844,-10.8125,-9.844585418701172,-10.685542106628418,
356.522,-28.6875,-33.15024948120117,-27.231342315673828,-9.1875,-8.307832717895508,-9.185327529907227,
356.532,-29.125,-33.55118179321289,-27.89249038696289,-7.5625,-6.849846839904785,-7.685948371887207,
356.542,-29.5,-33.71270751953125,-28.375539779663086,-5.875,-5.461542129516602,-6.196976184844971,
356.552,-29.6875,-33.551856994628906,-28.62026596069336,-4.1875,-4.090909957885742,-4.6786789894104,
356.562,-29.875,-33.305938720703125,-28.765792846679688,-2.375,-2.522836208343506,-2.9848790168762207,
356.572,-29.875,-32.852542877197266,-28.742097854614258,-0.4375,-1.0425385236740112,-1.3355740308761597,
356.582,-29.8125,-32.68613815307617,-28.85672950744629,1.625,0.7636416554450989,0.6172438859939575,
356.592,-29.625,-32.53773498535156,-28.937196731567383,3.875,2.573716878890991,2.628727436065674,
356.602,-29.3125,-32.225303649902344,-28.85735321044922,6.1875,4.427020072937012,4.736759662628174,
356.612,-28.8125,-31.59512710571289,-28.51287078857422,8.5625,6.5626749992370605,7.106753349304199,
356.622,-28.125,-30.94466781616211,-28.07726287841797,10.875,8.474027633666992,9.308743476867676,
356.632,-27.1875,-30.053058624267578,-27.40384292602539,13.1875,10.43960189819336,11.55937385559082,
356.642,-26.0625,-29.08658218383789,-26.594221115112305,15.4375,12.348376274108887,13.744548797607422,
356.652,-24.75,-27.795320510864258,-25.480106353759766,17.5625,14.186203956604004,15.864346504211426,
356.662,-23.3125,-26.42756462097168,-24.23756980895996,19.625,16.087013244628906,18.000202178955078,
356.672,-21.75,-24.79918098449707,-22.74932861328125,21.5625,17.72347640991211,19.887771606445312,
356.682,-20,-23.028560638427734,-21.10146141052246,23.4375,19.678325653076172,21.998258590698242,
356.692,-18.25,-21.662622451782227,-19.644704818725586,25.0625,21.27159881591797,23.78506088256836,
356.702,-16.375,-19.85963249206543,-17.851957321166992,26.4375,22.912546157836914,25.590118408203125,
356.712,-14.5,-18.139156341552734,-16.060598373413086,27.5625,24.057003021240234,26.93483543395996,
356.722,-12.625,-16.493682861328125,-14.274273872375488,28.375,24.72628402709961,27.863271713256836,
356.732,-10.75,-14.484230995178223,-12.25156307220459,29,25.240320205688477,28.58088493347168,
356.742,-8.9375,-12.855792999267578,-10.443244934082031,29.5,25.65646743774414,29.151573181152344,
356.752,-7.25,-11.295766830444336,-8.678462982177734,30.0625,26.102996826171875,29.70355987548828,
356.762,-5.5,-9.827739715576172,-6.975866317749023,30.5,26.516117095947266,30.198760986328125,
356.772,-3.875,-8.588492393493652,-5.404576301574707,30.875,26.92548179626465,30.679399490356445,
356.782,-2.25,-7.308218955993652,-3.806072235107422,31.0625,27.166963577270508,31.006210327148438,
356.792,-0.6875,-6.042923927307129,-2.2149438858032227,31.0625,27.190723419189453,31.11747169494629,
356.802,0.8125,-4.753885269165039,-0.6151308417320251,31,27.123140335083008,31.10307502746582,
356.812,2.25,-3.4990971088409424,0.9432395696640015,30.8125,27.057464599609375,31.034080505371094,
356.822,3.625,-2.4915690422058105,2.336780548095703,30.6875,26.873075485229492,30.832822799682617,
356.832,5,-1.557531476020813,3.599222183227539,30.5,26.89305305480957,30.766693115234375,
356.842,6.5,-0.562893271446228,4.842848777770996,30.3125,26.8978271484375,30.68306541442871,
356.852,8.0625,0.6984928846359253,6.2197675704956055,30,26.80807113647461,30.522464752197266,
356.862,9.75,2.138808012008667,7.687486171722412,29.5625,26.595569610595703,30.268409729003906,
356.872,11.5625,3.9642536640167236,9.40014362335205,28.9375,26.279420852661133,29.92911720275879,
356.882,13.4375,5.843882083892822,11.15125846862793,28.125,25.715984344482422,29.37747573852539,
356.892,15.3125,7.981593132019043,13.087993621826172,27.125,24.997779846191406,28.670202255249023,
356.902,17.25,10.232966423034668,15.101245880126953,25.9375,23.979984283447266,27.6823673248291,
356.912,19.0625,12.355243682861328,17.0380859375,24.5625,22.85079574584961,26.55624771118164,
356.922,20.75,14.108131408691406,18.729753494262695,23.0625,21.568063735961914,25.24730682373047,
356.932,22.3125,15.88948917388916,20.409305572509766,21.375,20.228578567504883,23.83251190185547,
356.942,23.6875,17.477750778198242,21.921123504638672,19.5625,18.74868392944336,22.243816375732422,
356.952,24.875,19.028005599975586,23.35324478149414,17.625,17.099428176879883,20.457597732543945,
356.962,25.875,20.429134368896484,24.615219116210938,15.625,15.421917915344238,18.60392951965332,
356.972,26.8125,21.46061134338379,25.566322326660156,13.5,13.746100425720215,16.725542068481445,
356.982,27.5625,22.55150032043457,26.482309341430664,11.375,12.059151649475098,14.839920997619629,
356.992,28.3125,23.549396514892578,27.27756690979004,9.1875,10.16667652130127,12.786458969116211,
357.002,28.9375,24.63589859008789,28.07062530517578,6.9375,8.1510648727417,10.659812927246094,
357.012,29.625,25.693283081054688,28.821393966674805,4.625,6.17853307723999,8.540031433105469,
357.022,30,26.8350772857666,29.59625244140625,2.375,4.082740783691406,6.34513521194458,
357.032,30.0625,27.496780395507812,30.034690856933594,0.1875,2.0125620365142822,4.168317794799805,
357.042,29.9375,28.02635383605957,30.269290924072266,-1.75,0.07357893884181976,2.1267402172088623,
357.052,29.625,28.431379318237305,30.34368133544922,-3.75,-2.085423231124878,-0.0621371865272522,
357.062,29.625,28.5231876373291,30.160642623901367,-3.75,-3.989119291305542,-2.017326831817627,
357.072,29.1875,28.164369583129883,29.668121337890625,-5.625,-5.70465612411499,-3.799008369445801,
357.082,28.3125,27.83173179626465,29.1640567779541,-9.125,-7.31346321105957,-5.4393205642700195,
357.092,27.8125,27.7342529296875,28.798927307128906,-10.5,-9.060903549194336,-7.124085903167725,
357.102,27.25,27.885168075561523,28.58807945251465,-11.75,-10.789644241333008,-8.74190902709961,
357.112,27.25,27.62876319885254,28.105398178100586,-11.75,-12.091119766235352,-9.953649520874023,
357.122,26.6875,27.03638458251953,27.406728744506836,-12.9375,-13.227187156677246,-11.02958869934082,
357.132,25.375,26.247446060180664,26.577680587768555,-15,-14.250067710876465,-12.004226684570312,
357.142,24.75,26.07469367980957,26.1452579498291,-15.9375,-15.425989151000977,-13.045350074768066,
357.152,24.0625,25.863508224487305,25.70145034790039,-16.875,-16.76522445678711,-14.157672882080078,
357.162,24.0625,25.689451217651367,25.273637771606445,-16.875,-17.85427474975586,-15.054351806640625,
357.172,23.1875,24.986371994018555,24.53829574584961,-17.8125,-18.931161880493164,-15.867545127868652,
357.182,21.5,24.29098892211914,23.791898727416992,-19.6875,-20.03545379638672,-16.69944190979004,
357.192,20.4375,23.303796768188477,22.854660034179688,-20.5625,-21.31781768798828,-17.656835556030273,
357.202,19.25,22.361589431762695,21.911754608154297,-21.4375,-22.56504249572754,-18.576129913330078,
357.212,19.25,21.376081466674805,20.914873123168945,-21.4375,-23.74759292602539,-19.442136764526367,
357.222,18.0625,20.08161163330078,19.727787017822266,-22.1875,-24.876161575317383,-20.27372932434082,
357.232,15.3125,18.708721160888672,18.505205154418945,-23.625,-25.88706398010254,-20.981399536132812,
357.242,13.8125,17.212369918823242,17.171640396118164,-24.25,-26.84833526611328,-21.644439697265625,
357.252,12.3125,15.604540824890137,15.763517379760742,-24.8125,-27.70393943786621,-22.211578369140625,
357.262,12.3125,14.171365737915039,14.452338218688965,-24.8125,-28.62383270263672,-22.83851432800293,
357.272,10.75,12.324128150939941,12.877986907958984,-25.3125,-29.498037338256836,-23.470752716064453,
357.282,7.5,10.379790306091309,11.2395601272583,-26.0625,-30.150541305541992,-23.960779190063477,
357.292,5.8125,8.621570587158203,9.706034660339355,-26.25,-30.566890716552734,-24.258346557617188,
357.302,4.0625,6.590764045715332,7.9923930168151855,-26.3125,-30.813486099243164,-24.424358367919922,
357.312,4.0625,4.679819583892822,6.340571880340576,-26.3125,-31.10500144958496,-24.620105743408203,
357.322,2.25,2.7605061531066895,4.685100555419922,-26.375,-31.337074279785156,-24.800832748413086,
357.332,-1.5,0.5941531658172607,2.847653865814209,-26.5,-31.493722915649414,-24.953325271606445,
357.342,-3.5,-1.5365028381347656,0.998100757598877,-26.5,-31.410505294799805,-24.930131912231445,
357.352,-5.5625,-3.744676113128662,-0.9226407408714294,-26.5,-31.248188018798828,-24.86722755432129,
357.362,-5.5625,-5.883396148681641,-2.8233649730682373,-26.5,-31.18734359741211,-24.91289710998535,
357.372,-7.625,-8.078787803649902,-4.7633538246154785,-26.5,-30.993759155273438,-24.897600173950195,
357.382,-11.5625,-10.30227279663086,-6.772846221923828,-25.9375,-30.449369430541992,-24.707670211791992,
357.392,-13.25,-12.225360870361328,-8.580524444580078,-25.3125,-29.700597763061523,-24.307178497314453,
357.402,-14.875,-14.106371879577637,-10.347024917602539,-24.4375,-28.942455291748047,-23.87561798095703,
357.412,-14.875,-16.054588317871094,-12.120138168334961,-24.4375,-27.96603012084961,-23.217092514038086,
357.422,-16.3125,-17.596630096435547,-13.640143394470215,-23.5,-26.60272979736328,-22.24285888671875,
357.432,-18.9375,-18.623323440551758,-14.81645393371582,-21.8125,-25.16460418701172,-21.166893005371094,
357.442,-20.0625,-19.764318466186523,-16.021390914916992,-21,-24.05073356628418,-20.360538482666016,
357.452,-21.0625,-20.98489761352539,-17.251955032348633,-20.1875,-23.101491928100586,-19.69362449645996,
357.462,-21.0625,-22.3100643157959,-18.518619537353516,-20.1875,-22.23698616027832,-19.097301483154297,
357.472,-21.9375,-23.174396514892578,-19.48948860168457,-19.3125,-20.993911743164062,-18.187122344970703,
357.482,-23.625,-23.604938507080078,-20.164813995361328,-17.3125,-19.73508644104004,-17.284469604492188,
357.492,-24.5,-24.334232330322266,-21.022754669189453,-16.25,-18.39044952392578,-16.25945472717285,
357.502,-25.4375,-24.95033836364746,-21.824419021606445,-15.125,-17.17133331298828,-15.325307846069336,
357.512,-25.4375,-25.601999282836914,-22.667510986328125,-15.125,-15.990002632141113,-14.395255088806152,
357.522,-26.4375,-26.523828506469727,-23.703109741210938,-13.75,-14.508371353149414,-13.207900047302246,
357.532,-28,-27.12078857421875,-24.54604148864746,-10.5625,-13.087957382202148,-12.038581848144531,
357.542,-28.5625,-27.643640518188477,-25.327545166015625,-8.75,-11.495944023132324,-10.685943603515625,
357.552,-29.0625,-28.30876922607422,-26.131914138793945,-6.875,-9.555102348327637,-8.979792594909668,
357.562,-29.0625,-28.58452796936035,-26.650205612182617,-6.875,-7.66999626159668,-7.283949851989746,
357.572,-29.5625,-28.802043914794922,-27.11850929260254,-5,-5.502317428588867,-5.333435535430908,
357.582,-30.1875,-28.755447387695312,-27.41562843322754,-1.375,-3.722046136856079,-3.643810510635376,
357.592,-30.25,-29.023494720458984,-27.88231658935547,0.25,-1.931955099105835,-1.9038559198379517,
357.602,-30.25,-29.37127113342285,-28.361867904663086,1.8125,-0.2151399552822113,-0.17270095646381378,
357.612,-30.25,-29.408140182495117,-28.59610366821289,1.8125,1.254521131515503,1.3626141548156738,
357.622,-30.125,-29.13209342956543,-28.586477279663086,3.4375,2.7551097869873047,2.8936662673950195,
357.632,-29.6875,-28.480236053466797,-28.296804428100586,7,4.133988857269287,4.318753719329834,
357.642,-29.3125,-28.05550765991211,-28.11883544921875,9,5.555854320526123,5.805376052856445,
357.652,-28.75,-27.716110229492188,-27.96013641357422,11,7.143154144287109,7.48941707611084,
357.662,-28.75,-27.42209243774414,-27.78091812133789,11,8.961102485656738,9.4296293258667,
357.672,-28.0625,-26.927730560302734,-27.404783248901367,13,10.730103492736816,11.36672592163086,
357.682,-26.125,-26.162446975708008,-26.782724380493164,17.0625,12.362401008605957,13.19140625,
357.692,-24.8125,-25.099864959716797,-25.898944854736328,19.125,14.196199417114258,15.166419982910156,
357.702,-23.375,-23.933259963989258,-24.86561393737793,21.25,15.832501411437988,16.983238220214844,
357.712,-23.375,-22.585872650146484,-23.635793685913086,21.25,17.882030487060547,19.125858306884766,
357.722,-21.75,-21.236583709716797,-22.315576553344727,23.25,19.83201789855957,21.21084213256836,
357.732,-17.875,-19.796510696411133,-20.855356216430664,26.5,21.719392776489258,23.2230224609375,
357.742,-15.75,-18.098552703857422,-19.1512508392334,27.875,23.1756649017334,24.84062957763672,
357.752,-13.625,-16.283273696899414,-17.291118621826172,29,24.5678768157959,26.338729858398438,
357.762,-13.625,-14.406120300292969,-15.340005874633789,29,25.627445220947266,27.53559684753418,
357.772,-11.4375,-12.180176734924316,-13.1136474609375,30.0625,26.88580894470215,28.859338760375977,
357.782,-7.1875,-10.506478309631348,-11.182206153869629,31.3125,27.790708541870117,29.896961212158203,
357.792,-5.0625,-8.739062309265137,-9.167783737182617,31.625,28.488807678222656,30.730058670043945,
357.802,-3.0625,-7.035950660705566,-7.150368690490723,31.875,28.708948135375977,31.122535705566406,
357.812,-3.0625,-5.356722354888916,-5.127111911773682,31.875,28.785411834716797,31.3342342376709,
357.822,-1.125,-3.6640470027923584,-3.091829538345337,32.0625,28.79741668701172,31.43711280822754,
357.832,2.4375,-2.2251265048980713,-1.234167218208313,32.25,29.025108337402344,31.679969787597656,
357.842,4.25,-0.9066284894943237,0.5197937488555908,32.1875,29.377906799316406,31.999122619628906,
357.852,6,0.2288229912519455,2.1512131690979004,31.8125,29.61594009399414,32.20852279663086,
357.862,6,1.4734985828399658,3.8412771224975586,31.8125,29.550992965698242,32.136566162109375,
357.872,7.6875,2.758151054382324,5.524445533752441,31.375,29.059267044067383,31.653350830078125,
357.882,11.0625,4.075816631317139,7.176209926605225,30.1875,28.624889373779297,31.16744613647461,
357.892,12.75,5.297089099884033,8.718743324279785,29.5,28.223047256469727,30.678794860839844,
357.902,14.5,6.623347282409668,10.269176483154297,28.75,27.8619327545166,30.208477020263672,
357.912,14.5,8.173091888427734,11.909159660339355,28.75,27.40482521057129,29.662702560424805,
357.922,16.3125,9.80931568145752,13.558867454528809,27.8125,26.69331169128418,28.92160987854004,
357.932,19.75,11.549798965454102,15.229785919189453,25.375,25.915494918823242,28.126903533935547,
357.942,21.375,13.469711303710938,16.97203254699707,23.875,24.956159591674805,27.184385299682617,
357.952,22.875,15.321149826049805,18.629932403564453,22.1875,23.770401000976562,26.04771614074707,
357.962,22.875,17.184446334838867,20.251861572265625,22.1875,22.29457664489746,24.646347045898438,
357.972,24.25,18.952312469482422,21.7718563079834,20.375,20.57585906982422,23.005146026611328,
357.982,25.5,20.505552291870117,23.114959716796875,18.375,18.729713439941406,21.21184730529785,
357.992,27.5625,21.963306427001953,24.355510711669922,14.0625,16.81116485595703,19.30322265625,
358.002,28.375,23.334339141845703,25.499202728271484,11.875,14.798903465270996,17.259891510009766,
358.012,28.375,24.547090530395508,26.501890182495117,11.875,12.731839179992676,15.121234893798828,
358.022,29.0625,25.567819595336914,27.330841064453125,9.5625,10.794659614562988,13.044708251953125,
358.032,29.9375,26.45817756652832,28.011104583740234,5.125,8.787055969238281,10.898599624633789,
358.042,30.25,27.268417358398438,28.580787658691406,2.9375,6.795917510986328,8.77288818359375,
358.052,30.25,27.979515075683594,29.030170440673828,2.9375,4.723334312438965,6.614476680755615,
358.062,30.5,28.796039581298828,29.500532150268555,0.8125,2.575766086578369,4.424310207366943,
358.072,30.4375,29.118852615356445,29.619903564453125,-1.125,0.6137320399284363,2.4157166481018066,
358.082,30.25,29.49408721923828,29.71208953857422,-2.9375,-1.3254338502883911,0.46814197301864624,
358.092,29.9375,29.822124481201172,29.722368240356445,-4.5625,-3.0684871673583984,-1.2789353132247925,
358.102,29.5,29.625539779663086,29.359621047973633,-6.125,-4.884396076202393,-3.0285849571228027,
358.112,29.0625,29.274900436401367,28.86850929260254,-7.6875,-6.554745674133301,-4.622537136077881,
358.122,28.5625,28.8067569732666,28.29059410095215,-9.0625,-7.926936626434326,-5.955129623413086,
358.132,28.125,28.69330596923828,27.927719116210938,-10.25,-9.416275978088379,-7.363131046295166,
358.142,27.5625,28.60647201538086,27.579673767089844,-11.375,-10.880536079406738,-8.744690895080566,
358.152,27.0625,28.238712310791016,27.04479217529297,-12.4375,-12.298196792602539,-10.088315963745117,
358.162,26.5,27.633602142333984,26.348209381103516,-13.375,-13.241975784301758,-11.051490783691406,
358.172,25.9375,27.059972763061523,25.67193603515625,-14.25,-14.201318740844727,-11.9800443649292,
358.182,25.375,26.84408950805664,25.225990295410156,-15,-15.01253890991211,-12.78345012664795,
358.192,24.8125,26.659515380859375,24.823015213012695,-15.8125,-16.022436141967773,-13.674520492553711,
358.202,24.1875,26.53853416442871,24.466110229492188,-16.5,-16.682083129882812,-14.244527816772461,
358.212,23.5625,26.127225875854492,23.942398071289062,-17.25,-17.56505584716797,-14.938004493713379,
358.222,22.8125,25.547752380371094,23.31914710998535,-18,-18.54129981994629,-15.675951957702637,
358.232,22.0625,24.95320701599121,22.69654655456543,-18.8125,-19.604230880737305,-16.443653106689453,
358.242,21.1875,24.2128849029541,21.983531951904297,-19.625,-20.836318969726562,-17.313983917236328,
358.252,20.25,23.43195343017578,21.24090576171875,-20.375,-21.9595947265625,-18.096410751342773,
358.262,19.25,22.41081428527832,20.337148666381836,-21.125,-23.14833641052246,-18.929780960083008,
358.272,18.1875,21.252717971801758,19.333267211914062,-21.8125,-24.37162208557129,-19.807111740112305,
358.282,17.0625,19.99087142944336,18.250518798828125,-22.5,-25.486785888671875,-20.59943199157715,
358.292,15.875,18.678855895996094,17.115081787109375,-23.0625,-26.30859375,-21.16480255126953,
358.302,14.625,17.380298614501953,15.97361946105957,-23.6875,-27.121944427490234,-21.72991180419922,
358.312,13.3125,16.071121215820312,14.818052291870117,-24.1875,-27.901683807373047,-22.28182029724121,
358.322,12,14.565688133239746,13.54250431060791,-24.6875,-28.75702667236328,-22.89693260192871,
358.332,10.625,13.300847053527832,12.430070877075195,-25.1875,-29.541332244873047,-23.452856063842773,
358.342,9.25,11.540303230285645,11.006982803344727,-25.6875,-30.29520606994629,-23.984582901000977,
358.352,7.75,10.074580192565918,9.763861656188965,-26.125,-30.93521499633789,-24.44695472717285,
358.362,6.25,8.39268970489502,8.372764587402344,-26.5625,-31.580259323120117,-24.934940338134766,
358.372,4.6875,6.43752908706665,6.78355073928833,-27,-32.28268051147461,-25.505172729492188,
358.382,3.1875,4.669130325317383,5.288866996765137,-27.375,-32.7390022277832,-25.90803337097168,
358.392,1.625,2.802963972091675,3.7021236419677734,-27.625,-33.08688735961914,-26.261964797973633,
358.402,0.0625,0.9657718539237976,2.101372241973877,-27.75,-33.30031967163086,-26.543354034423828,
358.412,-1.3125,-0.5517120361328125,0.6910133957862854,-27.625,-33.25148391723633,-26.634872436523438,
358.422,-2.875,-1.9767169952392578,-0.6545586585998535,-27.5,-33.01953887939453,-26.552448272705078,
358.432,-4.375,-3.4528520107269287,-2.0290677547454834,-27.375,-32.651161193847656,-26.35265350341797,
358.442,-5.875,-4.996987342834473,-3.436924934387207,-27.25,-32.267826080322266,-26.141620635986328,
358.452,-7.375,-6.848578453063965,-5.045430660247803,-27.0625,-32.02539825439453,-26.075634002685547,
358.462,-8.875,-8.687767028808594,-6.651677131652832,-26.875,-31.818130493164062,-26.0638370513916,
358.472,-10.125,-10.361970901489258,-8.156909942626953,-26.5625,-31.4664249420166,-25.955421447753906,
358.482,-11.25,-11.79680061340332,-9.488621711730957,-26.1875,-30.90660285949707,-25.665203094482422,
358.492,-12.1875,-12.917562484741211,-10.59679126739502,-25.75,-30.053674697875977,-25.1044979095459,
358.502,-12.9375,-13.705286026000977,-11.470745086669922,-25.4375,-29.279081344604492,-24.5801944732666,
358.512,-13.625,-14.346753120422363,-12.231671333312988,-25.125,-28.6607723236084,-24.162668228149414,
358.522,-14.1875,-14.993703842163086,-12.979002952575684,-24.9375,-28.366830825805664,-23.995548248291016,
358.532,-14.625,-15.474817276000977,-13.600526809692383,-24.75,-28.14019012451172,-23.887760162353516,
358.542,-14.9375,-15.87035083770752,-14.146414756774902,-24.625,-27.877077102661133,-23.745243072509766,
358.552,-15.1875,-15.989267349243164,-14.489189147949219,-24.4375,-27.51106834411621,-23.508041381835938,
358.562,-15.3125,-15.899575233459473,-14.673331260681152,-24.3125,-27.16529083251953,-23.272228240966797,
358.572,-15.3125,-15.779601097106934,-14.8159761428833,-24.25,-26.890338897705078,-23.079551696777344,
358.582,-15.3125,-15.603959083557129,-14.914178848266602,-24.25,-26.778562545776367,-22.99772071838379,
358.592,-15.1875,-15.347676277160645,-14.952061653137207,-24.3125,-26.85638427734375,-23.058799743652344,
358.602,-15.0625,-14.988226890563965,-14.909513473510742,-24.375,-26.932506561279297,-23.119905471801758,
358.612,-14.75,-14.555975914001465,-14.80599594116211,-24.4375,-26.948326110839844,-23.12274169921875,
358.622,-14.25,-14.024693489074707,-14.621395111083984,-24.5,-27.046342849731445,-23.16825294494629,
358.632,-13.625,-13.323591232299805,-14.305462837219238,-24.625,-27.189226150512695,-23.232378005981445,
358.642,-12.75,-12.369611740112305,-13.792779922485352,-24.75,-27.38783836364746,-23.313915252685547,
358.652,-11.625,-11.00207233428955,-12.966423988342285,-24.9375,-27.687564849853516,-23.462345123291016,
358.662,-10.3125,-9.444344520568848,-11.956036567687988,-25.25,-28.104249954223633,-23.705251693725586,
358.672,-8.8125,-7.6309332847595215,-10.721039772033691,-25.5,-28.520252227783203,-23.963083267211914,
358.682,-7,-5.546208381652832,-9.250761032104492,-25.8125,-29.010026931762695,-24.291383743286133,
358.692,-5.0625,-3.2639169692993164,-7.592557907104492,-26.25,-29.560396194458008,-24.685129165649414,
358.702,-2.875,-0.8166613578796387,-5.780350208282471,-26.6875,-30.138582229614258,-25.123167037963867,
358.712,-0.5625,1.7503347396850586,-3.8449506759643555,-27.1875,-30.7089786529541,-25.58446502685547,
358.722,1.8125,4.997598171234131,-1.4246535301208496,-27.6875,-31.350879669189453,-26.1710147857666,
358.732,4.25,7.9657697677612305,0.8726654052734375,-27.6875,-31.57209014892578,-26.537656784057617,
358.742,6.5625,11.144311904907227,3.322549819946289,-27.4375,-31.529966354370117,-26.7147216796875,
358.752,8.6875,13.725789070129395,5.408342361450195,-26.875,-31.130477905273438,-26.596435546875,
358.762,10.75,16.958261489868164,7.874651908874512,-26.125,-29.931659698486328,-25.785354614257812,
358.772,12.5,18.782209396362305,9.43703556060791,-25.375,-28.542665481567383,-24.797388076782227,
358.782,14.125,20.498701095581055,10.889836311340332,-24.6875,-27.56856346130371,-24.13121223449707,
358.792,15.4375,23.272747039794922,13.002553939819336,-24.0625,-27.028032302856445,-23.807395935058594,
358.802,16.5,24.562219619750977,14.14676570892334,-23.4375,-26.516199111938477,-23.50103187561035,
358.812,17.3125,26.35682487487793,15.568483352661133,-22.8125,-25.704893112182617,-22.901199340820312,
358.822,17.9375,27.238815307617188,16.3610897064209,-22.3125,-24.70489501953125,-22.136066436767578,
358.832,18.5625,27.48665428161621,16.713964462280273,-21.8125,-23.962459564208984,-21.589115142822266,
358.842,19.3125,28.195966720581055,17.342857360839844,-21.3125,-23.28840446472168,-21.11335563659668,
358.852,20.0625,28.89453125,17.981523513793945,-20.625,-22.794790267944336,-20.798376083374023,
358.862,21,29.959619522094727,18.878068923950195,-19.875,-21.947580337524414,-20.203536987304688,
358.872,22.0625,30.916175842285156,19.755542755126953,-18.8125,-20.785390853881836,-19.347387313842773,
358.882,23.1875,32.13985824584961,20.83936882019043,-17.5625,-19.368942260742188,-18.269439697265625,
358.892,24.3125,33.132869720458984,21.804065704345703,-16.125,-18.010852813720703,-17.220674514770508,
358.902,25.4375,34.42307662963867,22.97704315185547,-14.5,-16.49125099182129,-15.985075950622559,
358.912,26.4375,35.7805061340332,24.18578338623047,-12.875,-14.693373680114746,-14.492715835571289,
358.922,27.3125,37.10591125488281,25.367204666137695,-11.25,-12.72856330871582,-12.818774223327637,
358.932,28.0625,38.041717529296875,26.28629493713379,-9.625,-10.790387153625488,-11.120521545410156,
358.942,28.6875,38.72660446166992,27.017011642456055,-8.0625,-8.947066307067871,-9.455849647521973,
358.952,29.125,39.241004943847656,27.599658966064453,-6.625,-7.2708539962768555,-7.89668083190918,
358.962,29.4375,39.47418212890625,27.96318244934082,-5.25,-6.0652546882629395,-6.709714889526367,
358.972,29.75,39.618106842041016,28.240467071533203,-4,-4.979557991027832,-5.6209564208984375,
358.982,29.8125,40.07472610473633,28.695180892944336,-2.6875,-3.7228541374206543,-4.385903835296631,
358.992,29.9375,40.11833190917969,28.85003662109375,-1.3125,-2.5252084732055664,-3.1979048252105713,
359.002,30,40.17702102661133,29.00424575805664,0.1875,-1.060616135597229,-1.7794190645217896,
359.012,29.9375,40.051055908203125,29.01791763305664,1.9375,0.4094351530075073,-0.3217272460460663,
359.022,29.8125,39.92780685424805,28.99757957458496,3.8125,2.025679588317871,1.2701358795166016,
359.032,29.625,39.79554748535156,28.95438575744629,5.8125,3.8385255336761475,3.059128999710083,
359.042,29.375,39.60896301269531,28.849611282348633,7.875,5.833973407745361,5.039329528808594,
359.052,28.9375,39.266845703125,28.605243682861328,9.9375,7.8850297927856445,7.100666522979736,
359.062,28.375,38.72560119628906,28.188993453979492,11.875,9.833431243896484,9.113974571228027,
359.072,27.75,38.197998046875,27.735763549804688,13.8125,11.740710258483887,11.074077606201172,
359.082,27,37.644893646240234,27.23776626586914,15.5625,13.615073204040527,13.02125072479248,
359.092,26.25,36.930965423583984,26.593048095703125,17.1875,15.226895332336426,14.794106483459473,
359.102,25.4375,36.128414154052734,25.84624481201172,18.6875,16.738061904907227,16.445024490356445,
359.112,24.5625,35.29890441894531,25.05793571472168,19.9375,18.03660774230957,17.89617919921875,
359.122,24.5625,34.49070358276367,24.26775360107422,19.9375,19.308349609375,19.260662078857422,
359.132,22.875,33.72529220581055,23.490928649902344,22.1875,20.40560531616211,20.472288131713867,
359.142,22,33.047523498535156,22.752098083496094,23.1875,21.298215866088867,21.52703857421875,
359.152,21.0625,32.313880920410156,21.961408615112305,24.0625,22.111452102661133,22.480619430541992,
359.162,20.125,31.4667911529541,21.081314086914062,24.9375,22.824979782104492,23.327911376953125,
359.172,19.125,30.644062042236328,20.201940536499023,25.8125,23.60423469543457,24.203500747680664,
359.182,18.125,29.85593605041504,19.321884155273438,26.5625,24.294605255126953,25.007034301757812,
359.192,17,29.072132110595703,18.40802764892578,27.3125,24.91160011291504,25.762727737426758,
359.202,15.875,28.191598892211914,17.39643669128418,28,25.499027252197266,26.48197364807129,
359.212,14.6875,27.252500534057617,16.324174880981445,28.625,26.026010513305664,27.140180587768555,
359.222,14.6875,26.28256607055664,15.220457077026367,28.625,26.570890426635742,27.781902313232422,
359.232,13.4375,25.31893539428711,14.111623764038086,29.1875,27.08311653137207,28.386112213134766,
359.242,10.9375,24.353315353393555,12.977681159973145,30.0625,27.433263778686523,28.860172271728516,
359.252,9.625,23.302276611328125,11.773555755615234,30.4375,27.7620906829834,29.284116744995117,
359.262,8.25,22.236427307128906,10.54906940460205,30.6875,27.98794937133789,29.597087860107422,
359.272,8.25,21.09246826171875,9.263970375061035,30.6875,28.261857986450195,29.922447204589844,
359.282,6.8125,19.990135192871094,8.01091480255127,30.9375,28.444509506225586,30.158618927001953,
359.292,3.8125,18.721263885498047,6.6593828201293945,31.125,28.59412384033203,30.365806579589844,
359.302,2.25,17.46239471435547,5.301156044006348,31,28.61553955078125,30.448646545410156,
359.312,0.5625,16.054506301879883,3.8478353023529053,30.6875,28.47493553161621,30.37215232849121,
359.322,0.5625,14.454303741455078,2.2560715675354004,30.6875,28.37249755859375,30.274898529052734,
359.332,-1.0625,12.852783203125,0.6719985008239746,30.1875,28.08867645263672,30.04682731628418,
359.342,-4.4375,11.238991737365723,-0.9034501910209656,28.5,27.356548309326172,29.482099533081055,
359.352,-6.125,9.477797508239746,-2.5603854656219482,27.4375,26.53689956665039,28.746814727783203,
359.362,-7.75,7.809873580932617,-4.1565022468566895,26.3125,25.435932159423828,27.752059936523438,
359.372,-7.75,6.199648380279541,-5.708859920501709,26.3125,24.16876792907715,26.575279235839844,
359.382,-9.5,4.465267658233643,-7.32319974899292,25.125,22.96733283996582,25.438480377197266,
359.392,-13,2.6872048377990723,-8.961446762084961,22.5625,21.78495216369629,24.323326110839844,
359.402,-14.6875,0.8982532024383545,-10.610596656799316,21.1875,20.60621452331543,23.203100204467773,
359.412,-16.4375,-0.8822065591812134,-12.253070831298828,19.75,19.301950454711914,21.9498348236084,
359.422,-16.4375,-2.7835071086883545,-13.971882820129395,19.75,17.881752014160156,20.572433471679688,
359.432,-18.125,-4.630889415740967,-15.654242515563965,18.25,16.39337921142578,19.124568939208984,
359.442,-21.5,-6.412264823913574,-17.29010772705078,15.0625,14.975549697875977,17.71075439453125,
359.452,-23.1875,-8.11082649230957,-18.85993766784668,13.3125,13.634523391723633,16.338285446166992,
359.462,-24.9375,-10.061016082763672,-20.57892608642578,11.3125,12.060894012451172,14.772653579711914,
359.472,-24.9375,-12.036032676696777,-22.3144588470459,11.3125,10.254032135009766,12.941076278686523,
359.482,-26.5625,-14.042113304138184,-24.05083465576172,9.1875,8.283591270446777,10.965510368347168,
359.492,-29.625,-15.812469482421875,-25.606977462768555,4.6875,6.213440418243408,8.867406845092773,
359.502,-30.375,-17.41994285583496,-27.022947311401367,2.4375,4.3125834465026855,6.8021464347839355,
359.512,-30.625,-18.30816078186035,-27.825626373291016,0.375,2.4240458011627197,4.675853252410889,
359.522,-30.625,-19.357332229614258,-28.572315216064453,0.375,0.22362911701202393,2.315040111541748,
359.532,-30.5625,-19.955997467041016,-28.966045379638672,-1.5,-1.9165995121002197,-0.010656863451004028,
359.542,-29.75,-20.016380310058594,-28.916418075561523,-5.0625,-3.2036831378936768,-1.679614782333374,
359.552,-29.4375,-19.177024841308594,-28.18794059753418,-6.625,-4.21513557434082,-3.085933208465576,
359.562,-29.1875,-18.658424377441406,-27.6528377532959,-8.0625,-5.359138488769531,-4.508683681488037,
359.572,-29.1875,-18.592937469482422,-27.404001235961914,-8.0625,-6.745601654052734,-6.080068588256836,
359.582,-28.875,-19.25634002685547,-27.6209716796875,-9.25,-8.072990417480469,-7.551849842071533,
359.592,-28.0625,-19.20372772216797,-27.386960983276367,-11.375,-9.035750389099121,-8.628878593444824,
359.602,-27.5625,-18.85865020751953,-26.950557708740234,-12.4375,-9.462165832519531,-9.158773422241211,
359.612,-27,-18.346960067749023,-26.395450592041016,-13.5625,-10.641068458557129,-10.24074649810791,
359.622,-27,-18.185256958007812,-26.050615310668945,-13.5625,-11.815216064453125,-11.327875137329102,
359.632,-26.375,-17.671188354492188,-25.485797882080078,-14.75,-13.201156616210938,-12.543944358825684,
359.642,-24.9375,-17.15204620361328,-24.89629554748535,-17,-14.497916221618652,-13.726673126220703,
359.652,-24,-16.562583923339844,-24.217287063598633,-18,-15.815738677978516,-14.927715301513672,
359.662,-22.9375,-15.706957817077637,-23.329532623291016,-18.875,-17.13883399963379,-16.120019912719727,
359.672,-22.9375,-14.832855224609375,-22.394681930541992,-18.875,-18.0666446685791,-16.956274032592773,
359.682,-21.8125,-13.996402740478516,-21.479352951049805,-19.875,-18.785184860229492,-17.581092834472656,
359.692,-19.375,-12.744172096252441,-20.321441650390625,-22,-19.957305908203125,-18.501962661743164,
359.702,-18.0625,-11.846410751342773,-19.360145568847656,-23,-21.217422485351562,-19.5234432220459,
359.712,-16.625,-10.57708740234375,-18.17896270751953,-23.9375,-22.8806209564209,-20.872745513916016,
359.722,-16.625,-9.168877601623535,-16.91312026977539,-23.9375,-24.307567596435547,-22.011953353881836,
359.732,-15.0625,-7.6274333000183105,-15.54632568359375,-24.75,-25.431550979614258,-22.908077239990234,
359.742,-11.6875,-5.922185897827148,-14.058345794677734,-25.6875,-26.133869171142578,-23.468830108642578,
359.752,-9.8125,-4.157382488250732,-12.512056350708008,-25.9375,-26.83308219909668,-24.016551971435547,
359.762,-7.8125,-2.2117083072662354,-10.823785781860352,-26.0625,-27.50796127319336,-24.53460693359375,
359.772,-7.8125,-0.29075729846954346,-9.126908302307129,-26.0625,-28.062257766723633,-24.946434020996094,
359.782,-5.8125,1.974766731262207,-7.1922502517700195,-26.125,-28.248809814453125,-25.06270980834961,
359.792,-1.4375,4.416163444519043,-5.120456218719482,-26,-28.334232330322266,-25.09950828552246,
359.802,0.8125,6.723145484924316,-3.101803779602051,-25.75,-28.296951293945312,-25.07390785217285,
359.812,3.125,9.138416290283203,-1.0013270378112793,-25.5625,-28.19537353515625,-25.01464080810547,
359.822,3.125,11.521106719970703,1.0917160511016846,-25.5625,-28.052419662475586,-24.938213348388672,
359.832,5.4375,14.080973625183105,3.3031463623046875,-25.3125,-27.83000946044922,-24.8162841796875,
359.842,10.0625,16.866579055786133,5.655734539031982,-24.9375,-27.442792892456055,-24.600208282470703,
359.852,12.25,19.62165069580078,7.986963272094727,-24.8125,-27.081607818603516,-24.43781852722168,
359.862,14.1875,22.332324981689453,10.27946949005127,-24.5,-26.763803482055664,-24.367626190185547,
359.872,14.1875,24.88652229309082,12.47869873046875,-24.5,-26.33622932434082,-24.265108108520508,
359.882,15.75,26.751544952392578,14.225937843322754,-23.8125,-25.713993072509766,-24.041324615478516,
359.892,18.375,28.79459571838379,16.03226089477539,-22.0625,-24.977336883544922,-23.658143997192383,
359.902,19.4375,30.27671241760254,17.42168426513672,-21.0625,-23.808326721191406,-22.89341926574707,
359.912,20.5625,30.97390365600586,18.268047332763672,-20.0625,-22.175966262817383,-21.712703704833984,
359.922,20.5625,31.907625198364258,19.22554588317871,-20.0625,-20.690258026123047,-20.636323928833008,
359.932,21.5625,32.82695007324219,20.18839454650879,-19.1875,-19.65141487121582,-19.89908218383789,
359.942,23.5625,34.232234954833984,21.48147201538086,-17.125,-18.614133834838867,-19.145231246948242,
359.952,24.4375,35.407588958740234,22.662700653076172,-16,-17.326210021972656,-18.141765594482422,
359.962,25.1875,36.0650749206543,23.517982482910156,-14.8125,-16.017480850219727,-17.05862045288086,
359.972,25.1875,36.31716537475586,24.10144805908203,-14.8125,-14.792828559875488,-16.023624420166016,
359.982,26,36.80426025390625,24.818078994750977,-13.5625,-13.550283432006836,-14.95523738861084,
359.992,27.4375,37.39698028564453,25.598691940307617,-10.75,-12.319080352783203,-13.86849308013916,
360.002,28.1875,38.025115966796875,26.40302276611328,-9.125,-11.03769588470459,-12.69816780090332,
360.012,28.8125,38.52297592163086,27.121686935424805,-7.4375,-9.422504425048828,-11.233580589294434,
360.022,28.8125,39.04005432128906,27.85833740234375,-7.4375,-7.752993106842041,-9.670791625976562,
360.032,29.3125,39.143226623535156,28.311962127685547,-5.5625,-6.231345176696777,-8.17582893371582,
360.042,30.0625,39.582275390625,28.946420669555664,-1.5,-4.378664970397949,-6.35863733291626,
360.052,30.125,39.739009857177734,29.36884880065918,0.5,-2.5839462280273438,-4.552704811096191,
360.062,30.1875,39.64982986450195,29.597877502441406,2.625,-0.7550472617149353,-2.670349597930908,
360.072,30.1875,39.43327713012695,29.682456970214844,2.625,1.1385890245437622,-0.7363234758377075,
360.082,30.0625,39.207763671875,29.727510452270508,4.8125,3.0514626502990723,1.2434661388397217,
360.092,29.4375,39.00338363647461,29.737281799316406,9.375,5.14669132232666,3.3997669219970703,
360.102,29.4375,38.68520736694336,29.623910903930664,9.375,7.392518520355225,5.7146196365356445,
360.112,28.8125,38.108665466308594,29.28081512451172,11.625,9.715866088867188,8.12780475616455,
360.122,28.0625,37.30985641479492,28.713741302490234,13.75,11.83650016784668,10.393287658691406,
360.132,27.0625,36.2468376159668,27.916366577148438,15.625,13.609604835510254,12.39301872253418,
360.142,27.0625,35.147518157958984,27.02988052368164,15.625,15.332267761230469,14.263965606689453,
360.152,25.0625,34.11408233642578,26.1533203125,19.125,17.032779693603516,16.093036651611328,
360.162,24.0625,33.127742767333984,25.271419525146484,20.75,18.764142990112305,17.920379638671875,
360.172,22.9375,31.95621109008789,24.235984802246094,22.0625,20.17650032043457,19.523805618286133,
360.182,21.8125,30.754663467407227,23.148723602294922,23.25,21.3287410736084,20.87004852294922,
360.192,20.6875,29.591535568237305,22.071287155151367,24.375,22.46712875366211,22.132286071777344,
360.202,20.6875,28.46292495727539,20.996780395507812,24.375,23.372438430786133,23.214120864868164,
360.212,18.3125,27.38096046447754,19.92867660522461,26.0625,24.105867385864258,24.103099822998047,
360.222,17.0625,26.236042022705078,18.800220489501953,26.875,24.796476364135742,24.929840087890625,
360.232,15.875,25.008405685424805,17.59888458251953,27.5,25.448020935058594,25.7115478515625,
360.242,15.875,23.760181427001953,16.37356948852539,27.5,26.065502166748047,26.443174362182617,
360.252,13.375,22.585817337036133,15.180974960327148,28.75,26.639835357666016,27.123849868774414,
360.262,13.375,21.44268226623535,13.991555213928223,28.75,27.142297744750977,27.735912322998047,
360.272,10.9375,20.367366790771484,12.828877449035645,29.625,27.519166946411133,28.244295120239258,
360.282,9.8125,19.24003791809082,11.6303129196167,29.9375,27.820772171020508,28.675689697265625,
360.292,8.75,18.247173309326172,10.517111778259277,30.125,28.03847885131836,29.020292282104492,
360.302,7.625,17.37055206298828,9.484294891357422,30.25,28.152996063232422,29.25661277770996,
360.312,6.5625,16.505752563476562,8.463808059692383,30.375,28.19603729248047,29.405807495117188,
360.322,5.4375,15.635273933410645,7.444153308868408,30.4375,28.226760864257812,29.522315979003906,
360.332,4.3125,14.643071174621582,6.360684394836426,30.4375,28.269664764404297,29.635887145996094,
360.342,3.1875,13.594096183776855,5.259871482849121,30.375,28.276968002319336,29.701536178588867,
360.352,2,12.554634094238281,4.187448501586914,30.25,28.238651275634766,29.704240798950195,
360.362,0.8125,11.445304870605469,3.0922281742095947,30.0625,28.13965606689453,29.639142990112305,
360.372,-0.3125,10.381498336791992,2.0449347496032715,29.6875,27.885101318359375,29.43995475769043,
360.382,-1.625,9.155813217163086,0.9144531488418579,29.1875,27.566661834716797,29.176280975341797,
360.392,-2.875,7.779899597167969,-0.30288994312286377,28.5,27.096677780151367,28.784223556518555,
360.402,-4.1875,6.326292037963867,-1.5612328052520752,27.5625,26.46661949157715,28.244483947753906,
360.412,-5.5,4.842799186706543,-2.8364133834838867,26.5,25.442596435546875,27.34587287902832,
360.422,-6.8125,3.3206229209899902,-4.145360469818115,25.375,24.49795150756836,26.47783851623535,
360.432,-8,1.9446742534637451,-5.371577739715576,24.125,23.234148025512695,25.325746536254883,
360.442,-9.1875,0.41553646326065063,-6.689272880554199,22.8125,22.087007522583008,24.247657775878906,
360.452,-10.25,-0.8239266872406006,-7.813737392425537,21.375,20.799497604370117,23.037405014038086,
360.462,-11.1875,-2.043405771255493,-8.890573501586914,19.8125,19.403553009033203,21.715675354003906,
360.472,-11.9375,-3.0576400756835938,-9.807636260986328,18.0625,17.818443298339844,20.220535278320312,
360.482,-12.6875,-3.926804542541504,-10.591487884521484,16.25,16.18412208557129,18.6510066986084,
360.492,-13.3125,-4.678863048553467,-11.269179344177246,14.3125,14.392252922058105,16.926227569580078,
360.502,-13.9375,-5.458037376403809,-11.930211067199707,12.3125,12.576309204101562,15.156635284423828,
360.512,-14.5,-6.192748069763184,-12.538825988769531,10.1875,10.644082069396973,13.278304100036621,
360.522,-15.125,-7.003404140472412,-13.172600746154785,8.0625,8.668436050415039,11.350041389465332,
360.532,-15.75,-7.834862232208252,-13.804675102233887,5.8125,6.515130519866943,9.280454635620117,
360.542,-16.4375,-8.734142303466797,-14.467881202697754,3.5,4.402166843414307,7.237300872802734,
360.552,-17.125,-9.774999618530273,-15.21452808380127,1.125,2.183974266052246,5.110595703125,
360.562,-17.875,-10.840731620788574,-15.97443962097168,-1.25,-0.21596771478652954,2.826012372970581,
360.572,-18.5625,-11.815526962280273,-16.677059173583984,-3.6875,-2.707561731338501,0.45411133766174316,
360.582,-19.3125,-12.901453971862793,-17.447933197021484,-6.1875,-5.17665958404541,-1.9210048913955688,
360.592,-20,-13.979950904846191,-18.213096618652344,-8.75,-7.613173961639404,-4.288716793060303,
360.602,-20.75,-15.085683822631836,-18.991180419921875,-11.25,-10.071924209594727,-6.6986165046691895,
360.612,-21.4375,-16.105632781982422,-19.70873260498047,-13.75,-12.48338508605957,-9.085844039916992,
360.622,-22.0625,-17.295650482177734,-20.521909713745117,-16.1875,-15.054694175720215,-11.628067970275879,
360.632,-22.5,-18.141942977905273,-21.09585952758789,-18.4375,-17.45281982421875,-14.05134105682373,
360.642,-22.375,-18.351003646850586,-21.231204986572266,-19.6875,-18.735734939575195,-15.650927543640137,
360.652,-21.875,-18.422454833984375,-21.16170310974121,-20.4375,-19.895723342895508,-17.01212501525879,
360.662,-21.125,-18.47431182861328,-20.990480422973633,-20.8125,-20.945606231689453,-18.16238784790039,
360.672,-20.125,-18.054872512817383,-20.43118667602539,-21.125,-20.92666244506836,-18.295618057250977,
360.682,-18.9375,-16.677024841308594,-19.18224334716797,-21.5625,-20.731414794921875,-18.18856430053711,
360.692,-17.75,-15.109673500061035,-17.775127410888672,-22.5,-21.33357048034668,-18.633556365966797,
360.702,-16.6875,-14.614368438720703,-17.052927017211914,-23.875,-22.69359016418457,-19.728389739990234,
360.712,-15.5,-13.655106544494629,-16.09038543701172,-25,-24.441991806030273,-21.2335262298584,
360.722,-14.3125,-12.659205436706543,-15.109760284423828,-25.9375,-26.028175354003906,-22.636165618896484,
360.732,-13.125,-11.396099090576172,-13.983626365661621,-26.5625,-27.189306259155273,-23.6652774810791,
360.742,-12,-10.201644897460938,-12.925891876220703,-26.9375,-27.704957962036133,-24.134668350219727,
360.752,-10.8125,-8.675211906433105,-11.691054344177246,-27.1875,-27.882490158081055,-24.257301330566406,
360.762,-9.6875,-7.010673999786377,-10.385950088500977,-27.625,-28.23509979248047,-24.46601676940918,
360.772,-8.6875,-5.923529148101807,-9.458785057067871,-28.125,-28.860607147216797,-24.927383422851562,
360.782,-7.6875,-4.8985395431518555,-8.587814331054688,-28.4375,-29.601289749145508,-25.54668426513672,
360.792,-6.625,-3.7121284008026123,-7.6097002029418945,-28.6875,-30.216291427612305,-26.085405349731445,
360.802,-5.5,-2.5054235458374023,-6.594893455505371,-28.75,-30.53219223022461,-26.380535125732422,
360.812,-4.25,-1.2257397174835205,-5.5272536277771,-28.625,-30.362808227539062,-26.29746437072754,
360.822,-2.8125,0.3419804573059082,-4.265153408050537,-28.375,-29.939250946044922,-25.984649658203125,
360.832,-1.3125,1.9508603811264038,-2.934026002883911,-28,-29.638620376586914,-25.768625259399414,
360.842,0.25,3.6479721069335938,-1.510033369064331,-27.5,-29.477352142333984,-25.673667907714844,
360.852,1.9375,5.307763576507568,-0.08176972717046738,-26.875,-29.086851119995117,-25.403308868408203,
360.862,3.625,7.360507011413574,1.6206867694854736,-26.1875,-28.21735954284668,-24.732765197753906,
360.872,5.375,9.268001556396484,3.2582616806030273,-25.5,-27.310609817504883,-24.04932403564453,
360.882,7.125,11.005233764648438,4.796262741088867,-24.6875,-26.41720962524414,-23.400588989257812,
360.892,8.875,12.899557113647461,6.449509620666504,-23.875,-25.455814361572266,-22.70547103881836,
360.902,10.5625,14.857415199279785,8.159268379211426,-23.125,-24.556642532348633,-22.054353713989258,
360.912,12.25,16.781190872192383,9.849370002746582,-22.3125,-23.46110725402832,-21.274879455566406,
360.922,13.9375,18.65212631225586,11.512226104736328,-21.5625,-22.277385711669922,-20.441532135009766,
360.932,15.5,20.44048500061035,13.129231452941895,-20.6875,-21.204561233520508,-19.71939468383789,
360.942,17.0625,22.032926559448242,14.617650985717773,-19.9375,-20.234994888305664,-19.08075523376465,
360.952,18.4375,23.540786743164062,16.043020248413086,-19.0625,-19.211523056030273,-18.41626739501953,
360.962,19.6875,25.045879364013672,17.459260940551758,-18.125,-17.980262756347656,-17.582731246948242,
360.972,20.875,26.47785186767578,18.812936782836914,-17.0625,-16.636003494262695,-16.641273498535156,
360.982,21.8125,27.52515983581543,19.901559829711914,-15.8125,-15.279494285583496,-15.67829704284668,
360.992,22.6875,28.431758880615234,20.85840606689453,-14.5625,-13.851800918579102,-14.637603759765625,
361.002,23.4375,29.105627059936523,21.641254425048828,-13.1875,-12.18967342376709,-13.380254745483398,
361.012,24.1875,29.772003173828125,22.405752182006836,-11.75,-10.511540412902832,-12.082220077514648,
361.022,24.875,30.48870849609375,23.1961612701416,-10.1875,-8.761149406433105,-10.700204849243164,
361.032,25.5,31.13426399230957,23.944129943847656,-8.625,-7.036128997802734,-9.29564094543457,
361.042,26.125,31.64046859741211,24.608537673950195,-7,-5.3222856521606445,-7.848506927490234,
361.052,26.625,32.149940490722656,25.270381927490234,-5.375,-3.503169536590576,-6.271633625030518,
361.062,27.0625,32.50847625732422,25.827756881713867,-3.6875,-1.7161872386932373,-4.674929618835449,
361.072,27.4375,32.79875564575195,26.32197380065918,-1.9375,-0.009519897401332855,-3.0884499549865723,
361.082,27.625,33.08102035522461,26.78154754638672,-0.125,1.659733772277832,-1.5163023471832275,
361.092,27.75,33.23943328857422,27.152603149414062,1.6875,3.389155149459839,0.14724384248256683,
361.102,27.8125,33.13557052612305,27.323843002319336,3.5625,5.217853546142578,1.945936918258667,
361.112,27.75,32.92713165283203,27.37409019470215,5.4375,6.946000099182129,3.705880880355835,
361.122,27.5625,32.67235565185547,27.346786499023438,7.375,8.770462989807129,5.571786880493164,
361.132,27.3125,32.31925964355469,27.214622497558594,9.3125,10.52060317993164,7.413529872894287,
361.142,27,31.948772430419922,27.031997680664062,11.25,12.345985412597656,9.340545654296875,
361.152,26.625,31.443262100219727,26.721872329711914,13.125,14.100789070129395,11.228084564208984,
361.162,26.1875,30.892364501953125,26.340267181396484,14.9375,15.72497844696045,13.027511596679688,
361.172,25.6875,30.475065231323242,26.003053665161133,16.8125,17.485929489135742,14.965692520141602,
361.182,25.0625,29.961366653442383,25.558937072753906,18.4375,19.029165267944336,16.754247665405273,
361.192,24.25,29.378984451293945,25.00900650024414,19.875,20.502506256103516,18.497020721435547,
361.202,23.375,28.623693466186523,24.2842960357666,21.0625,21.678743362426758,19.98961067199707,
361.212,22.375,27.705976486206055,23.40219497680664,22,22.454835891723633,21.108200073242188,
361.222,21.375,26.673038482666016,22.402284622192383,22.9375,22.996238708496094,21.977069854736328,
361.232,20.3125,25.66779899597168,21.3926944732666,23.8125,23.525541305541992,22.783432006835938,
361.242,19.1875,24.71129608154297,20.3917179107666,24.75,24.043405532836914,23.552616119384766,
361.252,18.125,23.8803653717041,19.429121017456055,25.5625,24.573637008666992,24.348979949951172,
361.262,17.0625,22.973623275756836,18.401172637939453,26.3125,25.209728240966797,25.244285583496094,
361.272,16,22.05746078491211,17.34837532043457,26.875,25.75189208984375,26.050697326660156,
361.282,16,21.12160301208496,16.27607536315918,26.875,26.221818923950195,26.740924835205078,
361.292,14.875,20.272592544555664,15.241522789001465,27.375,26.426115036010742,27.200227737426758,
361.302,12.625,19.471067428588867,14.214563369750977,28.3125,26.580501556396484,27.59205436706543,
361.312,11.5,18.664093017578125,13.174423217773438,28.6875,26.788501739501953,28.003223419189453,
361.322,10.3125,17.808828353881836,12.09913444519043,29,27.017471313476562,28.411666870117188,
361.332,10.3125,16.857484817504883,10.957133293151855,29,27.286684036254883,28.820833206176758,
361.342,9.1875,15.898547172546387,9.816434860229492,29.25,27.477153778076172,29.147701263427734,
361.352,6.75,14.923746109008789,8.70969295501709,29.3125,27.474533081054688,29.309228897094727,
361.362,5.5625,13.88798999786377,7.587551593780518,29.0625,27.305335998535156,29.287227630615234,
361.372,4.3125,12.792136192321777,6.453464508056641,28.5,26.966140747070312,29.091184616088867,
361.382,4.3125,11.730315208435059,5.342075824737549,28.5,26.673728942871094,28.855484008789062,
361.392,3.0625,10.581757545471191,4.207505226135254,27.6875,25.903169631958008,28.237201690673828,
361.402,0.5,9.239439010620117,2.9957163333892822,25.5,25.119535446166992,27.598779678344727,
361.412,-0.75,7.779293060302734,1.7172430753707886,24.1875,23.848188400268555,26.479877471923828,
361.422,-2.0625,6.25834846496582,0.408566951751709,22.75,22.53748321533203,25.3020076751709,
361.432,-2.0625,4.8692755699157715,-0.8153699040412903,22.75,21.217546463012695,24.063016891479492,
361.442,-3.375,3.252124071121216,-2.1661410331726074,21.125,19.72064208984375,22.687393188476562,
361.452,-5.8125,1.8722237348556519,-3.348051071166992,17.4375,18.0400390625,21.1641845703125,
361.462,-6.9375,0.4663844406604767,-4.5248703956604,15.5,16.157407760620117,19.420669555664062,
361.472,-8,-0.9046231508255005,-5.661681175231934,13.5,14.128890037536621,17.517210006713867,
361.482,-8,-2.218858003616333,-6.744098663330078,13.5,12.148279190063477,15.630738258361816,
361.492,-9.0625,-3.4968574047088623,-7.791896343231201,11.5,10.178797721862793,13.737581253051758,
361.502,-10.9375,-4.782236576080322,-8.818977355957031,7.4375,8.212455749511719,11.832084655761719,
361.512,-11.875,-6.009593486785889,-9.780755996704102,5.4375,6.274204254150391,9.94873332977295,
361.522,-12.75,-7.2214131355285645,-10.71284294128418,3.375,4.299592971801758,8.029945373535156,
361.532,-12.75,-8.404601097106934,-11.614362716674805,3.375,2.332385778427124,6.102625370025635,
361.542,-13.625,-9.573514938354492,-12.494468688964844,1.3125,0.4051106572151184,4.204061508178711,
361.552,-15.4375,-10.82090950012207,-13.412845611572266,-2.9375,-1.5732923746109009,2.2766034603118896,
361.562,-16.3125,-12.101595878601074,-14.353743553161621,-5.1875,-3.7207937240600586,0.19734258949756622,
361.572,-17.1875,-13.355695724487305,-15.276552200317383,-7.5625,-5.941247940063477,-1.9484031200408936,
361.582,-17.1875,-14.665884017944336,-16.233793258666992,-7.5625,-8.151437759399414,-4.115354061126709,
361.592,-18.125,-16.020654678344727,-17.2172794342041,-9.9375,-10.43143081665039,-6.334239482879639,
361.602,-19.8125,-17.297042846679688,-18.15609359741211,-14.75,-12.792143821716309,-8.596746444702148,
361.612,-20.5,-18.449342727661133,-19.013690948486328,-17.0625,-15.130903244018555,-10.857624053955078,
361.622,-21.125,-19.491897583007812,-19.786128997802734,-19.3125,-17.661026000976562,-13.271688461303711,
361.632,-21.125,-20.460723876953125,-20.475627899169922,-19.3125,-20.22941780090332,-15.702367782592773,
361.642,-21.1875,-20.702219009399414,-20.7052001953125,-20.6875,-21.75035285949707,-17.393653869628906,
361.652,-20.125,-20.610088348388672,-20.644390106201172,-21.5625,-22.804096221923828,-18.665056228637695,
361.662,-19.1875,-20.521318435668945,-20.430816650390625,-21.6875,-23.548505783081055,-19.40384292602539,
361.672,-18.125,-19.850419998168945,-19.78455924987793,-21.9375,-23.580913543701172,-19.34081268310547,
361.682,-18.125,-18.444469451904297,-18.60304069519043,-21.9375,-23.33772850036621,-19.053598403930664,
361.692,-17,-16.756284713745117,-17.246341705322266,-22.6875,-23.879924774169922,-19.30341339111328,
361.702,-15,-15.753189086914062,-16.351940155029297,-25.1875,-25.653575897216797,-20.568222045898438,
361.712,-13.8125,-14.741008758544922,-15.444509506225586,-26.0625,-27.261947631835938,-21.8798770904541,
361.722,-12.5625,-13.415143966674805,-14.297307014465332,-26.75,-28.491458892822266,-22.94332504272461,
361.732,-12.5625,-12.264045715332031,-13.245830535888672,-26.75,-29.638456344604492,-23.897523880004883,
361.742,-11.125,-10.624765396118164,-11.876870155334473,-27.1875,-30.43592071533203,-24.610260009765625,
361.752,-8.0625,-8.711941719055176,-10.344014167785645,-27.9375,-30.653711318969727,-24.769908905029297,
361.762,-6.5,-6.8495259284973145,-8.793569564819336,-28.5625,-30.80830955505371,-24.88756561279297,
361.772,-4.9375,-4.995663642883301,-7.2230706214904785,-29.125,-31.32765007019043,-25.341936111450195,
361.782,-4.9375,-3.5773141384124756,-5.930819034576416,-29.125,-32.174503326416016,-26.09071159362793,
361.792,-3.3125,-1.8699991703033447,-4.45687198638916,-29.4375,-32.920387268066406,-26.81838035583496,
361.802,0,-0.13472498953342438,-2.946152687072754,-29.4375,-33.29609680175781,-27.265846252441406,
361.812,1.875,1.5363450050354004,-1.4702422618865967,-29.125,-33.29096221923828,-27.414180755615234,
361.822,3.9375,3.426969528198242,0.13925088942050934,-28.75,-32.59046173095703,-26.99846076965332,
361.832,3.9375,5.748208522796631,2.04351806640625,-28.75,-32.08859634399414,-26.71268081665039,
361.842,6,7.744540214538574,3.781714677810669,-28.3125,-31.651277542114258,-26.506994247436523,
361.852,10.375,10.218076705932617,5.8500542640686035,-27.5625,-31.128742218017578,-26.240001678466797,
361.862,12.5,12.957159996032715,8.115968704223633,-27.125,-30.42439842224121,-25.85224151611328,
361.872,14.625,15.280953407287598,10.150960922241211,-26.625,-29.670013427734375,-25.4762020111084,
361.882,14.625,17.638145446777344,12.216773986816406,-26.625,-28.8588924407959,-25.092771530151367,
361.892,16.4375,19.82264518737793,14.205500602722168,-25.8125,-27.92256736755371,-24.644067764282227,
361.902,19.5625,21.812307357788086,16.037839889526367,-23.75,-26.866201400756836,-24.049396514892578,
361.912,20.8125,23.560894012451172,17.684659957885742,-22.6875,-25.657733917236328,-23.29741096496582,
361.922,22.0625,25.067590713500977,19.126422882080078,-21.625,-23.851831436157227,-22.018342971801758,
361.932,22.0625,26.375869750976562,20.405502319335938,-21.625,-22.04717445373535,-20.727798461914062,
361.942,23.125,27.324161529541016,21.44181251525879,-20.625,-20.566547393798828,-19.682348251342773,
361.952,23.125,28.372936248779297,22.527969360351562,-20.625,-19.43704605102539,-18.907733917236328,
361.962,25,29.521812438964844,23.680652618408203,-18.5625,-18.220624923706055,-18.017475128173828,
361.972,25.75,30.3112735748291,24.599201202392578,-17.5625,-16.941482543945312,-17.03370475769043,
361.982,26.4375,30.65550994873047,25.209003448486328,-16.5,-15.665727615356445,-16.029605865478516,
361.992,27.125,30.87428855895996,25.71769142150879,-15.375,-14.417428970336914,-15.048234939575195,
362.002,27.125,31.036569595336914,26.18071174621582,-15.375,-13.227630615234375,-14.099724769592285,
362.012,28.5,31.732242584228516,26.9859676361084,-12.8125,-11.871624946594238,-12.988541603088379,
362.022,29.1875,31.732242584228516,26.9859676361084,-11.375,-11.871624946594238,-12.988541603088379,
362.032,29.8125,33.01457595825195,28.55907440185547,-9.8125,-8.616534233093262,-10.19182014465332,
362.042,30.3125,33.20445251464844,29.050968170166016,-8.125,-6.972543239593506,-8.6886568069458,
362.052,30.3125,33.451656341552734,29.050968170166016,-8.125,-5.234089374542236,-7.066976070404053,
362.062,31,33.55265426635742,29.54979133605957,-4.4375,-3.5594873428344727,-7.066976070404053,
362.072,31.125,33.55265426635742,29.931184768676758,-2.625,-3.5594873428344727,-5.460119247436523,
362.082,31.25,33.284576416015625,30.26552963256836,-0.6875,-0.19059282541275024,-2.166978359222412,
362.092,31.25,33.119808197021484,30.366092681884766,1.1875,1.6611847877502441,-0.35676103830337524,
362.102,31.25,33.119808197021484,30.366092681884766,1.1875,1.6611847877502441,-0.35676103830337524,
362.112,30.9375,32.83207702636719,30.347763061523438,5.3125,3.650238275527954,1.569453239440918,
362.122,30.5,32.508934020996094,30.273563385009766,7.375,5.6155500411987305,3.5120832920074463,
362.132,29.9375,31.766286849975586,29.90011215209961,9.375,9.684381484985352,7.669219493865967,
362.142,29.25,30.901784896850586,29.308597564697266,11.1875,11.426311492919922,9.560340881347656,
362.152,29.25,30.901784896850586,29.308597564697266,11.1875,11.426311492919922,9.560340881347656,
362.162,27.625,28.96243667602539,27.810449600219727,14.8125,14.654759407043457,13.132272720336914,
362.172,26.625,28.96243667602539,27.810449600219727,16.625,14.654759407043457,13.132272720336914,
362.182,25.625,27.139772415161133,26.165067672729492,18.375,17.918197631835938,16.756572723388672,
362.192,24.5,26.148681640625,25.214889526367188,20,19.45676612854004,18.522045135498047,
362.202,24.5,26.148681640625,25.214889526367188,20,19.45676612854004,18.522045135498047,
362.212,22.0625,23.747941970825195,22.897220611572266,22.6875,21.906177520751953,21.491310119628906,
362.222,20.75,23.747941970825195,22.897220611572266,23.875,21.906177520751953,21.491310119628906,
362.232,19.375,21.527769088745117,20.508779525756836,25,23.812618255615234,23.88429069519043,
362.242,18,20.34406280517578,19.20222282409668,26.0625,24.77138328552246,25.058555603027344,
362.252,18,20.34406280517578,19.20222282409668,26.0625,24.77138328552246,25.058555603027344,
362.262,15.3125,19.100770950317383,17.818681716918945,27.6875,25.64354133605957,26.156713485717773,
362.272,13.9375,16.782363891601562,16.43941307067871,28.3125,26.85263442993164,27.09212303161621,
362.282,12.5,15.794687271118164,13.782452583312988,28.875,27.198823928833008,28.419572830200195,
362.292,11.0625,14.797877311706543,12.45947551727295,29.3125,27.460113525390625,28.892614364624023,
362.302,9.5625,13.735503196716309,11.086851119995117,29.625,27.713394165039062,29.31922721862793,
362.312,9.5625,13.735503196716309,11.086851119995117,29.625,27.713394165039062,29.31922721862793,
362.322,8.125,11.308125495910645,8.1506986618042,29.9375,28.149850845336914,30.004533767700195,
362.332,5.1875,10.151291847229004,6.739704132080078,30.1875,28.272127151489258,30.21327781677246,
362.342,3.75,8.972959518432617,5.343010425567627,30.125,28.26181411743164,30.276714324951172,
362.352,3.75,7.770735263824463,3.9688572883605957,30.125,28.18000602722168,30.248634338378906,
362.362,2.3125,6.597236633300781,2.646522045135498,30,27.98998260498047,30.105194091796875,
362.372,0.875,5.36697244644165,1.3241568803787231,29.75,27.82283592224121,29.953962326049805,
362.382,-1.875,4.048945426940918,-0.024052351713180542,28.75,27.469505310058594,29.63017463684082,
362.392,-3.375,2.5423080921173096,-1.4705133438110352,28,26.942529678344727,29.142894744873047,
362.402,-4.8125,1.1452573537826538,-2.8293230533599854,27.0625,26.17653465270996,28.438861846923828,
362.412,-6.25,-0.5145571231842041,-4.3304877281188965,26,25.267454147338867,27.58054542541504,
362.422,-7.625,-2.041332960128784,-5.725919723510742,24.75,24.14620590209961,26.52683448791504,
362.432,-9,-3.4999759197235107,-7.053027153015137,23.4375,22.944583892822266,25.380197525024414,
362.442,-10.3125,-4.996626853942871,-8.381941795349121,22.0625,21.585033416748047,24.078689575195312,
362.452,-11.5,-6.516532897949219,-9.70755672454834,20.5625,20.24171257019043,22.761198043823242,
362.462,-12.625,-7.894769668579102,-10.910782814025879,19.0625,18.77842903137207,21.323816299438477,
362.472,-13.625,-9.206772804260254,-12.045370101928711,17.5,17.330263137817383,19.87539291381836,
362.482,-14.625,-10.414386749267578,-13.085457801818848,15.875,15.81313419342041,18.34250259399414,
362.492,-15.5625,-11.579416275024414,-14.068883895874023,14.3125,14.333199501037598,16.82973861694336,
362.502,-16.4375,-12.648255348205566,-14.962176322937012,12.75,12.770109176635742,15.233458518981934,
362.512,-17.25,-13.719965934753418,-15.834304809570312,11.25,11.30320930480957,13.695911407470703,
362.522,-18.0625,-14.756574630737305,-16.66190528869629,9.875,9.978022575378418,12.257686614990234,
362.532,-18.875,-15.816509246826172,-17.489181518554688,8.625,8.793725967407227,10.939834594726562,
362.542,-19.6875,-16.87561798095703,-18.300546646118164,7.5625,7.7827911376953125,9.776073455810547,
362.552,-20.5,-17.948869705200195,-19.111263275146484,6.5,6.851059436798096,8.709980964660645,
362.562,-21.375,-19.049596786499023,-19.932846069335938,5.5625,5.957581520080566,7.707219123840332,
362.572,-22.25,-20.2496337890625,-20.8165283203125,4.625,5.157629489898682,6.806350231170654,
362.582,-23.125,-21.461244583129883,-21.70627784729004,3.875,4.471556186676025,6.015516757965088,
362.592,-24,-22.716869354248047,-22.624013900756836,3.1875,3.8086798191070557,5.276800155639648,
362.602,-24.875,-24.00035858154297,-23.56165885925293,2.625,3.1098453998565674,4.537734508514404,
362.612,-25.625,-25.187971115112305,-24.435401916503906,2.125,2.6383213996887207,4.028438091278076,
362.622,-26.25,-26.37169647216797,-25.286426544189453,1.75,2.1102817058563232,3.497464179992676,
362.632,-26.75,-27.36482048034668,-25.987905502319336,1.4375,1.7806249856948853,3.1747446060180664,
362.642,-27.0625,-28.04955291748047,-26.462594985961914,1.3125,1.5539133548736572,2.9619948863983154,
362.652,-27.125,-28.41287612915039,-26.68017578125,1.375,1.3460674285888672,2.8045313358306885,
362.662,-27,-28.704540252685547,-26.79706573486328,1.5625,1.37064790725708,2.8903310298919678,
362.672,-26.625,-28.778059005737305,-26.713632583618164,1.875,1.486613154411316,3.1154873371124268,
362.682,-26,-28.411725997924805,-26.283164978027344,2.25,1.7507461309432983,3.5253424644470215,
362.692,-25.1875,-28.140403747558594,-25.840213775634766,2.75,1.864626169204712,3.849896192550659,
362.702,-24.25,-27.447519302368164,-25.075197219848633,3.25,2.020170211791992,4.244637966156006,
362.712,-23.0625,-26.48886489868164,-24.09151840209961,3.75,2.3267014026641846,4.762828826904297,
362.722,-21.8125,-25.604063034057617,-23.090707778930664,4.25,2.5390820503234863,5.21487283706665,
362.732,-20.3125,-24.48898696899414,-21.903749465942383,4.75,2.7513203620910645,5.649633884429932,
362.742,-18.6875,-23.232192993164062,-20.568925857543945,5.1875,3.0361573696136475,6.133686542510986,
362.752,-16.8125,-21.788387298583984,-19.058977127075195,5.625,3.186617612838745,6.484710693359375,
362.762,-14.75,-20.0784969329834,-17.32288932800293,6.0625,3.373617649078369,6.852103233337402,
362.772,-12.5,-18.087635040283203,-15.347042083740234,6.5,3.6906492710113525,7.297769069671631,
362.782,-10.0625,-15.918184280395508,-13.199461936950684,6.875,4.0392746925354,7.730232238769531,
362.792,-7.5,-13.534873962402344,-10.85910415649414,7.1875,4.415924549102783,8.158943176269531,
362.802,-4.875,-10.857125282287598,-8.292922973632812,7.375,4.753902435302734,8.51527214050293,
362.812,-2.1875,-8.192109107971191,-5.70601749420166,7.4375,4.958976745605469,8.724138259887695,
362.822,0.4375,-5.4284539222717285,-3.04618239402771,7.3125,5.077606678009033,8.830772399902344,
362.832,3.125,-2.6500632762908936,-0.37638920545578003,7.0625,5.031618595123291,8.765453338623047,
362.842,5.6875,0.03612002730369568,2.2229504585266113,6.625,4.816808700561523,8.52431869506836,
362.852,8.125,2.6614110469818115,4.756718635559082,6.0625,4.476865768432617,8.144174575805664,
362.862,10.5625,5.165912628173828,7.184666156768799,5.375,3.9437286853790283,7.57736349105835,
362.872,12.8125,7.560855388641357,9.51258659362793,4.5625,3.3354392051696777,6.92264986038208,
362.882,15.0625,9.916657447814941,11.782309532165527,3.75,2.682142496109009,6.209279537200928,
362.892,17.25,12.230093002319336,13.999916076660156,2.8125,1.9391636848449707,5.414488315582275,
362.902,19.375,14.498356819152832,16.168010711669922,1.8125,1.118747353553772,4.545684814453125,
362.912,21.5,16.707382202148438,18.276782989501953,0.75,0.21795308589935303,3.5981311798095703,
362.922,23.5,18.899885177612305,20.35647201538086,-0.3125,-0.7742707133293152,2.5694003105163574,
362.932,25.4375,21.153900146484375,22.45816421508789,-1.5625,-1.8939616680145264,1.4182062149047852,
362.942,27.3125,23.164926528930664,24.383541107177734,-2.75,-2.9610862731933594,0.2866099178791046,
362.952,28.875,25.261817932128906,26.3339900970459,-3.9375,-4.192047119140625,-1.0103044509887695,
362.962,30.25,27.21963119506836,28.138694763183594,-5.125,-5.54851770401001,-2.440457820892334,
362.972,30.75,27.943479537963867,29.092416763305664,-6.125,-6.4904632568359375,-3.582212209701538,
362.982,30.8125,28.310518264770508,29.630081176757812,-6.9375,-7.372838497161865,-4.700150012969971,
362.992,30.4375,28.431194305419922,29.845884323120117,-7.5625,-8.094433784484863,-5.671020984649658,
363.002,29.875,27.243335723876953,29.107177734375,-8.3125,-7.806746006011963,-5.765640735626221,
363.012,29.125,25.95176887512207,28.2181453704834,-9,-7.932559490203857,-6.160845756530762,
363.022,28.625,25.068016052246094,27.531097412109375,-9.8125,-8.2981595993042,-6.645150184631348,
363.032,28.1875,24.87417984008789,27.332483291625977,-10.5,-9.332687377929688,-7.619255542755127,
363.042,27.8125,24.803970336914062,27.25518226623535,-11.3125,-10.452301979064941,-8.526429176330566,
363.052,27.375,24.52751922607422,27.080066680908203,-12.0625,-11.404784202575684,-9.240774154663086,
363.062,26.8125,23.963592529296875,26.71621322631836,-12.875,-12.522995948791504,-10.023530006408691,
363.072,25.9375,23.008716583251953,26.091604232788086,-13.5,-13.80968189239502,-10.93342113494873,
363.082,24.625,21.755353927612305,25.216014862060547,-14,-14.990933418273926,-11.74687385559082,
363.092,22.4375,19.524044036865234,23.60669708251953,-14.125,-15.837029457092285,-12.347257614135742,
363.102,20.25,17.507139205932617,21.919719696044922,-14.25,-16.43563461303711,-12.670164108276367,
363.112,17.5,14.763592720031738,19.689016342163086,-14,-16.480730056762695,-12.62190055847168,
363.122,13.6875,11.002129554748535,16.65575408935547,-13.4375,-16.182476043701172,-12.335988998413086,
363.132,9.5625,6.903173446655273,13.153962135314941,-12.875,-15.955841064453125,-12.040822982788086,
363.142,5.25,2.694108247756958,9.444242477416992,-12.4375,-15.754714012145996,-11.772665023803711,
363.152,0.9375,-1.9301482439041138,5.3814616203308105,-12.1875,-15.38810920715332,-11.374177932739258,
363.162,-3.1875,-6.918999671936035,1.0621590614318848,-12.125,-15.063032150268555,-11.07517147064209,
363.172,-7.25,-11.772549629211426,-3.1559715270996094,-12.1875,-14.853641510009766,-10.943998336791992,
363.182,-11.125,-16.607072830200195,-7.332638263702393,-12.4375,-14.736559867858887,-10.955595970153809,
363.192,-14.75,-21.06543731689453,-11.237849235534668,-13,-14.835565567016602,-11.193830490112305,
363.202,-18.125,-25.145313262939453,-14.854560852050781,-13.75,-15.134333610534668,-11.672837257385254,
363.212,-21.125,-29.03008270263672,-18.308361053466797,-14.5625,-15.855642318725586,-12.562256813049316,
363.222,-22.625,-31.663602828979492,-20.90474510192871,-14.9375,-15.91767406463623,-12.955631256103516,
363.232,-23.125,-33.239376068115234,-22.540355682373047,-15.0625,-16.512996673583984,-13.661362648010254,
363.242,-23,-34.77588653564453,-23.85070037841797,-15,-17.098819732666016,-14.288681983947754,
363.252,-22.3125,-34.937259674072266,-24.22245216369629,-14.75,-17.38143539428711,-14.606379508972168,
363.262,-21.625,-33.06754684448242,-23.027950286865234,-14.5,-16.70934295654297,-14.112020492553711,
363.272,-21.125,-31.055143356323242,-21.640933990478516,-14.125,-15.816712379455566,-13.43088150024414,
363.282,-21.1875,-30.0562686920166,-20.939237594604492,-13.8125,-15.482630729675293,-13.161417007446289,
363.292,-21.4375,-29.202709197998047,-20.475128173828125,-13.375,-15.096329689025879,-12.80094051361084,
363.302,-21.875,-30.355161666870117,-21.389965057373047,-13.0625,-14.880407333374023,-12.452535629272461,
363.312,-22.375,-31.132701873779297,-22.151262283325195,-12.625,-14.727412223815918,-12.138673782348633,
363.322,-22.75,-31.0805721282959,-22.4199275970459,-11.9375,-14.346331596374512,-11.626721382141113,
363.332,-22.75,-30.96140480041504,-22.618906021118164,-11.125,-13.891166687011719,-10.999931335449219,
363.342,-22.1875,-30.845216751098633,-22.727941513061523,-10.25,-13.445716857910156,-10.346721649169922,
363.352,-21.375,-30.759172439575195,-22.823671340942383,-9.1875,-13.07072925567627,-9.750194549560547,
363.362,-20.1875,-30.200693130493164,-22.511165618896484,-8.125,-12.399086952209473,-8.894519805908203,
363.372,-18.25,-28.583051681518555,-21.357479095458984,-6.9375,-11.54098129272461,-7.8550591468811035,
363.382,-16,-26.409912109375,-19.647783279418945,-5.75,-10.62597370147705,-6.750169277191162,
363.392,-16,-24.065231323242188,-17.684513092041016,-5.75,-9.64622974395752,-5.6153059005737305,
363.402,-13.5625,-22.26327896118164,-16.012815475463867,-4.625,-8.571735382080078,-4.423575401306152,
363.412,-7.625,-19.653846740722656,-13.753767967224121,-2.75,-7.597589015960693,-3.321906089782715,
363.422,-4.75,-16.811386108398438,-11.214052200317383,-2,-6.716904640197754,-2.360896348953247,
363.432,-1.8125,-13.68297290802002,-8.465129852294922,-1.4375,-6.080828666687012,-1.6585372686386108,
363.442,-1.8125,-10.181805610656738,-5.4412946701049805,-1.4375,-5.427765369415283,-1.027407169342041,
363.452,1,-6.990391254425049,-2.5927791595458984,-1,-4.954074859619141,-0.5875537395477295,
363.462,6.4375,-4.1593217849731445,0.022276312112808228,-0.4375,-4.400296211242676,-0.13777443766593933,
363.472,9.125,-1.5116468667984009,2.489668607711792,-0.125,-3.938084602355957,0.1646171510219574,
363.482,11.875,1.1146749258041382,4.9464216232299805,0.0625,-3.4784162044525146,0.41831350326538086,
363.492,11.875,3.821035623550415,7.456923484802246,0.0625,-2.9648728370666504,0.6916525959968567,
363.502,14.625,6.555123805999756,9.991903305053711,0.3125,-2.2791426181793213,1.066126823425293,
363.512,20.25,9.605852127075195,12.741230964660645,0.5,-1.714106559753418,1.3390558958053589,
363.522,23.0625,12.689550399780273,15.529502868652344,0.4375,-1.2334041595458984,1.5077884197235107,
363.532,25.875,15.594501495361328,18.214937210083008,0.25,-0.8546402454376221,1.564827561378479,
363.542,25.875,18.292282104492188,20.774017333984375,0.25,-0.46007639169692993,1.5789690017700195,
363.552,28.75,21.239194869995117,23.494277954101562,0,-0.12854450941085815,1.5387336015701294,
363.562,33.8125,24.077251434326172,26.155725479125977,-1,-0.08395325392484665,1.281428337097168,
363.572,34.8125,26.001001358032227,28.14556312561035,-1.5625,0.6965141296386719,1.6299489736557007,
363.582,35,26.708358764648438,29.055999755859375,-2.0625,0.5083226561546326,1.2010142803192139,
363.592,35,27.951845169067383,30.06813621520996,-2.0625,0.5804917216300964,0.9877393841743469,
363.602,34.8125,28.120553970336914,30.322269439697266,-2.5,-0.10379672050476074,0.2171183079481125,
363.612,33.875,27.723674774169922,30.107847213745117,-3.25,-0.4813963770866394,-0.3171980679035187,
363.622,34.0625,27.241838455200195,29.75174331665039,-3.25,-0.27117764949798584,-0.3402756154537201,
363.632,34.375,26.842262268066406,29.53752326965332,-3,0.09368223696947098,-0.1036510318517685,
363.642,34.375,27.127826690673828,29.82086181640625,-3,0.31323468685150146,0.08849354088306427,
363.652,34.5625,27.86774253845215,30.41268539428711,-2.5625,0.6140350699424744,0.44036561250686646,
363.662,34.5625,28.36418342590332,30.824644088745117,-1.8125,0.593182384967804,0.6934803128242493,
363.672,34.5,28.29667091369629,30.82453155517578,-1.5625,0.6540361642837524,1.0250221490859985,
363.682,34.4375,27.92763900756836,30.60334014892578,-1.3125,0.5079906582832336,1.1830655336380005,
363.692,34.4375,27.520278930664062,30.347591400146484,-1.3125,0.33391276001930237,1.3025482892990112,
363.702,34.4375,27.459171295166016,30.305648803710938,-1,0.2939406633377075,1.5802533626556396,
363.712,34.5,27.76844596862793,30.50307846069336,0,0.322442889213562,2.0900864601135254,
363.722,34.3125,27.86263656616211,30.55565643310547,0.5,0.22015438973903656,2.5865867137908936,
363.732,34.3125,27.57114601135254,30.314218521118164,0.9375,-0.02734498679637909,3.0222885608673096,
363.742,33.8125,27.20465850830078,29.948671340942383,0.9375,-0.34584546089172363,3.3648948669433594,
363.752,33.1875,26.935409545898438,29.61444854736328,1.3125,-0.7575032711029053,3.664407253265381,
363.762,33.1875,26.044193267822266,28.830894470214844,1.3125,-1.2841739654541016,3.9488863945007324,
363.771,31,24.85050392150879,27.72670555114746,1.5,-2.307675838470459,3.7475860118865967,
363.781,29.8125,23.942506790161133,26.780654907226562,1.4375,-3.3495309352874756,3.4620141983032227,
363.791,28.4375,22.565589904785156,25.502273559570312,1.125,-4.477992057800293,3.019843816757202,
363.802,27.0625,20.991613388061523,24.096906661987305,0.75,-5.615646839141846,2.4956445693969727,
363.811,27.0625,19.650217056274414,22.83591651916504,0.75,-6.465690612792969,2.145747661590576,
363.821,24.375,18.1870174407959,21.50044059753418,0.0625,-7.548155307769775,1.5540437698364258,
363.831,22.9375,16.770801544189453,20.18621063232422,-0.25,-8.660371780395508,0.9157511591911316,
363.841,21.5,15.156867980957031,18.747671127319336,-0.625,-9.517845153808594,0.44838857650756836,
363.851,20,13.580697059631348,17.338836669921875,-1.1875,-10.435521125793457,-0.11340320110321045,
363.861,20,11.792059898376465,15.801377296447754,-1.1875,-11.361695289611816,-0.748762309551239,
363.871,16.875,10.02916145324707,14.270801544189453,-2.625,-12.384346961975098,-1.529618501663208,
363.881,15.375,10.02916145324707,14.270801544189453,-3.5,-12.384346961975098,-1.529618501663208,
363.891,13.875,6.725226402282715,11.367165565490723,-4.5625,-14.672842025756836,-3.4825997352600098,
363.901,12.375,5.0001044273376465,9.889701843261719,-5.6875,-15.857820510864258,-4.556759357452393,
363.911,12.375,5.0001044273376465,9.889701843261719,-5.6875,-17.041471481323242,-4.556759357452393,
363.921,9.6875,3.1914658546447754,8.37462329864502,-8.25,-17.041471481323242,-5.677742958068848,
363.931,8.5,1.4519579410552979,6.924065113067627,-9.5625,-18.482404708862305,-7.0614824295043945,
363.941,7.4375,-1.683480143547058,4.329466342926025,-10.9375,-21.26704216003418,-9.898685455322266,
363.951,6.4375,-2.9589781761169434,3.2487378120422363,-12.25,-22.418476104736328,-11.182683944702148,
363.961,6.4375,-2.9589781761169434,3.2487378120422363,-12.25,-22.418476104736328,-11.182683944702148,
363.971,4.875,-4.201167106628418,2.2093350887298584,-14.5,-23.5589656829834,-12.485273361206055,
363.981,4.25,-5.358518123626709,1.2325390577316284,-15.5,-24.593534469604492,-13.71363353729248,
363.991,3.6875,-6.875360488891602,-0.2315874695777893,-16.375,-26.170509338378906,-15.73692512512207,
364.001,3.125,-7.430941104888916,-0.8558310270309448,-17.1875,-26.68280792236328,-16.503738403320312,
364.011,3.125,-7.430941104888916,-0.8558310270309448,-17.1875,-26.68280792236328,-16.503738403320312,
364.021,1.8125,-7.974769592285156,-1.5062931776046753,-18.5625,-27.109947204589844,-17.180959701538086,
364.031,1.0625,-8.421964645385742,-2.137681722640991,-19.1875,-27.589191436767578,-17.87331199645996,
364.041,0.1875,-9.419465065002441,-3.5913872718811035,-19.875,-28.259584426879883,-18.938919067382812,
364.051,-0.5625,-9.968144416809082,-4.416111946105957,-20.5,-28.55129051208496,-19.3961238861084,
364.062,-0.5625,-9.968144416809082,-4.416111946105957,-20.5,-28.55129051208496,-19.3961238861084,
364.071,-2.25,-10.569375991821289,-5.3036885261535645,-21.9375,-29.023099899291992,-19.981365203857422,
364.081,-3,-11.175615310668945,-6.21048641204834,-22.6875,-29.57079315185547,-20.609567642211914,
364.091,-3.6875,-11.964584350585938,-7.7600860595703125,-23.5,-30.761302947998047,-21.88992691040039,
364.101,-4.25,-12.151734352111816,-8.375329971313477,-24.1875,-31.366788864135742,-22.541210174560547,
364.111,-4.25,-12.261774063110352,-8.910554885864258,-24.1875,-32.03876876831055,-23.221797943115234,
364.121,-4.6875,-12.261774063110352,-8.910554885864258,-24.9375,-32.03876876831055,-23.221797943115234,
364.131,-5.1875,-12.39996337890625,-9.439245223999023,-26.4375,-32.678043365478516,-23.864450454711914,
364.141,-5.25,-11.787978172302246,-9.847137451171875,-27.1875,-33.57438659667969,-24.782093048095703,
364.151,-5.125,-11.348344802856445,-9.901373863220215,-27.75,-34.19214630126953,-25.393325805664062,
364.161,-5.125,-11.348344802856445,-9.901373863220215,-27.75,-34.19214630126953,-25.393325805664062,
364.171,-4.375,-10.668745994567871,-9.750636100769043,-28.375,-34.7651252746582,-25.993383407592773,
364.181,-3.8125,-9.876748085021973,-9.476972579956055,-28.625,-35.23303985595703,-26.471776962280273,
364.191,-3.125,-7.6988396644592285,-8.41391372680664,-28.875,-35.288570404052734,-26.623769760131836,
364.201,-2.375,-6.286573886871338,-7.604398250579834,-29.1875,-35.2825927734375,-26.671045303344727,
364.211,-1.5625,-4.841207027435303,-6.723990440368652,-29.4375,-35.41373062133789,-26.864717483520508,
364.221,-1.5625,-4.841207027435303,-6.723990440368652,-29.4375,-35.41373062133789,-26.864717483520508,
364.231,-0.1875,-3.5690808296203613,-5.902998924255371,-29.8125,-35.71427536010742,-27.24482536315918,
364.241,0.3125,-1.0574089288711548,-4.18496036529541,-29.9375,-35.65654373168945,-27.531452178955078,
364.251,0.875,-0.13494819402694702,-3.49530029296875,-30,-35.315834045410156,-27.426986694335938,
364.261,0.875,0.48642697930336,-2.973299026489258,-30,-35.06798553466797,-27.40302085876465,
364.271,1.375,0.48642697930336,-2.973299026489258,-30.0625,-35.06798553466797,-27.40302085876465,
364.281,2.1875,1.004747986793518,-2.4970736503601074,-30.25,-34.929447174072266,-27.479473114013672,
364.291,2.625,1.8865137100219727,-1.6353425979614258,-30.3125,-34.66814422607422,-27.669450759887695,
364.301,3.0625,2.237940788269043,-1.2771495580673218,-30.3125,-34.43837356567383,-27.67464828491211,
364.311,3.5625,2.6128647327423096,-0.904242753982544,-30.4375,-34.17161178588867,-27.642728805541992,
364.321,3.5625,2.6128647327423096,-0.904242753982544,-30.4375,-34.17161178588867,-27.642728805541992,
364.331,4.875,3.052520275115967,-0.4574286639690399,-30.5,-33.916717529296875,-27.62690544128418,
364.341,5.6875,4.697436332702637,1.0714250802993774,-30.4375,-33.49287796020508,-27.687528610229492,
364.351,6.625,5.4076457023620605,1.8463988304138184,-30.3125,-33.19130325317383,-27.64288902282715,
364.361,7.6875,6.049916744232178,2.617321252822876,-30.125,-32.70597839355469,-27.451316833496094,
364.371,7.6875,6.049916744232178,2.617321252822876,-30.125,-32.70597839355469,-27.451316833496094,
364.381,10.0625,6.914595603942871,3.5587048530578613,-29.0625,-32.10780334472656,-27.17363929748535,
364.391,11.25,9.219634056091309,5.86807918548584,-28,-30.37346649169922,-26.237695693969727,
364.401,12.3125,10.417140007019043,7.050858974456787,-26.375,-28.743391036987305,-25.141536712646484,
364.411,12.3125,11.355077743530273,8.052762985229492,-26.375,-26.762815475463867,-23.693984985351562,
364.421,13.1875,11.355077743530273,8.052762985229492,-24.4375,-26.762815475463867,-23.693984985351562,
364.431,13.875,12.228523254394531,8.974230766296387,-21.9375,-24.155025482177734,-21.69287872314453,
364.441,14.25,12.91288948059082,9.973819732666016,-16.375,-18.127824783325195,-16.75499725341797,
364.451,14.1875,12.789077758789062,10.053537368774414,-13.4375,-15.084578514099121,-14.181397438049316,
364.461,14.1875,12.789077758789062,10.053537368774414,-13.4375,-15.084578514099121,-14.181397438049316,
364.471,13.875,11.742006301879883,9.547966957092285,-10.4375,-8.7935152053833,-8.769675254821777,
364.481,13.6875,11.142754554748535,9.228487014770508,-7.375,-5.5289740562438965,-5.889859199523926,
364.491,13.625,10.932449340820312,9.175180435180664,-1.5,-2.135875701904297,-2.908280372619629,
364.501,13.8125,10.800172805786133,9.205459594726562,1.3125,1.0558677911758423,-0.07855446636676788,
364.511,14.25,10.941750526428223,9.44678020477295,4.125,3.973480701446533,2.5591330528259277,
364.521,14.25,11.1703519821167,9.77931022644043,4.125,6.8789381980896,5.1887335777282715,
364.531,14.8125,11.457782745361328,10.174142837524414,6.875,9.7767333984375,7.820201396942139,
364.541,16.125,12.174481391906738,10.850789070129395,12.3125,12.678054809570312,10.4794282913208,
364.551,16.8125,12.999946594238281,11.595099449157715,14.9375,15.399064064025879,13.011054992675781,
364.561,16.8125,13.760170936584473,12.273894309997559,14.9375,18.105060577392578,15.542075157165527,
364.571,18,14.4393310546875,12.866307258605957,20.25,20.716720581054688,18.01878547668457,
364.581,18.375,15.283854484558105,13.523113250732422,22.75,23.403072357177734,20.598417282104492,
364.591,18.625,16.116199493408203,14.11434268951416,25.0625,26.73127555847168,23.71178436279297,
364.601,18.5625,16.416988372802734,14.312216758728027,27,29.282848358154297,26.223102569580078,
364.611,18.1875,16.186201095581055,14.122814178466797,27.75,30.731647491455078,27.892847061157227,
364.621,17.6875,15.627727508544922,13.641432762145996,27.9375,31.065807342529297,28.49411392211914,
364.631,17.1875,14.937996864318848,13.06178092956543,27.8125,30.550413131713867,28.23430824279785,
364.641,16.625,14.425963401794434,12.587997436523438,27.8125,30.233720779418945,27.97715187072754,
364.651,16,14.135690689086914,12.229572296142578,28.0625,30.46863555908203,28.12697982788086,
364.661,15.4375,13.614934921264648,11.707712173461914,28.5,31.31772232055664,28.798450469970703,
364.671,14.9375,12.774703025817871,10.979575157165527,28.75,31.799314498901367,29.257915496826172,
364.681,14.5,12.362838745117188,10.537189483642578,28.625,31.828330993652344,29.380640029907227,
364.691,14.0625,11.987862586975098,10.138474464416504,28.5,31.557178497314453,29.19135093688965,
364.701,13.625,11.679337501525879,9.778034210205078,28.5,31.175416946411133,28.846965789794922,
364.711,13.1875,11.47846508026123,9.443739891052246,28.625,31.30439567565918,28.937255859375,
364.721,12.6875,11.077688217163086,8.947325706481934,28.8125,31.574193954467773,29.178783416748047,
364.731,12.125,10.5571870803833,8.344648361206055,29,31.99704933166504,29.579792022705078,
364.741,11.5,10.198646545410156,7.799886703491211,28.875,32.15584182739258,29.813995361328125,
364.751,10.75,10.021499633789062,7.344010829925537,28.375,31.830289840698242,29.664552688598633,
364.761,9.875,9.409686088562012,6.578996658325195,27.5,30.989763259887695,29.058420181274414,
364.772,9.0625,8.962453842163086,5.889666557312012,26.3125,30.144376754760742,28.39161491394043,
364.781,8.25,8.469204902648926,5.167252063751221,24.8125,28.612117767333984,27.13170051574707,
364.791,7.3125,7.729002952575684,4.298476219177246,23.25,26.999818801879883,25.73138427734375,
364.801,6.4375,7.324343204498291,3.6341781616210938,21.5,25.37956428527832,24.28635025024414,
364.811,5.375,6.669748783111572,2.8289411067962646,19.5,23.4573974609375,22.574865341186523,
364.821,4.375,5.715846061706543,1.8384002447128296,17.5,21.236038208007812,20.56675148010254,
364.831,3.25,4.621206760406494,0.7798873782157898,15.375,19.092138290405273,18.586854934692383,
364.841,2.0625,3.5468270778656006,-0.2604958713054657,13.25,16.831876754760742,16.481277465820312,
364.851,0.875,2.160818576812744,-1.4784830808639526,11.0625,14.527506828308105,14.309948921203613,
364.862,-0.25,0.8782244324684143,-2.6075191497802734,9,12.280123710632324,12.157206535339355,
364.871,-1.375,-0.3786023259162903,-3.696458578109741,6.875,10.433046340942383,10.337779998779297,
364.881,-2.625,-1.8098032474517822,-4.8798933029174805,4.625,8.260660171508789,8.2662935256958,
364.891,-3.875,-3.182452917098999,-6.011379241943359,2.25,6.044305324554443,6.148279666900635,
364.901,-5.125,-4.7955827713012695,-7.283998489379883,-0.0625,3.5009310245513916,3.7243123054504395,
364.911,-6.375,-6.627564907073975,-8.689789772033691,-2.5625,0.7896748781204224,1.1480931043624878,
364.921,-7.6875,-8.203951835632324,-9.926054000854492,-5,-1.6966066360473633,-1.2757904529571533,
364.931,-8.875,-9.693488121032715,-11.10018539428711,-7.3125,-3.967622756958008,-3.5578150749206543,
364.941,-10.125,-11.401644706726074,-12.399372100830078,-9.5625,-6.329172611236572,-5.915506839752197,
364.951,-11.3125,-13.181160926818848,-13.733091354370117,-11.8125,-8.698859214782715,-8.275384902954102,
364.961,-12.5,-14.967781066894531,-15.068376541137695,-13.9375,-10.85637092590332,-10.471558570861816,
364.971,-13.625,-16.530046463012695,-16.261409759521484,-16,-12.789112091064453,-12.455055236816406,
364.981,-14.6875,-18.130983352661133,-17.49126625061035,-18,-15.036060333251953,-14.67434310913086,
364.991,-15.6875,-19.532758712768555,-18.60410499572754,-19.75,-17.089656829833984,-16.720844268798828,
365.001,-16.25,-20.264984130859375,-19.301021575927734,-20.9375,-18.403339385986328,-18.16423225402832,
365.011,-16.375,-21.010324478149414,-19.952075958251953,-21.3125,-19.361608505249023,-19.26443862915039,
365.021,-16.3125,-21.493793487548828,-20.354293823242188,-21.375,-20.027568817138672,-19.961633682250977,
365.031,-15.9375,-21.53798484802246,-20.428625106811523,-21.1875,-19.734542846679688,-19.73865509033203,
365.041,-15.5,-20.437774658203125,-19.721677780151367,-21,-18.76654052734375,-18.802654266357422,
365.051,-15,-19.352397918701172,-19.00453758239746,-21.1875,-18.52423095703125,-18.349411010742188,
365.061,-14.6875,-18.978824615478516,-18.716917037963867,-21.8125,-19.195676803588867,-18.608837127685547,
365.071,-14.25,-18.556833267211914,-18.438201904296875,-22.75,-20.52739715576172,-19.47589111328125,
365.081,-13.75,-17.958389282226562,-18.043052673339844,-23.5625,-21.855066299438477,-20.44803237915039,
365.091,-13.0625,-17.29875373840332,-17.568523406982422,-24.125,-22.95630645751953,-21.29880142211914,
365.101,-12.1875,-16.51434898376465,-16.97072982788086,-24.625,-23.561052322387695,-21.752132415771484,
365.111,-11.1875,-15.146349906921387,-15.969330787658691,-24.875,-23.888784408569336,-21.959081649780273,
365.121,-9.9375,-13.632134437561035,-14.84006404876709,-25.125,-23.827041625976562,-21.80938720703125,
365.131,-8.625,-11.82296085357666,-13.456888198852539,-25.4375,-24.054508209228516,-21.86097526550293,
365.141,-7.3125,-10.53817081451416,-12.377608299255371,-25.875,-24.95166778564453,-22.500776290893555,
365.151,-5.875,-9.156695365905762,-11.23119068145752,-26.25,-25.766448974609375,-23.114656448364258,
365.161,-4.375,-7.390430927276611,-9.813983917236328,-26.625,-26.129833221435547,-23.374149322509766,
365.171,-2.8125,-5.5511274337768555,-8.31993579864502,-26.875,-26.423580169677734,-23.62070083618164,
365.181,-1.0625,-3.586653470993042,-6.733733177185059,-26.9375,-26.546106338500977,-23.765583038330078,
365.191,0.75,-1.5604002475738525,-5.063009262084961,-26.875,-26.587697982788086,-23.863855361938477,
365.201,2.6875,0.5028382539749146,-3.328291654586792,-26.6875,-26.51376724243164,-23.86409568786621,
365.211,4.75,2.7824697494506836,-1.4235386848449707,-26.5,-26.242992401123047,-23.708656311035156,
365.221,6.875,5.433279991149902,0.7470564842224121,-26.3125,-25.679738998413086,-23.343843460083008,
365.231,9.0625,8.040571212768555,2.9246935844421387,-26.125,-25.235082626342773,-23.115123748779297,
365.241,11.1875,10.387052536010742,4.976791858673096,-26,-24.909278869628906,-23.004846572875977,
365.251,13.3125,12.91759204864502,7.167665481567383,-25.8125,-24.472375869750977,-22.858501434326172,
365.261,15.4375,15.424931526184082,9.362044334411621,-25.625,-23.879467010498047,-22.615142822265625,
365.271,17.375,17.846763610839844,11.516313552856445,-25.375,-23.276140213012695,-22.386764526367188,
365.281,19.25,19.97365951538086,13.470311164855957,-25.0625,-22.606218338012695,-22.122709274291992,
365.291,21,22.029335021972656,15.375711441040039,-24.5625,-21.71037483215332,-21.689516067504883,
365.301,22.6875,23.730504989624023,17.04893684387207,-24,-20.672494888305664,-21.129077911376953,
365.311,24.125,25.364147186279297,18.668394088745117,-23.3125,-19.53047752380371,-20.44719886779785,
365.321,25.5625,26.91529083251953,20.203678131103516,-22.5,-18.45976448059082,-19.811538696289062,
365.331,26.75,28.190509796142578,21.553258895874023,-21.5,-17.15886116027832,-18.953489303588867,
365.341,27.625,29.10930061340332,22.645511627197266,-20.5,-15.865875244140625,-18.041603088378906,
365.351,28.5,29.903188705444336,23.60154151916504,-19.375,-14.560198783874512,-17.085451126098633,
365.361,29.25,30.534076690673828,24.426040649414062,-18.1875,-13.187807083129883,-16.049312591552734,
365.371,30,31.027971267700195,25.145130157470703,-16.9375,-11.6391019821167,-14.831707000732422,
365.381,30.75,31.416677474975586,25.787425994873047,-15.5625,-10.118330955505371,-13.61190128326416,
365.391,31.5,31.95973014831543,26.534223556518555,-14,-8.51555347442627,-12.289554595947266,
365.401,32.3125,32.48692321777344,27.27599334716797,-12.1875,-6.948572158813477,-10.945969581604004,
365.411,33,33.19709777832031,28.150678634643555,-10.1875,-5.151873588562012,-9.377696990966797,
365.421,33.5625,33.61344909667969,28.853412628173828,-8,-3.128354549407959,-7.547203063964844,
365.431,33.875,33.81382369995117,29.360214233398438,-5.8125,-1.1225664615631104,-5.633878707885742,
365.441,34.0625,34.04389190673828,29.81917953491211,-3.5625,1.1629735231399536,-3.4448153972625732,
365.451,34.0625,34.10807418823242,30.12308120727539,-3.5625,3.3923914432525635,-1.2809596061706543,
365.461,34.125,33.85987854003906,30.202707290649414,-1.3125,5.3409342765808105,0.6519572138786316,
365.471,33.6875,33.4814567565918,30.147266387939453,3.4375,7.480033874511719,2.777334213256836,
365.482,33.25,33.04092025756836,29.965116500854492,5.875,9.858077049255371,5.180811882019043,
365.491,32.625,32.45035934448242,29.61014175415039,8.25,12.150614738464355,7.582162857055664,
365.501,31.875,31.755992889404297,29.11846351623535,10.4375,14.334039688110352,9.857864379882812,
365.511,31.875,31.007843017578125,28.54887580871582,10.4375,16.411663055419922,12.064504623413086,
365.522,30.125,30.09469985961914,27.804594039916992,14.5,18.208242416381836,14.092996597290039,
365.531,29.125,29.036361694335938,26.889530181884766,16.375,19.81627082824707,15.953817367553711,
365.541,28.0625,27.99282455444336,25.934532165527344,18,21.326576232910156,17.72441864013672,
365.551,28.0625,26.988849639892578,24.971824645996094,18,22.870838165283203,19.44706153869629,
365.561,27,25.986154556274414,23.974641799926758,19.4375,24.13564109802246,20.942319869995117,
365.571,27,24.866134643554688,22.854610443115234,19.4375,24.95847511291504,22.083059310913086,
365.581,24.6875,23.7108097076416,21.674392700195312,21.9375,25.836896896362305,23.211713790893555,
365.591,23.4375,22.60614776611328,20.48982810974121,23,26.5806941986084,24.207815170288086,
365.601,22.1875,21.576919555664062,19.338956832885742,24,27.377962112426758,25.196624755859375,
365.611,20.9375,20.508819580078125,18.13319969177246,24.9375,28.11916160583496,26.13808250427246,
365.621,20.9375,19.415334701538086,16.85997200012207,24.9375,28.618881225585938,26.894254684448242,
365.631,18.3125,18.292890548706055,15.525239944458008,26.4375,29.01624298095703,27.529659271240234,
365.641,16.875,17.217082977294922,14.177056312561035,27,29.300186157226562,28.040714263916016,
365.651,15.4375,16.147905349731445,12.818536758422852,27.5,29.600238800048828,28.51723861694336,
365.661,13.9375,14.994124412536621,11.378056526184082,27.9375,29.79694366455078,28.894981384277344,
365.671,13.9375,13.860014915466309,9.929986953735352,27.9375,29.91740608215332,29.212778091430664,
365.681,10.9375,12.72205924987793,8.48667049407959,28.4375,29.907546997070312,29.37119483947754,
365.691,9.4375,12.72205924987793,8.48667049407959,28.375,29.907546997070312,29.37119483947754,
365.701,7.9375,10.378436088562012,5.576696395874023,28.125,29.495849609375,29.206796646118164,
365.711,6.3125,9.074618339538574,4.0552873611450195,27.625,28.897415161132812,28.75370216369629,
365.721,6.3125,9.074618339538574,4.0552873611450195,27.625,28.897415161132812,28.75370216369629,
365.731,3.1875,7.778911590576172,2.5658981800079346,26.125,28.334259033203125,28.29549217224121,
365.741,1.625,6.349226951599121,1.0124707221984863,25.125,27.421960830688477,27.489988327026367,
365.751,0.0625,3.340064287185669,-2.1111371517181396,24.0625,25.43903350830078,25.583852767944336,
365.761,-1.375,1.6920405626296997,-3.7163844108581543,22.875,24.26952362060547,24.45123863220215,
365.771,-1.375,1.6920405626296997,-3.7163844108581543,22.875,24.26952362060547,24.45123863220215,
365.781,-3.9375,0.15268564224243164,-5.146112442016602,20.3125,22.93309783935547,23.165063858032227,
365.791,-5.0625,-1.2585622072219849,-6.398340702056885,19,21.652870178222656,21.8746337890625,
365.801,-6,-3.8699913024902344,-8.561481475830078,17.8125,19.05653953552246,19.240524291992188,
365.811,-6.8125,-5.069757461547852,-9.507737159729004,16.6875,17.930377960205078,18.05360221862793,
365.821,-6.8125,-5.069757461547852,-9.507737159729004,16.6875,17.930377960205078,18.05360221862793,
365.831,-8.25,-6.15809965133667,-10.309715270996094,14.875,17.064769744873047,17.079334259033203,
365.841,-8.875,-7.166960716247559,-10.998888969421387,14.125,16.32174301147461,16.265167236328125,
365.851,-9.4375,-9.126493453979492,-12.248653411865234,13.4375,14.954571723937988,14.829904556274414,
365.861,-10.0625,-10.062329292297363,-12.826571464538574,12.75,14.323868751525879,14.182891845703125,
365.871,-10.0625,-10.062329292297363,-12.826571464538574,12.75,14.323868751525879,14.182891845703125,
365.881,-11.125,-10.999937057495117,-13.375701904296875,11.4375,13.684015274047852,13.568724632263184,
365.891,-11.5625,-11.938891410827637,-13.908400535583496,10.6875,13.00046443939209,12.939266204833984,
365.901,-12,-13.617905616760254,-14.813076972961426,10,11.513863563537598,11.613184928894043,
365.911,-12.3125,-14.380622863769531,-15.21322250366211,9.25,10.740964889526367,10.93571949005127,
365.921,-12.3125,-14.380622863769531,-15.21322250366211,9.25,10.740964889526367,10.93571949005127,
365.931,-12.9375,-15.0402250289917,-15.544039726257324,7.875,9.99173355102539,10.270723342895508,
365.941,-13.125,-15.65768051147461,-15.836267471313477,7.1875,9.223663330078125,9.596393585205078,
365.951,-13.375,-16.61505699157715,-16.254072189331055,6.5,7.821252822875977,8.333900451660156,
365.961,-13.5625,-17.012222290039062,-16.41718101501465,5.875,7.204261302947998,7.764591693878174,
365.971,-13.5625,-17.012222290039062,-16.41718101501465,5.875,7.204261302947998,7.764591693878174,
365.981,-14.125,-17.345449447631836,-16.55179214477539,4.3125,6.59547758102417,7.189719200134277,
365.991,-14.5,-17.71319007873535,-16.72771644592285,3.3125,5.904843807220459,6.527657508850098,
366.001,-14.9375,-18.64218521118164,-17.292842864990234,2.1875,4.182945728302002,4.812265396118164,
366.011,-15.625,-19.37551498413086,-17.8066463470459,0.625,2.947948694229126,3.5674941539764404,
366.021,-15.625,-19.37551498413086,-17.8066463470459,0.625,2.947948694229126,3.5674941539764404,
366.031,-17,-20.09386444091797,-18.354581832885742,-2.5625,1.6835052967071533,2.2044997215270996,
366.041,-17.75,-20.902984619140625,-18.969541549682617,-4.4375,0.21907773613929749,0.6331837773323059,
366.051,-18.6875,-22.96356201171875,-20.499635696411133,-6.5625,-3.131110668182373,-3.063157081604004,
366.061,-19.5625,-24.281230926513672,-21.461742401123047,-8.75,-5.063531398773193,-5.2702317237854,
366.071,-19.5625,-24.281230926513672,-21.461742401123047,-8.75,-5.063531398773193,-5.2702317237854,
366.081,-21.1875,-25.716882705688477,-22.472267150878906,-13.3125,-7.139848709106445,-7.6501665115356445,
366.091,-20.875,-27.24474334716797,-23.496429443359375,-14.6875,-9.257999420166016,-10.122357368469238,
366.101,-20.3125,-27.80390167236328,-23.699275970458984,-15.625,-11.702022552490234,-13.701163291931152,
366.111,-19.4375,-27.67450714111328,-23.28823471069336,-16.3125,-12.555601119995117,-15.01979923248291,
366.121,-19.4375,-27.67450714111328,-23.28823471069336,-16.3125,-12.555601119995117,-15.01979923248291,
366.131,-17.3125,-27.25217628479004,-22.570173263549805,-17.0625,-12.764766693115234,-15.738676071166992,
366.141,-16.4375,-25.800357818603516,-21.129499435424805,-17.625,-12.155860900878906,-15.685324668884277,
366.152,-15.75,-24.62044906616211,-19.411727905273438,-18.3125,-12.588903427124023,-16.634672164916992,
366.161,-15.1875,-24.552701950073242,-18.995107650756836,-19.125,-13.445283889770508,-17.538599014282227,
366.171,-15.1875,-24.552701950073242,-18.995107650756836,-19.125,-13.445283889770508,-17.538599014282227,
366.181,-14.4375,-24.59345817565918,-18.718164443969727,-20.8125,-14.573145866394043,-18.620792388916016,
366.191,-14.125,-24.24271583557129,-18.28858757019043,-21.0625,-15.216550827026367,-19.351911544799805,
366.201,-13.75,-23.911579132080078,-17.82341957092285,-21.125,-16.210847854614258,-20.3960018157959,
366.211,-13.4375,-23.796762466430664,-17.6870174407959,-21.0625,-16.481653213500977,-20.591123580932617,
366.221,-13.4375,-23.796762466430664,-17.6870174407959,-21.0625,-16.481653213500977,-20.591123580932617,
366.231,-12.5625,-23.454259872436523,-17.446043014526367,-20.6875,-16.35775375366211,-20.395347595214844,
366.241,-12,-22.66008186340332,-16.940744400024414,-20.5625,-15.984919548034668,-19.902320861816406,
366.251,-11.3125,-21.507354736328125,-16.17946434020996,-20.375,-16.371326446533203,-19.789043426513672,
366.261,-10.4375,-20.819137573242188,-15.713912010192871,-20.1875,-16.44354248046875,-19.59958839416504,
366.271,-10.4375,-20.819137573242188,-15.713912010192871,-20.1875,-16.44354248046875,-19.59958839416504,
366.281,-8.1875,-19.579509735107422,-14.868402481079102,-19.9375,-16.433847427368164,-19.2971134185791,
366.291,-6.75,-18.277114868164062,-13.945601463317871,-19.625,-16.539451599121094,-19.10816192626953,
366.301,-5.0625,-14.984956741333008,-11.581077575683594,-19.4375,-16.644248962402344,-18.611263275146484,
366.311,-3.1875,-13.135662078857422,-10.196906089782715,-19.3125,-16.91936683654785,-18.52275848388672,
366.321,-3.1875,-13.135662078857422,-10.196906089782715,-19.3125,-16.91936683654785,-18.52275848388672,
366.331,1,-10.978678703308105,-8.590224266052246,-19.0625,-16.919158935546875,-18.240331649780273,
366.341,3.375,-8.42538070678711,-6.703164100646973,-19.25,-16.660400390625,-17.755775451660156,
366.351,5.8125,-2.9471538066864014,-2.5877017974853516,-19.5625,-17.315828323364258,-17.87750244140625,
366.361,8.4375,0.3388684093952179,-0.17937397956848145,-20.125,-17.566059112548828,-17.99472999572754,
366.371,8.4375,0.3388684093952179,-0.17937397956848145,-20.125,-17.566059112548828,-17.99472999572754,
366.381,13.4375,3.8066117763519287,2.3611788749694824,-22,-18.01194190979004,-18.375951766967773,
366.391,15.8125,7.3836164474487305,4.955060005187988,-23.25,-18.78778076171875,-19.177291870117188,
366.401,18.1875,14.128477096557617,9.642844200134277,-25.0625,-20.123764038085938,-21.049274444580078,
366.411,20,17.820545196533203,12.119552612304688,-26.5,-20.474828720092773,-22.06847381591797,
366.421,20,20.256643295288086,13.767581939697266,-26.5,-20.458662033081055,-22.965574264526367,
366.431,20.875,20.256643295288086,13.767581939697266,-26.8125,-20.458662033081055,-22.965574264526367,
366.441,22.125,22.385147094726562,15.07956600189209,-26.125,-20.346492767333984,-23.641796112060547,
366.451,22,25.706823348999023,17.0358829498291,-24.8125,-18.50579833984375,-23.39649772644043,
366.461,21.9375,25.647598266601562,16.802886962890625,-23.375,-15.292327880859375,-21.163164138793945,
366.471,21.9375,25.647598266601562,16.802886962890625,-23.375,-15.292327880859375,-21.163164138793945,
366.481,22.25,25.46307373046875,16.520076751708984,-20.9375,-13.08149528503418,-19.618303298950195,
366.491,22.375,26.01209831237793,16.774982452392578,-19.6875,-11.303642272949219,-18.49469757080078,
366.501,22.8125,27.0358943939209,17.36756706237793,-18.9375,-8.047425270080566,-16.326473236083984,
366.511,23.375,28.120092391967773,18.131750106811523,-18.25,-6.720677852630615,-15.5118408203125,
366.521,23.375,28.120092391967773,18.131750106811523,-18.25,-4.216161727905273,-15.5118408203125,
366.531,23.875,28.507610321044922,18.508607864379883,-17.3125,-4.216161727905273,-13.827142715454102,
366.541,24.625,29.057497024536133,19.045625686645508,-16.8125,-3.112940549850464,-13.196818351745605,
366.551,26.375,31.368881225585938,21.056529998779297,-15.8125,-1.8748620748519897,-12.913074493408203,
366.561,27.3125,31.812469482421875,21.658077239990234,-15.6875,-0.5272073149681091,-12.159235000610352,
366.571,27.3125,31.812469482421875,21.658077239990234,-15.6875,-0.5272073149681091,-12.159235000610352,
366.581,28.375,34.38668441772461,24.046947479248047,-15.625,1.7363520860671997,-11.21119213104248,
366.591,29.625,35.48573303222656,25.202804565429688,-15.375,2.1611430644989014,-11.303759574890137,
366.601,31.75,36.66547775268555,26.40177345275879,-15.625,2.3810343742370605,-11.605350494384766,
366.611,32.25,37.642452239990234,27.447237014770508,-15.5625,3.489530563354492,-11.206029891967773,
366.621,32.375,38.45767593383789,28.325305938720703,-15.4375,4.694497585296631,-10.601500511169434,
366.631,32.375,38.65522766113281,28.738231658935547,-15.4375,5.109567165374756,-10.566734313964844,
366.641,32.3125,38.98482131958008,29.16386604309082,-15.375,6.236026763916016,-9.95119857788086,
366.651,31.25,37.47106170654297,28.369544982910156,-14.5,7.148031234741211,-9.395269393920898,
366.661,30.625,35.806739807128906,27.368528366088867,-14.1875,7.577332973480225,-9.149198532104492,
366.671,30.1875,34.938255310058594,26.848276138305664,-13.8125,8.316110610961914,-8.680730819702148,
366.682,29.6875,34.35626983642578,26.552661895751953,-13.5625,8.839244842529297,-8.350407600402832,
366.691,29.25,33.80573654174805,26.286191940307617,-13.4375,9.0047025680542,-8.265105247497559,
366.701,29.0625,33.361412048339844,26.089263916015625,-13.3125,9.481922149658203,-7.969558238983154,
366.711,28.875,32.69023895263672,25.79953956604004,-13.0625,10.385763168334961,-7.321678161621094,
366.721,28.75,31.91563606262207,25.46588134765625,-13.125,10.277204513549805,-7.445508003234863,
366.731,28.75,31.973526000976562,25.670499801635742,-13.0625,10.331178665161133,-7.485555648803711,
366.741,28.8125,32.265220642089844,26.054035186767578,-13.0625,10.380958557128906,-7.504246711730957,
366.751,28.9375,31.791091918945312,25.966278076171875,-13.25,10.547131538391113,-7.39308500289917,
366.761,29.125,31.58812141418457,26.059797286987305,-13.5,10.580268859863281,-7.428464412689209,
366.771,29.3125,31.822265625,26.45344352722168,-13.625,10.676154136657715,-7.439194202423096,
366.781,29.625,32.214176177978516,26.961116790771484,-13.9375,10.482921600341797,-7.622551441192627,
366.791,29.875,32.13764953613281,27.178144454956055,-14.3125,10.28575325012207,-7.8390092849731445,
366.801,30.25,32.45823287963867,27.65088653564453,-14.5625,10.4915189743042,-7.75574254989624,
366.811,30.625,32.96355438232422,28.255157470703125,-15.0625,10.307194709777832,-7.960668087005615,
366.821,30.75,32.66399383544922,28.362070083618164,-15.5,9.746657371520996,-8.473433494567871,
366.831,30.75,32.842308044433594,28.721763610839844,-15.8125,9.432024955749512,-8.775705337524414,
366.841,30.5625,33.05575942993164,29.05829620361328,-16.25,8.912437438964844,-9.159398078918457,
366.851,30.25,32.7768440246582,29.0427188873291,-16.6875,8.433073997497559,-9.459075927734375,
366.861,29.8125,32.072750091552734,28.713659286499023,-16.9375,8.403188705444336,-9.396146774291992,
366.871,29.25,30.898509979248047,28.039453506469727,-17.3125,7.964203357696533,-9.612393379211426,
366.881,28.8125,29.88445472717285,27.43170166015625,-17.75,7.040282249450684,-10.219253540039062,
366.891,28.375,29.115310668945312,26.975383758544922,-18.125,6.348250389099121,-10.659520149230957,
366.901,28.125,28.90349578857422,26.879804611206055,-18.5625,5.8744001388549805,-10.90301513671875,
366.911,27.875,28.585468292236328,26.7495174407959,-19.1875,5.140401840209961,-11.347414016723633,
366.921,27.6875,28.064699172973633,26.493135452270508,-19.6875,4.527586936950684,-11.758572578430176,
366.931,27.625,27.57141876220703,26.264148712158203,-20.1875,3.833129405975342,-12.222553253173828,
366.941,27.5625,27.309354782104492,26.204139709472656,-20.75,2.9217958450317383,-12.838744163513184,
366.951,27.4375,27.15627098083496,26.216718673706055,-21.1875,2.24394154548645,-13.291872024536133,
366.961,27.3125,27.080888748168945,26.263978958129883,-21.5625,1.7168351411819458,-13.619928359985352,
366.971,27.0625,26.853931427001953,26.213455200195312,-21.9375,1.0217398405075073,-14.047661781311035,
366.981,26.8125,26.453886032104492,26.036649703979492,-22.1875,0.4185168445110321,-14.401691436767578,
366.991,26.5625,25.932117462158203,25.769277572631836,-22.375,0.01782187819480896,-14.566614151000977,
367.001,26.25,25.398130416870117,25.48109245300293,-22.625,-0.45409512519836426,-14.748613357543945,
367.011,26.0625,24.968629837036133,25.251554489135742,-22.8125,-0.8864681124687195,-14.906909942626953,
367.021,25.875,24.715295791625977,25.13956069946289,-23.0625,-1.3295423984527588,-15.081180572509766,
367.031,25.6875,24.372255325317383,24.980876922607422,-23.3125,-2.0410666465759277,-15.452286720275879,
367.041,25.5,24.068222045898438,24.846324920654297,-23.5625,-2.71515154838562,-15.817573547363281,
367.051,25.375,23.7337646484375,24.700164794921875,-23.75,-3.1287498474121094,-15.96811580657959,
367.061,25.1875,23.44046401977539,24.5842227935791,-23.9375,-3.6732325553894043,-16.197294235229492,
367.071,25,23.134517669677734,24.453474044799805,-24.125,-4.225561618804932,-16.440919876098633,
367.081,24.875,22.776147842407227,24.286815643310547,-24.1875,-4.565657615661621,-16.514671325683594,
367.091,24.75,22.405332565307617,24.117265701293945,-24.375,-5.059301853179932,-16.685894012451172,
367.101,24.625,22.050662994384766,23.95652961730957,-24.5,-5.582422733306885,-16.88643455505371,
367.111,24.5625,21.781747817993164,23.855209350585938,-24.5625,-5.951519966125488,-16.970266342163086,
367.121,24.4375,21.518142700195312,23.762907028198242,-24.6875,-6.417503833770752,-17.11570930480957,
367.131,24.375,21.32863426208496,23.717632293701172,-24.8125,-6.882103443145752,-17.264184951782227,
367.141,24.3125,21.167848587036133,23.695812225341797,-24.8125,-7.234760761260986,-17.324493408203125,
367.151,24.25,20.802631378173828,23.547834396362305,-24.875,-7.6055908203125,-17.382619857788086,
367.161,24.1875,20.47658348083496,23.422571182250977,-24.9375,-8.013699531555176,-17.47368812561035,
367.171,24.125,20.291536331176758,23.390621185302734,-24.9375,-8.382543563842773,-17.53582191467285,
367.181,24.125,20.00885772705078,23.304128646850586,-25,-8.72999382019043,-17.564760208129883,
367.191,24.1875,19.810253143310547,23.28246307373047,-25,-9.04942798614502,-17.559104919433594,
367.201,24.375,19.817928314208984,23.424026489257812,-25,-9.367288589477539,-17.533323287963867,
367.211,24.625,19.827268600463867,23.61249351501465,-24.875,-9.819170951843262,-17.577518463134766,
367.221,24.9375,19.819957733154297,23.84410858154297,-24.5625,-10.119279861450195,-17.443111419677734,
367.231,25.375,19.886491775512695,24.172035217285156,-24.125,-10.272846221923828,-17.129507064819336,
367.241,25.9375,19.946779251098633,24.55242156982422,-23.5,-10.261226654052734,-16.591636657714844,
367.251,26.625,19.96146583557129,24.94971466064453,-22.6875,-10.186601638793945,-15.919371604919434,
367.261,27.375,20.062414169311523,25.441272735595703,-21.75,-10.114420890808105,-15.180745124816895,
367.271,28.25,20.386640548706055,26.111347198486328,-20.625,-9.99444580078125,-14.322723388671875,
367.281,29.125,20.78078842163086,26.850311279296875,-19.25,-9.721948623657227,-13.246405601501465,
367.291,30,21.13902473449707,27.56958770751953,-17.6875,-9.290047645568848,-11.954292297363281,
367.301,30.8125,21.384872436523438,28.199800491333008,-15.9375,-8.724869728088379,-10.465801239013672,
367.311,31.625,21.591472625732422,28.7648983001709,-14.0625,-8.143460273742676,-8.886314392089844,
367.321,32.25,21.68846321105957,29.206787109375,-12.0625,-7.527221202850342,-7.224911212921143,
367.331,32.8125,21.98023796081543,29.712087631225586,-10,-6.855531692504883,-5.476152420043945,
367.341,33.25,22.14264488220215,30.064645767211914,-7.8125,-6.089139938354492,-3.603198528289795,
367.351,33.5625,22.196510314941406,30.26834487915039,-5.5,-5.281221866607666,-1.6603736877441406,
367.361,33.6875,22.250295639038086,30.3848934173584,-3,-4.490296840667725,0.27965545654296875,
367.371,33.6875,22.173377990722656,30.342571258544922,-0.4375,-3.601794958114624,2.349971055984497,
367.381,33.5,22.09444808959961,30.186925888061523,2.25,-2.5654044151306152,4.606337547302246,
367.391,33.5,21.98372459411621,29.88812255859375,2.25,-1.383090615272522,7.017633438110352,
367.401,33.0625,21.712196350097656,29.354084014892578,5.0625,-0.14757391810417175,9.480939865112305,
367.411,31.375,21.4503173828125,28.690967559814453,10.6875,1.062831163406372,11.877267837524414,
367.421,30.125,20.962474822998047,27.770824432373047,13.4375,2.229818820953369,14.174577713012695,
367.431,30.125,20.05031967163086,26.461036682128906,13.4375,3.5332534313201904,16.49308967590332,
367.441,28.625,19.02093505859375,24.932968139648438,16,4.954418659210205,18.790096282958984,
367.451,26.9375,17.895832061767578,23.243446350097656,18.3125,6.24757719039917,20.824542999267578,
367.461,25.0625,16.735092163085938,21.45321273803711,22.125,7.373889923095703,22.58223533630371,
367.471,21,15.438179016113281,19.517274856567383,23.625,8.369036674499512,24.104141235351562,
367.481,21,14.127216339111328,17.53023910522461,23.625,9.212616920471191,25.375,
367.491,18.9375,12.765511512756348,15.492448806762695,24.875,9.990793228149414,26.46154022216797,
367.501,16.875,11.443867683410645,15.492448806762695,26,10.672429084777832,27.36725616455078,
367.511,12.625,10.159314155578613,11.458015441894531,27.75,11.341617584228516,28.167823791503906,
367.521,12.625,8.709714889526367,9.337947845458984,28.4375,11.95336627960205,28.852184295654297,
367.531,10.5,7.2924065589904785,9.337947845458984,28.4375,12.50765609741211,29.445642471313477,
367.541,8.375,7.2924065589904785,7.266835689544678,28.8125,12.50765609741211,29.445642471313477,
367.551,6.3125,5.86340856552124,5.216814994812012,29,12.980608940124512,29.886154174804688,
367.561,4.25,3.0519940853118896,1.2275699377059937,28.9375,13.32054615020752,29.989707946777344,
367.571,2.1875,1.5783727169036865,-0.7717846632003784,28.75,13.219785690307617,29.72188377380371,
367.581,2.1875,1.5783727169036865,-0.7717846632003784,28.75,13.219785690307617,29.72188377380371,
367.591,-1.75,0.05604080855846405,-2.762211799621582,28.1875,13.025792121887207,29.310422897338867,
367.601,-3.75,-1.3942437171936035,-4.679448127746582,27.8125,12.904552459716797,28.91063690185547,
367.611,-5.625,-4.351681232452393,-8.452213287353516,27.375,12.849717140197754,28.1395320892334,
367.621,-7.375,-5.918025493621826,-10.346129417419434,26.75,12.786981582641602,27.674280166625977,
367.631,-7.375,-5.918025493621826,-10.346129417419434,26.75,12.786981582641602,27.674280166625977,
367.641,-10.625,-7.330427646636963,-12.08925724029541,25.0625,12.496306419372559,27.001667022705078,
367.651,-12.125,-8.619966506958008,-13.6851806640625,24.0625,12.013521194458008,26.085264205932617,
367.661,-13.5625,-10.761518478393555,-16.442447662353516,22.9375,10.71064281463623,23.811965942382812,
367.671,-14.875,-11.862080574035645,-17.773574829101562,21.8125,9.995003700256348,22.566499710083008,
367.681,-14.875,-11.862080574035645,-17.773574829101562,21.8125,9.995003700256348,22.566499710083008,
367.691,-17.375,-13.11535358428955,-19.143844604492188,19.3125,9.448723793029785,21.429176330566406,
367.701,-18.375,-14.428570747375488,-20.449771881103516,18,9.098455429077148,20.466039657592773,
367.711,-19.1875,-16.864395141601562,-22.593843460083008,16.625,7.436491012573242,17.84756851196289,
367.721,-19.75,-17.629941940307617,-23.239336013793945,15.1875,6.157804012298584,16.237119674682617,
367.731,-19.75,-17.629941940307617,-23.239336013793945,15.1875,6.157804012298584,16.237119674682617,
367.741,-20.125,-18.23723030090332,-23.61267852783203,12.4375,5.009679317474365,14.880146026611328,
367.751,-20.0625,-18.908920288085938,-23.8936710357666,11.1875,4.062424182891846,13.745453834533691,
367.761,-19.8125,-19.38946533203125,-23.701231002807617,10,1.9497370719909668,11.410823822021484,
367.771,-19.5,-19.67411994934082,-23.584381103515625,9,0.8850443959236145,10.268646240234375,
367.781,-19.5,-19.67411994934082,-23.584381103515625,9,0.8850443959236145,10.268646240234375,
367.791,-18.4375,-19.579042434692383,-23.20960807800293,7.25,0.05638296902179718,9.31765079498291,
367.801,-17.8125,-19.441686630249023,-22.754945755004883,6.5,-0.5601444244384766,8.573962211608887,
367.811,-17.125,-18.74908447265625,-21.526180267333984,5.875,-1.866102695465088,7.077083587646484,
367.821,-16.375,-18.339134216308594,-20.861806869506836,5.375,-2.4385857582092285,6.4138641357421875,
367.831,-16.375,-18.339134216308594,-20.861806869506836,5.375,-2.4385857582092285,6.4138641357421875,
367.841,-14.9375,-17.948442459106445,-20.2081298828125,4.4375,-2.86555552482605,5.87031888961792,
367.851,-14.1875,-17.5611515045166,-19.55375099182129,4,-3.1754698753356934,5.43998384475708,
367.861,-13.5,-16.855745315551758,-18.305673599243164,3.625,-3.579505681991577,4.828374862670898,
367.872,-12.75,-16.263351440429688,-17.538681030273438,3.25,-3.792731761932373,4.523856163024902,
367.881,-12.75,-16.263351440429688,-17.538681030273438,3.25,-3.792731761932373,4.523856163024902,
367.891,-11,-15.917841911315918,-16.9071044921875,2.5625,-4.239853382110596,4.079513072967529,
367.901,-9.9375,-15.50163459777832,-16.200838088989258,2.25,-4.5801100730896,3.7532079219818115,
367.911,-8.75,-13.974015235900879,-14.236170768737793,1.9375,-4.9584736824035645,3.3838589191436768,
367.921,-7.5,-13.211027145385742,-13.230850219726562,1.5,-5.281296253204346,3.104689836502075,
367.931,-7.5,-13.211027145385742,-13.230850219726562,1.5,-5.281296253204346,3.104689836502075,
367.941,-4.375,-12.160874366760254,-12.015697479248047,0.5,-5.784211158752441,2.730067253112793,
367.951,-2.625,-10.915005683898926,-10.601988792419434,-0.1875,-6.4014387130737305,2.2735531330108643,
367.961,-0.75,-7.819794178009033,-7.270503044128418,-1.125,-7.923630237579346,1.0218393802642822,
367.971,1.25,-6.064585208892822,-5.449462413787842,-2.3125,-8.802947044372559,0.25735777616500854,
367.981,1.25,-6.064585208892822,-5.449462413787842,-2.3125,-8.802947044372559,0.25735777616500854,
367.991,5.375,-4.12607479095459,-3.497817277908325,-5.5625,-10.221331596374512,-0.9255602359771729,
368.001,7.5,-2.128262519836426,-1.4915406703948975,-7.625,-11.907033920288086,-2.4217991828918457,
368.011,9.6875,2.4275498390197754,2.863359212875366,-10,-15.994852066040039,-6.265506744384766,
368.021,11.8125,4.606124401092529,4.942190647125244,-12.625,-18.547954559326172,-8.695754051208496,
368.031,11.8125,4.606124401092529,4.942190647125244,-12.625,-18.547954559326172,-8.695754051208496,
368.041,15.6875,7.057845592498779,7.158780097961426,-18.25,-20.69500732421875,-10.883584022521973,
368.051,17.5625,9.501734733581543,9.328662872314453,-21.25,-23.029218673706055,-13.25186538696289,
368.061,19.3125,13.852783203125,13.223845481872559,-24.4375,-28.93780517578125,-19.19513702392578,
368.071,19.3125,15.77043628692627,14.949934959411621,-26.9375,-30.949260711669922,-21.597841262817383,
368.081,20.625,15.77043628692627,14.949934959411621,-26.9375,-30.949260711669922,-21.597841262817383,
368.091,20.625,16.72784423828125,16.024324417114258,-28.1875,-32.3817253112793,-23.613372802734375,
368.101,19.8125,17.08211326599121,16.518911361694336,-28,-33.361114501953125,-24.93087387084961,
368.111,18.1875,14.258342742919922,14.696022033691406,-27.4375,-32.17171096801758,-24.596019744873047,
368.121,18.1875,11.737874984741211,12.63570785522461,-27.4375,-30.863121032714844,-23.721908569335938,
368.131,16.5,11.737874984741211,12.63570785522461,-27.125,-30.863121032714844,-23.721908569335938,
368.141,13.875,9.769179344177246,10.827600479125977,-27.3125,-30.17474365234375,-23.273300170898438,
368.151,12.9375,9.086877822875977,9.907275199890137,-27.5,-30.202259063720703,-23.549636840820312,
368.161,12.25,8.536324501037598,8.886123657226562,-27.75,-30.980195999145508,-24.48361587524414,
368.171,12.25,7.081997394561768,7.836132526397705,-27.75,-30.234468460083008,-24.035934448242188,
368.181,11.8125,7.081997394561768,7.836132526397705,-27.6875,-30.234468460083008,-24.035934448242188,
368.191,11.5,6.528778553009033,7.45908260345459,-27.625,-30.098642349243164,-24.03361701965332,
368.201,11.625,6.089695930480957,7.272228717803955,-27.375,-30.240013122558594,-24.225570678710938,
368.211,11.9375,5.6436591148376465,7.514945983886719,-27.125,-29.683917999267578,-23.875444412231445,
368.221,11.9375,5.586914539337158,7.821694850921631,-27.125,-29.74770164489746,-23.915069580078125,
368.231,12.375,5.586914539337158,7.821694850921631,-27.125,-29.74770164489746,-23.915069580078125,
368.241,13.625,5.3278608322143555,8.047012329101562,-26.6875,-29.403392791748047,-23.666105270385742,
368.251,14.375,5.5072855949401855,8.597493171691895,-26.5,-29.200183868408203,-23.51498794555664,
368.261,15.25,6.4683356285095215,10.23572063446045,-26.125,-29.269031524658203,-23.554288864135742,
368.271,15.25,6.747479438781738,10.9629545211792,-26.125,-28.792095184326172,-23.128084182739258,
368.281,16.125,6.747479438781738,10.9629545211792,-25.75,-28.792095184326172,-23.128084182739258,
368.291,17.875,6.851871490478516,11.59995174407959,-24.9375,-28.46477699279785,-22.773759841918945,
368.301,18.6875,6.942335605621338,12.233821868896484,-24.4375,-28.15375328063965,-22.445669174194336,
368.311,19.375,7.987451076507568,13.997421264648438,-23.875,-27.3443660736084,-21.5546932220459,
368.321,19.375,8.195331573486328,14.663373947143555,-23.875,-27.155046463012695,-21.21297836303711,
368.331,19.9375,8.195331573486328,14.663373947143555,-23.375,-27.155046463012695,-21.21297836303711,
368.341,20.6875,8.27196979522705,15.219417572021484,-22.1875,-26.874570846557617,-20.789316177368164,
368.351,20.875,8.052970886230469,15.533286094665527,-21.625,-26.777118682861328,-20.476259231567383,
368.361,21,7.094295024871826,15.676006317138672,-21,-26.04894256591797,-19.42357063293457,
368.371,21,6.663516044616699,15.706193923950195,-21,-25.96196937561035,-19.12311553955078,
368.381,21,6.663516044616699,15.706193923950195,-20.4375,-25.96196937561035,-19.12311553955078,
368.391,20.875,6.193856716156006,15.659051895141602,-19.4375,-25.817832946777344,-18.799253463745117,
368.401,20.8125,5.613246440887451,15.497154235839844,-18.9375,-25.657705307006836,-18.485788345336914,
368.411,20.6875,4.54085111618042,15.149968147277832,-18.5,-25.29486083984375,-17.862627029418945,
368.421,20.6875,4.1113505363464355,15.002409934997559,-18.5,-24.98529815673828,-17.502056121826172,
368.431,20.5625,4.1113505363464355,15.002409934997559,-18,-24.98529815673828,-17.502056121826172,
368.441,20.3125,3.868110179901123,14.95215129852295,-16.8125,-24.685596466064453,-17.161659240722656,
368.451,20.0625,3.6396639347076416,14.900642395019531,-16.125,-24.367919921875,-16.792705535888672,
368.461,19.6875,2.643268585205078,14.380583763122559,-15.5,-23.177236557006836,-15.620841979980469,
368.471,19.6875,2.2082936763763428,14.08578109741211,-15.5,-22.733154296875,-15.165739059448242,
368.481,19.25,2.2082936763763428,14.08578109741211,-14.875,-22.733154296875,-15.165739059448242,
368.491,17.8125,1.566995620727539,13.615843772888184,-13.8125,-22.301494598388672,-14.735333442687988,
368.501,16.875,0.8348277807235718,13.024879455566406,-13.375,-21.835309982299805,-14.301037788391113,
368.511,15.8125,-1.2164298295974731,11.265527725219727,-12.9375,-20.974140167236328,-13.5737943649292,
368.521,15.8125,-2.4424493312835693,10.178991317749023,-12.9375,-20.522197723388672,-13.240350723266602,
368.531,14.625,-2.4424493312835693,10.178991317749023,-12.5,-20.522197723388672,-13.240350723266602,
368.541,13.3125,-3.700045585632324,9.024909973144531,-12,-19.998790740966797,-12.860302925109863,
368.551,10.4375,-4.9662909507751465,7.825150012969971,-10.8125,-19.400972366333008,-12.435295104980469,
368.561,10.4375,-7.995655059814453,4.998526096343994,-10.8125,-17.920310974121094,-11.35396957397461,
368.571,8.875,-9.549695014953613,3.5029523372650146,-10.1875,-17.082975387573242,-10.737226486206055,
368.581,7.25,-9.549695014953613,3.5029523372650146,-9.5625,-17.082975387573242,-10.737226486206055,
368.591,5.5,-11.153498649597168,1.9375829696655273,-8.875,-16.245859146118164,-10.124467849731445,
368.601,3.6875,-12.703932762145996,0.3711518943309784,-8.1875,-15.400053024291992,-9.500750541687012,
368.611,1.8125,-16.351491928100586,-3.1954782009124756,-7.4375,-13.534769058227539,-8.090319633483887,
368.621,-0.125,-18.37214469909668,-5.1502251625061035,-6.6875,-12.537988662719727,-7.323759078979492,
368.631,-2.25,-18.37214469909668,-5.1502251625061035,-5.875,-12.537988662719727,-7.323759078979492,
368.642,-4.5,-20.50642204284668,-7.20682430267334,-5,-11.5364351272583,-6.534500598907471,
368.651,-6.8125,-22.693666458129883,-9.329774856567383,-4.0625,-10.473443984985352,-5.680998802185059,
368.661,-9.1875,-27.402099609375,-13.865302085876465,-3.0625,-8.185853004455566,-3.7483575344085693,
368.671,-11.5625,-29.861202239990234,-16.22504997253418,-1.9375,-6.946259021759033,-2.64262318611145,
368.681,-13.9375,-29.861202239990234,-16.22504997253418,-0.6875,-6.946259021759033,-2.64262318611145,
368.691,-16.3125,-32.278297424316406,-18.556909561157227,0.625,-5.607905864715576,-1.4052188396453857,
368.701,-18.6875,-34.89231872558594,-21.006668090820312,2.1875,-2.421020984649658,0.038657695055007935,
368.711,-20.9375,-40.42533874511719,-26.039339065551758,3.875,0.09729576110839844,4.164982318878174,
368.721,-23,-41.341068267822266,-27.284339904785156,5.6875,1.4538516998291016,5.800240993499756,
368.731,-23.9375,-42.531856536865234,-28.467113494873047,7.25,3.818880558013916,8.32486629486084,
368.741,-24.125,-42.92122268676758,-28.892362594604492,8.25,5.637034893035889,10.351089477539062,
368.751,-23.875,-42.28743362426758,-28.501819610595703,8.9375,6.13648796081543,11.225848197937012,
368.761,-23.25,-40.213558197021484,-27.068077087402344,9.125,5.209469795227051,10.784921646118164,
368.771,-22.25,-38.62953567504883,-25.857114791870117,8.875,4.449812412261963,10.34498405456543,
368.781,-21.4375,-38.064266204833984,-25.857114791870117,8.5,3.8005568981170654,9.933411598205566,
368.791,-20.8125,-37.84366989135742,-24.986961364746094,8.125,3.3999388217926025,9.739486694335938,
368.801,-20.1875,-37.60682678222656,-24.676109313964844,7.75,2.879678964614868,9.474540710449219,
368.811,-19.75,-37.219669342041016,-24.293800354003906,7.1875,2.114962577819824,8.978131294250488,
368.821,-19.3125,-36.3764762878418,-23.6317081451416,6.875,1.2083499431610107,8.390823364257812,
368.831,-18.8125,-35.972660064697266,-23.23566246032715,6.75,0.8201772570610046,8.25350570678711,
368.841,-18,-35.30099105834961,-23.23566246032715,6.8125,0.8971650004386902,8.471195220947266,
368.851,-17.0625,-34.2424201965332,-21.694326400756836,7.125,1.4895718097686768,9.108243942260742,
368.861,-15.8125,-32.466922760009766,-21.694326400756836,7.75,1.8520780801773071,9.560491561889648,
368.871,-14.4375,-30.560684204101562,-18.640460968017578,8.5625,2.666127920150757,10.36357307434082,
368.881,-12.875,-28.965896606445312,-18.640460968017578,9.625,3.7489216327667236,11.384803771972656,
368.891,-11.25,-27.116504669189453,-15.526204109191895,10.875,5.2159104347229,12.761075973510742,
368.901,-9.625,-25.348318099975586,-15.526204109191895,12,6.551897048950195,13.99814510345459,
368.911,-8.0625,-23.8314208984375,-12.408015251159668,13.125,7.77274227142334,15.10659122467041,
368.921,-6.5625,-22.480728149414062,-11.045008659362793,14.3125,8.93886947631836,16.129392623901367,
368.931,-5.0625,-21.125219345092773,-11.045008659362793,15.5625,10.231419563293457,17.262500762939453,
368.941,-3.625,-19.68341827392578,-8.23843765258789,16.8125,11.697613716125488,18.510581970214844,
368.951,-2.0625,-18.370149612426758,-6.85743522644043,18.0625,13.209229469299316,19.797805786132812,
368.961,-0.5625,-18.370149612426758,-6.85743522644043,19.375,13.209229469299316,19.797805786132812,
368.971,1.0625,-15.291387557983398,-3.6388635635375977,20.6875,16.443859100341797,22.52692413330078,
368.981,2.75,-15.291387557983398,-3.6388635635375977,21.875,16.443859100341797,22.52692413330078,
368.991,4.5,-13.59738540649414,-1.8528987169265747,23.125,19.597179412841797,23.883398056030273,
369.001,6.1875,-10.739752769470215,1.4675726890563965,24.125,20.838848114013672,26.1992244720459,
369.011,7.5625,-10.739752769470215,1.4675726890563965,24.6875,21.66242027282715,26.1992244720459,
369.021,8.8125,-9.514593124389648,2.951385021209717,25,21.66242027282715,26.85505485534668,
369.031,9.9375,-8.444154739379883,4.274195671081543,25.0625,22.95069122314453,27.421276092529297,
369.041,11,-6.906887054443359,6.322123050689697,24.9375,23.271331787109375,27.80043601989746,
369.051,12,-5.996353626251221,7.326416492462158,24.6875,23.22418212890625,27.580734252929688,
369.061,13,-5.996353626251221,7.326416492462158,24.3125,23.22418212890625,27.580734252929688,
369.071,14,-5.114314556121826,8.268939018249512,23.9375,23.203371047973633,27.357481002807617,
369.081,15.0625,-4.053567886352539,9.294466018676758,23.4375,23.092363357543945,27.080425262451172,
369.091,16.25,-2.940905809402466,10.357322692871094,22.8125,22.922521591186523,26.751407623291016,
369.101,17.375,-1.7869974374771118,11.45523738861084,22,22.589168548583984,26.27184295654297,
369.111,18.5625,-0.620962917804718,12.567302703857422,20.9375,21.152320861816406,25.606327056884766,
369.121,19.75,0.5983993411064148,13.71464729309082,19.625,20.258689880371094,24.65862274169922,
369.131,20.9375,1.9120234251022339,14.915824890136719,18.125,20.258689880371094,23.65574073791504,
369.141,22.25,3.3070802688598633,16.160572052001953,16.5,19.238513946533203,22.536062240600586,
369.151,23.5,4.7355756759643555,17.42165756225586,14.625,17.845462799072266,21.097461700439453,
369.161,24.8125,6.357397079467773,18.78748893737793,12.625,16.25849151611328,19.479833602905273,
369.171,26.0625,7.894779205322266,20.092327117919922,10.375,14.582086563110352,17.78358268737793,
369.181,27.3125,9.513442993164062,21.432186126708984,7.875,12.643187522888184,15.858171463012695,
369.191,28.5,10.996318817138672,22.6668758392334,5.0625,10.475591659545898,13.70415210723877,
369.201,29.5625,12.60448169708252,23.95610237121582,2.0625,7.8543701171875,11.136369705200195,
369.211,30.625,14.169655799865723,25.18986701965332,-1,5.014344692230225,8.359073638916016,
369.221,31.6875,15.816130638122559,26.440547943115234,-4.3125,1.873516321182251,5.301180839538574,
369.231,32.625,17.50057601928711,27.703962326049805,-7.5625,-1.2459981441497803,2.210451602935791,
369.241,32.8125,18.00811004638672,28.181228637695312,-10.4375,-3.9738478660583496,-0.662177562713623,
369.252,32.4375,18.3106632232666,28.368221282958984,-12.75,-6.510366916656494,-3.4225733280181885,
369.261,31.875,18.34611701965332,28.221508026123047,-14.5625,-9.048070907592773,-6.177551746368408,
369.271,31.0625,17.839332580566406,27.61988639831543,-16,-10.88017749786377,-8.322920799255371,
369.281,30.0625,16.829036712646484,26.596256256103516,-16.9375,-11.87401294708252,-9.77293586730957,
369.291,29.375,15.308051109313965,25.1696720123291,-17.75,-11.895115852355957,-10.379476547241211,
369.301,29.1875,15.090087890625,24.625520706176758,-18.375,-11.977262496948242,-10.972862243652344,
369.311,29.125,15.902620315551758,24.863773345947266,-18.9375,-12.317769050598145,-11.70466423034668,
369.321,28.9375,16.705623626708984,25.16840362548828,-19.375,-12.779687881469727,-12.437667846679688,
369.331,28.5625,17.132051467895508,25.231521606445312,-19.9375,-12.89922046661377,-12.786608695983887,
369.341,28.0625,17.143245697021484,25.01345443725586,-20.625,-13.048138618469238,-13.114675521850586,
369.352,27.125,16.582717895507812,24.397789001464844,-21.3125,-13.268782615661621,-13.471193313598633,
369.361,26.0625,15.734648704528809,23.520471572875977,-22.125,-14.207624435424805,-14.363592147827148,
369.371,25.0625,15.417593002319336,22.93032455444336,-22.9375,-15.193195343017578,-15.275948524475098,
369.381,24.0625,15.04995346069336,22.330467224121094,-23.75,-16.268434524536133,-16.21014404296875,
369.391,23.0625,14.331046104431152,21.525514602661133,-24.6875,-17.20677947998047,-16.98666000366211,
369.401,22.1875,13.238507270812988,20.501964569091797,-25.625,-18.46377182006836,-18.016916275024414,
369.411,21.375,12.328789710998535,19.635807037353516,-26.4375,-19.6312198638916,-18.98599624633789,
369.421,20.625,11.537264823913574,18.876371383666992,-27.3125,-20.812686920166016,-19.938549041748047,
369.431,19.875,10.789752960205078,18.17034149169922,-28.0625,-21.90272331237793,-20.817472457885742,
369.441,19.1875,9.919976234436035,17.405853271484375,-28.625,-22.937850952148438,-21.672697067260742,
369.451,18.4375,8.746171951293945,16.46601104736328,-29.0625,-23.724702835083008,-22.31655502319336,
369.461,17.5625,7.696741104125977,15.58991813659668,-29.4375,-24.432842254638672,-22.876142501831055,
369.471,16.6875,6.919661521911621,14.885695457458496,-29.625,-24.95060157775879,-23.27054786682129,
369.481,15.75,6.167380332946777,14.182024955749512,-29.8125,-25.45749282836914,-23.634300231933594,
369.491,14.75,5.256057262420654,13.384024620056152,-30.0625,-25.896488189697266,-23.944686889648438,
369.501,13.75,3.9990391731262207,12.399524688720703,-30.25,-26.382980346679688,-24.248920440673828,
369.511,12.75,2.602625846862793,11.340872764587402,-30.4375,-26.906742095947266,-24.583940505981445,
369.521,11.75,1.4391348361968994,10.448892593383789,-30.625,-27.30679702758789,-24.81512451171875,
369.531,10.6875,0.3113921880722046,9.568954467773438,-30.875,-27.697837829589844,-25.054006576538086,
369.541,9.625,-1.096547245979309,8.534627914428711,-31.0625,-28.205324172973633,-25.391693115234375,
369.551,8.625,-2.809542417526245,7.3442606925964355,-31.3125,-28.783605575561523,-25.804611206054688,
369.561,7.5625,-4.338958740234375,6.260605335235596,-31.5,-29.1442928314209,-26.06508445739746,
369.571,6.5,-6.084461688995361,5.018391132354736,-31.6875,-29.651573181152344,-26.488056182861328,
369.581,5.5,-7.684190273284912,3.8318705558776855,-31.75,-29.969148635864258,-26.814220428466797,
369.591,4.4375,-9.2271146774292,2.6341748237609863,-31.75,-30.154266357421875,-27.04576301574707,
369.601,3.375,-10.474222183227539,1.5497629642486572,-31.625,-30.299694061279297,-27.288166046142578,
369.611,2.125,-12.019449234008789,0.23310649394989014,-31.5,-30.168848037719727,-27.280603408813477,
369.621,0.9375,-13.434207916259766,-1.0612621307373047,-31.25,-29.925935745239258,-27.205373764038086,
369.631,-0.1875,-14.619680404663086,-2.2132623195648193,-31.0625,-29.422319412231445,-26.900999069213867,
369.641,-1.375,-15.901061058044434,-3.444729804992676,-30.8125,-29.044965744018555,-26.70853042602539,
369.652,-2.5,-17.213762283325195,-4.7227864265441895,-30.625,-28.687593460083008,-26.548240661621094,
369.661,-3.5,-18.399635314941406,-5.91763973236084,-30.3125,-28.393096923828125,-26.44161033630371,
369.671,-4.375,-19.428430557250977,-7.00339412689209,-30.0625,-28.021854400634766,-26.26531219482422,
369.681,-4.375,-20.17961311340332,-7.880494594573975,-30.0625,-27.59914207458496,-26.040143966674805,
369.691,-5.1875,-21.140336990356445,-8.89221477508545,-29.6875,-27.060924530029297,-25.728717803955078,
369.701,-6.5625,-21.749420166015625,-9.682515144348145,-28.9375,-26.461217880249023,-25.342212677001953,
369.711,-7.125,-22.239273071289062,-10.361111640930176,-28.625,-26.04495620727539,-25.093095779418945,
369.721,-7.6875,-22.584171295166016,-10.919617652893066,-28.3125,-25.740612030029297,-24.920886993408203,
369.731,-7.6875,-23.017555236816406,-11.516180992126465,-28.3125,-25.207292556762695,-24.570470809936523,
369.741,-8.125,-23.175853729248047,-11.937952995300293,-28.125,-24.709365844726562,-24.24042510986328,
369.752,-8.875,-23.433473587036133,-12.409579277038574,-27.75,-24.307565689086914,-23.970447540283203,
369.761,-9.1875,-23.61482810974121,-12.810426712036133,-27.625,-24.18987274169922,-23.9378662109375,
369.771,-9.4375,-23.657508850097656,-13.106351852416992,-27.5625,-24.014249801635742,-23.85944366455078,
369.781,-9.4375,-23.757972717285156,-13.41551685333252,-27.5625,-23.74901008605957,-23.71331787109375,
369.791,-9.625,-23.755386352539062,-13.655759811401367,-27.5,-23.507949829101562,-23.577465057373047,
369.801,-9.75,-23.52724266052246,-13.750494956970215,-27.375,-23.380226135253906,-23.520631790161133,
369.811,-9.6875,-23.348331451416016,-13.844884872436523,-27.375,-23.32733726501465,-23.517566680908203,
369.821,-9.625,-23.07553482055664,-13.85657787322998,-27.4375,-23.31314468383789,-23.541330337524414,
369.831,-9.625,-22.75101089477539,-13.816207885742188,-27.4375,-23.269655227661133,-23.550846099853516,
369.841,-9.5625,-22.343515396118164,-13.714774131774902,-27.5,-23.277807235717773,-23.593114852905273,
369.851,-9.25,-21.940093994140625,-13.595038414001465,-27.75,-23.30141258239746,-23.6550350189209,
369.861,-9.0625,-21.583599090576172,-13.481139183044434,-27.875,-23.377046585083008,-23.77789306640625,
369.871,-8.875,-21.180936813354492,-13.320043563842773,-27.9375,-23.4620418548584,-23.914480209350586,
369.881,-8.875,-20.703908920288086,-13.102770805358887,-27.9375,-23.523527145385742,-24.024749755859375,
369.891,-8.6875,-20.239099502563477,-12.877928733825684,-27.9375,-23.48328971862793,-24.061660766601562,
369.901,-8.25,-19.848188400268555,-12.677562713623047,-28,-23.42571258544922,-24.09004020690918,
369.911,-8,-19.493640899658203,-12.487311363220215,-28,-23.3572940826416,-24.102590560913086,
369.921,-7.8125,-19.19315528869629,-12.325063705444336,-28.125,-23.32715606689453,-24.148616790771484,
369.931,-7.8125,-18.836156845092773,-12.126179695129395,-28.125,-23.31348991394043,-24.21493148803711,
369.941,-7.625,-18.471832275390625,-11.913162231445312,-28.1875,-23.36958122253418,-24.338619232177734,
369.951,-7.25,-18.183677673339844,-11.7349214553833,-28.4375,-23.418764114379883,-24.47051239013672,
369.961,-7,-17.900068283081055,-11.554155349731445,-28.5,-23.435693740844727,-24.57999610900879,
369.971,-6.8125,-17.629776000976562,-11.373770713806152,-28.625,-23.449745178222656,-24.689619064331055,
369.981,-6.8125,-17.378564834594727,-11.20273494720459,-28.625,-23.470504760742188,-24.79861068725586,
369.991,-6.5625,-17.092853546142578,-11.004973411560059,-28.6875,-23.433574676513672,-24.857526779174805,
370.001,-6.25,-16.770057678222656,-10.777094841003418,-28.625,-23.434101104736328,-24.937156677246094,
370.011,-6.125,-16.429729461669922,-10.523818969726562,-28.625,-23.470544815063477,-25.049232482910156,
370.021,-5.9375,-16.125133514404297,-10.284582138061523,-28.625,-23.517398834228516,-25.16863441467285,
370.031,-5.9375,-15.75664234161377,-9.994872093200684,-28.625,-23.563739776611328,-25.285890579223633,
370.041,-5.625,-15.330697059631348,-9.664785385131836,-28.625,-23.62287712097168,-25.409584045410156,
370.052,-5.3125,-14.902543067932129,-9.324442863464355,-28.6875,-23.684404373168945,-25.53436851501465,
370.061,-4.5,-14.46875286102295,-8.969930648803711,-28.875,-23.7128849029541,-25.62727928161621,
370.071,-4,-14.014084815979004,-8.586249351501465,-28.9375,-23.7276668548584,-25.70691680908203,
370.081,-4,-13.53308391571045,-8.178627014160156,-28.9375,-23.758859634399414,-25.796205520629883,
370.091,-3.5625,-12.998713493347168,-7.7298688888549805,-29.0625,-23.82853126525879,-25.915149688720703,
370.101,-2.625,-12.49202823638916,-7.282365798950195,-29.1875,-23.88471221923828,-26.02631950378418,
370.111,-2.125,-12.023509979248047,-6.850824356079102,-29.25,-23.921220779418945,-26.1173095703125,
370.121,-1.625,-11.55062198638916,-6.407703399658203,-29.3125,-23.947776794433594,-26.19537925720215,
370.131,-1.625,-11.05612850189209,-5.949667930603027,-29.3125,-23.982999801635742,-26.27882957458496,
370.141,-1.1875,-10.580574989318848,-5.4972453117370605,-29.375,-24.017133712768555,-26.357608795166016,
370.151,-0.1875,-10.109465599060059,-5.036360740661621,-29.5625,-24.072086334228516,-26.448591232299805,
370.161,0.25,-9.646961212158203,-4.573103904724121,-29.625,-24.171388626098633,-26.58011245727539,
370.171,0.8125,-9.186674118041992,-4.109935760498047,-29.6875,-24.262208938598633,-26.702451705932617,
370.181,0.8125,-8.747821807861328,-3.654099225997925,-29.6875,-24.34986114501953,-26.82013702392578,
370.191,1.3125,-8.28150749206543,-3.1752259731292725,-29.75,-24.419015884399414,-26.92165184020996,
370.201,2.375,-7.806217193603516,-2.685147762298584,-29.8125,-24.472919464111328,-27.0074462890625,
370.211,3,-7.345758438110352,-2.199577569961548,-29.8125,-24.529504776000977,-27.08832359313965,
370.221,3.5625,-6.861834526062012,-1.695189356803894,-29.8125,-24.535945892333984,-27.121810913085938,
370.231,3.5625,-6.347363471984863,-1.1661103963851929,-29.8125,-24.5369930267334,-27.144880294799805,
370.241,4.1875,-5.8099470138549805,-0.6185076236724854,-29.8125,-24.536561965942383,-27.159629821777344,
370.251,5.5,-5.249357223510742,-0.05211147665977478,-29.6875,-24.52416229248047,-27.15855598449707,
370.261,6.125,-4.66843318939209,0.5324865579605103,-29.625,-24.519073486328125,-27.159648895263672,
370.271,6.8125,-4.059540271759033,1.1399949789047241,-29.5,-24.49110984802246,-27.136274337768555,
370.281,6.8125,-3.440460205078125,1.75886869430542,-29.5,-24.44508934020996,-27.091577529907227,
370.291,7.5,-2.7821857929229736,2.40746808052063,-29.375,-24.373310089111328,-27.020244598388672,
370.301,8.875,-2.136263847351074,3.0539097785949707,-29.125,-24.288349151611328,-26.930828094482422,
370.311,9.5625,-1.4891612529754639,3.705610513687134,-28.9375,-24.207487106323242,-26.836456298828125,
370.321,10.25,-0.8388715982437134,4.3632636070251465,-28.75,-24.11431312561035,-26.72391128540039,
370.331,10.25,-0.20411111414432526,5.013245105743408,-28.75,-24.01791000366211,-26.60053062438965,
370.341,10.9375,0.42082512378692627,5.6589860916137695,-28.625,-23.930137634277344,-26.476198196411133,
370.351,12.25,1.0333284139633179,6.298031806945801,-28.25,-23.847230911254883,-26.349336624145508,
370.361,12.9375,1.6403419971466064,6.934925556182861,-28.0625,-23.79263687133789,-26.239789962768555,
370.371,13.625,2.249127149581909,7.575009346008301,-27.8125,-23.73159408569336,-26.12162208557129,
370.381,13.625,2.839841842651367,8.204337120056152,-27.8125,-23.656803131103516,-25.987627029418945,
370.391,14.3125,3.445042610168457,8.840265274047852,-27.5625,-23.55450439453125,-25.825462341308594,
370.401,15.625,4.052003860473633,9.474813461303711,-27,-23.4146728515625,-25.62464714050293,
370.411,16.3125,4.656375885009766,10.105331420898438,-26.6875,-23.247390747070312,-25.39447021484375,
370.421,17,5.271549701690674,10.742045402526855,-26.3125,-23.063501358032227,-25.14227294921875,
370.431,17,5.93082332611084,11.4050931930542,-26.3125,-22.864891052246094,-24.871631622314453,
370.441,17.6875,6.594885349273682,12.070859909057617,-25.9375,-22.66248893737793,-24.588665008544922,
370.451,18.375,7.241860389709473,12.723051071166992,-25.5,-22.419382095336914,-24.263286590576172,
370.461,19.6875,7.850687026977539,13.34715461730957,-24.625,-22.1543025970459,-23.909042358398438,
370.471,20.375,8.46654987335205,13.970924377441406,-24.125,-21.858936309814453,-23.521621704101562,
370.481,20.375,9.109027862548828,14.607940673828125,-24.125,-21.56594467163086,-23.126136779785156,
370.491,21,9.779520034790039,15.260730743408203,-23.625,-21.298282623291016,-22.743881225585938,
370.501,21.6875,10.441895484924316,15.90647029876709,-23.125,-21.031213760375977,-22.35427474975586,
370.511,22.9375,11.090341567993164,16.540695190429688,-22.0625,-20.754146575927734,-21.946237564086914,
370.521,23.5,11.72504997253418,17.16362762451172,-21.5,-20.44892692565918,-21.504924774169922,
370.531,23.5,12.336250305175781,17.765226364135742,-21.5,-20.120765686035156,-21.036611557006836,
370.541,24.0625,12.922599792480469,18.34189224243164,-20.9375,-19.803104400634766,-20.565799713134766,
370.551,24.625,13.485467910766602,18.893814086914062,-20.3125,-19.461578369140625,-20.06638526916504,
370.561,25.75,14.032183647155762,19.426725387573242,-19,-19.090450286865234,-19.534133911132812,
370.571,26.25,14.58053207397461,19.952314376831055,-18.375,-18.716869354248047,-18.99209213256836,
370.581,26.25,15.164414405822754,20.493364334106445,-18.375,-18.34001922607422,-18.44165802001953,
370.591,26.75,15.746179580688477,21.0260009765625,-17.6875,-17.96344757080078,-17.887161254882812,
370.601,27.25,16.32399559020996,21.54795265197754,-16.9375,-17.57548713684082,-17.31638526916504,
370.611,28.1875,16.86612319946289,22.037504196166992,-15.4375,-17.159399032592773,-16.71514320373535,
370.621,28.625,17.387048721313477,22.501699447631836,-14.625,-16.68881607055664,-16.06158447265625,
370.631,28.625,17.887304306030273,22.94060516357422,-14.625,-16.200782775878906,-15.385268211364746,
370.641,29,18.374860763549805,23.360082626342773,-13.8125,-15.71700382232666,-14.70560359954834,
370.651,29.375,18.869638442993164,23.774099349975586,-13,-15.232091903686523,-14.01979923248291,
370.661,29.75,19.357357025146484,24.173900604248047,-12.1875,-14.741171836853027,-13.324487686157227,
370.671,30.4375,19.83685302734375,24.55826187133789,-10.5,-14.24239730834961,-12.618681907653809,
370.681,30.4375,20.31793212890625,24.932476043701172,-10.5,-13.711332321166992,-11.884576797485352,
370.691,30.75,20.766904830932617,25.2737979888916,-9.625,-13.175003051757812,-11.142642974853516,
370.701,31,21.19062614440918,25.58523178100586,-8.75,-12.630051612854004,-10.389068603515625,
370.711,31.4375,21.58385467529297,25.863893508911133,-6.9375,-12.0408353805542,-9.594971656799316,
370.721,31.4375,21.979572296142578,26.131425857543945,-6.9375,-11.455519676208496,-8.80034351348877,
370.731,31.625,22.3614559173584,26.379436492919922,-6.0625,-10.891115188598633,-8.020084381103516,
370.741,31.8125,22.730714797973633,26.608509063720703,-5.1875,-10.348265647888184,-7.256688117980957,
370.751,31.9375,23.100502014160156,26.82671356201172,-4.3125,-9.799919128417969,-6.490379333496094,
370.761,32.0625,23.442522048950195,27.015697479248047,-3.4375,-9.257759094238281,-5.730931758880615,
370.771,32.1875,23.76024627685547,27.176759719848633,-2.5625,-8.710253715515137,-4.971880912780762,
370.781,32.25,24.043006896972656,27.303495407104492,-1.6875,-8.143315315246582,-4.202625274658203,
370.791,32.3125,24.311176300048828,27.410018920898438,-0.8125,-7.578010082244873,-3.4389944076538086,
370.801,32.3125,24.572078704833984,27.50210189819336,0,-7.005806922912598,-2.6771469116210938,
370.811,32.375,24.849506378173828,27.594993591308594,0.875,-6.405788898468018,-1.89790678024292,
370.822,32.3125,25.117353439331055,27.672821044921875,1.75,-5.806456089019775,-1.123854160308838,
370.831,32.3125,25.363990783691406,27.727741241455078,2.5625,-5.202088356018066,-0.3519810140132904,
370.841,32.25,25.580890655517578,27.753822326660156,3.4375,-4.600399017333984,0.4109761714935303,
370.851,32.1875,25.762495040893555,27.747848510742188,4.25,-3.9894118309020996,1.1762217283248901,
370.861,32.125,25.933191299438477,27.72594451904297,5.125,-3.3806025981903076,1.9312193393707275,
370.871,32,26.091480255126953,27.68797492980957,5.875,-2.7784478664398193,2.6713016033172607,
370.881,31.875,26.251317977905273,27.643077850341797,6.6875,-2.1721036434173584,3.4057085514068604,
370.891,31.75,26.391714096069336,27.57876205444336,7.5,-1.572171926498413,4.124540328979492,
370.901,31.5625,26.50439453125,27.490455627441406,8.25,-0.9735705852508545,4.830261707305908,
370.911,31.375,26.596174240112305,27.381879806518555,9,-0.37284907698631287,5.528339862823486,
370.921,31.1875,26.67462730407715,27.258941650390625,9.6875,0.22432689368724823,6.212359428405762,
370.931,31,26.743080139160156,27.124555587768555,10.375,0.8105117082595825,6.8763227462768555,
370.941,30.8125,26.80722999572754,26.983829498291016,11.0625,1.3862838745117188,7.5219550132751465,
370.951,30.5625,26.8641357421875,26.83576774597168,11.6875,1.9578778743743896,8.15285587310791,
370.961,30.375,26.912092208862305,26.68041229248047,12.375,2.5227110385894775,8.765810012817383,
370.971,30.125,26.94243812561035,26.512022018432617,12.9375,3.075080633163452,9.356534957885742,
370.981,29.875,26.95904541015625,26.333194732666016,13.5625,3.6252570152282715,9.932669639587402,
370.991,29.625,26.958139419555664,26.14183807373047,14.125,4.172262668609619,10.493192672729492,
371.001,29.375,26.944047927856445,25.94114875793457,14.6875,4.7137322425842285,11.036084175109863,
371.011,29.125,26.916227340698242,25.731311798095703,15.25,5.2572479248046875,11.570290565490723,
371.021,28.875,26.88833999633789,25.522340774536133,15.75,5.79826545715332,12.089298248291016,
371.031,28.5625,26.852540969848633,25.309123992919922,16.25,6.333094596862793,12.593053817749023,
371.041,28.3125,26.802526473999023,25.0885066986084,16.75,6.8644185066223145,13.084670066833496,
371.051,28.0625,26.746435165405273,24.866682052612305,17.1875,7.387340545654297,13.558798789978027,
371.061,27.8125,26.69171142578125,24.648000717163086,17.625,7.894092082977295,14.009941101074219,
371.072,27.5,26.626880645751953,24.425891876220703,18.0625,8.389034271240234,14.442737579345703,
371.081,27.25,26.554885864257812,24.20250129699707,18.4375,8.875229835510254,14.857608795166016,
371.091,27,26.484529495239258,23.98404884338379,18.875,9.34800910949707,15.252482414245605,
371.101,26.75,26.411518096923828,23.768362045288086,19.1875,9.804900169372559,15.6264066696167,
371.111,26.5,26.333341598510742,23.554275512695312,19.5625,10.263457298278809,15.993030548095703,
371.121,26.1875,26.258121490478516,23.34726333618164,19.875,10.712228775024414,16.343597412109375,
371.131,25.9375,26.17813491821289,23.143264770507812,20.125,11.142580032348633,16.670608520507812,
371.141,25.6875,26.098241806030273,22.944629669189453,20.4375,11.56945514678955,16.98687171936035,
371.151,25.375,26.011890411376953,22.74735450744629,20.6875,11.986501693725586,17.28755760192871,
371.161,25.125,25.923622131347656,22.55459213256836,20.9375,12.38979721069336,17.569761276245117,
371.171,24.875,25.828203201293945,22.363567352294922,21.1875,12.785943984985352,17.837993621826172,
371.181,24.6875,25.73354148864746,22.179275512695312,21.375,13.172506332397461,18.091997146606445,
371.191,24.4375,25.644222259521484,22.004405975341797,21.5625,13.550650596618652,18.33380126953125,
371.201,24.25,25.55886459350586,21.83835792541504,21.75,13.921605110168457,18.564346313476562,
371.211,24,25.473373413085938,21.679216384887695,21.9375,14.294504165649414,18.79119300842285,
371.221,23.8125,25.384050369262695,21.52454948425293,22.125,14.650333404541016,19.000234603881836,
371.231,23.625,25.29840850830078,21.37872314453125,22.25,14.994032859802246,19.1937255859375,
371.241,23.4375,25.21446418762207,21.24030303955078,22.4375,15.33468246459961,19.380373001098633,
371.251,23.25,25.13202476501465,21.10968589782715,22.5625,15.659521102905273,19.549728393554688,
371.262,23.125,25.055171966552734,20.989166259765625,22.6875,15.97720718383789,19.710094451904297,
371.271,22.9375,24.977563858032227,20.87473487854004,22.75,16.282489776611328,19.856508255004883,
371.281,22.8125,24.90335464477539,20.769506454467773,22.875,16.57659149169922,19.99042320251465,
371.291,22.6875,24.836423873901367,20.675582885742188,22.9375,16.859203338623047,20.111528396606445,
371.301,22.5625,24.776626586914062,20.59325408935547,23,17.1395263671875,20.227861404418945,
371.311,22.5,24.720121383666992,20.52012825012207,23.0625,17.41028594970703,20.333663940429688,
371.321,22.375,24.659587860107422,20.451013565063477,23.125,17.660572052001953,20.41974639892578,
371.331,22.3125,24.606983184814453,20.39388656616211,23.125,17.907625198364258,20.499670028686523,
371.341,22.25,24.57670783996582,20.357582092285156,23.1875,18.141483306884766,20.56622314453125,
371.351,22.1875,24.548938751220703,20.32979965209961,23.1875,18.374074935913086,20.629350662231445,
371.361,22.1875,24.52533531188965,20.311105728149414,23.1875,18.600095748901367,20.684520721435547,
371.371,22.125,24.485525131225586,20.288930892944336,23.1875,18.808820724487305,20.723310470581055,
371.381,22.125,24.449020385742188,20.274784088134766,23.1875,19.00338363647461,20.74880027770996,
371.391,22.0625,24.43012809753418,20.277488708496094,23.125,19.185094833374023,20.76188087463379,
371.401,22.125,24.438228607177734,20.30225944519043,23.125,19.371179580688477,20.77902603149414,
371.411,22.125,24.444780349731445,20.33204460144043,23.0625,19.54876136779785,20.787433624267578,
371.422,22.125,24.445432662963867,20.36380958557129,23,19.705732345581055,20.776996612548828,
371.431,22.1875,24.450361251831055,20.4029598236084,22.9375,19.846120834350586,20.752399444580078,
371.441,22.1875,24.45865249633789,20.449703216552734,22.875,19.975841522216797,20.718114852905273,
371.452,22.25,24.485496520996094,20.5129337310791,22.75,20.09105110168457,20.670940399169922,
371.461,22.3125,24.533721923828125,20.59355926513672,22.6875,20.20285987854004,20.620773315429688,
371.471,22.4375,24.575674057006836,20.674104690551758,22.5625,20.29527473449707,20.552288055419922,
371.481,22.5,24.616487503051758,20.757843017578125,22.4375,20.372699737548828,20.469213485717773,
371.491,22.5625,24.653528213500977,20.842220306396484,22.3125,20.437131881713867,20.374296188354492,
371.501,22.6875,24.698171615600586,20.934194564819336,22.1875,20.52033233642578,20.292375564575195,
