time;copter_pitch_angle;copter_roll_angle;copter_yaw_angle;copter_z_distance;REF_PITCH_ANGLE;REF_ROLL_ANGLE;REF_YAW_ANGLE;REF_Z_DISTANCE;SS;
13,593;-29,3125;5,5625;41,25;3,121299982070923;0;0;100;10;1;
13,597;-29,3125;5,5625;41,25;3,121299982070923;0;0;100;10;1;
13,6;-29,3125;5,5625;41,25;3,121299982070923;0;0;100;10;1;
13,604;-29,375;5,5625;41,25;3,121299982070923;0;0;100;10;1;
13,607;-29,375;5,5625;41,25;3,121299982070923;0;0;100;10;1;
13,61;-29,375;5,5625;41,25;3,121299982070923;0;0;100;10;1;
13,613;-29,3125;5,5625;41,25;3,121299982070923;0;0;100;10;1;
13,616;-29,3125;5,5625;41,25;3,121299982070923;0;0;100;10;1;
13,62;-29,3125;5,5625;41,25;3,121299982070923;0;0;100;10;1;
13,623;-29,375;5,5625;41,25;3,121299982070923;0;0;100;10;1;
13,626;-29,375;5,5625;41,25;3,121299982070923;0;0;100;10;1;
13,629;-29,375;5,5625;41,25;3,121299982070923;0;0;100;10;1;
13,632;-29,375;5,5625;41,3125;3,121299982070923;0;0;100;10;1;
13,635;-29,375;5,5625;41,3125;3,121299982070923;0;0;100;10;1;
13,639;-29,375;5,5625;41,3125;3,121299982070923;0;0;100;10;1;
13,642;-29,375;5,5625;41,3125;3,121299982070923;0;0;100;10;1;
13,646;-29,375;5,5625;41,3125;3,121299982070923;0;0;100;10;1;
13,649;-29,375;5,5625;41,3125;3,121299982070923;0;0;100;10;1;
13,652;-29,375;5,5625;41,3125;3,121299982070923;0;0;100;10;1;
13,656;-29,375;5,5625;41,3125;3,121299982070923;0;0;100;10;1;
13,66;-29,375;5,5625;41,3125;3,121299982070923;0;0;100;10;1;
13,663;-29,375;5,5625;41,3125;3,121299982070923;0;0;100;10;1;
13,666;-29,375;5,5625;41,3125;3,121299982070923;0;0;100;10;1;
13,67;-29,375;5,5625;41,375;3,121299982070923;0;0;100;10;1;
13,674;-29,375;5,5625;41,375;3,121299982070923;0;0;100;10;1;
13,677;-29,375;5,5625;41,375;3,121299982070923;0;0;100;10;1;
13,681;-29,375;5,5625;41,375;3,121299982070923;0;0;100;10;1;
13,684;-29,375;5,5625;41,375;3,121299982070923;0;0;100;10;1;
13,687;-29,375;5,5625;41,375;3,121299982070923;0;0;100;10;1;
13,691;-29,375;5,5625;41,375;3,121299982070923;0;0;100;10;1;
13,695;-29,375;5,5;41,375;3,121299982070923;0;0;100;10;1;
13,698;-29,375;5,5;41,375;3,121299982070923;0;0;100;10;1;
13,702;-29,375;5,5;41,4375;3,121299982070923;0;0;100;10;1;
13,706;-29,375;5,5;41,4375;3,121299982070923;0;0;100;10;1;
13,709;-29,375;5,5;41,4375;3,121299982070923;0;0;100;10;1;
13,712;-29,375;5,5;41,4375;3,121299982070923;0;0;100;10;1;
13,715;-29,375;5,5;41,4375;3,121299982070923;0;0;100;10;1;
13,719;-29,375;5,5;41,4375;3,121299982070923;0;0;100;10;1;
13,722;-29,375;5,5;41,4375;3,121299982070923;0;0;100;10;1;
13,725;-29,375;5,5;41,4375;3,121299982070923;0;0;100;10;1;
13,729;-29,375;5,5;41,4375;3,121299982070923;0;0;100;10;1;
13,732;-29,375;5,4375;41,5;3,121299982070923;0;0;100;10;1;
13,735;-29,375;5,4375;41,5;3,121299982070923;0;0;100;10;1;
13,738;-29,375;5,4375;41,5;3,121299982070923;0;0;100;10;1;
13,74;-29,375;5,4375;41,5;3,121299982070923;0;0;100;10;1;
13,743;-29,375;5,4375;41,5;3,121299982070923;0;0;100;10;1;
13,745;-29,375;5,4375;41,5;3,121299982070923;0;0;100;10;1;
13,749;-29,375;5,4375;41,5;3,121299982070923;0;0;100;10;1;
13,752;-29,375;5,4375;41,5625;3,121299982070923;0;0;100;10;1;
13,756;-29,375;5,4375;41,5625;3,121299982070923;0;0;100;10;1;
13,759;-29,375;5,4375;41,5625;3,121299982070923;0;0;100;10;1;
13,763;-29,375;5,4375;41,5625;3,1041500568389893;0;0;100;10;1;
13,766;-29,375;5,4375;41,5625;3,1041500568389893;0;0;100;10;1;
13,771;-29,375;5,4375;41,5625;3,1041500568389893;0;0;100;10;1;
13,775;-29,375;5,4375;41,5625;3,1041500568389893;0;0;100;10;1;
13,778;-29,375;5,4375;41,5625;3,1041500568389893;0;0;100;10;1;
13,782;-29,375;5,4375;41,5625;3,1041500568389893;0;0;100;10;1;
13,785;-29,375;5,4375;41,5625;3,1041500568389893;0;0;100;10;1;
13,789;-29,375;5,4375;41,5625;3,1041500568389893;0;0;100;10;1;
13,792;-29,375;5,4375;41,625;3,1041500568389893;0;0;100;10;1;
13,795;-29,375;5,4375;41,625;3,1041500568389893;0;0;100;10;1;
13,799;-29,375;5,4375;41,625;3,1041500568389893;0;0;100;10;1;
13,803;-29,375;5,4375;41,625;3,1041500568389893;0;0;100;10;1;
13,806;-29,375;5,4375;41,625;3,1041500568389893;0;0;100;10;1;
13,81;-29,375;5,4375;41,625;3,1041500568389893;0;0;100;10;1;
13,813;-29,375;5,4375;41,625;3,1041500568389893;0;0;100;10;1;
13,817;-29,375;5,4375;41,625;3,1041500568389893;0;0;100;10;1;
13,82;-29,375;5,5;41,625;3,121299982070923;0;0;100;10;1;
13,823;-29,375;5,5;41,625;3,121299982070923;0;0;100;10;1;
13,826;-29,375;5,5;41,625;3,121299982070923;0;0;100;10;1;
13,828;-29,375;5,5;41,625;3,121299982070923;0;0;100;10;1;
13,831;-29,375;5,5;41,625;3,121299982070923;0;0;100;10;1;
13,833;-29,375;5,5;41,625;3,121299982070923;0;0;100;10;1;
13,837;-29,375;5,5;41,625;3,121299982070923;0;0;100;10;1;
13,84;-29,375;5,5;41,625;3,121299982070923;0;0;100;10;1;
13,843;-29,375;5,5;41,625;3,121299982070923;0;0;100;10;1;
13,846;-29,375;5,5;41,625;3,121299982070923;0;0;100;10;1;
13,848;-29,375;5,5;41,625;3,121299982070923;0;0;100;10;1;
13,851;-29,375;5,5;41,6875;3,121299982070923;0;0;100;10;1;
13,854;-29,375;5,5;41,6875;3,121299982070923;0;0;100;10;1;
13,857;-29,375;5,5;41,6875;3,121299982070923;0;0;100;10;1;
13,861;-29,375;5,5625;41,6875;3,121299982070923;0;0;100;10;1;
13,863;-29,375;5,5625;41,6875;3,121299982070923;0;0;100;10;1;
13,866;-29,375;5,5625;41,6875;3,121299982070923;0;0;100;10;1;
13,87;-29,375;5,5625;41,6875;3,121299982070923;0;0;100;10;1;
13,873;-29,375;5,5625;41,6875;3,121299982070923;0;0;100;10;1;
13,877;-29,375;5,5625;41,6875;3,121299982070923;0;0;100;10;1;
13,88;-29,375;5,5625;41,6875;3,121299982070923;0;0;100;10;1;
13,883;-29,375;5,5625;41,75;3,121299982070923;0;0;100;10;1;
13,886;-29,375;5,5625;41,75;3,121299982070923;0;0;100;10;1;
13,89;-29,375;5,5625;41,75;3,121299982070923;0;0;100;10;1;
13,893;-29,375;5,625;41,75;3,121299982070923;0;0;100;10;1;
13,896;-29,375;5,625;41,75;3,121299982070923;0;0;100;10;1;
13,899;-29,375;5,625;41,75;3,121299982070923;0;0;100;10;1;
13,903;-29,375;5,625;41,75;3,121299982070923;0;0;100;10;1;
13,906;-29,375;5,625;41,75;3,121299982070923;0;0;100;10;1;
13,909;-29,375;5,625;41,75;3,121299982070923;0;0;100;10;1;
13,912;-29,375;5,6875;41,8125;3,121299982070923;0;0;100;10;1;
13,916;-29,375;5,6875;41,8125;3,121299982070923;0;0;100;10;1;
13,919;-29,375;5,6875;41,8125;3,121299982070923;0;0;100;10;1;
13,923;-29,375;5,6875;41,8125;3,121299982070923;0;0;100;10;1;
13,926;-29,375;5,6875;41,8125;3,121299982070923;0;0;100;10;1;
13,929;-29,375;5,6875;41,8125;3,121299982070923;0;0;100;10;1;
13,932;-29,375;5,6875;41,875;3,121299982070923;0;0;100;10;1;
13,935;-29,375;5,6875;41,875;3,121299982070923;0;0;100;10;1;
13,939;-29,375;5,6875;41,875;3,121299982070923;0;0;100;10;1;
13,941;-29,375;5,6875;41,875;3,1041500568389893;0;0;100;10;1;
13,944;-29,375;5,6875;41,875;3,1041500568389893;0;0;100;10;1;
13,947;-29,375;5,6875;41,875;3,1041500568389893;0;0;100;10;1;
13,95;-29,375;5,6875;41,875;3,1041500568389893;0;0;100;10;1;
13,954;-29,375;5,6875;41,875;3,1041500568389893;0;0;100;10;1;
13,957;-29,375;5,6875;41,875;3,1041500568389893;0;0;100;10;1;
13,959;-29,375;5,6875;41,875;3,1041500568389893;0;0;100;10;1;
13,963;-29,375;5,75;41,9375;3,1041500568389893;0;0;100;10;1;
13,966;-29,375;5,75;41,9375;3,1041500568389893;0;0;100;10;1;
13,97;-29,375;5,75;41,9375;3,1041500568389893;0;0;100;10;1;
13,973;-29,3125;5,75;41,9375;3,1041500568389893;0;0;100;10;1;
13,976;-29,3125;5,75;41,9375;3,1041500568389893;0;0;100;10;1;
13,979;-29,3125;5,75;41,9375;3,1041500568389893;0;0;100;10;1;
13,983;-29,375;5,75;42;3,1041500568389893;0;0;100;10;1;
13,986;-29,375;5,75;42;3,1041500568389893;0;0;100;10;1;
13,989;-29,375;5,75;42;3,1041500568389893;0;0;100;10;1;
13,992;-29,3125;5,75;42;3,1041500568389893;0;0;100;10;1;
13,995;-29,3125;5,75;42;3,1041500568389893;0;0;100;10;1;
13,998;-29,3125;5,75;42;3,1041500568389893;0;0;100;10;1;
14,002;-29,375;5,75;42;3,121299982070923;0;0;100;10;1;
14,006;-29,375;5,75;42;3,121299982070923;0;0;100;10;1;
14,009;-29,375;5,75;42;3,121299982070923;0;0;100;10;1;
14,012;-29,3125;5,8125;42;3,121299982070923;0;0;100;10;1;
14,016;-29,3125;5,8125;42;3,121299982070923;0;0;100;10;1;
14,019;-29,3125;5,8125;42;3,121299982070923;0;0;100;10;1;
14,023;-29,375;5,8125;42,0625;3,121299982070923;0;0;100;10;1;
14,025;-29,375;5,8125;42,0625;3,121299982070923;0;0;100;10;1;
14,028;-29,375;5,8125;42,0625;3,121299982070923;0;0;100;10;1;
14,03;-29,3125;5,8125;42,0625;3,121299982070923;0;0;100;10;1;
14,033;-29,3125;5,8125;42,0625;3,121299982070923;0;0;100;10;1;
14,037;-29,3125;5,8125;42,0625;3,121299982070923;0;0;100;10;1;
14,039;-29,3125;5,8125;42,0625;3,121299982070923;0;0;100;10;1;
14,042;-29,375;5,8125;42,0625;3,121299982070923;0;0;100;10;1;
14,045;-29,375;5,8125;42,0625;3,121299982070923;0;0;100;10;1;
14,048;-29,375;5,8125;42,0625;3,121299982070923;0;0;100;10;1;
14,051;-29,375;5,8125;42,0625;3,121299982070923;0;0;100;10;1;
14,054;-29,375;5,8125;42,0625;3,121299982070923;0;0;100;10;1;
14,057;-29,375;5,8125;42,0625;3,121299982070923;0;0;100;10;1;
14,06;-29,375;5,8125;42,0625;3,121299982070923;0;0;100;10;1;
14,064;-29,375;5,8125;42,0625;3,121299982070923;0;0;100;10;1;
14,067;-29,375;5,8125;42,0625;3,121299982070923;0;0;100;10;1;
14,071;-29,375;5,8125;42,0625;3,121299982070923;0;0;100;10;1;
14,074;-29,375;5,8125;42,0625;3,121299982070923;0;0;100;10;1;
14,077;-29,375;5,8125;42,0625;3,121299982070923;0;0;100;10;1;
14,08;-29,375;5,8125;42,0625;3,121299982070923;0;0;100;10;1;
14,083;-29,375;5,8125;42,0625;3,121299982070923;0;0;100;10;1;
14,087;-29,375;5,8125;42,0625;3,121299982070923;0;0;100;10;1;
14,091;-29,375;5,8125;42,0625;3,121299982070923;0;0;100;10;1;
14,094;-29,375;5,8125;42,0625;3,121299982070923;0;0;100;10;1;
14,097;-29,375;5,8125;42,0625;3,121299982070923;0;0;100;10;1;
14,1;-29,375;5,8125;42,0625;3,121299982070923;0;0;100;10;1;
14,103;-29,375;5,8125;42,0625;3,121299982070923;0;0;100;10;1;
14,107;-29,375;5,8125;42,0625;3,121299982070923;0;0;100;10;1;
14,11;-29,375;5,8125;42,0625;3,121299982070923;0;0;100;10;1;
14,113;-29,375;5,8125;42,125;3,121299982070923;0;0;100;10;1;
14,116;-29,375;5,8125;42,125;3,121299982070923;0;0;100;10;1;
14,119;-29,375;5,8125;42,125;3,121299982070923;0;0;100;10;1;
14,123;-29,375;5,8125;42,125;3,121299982070923;0;0;100;10;1;
14,126;-29,375;5,8125;42,125;3,121299982070923;0;0;100;10;1;
14,128;-29,375;5,8125;42,125;3,121299982070923;0;0;100;10;1;
14,131;-29,375;5,8125;42,125;3,121299982070923;0;0;100;10;1;
14,134;-29,375;5,8125;42,125;3,121299982070923;0;0;100;10;1;
14,138;-29,375;5,8125;42,125;3,121299982070923;0;0;100;10;1;
14,141;-29,375;5,8125;42,125;3,121299982070923;0;0;100;10;1;
14,143;-29,375;5,8125;42,125;3,121299982070923;0;0;100;10;1;
14,146;-29,375;5,8125;42,125;3,121299982070923;0;0;100;10;1;
14,148;-29,375;5,8125;42,125;3,121299982070923;0;0;100;10;1;
14,151;-29,375;5,8125;42,125;3,121299982070923;0;0;100;10;1;
14,155;-29,375;5,8125;42,125;3,121299982070923;0;0;100;10;1;
14,158;-29,375;5,8125;42,125;3,121299982070923;0;0;100;10;1;
14,161;-29,375;5,75;42,125;3,121299982070923;0;0;100;10;1;
14,164;-29,375;5,75;42,125;3,121299982070923;0;0;100;10;1;
14,168;-29,375;5,75;42,125;3,121299982070923;0;0;100;10;1;
14,172;-29,375;5,75;42,125;3,121299982070923;0;0;100;10;1;
14,175;-29,375;5,75;42,125;3,121299982070923;0;0;100;10;1;
14,179;-29,375;5,75;42,125;3,121299982070923;0;0;100;10;1;
14,182;-29,375;5,75;42,125;3,1041500568389893;0;0;100;10;1;
14,185;-29,375;5,75;42,125;3,1041500568389893;0;0;100;10;1;
14,189;-29,375;5,75;42,125;3,1041500568389893;0;0;100;10;1;
14,193;-29,375;5,75;42,125;3,1041500568389893;0;0;100;10;1;
14,196;-29,375;5,75;42,125;3,1041500568389893;0;0;100;10;1;
14,199;-29,375;5,75;42,125;3,1041500568389893;0;0;100;10;1;
14,201;-29,375;5,75;42,125;3,1041500568389893;0;0;100;10;1;
14,205;-29,375;5,75;42,125;3,1041500568389893;0;0;100;10;1;
14,208;-29,375;5,75;42,125;3,1041500568389893;0;0;100;10;1;
14,211;-29,375;5,75;42,125;3,1041500568389893;0;0;100;10;1;
14,214;-29,375;5,75;42,125;3,1041500568389893;0;0;100;10;1;
14,216;-29,375;5,75;42,125;3,1041500568389893;0;0;100;10;1;
14,22;-29,375;5,75;42,125;3,1041500568389893;0;0;100;10;1;
14,224;-29,375;5,75;42,125;3,1041500568389893;0;0;100;10;1;
14,226;-29,375;5,75;42,125;3,1041500568389893;0;0;100;10;1;
14,229;-29,375;5,75;42,125;3,1041500568389893;0;0;100;10;1;
14,232;-29,375;5,75;42,125;3,1041500568389893;0;0;100;10;1;
14,234;-29,375;5,75;42,125;3,1041500568389893;0;0;100;10;1;
14,238;-29,375;5,75;42,125;3,1041500568389893;0;0;100;10;1;
14,241;-29,375;5,75;42,125;3,121299982070923;0;0;100;10;1;
14,244;-29,375;5,75;42,125;3,121299982070923;0;0;100;10;1;
14,246;-29,375;5,75;42,125;3,121299982070923;0;0;100;10;1;
14,249;-29,375;5,75;42,125;3,121299982070923;0;0;100;10;1;
14,253;-29,375;5,75;42,125;3,121299982070923;0;0;100;10;1;
14,256;-29,375;5,75;42,125;3,121299982070923;0;0;100;10;1;
14,259;-29,375;5,75;42,125;3,121299982070923;0;0;100;10;1;
14,262;-29,375;5,75;42,1875;3,121299982070923;0;0;100;10;1;
14,264;-29,375;5,75;42,1875;3,121299982070923;0;0;100;10;1;
14,267;-29,375;5,75;42,1875;3,121299982070923;0;0;100;10;1;
14,271;-29,375;5,75;42,1875;3,121299982070923;0;0;100;10;1;
14,275;-29,375;5,75;42,1875;3,121299982070923;0;0;100;10;1;
14,278;-29,375;5,75;42,1875;3,121299982070923;0;0;100;10;1;
14,281;-29,375;5,75;42,1875;3,121299982070923;0;0;100;10;1;
14,284;-29,375;5,75;42,1875;3,121299982070923;0;0;100;10;1;
14,288;-29,375;5,75;42,1875;3,121299982070923;0;0;100;10;1;
14,291;-29,375;5,6875;42,1875;3,121299982070923;0;0;100;10;1;
14,293;-29,375;5,6875;42,1875;3,121299982070923;0;0;100;10;1;
14,296;-29,375;5,6875;42,1875;3,121299982070923;0;0;100;10;1;
14,299;-29,375;5,6875;42,1875;3,121299982070923;0;0;100;10;1;
14,303;-29,375;5,6875;42,1875;5,7452497482299805;0;0;100;10;1;
14,306;-29,375;5,6875;42,1875;5,7452497482299805;0;0;100;10;1;
14,309;-29,375;5,6875;42,1875;5,7452497482299805;0;0;100;10;1;
14,311;-29,375;5,6875;42,1875;5,7452497482299805;0;0;100;10;1;
14,314;-29,375;5,6875;42,1875;5,7452497482299805;0;0;100;10;1;
14,317;-29,375;5,6875;42,1875;5,7452497482299805;0;0;100;10;1;
14,321;-29,375;5,6875;42,1875;5,7452497482299805;0;0;100;10;1;
14,324;-29,375;5,6875;42,1875;5,7452497482299805;0;0;100;10;1;
14,327;-29,375;5,6875;42,1875;5,7452497482299805;0;0;100;10;1;
14,329;-29,375;5,6875;42,1875;5,7452497482299805;0;0;100;10;1;
14,332;-29,4375;5,625;42,25;5,7452497482299805;0;0;100;10;1;
14,334;-29,4375;5,625;42,25;5,7452497482299805;0;0;100;10;1;
14,337;-29,4375;5,625;42,25;5,7452497482299805;0;0;100;10;1;
14,34;-29,4375;5,625;42,25;5,7452497482299805;0;0;100;10;1;
14,343;-29,375;5,5625;42,25;5,7452497482299805;0;0;100;10;1;
14,345;-29,375;5,5625;42,25;5,7452497482299805;0;0;100;10;1;
14,348;-29,375;5,5625;42,25;5,7452497482299805;0;0;100;10;1;
14,35;-29,375;5,5625;42,25;5,7452497482299805;0;0;100;10;1;
14,354;-29,4375;5,4375;42,3125;5,7452497482299805;0;0;100;10;1;
14,357;-29,4375;5,4375;42,3125;5,7452497482299805;0;0;100;10;1;
14,36;-29,4375;5,4375;42,3125;5,7452497482299805;0;0;100;10;1;
14,363;-29,4375;5,25;42,4375;3,9959499835968018;0;0;100;10;1;
14,365;-29,4375;5,25;42,4375;3,9959499835968018;0;0;100;10;1;
14,368;-29,4375;5,25;42,4375;3,9959499835968018;0;0;100;10;1;
14,371;-29,5625;5;42,5;3,9959499835968018;0;0;100;10;1;
14,374;-29,5625;5;42,5;3,9959499835968018;0;0;100;10;1;
14,378;-29,5625;5;42,5;3,9959499835968018;0;0;100;10;1;
14,381;-29,625;4,8125;42,5625;3,9959499835968018;0;0;100;10;1;
14,385;-29,625;4,8125;42,5625;3,9959499835968018;0;0;100;10;1;
14,388;-29,625;4,8125;42,5625;3,9959499835968018;0;0;100;10;1;
14,392;-29,6875;4,6875;42,625;3,9959499835968018;0;0;100;10;1;
14,395;-29,6875;4,6875;42,625;3,9959499835968018;0;0;100;10;1;
14,398;-29,6875;4,6875;42,625;3,9959499835968018;0;0;100;10;1;
14,401;-29,75;4,5;42,6875;3,9959499835968018;0;0;100;10;1;
14,404;-29,75;4,5;42,6875;3,9959499835968018;0;0;100;10;1;
14,407;-29,75;4,5;42,6875;3,9959499835968018;0;0;100;10;1;
14,41;-29,75;4,5;42,6875;3,9959499835968018;0;0;100;10;1;
14,413;-29,75;4,375;42,8125;3,9959499835968018;0;0;100;10;1;
14,415;-29,75;4,375;42,8125;3,9959499835968018;0;0;100;10;1;
14,418;-29,75;4,375;42,8125;3,9959499835968018;0;0;100;10;1;
14,422;-29,75;4,25;42,875;3,121299982070923;0;0;100;10;1;
14,425;-29,75;4,25;42,875;3,121299982070923;0;0;100;10;1;
14,427;-29,75;4,25;42,875;3,121299982070923;0;0;100;10;1;
14,43;-29,75;4,25;42,875;3,121299982070923;0;0;100;10;1;
14,433;-29,75;4,25;42,875;3,121299982070923;0;0;100;10;1;
14,435;-29,75;4,25;42,875;3,121299982070923;0;0;100;10;1;
14,438;-29,75;4,25;42,875;3,121299982070923;0;0;100;10;1;
14,441;-29,75;4,0625;43,0625;3,121299982070923;0;0;100;10;1;
14,444;-29,75;4,0625;43,0625;3,121299982070923;0;0;100;10;1;
14,446;-29,75;4,0625;43,0625;3,121299982070923;0;0;100;10;1;
14,449;-29,75;4,0625;43,0625;3,121299982070923;0;0;100;10;1;
14,451;-29,8125;4;43,125;3,121299982070923;0;0;100;10;1;
14,455;-29,8125;4;43,125;3,121299982070923;0;0;100;10;1;
14,458;-29,8125;4;43,125;3,121299982070923;0;0;100;10;1;
14,461;-29,875;3,9375;43,25;3,121299982070923;0;0;100;10;1;
14,463;-29,875;3,9375;43,25;3,121299982070923;0;0;100;10;1;
14,466;-29,875;3,9375;43,25;3,121299982070923;0;0;100;10;1;
14,469;-29,875;3,9375;43,25;3,121299982070923;0;0;100;10;1;
14,473;-29,875;3,875;43,3125;3,121299982070923;0;0;100;10;1;
14,476;-29,875;3,875;43,3125;3,121299982070923;0;0;100;10;1;
14,48;-29,875;3,875;43,3125;3,121299982070923;0;0;100;10;1;
14,482;-29,875;3,8125;43,375;4,0131001472473145;0;0;100;10;1;
14,485;-29,875;3,8125;43,375;4,0131001472473145;0;0;100;10;1;
14,489;-29,875;3,8125;43,375;4,0131001472473145;0;0;100;10;1;
14,492;-29,875;3,75;43,375;4,0131001472473145;0;0;100;10;1;
14,494;-29,875;3,75;43,375;4,0131001472473145;0;0;100;10;1;
14,497;-29,875;3,75;43,375;4,0131001472473145;0;0;100;10;1;
14,499;-29,875;3,75;43,375;4,0131001472473145;0;0;100;10;1;
14,502;-29,875;3,6875;43,375;4,0131001472473145;0;0;100;10;1;
14,505;-29,875;3,6875;43,375;4,0131001472473145;0;0;100;10;1;
14,508;-29,875;3,6875;43,375;4,0131001472473145;0;0;100;10;1;
14,51;-29,875;3,6875;43,375;4,0131001472473145;0;0;100;10;1;
14,513;-29,8125;3,6875;43,4375;4,0131001472473145;0;0;100;10;1;
14,516;-29,8125;3,6875;43,4375;4,0131001472473145;0;0;100;10;1;
14,518;-29,8125;3,6875;43,4375;4,0131001472473145;0;0;100;10;1;
14,522;-29,875;3,6875;43,4375;4,0131001472473145;0;0;100;10;1;
14,525;-29,875;3,6875;43,4375;4,0131001472473145;0;0;100;10;1;
14,528;-29,875;3,6875;43,4375;4,0131001472473145;0;0;100;10;1;
14,53;-29,875;3,6875;43,4375;4,0131001472473145;0;0;100;10;1;
14,533;-29,875;3,6875;43,4375;4,0131001472473145;0;0;100;10;1;
14,536;-29,875;3,6875;43,4375;4,0131001472473145;0;0;100;10;1;
14,54;-29,875;3,6875;43,4375;4,0131001472473145;0;0;100;10;1;
14,543;-29,9375;3,6875;43,5;3,121299982070923;0;0;100;10;1;
14,546;-29,9375;3,6875;43,5;3,121299982070923;0;0;100;10;1;
14,549;-29,9375;3,6875;43,5;3,121299982070923;0;0;100;10;1;
14,553;-29,9375;3,6875;43,5;3,121299982070923;0;0;100;10;1;
14,556;-29,9375;3,6875;43,5;3,121299982070923;0;0;100;10;1;
14,559;-29,9375;3,6875;43,5;3,121299982070923;0;0;100;10;1;
14,562;-29,9375;3,6875;43,5;3,121299982070923;0;0;100;10;1;
14,565;-29,9375;3,6875;43,5;3,121299982070923;0;0;100;10;1;
14,568;-29,9375;3,6875;43,5;3,121299982070923;0;0;100;10;1;
14,572;-29,875;3,6875;43,5;3,121299982070923;0;0;100;10;1;
14,575;-29,875;3,6875;43,5;3,121299982070923;0;0;100;10;1;
14,578;-29,875;3,6875;43,5;3,121299982070923;0;0;100;10;1;
14,582;-29,875;3,6875;43,5;3,121299982070923;0;0;100;10;1;
14,585;-29,875;3,6875;43,5;3,121299982070923;0;0;100;10;1;
14,589;-29,875;3,6875;43,5;3,121299982070923;0;0;100;10;1;
14,591;-29,875;3,6875;43,5;3,121299982070923;0;0;100;10;1;
14,594;-29,875;3,6875;43,5;3,121299982070923;0;0;100;10;1;
14,597;-29,875;3,6875;43,5;3,121299982070923;0;0;100;10;1;
14,6;-29,875;3,6875;43,5;3,121299982070923;0;0;100;10;1;
14,602;-29,9375;3,6875;43,5;3,121299982070923;0;0;100;10;1;
14,605;-29,9375;3,6875;43,5;3,121299982070923;0;0;100;10;1;
14,608;-29,9375;3,6875;43,5;3,121299982070923;0;0;100;10;1;
14,611;-29,9375;3,6875;43,5;3,121299982070923;0;0;100;10;1;
14,614;-29,9375;3,6875;43,5;3,121299982070923;0;0;100;10;1;
14,617;-29,9375;3,6875;43,5;3,121299982070923;0;0;100;10;1;
14,62;-29,9375;3,6875;43,5;3,121299982070923;0;0;100;10;1;
14,623;-29,9375;3,6875;43,5625;3,121299982070923;0;0;100;10;1;
14,626;-29,9375;3,6875;43,5625;3,121299982070923;0;0;100;10;1;
14,629;-29,9375;3,6875;43,5625;3,121299982070923;0;0;100;10;1;
14,632;-29,9375;3,6875;43,5625;3,121299982070923;0;0;100;10;1;
14,634;-29,9375;3,6875;43,5625;3,121299982070923;0;0;100;10;1;
14,638;-29,9375;3,6875;43,5625;3,121299982070923;0;0;100;10;1;
14,641;-29,9375;3,6875;43,5625;3,121299982070923;0;0;100;10;1;
14,643;-29,9375;3,625;43,5625;3,121299982070923;0;0;100;10;1;
14,646;-29,9375;3,625;43,5625;3,121299982070923;0;0;100;10;1;
14,649;-29,9375;3,625;43,5625;3,121299982070923;0;0;100;10;1;
14,652;-29,9375;3,625;43,5625;3,121299982070923;0;0;100;10;1;
14,656;-29,9375;3,625;43,5625;3,121299982070923;0;0;100;10;1;
14,659;-29,9375;3,625;43,5625;3,121299982070923;0;0;100;10;1;
14,662;-29,875;3,625;43,5625;3,121299982070923;0;0;100;10;1;
14,665;-29,875;3,625;43,5625;3,121299982070923;0;0;100;10;1;
14,667;-29,875;3,625;43,5625;3,121299982070923;0;0;100;10;1;
14,671;-29,875;3,625;43,5625;3,121299982070923;0;0;100;10;1;
14,674;-29,9375;3,625;43,5625;3,121299982070923;0;0;100;10;1;
14,676;-29,9375;3,625;43,5625;3,121299982070923;0;0;100;10;1;
14,679;-29,9375;3,625;43,5625;3,121299982070923;0;0;100;10;1;
14,683;-29,9375;3,625;43,5625;3,121299982070923;0;0;100;10;1;
14,686;-29,9375;3,625;43,5625;3,121299982070923;0;0;100;10;1;
14,69;-29,9375;3,625;43,5625;3,121299982070923;0;0;100;10;1;
14,693;-29,9375;3,625;43,625;3,121299982070923;0;0;100;10;1;
14,696;-29,9375;3,625;43,625;3,121299982070923;0;0;100;10;1;
14,7;-29,9375;3,625;43,625;3,121299982070923;0;0;100;10;1;
14,703;-29,9375;3,625;43,625;3,121299982070923;0;0;100;10;1;
14,706;-29,9375;3,625;43,625;3,121299982070923;0;0;100;10;1;
14,709;-29,9375;3,625;43,625;3,121299982070923;0;0;100;10;1;
14,712;-29,9375;3,5625;43,6875;3,121299982070923;0;0;100;10;1;
14,716;-29,9375;3,5625;43,6875;3,121299982070923;0;0;100;10;1;
14,719;-29,9375;3,5625;43,6875;3,121299982070923;0;0;100;10;1;
14,723;-29,9375;3,5625;43,6875;3,121299982070923;0;0;100;10;1;
14,726;-29,9375;3,5625;43,6875;3,121299982070923;0;0;100;10;1;
14,729;-29,9375;3,5625;43,6875;3,121299982070923;0;0;100;10;1;
14,732;-29,9375;3,5625;43,6875;3,121299982070923;0;0;100;10;1;
14,735;-29,9375;3,5625;43,6875;3,121299982070923;0;0;100;10;1;
14,738;-29,9375;3,5625;43,6875;3,121299982070923;0;0;100;10;1;
14,741;-29,9375;3,5625;43,6875;3,121299982070923;0;0;100;10;1;
14,743;-29,9375;3,5625;43,6875;3,121299982070923;0;0;100;10;1;
14,746;-29,9375;3,5625;43,6875;3,121299982070923;0;0;100;10;1;
14,749;-29,9375;3,5625;43,6875;3,121299982070923;0;0;100;10;1;
14,751;-29,9375;3,5625;43,6875;3,121299982070923;0;0;100;10;1;
14,755;-29,9375;3,5625;43,75;3,121299982070923;0;0;100;10;1;
14,757;-29,9375;3,5625;43,75;3,121299982070923;0;0;100;10;1;
14,76;-29,9375;3,5625;43,75;3,121299982070923;0;0;100;10;1;
14,762;-29,9375;3,5625;43,75;3,121299982070923;0;0;100;10;1;
14,765;-29,9375;3,5625;43,75;3,121299982070923;0;0;100;10;1;
14,768;-29,9375;3,5625;43,75;3,121299982070923;0;0;100;10;1;
14,771;-29,9375;3,5625;43,75;3,121299982070923;0;0;100;10;1;
14,774;-29,9375;3,5625;43,75;3,121299982070923;0;0;100;10;1;
14,777;-29,9375;3,5625;43,75;3,121299982070923;0;0;100;10;1;
14,78;-29,9375;3,5625;43,75;3,121299982070923;0;0;100;10;1;
14,783;-29,9375;3,5625;43,75;3,121299982070923;0;0;100;10;1;
14,787;-29,9375;3,5625;43,75;3,121299982070923;0;0;100;10;1;
14,79;-29,9375;3,5625;43,75;3,121299982070923;0;0;100;10;1;
14,793;-29,9375;3,5625;43,75;3,121299982070923;0;0;100;10;1;
14,795;-29,9375;3,5625;43,75;3,121299982070923;0;0;100;10;1;
14,798;-29,9375;3,5625;43,75;3,121299982070923;0;0;100;10;1;
14,8;-29,9375;3,5625;43,75;3,121299982070923;0;0;100;10;1;
14,804;-29,9375;3,5625;43,75;3,121299982070923;0;0;100;10;1;
14,807;-29,9375;3,5625;43,75;3,121299982070923;0;0;100;10;1;
14,809;-29,9375;3,5625;43,75;3,121299982070923;0;0;100;10;1;
14,812;-29,9375;3,5625;43,75;3,121299982070923;0;0;100;10;1;
14,814;-29,9375;3,5625;43,75;3,121299982070923;0;0;100;10;1;
14,817;-29,9375;3,5625;43,75;3,121299982070923;0;0;100;10;1;
14,82;-29,9375;3,5625;43,75;3,121299982070923;0;0;100;10;1;
14,823;-29,9375;3,5625;43,75;3,121299982070923;0;0;100;10;1;
14,826;-29,9375;3,5625;43,75;3,121299982070923;0;0;100;10;1;
14,828;-29,9375;3,5625;43,75;3,121299982070923;0;0;100;10;1;
14,831;-29,9375;3,5625;43,75;3,121299982070923;0;0;100;10;1;
14,834;-29,9375;3,5625;43,75;3,121299982070923;0;0;100;10;1;
14,837;-29,9375;3,5625;43,75;3,121299982070923;0;0;100;10;1;
14,84;-29,9375;3,5625;43,75;3,121299982070923;0;0;100;10;1;
14,843;-29,9375;3,5625;43,75;3,121299982070923;0;0;100;10;1;
14,845;-29,9375;3,5625;43,75;3,121299982070923;0;0;100;10;1;
14,848;-29,9375;3,5625;43,75;3,121299982070923;0;0;100;10;1;
14,851;-29,9375;3,5625;43,75;3,121299982070923;0;0;100;10;1;
14,854;-29,9375;3,5625;43,75;3,121299982070923;0;0;100;10;1;
14,857;-29,9375;3,5625;43,75;3,121299982070923;0;0;100;10;1;
14,86;-29,9375;3,5625;43,75;3,121299982070923;0;0;100;10;1;
14,863;-29,9375;3,5625;43,75;3,121299982070923;0;0;100;10;1;
14,865;-29,9375;3,5625;43,75;3,121299982070923;0;0;100;10;1;
14,868;-29,9375;3,5625;43,75;3,121299982070923;0;0;100;10;1;
14,871;-29,9375;3,5625;43,75;3,121299982070923;0;0;100;10;1;
14,874;-29,9375;3,5625;43,75;3,121299982070923;0;0;100;10;1;
14,877;-29,9375;3,5625;43,75;3,121299982070923;0;0;100;10;1;
14,88;-29,9375;3,5625;43,75;3,121299982070923;0;0;100;10;1;
14,883;-29,9375;3,5625;43,75;3,121299982070923;0;0;100;10;1;
14,887;-29,9375;3,5625;43,75;3,121299982070923;0;0;100;10;1;
14,89;-29,9375;3,5625;43,75;3,121299982070923;0;0;100;10;1;
14,892;-29,9375;3,5625;43,75;3,121299982070923;0;0;100;10;1;
14,895;-29,9375;3,5625;43,75;3,121299982070923;0;0;100;10;1;
14,898;-29,9375;3,5625;43,75;3,121299982070923;0;0;100;10;1;
14,9;-29,9375;3,5625;43,75;3,121299982070923;0;0;100;10;1;
14,903;-29,9375;3,5625;43,75;3,121299982070923;0;0;100;10;1;
14,906;-29,9375;3,5625;43,75;3,121299982070923;0;0;100;10;1;
14,909;-29,9375;3,5625;43,75;3,121299982070923;0;0;100;10;1;
14,912;-29,9375;3,5625;43,75;3,121299982070923;0;0;100;10;1;
14,914;-29,9375;3,5625;43,75;3,121299982070923;0;0;100;10;1;
14,917;-29,9375;3,5625;43,75;3,121299982070923;0;0;100;10;1;
14,919;-29,9375;3,5625;43,75;3,121299982070923;0;0;100;10;1;
14,922;-29,9375;3,5625;43,75;3,121299982070923;0;0;100;10;1;
14,925;-29,9375;3,5625;43,75;3,121299982070923;0;0;100;10;1;
14,927;-29,9375;3,5625;43,75;3,121299982070923;0;0;100;10;1;
14,93;-29,9375;3,5625;43,75;3,121299982070923;0;0;100;10;1;
14,933;-29,9375;3,5625;43,75;3,121299982070923;0;0;100;10;1;
14,936;-29,9375;3,5625;43,75;3,121299982070923;0;0;100;10;1;
14,939;-29,9375;3,5625;43,75;3,121299982070923;0;0;100;10;1;
14,942;-29,9375;3,5625;43,75;3,121299982070923;0;0;100;10;1;
14,944;-29,9375;3,5625;43,75;3,121299982070923;0;0;100;10;1;
14,947;-29,9375;3,5625;43,75;3,121299982070923;0;0;100;10;1;
14,949;-29,9375;3,5625;43,75;3,121299982070923;0;0;100;10;1;
14,952;-29,9375;3,5625;43,75;3,121299982070923;0;0;100;10;1;
14,955;-29,9375;3,5625;43,75;3,121299982070923;0;0;100;10;1;
14,958;-29,9375;3,5625;43,75;3,121299982070923;0;0;100;10;1;
14,961;-29,9375;3,5625;43,75;3,121299982070923;0;0;100;10;1;
14,963;-29,9375;3,625;43,75;3,121299982070923;0;0;100;10;1;
14,966;-29,9375;3,625;43,75;3,121299982070923;0;0;100;10;1;
14,969;-29,9375;3,625;43,75;3,121299982070923;0;0;100;10;1;
14,972;-29,9375;3,625;43,75;3,121299982070923;0;0;100;10;1;
14,974;-29,9375;3,625;43,75;3,121299982070923;0;0;100;10;1;
14,977;-29,9375;3,625;43,75;3,121299982070923;0;0;100;10;1;
14,98;-29,9375;3,625;43,75;3,121299982070923;0;0;100;10;1;
14,984;-29,9375;3,625;43,75;3,121299982070923;0;0;100;10;1;
14,987;-29,9375;3,625;43,75;3,121299982070923;0;0;100;10;1;
14,99;-29,9375;3,625;43,75;3,121299982070923;0;0;100;10;1;
14,993;-29,9375;3,625;43,75;3,121299982070923;0;0;100;10;1;
14,995;-29,9375;3,625;43,75;3,121299982070923;0;0;100;10;1;
14,998;-29,9375;3,625;43,75;3,121299982070923;0;0;100;10;1;
15;-29,9375;3,625;43,75;3,121299982070923;0;0;100;10;1;
15,003;-29,9375;3,5625;43,75;3,121299982070923;0;0;100;10;1;
15,006;-29,9375;3,5625;43,75;3,121299982070923;0;0;100;10;1;
15,008;-29,9375;3,5625;43,75;3,121299982070923;0;0;100;10;1;
15,011;-29,9375;3,5625;43,75;3,121299982070923;0;0;100;10;1;
15,013;-29,9375;3,5625;43,75;3,121299982070923;0;0;100;10;1;
15,016;-29,9375;3,5625;43,75;3,121299982070923;0;0;100;10;1;
15,018;-29,9375;3,5625;43,75;3,121299982070923;0;0;100;10;1;
15,022;-29,9375;3,5625;43,75;3,121299982070923;0;0;100;10;1;
15,024;-29,9375;3,5625;43,75;3,121299982070923;0;0;100;10;1;
15,027;-29,9375;3,5625;43,75;3,121299982070923;0;0;100;10;1;
15,029;-29,9375;3,5625;43,75;3,121299982070923;0;0;100;10;1;
15,032;-29,9375;3,625;43,75;3,121299982070923;0;0;100;10;1;
15,035;-29,9375;3,625;43,75;3,121299982070923;0;0;100;10;1;
15,038;-29,9375;3,625;43,75;3,121299982070923;0;0;100;10;1;
15,041;-29,9375;3,625;43,75;3,121299982070923;0;0;100;10;1;
15,044;-29,9375;3,625;43,75;3,121299982070923;0;0;100;10;1;
15,047;-29,9375;3,625;43,75;3,121299982070923;0;0;100;10;1;
15,05;-29,9375;3,625;43,75;3,121299982070923;0;0;100;10;1;
15,052;-29,9375;3,625;43,75;3,121299982070923;0;0;100;10;1;
15,056;-29,9375;3,625;43,75;3,121299982070923;0;0;100;10;1;
15,058;-29,9375;3,625;43,75;3,121299982070923;0;0;100;10;1;
15,061;-29,9375;3,625;43,75;3,121299982070923;0;0;100;10;1;
15,063;-29,9375;3,625;43,75;3,121299982070923;0;0;100;10;1;
15,066;-29,9375;3,625;43,75;3,121299982070923;0;0;100;10;1;
15,069;-29,9375;3,625;43,75;3,121299982070923;0;0;100;10;1;
15,073;-29,9375;3,625;43,75;3,121299982070923;0;0;100;10;1;
15,075;-29,9375;3,625;43,75;3,121299982070923;0;0;100;10;1;
15,078;-29,9375;3,625;43,75;3,121299982070923;0;0;100;10;1;
15,081;-29,9375;3,625;43,75;3,121299982070923;0;0;100;10;1;
15,083;-29,9375;3,5625;43,75;3,121299982070923;0;0;100;10;1;
15,087;-29,9375;3,5625;43,75;3,121299982070923;0;0;100;10;1;
15,09;-29,9375;3,5625;43,75;3,121299982070923;0;0;100;10;1;
15,093;-29,9375;3,5625;43,75;3,121299982070923;0;0;100;10;1;
15,096;-29,9375;3,5625;43,75;3,121299982070923;0;0;100;10;1;
15,098;-29,9375;3,5625;43,75;3,121299982070923;0;0;100;10;1;
15,101;-29,9375;3,5625;43,75;3,121299982070923;0;0;100;10;1;
15,104;-29,9375;3,625;43,75;3,121299982070923;0;0;100;10;1;
15,107;-29,9375;3,625;43,75;3,121299982070923;0;0;100;10;1;
15,11;-29,9375;3,625;43,75;3,121299982070923;0;0;100;10;1;
15,112;-29,9375;3,625;43,75;3,121299982070923;0;0;100;10;1;
15,115;-29,9375;3,625;43,75;3,121299982070923;0;0;100;10;1;
15,117;-29,9375;3,625;43,75;3,121299982070923;0;0;100;10;1;
15,12;-29,9375;3,625;43,75;3,121299982070923;0;0;100;10;1;
15,123;-29,9375;3,625;43,75;3,121299982070923;0;0;100;10;1;
15,125;-29,9375;3,625;43,75;3,121299982070923;0;0;100;10;1;
15,128;-29,9375;3,625;43,75;3,121299982070923;0;0;100;10;1;
15,13;-29,9375;3,625;43,75;3,121299982070923;0;0;100;10;1;
15,133;-29,9375;3,625;43,75;3,121299982070923;0;0;100;10;1;
15,135;-29,9375;3,625;43,75;3,121299982070923;0;0;100;10;1;
15,139;-29,9375;3,625;43,75;3,121299982070923;0;0;100;10;1;
15,142;-29,9375;3,625;43,75;3,121299982070923;0;0;100;10;1;
15,145;-29,9375;3,625;43,75;3,121299982070923;0;0;100;10;1;
15,147;-29,9375;3,625;43,75;3,121299982070923;0;0;100;10;1;
15,15;-29,9375;3,625;43,75;3,121299982070923;0;0;100;10;1;
15,153;-29,9375;3,625;43,75;3,121299982070923;0;0;100;10;1;
15,157;-29,9375;3,625;43,75;3,121299982070923;0;0;100;10;1;
15,159;-29,9375;3,625;43,75;3,121299982070923;0;0;100;10;1;
15,162;-29,9375;3,625;43,75;3,121299982070923;0;0;100;10;1;
15,164;-30;3,625;43,75;3,121299982070923;0;0;100;10;1;
15,167;-30;3,625;43,75;3,121299982070923;0;0;100;10;1;
15,169;-30;3,625;43,75;3,121299982070923;0;0;100;10;1;
15,173;-29,9375;3,625;43,75;3,121299982070923;0;0;100;10;1;
15,176;-29,9375;3,625;43,75;3,121299982070923;0;0;100;10;1;
15,179;-29,9375;3,625;43,75;3,121299982070923;0;0;100;10;1;
15,182;-29,9375;3,625;43,75;3,121299982070923;0;0;100;10;1;
15,184;-29,9375;3,625;43,75;3,121299982070923;0;0;100;10;1;
15,187;-29,9375;3,625;43,75;3,121299982070923;0;0;100;10;1;
15,191;-29,9375;3,625;43,75;3,121299982070923;0;0;100;10;1;
15,194;-29,9375;3,625;43,75;3,121299982070923;0;0;100;10;1;
15,196;-29,9375;3,625;43,75;3,121299982070923;0;0;100;10;1;
15,199;-29,9375;3,625;43,75;3,121299982070923;0;0;100;10;1;
15,201;-29,9375;3,625;43,75;3,121299982070923;0;0;100;10;1;
15,205;-30;3,6875;43,75;3,121299982070923;0;0;100;10;1;
15,207;-30;3,6875;43,75;3,121299982070923;0;0;100;10;1;
15,21;-30;3,6875;43,75;3,121299982070923;0;0;100;10;1;
15,212;-30;3,6875;43,75;3,121299982070923;0;0;100;10;1;
15,215;-30;3,6875;43,75;3,121299982070923;0;0;100;10;1;
15,217;-30;3,6875;43,75;3,121299982070923;0;0;100;10;1;
15,22;-30;3,6875;43,75;3,121299982070923;0;0;100;10;1;
15,223;-30;3,6875;43,75;3,121299982070923;0;0;100;10;1;
15,226;-30;3,6875;43,75;3,121299982070923;0;0;100;10;1;
15,228;-30;3,6875;43,75;3,121299982070923;0;0;100;10;1;
15,231;-30;3,6875;43,75;3,121299982070923;0;0;100;10;1;
15,233;-30;3,6875;43,75;3,121299982070923;0;0;100;10;1;
15,236;-30;3,6875;43,75;3,121299982070923;0;0;100;10;1;
15,239;-30;3,6875;43,75;3,121299982070923;0;0;100;10;1;
15,242;-30;3,6875;43,75;3,121299982070923;0;0;100;10;1;
15,245;-30;3,6875;43,75;3,121299982070923;0;0;100;10;1;
15,248;-30;3,6875;43,75;3,121299982070923;0;0;100;10;1;
15,251;-30;3,6875;43,75;3,121299982070923;0;0;100;10;1;
15,254;-30;3,625;43,75;3,121299982070923;0;0;100;10;1;
15,257;-30;3,625;43,75;3,121299982070923;0;0;100;10;1;
15,26;-30;3,625;43,75;3,121299982070923;0;0;100;10;1;
15,263;-30;3,625;43,75;3,121299982070923;0;0;100;10;1;
15,265;-29,9375;3,6875;43,75;3,121299982070923;0;0;100;10;1;
15,268;-29,9375;3,6875;43,75;3,121299982070923;0;0;100;10;1;
15,271;-29,9375;3,6875;43,75;3,121299982070923;0;0;100;10;1;
15,275;-29,9375;3,6875;43,75;3,121299982070923;0;0;100;10;1;
15,278;-29,9375;3,6875;43,75;3,121299982070923;0;0;100;10;1;
15,28;-29,9375;3,6875;43,75;3,121299982070923;0;0;100;10;1;
15,283;-29,9375;3,6875;43,75;3,121299982070923;0;0;100;10;1;
15,286;-29,9375;3,6875;43,75;3,121299982070923;0;0;100;10;1;
15,289;-29,9375;3,6875;43,75;3,121299982070923;0;0;100;10;1;
15,292;-29,9375;3,6875;43,75;3,121299982070923;0;0;100;10;1;
15,295;-29,9375;3,6875;43,75;3,121299982070923;0;0;100;10;1;
15,298;-29,9375;3,6875;43,75;3,121299982070923;0;0;100;10;1;
15,3;-29,9375;3,6875;43,75;3,121299982070923;0;0;100;10;1;
15,303;-29,9375;3,6875;43,75;3,121299982070923;0;0;100;10;1;
15,306;-29,9375;3,75;43,8125;3,121299982070923;0;0;100;10;1;
15,308;-29,9375;3,75;43,8125;3,121299982070923;0;0;100;10;1;
15,311;-29,9375;3,75;43,8125;3,121299982070923;0;0;100;10;1;
15,313;-29,9375;3,75;43,8125;3,121299982070923;0;0;100;10;1;
15,316;-29,9375;3,75;43,8125;3,121299982070923;0;0;100;10;1;
15,319;-29,9375;3,75;43,8125;3,121299982070923;0;0;100;10;1;
15,322;-29,9375;3,75;43,8125;3,532899856567383;0;0;100;10;1;
15,325;-29,9375;3,75;43,8125;3,532899856567383;0;0;100;10;1;
15,327;-29,9375;3,75;43,8125;3,532899856567383;0;0;100;10;1;
15,33;-29,9375;3,75;43,8125;3,532899856567383;0;0;100;10;1;
15,333;-29,9375;3,75;43,875;3,532899856567383;0;0;100;10;1;
15,335;-29,9375;3,75;43,875;3,532899856567383;0;0;100;10;1;
15,339;-29,9375;3,75;43,875;3,532899856567383;0;0;100;10;1;
15,341;-29,9375;3,75;43,875;3,532899856567383;0;0;100;10;1;
15,344;-29,9375;3,75;43,875;3,532899856567383;0;0;100;10;1;
15,347;-29,9375;3,75;43,875;3,532899856567383;0;0;100;10;1;
15,35;-29,9375;3,75;43,875;3,532899856567383;0;0;100;10;1;
15,353;-29,9375;3,75;43,875;3,532899856567383;0;0;100;10;1;
15,356;-30;3,75;43,875;3,532899856567383;0;0;100;10;1;
15,359;-30;3,75;43,875;3,532899856567383;0;0;100;10;1;
15,363;-30;3,75;43,875;3,532899856567383;0;0;100;10;1;
15,366;-29,9375;3,75;43,875;3,532899856567383;0;0;100;10;1;
15,369;-29,9375;3,75;43,875;3,532899856567383;0;0;100;10;1;
15,373;-29,9375;3,75;43,875;3,532899856567383;0;0;100;10;1;
15,376;-29,9375;3,75;43,875;3,532899856567383;0;0;100;10;1;
15,379;-29,9375;3,75;43,875;3,532899856567383;0;0;100;10;1;
15,382;-29,9375;3,75;43,875;3,9959499835968018;0;0;100;10;1;
15,385;-29,9375;3,75;43,875;3,9959499835968018;0;0;100;10;1;
15,389;-29,9375;3,75;43,875;3,9959499835968018;0;0;100;10;1;
15,392;-29,9375;3,75;43,875;3,9959499835968018;0;0;100;10;1;
15,395;-29,9375;3,75;43,875;3,9959499835968018;0;0;100;10;1;
15,398;-29,9375;3,75;43,875;3,9959499835968018;0;0;100;10;1;
15,4;-29,9375;3,75;43,875;3,9959499835968018;0;0;100;10;1;
15,403;-29,9375;3,75;43,875;3,9959499835968018;0;0;100;10;1;
15,407;-29,9375;3,75;43,875;3,9959499835968018;0;0;100;10;1;
15,41;-29,9375;3,75;43,875;3,9959499835968018;0;0;100;10;1;
15,412;-29,9375;3,75;43,875;3,9959499835968018;0;0;100;10;1;
15,415;-29,9375;3,75;43,875;3,9959499835968018;0;0;100;10;1;
15,417;-29,9375;3,75;43,875;3,9959499835968018;0;0;100;10;1;
15,42;-29,9375;3,75;43,875;3,9959499835968018;0;0;100;10;1;
15,423;-29,9375;3,75;43,875;3,9959499835968018;0;0;100;10;1;
15,425;-29,9375;3,75;43,9375;3,9959499835968018;0;0;100;10;1;
15,428;-29,9375;3,75;43,9375;3,9959499835968018;0;0;100;10;1;
15,431;-29,9375;3,75;43,9375;3,9959499835968018;0;0;100;10;1;
15,433;-30;3,75;43,9375;3,9959499835968018;0;0;100;10;1;
15,436;-30;3,75;43,9375;3,9959499835968018;0;0;100;10;1;
15,439;-30;3,75;43,9375;3,9959499835968018;0;0;100;10;1;
15,441;-30;3,6875;44;3,121299982070923;0;0;100;10;1;
15,445;-30;3,6875;44;3,121299982070923;0;0;100;10;1;
15,448;-30;3,6875;44;3,121299982070923;0;0;100;10;1;
15,45;-30;3,6875;44;3,121299982070923;0;0;100;10;1;
15,453;-30;3,6875;44;3,121299982070923;0;0;100;10;1;
15,457;-30;3,6875;44;3,121299982070923;0;0;100;10;1;
15,46;-30;3,6875;44;3,121299982070923;0;0;100;10;1;
15,463;-30;3,6875;44;3,121299982070923;0;0;100;10;1;
15,465;-30;3,6875;44,0625;3,121299982070923;0;0;100;10;1;
15,468;-30;3,6875;44,0625;3,121299982070923;0;0;100;10;1;
15,47;-30;3,6875;44,0625;3,121299982070923;0;0;100;10;1;
15,474;-30;3,6875;44,0625;3,121299982070923;0;0;100;10;1;
15,477;-30;3,6875;44,0625;3,121299982070923;0;0;100;10;1;
15,479;-30;3,6875;44,0625;3,121299982070923;0;0;100;10;1;
15,482;-30;3,6875;44,0625;3,121299982070923;0;0;100;10;1;
15,484;-30;3,6875;44,0625;3,121299982070923;0;0;100;10;1;
15,488;-30;3,6875;44,0625;3,121299982070923;0;0;100;10;1;
15,491;-30;3,6875;44,0625;3,121299982070923;0;0;100;10;1;
15,494;-30;3,6875;44,0625;3,121299982070923;0;0;100;10;1;
15,497;-30;3,6875;44,0625;3,121299982070923;0;0;100;10;1;
15,499;-30;3,6875;44,0625;3,121299982070923;0;0;100;10;1;
15,502;-30;3,6875;44,0625;3,121299982070923;0;0;100;10;1;
15,506;-30;3,6875;44,0625;3,121299982070923;0;0;100;10;1;
15,508;-30;3,6875;44,0625;3,121299982070923;0;0;100;10;1;
15,511;-30;3,6875;44,0625;3,121299982070923;0;0;100;10;1;
15,513;-30;3,6875;44,0625;3,121299982070923;0;0;100;10;1;
15,516;-29,3125;3,75;44,125;3,121299982070923;0;0;100;10;1;
15,518;-29,3125;3,75;44,125;3,121299982070923;0;0;100;10;1;
15,521;-29,3125;3,75;44,125;3,121299982070923;0;0;100;10;1;
15,524;-29,3125;3,75;44,125;3,121299982070923;0;0;100;10;1;
15,527;-29,3125;3,75;44,125;3,121299982070923;0;0;100;10;1;
15,529;-29,3125;3,75;44,125;3,121299982070923;0;0;100;10;1;
15,532;-29,3125;3,75;44,125;3,121299982070923;0;0;100;10;1;
15,534;-29,3125;3,75;44,125;3,121299982070923;0;0;100;10;1;
15,537;-29,3125;3,75;44,125;3,121299982070923;0;0;100;10;1;
15,54;-29,3125;3,75;44,125;3,121299982070923;0;0;100;10;1;
15,542;-29,3125;3,75;44,125;3,121299982070923;0;0;100;10;1;
15,546;-29,3125;3,75;44,125;3,121299982070923;0;0;100;10;1;
15,548;-29,3125;3,75;44,125;3,121299982070923;0;0;100;10;1;
15,551;-29,3125;3,75;44,125;3,121299982070923;0;0;100;10;1;
15,554;-29,3125;3,75;44,125;3,121299982070923;0;0;100;10;1;
15,558;-29,3125;3,75;44,125;3,121299982070923;0;0;100;10;1;
15,561;-29,3125;3,75;44,125;3,121299982070923;0;0;100;10;1;
15,563;-29,3125;3,75;44,125;3,9959499835968018;0;0;100;10;1;
15,566;-29,3125;3,75;44,125;3,9959499835968018;0;0;100;10;1;
15,568;-29,3125;3,75;44,125;3,9959499835968018;0;0;100;10;1;
15,571;-29,3125;3,75;44,125;3,9959499835968018;0;0;100;10;1;
15,574;-29,3125;3,75;44,125;3,9959499835968018;0;0;100;10;1;
15,577;-29,3125;3,75;44,125;3,9959499835968018;0;0;100;10;1;
15,58;-29,3125;3,75;44,125;3,9959499835968018;0;0;100;10;1;
15,583;-29,3125;3,75;44,125;3,9959499835968018;0;0;100;10;1;
15,585;-29,3125;3,75;44,125;3,9959499835968018;0;0;100;10;1;
15,588;-29,3125;3,75;44,125;3,9959499835968018;0;0;100;10;1;
15,592;-29,3125;3,75;44,125;3,9959499835968018;0;0;100;10;1;
15,594;-29,3125;3,75;44,125;3,9959499835968018;0;0;100;10;1;
15,598;-29,3125;3,75;44,125;3,9959499835968018;0;0;100;10;1;
15,6;-29,3125;3,75;44,125;3,9959499835968018;0;0;100;10;1;
15,603;-29,3125;3,75;44,125;3,9959499835968018;0;0;100;10;1;
15,606;-29,3125;3,75;44,125;3,9959499835968018;0;0;100;10;1;
15,608;-29,3125;3,75;44,125;3,9959499835968018;0;0;100;10;1;
15,611;-29,3125;3,75;44,125;3,9959499835968018;0;0;100;10;1;
15,614;-29,3125;3,75;44,125;3,9959499835968018;0;0;100;10;1;
15,616;-29,3125;3,75;44,125;3,9959499835968018;0;0;100;10;1;
15,619;-29,3125;3,75;44,125;3,9959499835968018;0;0;100;10;1;
15,623;-29,3125;3,75;44,125;3,121299982070923;0;0;100;10;1;
15,625;-29,3125;3,75;44,1875;3,121299982070923;0;0;100;10;1;
15,628;-29,3125;3,75;44,1875;3,121299982070923;0;0;100;10;1;
15,63;-29,3125;3,75;44,1875;3,121299982070923;0;0;100;10;1;
15,633;-29,3125;3,75;44,1875;3,121299982070923;0;0;100;10;1;
15,636;-29,3125;3,75;44,1875;3,121299982070923;0;0;100;10;1;
15,639;-29,3125;3,75;44,1875;3,121299982070923;0;0;100;10;1;
15,642;-29,3125;3,8125;44,125;3,121299982070923;0;0;100;10;1;
15,644;-29,3125;3,8125;44,125;3,121299982070923;0;0;100;10;1;
15,648;-29,3125;3,8125;44,125;3,121299982070923;0;0;100;10;1;
15,651;-29,3125;3,8125;44,125;3,121299982070923;0;0;100;10;1;
15,654;-29,3125;3,8125;44,125;3,121299982070923;0;0;100;10;1;
15,657;-29,3125;3,8125;44,125;3,121299982070923;0;0;100;10;1;
15,66;-29,3125;3,8125;44,125;3,121299982070923;0;0;100;10;1;
15,664;-29,3125;3,875;44,1875;3,121299982070923;0;0;100;10;1;
15,667;-29,3125;3,875;44,1875;3,121299982070923;0;0;100;10;1;
15,67;-29,3125;3,875;44,1875;3,121299982070923;0;0;100;10;1;
15,673;-29,3125;3,875;44,1875;3,121299982070923;0;0;100;10;1;
15,677;-29,3125;3,8125;44,1875;3,121299982070923;0;0;100;10;1;
15,68;-29,3125;3,8125;44,1875;3,121299982070923;0;0;100;10;1;
15,683;-29,3125;3,8125;44,1875;3,1041500568389893;0;0;100;10;1;
15,686;-29,3125;3,8125;44,1875;3,1041500568389893;0;0;100;10;1;
15,689;-29,3125;3,8125;44,1875;3,1041500568389893;0;0;100;10;1;
15,692;-29,3125;3,8125;44,1875;3,1041500568389893;0;0;100;10;1;
15,695;-29,3125;3,8125;44,1875;3,1041500568389893;0;0;100;10;1;
15,698;-29,3125;3,8125;44,1875;3,1041500568389893;0;0;100;10;1;
15,701;-29,3125;3,8125;44,1875;3,1041500568389893;0;0;100;10;1;
15,704;-29,3125;3,8125;44,25;3,1041500568389893;0;0;100;10;1;
15,707;-29,3125;3,8125;44,25;3,1041500568389893;0;0;100;10;1;
15,71;-29,3125;3,8125;44,25;3,1041500568389893;0;0;100;10;1;
15,713;-29,3125;3,8125;44,25;3,1041500568389893;0;0;100;10;1;
15,715;-29,3125;3,8125;44,25;3,1041500568389893;0;0;100;10;1;
15,718;-29,3125;3,8125;44,25;3,1041500568389893;0;0;100;10;1;
15,72;-29,3125;3,8125;44,25;3,1041500568389893;0;0;100;10;1;
15,724;-29,3125;3,8125;44,1875;3,1041500568389893;0;0;100;10;1;
15,726;-29,3125;3,8125;44,1875;3,1041500568389893;0;0;100;10;1;
15,729;-29,3125;3,8125;44,1875;3,1041500568389893;0;0;100;10;1;
15,732;-29,3125;3,8125;44,1875;3,1041500568389893;0;0;100;10;1;
15,734;-29,3125;3,8125;44,1875;3,1041500568389893;0;0;100;10;1;
15,737;-29,3125;3,8125;44,1875;3,1041500568389893;0;0;100;10;1;
15,74;-29,3125;3,8125;44,1875;3,1041500568389893;0;0;100;10;1;
15,742;-29,3125;3,875;44,1875;3,121299982070923;0;0;100;10;1;
15,745;-29,3125;3,875;44,1875;3,121299982070923;0;0;100;10;1;
15,748;-29,3125;3,875;44,1875;3,121299982070923;0;0;100;10;1;
15,751;-29,3125;3,875;44,1875;3,121299982070923;0;0;100;10;1;
15,755;-29,3125;3,8125;44,25;3,121299982070923;0;0;100;10;1;
15,759;-29,3125;3,8125;44,25;3,121299982070923;0;0;100;10;1;
15,762;-29,3125;3,8125;44,25;3,121299982070923;0;0;100;10;1;
15,765;-29,3125;3,8125;44,25;3,121299982070923;0;0;100;10;1;
15,768;-29,3125;3,8125;44,25;3,121299982070923;0;0;100;10;1;
15,771;-29,3125;3,8125;44,25;3,121299982070923;0;0;100;10;1;
15,775;-29,3125;3,8125;44,25;3,121299982070923;0;0;100;10;1;
15,779;-29,3125;3,8125;44,25;3,121299982070923;0;0;100;10;1;
15,782;-29,3125;3,875;44,25;3,121299982070923;0;0;100;10;1;
15,785;-29,3125;3,875;44,25;3,121299982070923;0;0;100;10;1;
15,788;-29,3125;3,875;44,25;3,121299982070923;0;0;100;10;1;
15,791;-29,3125;3,875;44,25;3,121299982070923;0;0;100;10;1;
15,794;-29,3125;3,875;44,25;3,121299982070923;0;0;100;10;1;
15,797;-29,3125;3,875;44,25;3,121299982070923;0;0;100;10;1;
15,799;-29,3125;3,875;44,25;3,121299982070923;0;0;100;10;1;
15,802;-29,3125;3,875;44,25;3,121299982070923;0;0;100;10;1;
15,806;-29,3125;3,875;44,25;3,121299982070923;0;0;100;10;1;
15,809;-29,3125;3,875;44,25;3,121299982070923;0;0;100;10;1;
15,812;-29,3125;3,875;44,25;3,121299982070923;0;0;100;10;1;
15,815;-29,3125;3,875;44,25;3,121299982070923;0;0;100;10;1;
15,817;-29,3125;3,875;44,25;3,121299982070923;0;0;100;10;1;
15,82;-29,3125;3,875;44,25;3,121299982070923;0;0;100;10;1;
15,823;-29,3125;3,875;44,25;3,121299982070923;0;0;100;10;1;
15,826;-29,3125;3,875;44,25;3,121299982070923;0;0;100;10;1;
15,829;-29,3125;3,875;44,25;3,121299982070923;0;0;100;10;1;
15,832;-29,3125;3,8125;44,25;3,121299982070923;0;0;100;10;1;
15,834;-29,3125;3,8125;44,25;3,121299982070923;0;0;100;10;1;
15,837;-29,3125;3,8125;44,25;3,121299982070923;0;0;100;10;1;
15,84;-29,3125;3,8125;44,25;3,121299982070923;0;0;100;10;1;
15,842;-29,3125;3,875;44,25;3,121299982070923;0;0;100;10;1;
15,845;-29,3125;3,875;44,25;3,121299982070923;0;0;100;10;1;
15,847;-29,3125;3,875;44,25;3,121299982070923;0;0;100;10;1;
15,85;-29,3125;3,875;44,25;3,121299982070923;0;0;100;10;1;
15,854;-29,3125;3,875;44,25;3,121299982070923;0;0;100;10;1;
15,857;-29,3125;3,875;44,25;3,121299982070923;0;0;100;10;1;
15,86;-29,3125;3,875;44,25;3,121299982070923;0;0;100;10;1;
15,863;-29,3125;3,875;44,25;3,9959499835968018;0;0;100;10;1;
15,866;-29,3125;3,875;44,25;3,9959499835968018;0;0;100;10;1;
15,869;-29,3125;3,875;44,25;3,9959499835968018;0;0;100;10;1;
15,872;-29,3125;3,875;44,25;3,9959499835968018;0;0;100;10;1;
15,875;-29,3125;3,875;44,25;3,9959499835968018;0;0;100;10;1;
15,877;-29,3125;3,875;44,25;3,9959499835968018;0;0;100;10;1;
15,881;-29,3125;3,875;44,25;3,9959499835968018;0;0;100;10;1;
15,884;-29,3125;3,875;44,25;3,9959499835968018;0;0;100;10;1;
15,887;-29,3125;3,875;44,25;3,9959499835968018;0;0;100;10;1;
15,89;-29,3125;3,875;44,25;3,9959499835968018;0;0;100;10;1;
15,894;-29,3125;3,8125;44,25;3,9959499835968018;0;0;100;10;1;
15,896;-29,3125;3,8125;44,25;3,9959499835968018;0;0;100;10;1;
15,899;-29,3125;3,8125;44,25;3,9959499835968018;0;0;100;10;1;
15,901;-29,3125;3,8125;44,25;3,9959499835968018;0;0;100;10;1;
15,905;-29,3125;3,8125;44,25;3,9959499835968018;0;0;100;10;1;
15,908;-29,3125;3,8125;44,25;3,9959499835968018;0;0;100;10;1;
15,911;-29,3125;3,8125;44,25;3,9959499835968018;0;0;100;10;1;
15,914;-29,3125;3,8125;44,25;3,9959499835968018;0;0;100;10;1;
15,917;-29,3125;3,8125;44,25;3,9959499835968018;0;0;100;10;1;
15,919;-29,3125;3,8125;44,25;3,9959499835968018;0;0;100;10;1;
15,923;-29,3125;3,8125;44,25;3,121299982070923;0;0;100;10;1;
15,926;-29,3125;3,75;44,3125;3,121299982070923;0;0;100;10;1;
15,929;-29,3125;3,75;44,3125;3,121299982070923;0;0;100;10;1;
15,931;-29,3125;3,75;44,3125;3,121299982070923;0;0;100;10;1;
15,934;-29,3125;3,75;44,3125;3,121299982070923;0;0;100;10;1;
15,936;-29,3125;3,75;44,3125;3,121299982070923;0;0;100;10;1;
15,94;-29,3125;3,75;44,3125;3,121299982070923;0;0;100;10;1;
15,942;-29,3125;3,75;44,3125;3,121299982070923;0;0;100;10;1;
15,945;-29,3125;3,75;44,3125;3,121299982070923;0;0;100;10;1;
15,948;-29,3125;3,75;44,3125;3,121299982070923;0;0;100;10;1;
15,95;-29,3125;3,75;44,3125;3,121299982070923;0;0;100;10;1;
15,953;-29,3125;3,75;44,3125;3,121299982070923;0;0;100;10;1;
15,957;-29,3125;3,75;44,3125;3,121299982070923;0;0;100;10;1;
15,96;-29,3125;3,75;44,3125;3,121299982070923;0;0;100;10;1;
15,963;-29,3125;3,75;44,3125;3,121299982070923;0;0;100;10;1;
15,966;-29,3125;3,75;44,3125;3,121299982070923;0;0;100;10;1;
15,969;-29,3125;3,75;44,3125;3,121299982070923;0;0;100;10;1;
15,973;-29,375;3,75;44,3125;3,121299982070923;0;0;100;10;1;
15,975;-29,375;3,75;44,3125;3,121299982070923;0;0;100;10;1;
15,978;-29,375;3,75;44,3125;3,121299982070923;0;0;100;10;1;
15,982;-29,375;3,8125;44,3125;3,121299982070923;0;0;100;10;1;
15,985;-29,375;3,8125;44,3125;3,121299982070923;0;0;100;10;1;
15,988;-29,375;3,8125;44,3125;3,121299982070923;0;0;100;10;1;
15,992;-29,375;3,8125;44,3125;3,121299982070923;0;0;100;10;1;
15,995;-29,3125;3,8125;44,3125;3,121299982070923;0;0;100;10;1;
15,998;-29,3125;3,8125;44,3125;3,121299982070923;0;0;100;10;1;
16;-29,3125;3,8125;44,3125;3,121299982070923;0;0;100;10;1;
16,003;-29,3125;3,8125;44,3125;3,121299982070923;0;0;100;10;1;
16,006;-29,3125;3,8125;44,3125;3,121299982070923;0;0;100;10;1;
16,01;-29,3125;3,8125;44,3125;3,121299982070923;0;0;100;10;1;
16,013;-29,375;3,8125;44,3125;3,121299982070923;0;0;100;10;1;
16,015;-29,375;3,8125;44,3125;3,121299982070923;0;0;100;10;1;
16,018;-29,375;3,8125;44,3125;3,121299982070923;0;0;100;10;1;
16,02;-29,375;3,8125;44,3125;3,121299982070923;0;0;100;10;1;
16,024;-29,375;3,8125;44,3125;3,121299982070923;0;0;100;10;1;
16,026;-29,375;3,8125;44,3125;3,121299982070923;0;0;100;10;1;
16,029;-29,375;3,8125;44,3125;3,121299982070923;0;0;100;10;1;
16,032;-29,375;3,8125;44,3125;3,121299982070923;0;0;100;10;1;
16,035;-29,375;3,8125;44,3125;3,121299982070923;0;0;100;10;1;
16,038;-29,375;3,8125;44,3125;3,121299982070923;0;0;100;10;1;
16,041;-29,375;3,8125;44,3125;3,121299982070923;0;0;100;10;1;
16,044;-29,375;3,75;44,3125;3,121299982070923;0;0;100;10;1;
16,047;-29,375;3,75;44,3125;3,121299982070923;0;0;100;10;1;
16,049;-29,375;3,75;44,3125;3,121299982070923;0;0;100;10;1;
16,052;-29,375;3,8125;44,3125;3,121299982070923;0;0;100;10;1;
16,056;-29,375;3,8125;44,3125;3,121299982070923;0;0;100;10;1;
16,059;-29,375;3,8125;44,3125;3,121299982070923;0;0;100;10;1;
16,062;-29,375;3,8125;44,3125;3,121299982070923;0;0;100;10;1;
16,065;-29,375;3,8125;44,3125;3,121299982070923;0;0;100;10;1;
16,068;-29,375;3,8125;44,3125;3,121299982070923;0;0;100;10;1;
16,071;-29,375;3,8125;44,3125;3,121299982070923;0;0;100;10;1;
16,075;-29,375;3,8125;44,3125;3,121299982070923;0;0;100;10;1;
16,078;-29,375;3,8125;44,3125;3,121299982070923;0;0;100;10;1;
16,082;-29,375;3,8125;44,3125;3,121299982070923;0;0;100;10;1;
16,085;-29,375;3,8125;44,3125;3,121299982070923;0;0;100;10;1;
16,089;-29,375;3,8125;44,3125;3,121299982070923;0;0;100;10;1;
16,092;-29,375;3,8125;44,3125;3,121299982070923;0;0;100;10;1;
16,095;-29,375;3,8125;44,3125;3,121299982070923;0;0;100;10;1;
16,099;-29,375;3,8125;44,3125;3,121299982070923;0;0;100;10;1;
16,102;-29,375;3,8125;44,3125;3,121299982070923;0;0;100;10;1;
16,105;-29,375;3,8125;44,3125;3,121299982070923;0;0;100;10;1;
16,108;-29,375;3,8125;44,3125;3,121299982070923;0;0;100;10;1;
16,111;-29,375;3,8125;44,3125;3,121299982070923;0;0;100;10;1;
16,114;-29,375;3,8125;44,3125;3,121299982070923;0;0;100;10;1;
16,117;-29,375;3,8125;44,3125;3,121299982070923;0;0;100;10;1;
16,119;-29,375;3,8125;44,3125;3,121299982070923;0;0;100;10;1;
16,123;-29,375;3,8125;44,3125;3,121299982070923;0;0;100;10;1;
16,126;-29,375;3,8125;44,3125;3,121299982070923;0;0;100;10;1;
16,129;-29,375;3,8125;44,3125;3,121299982070923;0;0;100;10;1;
16,132;-29,375;3,8125;44,3125;3,121299982070923;0;0;100;10;1;
16,134;-29,375;3,8125;44,3125;3,121299982070923;0;0;100;10;1;
16,137;-29,375;3,8125;44,3125;3,121299982070923;0;0;100;10;1;
16,14;-29,375;3,8125;44,3125;3,121299982070923;0;0;100;10;1;
16,143;-29,375;3,8125;44,3125;3,121299982070923;0;0;100;10;1;
16,146;-29,375;3,8125;44,3125;3,121299982070923;0;0;100;10;1;
16,148;-29,375;3,8125;44,3125;3,121299982070923;0;0;100;10;1;
16,151;-29,375;3,8125;44,3125;3,121299982070923;0;0;100;10;1;
16,153;-29,375;3,875;44,3125;3,121299982070923;0;0;100;10;1;
16,157;-29,375;3,875;44,3125;3,121299982070923;0;0;100;10;1;
16,16;-29,375;3,875;44,3125;3,121299982070923;0;0;100;10;1;
16,163;-29,375;3,875;44,3125;3,121299982070923;0;0;100;10;1;
16,165;-29,375;3,875;44,3125;3,121299982070923;0;0;100;10;1;
16,168;-29,375;3,875;44,3125;3,121299982070923;0;0;100;10;1;
16,17;-29,375;3,875;44,3125;3,121299982070923;0;0;100;10;1;
16,174;-29,375;3,8125;44,3125;3,121299982070923;0;0;100;10;1;
16,178;-29,375;3,8125;44,3125;3,121299982070923;0;0;100;10;0;
16,181;-29,375;3,8125;44,3125;3,121299982070923;0;0;100;10;0;
16,184;-29,375;3,8125;44,3125;3,121299982070923;0;0;100;10;0;
16,187;-29,375;3,8125;44,3125;3,121299982070923;0;0;100;10;0;
16,19;-29,375;3,8125;44,3125;3,121299982070923;0;0;100;10;0;
16,193;-29,375;3,8125;44,3125;3,121299982070923;0;0;100;10;0;
16,196;-29,375;3,8125;44,3125;3,121299982070923;0;0;100;10;0;
16,199;-29,375;3,8125;44,3125;3,121299982070923;0;0;100;10;0;
16,202;-29,375;3,8125;44,3125;3,121299982070923;0;0;100;10;0;
16,205;-29,375;3,8125;44,3125;3,121299982070923;0;0;100;10;0;
16,209;-29,375;3,8125;44,3125;3,121299982070923;0;0;100;10;0;
16,212;-29,375;3,8125;44,3125;3,121299982070923;0;0;100;10;0;
16,215;-29,375;3,8125;44,3125;3,121299982070923;0;0;100;10;0;
16,218;-29,375;3,8125;44,3125;3,121299982070923;0;0;100;10;0;
16,22;-29,375;3,8125;44,3125;3,121299982070923;0;0;100;10;0;
16,224;-29,3125;3,75;44,1875;3,9959499835968018;0;0;100;10;0;
16,226;-29,3125;3,75;44,1875;3,9959499835968018;0;0;100;10;0;
16,229;-29,3125;3,75;44,1875;3,9959499835968018;0;0;100;10;0;
16,232;-29,25;3,5625;44;3,9959499835968018;0;0;100;10;0;
16,234;-29,25;3,5625;44;3,9959499835968018;0;0;100;10;0;
16,237;-29,25;3,5625;44;3,9959499835968018;0;0;100;10;0;
16,24;-29,25;3,5625;44;3,9959499835968018;0;0;100;10;0;
16,243;-29,0625;3,375;43,8125;3,9959499835968018;0;0;100;10;0;
16,246;-29,0625;3,375;43,8125;3,9959499835968018;0;0;100;10;0;
16,248;-29,0625;3,375;43,8125;3,9959499835968018;0;0;100;10;0;
16,251;-29,0625;3,375;43,8125;3,9959499835968018;0;0;100;10;0;
16,253;-28,875;3,25;43,625;3,9959499835968018;0;0;100;10;0;
16,257;-28,875;3,25;43,625;3,9959499835968018;0;0;100;10;0;
16,26;-28,875;3,25;43,625;3,9959499835968018;0;0;100;10;0;
16,264;-28,8125;3;43,375;3,9959499835968018;0;0;100;10;0;
16,266;-28,8125;3;43,375;3,9959499835968018;0;0;100;10;0;
16,269;-28,8125;3;43,375;3,9959499835968018;0;0;100;10;0;
16,273;-28,6875;2,75;43,125;3,9959499835968018;0;0;100;10;0;
16,276;-28,6875;2,75;43,125;3,9959499835968018;0;0;100;10;0;
16,278;-28,6875;2,75;43,125;3,9959499835968018;0;0;100;10;0;
16,281;-28,6875;2,75;43,125;3,9959499835968018;0;0;100;10;0;
16,284;-28,75;2,5625;42,875;3,121299982070923;0;0;100;10;0;
16,286;-28,75;2,5625;42,875;3,121299982070923;0;0;100;10;0;
16,29;-28,75;2,5625;42,875;3,121299982070923;0;0;100;10;0;
16,293;-28,8125;2,3125;42,625;3,121299982070923;0;0;100;10;0;
16,296;-28,8125;2,3125;42,625;3,121299982070923;0;0;100;10;0;
16,299;-28,8125;2,3125;42,625;3,121299982070923;0;0;100;10;0;
16,301;-28,8125;2,3125;42,625;3,121299982070923;0;0;100;10;0;
16,304;-28,875;2,125;42,375;3,121299982070923;0;0;100;10;0;
16,308;-28,875;2,125;42,375;3,121299982070923;0;0;100;10;0;
16,311;-28,875;2,125;42,375;3,121299982070923;0;0;100;10;0;
16,314;-28,9375;1,8125;42,1875;3,121299982070923;0;0;100;10;0;
16,316;-28,9375;1,8125;42,1875;3,121299982070923;0;0;100;10;0;
16,319;-28,9375;1,8125;42,1875;3,121299982070923;0;0;100;10;0;
16,321;-28,9375;1,8125;42,1875;3,121299982070923;0;0;100;10;0;
16,325;-29;1,5625;42;3,121299982070923;0;0;100;10;0;
16,327;-29;1,5625;42;3,121299982070923;0;0;100;10;0;
16,33;-29;1,5625;42;3,121299982070923;0;0;100;10;0;
16,332;-29;1,25;41,8125;3,121299982070923;0;0;100;10;0;
16,335;-29;1,25;41,8125;3,121299982070923;0;0;100;10;0;
16,337;-29;1,25;41,8125;3,121299982070923;0;0;100;10;0;
16,341;-29;1,25;41,8125;3,121299982070923;0;0;100;10;0;
16,344;-29;1;41,625;3,121299982070923;0;0;100;10;0;
16,346;-29;1;41,625;3,121299982070923;0;0;100;10;0;
16,349;-29;1;41,625;3,121299982070923;0;0;100;10;0;
16,351;-29;1;41,625;3,121299982070923;0;0;100;10;0;
16,354;-29;0,75;41,5;3,121299982070923;0;0;100;10;0;
16,357;-29;0,75;41,5;3,121299982070923;0;0;100;10;0;
16,361;-29;0,75;41,5;3,121299982070923;0;0;100;10;0;
16,364;-29;0,5;41,375;3,121299982070923;0;0;100;10;0;
16,367;-29;0,5;41,375;3,121299982070923;0;0;100;10;0;
16,37;-29;0,5;41,375;3,121299982070923;0;0;100;10;0;
16,374;-29;0,25;41,1875;3,121299982070923;0;0;100;10;0;
16,377;-29;0,25;41,1875;3,121299982070923;0;0;100;10;0;
16,38;-29;0,25;41,1875;3,121299982070923;0;0;100;10;0;
16,382;-29;0,0625;41;3,121299982070923;0;0;100;10;0;
16,385;-29;0,0625;41;3,121299982070923;0;0;100;10;0;
16,387;-29;0,0625;41;3,121299982070923;0;0;100;10;0;
16,391;-29;0,0625;41;3,121299982070923;0;0;100;10;0;
16,394;-29;-0,0625;40,875;3,121299982070923;0;0;100;10;0;
16,397;-29;-0,0625;40,875;3,121299982070923;0;0;100;10;0;
16,399;-29;-0,0625;40,875;3,121299982070923;0;0;100;10;0;
16,402;-29;-0,25;40,75;3,1041500568389893;0;0;100;10;0;
16,405;-29;-0,25;40,75;3,1041500568389893;0;0;100;10;0;
16,409;-29;-0,25;40,75;3,1041500568389893;0;0;100;10;0;
16,411;-29;-0,25;40,75;3,1041500568389893;0;0;100;10;0;
16,415;-29;-0,375;40,625;3,1041500568389893;0;0;100;10;0;
16,418;-29;-0,375;40,625;3,1041500568389893;0;0;100;10;0;
16,42;-29;-0,375;40,625;3,1041500568389893;0;0;100;10;0;
16,424;-29;-0,5;40,5;3,1041500568389893;0;0;100;10;0;
16,427;-29;-0,5;40,5;3,1041500568389893;0;0;100;10;0;
16,43;-29;-0,5;40,5;3,1041500568389893;0;0;100;10;0;
16,432;-29;-0,625;40,375;3,1041500568389893;0;0;100;10;0;
16,435;-29;-0,625;40,375;3,1041500568389893;0;0;100;10;0;
16,437;-29;-0,625;40,375;3,1041500568389893;0;0;100;10;0;
16,441;-29;-0,625;40,375;3,1041500568389893;0;0;100;10;0;
16,443;-29;-0,75;40,25;3,1041500568389893;0;0;100;10;0;
16,446;-29;-0,75;40,25;3,1041500568389893;0;0;100;10;0;
16,449;-29;-0,75;40,25;3,1041500568389893;0;0;100;10;0;
16,451;-29;-0,75;40,25;3,1041500568389893;0;0;100;10;0;
16,454;-29;-0,8125;40,1875;3,1041500568389893;0;0;100;10;0;
16,457;-29;-0,8125;40,1875;3,1041500568389893;0;0;100;10;0;
16,46;-29;-0,8125;40,1875;3,1041500568389893;0;0;100;10;0;
16,463;-29;-0,9375;40,125;3,121299982070923;0;0;100;10;0;
16,466;-29;-0,9375;40,125;3,121299982070923;0;0;100;10;0;
16,469;-29;-0,9375;40,125;3,121299982070923;0;0;100;10;0;
16,473;-29;-1;40,0625;3,121299982070923;0;0;100;10;0;
16,476;-29;-1;40,0625;3,121299982070923;0;0;100;10;0;
16,479;-29;-1;40,0625;3,121299982070923;0;0;100;10;0;
16,482;-29;-1,0625;40;3,121299982070923;0;0;100;10;0;
16,484;-29;-1,0625;40;3,121299982070923;0;0;100;10;0;
16,487;-29;-1,0625;40;3,121299982070923;0;0;100;10;0;
16,49;-29;-1,0625;40;3,121299982070923;0;0;100;10;0;
16,494;-29;-1,125;39,9375;3,121299982070923;0;0;100;10;0;
16,497;-29;-1,125;39,9375;3,121299982070923;0;0;100;10;0;
16,499;-29;-1,125;39,9375;3,121299982070923;0;0;100;10;0;
16,502;-29;-1,125;39,9375;3,121299982070923;0;0;100;10;0;
16,504;-29;-1,125;39,9375;3,121299982070923;0;0;100;10;0;
16,508;-29;-1,125;39,9375;3,121299982070923;0;0;100;10;0;
16,511;-29;-1,125;39,9375;3,121299982070923;0;0;100;10;0;
16,513;-29;-1,125;39,875;3,121299982070923;0;0;100;10;0;
16,517;-29;-1,125;39,875;3,121299982070923;0;0;100;10;0;
16,52;-29;-1,125;39,875;3,121299982070923;0;0;100;10;0;
16,523;-29;-1,125;39,875;3,1041500568389893;0;0;100;10;0;
16,526;-29;-1,125;39,875;3,1041500568389893;0;0;100;10;0;
16,529;-29;-1,125;39,875;3,1041500568389893;0;0;100;10;0;
16,531;-29;-1,125;39,875;3,1041500568389893;0;0;100;10;0;
16,534;-29;-1,125;39,875;3,1041500568389893;0;0;100;10;0;
16,536;-29;-1,125;39,875;3,1041500568389893;0;0;100;10;0;
16,539;-29;-1,125;39,875;3,1041500568389893;0;0;100;10;0;
16,542;-29;-1,125;39,9375;3,1041500568389893;0;0;100;10;0;
16,545;-29;-1,125;39,9375;3,1041500568389893;0;0;100;10;0;
16,548;-29;-1,125;39,9375;3,1041500568389893;0;0;100;10;0;
16,55;-29;-1,125;39,9375;3,1041500568389893;0;0;100;10;0;
16,553;-29;-1,0625;39,9375;3,1041500568389893;0;0;100;10;0;
16,556;-29;-1,0625;39,9375;3,1041500568389893;0;0;100;10;0;
16,559;-29;-1,0625;39,9375;3,1041500568389893;0;0;100;10;0;
16,562;-29;-1,0625;39,9375;3,1041500568389893;0;0;100;10;0;
16,565;-29;-1,0625;39,9375;3,1041500568389893;0;0;100;10;0;
16,568;-29;-1,0625;39,9375;3,1041500568389893;0;0;100;10;0;
16,571;-29;-1,0625;39,9375;3,1041500568389893;0;0;100;10;0;
16,575;-29;-1;40;3,1041500568389893;0;0;100;10;0;
16,578;-29;-1;40;3,1041500568389893;0;0;100;10;0;
16,58;-29;-1;40;3,1041500568389893;0;0;100;10;0;
16,583;-29;-1;40;3,121299982070923;0;0;100;10;0;
16,585;-29;-1;40;3,121299982070923;0;0;100;10;0;
16,589;-29;-1;40;3,121299982070923;0;0;100;10;0;
16,593;-29;-0,9375;40,0625;3,121299982070923;0;0;100;10;0;
16,596;-29;-0,9375;40,0625;3,121299982070923;0;0;100;10;0;
16,598;-29;-0,9375;40,0625;3,121299982070923;0;0;100;10;0;
16,601;-29;-0,9375;40,0625;3,121299982070923;0;0;100;10;0;
16,603;-29;-0,8125;40,0625;3,121299982070923;0;0;100;10;0;
16,607;-29;-0,8125;40,0625;3,121299982070923;0;0;100;10;0;
16,61;-29;-0,8125;40,0625;3,121299982070923;0;0;100;10;0;
16,613;-29;-0,75;40,125;3,121299982070923;0;0;100;10;0;
16,615;-29;-0,75;40,125;3,121299982070923;0;0;100;10;0;
16,618;-29;-0,75;40,125;3,121299982070923;0;0;100;10;0;
16,621;-29;-0,75;40,125;3,121299982070923;0;0;100;10;0;
16,625;-29;-0,6875;40,1875;3,121299982070923;0;0;100;10;0;
16,627;-29;-0,6875;40,1875;3,121299982070923;0;0;100;10;0;
16,63;-29;-0,6875;40,1875;3,121299982070923;0;0;100;10;0;
16,633;-29;-0,625;40,25;3,121299982070923;0;0;100;10;0;
16,635;-29;-0,625;40,25;3,121299982070923;0;0;100;10;0;
16,638;-29;-0,625;40,25;3,121299982070923;0;0;100;10;0;
16,641;-29;-0,625;40,25;3,121299982070923;0;0;100;10;0;
16,644;-29;-0,5;40,3125;3,121299982070923;0;0;100;10;0;
16,646;-29;-0,5;40,3125;3,121299982070923;0;0;100;10;0;
16,649;-29;-0,5;40,3125;3,121299982070923;0;0;100;10;0;
16,651;-29;-0,5;40,3125;3,121299982070923;0;0;100;10;0;
16,654;-29;-0,4375;40,3125;3,121299982070923;0;0;100;10;0;
16,657;-29;-0,4375;40,3125;3,121299982070923;0;0;100;10;0;
16,66;-29;-0,4375;40,3125;3,121299982070923;0;0;100;10;0;
16,663;-29;-0,375;40,375;3,121299982070923;0;0;100;10;0;
16,666;-29;-0,375;40,375;3,121299982070923;0;0;100;10;0;
16,67;-29;-0,375;40,375;3,121299982070923;0;0;100;10;0;
16,673;-29;-0,25;40,5;3,121299982070923;0;0;100;10;0;
16,676;-29;-0,25;40,5;3,121299982070923;0;0;100;10;0;
16,679;-29;-0,25;40,5;3,121299982070923;0;0;100;10;0;
16,682;-29;-0,25;40,5;3,121299982070923;0;0;100;10;0;
16,684;-29;-0,1875;40,5625;3,121299982070923;0;0;100;10;0;
16,687;-29;-0,1875;40,5625;3,121299982070923;0;0;100;10;0;
16,69;-29;-0,1875;40,5625;3,121299982070923;0;0;100;10;0;
16,694;-29;-0,0625;40,625;3,121299982070923;0;0;100;10;0;
16,696;-29;-0,0625;40,625;3,121299982070923;0;0;100;10;0;
16,699;-29;-0,0625;40,625;3,121299982070923;0;0;100;10;0;
16,701;-29;-0,0625;40,625;3,121299982070923;0;0;100;10;0;
16,704;-29;0;40,6875;3,121299982070923;0;0;100;10;0;
16,708;-29;0;40,6875;3,121299982070923;0;0;100;10;0;
16,711;-29;0;40,6875;3,121299982070923;0;0;100;10;0;
16,713;-29;0,0625;40,75;3,121299982070923;0;0;100;10;0;
16,716;-29;0,0625;40,75;3,121299982070923;0;0;100;10;0;
16,718;-29;0,0625;40,75;3,121299982070923;0;0;100;10;0;
16,721;-29;0,0625;40,75;3,121299982070923;0;0;100;10;0;
16,725;-28,9375;0,1875;40,8125;3,121299982070923;0;0;100;10;0;
16,728;-28,9375;0,1875;40,8125;3,121299982070923;0;0;100;10;0;
16,731;-28,9375;0,1875;40,8125;3,121299982070923;0;0;100;10;0;
16,733;-28,9375;0,25;40,9375;3,121299982070923;0;0;100;10;0;
16,736;-28,9375;0,25;40,9375;3,121299982070923;0;0;100;10;0;
16,738;-28,9375;0,25;40,9375;3,121299982070923;0;0;100;10;0;
16,742;-28,9375;0,375;41;3,121299982070923;0;0;100;10;0;
16,745;-28,9375;0,375;41;3,121299982070923;0;0;100;10;0;
16,747;-28,9375;0,375;41;3,121299982070923;0;0;100;10;0;
16,75;-28,9375;0,375;41;3,121299982070923;0;0;100;10;0;
16,752;-28,9375;0,4375;41,0625;3,121299982070923;0;0;100;10;0;
16,755;-28,9375;0,4375;41,0625;3,121299982070923;0;0;100;10;0;
16,758;-28,9375;0,4375;41,0625;3,121299982070923;0;0;100;10;0;
16,761;-28,9375;0,4375;41,0625;3,121299982070923;0;0;100;10;0;
16,764;-28,9375;0,5625;41,1875;3,121299982070923;0;0;100;10;0;
16,767;-28,9375;0,5625;41,1875;3,121299982070923;0;0;100;10;0;
16,77;-28,9375;0,5625;41,1875;3,121299982070923;0;0;100;10;0;
16,773;-28,9375;0,6875;41,25;3,121299982070923;0;0;100;10;0;
16,777;-28,9375;0,6875;41,25;3,121299982070923;0;0;100;10;0;
16,78;-28,9375;0,6875;41,25;3,121299982070923;0;0;100;10;0;
16,783;-28,9375;0,75;41,3125;3,121299982070923;0;0;100;10;0;
16,785;-28,9375;0,75;41,3125;3,121299982070923;0;0;100;10;0;
16,788;-28,9375;0,75;41,3125;3,121299982070923;0;0;100;10;0;
16,792;-28,9375;0,75;41,3125;3,121299982070923;0;0;100;10;0;
16,795;-28,9375;0,75;41,3125;3,121299982070923;0;0;100;10;0;
16,798;-28,9375;0,75;41,3125;3,121299982070923;0;0;100;10;0;
16,8;-28,9375;0,75;41,3125;3,121299982070923;0;0;100;10;0;
16,803;-28,9375;0,9375;41,4375;3,121299982070923;0;0;100;10;0;
16,806;-28,9375;0,9375;41,4375;3,121299982070923;0;0;100;10;0;
16,809;-28,9375;0,9375;41,4375;3,121299982070923;0;0;100;10;0;
16,811;-28,9375;0,9375;41,4375;3,121299982070923;0;0;100;10;0;
16,814;-28,9375;1;41,5;3,121299982070923;0;0;100;10;0;
16,816;-28,9375;1;41,5;3,121299982070923;0;0;100;10;0;
16,819;-28,9375;1;41,5;3,121299982070923;0;0;100;10;0;
16,821;-28,9375;1;41,5;3,121299982070923;0;0;100;10;0;
16,824;-28,9375;1,125;41,5625;3,121299982070923;0;0;100;10;0;
16,827;-28,9375;1,125;41,5625;3,121299982070923;0;0;100;10;0;
16,83;-28,9375;1,125;41,5625;3,121299982070923;0;0;100;10;0;
16,833;-28,875;1,1875;41,6875;3,121299982070923;0;0;100;10;0;
16,835;-28,875;1,1875;41,6875;3,121299982070923;0;0;100;10;0;
16,838;-28,875;1,1875;41,6875;3,121299982070923;0;0;100;10;0;
16,841;-28,875;1,1875;41,6875;3,121299982070923;0;0;100;10;0;
16,843;-28,875;1,25;41,75;3,121299982070923;0;0;100;10;0;
16,846;-28,875;1,25;41,75;3,121299982070923;0;0;100;10;0;
16,849;-28,875;1,25;41,75;3,121299982070923;0;0;100;10;0;
16,851;-28,875;1,25;41,75;3,121299982070923;0;0;100;10;0;
16,854;-28,875;1,3125;41,8125;3,121299982070923;0;0;100;10;0;
16,858;-28,875;1,3125;41,8125;3,121299982070923;0;0;100;10;0;
16,86;-28,875;1,3125;41,8125;3,121299982070923;0;0;100;10;0;
16,863;-28,875;1,375;41,8125;3,121299982070923;0;0;100;10;0;
16,865;-28,875;1,375;41,8125;3,121299982070923;0;0;100;10;0;
16,868;-28,875;1,375;41,8125;3,121299982070923;0;0;100;10;0;
16,87;-28,875;1,375;41,8125;3,121299982070923;0;0;100;10;0;
16,874;-28,875;1,4375;41,875;3,121299982070923;0;0;100;10;0;
16,877;-28,875;1,4375;41,875;3,121299982070923;0;0;100;10;0;
16,88;-28,875;1,4375;41,875;3,121299982070923;0;0;100;10;0;
16,883;-28,875;1,5;41,9375;2,658249855041504;0;0;100;10;0;
16,886;-28,875;1,5;41,9375;2,658249855041504;0;0;100;10;0;
16,888;-28,875;1,5;41,9375;2,658249855041504;0;0;100;10;0;
16,892;-28,875;1,5;41,9375;2,658249855041504;0;0;100;10;0;
16,895;-28,875;1,5;41,9375;2,658249855041504;0;0;100;10;0;
16,897;-28,875;1,5;41,9375;2,658249855041504;0;0;100;10;0;
16,9;-28,875;1,5;41,9375;2,658249855041504;0;0;100;10;0;
16,902;-28,875;1,5625;42;2,658249855041504;0;0;100;10;0;
16,905;-28,875;1,5625;42;2,658249855041504;0;0;100;10;0;
16,908;-28,875;1,5625;42;2,658249855041504;0;0;100;10;0;
16,911;-28,875;1,5625;42;2,658249855041504;0;0;100;10;0;
16,913;-28,875;1,6875;42,0625;2,658249855041504;0;0;100;10;0;
16,916;-28,875;1,6875;42,0625;2,658249855041504;0;0;100;10;0;
16,918;-28,875;1,6875;42,0625;2,658249855041504;0;0;100;10;0;
16,921;-28,875;1,6875;42,0625;2,658249855041504;0;0;100;10;0;
16,924;-28,875;1,6875;42,0625;2,658249855041504;0;0;100;10;0;
16,927;-28,875;1,6875;42,0625;2,658249855041504;0;0;100;10;0;
16,93;-28,875;1,6875;42,0625;2,658249855041504;0;0;100;10;0;
16,932;-28,875;1,6875;42,0625;2,658249855041504;0;0;100;10;0;
16,935;-28,875;1,6875;42,0625;2,658249855041504;0;0;100;10;0;
16,937;-28,875;1,6875;42,0625;2,658249855041504;0;0;100;10;0;
16,94;-28,875;1,6875;42,0625;2,658249855041504;0;0;100;10;0;
16,943;-28,875;1,6875;42,0625;2,658249855041504;0;0;100;10;0;
16,946;-28,875;1,6875;42,0625;2,658249855041504;0;0;100;10;0;
16,948;-28,875;1,6875;42,0625;2,658249855041504;0;0;100;10;0;
16,951;-28,875;1,6875;42,0625;2,658249855041504;0;0;100;10;0;
16,953;-28,875;1,6875;42,0625;2,658249855041504;0;0;100;10;0;
16,956;-28,875;1,6875;42,0625;2,658249855041504;0;0;100;10;0;
16,96;-28,875;1,6875;42,0625;2,658249855041504;0;0;100;10;0;
16,962;-28,875;1,6875;42,0625;2,658249855041504;0;0;100;10;0;
16,965;-28,875;1,6875;42,0625;2,658249855041504;0;0;100;10;0;
16,967;0;0;0;2,658249855041504;0;0;100;10;0;
16,97;0;0;0;2,658249855041504;0;0;100;10;0;
16,972;0;0;0;2,658249855041504;0;0;100;10;0;
16,976;0;0;0;2,658249855041504;0;0;100;10;0;
16,979;0;0;0;2,658249855041504;0;0;100;10;0;
16,982;0;0;0;2,658249855041504;0;0;100;10;0;
16,985;0;0;0;2,658249855041504;0;0;100;10;0;
16,988;0;0;0;2,658249855041504;0;0;100;10;0;
16,991;0;0;0;2,658249855041504;0;0;100;10;0;
16,994;0;0;0;2,658249855041504;0;0;100;10;0;
16,996;0;0;0;2,658249855041504;0;0;100;10;0;
16,999;0;0;0;2,658249855041504;0;0;100;10;0;
17,001;0;0;0;2,658249855041504;0;0;100;10;0;
17,004;0;0;0;2,658249855041504;0;0;100;10;0;
17,007;0;0;0;2,658249855041504;0;0;100;10;0;
17,01;0;0;0;2,658249855041504;0;0;100;10;0;
17,012;0;0;0;2,658249855041504;0;0;100;10;0;
17,015;0;0;0;2,658249855041504;0;0;100;10;0;
17,017;0;0;0;2,658249855041504;0;0;100;10;0;
17,02;0;0;0;2,658249855041504;0;0;100;10;0;
17,022;0;0;0;2,658249855041504;0;0;100;10;0;
17,025;0;0;0;2,658249855041504;0;0;100;10;0;
17,029;0;0;0;2,658249855041504;0;0;100;10;0;
17,031;0;0;0;2,658249855041504;0;0;100;10;0;
17,034;0;0;0;2,658249855041504;0;0;100;10;0;
17,036;0;0;0;2,658249855041504;0;0;100;10;0;
17,039;0;0;0;2,658249855041504;0;0;100;10;0;
17,042;0;0;0;2,658249855041504;0;0;100;10;0;
17,044;0;0;0;2,658249855041504;0;0;100;10;0;
17,047;0;0;0;2,658249855041504;0;0;100;10;0;
17,049;0;256;0;2,658249855041504;0;0;100;10;0;
17,052;0;256;0;2,658249855041504;0;0;100;10;0;
17,055;0;256;0;2,658249855041504;0;0;100;10;0;
17,059;0;256;0;2,658249855041504;0;0;100;10;0;
17,061;0;256;0;2,658249855041504;0;0;100;10;0;
17,064;0;256;0;2,658249855041504;0;0;100;10;0;
17,066;0;256;0;2,658249855041504;0;0;100;10;0;
17,069;0;256;0;2,658249855041504;0;0;100;10;0;
17,071;0;256;0;2,658249855041504;0;0;100;10;0;
17,075;0;256;0;2,658249855041504;0;0;100;10;0;
17,078;0;256;0;2,658249855041504;0;0;100;10;0;
17,081;0;256;0;2,658249855041504;0;0;100;10;0;
17,084;0;256;0;2,658249855041504;0;0;100;10;0;
17,087;0;256;0;2,658249855041504;0;0;100;10;0;
17,09;0;256;0;2,658249855041504;0;0;100;10;0;
17,093;0;256;0;2,658249855041504;0;0;100;10;0;
17,096;0;256;0;2,658249855041504;0;0;100;10;0;
17,099;0;256;0;2,658249855041504;0;0;100;10;0;
17,101;0;256;0;2,658249855041504;0;0;100;10;0;
17,104;0;256;0;2,658249855041504;0;0;100;10;0;
17,107;0;256;0;2,658249855041504;0;0;100;10;0;
17,11;0;256;0;2,658249855041504;0;0;100;10;0;
17,112;0;256;0;2,658249855041504;0;0;100;10;0;
17,115;0;256;0;2,658249855041504;0;0;100;10;0;
17,118;0;256;0;2,658249855041504;0;0;100;10;0;
17,12;0;256;0;2,658249855041504;0;0;100;10;0;
17,123;0;256;0;2,658249855041504;0;0;100;10;0;
17,126;0;256;0;2,658249855041504;0;0;100;10;0;
17,129;0;256;0;2,658249855041504;0;0;100;10;0;
17,132;0;256;0;2,658249855041504;0;0;100;10;0;
17,135;0;256;0;2,658249855041504;0;0;100;10;0;
17,137;0;256;0;2,658249855041504;0;0;100;10;0;
17,14;0;256;0;2,658249855041504;0;0;100;10;0;
17,143;0;256;0;2,658249855041504;0;0;100;10;0;
17,146;0;256;0;2,658249855041504;0;0;100;10;0;
17,148;0;256;0;2,658249855041504;0;0;100;10;0;
17,151;0;256;0;2,658249855041504;0;0;100;10;0;
17,153;0;256;0;2,658249855041504;0;0;100;10;0;
17,156;0;256;0;2,658249855041504;0;0;100;10;0;
17,159;0;256;0;2,658249855041504;0;0;100;10;0;
17,162;0;256;0;2,658249855041504;0;0;100;10;0;
17,165;0;256;0;2,658249855041504;0;0;100;10;0;
17,168;0;256;0;2,658249855041504;0;0;100;10;0;
17,17;0;256;0;2,658249855041504;0;0;100;10;0;
17,173;0;256;0;2,658249855041504;0;0;100;10;0;
17,176;0;256;0;2,658249855041504;0;0;100;10;0;
17,178;0;256;0;2,658249855041504;0;0;100;10;0;
17,181;0;256;0;2,658249855041504;0;0;100;10;0;
17,185;0;256;0;2,658249855041504;0;0;100;10;0;
17,188;0;256;0;2,658249855041504;0;0;100;10;0;
17,191;0;256;0;2,658249855041504;0;0;100;10;0;
17,194;0;256;0;2,658249855041504;0;0;100;10;0;
17,196;0;256;0;2,658249855041504;0;0;100;10;0;
17,199;0;256;0;2,658249855041504;0;0;100;10;0;
17,202;0;256;0;2,658249855041504;0;0;100;10;0;
17,204;0;256;0;2,658249855041504;0;0;100;10;0;
17,208;0;256;0;2,658249855041504;0;0;100;10;0;
17,21;0;256;0;2,658249855041504;0;0;100;10;0;
17,213;0;256;0;2,658249855041504;0;0;100;10;0;
17,216;0;256;0;2,658249855041504;0;0;100;10;0;
17,218;0;256;0;2,658249855041504;0;0;100;10;0;
17,221;0;256;0;2,658249855041504;0;0;100;10;0;
17,224;0;256;0;2,658249855041504;0;0;100;10;0;
17,227;0;256;0;2,658249855041504;0;0;100;10;0;
17,229;0;256;0;2,658249855041504;0;0;100;10;0;
17,232;0;256;0;2,658249855041504;0;0;100;10;0;
17,235;0;256;0;2,658249855041504;0;0;100;10;0;
17,238;0;256;0;2,658249855041504;0;0;100;10;0;
17,241;0;256;0;2,658249855041504;0;0;100;10;0;
17,243;0;256;0;2,658249855041504;0;0;100;10;0;
17,246;0;256;0;2,658249855041504;0;0;100;10;0;
17,248;0;256;0;2,658249855041504;0;0;100;10;0;
17,251;0;256;0;2,658249855041504;0;0;100;10;0;
17,254;0;256;0;2,658249855041504;0;0;100;10;0;
17,257;0;256;0;2,658249855041504;0;0;100;10;0;
17,26;0;256;0;2,658249855041504;0;0;100;10;0;
17,262;0;256;0;2,658249855041504;0;0;100;10;0;
17,265;0;256;0;2,658249855041504;0;0;100;10;0;
17,267;0;256;0;2,658249855041504;0;0;100;10;0;
17,27;0;256;0;2,658249855041504;0;0;100;10;0;
17,272;0;256;0;2,658249855041504;0;0;100;10;0;
17,276;0;256;0;2,658249855041504;0;0;100;10;0;
17,279;0;256;0;2,658249855041504;0;0;100;10;0;
17,282;0;256;0;2,658249855041504;0;0;100;10;0;
17,285;0;256;0;2,658249855041504;0;0;100;10;0;
17,288;0;256;0;2,658249855041504;0;0;100;10;0;
17,291;0;256;0;2,658249855041504;0;0;100;10;0;
17,294;0;256;0;2,658249855041504;0;0;100;10;0;
17,297;0;256;0;2,658249855041504;0;0;100;10;0;
17,299;0;256;0;2,658249855041504;0;0;100;10;0;
17,302;0;256;0;2,658249855041504;0;0;100;10;0;
17,304;0;256;0;2,658249855041504;0;0;100;10;0;
17,307;0;256;0;2,658249855041504;0;0;100;10;0;
17,31;0;256;0;2,658249855041504;0;0;100;10;0;
17,313;0;256;0;2,658249855041504;0;0;100;10;0;
17,315;0;256;0;2,658249855041504;0;0;100;10;0;
17,318;0;256;0;2,658249855041504;0;0;100;10;0;
17,32;0;256;0;2,658249855041504;0;0;100;10;0;
17,323;0;256;0;2,658249855041504;0;0;100;10;0;
17,326;0;256;0;2,658249855041504;0;0;100;10;0;
17,328;0;256;0;2,658249855041504;0;0;100;10;0;
17,331;0;256;0;2,658249855041504;0;0;100;10;0;
17,334;0;256;0;2,658249855041504;0;0;100;10;0;
17,337;0;256;0;2,658249855041504;0;0;100;10;0;
17,34;0;256;0;2,658249855041504;0;0;100;10;0;
17,343;0;256;0;2,658249855041504;0;0;100;10;0;
17,346;0;256;0;2,658249855041504;0;0;100;10;0;
17,348;0;256;0;2,658249855041504;0;0;100;10;0;
17,351;0;256;0;2,658249855041504;0;0;100;10;0;
17,353;0;256;0;2,658249855041504;0;0;100;10;0;
17,356;0;256;0;2,658249855041504;0;0;100;10;0;
17,36;0;256;0;2,658249855041504;0;0;100;10;0;
17,363;0;256;0;2,658249855041504;0;0;100;10;0;
17,365;0;256;0;2,658249855041504;0;0;100;10;0;
17,368;0;256;0;2,658249855041504;0;0;100;10;0;
17,37;0;256;0;2,658249855041504;0;0;100;10;0;
17,373;0;256;0;2,658249855041504;0;0;100;10;0;
17,376;0;256;0;2,658249855041504;0;0;100;10;0;
17,378;0;256;0;2,658249855041504;0;0;100;10;0;
17,382;0;256;0;2,658249855041504;0;0;100;10;0;
17,385;0;256;0;2,658249855041504;0;0;100;10;0;
17,388;0;256;0;2,658249855041504;0;0;100;10;0;
17,391;0;256;0;2,658249855041504;0;0;100;10;0;
17,394;0;256;0;2,658249855041504;0;0;100;10;0;
17,397;0;256;0;2,658249855041504;0;0;100;10;0;
17,399;0;256;0;2,658249855041504;0;0;100;10;0;
17,402;0;256;0;2,658249855041504;0;0;100;10;0;
17,405;0;256;0;2,658249855041504;0;0;100;10;0;
17,408;0;256;0;2,658249855041504;0;0;100;10;0;
17,411;0;256;0;2,658249855041504;0;0;100;10;0;
17,413;0;256;0;2,658249855041504;0;0;100;10;0;
17,416;0;256;0;2,658249855041504;0;0;100;10;0;
17,418;0;256;0;2,658249855041504;0;0;100;10;0;
17,421;0;256;0;2,658249855041504;0;0;100;10;0;
17,424;0;256;0;2,658249855041504;0;0;100;10;0;
17,427;0;256;0;2,658249855041504;0;0;100;10;0;
17,429;0;256;0;2,658249855041504;0;0;100;10;0;
17,432;0;256;0;2,658249855041504;0;0;100;10;0;
17,435;0;256;0;2,658249855041504;0;0;100;10;0;
17,437;0;256;0;2,658249855041504;0;0;100;10;0;
17,44;0;256;0;2,658249855041504;0;0;100;10;0;
17,443;0;256;0;2,658249855041504;0;0;100;10;0;
17,446;0;256;0;2,658249855041504;0;0;100;10;0;
17,449;0;256;0;2,658249855041504;0;0;100;10;0;
17,451;0;256;0;2,658249855041504;0;0;100;10;0;
17,454;0;256;0;2,658249855041504;0;0;100;10;0;
17,457;0;256;0;2,658249855041504;0;0;100;10;0;
17,46;0;256;0;2,658249855041504;0;0;100;10;0;
17,463;0;256;0;2,658249855041504;0;0;100;10;0;
17,465;0;256;0;2,658249855041504;0;0;100;10;0;
17,468;0;256;0;2,658249855041504;0;0;100;10;0;
17,471;0;256;0;2,658249855041504;0;0;100;10;0;
17,473;0;256;0;2,658249855041504;0;0;100;10;0;
17,476;0;256;0;2,658249855041504;0;0;100;10;0;
17,479;0;256;0;2,658249855041504;0;0;100;10;0;
17,482;0;256;0;2,658249855041504;0;0;100;10;0;
17,486;0;256;0;2,658249855041504;0;0;100;10;0;
17,489;0;256;0;2,658249855041504;0;0;100;10;0;
17,492;0;256;0;2,658249855041504;0;0;100;10;0;
17,495;0;256;0;2,658249855041504;0;0;100;10;0;
17,498;0;256;0;2,658249855041504;0;0;100;10;0;
17,501;0;256;0;2,658249855041504;0;0;100;10;0;
17,503;0;256;0;2,658249855041504;0;0;100;10;0;
17,506;0;256;0;2,658249855041504;0;0;100;10;0;
17,509;0;256;0;2,658249855041504;0;0;100;10;0;
17,512;0;256;0;2,658249855041504;0;0;100;10;0;
17,515;0;256;0;2,658249855041504;0;0;100;10;0;
17,517;0;256;0;2,658249855041504;0;0;100;10;0;
17,52;0;256;0;2,658249855041504;0;0;100;10;0;
17,522;0;256;0;2,658249855041504;0;0;100;10;0;
17,525;0;256;0;2,658249855041504;0;0;100;10;0;
17,528;0;256;0;2,658249855041504;0;0;100;10;0;
17,53;0;256;0;2,658249855041504;0;0;100;10;0;
17,533;0;256;0;2,658249855041504;0;0;100;10;0;
17,536;0;256;0;2,658249855041504;0;0;100;10;0;
17,539;0;256;0;2,658249855041504;0;0;100;10;0;
17,542;0;256;0;2,658249855041504;0;0;100;10;0;
17,545;0;256;0;2,658249855041504;0;0;100;10;0;
17,548;0;256;0;2,658249855041504;0;0;100;10;0;
17,551;0;256;0;2,658249855041504;0;0;100;10;0;
17,554;0;256;0;2,658249855041504;0;0;100;10;0;
17,557;0;256;0;2,658249855041504;0;0;100;10;0;
17,561;0;256;0;2,658249855041504;0;0;100;10;0;
17,564;0;256;0;2,658249855041504;0;0;100;10;0;
17,566;0;256;0;2,658249855041504;0;0;100;10;0;
17,569;0;256;0;2,658249855041504;0;0;100;10;0;
17,572;0;256;0;2,658249855041504;0;0;100;10;0;
17,575;0;256;0;2,658249855041504;0;0;100;10;0;
17,577;0;256;0;2,658249855041504;0;0;100;10;0;
17,58;0;256;0;2,658249855041504;0;0;100;10;0;
17,583;0;256;0;2,658249855041504;0;0;100;10;0;
17,586;0;256;0;2,658249855041504;0;0;100;10;0;
17,59;0;256;0;2,658249855041504;0;0;100;10;0;
17,593;0;256;0;2,658249855041504;0;0;100;10;0;
17,596;0;256;0;2,658249855041504;0;0;100;10;0;
17,598;0;256;0;2,658249855041504;0;0;100;10;0;
17,601;0;256;0;2,658249855041504;0;0;100;10;0;
17,603;0;256;0;2,658249855041504;0;0;100;10;0;
17,606;0;256;0;2,658249855041504;0;0;100;10;0;
17,609;0;256;0;2,658249855041504;0;0;100;10;0;
17,612;0;256;0;2,658249855041504;0;0;100;10;0;
17,615;0;256;0;2,658249855041504;0;0;100;10;0;
17,617;0;256;0;2,658249855041504;0;0;100;10;0;
17,62;0;256;0;2,658249855041504;0;0;100;10;0;
17,622;0;256;0;2,658249855041504;0;0;100;10;0;
17,625;0;256;0;2,658249855041504;0;0;100;10;0;
17,628;0;256;0;2,658249855041504;0;0;100;10;0;
17,63;0;256;0;2,658249855041504;0;0;100;10;0;
17,633;0;256;0;2,658249855041504;0;0;100;10;0;
17,636;0;256;0;2,658249855041504;0;0;100;10;0;
17,639;0;256;0;2,658249855041504;0;0;100;10;0;
17,642;0;256;0;2,658249855041504;0;0;100;10;0;
17,645;0;256;0;2,658249855041504;0;0;100;10;0;
17,648;0;256;0;2,658249855041504;0;0;100;10;0;
17,65;0;256;0;2,658249855041504;0;0;100;10;0;
17,653;0;256;0;2,658249855041504;0;0;100;10;0;
17,655;0;256;0;2,658249855041504;0;0;100;10;0;
17,658;0;256;0;2,658249855041504;0;0;100;10;0;
17,662;0;256;0;2,658249855041504;0;0;100;10;0;
17,664;0;256;0;2,658249855041504;0;0;100;10;0;
17,667;0;256;0;2,658249855041504;0;0;100;10;0;
17,669;0;256;0;2,658249855041504;0;0;100;10;0;
17,672;0;256;0;2,658249855041504;0;0;100;10;0;
17,675;0;256;0;2,658249855041504;0;0;100;10;0;
17,677;0;256;0;2,658249855041504;0;0;100;10;0;
17,68;0;256;0;2,658249855041504;0;0;100;10;0;
17,683;0;256;0;2,658249855041504;0;0;100;10;0;
17,686;0;256;0;2,658249855041504;0;0;100;10;0;
17,689;0;256;0;2,658249855041504;0;0;100;10;0;
17,692;0;256;0;2,658249855041504;0;0;100;10;0;
17,695;0;256;0;2,658249855041504;0;0;100;10;0;
17,698;0;256;0;2,658249855041504;0;0;100;10;0;
17,7;0;256;0;2,658249855041504;0;0;100;10;0;
17,703;0;256;0;2,658249855041504;0;0;100;10;0;
17,706;0;256;0;2,658249855041504;0;0;100;10;0;
17,709;0;256;0;2,658249855041504;0;0;100;10;0;
17,712;0;256;0;2,658249855041504;0;0;100;10;0;
17,714;0;256;0;2,658249855041504;0;0;100;10;0;
17,717;0;256;0;2,658249855041504;0;0;100;10;0;
17,719;0;256;0;2,658249855041504;0;0;100;10;0;
17,722;0;256;0;2,658249855041504;0;0;100;10;0;
17,725;0;256;0;2,658249855041504;0;0;100;10;0;
17,727;0;256;0;2,658249855041504;0;0;100;10;0;
17,73;0;256;0;2,658249855041504;0;0;100;10;0;
17,732;0;256;0;2,658249855041504;0;0;100;10;0;
17,735;0;256;0;2,658249855041504;0;0;100;10;0;
17,738;0;256;0;2,658249855041504;0;0;100;10;0;
17,741;0;256;0;2,658249855041504;0;0;100;10;0;
17,744;0;256;0;2,658249855041504;0;0;100;10;0;
17,747;0;256;0;2,658249855041504;0;0;100;10;0;
17,749;0;256;0;2,658249855041504;0;0;100;10;0;
17,752;0;256;0;2,658249855041504;0;0;100;10;0;
17,754;0;256;0;2,658249855041504;0;0;100;10;0;
17,757;0;256;0;2,658249855041504;0;0;100;10;0;
17,761;0;256;0;2,658249855041504;0;0;100;10;0;
17,763;0;256;0;2,658249855041504;0;0;100;10;0;
17,766;0;256;0;2,658249855041504;0;0;100;10;0;
17,768;0;256;0;2,658249855041504;0;0;100;10;0;
17,771;0;256;0;2,658249855041504;0;0;100;10;0;
17,773;0;256;0;2,658249855041504;0;0;100;10;0;
17,777;0;256;0;2,658249855041504;0;0;100;10;0;
17,78;0;256;0;2,658249855041504;0;0;100;10;0;
17,782;0;256;0;2,658249855041504;0;0;100;10;0;
17,785;0;256;0;2,658249855041504;0;0;100;10;0;
17,788;0;256;0;2,658249855041504;0;0;100;10;0;
17,792;0;256;0;2,658249855041504;0;0;100;10;0;
17,795;0;256;0;2,658249855041504;0;0;100;10;0;
17,797;0;256;0;2,658249855041504;0;0;100;10;0;
17,8;0;256;0;2,658249855041504;0;0;100;10;0;
17,803;0;256;0;2,658249855041504;0;0;100;10;0;
17,805;0;256;0;2,658249855041504;0;0;100;10;0;
17,808;0;256;0;2,658249855041504;0;0;100;10;0;
17,811;0;256;0;2,658249855041504;0;0;100;10;0;
17,814;0;256;0;2,658249855041504;0;0;100;10;0;
17,816;0;256;0;2,658249855041504;0;0;100;10;0;
17,819;0;256;0;2,658249855041504;0;0;100;10;0;
17,821;0;256;0;2,658249855041504;0;0;100;10;0;
17,824;0;256;0;2,658249855041504;0;0;100;10;0;
17,827;0;256;0;2,658249855041504;0;0;100;10;0;
17,829;0;256;0;2,658249855041504;0;0;100;10;0;
17,832;0;256;0;2,658249855041504;0;0;100;10;0;
17,835;0;256;0;2,658249855041504;0;0;100;10;0;
17,838;0;256;0;2,658249855041504;0;0;100;10;0;
17,84;0;256;0;2,658249855041504;0;0;100;10;0;
17,844;0;256;0;2,658249855041504;0;0;100;10;0;
17,846;0;256;0;2,658249855041504;0;0;100;10;0;
17,849;0;256;0;2,658249855041504;0;0;100;10;0;
17,851;0;256;0;2,658249855041504;0;0;100;10;0;
17,854;0;256;0;2,658249855041504;0;0;100;10;0;
17,856;0;256;0;2,658249855041504;0;0;100;10;0;
17,859;0;256;0;2,658249855041504;0;0;100;10;0;
17,863;0;256;0;2,658249855041504;0;0;100;10;0;
17,865;0;256;0;2,658249855041504;0;0;100;10;0;
17,868;0;256;0;2,658249855041504;0;0;100;10;0;
17,87;0;256;0;2,658249855041504;0;0;100;10;0;
17,873;0;256;0;2,658249855041504;0;0;100;10;0;
17,876;0;256;0;2,658249855041504;0;0;100;10;0;
17,879;0;256;0;2,658249855041504;0;0;100;10;0;
17,881;0;256;0;2,658249855041504;0;0;100;10;0;
17,884;0;256;0;2,658249855041504;0;0;100;10;0;
17,888;0;256;0;2,658249855041504;0;0;100;10;0;
17,891;0;256;0;2,658249855041504;0;0;100;10;0;
17,894;0;256;0;2,658249855041504;0;0;100;10;0;
17,897;0;256;0;2,658249855041504;0;0;100;10;0;
17,899;0;256;0;2,658249855041504;0;0;100;10;0;
17,902;0;256;0;2,658249855041504;0;0;100;10;0;
17,904;0;256;0;2,658249855041504;0;0;100;10;0;
17,907;0;256;0;2,658249855041504;0;0;100;10;0;
17,91;0;256;0;2,658249855041504;0;0;100;10;0;
17,913;0;256;0;2,658249855041504;0;0;100;10;0;
17,915;0;256;0;2,658249855041504;0;0;100;10;0;
17,918;0;256;0;2,658249855041504;0;0;100;10;0;
17,92;0;256;0;2,658249855041504;0;0;100;10;0;
17,923;0;256;0;2,658249855041504;0;0;100;10;0;
17,926;0;256;0;2,658249855041504;0;0;100;10;0;
17,928;0;256;0;2,658249855041504;0;0;100;10;0;
17,931;0;256;0;2,658249855041504;0;0;100;10;0;
17,933;0;256;0;2,658249855041504;0;0;100;10;0;
17,936;0;256;0;2,658249855041504;0;0;100;10;0;
17,938;0;256;0;2,658249855041504;0;0;100;10;0;
17,942;0;256;0;2,658249855041504;0;0;100;10;0;
17,945;0;256;0;2,658249855041504;0;0;100;10;0;
17,947;0;256;0;2,658249855041504;0;0;100;10;0;
17,95;0;256;0;2,658249855041504;0;0;100;10;0;
17,952;0;256;0;2,658249855041504;0;0;100;10;0;
17,955;0;256;0;2,658249855041504;0;0;100;10;0;
17,958;0;256;0;2,658249855041504;0;0;100;10;0;
17,961;0;256;0;2,658249855041504;0;0;100;10;0;
17,964;0;256;0;2,658249855041504;0;0;100;10;0;
17,966;0;256;0;2,658249855041504;0;0;100;10;0;
17,969;0;256;0;2,658249855041504;0;0;100;10;0;
17,972;0;256;0;2,658249855041504;0;0;100;10;0;
17,975;0;256;0;2,658249855041504;0;0;100;10;0;
17,977;0;256;0;2,658249855041504;0;0;100;10;0;
17,98;0;256;0;2,658249855041504;0;0;100;10;0;
17,982;0;256;0;2,658249855041504;0;0;100;10;0;
17,985;0;256;0;2,658249855041504;0;0;100;10;0;
17,989;0;256;0;2,658249855041504;0;0;100;10;0;
17,992;0;256;0;2,658249855041504;0;0;100;10;0;
17,995;0;256;0;2,658249855041504;0;0;100;10;0;
17,998;0;256;0;2,658249855041504;0;0;100;10;0;
18;0;256;0;2,658249855041504;0;0;100;10;0;
18,003;0;256;0;2,658249855041504;0;0;100;10;0;
18,006;0;256;0;2,658249855041504;0;0;100;10;0;
18,009;0;256;0;2,658249855041504;0;0;100;10;0;
18,012;0;256;0;2,658249855041504;0;0;100;10;0;
18,014;0;256;0;2,658249855041504;0;0;100;10;0;
18,017;0;256;0;2,658249855041504;0;0;100;10;0;
18,02;0;256;0;2,658249855041504;0;0;100;10;0;
18,022;0;256;0;2,658249855041504;0;0;100;10;0;
18,025;0;256;0;2,658249855041504;0;0;100;10;0;
18,028;0;256;0;2,658249855041504;0;0;100;10;0;
18,031;0;256;0;2,658249855041504;0;0;100;10;0;
18,033;0;256;0;2,658249855041504;0;0;100;10;0;
18,036;0;256;0;2,658249855041504;0;0;100;10;0;
18,039;0;256;0;2,658249855041504;0;0;100;10;0;
18,042;0;256;0;2,658249855041504;0;0;100;10;0;
18,045;0;256;0;2,658249855041504;0;0;100;10;0;
18,048;0;256;0;2,658249855041504;0;0;100;10;0;
18,05;0;256;0;2,658249855041504;0;0;100;10;0;
18,053;0;256;0;2,658249855041504;0;0;100;10;0;
18,055;0;256;0;2,658249855041504;0;0;100;10;0;
18,059;0;256;0;2,658249855041504;0;0;100;10;0;
18,061;0;256;0;2,658249855041504;0;0;100;10;0;
18,065;0;256;0;2,658249855041504;0;0;100;10;0;
18,068;0;256;0;2,658249855041504;0;0;100;10;0;
18,07;0;256;0;2,658249855041504;0;0;100;10;0;
18,073;0;256;0;2,658249855041504;0;0;100;10;0;
18,077;0;256;0;2,658249855041504;0;0;100;10;0;
18,08;0;256;0;2,658249855041504;0;0;100;10;0;
18,083;0;256;0;2,658249855041504;0;0;100;10;0;
18,085;0;256;0;2,658249855041504;0;0;100;10;0;
18,088;0;256;0;2,658249855041504;0;0;100;10;0;
18,092;0;256;0;2,658249855041504;0;0;100;10;0;
18,095;0;256;0;2,658249855041504;0;0;100;10;0;
18,098;0;256;0;2,658249855041504;0;0;100;10;0;
18,101;0;256;0;2,658249855041504;0;0;100;10;0;
18,103;0;256;0;2,658249855041504;0;0;100;10;0;
18,106;0;256;0;2,658249855041504;0;0;100;10;0;
18,109;0;256;0;2,658249855041504;0;0;100;10;0;
18,112;0;256;0;2,658249855041504;0;0;100;10;0;
18,114;0;256;0;2,658249855041504;0;0;100;10;0;
18,117;0;256;0;2,658249855041504;0;0;100;10;0;
18,119;0;256;0;2,658249855041504;0;0;100;10;0;
18,122;0;256;0;2,658249855041504;0;0;100;10;0;
18,125;0;256;0;2,658249855041504;0;0;100;10;0;
18,128;0;256;0;2,658249855041504;0;0;100;10;0;
18,13;0;256;0;2,658249855041504;0;0;100;10;0;
18,133;0;256;0;2,658249855041504;0;0;100;10;0;
18,135;0;256;0;2,658249855041504;0;0;100;10;0;
18,138;0;256;0;2,658249855041504;0;0;100;10;0;
18,142;0;256;0;2,658249855041504;0;0;100;10;0;
18,145;0;256;0;2,658249855041504;0;0;100;10;0;
18,148;0;256;0;2,658249855041504;0;0;100;10;0;
18,151;0;256;0;2,658249855041504;0;0;100;10;0;
18,154;0;256;0;2,658249855041504;0;0;100;10;0;
18,156;0;256;0;2,658249855041504;0;0;100;10;0;
18,16;0;256;0;2,658249855041504;0;0;100;10;0;
18,162;0;256;0;2,658249855041504;0;0;100;10;0;
18,165;0;256;0;2,658249855041504;0;0;100;10;0;
18,167;0;256;0;2,658249855041504;0;0;100;10;0;
18,17;0;256;0;2,658249855041504;0;0;100;10;0;
18,172;0;256;0;2,658249855041504;0;0;100;10;0;
18,175;0;256;0;2,658249855041504;0;0;100;10;0;
18,178;0;256;0;2,658249855041504;0;0;100;10;0;
18,18;0;256;0;2,658249855041504;0;0;100;10;0;
18,183;0;256;0;2,658249855041504;0;0;100;10;0;
18,185;0;256;0;2,658249855041504;0;0;100;10;0;
18,188;0;256;0;2,658249855041504;0;0;100;10;0;
18,192;0;256;0;2,658249855041504;0;0;100;10;0;
18,195;0;256;0;2,658249855041504;0;0;100;10;0;
18,198;0;256;0;2,658249855041504;0;0;100;10;0;
18,201;0;256;0;2,658249855041504;0;0;100;10;0;
18,204;0;256;0;2,658249855041504;0;0;100;10;0;
18,207;0;256;0;2,658249855041504;0;0;100;10;0;
18,211;0;256;0;2,658249855041504;0;0;100;10;0;
18,213;0;256;0;2,658249855041504;0;0;100;10;0;
18,216;0;256;0;2,658249855041504;0;0;100;10;0;
18,219;0;256;0;2,658249855041504;0;0;100;10;0;
18,222;0;256;0;2,658249855041504;0;0;100;10;0;
18,226;0;256;0;2,658249855041504;0;0;100;10;0;
18,228;0;256;0;2,658249855041504;0;0;100;10;0;
18,231;0;256;0;2,658249855041504;0;0;100;10;0;
18,233;0;256;0;2,658249855041504;0;0;100;10;0;
18,236;0;256;0;2,658249855041504;0;0;100;10;0;
18,239;0;256;0;2,658249855041504;0;0;100;10;0;
18,242;0;256;0;2,658249855041504;0;0;100;10;0;
18,245;0;256;0;2,658249855041504;0;0;100;10;0;
18,247;0;256;0;2,658249855041504;0;0;100;10;0;
18,25;0;256;0;2,658249855041504;0;0;100;10;0;
18,252;0;256;0;2,658249855041504;0;0;100;10;0;
18,255;0;256;0;2,658249855041504;0;0;100;10;0;
18,257;0;256;0;2,658249855041504;0;0;100;10;0;
18,26;0;256;0;2,658249855041504;0;0;100;10;0;
18,263;0;256;0;2,658249855041504;0;0;100;10;0;
18,265;0;256;0;2,658249855041504;0;0;100;10;0;
18,268;0;256;0;2,658249855041504;0;0;100;10;0;
18,27;0;256;0;2,658249855041504;0;0;100;10;0;
18,273;0;256;0;2,658249855041504;0;0;100;10;0;
18,276;0;256;0;2,658249855041504;0;0;100;10;0;
18,279;0;256;0;2,658249855041504;0;0;100;10;0;
18,281;0;256;0;2,658249855041504;0;0;100;10;0;
18,284;0;256;0;2,658249855041504;0;0;100;10;0;
18,287;0;256;0;2,658249855041504;0;0;100;10;0;
18,29;0;256;0;2,658249855041504;0;0;100;10;0;
18,293;0;256;0;2,658249855041504;0;0;100;10;0;
18,296;0;256;0;2,658249855041504;0;0;100;10;0;
18,299;0;256;0;2,658249855041504;0;0;100;10;0;
18,302;0;256;0;2,658249855041504;0;0;100;10;0;
18,305;0;256;0;2,658249855041504;0;0;100;10;0;
18,308;0;256;0;2,658249855041504;0;0;100;10;0;
18,311;0;256;0;2,658249855041504;0;0;100;10;0;
18,313;0;256;0;2,658249855041504;0;0;100;10;0;
18,316;0;256;0;2,658249855041504;0;0;100;10;0;
18,318;0;256;0;2,658249855041504;0;0;100;10;0;
18,321;0;256;0;2,658249855041504;0;0;100;10;0;
18,323;0;256;0;2,658249855041504;0;0;100;10;0;
18,326;0;256;0;2,658249855041504;0;0;100;10;0;
18,329;0;256;0;2,658249855041504;0;0;100;10;0;
18,331;0;256;0;2,658249855041504;0;0;100;10;0;
18,334;0;256;0;2,658249855041504;0;0;100;10;0;
18,336;0;256;0;2,658249855041504;0;0;100;10;0;
18,339;0;256;0;2,658249855041504;0;0;100;10;0;
18,343;0;256;0;2,658249855041504;0;0;100;10;0;
18,345;0;256;0;2,658249855041504;0;0;100;10;0;
18,348;0;256;0;2,658249855041504;0;0;100;10;0;
18,351;0;256;0;2,658249855041504;0;0;100;10;0;
18,353;0;256;0;2,658249855041504;0;0;100;10;0;
18,356;0;256;0;2,658249855041504;0;0;100;10;0;
18,359;0;256;0;2,658249855041504;0;0;100;10;0;
18,361;0;256;0;2,658249855041504;0;0;100;10;0;
18,364;0;256;0;2,658249855041504;0;0;100;10;0;
18,367;0;256;0;2,658249855041504;0;0;100;10;0;
18,369;0;256;0;2,658249855041504;0;0;100;10;0;
18,372;0;256;0;2,658249855041504;0;0;100;10;0;
18,376;0;256;0;2,658249855041504;0;0;100;10;0;
18,379;0;256;0;2,658249855041504;0;0;100;10;0;
18,381;0;256;0;2,658249855041504;0;0;100;10;0;
18,384;0;256;0;2,658249855041504;0;0;100;10;0;
18,386;0;256;0;2,658249855041504;0;0;100;10;0;
18,389;0;256;0;2,658249855041504;0;0;100;10;0;
18,392;0;256;0;2,658249855041504;0;0;100;10;0;
18,396;0;256;0;2,658249855041504;0;0;100;10;0;
18,399;0;256;0;2,658249855041504;0;0;100;10;0;
18,402;0;256;0;2,658249855041504;0;0;100;10;0;
18,405;0;256;0;2,658249855041504;0;0;100;10;0;
18,408;0;256;0;2,658249855041504;0;0;100;10;0;
18,411;0;256;0;2,658249855041504;0;0;100;10;0;
18,414;0;256;0;2,658249855041504;0;0;100;10;0;
18,416;0;256;0;2,658249855041504;0;0;100;10;0;
18,419;0;256;0;2,658249855041504;0;0;100;10;0;
18,421;0;256;0;2,658249855041504;0;0;100;10;0;
18,424;0;256;0;2,658249855041504;0;0;100;10;0;
18,427;0;256;0;2,658249855041504;0;0;100;10;0;
18,429;0;256;0;2,658249855041504;0;0;100;10;0;
18,432;0;256;0;2,658249855041504;0;0;100;10;0;
18,434;0;256;0;2,658249855041504;0;0;100;10;0;
18,437;0;256;0;2,658249855041504;0;0;100;10;0;
18,44;0;256;0;2,658249855041504;0;0;100;10;0;
18,443;0;256;0;2,658249855041504;0;0;100;10;0;
18,446;0;256;0;2,658249855041504;0;0;100;10;0;
18,448;0;256;0;2,658249855041504;0;0;100;10;0;
18,451;0;256;0;2,658249855041504;0;0;100;10;0;
18,453;0;256;0;2,658249855041504;0;0;100;10;0;
18,456;0;256;0;2,658249855041504;0;0;100;10;0;
18,459;0;256;0;2,658249855041504;0;0;100;10;0;
18,461;0;256;0;2,658249855041504;0;0;100;10;0;
18,464;0;256;0;2,658249855041504;0;0;100;10;0;
18,467;0;256;0;2,658249855041504;0;0;100;10;0;
18,47;0;256;0;2,658249855041504;0;0;100;10;0;
18,472;0;256;0;2,658249855041504;0;0;100;10;0;
18,475;0;256;0;2,658249855041504;0;0;100;10;0;
18,478;0;256;0;2,658249855041504;0;0;100;10;0;
18,481;0;256;0;2,658249855041504;0;0;100;10;0;
18,483;0;256;0;2,658249855041504;0;0;100;10;0;
18,486;0;256;0;2,658249855041504;0;0;100;10;0;
18,488;0;256;0;2,658249855041504;0;0;100;10;0;
18,492;0;256;0;2,658249855041504;0;0;100;10;0;
18,495;0;256;0;2,658249855041504;0;0;100;10;0;
18,498;0;256;0;2,658249855041504;0;0;100;10;0;
18,501;0;256;0;2,658249855041504;0;0;100;10;0;
18,503;0;256;0;2,658249855041504;0;0;100;10;0;
18,506;0;256;0;2,658249855041504;0;0;100;10;0;
18,51;0;256;0;2,658249855041504;0;0;100;10;0;
18,513;0;256;0;2,658249855041504;0;0;100;10;0;
18,515;0;256;0;2,658249855041504;0;0;100;10;0;
18,518;0;256;0;2,658249855041504;0;0;100;10;0;
18,52;0;256;0;2,658249855041504;0;0;100;10;0;
18,523;0;256;0;2,658249855041504;0;0;100;10;0;
18,526;0;256;0;2,658249855041504;0;0;100;10;0;
18,528;0;256;0;2,658249855041504;0;0;100;10;0;
18,531;0;256;0;2,658249855041504;0;0;100;10;0;
18,533;0;256;0;2,658249855041504;0;0;100;10;0;
18,536;0;256;0;2,658249855041504;0;0;100;10;0;
18,538;0;256;0;2,658249855041504;0;0;100;10;0;
18,541;0;256;0;2,658249855041504;0;0;100;10;0;
18,545;0;256;0;2,658249855041504;0;0;100;10;0;
18,547;0;256;0;2,658249855041504;0;0;100;10;0;
18,55;0;256;0;2,658249855041504;0;0;100;10;0;
18,552;0;256;0;2,658249855041504;0;0;100;10;0;
18,555;0;256;0;2,658249855041504;0;0;100;10;0;
18,557;0;256;0;2,658249855041504;0;0;100;10;0;
18,561;0;256;0;2,658249855041504;0;0;100;10;0;
18,564;0;256;0;2,658249855041504;0;0;100;10;0;
18,567;0;256;0;2,658249855041504;0;0;100;10;0;
18,57;0;256;0;2,658249855041504;0;0;100;10;0;
18,572;0;256;0;2,658249855041504;0;0;100;10;0;
18,575;0;256;0;2,658249855041504;0;0;100;10;0;
18,578;0;256;0;2,658249855041504;0;0;100;10;0;
18,581;0;256;0;2,658249855041504;0;0;100;10;0;
18,583;0;256;0;2,658249855041504;0;0;100;10;0;
18,586;0;256;0;2,658249855041504;0;0;100;10;0;
18,589;0;256;0;2,658249855041504;0;0;100;10;0;
18,592;0;256;0;2,658249855041504;0;0;100;10;0;
18,595;0;256;0;2,658249855041504;0;0;100;10;0;
18,598;0;256;0;2,658249855041504;0;0;100;10;0;
18,601;0;256;0;2,658249855041504;0;0;100;10;0;
18,603;0;256;0;2,658249855041504;0;0;100;10;0;
18,606;0;256;0;2,658249855041504;0;0;100;10;0;
18,609;0;256;0;2,658249855041504;0;0;100;10;0;
18,611;0;256;0;2,658249855041504;0;0;100;10;0;
18,614;0;256;0;2,658249855041504;0;0;100;10;0;
18,616;0;256;0;2,658249855041504;0;0;100;10;0;
18,619;0;256;0;2,658249855041504;0;0;100;10;0;
18,621;0;256;0;2,658249855041504;0;0;100;10;0;
18,624;0;256;0;2,658249855041504;0;0;100;10;0;
18,627;0;256;0;2,658249855041504;0;0;100;10;0;
18,629;0;256;0;2,658249855041504;0;0;100;10;0;
18,632;0;256;0;2,658249855041504;0;0;100;10;0;
18,634;0;256;0;2,658249855041504;0;0;100;10;0;
18,637;0;256;0;2,658249855041504;0;0;100;10;0;
18,639;0;256;0;2,658249855041504;0;0;100;10;0;
18,642;0;256;0;2,658249855041504;0;0;100;10;0;
18,646;0;256;0;2,658249855041504;0;0;100;10;0;
18,648;0;256;0;2,658249855041504;0;0;100;10;0;
18,651;0;256;0;2,658249855041504;0;0;100;10;0;
18,653;0;256;0;2,658249855041504;0;0;100;10;0;
18,656;0;256;0;2,658249855041504;0;0;100;10;0;
18,659;0;256;0;2,658249855041504;0;0;100;10;0;
18,662;0;256;0;2,658249855041504;0;0;100;10;0;
18,665;0;256;0;2,658249855041504;0;0;100;10;0;
18,668;0;256;0;2,658249855041504;0;0;100;10;0;
18,671;0;256;0;2,658249855041504;0;0;100;10;0;
18,673;0;256;0;2,658249855041504;0;0;100;10;0;
18,676;0;256;0;2,658249855041504;0;0;100;10;0;
18,679;0;256;0;2,658249855041504;0;0;100;10;0;
18,682;0;256;0;2,658249855041504;0;0;100;10;0;
18,684;0;256;0;2,658249855041504;0;0;100;10;0;
18,687;0;256;0;2,658249855041504;0;0;100;10;0;
18,69;0;256;0;2,658249855041504;0;0;100;10;0;
18,693;0;256;0;2,658249855041504;0;0;100;10;0;
18,696;0;256;0;2,658249855041504;0;0;100;10;0;
18,699;0;256;0;2,658249855041504;0;0;100;10;0;
18,702;0;256;0;2,658249855041504;0;0;100;10;0;
18,704;0;256;0;2,658249855041504;0;0;100;10;0;
18,707;0;256;0;2,658249855041504;0;0;100;10;0;
18,71;0;256;0;0,08574999868869781;0;0;100;10;0;
18,713;0;256;0;0,08574999868869781;0;0;100;10;0;
18,715;0;256;0;0,08574999868869781;0;0;100;10;0;
18,718;0;256;0;0,08574999868869781;0;0;100;10;0;
18,72;0;256;0;0,08574999868869781;0;0;100;10;0;
18,723;0;256;0;0,08574999868869781;0;0;100;10;0;
18,725;0;256;0;0,08574999868869781;0;0;100;10;0;
18,728;0;256;0;0,08574999868869781;0;0;100;10;0;
18,731;0;256;0;0,08574999868869781;0;0;100;10;0;
18,733;0;256;0;0,08574999868869781;0;0;100;10;0;
18,736;0;256;0;0,08574999868869781;0;0;100;10;0;
18,738;0;256;0;0,08574999868869781;0;0;100;10;0;
18,741;0;256;0;0,08574999868869781;0;0;100;10;0;
18,744;0;256;0;0,08574999868869781;0;0;100;10;0;
18,747;0;256;0;0,08574999868869781;0;0;100;10;0;
18,75;0;256;0;0,08574999868869781;0;0;100;10;0;
18,752;0;256;0;0,08574999868869781;0;0;100;10;0;
18,755;0;256;0;0,08574999868869781;0;0;100;10;0;
18,757;0;256;0;0,08574999868869781;0;0;100;10;0;
18,76;0;256;0;0,08574999868869781;0;0;100;10;0;
18,763;0;256;0;0,08574999868869781;0;0;100;10;0;
18,766;0;256;0;0,08574999868869781;0;0;100;10;0;
18,769;0;256;0;0,08574999868869781;0;0;100;10;0;
18,772;0;256;0;0,08574999868869781;0;0;100;10;0;
18,774;0;256;0;0,08574999868869781;0;0;100;10;0;
18,777;0;256;0;0,08574999868869781;0;0;100;10;0;
18,78;0;256;0;0,08574999868869781;0;0;100;10;0;
18,782;0;256;0;0,08574999868869781;0;0;100;10;0;
18,785;0;256;0;0,08574999868869781;0;0;100;10;0;
18,788;0;256;0;0,08574999868869781;0;0;100;10;0;
18,791;0;256;0;0,08574999868869781;0;0;100;10;0;
18,794;0;256;0;0,08574999868869781;0;0;100;10;0;
18,797;0;256;0;0,08574999868869781;0;0;100;10;0;
18,8;0;256;0;0,08574999868869781;0;0;100;10;0;
18,802;0;256;0;0,08574999868869781;0;0;100;10;0;
18,805;0;256;0;0,08574999868869781;0;0;100;10;0;
18,808;0;256;0;0,08574999868869781;0;0;100;10;0;
18,811;0;256;0;0,08574999868869781;0;0;100;10;0;
18,813;0;256;0;0,08574999868869781;0;0;100;10;0;
18,816;0;256;0;0,08574999868869781;0;0;100;10;0;
18,819;0;256;0;0,08574999868869781;0;0;100;10;0;
18,821;0;256;0;0,08574999868869781;0;0;100;10;0;
18,824;0;256;0;0,08574999868869781;0;0;100;10;0;
18,827;0;256;0;0,08574999868869781;0;0;100;10;0;
18,829;0;256;0;0,08574999868869781;0;0;100;10;0;
18,832;0;256;0;0,08574999868869781;0;0;100;10;0;
18,834;0;256;0;0,08574999868869781;0;0;100;10;0;
18,837;0;256;0;0,08574999868869781;0;0;100;10;0;
18,839;0;256;0;0,08574999868869781;0;0;100;10;0;
18,842;0;256;0;0,08574999868869781;0;0;100;10;0;
18,845;0;256;0;0,08574999868869781;0;0;100;10;0;
18,848;0;256;0;0,08574999868869781;0;0;100;10;0;
18,851;0;256;0;0,08574999868869781;0;0;100;10;0;
18,855;0;256;0;0,08574999868869781;0;0;100;10;0;
18,857;0;256;0;0,08574999868869781;0;0;100;10;0;
18,86;0;256;0;0,08574999868869781;0;0;100;10;0;
18,863;0;256;0;0,08574999868869781;0;0;100;10;0;
18,865;0;256;0;0,08574999868869781;0;0;100;10;0;
18,868;0;256;0;0,08574999868869781;0;0;100;10;0;
18,871;0;256;0;0,08574999868869781;0;0;100;10;0;
18,873;0;256;0;0,08574999868869781;0;0;100;10;0;
18,877;0;256;0;0,08574999868869781;0;0;100;10;0;
18,88;0;256;0;0,08574999868869781;0;0;100;10;0;
18,882;0;256;0;0,08574999868869781;0;0;100;10;0;
18,885;0;256;0;0,08574999868869781;0;0;100;10;0;
18,888;0;256;0;0,08574999868869781;0;0;100;10;0;
18,89;0;256;0;0,08574999868869781;0;0;100;10;0;
18,894;0;256;0;0,08574999868869781;0;0;100;10;0;
18,897;0;256;0;0,08574999868869781;0;0;100;10;0;
18,9;0;256;0;0,08574999868869781;0;0;100;10;0;
18,903;0;256;0;0,08574999868869781;0;0;100;10;0;
18,906;0;256;0;0,08574999868869781;0;0;100;10;0;
18,908;0;256;0;0,08574999868869781;0;0;100;10;0;
18,911;0;256;0;0,08574999868869781;0;0;100;10;0;
18,914;0;256;0;0,08574999868869781;0;0;100;10;0;
18,916;0;256;0;0,08574999868869781;0;0;100;10;0;
18,919;0;256;0;0,08574999868869781;0;0;100;10;0;
18,921;0;256;0;0,08574999868869781;0;0;100;10;0;
18,924;0;256;0;0,08574999868869781;0;0;100;10;0;
18,927;0;256;0;0,08574999868869781;0;0;100;10;0;
18,93;0;256;0;0,08574999868869781;0;0;100;10;0;
18,932;0;256;0;0,08574999868869781;0;0;100;10;0;
18,935;0;256;0;0,08574999868869781;0;0;100;10;0;
18,937;0;256;0;0,08574999868869781;0;0;100;10;0;
18,94;0;256;0;0,08574999868869781;0;0;100;10;0;
18,943;0;256;0;0,08574999868869781;0;0;100;10;0;
18,946;0;256;0;0,08574999868869781;0;0;100;10;0;
18,949;0;256;0;0,08574999868869781;0;0;100;10;0;
18,952;0;256;0;0,08574999868869781;0;0;100;10;0;
18,954;0;256;0;0,08574999868869781;0;0;100;10;0;
18,957;0;256;0;0,08574999868869781;0;0;100;10;0;
18,96;0;256;0;0,08574999868869781;0;0;100;10;0;
18,963;0;256;0;0,08574999868869781;0;0;100;10;0;
18,965;0;256;0;0,08574999868869781;0;0;100;10;0;
18,968;0;256;0;0,08574999868869781;0;0;100;10;0;
18,972;0;256;0;0,08574999868869781;0;0;100;10;0;
18,974;0;256;0;0,08574999868869781;0;0;100;10;0;
18,977;0;256;0;0,08574999868869781;0;0;100;10;0;
18,98;0;256;0;0,08574999868869781;0;0;100;10;0;
18,983;0;256;0;0,08574999868869781;0;0;100;10;0;
18,985;0;256;0;0,08574999868869781;0;0;100;10;0;
18,988;0;256;0;0,08574999868869781;0;0;100;10;0;
18,99;0;256;0;0,08574999868869781;0;0;100;10;0;
18,994;0;256;0;0,08574999868869781;0;0;100;10;0;
18,996;0;256;0;0,08574999868869781;0;0;100;10;0;
19;0;256;0;0,08574999868869781;0;0;100;10;0;
19,003;0;256;0;0,08574999868869781;0;0;100;10;0;
19,006;0;256;0;0,08574999868869781;0;0;100;10;0;
19,008;0;256;0;0,08574999868869781;0;0;100;10;0;
19,012;0;256;0;0,08574999868869781;0;0;100;10;0;
19,014;0;256;0;0,08574999868869781;0;0;100;10;0;
19,017;0;256;0;0,08574999868869781;0;0;100;10;0;
19,019;0;256;0;0,08574999868869781;0;0;100;10;0;
19,022;0;256;0;0,08574999868869781;0;0;100;10;0;
19,024;0;256;0;0,08574999868869781;0;0;100;10;0;
19,027;0;256;0;0,08574999868869781;0;0;100;10;0;
19,03;0;256;0;0,08574999868869781;0;0;100;10;0;
19,032;0;256;0;0,08574999868869781;0;0;100;10;0;
19,035;0;256;0;0,08574999868869781;0;0;100;10;0;
19,037;0;256;0;0,08574999868869781;0;0;100;10;0;
19,04;0;256;0;0,08574999868869781;0;0;100;10;0;
19,043;0;256;0;1,8350499868392944;0;0;100;10;0;
19,045;0;256;0;1,8350499868392944;0;0;100;10;0;
19,048;0;256;0;1,8350499868392944;0;0;100;10;0;
19,051;0;256;0;1,8350499868392944;0;0;100;10;0;
19,054;0;256;0;1,8350499868392944;0;0;100;10;0;
19,056;0;256;0;1,8350499868392944;0;0;100;10;0;
19,059;0;256;0;1,8350499868392944;0;0;100;10;0;
19,062;0;256;0;1,8350499868392944;0;0;100;10;0;
19,064;0;256;0;1,8350499868392944;0;0;100;10;0;
19,067;0;256;0;1,8350499868392944;0;0;100;10;0;
19,07;0;256;0;1,8350499868392944;0;0;100;10;0;
19,073;0;256;0;1,8350499868392944;0;0;100;10;0;
19,076;0;256;0;1,8350499868392944;0;0;100;10;0;
19,079;0;256;0;1,8350499868392944;0;0;100;10;0;
19,082;0;256;0;1,8350499868392944;0;0;100;10;0;
19,084;0;256;0;1,8350499868392944;0;0;100;10;0;
19,087;0;256;0;1,8350499868392944;0;0;100;10;0;
19,09;0;256;0;1,8350499868392944;0;0;100;10;0;
19,093;0;256;0;1,8350499868392944;0;0;100;10;0;
19,096;0;256;0;1,8350499868392944;0;0;100;10;0;
19,099;0;256;0;1,8350499868392944;0;0;100;10;0;
19,102;0;256;0;1,8350499868392944;0;0;100;10;0;
19,105;0;256;0;1,8350499868392944;0;0;100;10;0;
19,108;0;256;0;1,8350499868392944;0;0;100;10;0;
19,111;0;256;0;1,8350499868392944;0;0;100;10;0;
19,114;0;256;0;1,8350499868392944;0;0;100;10;0;
19,116;0;256;0;1,8350499868392944;0;0;100;10;0;
19,119;0;256;0;1,8350499868392944;0;0;100;10;0;
19,121;0;256;0;1,8350499868392944;0;0;100;10;0;
19,124;0;256;0;1,8350499868392944;0;0;100;10;0;
19,127;0;256;0;1,8350499868392944;0;0;100;10;0;
19,129;0;256;0;1,8350499868392944;0;0;100;10;0;
19,132;0;256;0;1,8350499868392944;0;0;100;10;0;
19,134;0;256;0;1,8350499868392944;0;0;100;10;0;
19,137;0;256;0;1,8350499868392944;0;0;100;10;0;
19,139;0;256;0;1,8350499868392944;0;0;100;10;0;
19,142;0;256;0;1,8350499868392944;0;0;100;10;0;
19,145;0;256;0;1,8350499868392944;0;0;100;10;0;
19,147;0;256;0;1,8350499868392944;0;0;100;10;0;
19,15;0;256;0;1,8350499868392944;0;0;100;10;0;
19,153;0;256;0;1,8350499868392944;0;0;100;10;0;
19,156;0;256;0;1,8350499868392944;0;0;100;10;0;
19,158;0;256;0;1,8350499868392944;0;0;100;10;0;
19,162;0;256;0;1,8350499868392944;0;0;100;10;0;
19,164;0;256;0;1,8350499868392944;0;0;100;10;0;
19,167;0;256;0;1,8350499868392944;0;0;100;10;0;
19,17;0;256;0;1,8350499868392944;0;0;100;10;0;
19,173;0;256;0;1,8350499868392944;0;0;100;10;0;
19,176;0;256;0;1,8350499868392944;0;0;100;10;0;
19,179;0;256;0;1,8350499868392944;0;0;100;10;0;
19,182;0;256;0;1,8350499868392944;0;0;100;10;0;
19,185;0;256;0;1,8350499868392944;0;0;100;10;0;
19,188;0;256;0;1,8350499868392944;0;0;100;10;0;
19,191;0;256;0;1,8350499868392944;0;0;100;10;0;
19,194;0;256;0;1,8350499868392944;0;0;100;10;0;
19,197;0;256;0;1,8350499868392944;0;0;100;10;0;
19,201;0;256;0;1,8350499868392944;0;0;100;10;0;
19,204;0;256;0;1,8350499868392944;0;0;100;10;0;
19,208;0;256;0;1,8350499868392944;0;0;100;10;0;
19,211;0;256;0;1,8350499868392944;0;0;100;10;0;
19,215;0;256;0;1,8350499868392944;0;0;100;10;0;
19,218;0;256;0;1,8350499868392944;0;0;100;10;0;
19,221;0;256;0;1,8350499868392944;0;0;100;10;0;
19,223;0;256;0;1,8350499868392944;0;0;100;10;0;
19,227;0;256;0;1,8350499868392944;0;0;100;10;0;
19,23;0;256;0;1,8350499868392944;0;0;100;10;0;
19,232;0;256;0;1,8350499868392944;0;0;100;10;0;
19,235;0;256;0;1,8350499868392944;0;0;100;10;0;
19,237;0;256;0;1,8350499868392944;0;0;100;10;0;
19,24;0;256;0;1,8350499868392944;0;0;100;10;0;
19,243;0;256;0;1,8350499868392944;0;0;100;10;0;
19,246;0;256;0;1,8350499868392944;0;0;100;10;0;
19,249;0;256;0;1,8350499868392944;0;0;100;10;0;
19,251;0;256;0;1,8350499868392944;0;0;100;10;0;
19,255;0;256;0;1,8350499868392944;0;0;100;10;0;
19,257;0;256;0;1,8350499868392944;0;0;100;10;0;
19,26;0;256;0;1,8350499868392944;0;0;100;10;0;
19,263;0;256;0;1,8350499868392944;0;0;100;10;0;
19,266;0;256;0;1,8350499868392944;0;0;100;10;0;
19,268;0;256;0;1,8350499868392944;0;0;100;10;0;
19,271;0;256;0;1,8350499868392944;0;0;100;10;0;
19,273;0;256;0;1,8350499868392944;0;0;100;10;0;
19,276;0;256;0;1,8350499868392944;0;0;100;10;0;
19,279;0;256;0;1,8350499868392944;0;0;100;10;0;
19,282;0;256;0;1,8350499868392944;0;0;100;10;0;
19,285;0;256;0;1,8350499868392944;0;0;100;10;0;
19,288;0;256;0;1,8350499868392944;0;0;100;10;0;
19,291;0;256;0;1,8350499868392944;0;0;100;10;0;
19,294;0;256;0;1,8350499868392944;0;0;100;10;0;
19,297;0;256;0;1,8350499868392944;0;0;100;10;0;
19,3;0;256;0;1,8350499868392944;0;0;100;10;0;
19,303;0;256;0;1,8350499868392944;0;0;100;10;0;
19,306;0;256;0;1,8350499868392944;0;0;100;10;0;
19,309;0;256;0;1,8350499868392944;0;0;100;10;0;
19,313;0;256;0;1,8350499868392944;0;0;100;10;0;
19,315;0;256;0;1,8350499868392944;0;0;100;10;0;
19,318;0;256;0;1,8350499868392944;0;0;100;10;0;
19,32;0;256;0;1,8350499868392944;0;0;100;10;0;
19,323;0;256;0;1,8350499868392944;0;0;100;10;0;
19,326;0;256;0;1,8350499868392944;0;0;100;10;0;
19,329;0;256;0;1,8350499868392944;0;0;100;10;0;
19,331;0;256;0;1,8350499868392944;0;0;100;10;0;
19,334;0;256;0;1,8350499868392944;0;0;100;10;0;
19,337;0;256;0;1,8350499868392944;0;0;100;10;0;
19,339;0;256;0;1,8350499868392944;0;0;100;10;0;
19,342;0;256;0;1,8350499868392944;0;0;100;10;0;
19,345;0;256;0;1,8350499868392944;0;0;100;10;0;
19,348;0;256;0;1,8350499868392944;0;0;100;10;0;
19,351;0;256;0;1,8350499868392944;0;0;100;10;0;
19,353;0;256;0;1,8350499868392944;0;0;100;10;0;
19,357;0;256;0;1,8350499868392944;0;0;100;10;0;
19,36;0;256;0;1,8350499868392944;0;0;100;10;0;
19,363;0;256;0;1,8350499868392944;0;0;100;10;0;
19,366;0;256;0;1,8350499868392944;0;0;100;10;0;
19,368;0;256;0;1,8350499868392944;0;0;100;10;0;
19,371;0;256;0;1,8350499868392944;0;0;100;10;0;
19,373;0;256;0;1,8350499868392944;0;0;100;10;0;
19,376;0;256;0;1,8350499868392944;0;0;100;10;0;
19,379;0;256;0;1,8350499868392944;0;0;100;10;0;
19,382;0;256;0;1,8350499868392944;0;0;100;10;0;
19,385;0;256;0;1,8350499868392944;0;0;100;10;0;
19,388;0;256;0;1,8350499868392944;0;0;100;10;0;
19,391;0;256;0;1,8350499868392944;0;0;100;10;0;
19,394;0;256;0;1,8350499868392944;0;0;100;10;0;
19,398;0;256;0;1,8350499868392944;0;0;100;10;0;
19,401;0;256;0;1,8350499868392944;0;0;100;10;0;
19,403;0;256;0;1,8350499868392944;0;0;100;10;0;
19,407;0;256;0;1,8350499868392944;0;0;100;10;0;
19,41;0;256;0;1,8350499868392944;0;0;100;10;0;
19,414;0;256;0;1,8350499868392944;0;0;100;10;0;
19,417;0;256;0;1,8350499868392944;0;0;100;10;0;
19,42;0;256;0;1,8350499868392944;0;0;100;10;0;
19,423;0;256;0;1,8350499868392944;0;0;100;10;0;
19,427;0;256;0;1,8350499868392944;0;0;100;10;0;
19,43;0;256;0;1,8350499868392944;0;0;100;10;0;
19,433;0;256;0;1,8350499868392944;0;0;100;10;0;
19,435;0;256;0;1,8350499868392944;0;0;100;10;0;
19,438;0;256;0;1,8350499868392944;0;0;100;10;0;
19,44;0;256;0;1,8350499868392944;0;0;100;10;0;
19,443;0;256;0;1,8350499868392944;0;0;100;10;0;
19,446;0;256;0;1,8350499868392944;0;0;100;10;0;
19,449;0;256;0;1,8350499868392944;0;0;100;10;0;
19,451;0;256;0;1,8350499868392944;0;0;100;10;0;
19,454;0;256;0;1,8350499868392944;0;0;100;10;0;
19,457;0;256;0;1,8350499868392944;0;0;100;10;0;
19,46;0;256;0;1,8350499868392944;0;0;100;10;0;
19,463;0;256;0;1,8350499868392944;0;0;100;10;0;
19,466;0;256;0;1,8350499868392944;0;0;100;10;0;
19,469;0;256;0;1,8350499868392944;0;0;100;10;0;
19,471;0;256;0;1,8350499868392944;0;0;100;10;0;
19,474;0;256;0;1,8350499868392944;0;0;100;10;0;
19,477;0;256;0;1,8350499868392944;0;0;100;10;0;
19,48;0;256;0;1,8350499868392944;0;0;100;10;0;
19,483;0;256;0;1,8350499868392944;0;0;100;10;0;
19,487;0;256;0;1,8350499868392944;0;0;100;10;0;
19,49;0;256;0;1,8350499868392944;0;0;100;10;0;
19,493;0;256;0;1,8350499868392944;0;0;100;10;0;
19,496;0;256;0;1,8350499868392944;0;0;100;10;0;
19,499;0;256;0;1,8350499868392944;0;0;100;10;0;
19,502;0;256;0;1,8350499868392944;0;0;100;10;0;
19,505;0;256;0;1,8350499868392944;0;0;100;10;0;
19,508;0;256;0;1,8350499868392944;0;0;100;10;0;
19,511;0;256;0;1,8350499868392944;0;0;100;10;0;
19,514;0;256;0;1,8350499868392944;0;0;100;10;0;
19,517;0;256;0;1,8350499868392944;0;0;100;10;0;
19,52;0;256;0;1,8350499868392944;0;0;100;10;0;
19,523;0;256;0;1,8350499868392944;0;0;100;10;0;
19,526;0;256;0;1,8350499868392944;0;0;100;10;0;
19,529;0;256;0;1,8350499868392944;0;0;100;10;0;
19,532;0;256;0;1,8350499868392944;0;0;100;10;0;
19,534;0;256;0;1,8350499868392944;0;0;100;10;0;
19,537;0;256;0;1,8350499868392944;0;0;100;10;0;
19,539;0;256;0;1,8350499868392944;0;0;100;10;0;
19,542;0;256;0;3,121299982070923;0;0;100;10;0;
19,545;0;256;0;3,121299982070923;0;0;100;10;0;
19,547;0;256;0;3,121299982070923;0;0;100;10;0;
19,55;0;256;0;3,121299982070923;0;0;100;10;0;
19,553;0;256;0;3,121299982070923;0;0;100;10;0;
19,555;0;256;0;3,121299982070923;0;0;100;10;0;
19,558;0;256;0;3,121299982070923;0;0;100;10;0;
19,562;0;256;0;3,121299982070923;0;0;100;10;0;
19,565;0;256;0;3,121299982070923;0;0;100;10;0;
19,567;0;256;0;3,121299982070923;0;0;100;10;0;
19,57;0;256;0;3,121299982070923;0;0;100;10;0;
19,572;0;256;0;3,121299982070923;0;0;100;10;0;
19,575;0;256;0;3,121299982070923;0;0;100;10;0;
19,578;0;256;0;3,121299982070923;0;0;100;10;0;
19,581;0;256;0;3,121299982070923;0;0;100;10;0;
19,584;0;256;0;3,121299982070923;0;0;100;10;0;
19,588;0;256;0;3,121299982070923;0;0;100;10;0;
19,591;0;256;0;3,121299982070923;0;0;100;10;0;
19,594;0;256;0;3,121299982070923;0;0;100;10;0;
19,597;0;256;0;3,121299982070923;0;0;100;10;0;
19,601;0;256;0;3,121299982070923;0;0;100;10;0;
19,603;0;256;0;3,121299982070923;0;0;100;10;0;
19,606;0;256;0;3,121299982070923;0;0;100;10;0;
19,609;0;256;0;3,121299982070923;0;0;100;10;0;
19,613;0;256;0;3,121299982070923;0;0;100;10;0;
19,617;0;256;0;3,121299982070923;0;0;100;10;0;
19,619;0;256;0;3,121299982070923;0;0;100;10;0;
19,622;0;256;0;3,121299982070923;0;0;100;10;0;
19,625;0;256;0;3,121299982070923;0;0;100;10;0;
19,628;0;256;0;3,121299982070923;0;0;100;10;0;
19,631;0;256;0;3,121299982070923;0;0;100;10;0;
19,633;0;256;0;3,121299982070923;0;0;100;10;0;
19,636;0;256;0;3,121299982070923;0;0;100;10;0;
19,638;0;256;0;3,121299982070923;0;0;100;10;0;
19,641;0;256;0;3,121299982070923;0;0;100;10;0;
19,644;0;256;0;3,121299982070923;0;0;100;10;0;
19,647;0;256;0;3,121299982070923;0;0;100;10;0;
19,649;0;256;0;3,121299982070923;0;0;100;10;0;
19,652;0;256;0;3,121299982070923;0;0;100;10;0;
19,654;0;256;0;3,121299982070923;0;0;100;10;0;
19,657;0;256;0;3,121299982070923;0;0;100;10;0;
19,66;0;256;0;3,121299982070923;0;0;100;10;0;
19,663;0;256;0;3,121299982070923;0;0;100;10;0;
19,666;0;256;0;3,121299982070923;0;0;100;10;0;
19,668;0;256;0;3,121299982070923;0;0;100;10;0;
19,671;0;256;0;3,121299982070923;0;0;100;10;0;
19,674;0;256;0;3,121299982070923;0;0;100;10;0;
19,677;0;256;0;3,121299982070923;0;0;100;10;0;
19,68;0;256;0;3,121299982070923;0;0;100;10;0;
19,683;0;256;0;3,121299982070923;0;0;100;10;0;
19,686;0;256;0;3,121299982070923;0;0;100;10;0;
19,689;0;256;0;3,121299982070923;0;0;100;10;0;
19,692;0;256;0;3,121299982070923;0;0;100;10;0;
19,695;0;256;0;3,121299982070923;0;0;100;10;0;
19,698;0;256;0;3,121299982070923;0;0;100;10;0;
19,701;0;256;0;3,121299982070923;0;0;100;10;0;
19,704;0;256;0;3,121299982070923;0;0;100;10;0;
19,706;0;256;0;3,121299982070923;0;0;100;10;0;
19,709;0;256;0;3,121299982070923;0;0;100;10;0;
19,713;0;256;0;3,121299982070923;0;0;100;10;0;
19,716;0;256;0;3,121299982070923;0;0;100;10;0;
19,719;0;256;0;3,121299982070923;0;0;100;10;0;
19,721;0;256;0;3,121299982070923;0;0;100;10;0;
19,724;0;256;0;3,121299982070923;0;0;100;10;0;
19,727;0;256;0;3,121299982070923;0;0;100;10;0;
19,73;0;256;0;3,121299982070923;0;0;100;10;0;
19,733;0;256;0;3,121299982070923;0;0;100;10;0;
19,735;0;256;0;3,121299982070923;0;0;100;10;0;
19,738;0;256;0;3,121299982070923;0;0;100;10;0;
19,74;0;256;0;3,121299982070923;0;0;100;10;0;
19,743;0;256;0;3,121299982070923;0;0;100;10;0;
19,746;0;256;0;3,121299982070923;0;0;100;10;0;
19,749;0;256;0;3,121299982070923;0;0;100;10;0;
19,751;0;256;0;3,121299982070923;0;0;100;10;0;
19,754;0;256;0;3,121299982070923;0;0;100;10;0;
19,756;0;256;0;3,121299982070923;0;0;100;10;0;
19,759;0;256;0;3,121299982070923;0;0;100;10;0;
19,763;0;256;0;3,121299982070923;0;0;100;10;0;
19,766;0;256;0;3,121299982070923;0;0;100;10;0;
19,768;0;256;0;3,121299982070923;0;0;100;10;0;
19,771;0;256;0;3,121299982070923;0;0;100;10;0;
19,774;0;256;0;3,121299982070923;0;0;100;10;0;
19,777;0;256;0;3,121299982070923;0;0;100;10;0;
19,78;0;256;0;3,121299982070923;0;0;100;10;0;
19,783;0;256;0;3,121299982070923;0;0;100;10;0;
19,785;0;256;0;3,121299982070923;0;0;100;10;0;
19,788;0;256;0;3,121299982070923;0;0;100;10;0;
19,791;0;256;0;3,121299982070923;0;0;100;10;0;
19,793;0;256;0;3,121299982070923;0;0;100;10;0;
19,797;0;256;0;3,121299982070923;0;0;100;10;0;
19,799;0;256;0;3,121299982070923;0;0;100;10;0;
19,802;0;256;0;3,121299982070923;0;0;100;10;0;
19,805;0;256;0;3,121299982070923;0;0;100;10;0;
19,808;0;256;0;3,121299982070923;0;0;100;10;0;
19,812;0;256;0;3,121299982070923;0;0;100;10;0;
19,815;0;256;0;3,121299982070923;0;0;100;10;0;
19,818;0;256;0;3,121299982070923;0;0;100;10;0;
19,821;0;256;0;3,121299982070923;0;0;100;10;0;
19,823;0;256;0;3,121299982070923;0;0;100;10;0;
19,826;0;256;0;3,121299982070923;0;0;100;10;0;
19,83;0;256;0;3,121299982070923;0;0;100;10;0;
19,832;0;256;0;3,121299982070923;0;0;100;10;0;
19,835;0;256;0;3,121299982070923;0;0;100;10;0;
19,838;0;256;0;3,121299982070923;0;0;100;10;0;
19,84;0;256;0;3,121299982070923;0;0;100;10;0;
19,843;0;256;0;3,121299982070923;0;0;100;10;0;
19,846;0;256;0;3,121299982070923;0;0;100;10;0;
19,849;0;256;0;3,121299982070923;0;0;100;10;0;
19,851;0;256;0;3,121299982070923;0;0;100;10;0;
19,854;0;256;0;3,121299982070923;0;0;100;10;0;
19,856;0;256;0;3,121299982070923;0;0;100;10;0;
19,859;0;256;0;3,121299982070923;0;0;100;10;0;
19,863;0;256;0;3,121299982070923;0;0;100;10;0;
19,866;0;256;0;3,121299982070923;0;0;100;10;0;
19,869;0;256;0;3,121299982070923;0;0;100;10;0;
19,871;0;256;0;3,121299982070923;0;0;100;10;0;
19,874;0;256;0;3,121299982070923;0;0;100;10;0;
19,877;0;256;0;3,121299982070923;0;0;100;10;0;
19,88;0;256;0;3,121299982070923;0;0;100;10;0;
19,883;0;256;0;3,121299982070923;0;0;100;10;0;
19,886;0;256;0;3,121299982070923;0;0;100;10;0;
19,889;0;256;0;3,121299982070923;0;0;100;10;0;
19,892;0;256;0;3,121299982070923;0;0;100;10;0;
19,895;0;256;0;3,121299982070923;0;0;100;10;0;
19,898;0;256;0;3,121299982070923;0;0;100;10;0;
19,901;0;256;0;3,121299982070923;0;0;100;10;0;
19,904;0;256;0;3,121299982070923;0;0;100;10;0;
19,906;0;256;0;3,121299982070923;0;0;100;10;0;
19,91;0;256;0;3,121299982070923;0;0;100;10;0;
19,913;0;256;0;3,121299982070923;0;0;100;10;0;
19,916;0;256;0;3,121299982070923;0;0;100;10;0;
19,919;0;256;0;3,121299982070923;0;0;100;10;0;
19,921;0;256;0;3,121299982070923;0;0;100;10;0;
19,924;0;256;0;3,121299982070923;0;0;100;10;0;
19,927;0;256;0;3,121299982070923;0;0;100;10;0;
19,93;0;256;0;3,121299982070923;0;0;100;10;0;
19,932;0;256;0;3,121299982070923;0;0;100;10;0;
19,935;0;256;0;3,121299982070923;0;0;100;10;0;
19,938;0;256;0;3,121299982070923;0;0;100;10;0;
19,94;0;256;0;3,121299982070923;0;0;100;10;0;
19,943;0;256;0;3,121299982070923;0;0;100;10;0;
19,946;0;256;0;3,121299982070923;0;0;100;10;0;
19,949;0;256;0;3,121299982070923;0;0;100;10;0;
19,952;0;256;0;3,121299982070923;0;0;100;10;0;
19,954;0;256;0;3,121299982070923;0;0;100;10;0;
19,957;0;256;0;3,121299982070923;0;0;100;10;0;
19,959;0;256;0;3,121299982070923;0;0;100;10;0;
19,963;0;256;0;3,121299982070923;0;0;100;10;0;
19,966;0;256;0;3,121299982070923;0;0;100;10;0;
19,969;0;256;0;3,121299982070923;0;0;100;10;0;
19,972;0;256;0;3,121299982070923;0;0;100;10;0;
19,975;0;256;0;3,121299982070923;0;0;100;10;0;
19,978;0;256;0;3,121299982070923;0;0;100;10;0;
19,981;0;256;0;3,121299982070923;0;0;100;10;0;
19,984;0;256;0;3,121299982070923;0;0;100;10;0;
19,986;0;256;0;3,121299982070923;0;0;100;10;0;
19,989;0;256;0;3,121299982070923;0;0;100;10;0;
19,991;0;256;0;3,121299982070923;0;0;100;10;0;
19,995;0;256;0;3,121299982070923;0;0;100;10;0;
19,998;0;256;0;3,121299982070923;0;0;100;10;0;
20;0;256;0;3,121299982070923;0;0;100;10;0;
20,003;0;256;0;3,121299982070923;0;0;100;10;0;
20,006;0;256;0;3,121299982070923;0;0;100;10;0;
20,008;0;256;0;3,121299982070923;0;0;100;10;0;
20,012;0;256;0;3,121299982070923;0;0;100;10;0;
20,014;0;256;0;3,121299982070923;0;0;100;10;0;
20,018;0;256;0;3,121299982070923;0;0;100;10;0;
20,021;0;256;0;3,121299982070923;0;0;100;10;0;
20,023;0;256;0;3,121299982070923;0;0;100;10;0;
20,026;0;256;0;3,121299982070923;0;0;100;10;0;
20,03;0;256;0;3,121299982070923;0;0;100;10;0;
20,032;0;256;0;3,121299982070923;0;0;100;10;0;
20,035;0;256;0;3,121299982070923;0;0;100;10;0;
20,038;0;256;0;3,121299982070923;0;0;100;10;0;
20,04;0;256;0;3,1041500568389893;0;0;100;10;0;
20,043;0;256;0;3,1041500568389893;0;0;100;10;0;
20,046;0;256;0;3,1041500568389893;0;0;100;10;0;
20,049;0;256;0;3,1041500568389893;0;0;100;10;0;
20,051;0;256;0;3,1041500568389893;0;0;100;10;0;
20,054;0;256;0;3,1041500568389893;0;0;100;10;0;
20,057;0;256;0;3,1041500568389893;0;0;100;10;0;
20,059;0;256;0;3,1041500568389893;0;0;100;10;0;
20,063;0;256;0;3,1041500568389893;0;0;100;10;0;
20,065;0;256;0;3,1041500568389893;0;0;100;10;0;
20,068;0;256;0;3,1041500568389893;0;0;100;10;0;
20,071;0;256;0;3,1041500568389893;0;0;100;10;0;
20,074;0;256;0;3,1041500568389893;0;0;100;10;0;
20,077;0;256;0;3,1041500568389893;0;0;100;10;0;
20,081;0;256;0;3,1041500568389893;0;0;100;10;0;
20,083;0;256;0;3,1041500568389893;0;0;100;10;0;
20,086;0;256;0;3,1041500568389893;0;0;100;10;0;
20,089;0;256;0;3,1041500568389893;0;0;100;10;0;
20,091;0;256;0;3,1041500568389893;0;0;100;10;0;
20,094;0;256;0;3,1041500568389893;0;0;100;10;0;
20,097;0;256;0;3,1041500568389893;0;0;100;10;0;
20,1;0;256;0;3,1041500568389893;0;0;100;10;0;
20,104;0;256;0;3,1041500568389893;0;0;100;10;0;
20,106;0;256;0;3,1041500568389893;0;0;100;10;0;
20,109;0;256;0;3,1041500568389893;0;0;100;10;0;
20,112;0;256;0;3,1041500568389893;0;0;100;10;0;
20,115;0;256;0;3,1041500568389893;0;0;100;10;0;
20,118;0;256;0;3,1041500568389893;0;0;100;10;0;
20,121;0;256;0;3,1041500568389893;0;0;100;10;0;
20,124;0;256;0;3,1041500568389893;0;0;100;10;0;
20,127;0;256;0;3,1041500568389893;0;0;100;10;0;
20,13;0;256;0;3,1041500568389893;0;0;100;10;0;
20,133;0;256;0;3,1041500568389893;0;0;100;10;0;
20,135;0;256;0;3,1041500568389893;0;0;100;10;0;
20,138;0;256;0;3,1041500568389893;0;0;100;10;0;
20,14;0;256;0;3,1041500568389893;0;0;100;10;0;
20,143;0;256;0;3,1041500568389893;0;0;100;10;0;
20,146;0;256;0;3,1041500568389893;0;0;100;10;0;
20,149;0;256;0;3,1041500568389893;0;0;100;10;0;
20,151;0;256;0;3,1041500568389893;0;0;100;10;0;
20,154;0;256;0;3,1041500568389893;0;0;100;10;0;
20,156;0;256;0;3,1041500568389893;0;0;100;10;0;
20,159;0;256;0;3,1041500568389893;0;0;100;10;0;
20,162;0;256;0;3,1041500568389893;0;0;100;10;0;
20,165;0;256;0;3,1041500568389893;0;0;100;10;0;
20,167;0;256;0;3,1041500568389893;0;0;100;10;0;
20,17;0;256;0;3,1041500568389893;0;0;100;10;0;
20,174;0;256;0;3,1041500568389893;0;0;100;10;0;
20,176;0;256;0;3,1041500568389893;0;0;100;10;0;
20,179;0;256;0;3,1041500568389893;0;0;100;10;0;
20,183;0;256;0;3,1041500568389893;0;0;100;10;0;
20,186;0;256;0;3,1041500568389893;0;0;100;10;0;
20,189;0;256;0;3,1041500568389893;0;0;100;10;0;
20,191;0;256;0;3,1041500568389893;0;0;100;10;0;
20,194;0;256;0;3,1041500568389893;0;0;100;10;0;
20,197;0;256;0;3,1041500568389893;0;0;100;10;0;
20,2;0;256;0;3,1041500568389893;0;0;100;10;0;
20,203;0;256;0;3,1041500568389893;0;0;100;10;0;
20,206;0;256;0;3,1041500568389893;0;0;100;10;0;
20,209;0;256;0;3,1041500568389893;0;0;100;10;0;
20,213;0;256;0;3,1041500568389893;0;0;100;10;0;
20,215;0;256;0;3,1041500568389893;0;0;100;10;0;
20,218;0;256;0;3,1041500568389893;0;0;100;10;0;
20,221;0;256;0;3,1041500568389893;0;0;100;10;0;
20,224;0;256;0;3,1041500568389893;0;0;100;10;0;
20,227;0;256;0;3,1041500568389893;0;0;100;10;0;
20,23;0;256;0;3,1041500568389893;0;0;100;10;0;
20,233;0;256;0;3,1041500568389893;0;0;100;10;0;
20,236;0;256;0;3,1041500568389893;0;0;100;10;0;
20,238;0;256;0;3,1041500568389893;0;0;100;10;0;
20,241;0;256;0;3,1041500568389893;0;0;100;10;0;
20,243;0;256;0;3,1041500568389893;0;0;100;10;0;
20,247;0;256;0;3,1041500568389893;0;0;100;10;0;
20,249;0;256;0;3,1041500568389893;0;0;100;10;0;
20,252;0;256;0;3,1041500568389893;0;0;100;10;0;
20,254;0;256;0;3,1041500568389893;0;0;100;10;0;
20,257;0;256;0;3,1041500568389893;0;0;100;10;0;
20,259;0;256;0;3,1041500568389893;0;0;100;10;0;
20,263;0;256;0;3,1041500568389893;0;0;100;10;0;
20,265;0;256;0;3,1041500568389893;0;0;100;10;0;
20,268;0;256;0;3,1041500568389893;0;0;100;10;0;
20,27;0;256;0;3,1041500568389893;0;0;100;10;0;
20,273;0;256;0;3,1041500568389893;0;0;100;10;0;
20,276;0;256;0;3,1041500568389893;0;0;100;10;0;
20,28;0;256;0;3,1041500568389893;0;0;100;10;0;
20,283;0;256;0;3,1041500568389893;0;0;100;10;0;
20,286;0;256;0;3,1041500568389893;0;0;100;10;0;
20,289;0;256;0;3,1041500568389893;0;0;100;10;0;
20,291;0;256;0;3,1041500568389893;0;0;100;10;0;
20,294;0;256;0;3,1041500568389893;0;0;100;10;0;
20,297;0;256;0;3,1041500568389893;0;0;100;10;0;
20,3;0;256;0;3,1041500568389893;0;0;100;10;0;
20,302;0;256;0;3,1041500568389893;0;0;100;10;0;
20,305;0;256;0;3,1041500568389893;0;0;100;10;0;
20,308;0;256;0;3,1041500568389893;0;0;100;10;0;
20,311;0;256;0;3,1041500568389893;0;0;100;10;0;
20,314;0;256;0;3,1041500568389893;0;0;100;10;0;
20,317;0;256;0;3,1041500568389893;0;0;100;10;0;
20,32;0;256;0;3,1041500568389893;0;0;100;10;0;
20,324;0;256;0;3,1041500568389893;0;0;100;10;0;
20,326;0;256;0;3,1041500568389893;0;0;100;10;0;
20,329;0;256;0;3,1041500568389893;0;0;100;10;0;
20,332;0;256;0;3,1041500568389893;0;0;100;10;0;
20,334;0;256;0;3,1041500568389893;0;0;100;10;0;
20,337;0;256;0;3,1041500568389893;0;0;100;10;0;
20,34;0;256;0;3,1041500568389893;0;0;100;10;0;
20,342;0;256;0;3,1041500568389893;0;0;100;10;0;
20,345;0;256;0;3,1041500568389893;0;0;100;10;0;
20,348;0;256;0;3,1041500568389893;0;0;100;10;0;
20,351;0;256;0;3,1041500568389893;0;0;100;10;0;
20,354;0;256;0;3,1041500568389893;0;0;100;10;0;
20,356;0;256;0;3,1041500568389893;0;0;100;10;0;
20,359;0;256;0;3,1041500568389893;0;0;100;10;0;
20,362;0;256;0;3,1041500568389893;0;0;100;10;0;
20,365;0;256;0;3,1041500568389893;0;0;100;10;0;
20,367;0;256;0;3,1041500568389893;0;0;100;10;0;
20,37;0;256;0;3,1041500568389893;0;0;100;10;0;
20,373;0;256;0;3,1041500568389893;0;0;100;10;0;
20,376;0;256;0;3,1041500568389893;0;0;100;10;0;
20,379;0;256;0;3,1041500568389893;0;0;100;10;0;
20,382;0;256;0;3,1041500568389893;0;0;100;10;0;
20,385;0;256;0;3,1041500568389893;0;0;100;10;0;
20,389;0;256;0;3,1041500568389893;0;0;100;10;0;
20,392;0;256;0;3,1041500568389893;0;0;100;10;0;
20,395;0;256;0;3,1041500568389893;0;0;100;10;0;
20,398;0;256;0;3,1041500568389893;0;0;100;10;0;
20,401;0;256;0;3,1041500568389893;0;0;100;10;0;
20,404;0;256;0;3,1041500568389893;0;0;100;10;0;
20,407;0;256;0;3,1041500568389893;0;0;100;10;0;
20,41;0;256;0;3,1041500568389893;0;0;100;10;0;
20,413;0;256;0;3,1041500568389893;0;0;100;10;0;
20,416;0;256;0;3,1041500568389893;0;0;100;10;0;
20,419;0;256;0;3,1041500568389893;0;0;100;10;0;
20,422;0;256;0;3,1041500568389893;0;0;100;10;0;
20,425;0;256;0;3,1041500568389893;0;0;100;10;0;
20,428;0;256;0;3,1041500568389893;0;0;100;10;0;
20,431;0;256;0;3,1041500568389893;0;0;100;10;0;
20,434;0;256;0;3,1041500568389893;0;0;100;10;0;
20,437;0;256;0;3,1041500568389893;0;0;100;10;0;
20,44;0;256;0;3,1041500568389893;0;0;100;10;0;
20,442;0;256;0;3,1041500568389893;0;0;100;10;0;
20,446;0;256;0;3,1041500568389893;0;0;100;10;0;
20,448;0;256;0;3,1041500568389893;0;0;100;10;0;
20,451;0;256;0;3,1041500568389893;0;0;100;10;0;
20,454;0;256;0;3,1041500568389893;0;0;100;10;0;
20,457;0;256;0;3,1041500568389893;0;0;100;10;0;
20,459;0;256;0;3,1041500568389893;0;0;100;10;0;
20,463;0;256;0;3,1041500568389893;0;0;100;10;0;
20,465;0;256;0;3,1041500568389893;0;0;100;10;0;
20,468;0;256;0;3,1041500568389893;0;0;100;10;0;
20,471;0;256;0;3,1041500568389893;0;0;100;10;0;
20,473;0;256;0;3,1041500568389893;0;0;100;10;0;
20,476;0;256;0;3,1041500568389893;0;0;100;10;0;
20,48;0;256;0;3,1041500568389893;0;0;100;10;0;
20,483;0;256;0;3,1041500568389893;0;0;100;10;0;
20,486;0;256;0;3,1041500568389893;0;0;100;10;0;
20,489;0;256;0;3,1041500568389893;0;0;100;10;0;
20,492;0;256;0;3,1041500568389893;0;0;100;10;0;
20,495;0;256;0;3,1041500568389893;0;0;100;10;0;
20,499;0;256;0;3,1041500568389893;0;0;100;10;0;
20,501;0;256;0;3,1041500568389893;0;0;100;10;0;
20,504;0;256;0;3,1041500568389893;0;0;100;10;0;
20,506;0;256;0;3,1041500568389893;0;0;100;10;0;
20,509;0;256;0;3,1041500568389893;0;0;100;10;0;
20,512;0;256;0;3,1041500568389893;0;0;100;10;0;
20,515;0;256;0;3,1041500568389893;0;0;100;10;0;
20,518;0;256;0;3,1041500568389893;0;0;100;10;0;
20,521;0;256;0;3,1041500568389893;0;0;100;10;0;
20,523;0;256;0;3,1041500568389893;0;0;100;10;0;
20,527;0;256;0;3,1041500568389893;0;0;100;10;0;
20,53;0;256;0;3,1041500568389893;0;0;100;10;0;
20,533;0;256;0;3,1041500568389893;0;0;100;10;0;
20,535;0;256;0;3,1041500568389893;0;0;100;10;0;
20,538;0;256;0;3,1041500568389893;0;0;100;10;0;
20,54;0;256;0;3,1041500568389893;0;0;100;10;0;
20,543;0;256;0;3,1041500568389893;0;0;100;10;0;
20,546;0;256;0;3,1041500568389893;0;0;100;10;0;
20,548;0;256;0;3,1041500568389893;0;0;100;10;0;
20,551;0;256;0;3,1041500568389893;0;0;100;10;0;
20,553;0;256;0;3,1041500568389893;0;0;100;10;0;
20,556;0;256;0;3,1041500568389893;0;0;100;10;0;
20,558;0;256;0;3,1041500568389893;0;0;100;10;0;
20,561;0;256;0;3,1041500568389893;0;0;100;10;0;
20,564;0;256;0;3,1041500568389893;0;0;100;10;0;
20,566;0;256;0;3,1041500568389893;0;0;100;10;0;
20,569;0;256;0;3,1041500568389893;0;0;100;10;0;
20,571;0;256;0;3,1041500568389893;0;0;100;10;0;
20,574;0;256;0;3,1041500568389893;0;0;100;10;0;
20,577;0;256;0;3,1041500568389893;0;0;100;10;0;
20,581;0;256;0;3,1041500568389893;0;0;100;10;0;
20,584;0;256;0;3,1041500568389893;0;0;100;10;0;
20,587;0;256;0;3,1041500568389893;0;0;100;10;0;
20,59;0;256;0;3,1041500568389893;0;0;100;10;0;
20,592;0;256;0;3,1041500568389893;0;0;100;10;0;
20,595;0;256;0;3,1041500568389893;0;0;100;10;0;
20,598;0;256;0;3,1041500568389893;0;0;100;10;0;
20,601;0;256;0;3,1041500568389893;0;0;100;10;0;
20,604;0;256;0;3,1041500568389893;0;0;100;10;0;
20,607;0;256;0;3,1041500568389893;0;0;100;10;0;
20,609;0;256;0;3,1041500568389893;0;0;100;10;0;
20,612;0;256;0;3,1041500568389893;0;0;100;10;0;
20,616;0;256;0;3,1041500568389893;0;0;100;10;0;
20,618;0;256;0;3,1041500568389893;0;0;100;10;0;
20,621;0;256;0;3,1041500568389893;0;0;100;10;0;
20,624;0;256;0;3,1041500568389893;0;0;100;10;0;
20,627;0;256;0;3,1041500568389893;0;0;100;10;0;
20,631;0;256;0;3,1041500568389893;0;0;100;10;0;
20,633;0;256;0;3,1041500568389893;0;0;100;10;0;
20,636;0;256;0;3,1041500568389893;0;0;100;10;0;
20,638;0;256;0;3,1041500568389893;0;0;100;10;0;
20,641;0;256;0;3,1041500568389893;0;0;100;10;0;
20,644;0;256;0;3,1041500568389893;0;0;100;10;0;
20,647;0;256;0;3,1041500568389893;0;0;100;10;0;
20,65;0;256;0;3,1041500568389893;0;0;100;10;0;
20,652;0;256;0;3,1041500568389893;0;0;100;10;0;
20,655;0;256;0;3,1041500568389893;0;0;100;10;0;
20,657;0;256;0;3,1041500568389893;0;0;100;10;0;
20,66;0;256;0;3,1041500568389893;0;0;100;10;0;
20,663;0;256;0;3,1041500568389893;0;0;100;10;0;
20,665;0;256;0;3,1041500568389893;0;0;100;10;0;
20,668;0;256;0;3,1041500568389893;0;0;100;10;0;
20,671;0;256;0;3,1041500568389893;0;0;100;10;0;
20,673;0;256;0;3,1041500568389893;0;0;100;10;0;
20,677;0;256;0;3,1041500568389893;0;0;100;10;0;
20,68;0;256;0;3,1041500568389893;0;0;100;10;0;
20,683;0;256;0;3,1041500568389893;0;0;100;10;0;
20,686;0;256;0;3,1041500568389893;0;0;100;10;0;
20,689;0;256;0;3,1041500568389893;0;0;100;10;0;
20,692;0;256;0;3,1041500568389893;0;0;100;10;0;
20,696;0;256;0;3,1041500568389893;0;0;100;10;0;
20,699;0;256;0;3,1041500568389893;0;0;100;10;0;
20,702;0;256;0;3,1041500568389893;0;0;100;10;0;
20,705;0;256;0;3,1041500568389893;0;0;100;10;0;
20,708;0;256;0;3,1041500568389893;0;0;100;10;0;
20,71;0;256;0;3,1041500568389893;0;0;100;10;0;
20,714;0;256;0;3,1041500568389893;0;0;100;10;0;
20,717;0;256;0;3,1041500568389893;0;0;100;10;0;
20,72;0;256;0;3,1041500568389893;0;0;100;10;0;
20,722;0;256;0;3,1041500568389893;0;0;100;10;0;
20,725;0;256;0;3,1041500568389893;0;0;100;10;0;
20,728;0;256;0;3,1041500568389893;0;0;100;10;0;
20,732;0;256;0;3,1041500568389893;0;0;100;10;0;
20,735;0;256;0;3,1041500568389893;0;0;100;10;0;
20,737;0;256;0;3,1041500568389893;0;0;100;10;0;
20,74;0;256;0;3,1041500568389893;0;0;100;10;0;
20,742;0;256;0;3,1041500568389893;0;0;100;10;0;
20,745;0;256;0;3,1041500568389893;0;0;100;10;0;
20,748;0;256;0;3,1041500568389893;0;0;100;10;0;
20,751;0;256;0;3,1041500568389893;0;0;100;10;0;
20,754;0;256;0;3,1041500568389893;0;0;100;10;0;
20,756;0;256;0;3,1041500568389893;0;0;100;10;0;
20,759;0;256;0;3,1041500568389893;0;0;100;10;0;
20,762;0;256;0;3,1041500568389893;0;0;100;10;0;
20,765;0;256;0;3,1041500568389893;0;0;100;10;0;
20,768;0;256;0;3,1041500568389893;0;0;100;10;0;
20,77;0;256;0;3,1041500568389893;0;0;100;10;0;
20,773;0;256;0;3,1041500568389893;0;0;100;10;0;
20,776;0;256;0;3,1041500568389893;0;0;100;10;0;
20,779;0;256;0;3,1041500568389893;0;0;100;10;0;
20,782;0;256;0;3,1041500568389893;0;0;100;10;0;
20,785;0;256;0;3,1041500568389893;0;0;100;10;0;
20,788;0;256;0;3,1041500568389893;0;0;100;10;0;
20,791;0;256;0;3,1041500568389893;0;0;100;10;0;
20,794;0;256;0;3,1041500568389893;0;0;100;10;0;
20,797;0;256;0;3,1041500568389893;0;0;100;10;0;
20,8;0;256;0;3,1041500568389893;0;0;100;10;0;
20,803;0;256;0;3,1041500568389893;0;0;100;10;0;
20,806;0;256;0;3,1041500568389893;0;0;100;10;0;
20,809;0;256;0;3,1041500568389893;0;0;100;10;0;
20,812;0;256;0;3,1041500568389893;0;0;100;10;0;
20,815;0;256;0;3,1041500568389893;0;0;100;10;0;
20,818;0;256;0;3,1041500568389893;0;0;100;10;0;
20,822;0;256;0;3,1041500568389893;0;0;100;10;0;
20,824;0;256;0;3,1041500568389893;0;0;100;10;0;
20,827;0;256;0;3,1041500568389893;0;0;100;10;0;
20,831;0;256;0;3,1041500568389893;0;0;100;10;0;
20,834;0;256;0;3,1041500568389893;0;0;100;10;0;
20,837;0;256;0;3,1041500568389893;0;0;100;10;0;
20,839;0;256;0;3,1041500568389893;0;0;100;10;0;
20,842;0;256;0;3,1041500568389893;0;0;100;10;0;
20,845;0;256;0;3,1041500568389893;0;0;100;10;0;
20,848;0;256;0;3,1041500568389893;0;0;100;10;0;
20,85;0;256;0;3,1041500568389893;0;0;100;10;0;
20,853;0;256;0;3,1041500568389893;0;0;100;10;0;
20,856;0;256;0;3,1041500568389893;0;0;100;10;0;
20,858;0;256;0;3,1041500568389893;0;0;100;10;0;
20,861;0;256;0;3,1041500568389893;0;0;100;10;0;
20,864;0;256;0;3,1041500568389893;0;0;100;10;0;
20,866;0;256;0;3,1041500568389893;0;0;100;10;0;
20,869;0;256;0;3,1041500568389893;0;0;100;10;0;
20,871;0;256;0;3,1041500568389893;0;0;100;10;0;
20,874;0;256;0;3,1041500568389893;0;0;100;10;0;
20,877;0;256;0;3,1041500568389893;0;0;100;10;0;
20,88;0;256;0;3,1041500568389893;0;0;100;10;0;
20,883;0;256;0;3,1041500568389893;0;0;100;10;0;
20,887;0;256;0;3,1041500568389893;0;0;100;10;0;
20,89;0;256;0;3,1041500568389893;0;0;100;10;0;
20,893;0;256;0;3,1041500568389893;0;0;100;10;0;
20,896;0;256;0;3,1041500568389893;0;0;100;10;0;
20,899;0;256;0;3,1041500568389893;0;0;100;10;0;
20,902;0;256;0;3,1041500568389893;0;0;100;10;0;
20,905;0;256;0;3,1041500568389893;0;0;100;10;0;
20,908;0;256;0;3,1041500568389893;0;0;100;10;0;
20,911;0;256;0;3,1041500568389893;0;0;100;10;0;
20,914;0;256;0;3,1041500568389893;0;0;100;10;0;
20,917;0;256;0;3,1041500568389893;0;0;100;10;0;
20,921;0;256;0;3,1041500568389893;0;0;100;10;0;
20,924;0;256;0;3,1041500568389893;0;0;100;10;0;
20,926;0;256;0;3,1041500568389893;0;0;100;10;0;
20,93;0;256;0;3,1041500568389893;0;0;100;10;0;
20,933;0;256;0;3,1041500568389893;0;0;100;10;0;
20,936;0;256;0;3,1041500568389893;0;0;100;10;0;
20,938;0;256;0;3,1041500568389893;0;0;100;10;0;
20,941;0;256;0;3,1041500568389893;0;0;100;10;0;
20,943;0;256;0;3,1041500568389893;0;0;100;10;0;
20,946;0;256;0;3,1041500568389893;0;0;100;10;0;
20,949;0;256;0;3,1041500568389893;0;0;100;10;0;
20,952;0;256;0;3,1041500568389893;0;0;100;10;0;
20,954;0;256;0;3,1041500568389893;0;0;100;10;0;
20,957;0;256;0;3,1041500568389893;0;0;100;10;0;
20,959;0;256;0;3,1041500568389893;0;0;100;10;0;
20,962;0;256;0;3,1041500568389893;0;0;100;10;0;
20,965;0;256;0;3,1041500568389893;0;0;100;10;0;
20,968;0;256;0;3,1041500568389893;0;0;100;10;0;
20,97;0;256;0;3,1041500568389893;0;0;100;10;0;
20,973;0;256;0;3,1041500568389893;0;0;100;10;0;
20,975;0;256;0;3,1041500568389893;0;0;100;10;0;
20,978;0;256;0;3,1041500568389893;0;0;100;10;0;
20,981;0;256;0;3,1041500568389893;0;0;100;10;0;
20,983;0;256;0;3,1041500568389893;0;0;100;10;0;
20,987;0;256;0;3,1041500568389893;0;0;100;10;0;
20,99;0;256;0;3,1041500568389893;0;0;100;10;0;
20,993;0;256;0;3,1041500568389893;0;0;100;10;0;
20,997;0;256;0;3,1041500568389893;0;0;100;10;0;
21;0;256;0;3,1041500568389893;0;0;100;10;0;
21,004;0;256;0;3,1041500568389893;0;0;100;10;0;
21,007;0;256;0;3,1041500568389893;0;0;100;10;0;
21,01;0;256;0;3,1041500568389893;0;0;100;10;0;
21,013;0;256;0;3,1041500568389893;0;0;100;10;0;
21,016;0;256;0;3,1041500568389893;0;0;100;10;0;
21,019;0;256;0;3,1041500568389893;0;0;100;10;0;
21,022;0;256;0;3,1041500568389893;0;0;100;10;0;
21,025;0;256;0;3,1041500568389893;0;0;100;10;0;
21,029;0;256;0;3,1041500568389893;0;0;100;10;0;
21,032;0;256;0;3,1041500568389893;0;0;100;10;0;
21,035;0;256;0;3,1041500568389893;0;0;100;10;0;
21,039;0;256;0;3,1041500568389893;0;0;100;10;0;
21,042;0;256;0;3,1041500568389893;0;0;100;10;0;
21,045;0;256;0;3,1041500568389893;0;0;100;10;0;
21,048;0;256;0;3,1041500568389893;0;0;100;10;0;
21,051;0;256;0;3,1041500568389893;0;0;100;10;0;
21,054;0;256;0;3,1041500568389893;0;0;100;10;0;
21,057;0;256;0;3,1041500568389893;0;0;100;10;0;
21,059;0;256;0;3,1041500568389893;0;0;100;10;0;
21,062;0;256;0;3,1041500568389893;0;0;100;10;0;
21,066;0;256;0;3,1041500568389893;0;0;100;10;0;
21,069;0;256;0;3,1041500568389893;0;0;100;10;0;
21,072;0;256;0;3,1041500568389893;0;0;100;10;0;
21,075;0;256;0;3,1041500568389893;0;0;100;10;0;
21,078;0;256;0;3,1041500568389893;0;0;100;10;0;
21,081;0;256;0;3,1041500568389893;0;0;100;10;0;
21,083;0;256;0;3,1041500568389893;0;0;100;10;0;
21,086;0;256;0;3,1041500568389893;0;0;100;10;0;
21,089;0;256;0;3,1041500568389893;0;0;100;10;0;
21,092;0;256;0;3,1041500568389893;0;0;100;10;0;
21,095;0;256;0;3,1041500568389893;0;0;100;10;0;
21,098;0;256;0;3,1041500568389893;0;0;100;10;0;
21,101;0;256;0;3,1041500568389893;0;0;100;10;0;
21,103;0;256;0;3,1041500568389893;0;0;100;10;0;
21,106;0;256;0;3,1041500568389893;0;0;100;10;0;
21,108;0;256;0;3,1041500568389893;0;0;100;10;0;
21,111;0;256;0;3,1041500568389893;0;0;100;10;0;
21,114;0;256;0;3,1041500568389893;0;0;100;10;0;
21,117;0;256;0;3,1041500568389893;0;0;100;10;0;
21,119;0;256;0;3,1041500568389893;0;0;100;10;0;
21,122;0;256;0;3,1041500568389893;0;0;100;10;0;
21,124;0;256;0;3,1041500568389893;0;0;100;10;0;
21,127;0;256;0;3,1041500568389893;0;0;100;10;0;
21,13;0;256;0;3,1041500568389893;0;0;100;10;0;
21,133;0;256;0;3,1041500568389893;0;0;100;10;0;
21,135;0;256;0;3,1041500568389893;0;0;100;10;0;
21,138;0;256;0;3,1041500568389893;0;0;100;10;0;
21,142;0;256;0;3,1041500568389893;0;0;100;10;0;
21,145;0;256;0;3,1041500568389893;0;0;100;10;0;
21,148;0;256;0;3,1041500568389893;0;0;100;10;0;
21,151;0;256;0;3,1041500568389893;0;0;100;10;0;
21,154;0;256;0;3,1041500568389893;0;0;100;10;0;
21,157;0;256;0;3,1041500568389893;0;0;100;10;0;
21,16;0;256;0;3,1041500568389893;0;0;100;10;0;
21,163;0;256;0;3,1041500568389893;0;0;100;10;0;
21,166;0;256;0;3,1041500568389893;0;0;100;10;0;
21,169;0;256;0;3,1041500568389893;0;0;100;10;0;
21,171;0;256;0;3,1041500568389893;0;0;100;10;0;
21,174;0;256;0;3,1041500568389893;0;0;100;10;0;
21,177;0;256;0;3,1041500568389893;0;0;100;10;0;
21,181;0;256;0;3,1041500568389893;0;0;100;10;0;
21,183;0;256;0;3,1041500568389893;0;0;100;10;0;
21,186;0;256;0;3,1041500568389893;0;0;100;10;0;
21,189;0;256;0;3,1041500568389893;0;0;100;10;0;
21,191;0;256;0;3,1041500568389893;0;0;100;10;0;
21,194;0;256;0;3,1041500568389893;0;0;100;10;0;
21,197;0;256;0;3,1041500568389893;0;0;100;10;0;
21,2;0;256;0;3,1041500568389893;0;0;100;10;0;
21,202;0;256;0;3,1041500568389893;0;0;100;10;0;
21,205;0;256;0;3,1041500568389893;0;0;100;10;0;
21,207;0;256;0;3,1041500568389893;0;0;100;10;0;
21,21;0;256;0;3,1041500568389893;0;0;100;10;0;
21,213;0;256;0;3,1041500568389893;0;0;100;10;0;
21,215;0;256;0;3,1041500568389893;0;0;100;10;0;
21,218;0;256;0;3,1041500568389893;0;0;100;10;0;
21,221;0;256;0;3,1041500568389893;0;0;100;10;0;
21,223;0;256;0;3,1041500568389893;0;0;100;10;0;
21,226;0;256;0;3,1041500568389893;0;0;100;10;0;
21,228;0;256;0;3,1041500568389893;0;0;100;10;0;
21,232;0;256;0;3,1041500568389893;0;0;100;10;0;
21,235;0;256;0;3,1041500568389893;0;0;100;10;0;
21,237;0;256;0;3,1041500568389893;0;0;100;10;0;
21,24;0;256;0;3,1041500568389893;0;0;100;10;0;
21,244;0;256;0;3,1041500568389893;0;0;100;10;0;
21,247;0;256;0;3,1041500568389893;0;0;100;10;0;
21,251;0;256;0;3,1041500568389893;0;0;100;10;0;
21,254;0;256;0;3,1041500568389893;0;0;100;10;0;
21,257;0;256;0;3,1041500568389893;0;0;100;10;0;
21,259;0;256;0;3,1041500568389893;0;0;100;10;0;
21,262;0;256;0;3,1041500568389893;0;0;100;10;0;
21,266;0;256;0;3,1041500568389893;0;0;100;10;0;
21,268;0;256;0;3,1041500568389893;0;0;100;10;0;
21,271;0;256;0;3,1041500568389893;0;0;100;10;0;
21,274;0;256;0;3,1041500568389893;0;0;100;10;0;
21,277;0;256;0;3,1041500568389893;0;0;100;10;0;
21,281;0;256;0;3,1041500568389893;0;0;100;10;0;
21,283;0;256;0;3,1041500568389893;0;0;100;10;0;
21,286;0;256;0;3,1041500568389893;0;0;100;10;0;
21,289;0;256;0;3,1041500568389893;0;0;100;10;0;
21,292;0;256;0;3,1041500568389893;0;0;100;10;0;
21,295;0;256;0;3,1041500568389893;0;0;100;10;0;
21,298;0;256;0;3,1041500568389893;0;0;100;10;0;
21,301;0;256;0;3,1041500568389893;0;0;100;10;0;
21,303;0;256;0;3,1041500568389893;0;0;100;10;0;
21,306;0;256;0;3,1041500568389893;0;0;100;10;0;
21,308;0;256;0;3,1041500568389893;0;0;100;10;0;
21,311;0;256;0;3,1041500568389893;0;0;100;10;0;
21,314;0;256;0;3,1041500568389893;0;0;100;10;0;
21,316;0;256;0;3,1041500568389893;0;0;100;10;0;
21,319;0;256;0;3,1041500568389893;0;0;100;10;0;
21,322;0;256;0;3,1041500568389893;0;0;100;10;0;
21,324;0;256;0;3,1041500568389893;0;0;100;10;0;
21,327;0;256;0;3,1041500568389893;0;0;100;10;0;
21,33;0;256;0;3,1041500568389893;0;0;100;10;0;
21,332;0;256;0;3,1041500568389893;0;0;100;10;0;
21,335;0;256;0;3,1041500568389893;0;0;100;10;0;
21,338;0;256;0;3,1041500568389893;0;0;100;10;0;
21,34;0;256;0;3,1041500568389893;0;0;100;10;0;
21,343;0;256;0;3,1041500568389893;0;0;100;10;0;
21,347;0;256;0;3,1041500568389893;0;0;100;10;0;
21,35;0;256;0;3,1041500568389893;0;0;100;10;0;
21,353;0;256;0;3,1041500568389893;0;0;100;10;0;
21,356;0;256;0;3,1041500568389893;0;0;100;10;0;
21,359;0;256;0;3,1041500568389893;0;0;100;10;0;
21,362;0;256;0;3,1041500568389893;0;0;100;10;0;
21,365;0;256;0;3,1041500568389893;0;0;100;10;0;
21,368;0;256;0;3,1041500568389893;0;0;100;10;0;
21,371;0;256;0;3,1041500568389893;0;0;100;10;0;
21,374;0;256;0;3,1041500568389893;0;0;100;10;0;
21,377;0;256;0;3,1041500568389893;0;0;100;10;0;
21,381;0;256;0;3,1041500568389893;0;0;100;10;0;
21,383;0;256;0;3,1041500568389893;0;0;100;10;0;
21,386;0;256;0;3,1041500568389893;0;0;100;10;0;
21,389;0;256;0;3,1041500568389893;0;0;100;10;0;
21,392;0;256;0;3,1041500568389893;0;0;100;10;0;
21,395;0;256;0;3,1041500568389893;0;0;100;10;0;
21,399;0;256;0;3,1041500568389893;0;0;100;10;0;
21,402;0;256;0;3,1041500568389893;0;0;100;10;0;
21,404;0;256;0;3,1041500568389893;0;0;100;10;0;
21,407;0;256;0;3,1041500568389893;0;0;100;10;0;
21,409;0;256;0;3,1041500568389893;0;0;100;10;0;
21,413;0;256;0;3,1041500568389893;0;0;100;10;0;
21,416;0;256;0;3,1041500568389893;0;0;100;10;0;
21,418;0;256;0;3,1041500568389893;0;0;100;10;0;
21,421;0;256;0;3,1041500568389893;0;0;100;10;0;
21,424;0;256;0;3,1041500568389893;0;0;100;10;0;
21,426;0;256;0;3,1041500568389893;0;0;100;10;0;
21,429;0;256;0;3,1041500568389893;0;0;100;10;0;
21,432;0;256;0;3,1041500568389893;0;0;100;10;0;
21,435;0;256;0;3,1041500568389893;0;0;100;10;0;
21,437;0;256;0;3,1041500568389893;0;0;100;10;0;
21,44;0;256;0;3,1041500568389893;0;0;100;10;0;
21,443;0;256;0;3,1041500568389893;0;0;100;10;0;
21,446;0;256;0;3,1041500568389893;0;0;100;10;0;
21,449;0;256;0;3,1041500568389893;0;0;100;10;0;
21,453;0;256;0;3,1041500568389893;0;0;100;10;0;
21,455;0;256;0;3,1041500568389893;0;0;100;10;0;
21,459;0;256;0;3,1041500568389893;0;0;100;10;0;
21,461;0;256;0;3,1041500568389893;0;0;100;10;0;
21,465;0;256;0;3,1041500568389893;0;0;100;10;0;
21,467;0;256;0;3,1041500568389893;0;0;100;10;0;
21,47;0;256;0;3,1041500568389893;0;0;100;10;0;
21,473;0;256;0;3,1041500568389893;0;0;100;10;0;
21,476;0;256;0;3,1041500568389893;0;0;100;10;0;
21,479;0;256;0;3,1041500568389893;0;0;100;10;0;
21,482;0;256;0;3,1041500568389893;0;0;100;10;0;
21,485;0;256;0;3,1041500568389893;0;0;100;10;0;
21,488;0;256;0;3,1041500568389893;0;0;100;10;0;
21,491;0;256;0;3,1041500568389893;0;0;100;10;0;
21,494;0;256;0;3,1041500568389893;0;0;100;10;0;
21,497;0;256;0;3,1041500568389893;0;0;100;10;0;
21,5;0;256;0;3,1041500568389893;0;0;100;10;0;
21,503;0;256;0;3,1041500568389893;0;0;100;10;0;
21,506;0;256;0;3,1041500568389893;0;0;100;10;0;
21,508;0;256;0;3,1041500568389893;0;0;100;10;0;
21,511;0;256;0;3,1041500568389893;0;0;100;10;0;
21,514;0;256;0;3,1041500568389893;0;0;100;10;0;
21,516;0;256;0;3,1041500568389893;0;0;100;10;0;
21,519;0;256;0;3,1041500568389893;0;0;100;10;0;
21,522;0;256;0;3,1041500568389893;0;0;100;10;0;
21,524;0;256;0;3,1041500568389893;0;0;100;10;0;
21,527;0;256;0;3,1041500568389893;0;0;100;10;0;
21,53;0;256;0;3,1041500568389893;0;0;100;10;0;
21,532;0;256;0;3,1041500568389893;0;0;100;10;0;
21,535;0;256;0;3,1041500568389893;0;0;100;10;0;
21,538;0;256;0;3,1041500568389893;0;0;100;10;0;
21,54;0;256;0;3,1041500568389893;0;0;100;10;0;
21,542;0;256;0;3,1041500568389893;0;0;100;10;0;
21,545;0;256;0;3,1041500568389893;0;0;100;10;0;
21,549;0;256;0;3,1041500568389893;0;0;100;10;0;
21,552;0;256;0;3,1041500568389893;0;0;100;10;0;
21,555;0;256;0;3,1041500568389893;0;0;100;10;0;
21,558;0;256;0;3,1041500568389893;0;0;100;10;0;
21,561;0;256;0;3,1041500568389893;0;0;100;10;0;
21,564;0;256;0;3,1041500568389893;0;0;100;10;0;
21,567;0;256;0;3,1041500568389893;0;0;100;10;0;
21,57;0;256;0;3,1041500568389893;0;0;100;10;0;
21,572;0;256;0;3,1041500568389893;0;0;100;10;0;
21,575;0;256;0;3,1041500568389893;0;0;100;10;0;
21,578;0;256;0;3,1041500568389893;0;0;100;10;0;
21,582;0;256;0;3,1041500568389893;0;0;100;10;0;
21,585;0;256;0;3,1041500568389893;0;0;100;10;0;
21,587;0;256;0;3,1041500568389893;0;0;100;10;0;
21,59;0;256;0;3,1041500568389893;0;0;100;10;0;
21,593;0;256;0;3,1041500568389893;0;0;100;10;0;
21,596;0;256;0;3,1041500568389893;0;0;100;10;0;
21,599;0;256;0;3,1041500568389893;0;0;100;10;0;
21,603;0;256;0;3,1041500568389893;0;0;100;10;0;
21,606;0;256;0;3,1041500568389893;0;0;100;10;0;
21,608;0;256;0;3,1041500568389893;0;0;100;10;0;
21,61;0;256;0;3,1041500568389893;0;0;100;10;0;
21,614;0;256;0;3,1041500568389893;0;0;100;10;0;
21,617;0;256;0;3,1041500568389893;0;0;100;10;0;
21,619;0;256;0;3,1041500568389893;0;0;100;10;0;
21,622;0;256;0;3,1041500568389893;0;0;100;10;0;
21,625;0;256;0;3,1041500568389893;0;0;100;10;0;
21,627;0;256;0;3,1041500568389893;0;0;100;10;0;
21,63;0;256;0;3,1041500568389893;0;0;100;10;0;
21,633;0;256;0;3,1041500568389893;0;0;100;10;0;
21,636;0;256;0;3,1041500568389893;0;0;100;10;0;
21,638;0;256;0;3,1041500568389893;0;0;100;10;0;
21,64;0;256;0;3,1041500568389893;0;0;100;10;0;
21,643;0;256;0;3,1041500568389893;0;0;100;10;0;
21,646;0;256;0;3,1041500568389893;0;0;100;10;0;
21,65;0;256;0;3,1041500568389893;0;0;100;10;0;
21,653;0;256;0;3,1041500568389893;0;0;100;10;0;
21,657;0;256;0;3,1041500568389893;0;0;100;10;0;
21,66;0;256;0;3,1041500568389893;0;0;100;10;0;
21,663;0;256;0;3,1041500568389893;0;0;100;10;0;
21,666;0;256;0;3,1041500568389893;0;0;100;10;0;
21,669;0;256;0;3,1041500568389893;0;0;100;10;0;
21,672;0;256;0;3,1041500568389893;0;0;100;10;0;
21,675;0;256;0;3,1041500568389893;0;0;100;10;0;
21,678;0;256;0;3,1041500568389893;0;0;100;10;0;
21,681;0;256;0;3,1041500568389893;0;0;100;10;0;
21,685;0;256;0;3,1041500568389893;0;0;100;10;0;
21,688;0;256;0;3,1041500568389893;0;0;100;10;0;
21,69;0;256;0;3,1041500568389893;0;0;100;10;0;
21,693;0;256;0;3,1041500568389893;0;0;100;10;0;
21,696;0;256;0;3,1041500568389893;0;0;100;10;0;
21,699;0;256;0;3,1041500568389893;0;0;100;10;0;
21,702;0;256;0;3,1041500568389893;0;0;100;10;0;
21,705;0;256;0;3,1041500568389893;0;0;100;10;0;
21,708;0;256;0;3,1041500568389893;0;0;100;10;0;
21,711;0;256;0;3,1041500568389893;0;0;100;10;0;
21,714;0;256;0;3,1041500568389893;0;0;100;10;0;
21,717;0;256;0;3,1041500568389893;0;0;100;10;0;
21,719;0;256;0;3,1041500568389893;0;0;100;10;0;
21,722;0;256;0;3,1041500568389893;0;0;100;10;0;
21,725;0;256;0;3,1041500568389893;0;0;100;10;0;
21,727;0;256;0;3,1041500568389893;0;0;100;10;0;
21,731;0;256;0;3,1041500568389893;0;0;100;10;0;
21,734;0;256;0;3,1041500568389893;0;0;100;10;0;
21,736;0;256;0;3,1041500568389893;0;0;100;10;0;
21,739;0;256;0;3,1041500568389893;0;0;100;10;0;
21,742;0;256;0;3,1041500568389893;0;0;100;10;0;
21,744;0;256;0;3,1041500568389893;0;0;100;10;0;
21,747;0;256;0;3,1041500568389893;0;0;100;10;0;
21,75;0;256;0;3,1041500568389893;0;0;100;10;0;
21,753;0;256;0;3,1041500568389893;0;0;100;10;0;
21,756;0;256;0;3,1041500568389893;0;0;100;10;0;
21,759;0;256;0;3,1041500568389893;0;0;100;10;0;
21,761;0;256;0;3,1041500568389893;0;0;100;10;0;
21,765;0;256;0;3,1041500568389893;0;0;100;10;0;
21,768;0;256;0;3,1041500568389893;0;0;100;10;0;
21,771;0;256;0;3,1041500568389893;0;0;100;10;0;
21,773;0;256;0;3,1041500568389893;0;0;100;10;0;
21,776;0;256;0;3,1041500568389893;0;0;100;10;0;
21,779;0;256;0;3,1041500568389893;0;0;100;10;0;
21,783;0;256;0;3,1041500568389893;0;0;100;10;0;
21,786;0;256;0;3,1041500568389893;0;0;100;10;0;
21,789;0;256;0;3,1041500568389893;0;0;100;10;0;
21,791;0;256;0;3,1041500568389893;0;0;100;10;0;
21,794;0;256;0;3,1041500568389893;0;0;100;10;0;
21,798;0;256;0;3,1041500568389893;0;0;100;10;0;
21,801;0;256;0;3,1041500568389893;0;0;100;10;0;
21,804;0;256;0;3,1041500568389893;0;0;100;10;0;
21,807;0;256;0;3,1041500568389893;0;0;100;10;0;
21,809;0;256;0;3,1041500568389893;0;0;100;10;0;
21,812;0;256;0;3,1041500568389893;0;0;100;10;0;
21,815;0;256;0;3,1041500568389893;0;0;100;10;0;
21,819;0;256;0;3,1041500568389893;0;0;100;10;0;
21,821;0;256;0;3,1041500568389893;0;0;100;10;0;
21,824;0;256;0;3,1041500568389893;0;0;100;10;0;
21,826;0;256;0;3,1041500568389893;0;0;100;10;0;
21,829;0;256;0;3,1041500568389893;0;0;100;10;0;
21,832;0;256;0;3,1041500568389893;0;0;100;10;0;
21,834;0;256;0;3,1041500568389893;0;0;100;10;0;
21,837;0;256;0;3,1041500568389893;0;0;100;10;0;
21,839;0;256;0;3,1041500568389893;0;0;100;10;0;
21,842;0;256;0;3,1041500568389893;0;0;100;10;0;
21,845;0;256;0;3,1041500568389893;0;0;100;10;0;
21,848;0;256;0;3,1041500568389893;0;0;100;10;0;
21,851;0;256;0;3,1041500568389893;0;0;100;10;0;
21,854;0;256;0;3,1041500568389893;0;0;100;10;0;
21,857;0;256;0;3,1041500568389893;0;0;100;10;0;
21,86;0;256;0;3,1041500568389893;0;0;100;10;0;
21,862;0;256;0;3,1041500568389893;0;0;100;10;0;
21,865;0;256;0;3,1041500568389893;0;0;100;10;0;
21,868;0;256;0;3,1041500568389893;0;0;100;10;0;
21,87;0;256;0;3,1041500568389893;0;0;100;10;0;
21,873;0;256;0;3,1041500568389893;0;0;100;10;0;
21,876;0;256;0;3,1041500568389893;0;0;100;10;0;
21,878;0;256;0;3,1041500568389893;0;0;100;10;0;
21,882;0;256;0;3,1041500568389893;0;0;100;10;0;
21,884;0;256;0;3,1041500568389893;0;0;100;10;0;
21,887;0;256;0;3,1041500568389893;0;0;100;10;0;
21,89;0;256;0;3,1041500568389893;0;0;100;10;0;
21,893;0;256;0;3,1041500568389893;0;0;100;10;0;
21,896;0;256;0;3,1041500568389893;0;0;100;10;0;
21,899;0;256;0;3,1041500568389893;0;0;100;10;0;
21,902;0;256;0;3,1041500568389893;0;0;100;10;0;
21,905;0;256;0;3,1041500568389893;0;0;100;10;0;
21,908;0;256;0;3,1041500568389893;0;0;100;10;0;
21,911;0;256;0;3,1041500568389893;0;0;100;10;0;
21,914;0;256;0;3,1041500568389893;0;0;100;10;0;
21,917;0;256;0;3,1041500568389893;0;0;100;10;0;
21,92;0;256;0;3,1041500568389893;0;0;100;10;0;
21,923;0;256;0;3,1041500568389893;0;0;100;10;0;
21,925;0;256;0;3,1041500568389893;0;0;100;10;0;
21,928;0;256;0;3,1041500568389893;0;0;100;10;0;
21,931;0;256;0;3,1041500568389893;0;0;100;10;0;
21,934;0;256;0;3,1041500568389893;0;0;100;10;0;
21,936;0;256;0;3,1041500568389893;0;0;100;10;0;
21,939;0;256;0;3,1041500568389893;0;0;100;10;0;
21,941;0;256;0;3,1041500568389893;0;0;100;10;0;
21,944;0;256;0;3,1041500568389893;0;0;100;10;0;
21,946;0;256;0;3,1041500568389893;0;0;100;10;0;
21,949;0;256;0;3,1041500568389893;0;0;100;10;0;
21,952;0;256;0;3,1041500568389893;0;0;100;10;0;
21,955;0;256;0;3,1041500568389893;0;0;100;10;0;
21,958;0;256;0;3,1041500568389893;0;0;100;10;0;
21,96;0;256;0;3,1041500568389893;0;0;100;10;0;
21,964;0;256;0;3,1041500568389893;0;0;100;10;0;
21,967;0;256;0;3,1041500568389893;0;0;100;10;0;
21,969;0;256;0;3,1041500568389893;0;0;100;10;0;
21,973;0;256;0;3,1041500568389893;0;0;100;10;0;
21,976;0;256;0;3,1041500568389893;0;0;100;10;0;
21,978;0;256;0;3,1041500568389893;0;0;100;10;0;
21,981;0;256;0;3,1041500568389893;0;0;100;10;0;
21,984;0;256;0;3,1041500568389893;0;0;100;10;0;
21,987;0;256;0;3,1041500568389893;0;0;100;10;0;
21,99;0;256;0;3,1041500568389893;0;0;100;10;0;
21,993;0;256;0;3,1041500568389893;0;0;100;10;0;
21,996;0;256;0;3,1041500568389893;0;0;100;10;0;
22;0;256;0;3,1041500568389893;0;0;100;10;0;
22,003;0;256;0;3,1041500568389893;0;0;100;10;0;
22,006;0;256;0;3,1041500568389893;0;0;100;10;0;
22,009;0;256;0;3,1041500568389893;0;0;100;10;0;
22,011;0;256;0;3,1041500568389893;0;0;100;10;0;
22,014;0;256;0;3,1041500568389893;0;0;100;10;0;
22,017;0;256;0;3,1041500568389893;0;0;100;10;0;
22,02;0;256;0;3,1041500568389893;0;0;100;10;0;
22,023;0;256;0;3,1041500568389893;0;0;100;10;0;
22,026;0;256;0;3,1041500568389893;0;0;100;10;0;
22,029;0;256;0;3,1041500568389893;0;0;100;10;0;
22,032;0;256;0;3,121299982070923;0;0;100;10;0;
22,035;0;256;0;3,121299982070923;0;0;100;10;0;
22,037;0;256;0;3,121299982070923;0;0;100;10;0;
22,04;0;256;0;3,121299982070923;0;0;100;10;0;
22,043;0;256;0;3,121299982070923;0;0;100;10;0;
22,046;0;256;0;3,121299982070923;0;0;100;10;0;
22,049;0;256;0;3,121299982070923;0;0;100;10;0;
22,051;0;256;0;3,121299982070923;0;0;100;10;0;
22,054;0;256;0;3,121299982070923;0;0;100;10;0;
22,057;0;256;0;3,121299982070923;0;0;100;10;0;
22,06;0;256;0;3,121299982070923;0;0;100;10;0;
22,063;0;256;0;3,121299982070923;0;0;100;10;0;
22,066;0;256;0;3,121299982070923;0;0;100;10;0;
22,068;0;256;0;3,121299982070923;0;0;100;10;0;
22,071;0;256;0;3,121299982070923;0;0;100;10;0;
22,073;0;256;0;3,121299982070923;0;0;100;10;0;
22,076;0;256;0;3,121299982070923;0;0;100;10;0;
22,078;0;256;0;3,121299982070923;0;0;100;10;0;
22,081;0;256;0;3,121299982070923;0;0;100;10;0;
22,084;0;256;0;3,121299982070923;0;0;100;10;0;
22,087;0;256;0;3,121299982070923;0;0;100;10;0;
22,089;0;256;0;3,121299982070923;0;0;100;10;0;
22,092;0;256;0;3,121299982070923;0;0;100;10;0;
22,095;0;256;0;3,121299982070923;0;0;100;10;0;
22,098;0;256;0;3,121299982070923;0;0;100;10;0;
22,102;0;256;0;3,121299982070923;0;0;100;10;0;
22,105;0;256;0;3,121299982070923;0;0;100;10;0;
22,108;0;256;0;3,121299982070923;0;0;100;10;0;
22,111;0;256;0;3,121299982070923;0;0;100;10;0;
22,114;0;256;0;3,121299982070923;0;0;100;10;0;
22,118;0;256;0;3,121299982070923;0;0;100;10;0;
22,12;0;256;0;3,121299982070923;0;0;100;10;0;
22,123;0;256;0;3,121299982070923;0;0;100;10;0;
22,126;0;256;0;3,121299982070923;0;0;100;10;0;
22,129;0;256;0;3,121299982070923;0;0;100;10;0;
22,133;0;256;0;3,121299982070923;0;0;100;10;0;
22,135;0;256;0;3,121299982070923;0;0;100;10;0;
22,138;0;256;0;3,121299982070923;0;0;100;10;0;
22,141;0;256;0;3,121299982070923;0;0;100;10;0;
22,144;0;256;0;3,121299982070923;0;0;100;10;0;
22,147;0;256;0;3,121299982070923;0;0;100;10;0;
22,15;0;256;0;3,121299982070923;0;0;100;10;0;
22,152;0;256;0;3,121299982070923;0;0;100;10;0;
22,155;0;256;0;3,121299982070923;0;0;100;10;0;
22,158;0;256;0;3,121299982070923;0;0;100;10;0;
22,161;0;256;0;3,121299982070923;0;0;100;10;0;
22,164;0;256;0;3,121299982070923;0;0;100;10;0;
22,167;0;256;0;3,121299982070923;0;0;100;10;0;
22,169;0;256;0;3,121299982070923;0;0;100;10;0;
22,172;0;256;0;3,121299982070923;0;0;100;10;0;
22,175;0;256;0;3,121299982070923;0;0;100;10;0;
22,177;0;256;0;3,121299982070923;0;0;100;10;0;
22,181;0;256;0;3,121299982070923;0;0;100;10;0;
22,184;0;256;0;3,121299982070923;0;0;100;10;0;
22,186;0;256;0;3,121299982070923;0;0;100;10;0;
22,189;0;256;0;3,121299982070923;0;0;100;10;0;
22,192;0;256;0;3,121299982070923;0;0;100;10;0;
22,194;0;256;0;3,121299982070923;0;0;100;10;0;
22,197;0;256;0;3,121299982070923;0;0;100;10;0;
22,2;0;256;0;3,121299982070923;0;0;100;10;0;
22,203;0;256;0;3,121299982070923;0;0;100;10;0;
22,207;0;256;0;3,121299982070923;0;0;100;10;0;
22,21;0;256;0;3,121299982070923;0;0;100;10;0;
22,213;0;256;0;3,121299982070923;0;0;100;10;0;
22,216;0;256;0;3,121299982070923;0;0;100;10;0;
22,219;0;256;0;3,121299982070923;0;0;100;10;0;
22,222;0;256;0;3,121299982070923;0;0;100;10;0;
22,225;0;256;0;3,121299982070923;0;0;100;10;0;
22,228;0;256;0;3,121299982070923;0;0;100;10;0;
22,231;0;256;0;3,121299982070923;0;0;100;10;0;
22,234;0;256;0;3,121299982070923;0;0;100;10;0;
22,237;0;256;0;3,121299982070923;0;0;100;10;0;
22,24;0;256;0;3,121299982070923;0;0;100;10;0;
22,243;0;256;0;3,121299982070923;0;0;100;10;0;
22,246;0;256;0;3,121299982070923;0;0;100;10;0;
22,249;0;256;0;3,121299982070923;0;0;100;10;0;
22,251;0;256;0;3,121299982070923;0;0;100;10;0;
22,254;0;256;0;3,121299982070923;0;0;100;10;0;
22,257;0;256;0;3,121299982070923;0;0;100;10;0;
22,26;0;256;0;3,121299982070923;0;0;100;10;0;
22,263;0;256;0;3,121299982070923;0;0;100;10;0;
22,266;0;256;0;3,121299982070923;0;0;100;10;0;
22,269;0;256;0;3,121299982070923;0;0;100;10;0;
22,271;0;256;0;3,121299982070923;0;0;100;10;0;
22,274;0;256;0;3,121299982070923;0;0;100;10;0;
22,276;0;256;0;3,121299982070923;0;0;100;10;0;
22,279;0;256;0;3,121299982070923;0;0;100;10;0;
22,282;0;256;0;3,121299982070923;0;0;100;10;0;
22,285;0;256;0;3,121299982070923;0;0;100;10;0;
22,287;0;256;0;3,121299982070923;0;0;100;10;0;
22,29;0;256;0;3,121299982070923;0;0;100;10;0;
22,292;0;256;0;3,121299982070923;0;0;100;10;0;
22,295;0;256;0;3,121299982070923;0;0;100;10;0;
22,298;0;256;0;3,121299982070923;0;0;100;10;0;
22,301;0;256;0;3,121299982070923;0;0;100;10;0;
22,303;0;256;0;3,121299982070923;0;0;100;10;0;
22,306;0;256;0;3,121299982070923;0;0;100;10;0;
22,309;0;256;0;3,121299982070923;0;0;100;10;0;
22,312;0;256;0;3,121299982070923;0;0;100;10;0;
22,315;0;256;0;3,121299982070923;0;0;100;10;0;
22,319;0;256;0;3,121299982070923;0;0;100;10;0;
22,321;0;256;0;3,121299982070923;0;0;100;10;0;
22,324;0;256;0;3,121299982070923;0;0;100;10;0;
22,327;0;256;0;3,121299982070923;0;0;100;10;0;
22,331;0;256;0;3,121299982070923;0;0;100;10;0;
22,334;0;256;0;3,121299982070923;0;0;100;10;0;
22,337;0;256;0;3,121299982070923;0;0;100;10;0;
22,339;0;256;0;3,121299982070923;0;0;100;10;0;
22,342;0;256;0;3,121299982070923;0;0;100;10;0;
22,345;0;256;0;3,121299982070923;0;0;100;10;0;
22,349;0;256;0;3,121299982070923;0;0;100;10;0;
22,352;0;256;0;3,121299982070923;0;0;100;10;0;
22,354;0;256;0;3,121299982070923;0;0;100;10;0;
22,357;0;256;0;3,121299982070923;0;0;100;10;0;
22,36;0;256;0;3,121299982070923;0;0;100;10;0;
22,363;0;256;0;3,121299982070923;0;0;100;10;0;
22,366;0;256;0;3,121299982070923;0;0;100;10;0;
22,369;0;256;0;3,121299982070923;0;0;100;10;0;
22,371;0;256;0;3,121299982070923;0;0;100;10;0;
22,374;0;256;0;3,121299982070923;0;0;100;10;0;
22,377;0;256;0;3,121299982070923;0;0;100;10;0;
22,379;0;256;0;3,121299982070923;0;0;100;10;0;
22,382;0;256;0;3,121299982070923;0;0;100;10;0;
22,385;0;256;0;3,121299982070923;0;0;100;10;0;
22,387;0;256;0;3,121299982070923;0;0;100;10;0;
22,39;0;256;0;3,121299982070923;0;0;100;10;0;
22,393;0;256;0;3,121299982070923;0;0;100;10;0;
22,395;0;256;0;3,121299982070923;0;0;100;10;0;
22,398;0;256;0;3,121299982070923;0;0;100;10;0;
22,401;0;256;0;3,121299982070923;0;0;100;10;0;
22,404;0;256;0;3,121299982070923;0;0;100;10;0;
22,406;0;256;0;3,121299982070923;0;0;100;10;0;
22,409;0;256;0;3,121299982070923;0;0;100;10;0;
22,412;0;256;0;3,121299982070923;0;0;100;10;0;
22,415;0;256;0;3,121299982070923;0;0;100;10;0;
22,418;0;256;0;3,121299982070923;0;0;100;10;0;
22,421;0;256;0;3,121299982070923;0;0;100;10;0;
22,424;0;256;0;3,121299982070923;0;0;100;10;0;
22,427;0;256;0;3,121299982070923;0;0;100;10;0;
22,43;0;256;0;3,121299982070923;0;0;100;10;0;
22,433;0;256;0;3,121299982070923;0;0;100;10;0;
22,437;0;256;0;3,121299982070923;0;0;100;10;0;
22,439;0;256;0;3,121299982070923;0;0;100;10;0;
22,442;0;256;0;3,121299982070923;0;0;100;10;0;
22,446;0;256;0;3,121299982070923;0;0;100;10;0;
22,449;0;256;0;3,121299982070923;0;0;100;10;0;
22,452;0;256;0;3,121299982070923;0;0;100;10;0;
22,454;0;256;0;3,121299982070923;0;0;100;10;0;
22,457;0;256;0;3,121299982070923;0;0;100;10;0;
22,459;0;256;0;3,121299982070923;0;0;100;10;0;
22,463;0;256;0;3,121299982070923;0;0;100;10;0;
22,466;0;256;0;3,121299982070923;0;0;100;10;0;
22,469;0;256;0;3,121299982070923;0;0;100;10;0;
22,471;0;256;0;3,121299982070923;0;0;100;10;0;
22,474;0;256;0;3,121299982070923;0;0;100;10;0;
22,476;0;256;0;3,121299982070923;0;0;100;10;0;
22,479;0;256;0;3,121299982070923;0;0;100;10;0;
22,482;0;256;0;3,121299982070923;0;0;100;10;0;
22,485;0;256;0;3,121299982070923;0;0;100;10;0;
22,487;0;256;0;3,121299982070923;0;0;100;10;0;
22,49;0;256;0;3,121299982070923;0;0;100;10;0;
22,493;0;256;0;3,121299982070923;0;0;100;10;0;
22,495;0;256;0;3,121299982070923;0;0;100;10;0;
22,499;0;256;0;3,121299982070923;0;0;100;10;0;
22,501;0;256;0;3,121299982070923;0;0;100;10;0;
22,505;0;256;0;3,121299982070923;0;0;100;10;0;
22,507;0;256;0;3,121299982070923;0;0;100;10;0;
22,509;0;256;0;3,121299982070923;0;0;100;10;0;
22,513;0;256;0;3,121299982070923;0;0;100;10;0;
22,516;0;256;0;3,121299982070923;0;0;100;10;0;
22,519;0;256;0;3,121299982070923;0;0;100;10;0;
22,522;0;256;0;3,121299982070923;0;0;100;10;0;
22,525;0;256;0;3,121299982070923;0;0;100;10;0;
22,528;0;256;0;3,121299982070923;0;0;100;10;0;
22,531;0;256;0;3,121299982070923;0;0;100;10;0;
22,534;0;256;0;3,121299982070923;0;0;100;10;0;
22,536;0;256;0;3,121299982070923;0;0;100;10;0;
22,539;0;256;0;3,121299982070923;0;0;100;10;0;
22,542;0;256;0;3,121299982070923;0;0;100;10;0;
22,545;0;256;0;3,121299982070923;0;0;100;10;0;
22,548;0;256;0;3,121299982070923;0;0;100;10;0;
22,551;0;256;0;3,121299982070923;0;0;100;10;0;
22,554;0;256;0;3,121299982070923;0;0;100;10;0;
22,556;0;256;0;3,121299982070923;0;0;100;10;0;
22,559;0;256;0;3,121299982070923;0;0;100;10;0;
22,561;0;256;0;3,121299982070923;0;0;100;10;0;
22,565;0;256;0;3,121299982070923;0;0;100;10;0;
22,568;0;256;0;3,121299982070923;0;0;100;10;0;
22,571;0;256;0;3,121299982070923;0;0;100;10;0;
22,574;0;256;0;3,121299982070923;0;0;100;10;0;
22,577;0;256;0;3,121299982070923;0;0;100;10;0;
22,579;0;256;0;3,121299982070923;0;0;100;10;0;
22,583;0;256;0;3,121299982070923;0;0;100;10;0;
22,585;0;256;0;3,121299982070923;0;0;100;10;0;
22,588;0;256;0;3,121299982070923;0;0;100;10;0;
22,59;0;256;0;3,121299982070923;0;0;100;10;0;
22,593;0;256;0;3,121299982070923;0;0;100;10;0;
22,595;0;256;0;3,121299982070923;0;0;100;10;0;
22,599;0;256;0;3,121299982070923;0;0;100;10;0;
22,601;0;256;0;3,121299982070923;0;0;100;10;0;
22,604;0;256;0;3,121299982070923;0;0;100;10;0;
22,606;0;256;0;3,121299982070923;0;0;100;10;0;
22,608;0;256;0;3,121299982070923;0;0;100;10;0;
22,611;0;256;0;3,121299982070923;0;0;100;10;0;
22,615;0;256;0;3,121299982070923;0;0;100;10;0;
22,618;0;256;0;3,121299982070923;0;0;100;10;0;
22,621;0;256;0;3,121299982070923;0;0;100;10;0;
22,623;0;256;0;3,121299982070923;0;0;100;10;0;
22,626;0;256;0;3,121299982070923;0;0;100;10;0;
22,628;0;256;0;3,121299982070923;0;0;100;10;0;
22,632;0;256;0;3,121299982070923;0;0;100;10;0;
22,634;0;256;0;3,121299982070923;0;0;100;10;0;
22,637;0;256;0;3,121299982070923;0;0;100;10;0;
22,639;0;256;0;3,121299982070923;0;0;100;10;0;
22,642;0;256;0;3,121299982070923;0;0;100;10;0;
22,645;0;256;0;3,121299982070923;0;0;100;10;0;
22,649;0;256;0;3,121299982070923;0;0;100;10;0;
22,652;0;256;0;3,121299982070923;0;0;100;10;0;
22,655;0;256;0;3,121299982070923;0;0;100;10;0;
22,657;0;256;0;3,121299982070923;0;0;100;10;0;
22,66;0;256;0;3,121299982070923;0;0;100;10;0;
22,663;0;256;0;3,121299982070923;0;0;100;10;0;
22,666;0;256;0;3,121299982070923;0;0;100;10;0;
22,67;0;256;0;3,121299982070923;0;0;100;10;0;
22,673;0;256;0;3,121299982070923;0;0;100;10;0;
22,675;0;256;0;3,121299982070923;0;0;100;10;0;
22,679;0;256;0;3,121299982070923;0;0;100;10;0;
22,682;0;256;0;3,121299982070923;0;0;100;10;0;
22,686;0;256;0;3,121299982070923;0;0;100;10;0;
22,688;0;256;0;3,121299982070923;0;0;100;10;0;
22,691;0;256;0;3,121299982070923;0;0;100;10;0;
22,693;0;256;0;3,121299982070923;0;0;100;10;0;
22,696;0;256;0;3,121299982070923;0;0;100;10;0;
22,699;0;256;0;3,121299982070923;0;0;100;10;0;
22,702;0;256;0;3,121299982070923;0;0;100;10;0;
22,705;0;256;0;3,121299982070923;0;0;100;10;0;
22,708;0;256;0;3,121299982070923;0;0;100;10;0;
22,71;0;256;0;3,121299982070923;0;0;100;10;0;
22,713;0;256;0;3,121299982070923;0;0;100;10;0;
22,716;0;256;0;3,121299982070923;0;0;100;10;0;
22,719;0;256;0;3,121299982070923;0;0;100;10;0;
22,722;0;256;0;3,121299982070923;0;0;100;10;0;
22,724;0;256;0;3,121299982070923;0;0;100;10;0;
22,727;0;256;0;3,121299982070923;0;0;100;10;0;
22,729;0;256;0;3,121299982070923;0;0;100;10;0;
22,732;0;256;0;3,121299982070923;0;0;100;10;0;
22,735;0;256;0;3,121299982070923;0;0;100;10;0;
22,737;0;256;0;3,121299982070923;0;0;100;10;0;
22,74;0;256;0;3,121299982070923;0;0;100;10;0;
22,743;0;256;0;3,121299982070923;0;0;100;10;0;
22,745;0;256;0;3,121299982070923;0;0;100;10;0;
22,748;0;256;0;3,121299982070923;0;0;100;10;0;
22,751;0;256;0;3,121299982070923;0;0;100;10;0;
22,754;0;256;0;3,121299982070923;0;0;100;10;0;
22,757;0;256;0;3,121299982070923;0;0;100;10;0;
22,76;0;256;0;3,121299982070923;0;0;100;10;0;
22,763;0;256;0;3,121299982070923;0;0;100;10;0;
22,766;0;256;0;3,121299982070923;0;0;100;10;0;
22,77;0;256;0;3,121299982070923;0;0;100;10;0;
22,773;0;256;0;3,121299982070923;0;0;100;10;0;
22,775;0;256;0;3,121299982070923;0;0;100;10;0;
22,778;0;256;0;3,121299982070923;0;0;100;10;0;
22,781;0;256;0;3,121299982070923;0;0;100;10;0;
22,784;0;256;0;3,121299982070923;0;0;100;10;0;
22,787;0;256;0;3,121299982070923;0;0;100;10;0;
22,79;0;256;0;3,121299982070923;0;0;100;10;0;
22,793;0;256;0;3,121299982070923;0;0;100;10;0;
22,795;0;256;0;3,121299982070923;0;0;100;10;0;
22,798;0;256;0;3,121299982070923;0;0;100;10;0;
22,801;0;256;0;3,121299982070923;0;0;100;10;0;
22,803;0;256;0;3,121299982070923;0;0;100;10;0;
22,805;0;256;0;3,121299982070923;0;0;100;10;0;
22,808;0;256;0;3,121299982070923;0;0;100;10;0;
22,811;0;256;0;3,121299982070923;0;0;100;10;0;
22,813;0;256;0;3,121299982070923;0;0;100;10;0;
22,816;0;256;0;3,121299982070923;0;0;100;10;0;
22,82;0;256;0;3,121299982070923;0;0;100;10;0;
22,822;0;256;0;3,121299982070923;0;0;100;10;0;
22,825;0;256;0;3,121299982070923;0;0;100;10;0;
22,828;0;256;0;3,121299982070923;0;0;100;10;0;
22,831;0;256;0;3,121299982070923;0;0;100;10;0;
22,834;0;256;0;3,121299982070923;0;0;100;10;0;
22,837;0;256;0;3,121299982070923;0;0;100;10;0;
22,84;0;256;0;3,121299982070923;0;0;100;10;0;
22,843;0;256;0;3,121299982070923;0;0;100;10;0;
22,846;0;256;0;3,121299982070923;0;0;100;10;0;
22,849;0;256;0;3,121299982070923;0;0;100;10;0;
22,851;0;256;0;3,121299982070923;0;0;100;10;0;
22,854;0;256;0;3,121299982070923;0;0;100;10;0;
22,856;0;256;0;3,121299982070923;0;0;100;10;0;
22,859;0;256;0;3,121299982070923;0;0;100;10;0;
22,862;0;256;0;3,121299982070923;0;0;100;10;0;
22,865;0;256;0;3,121299982070923;0;0;100;10;0;
22,869;0;256;0;3,121299982070923;0;0;100;10;0;
22,872;0;256;0;3,121299982070923;0;0;100;10;0;
22,875;0;256;0;3,121299982070923;0;0;100;10;0;
22,878;0;256;0;3,121299982070923;0;0;100;10;0;
22,881;0;256;0;3,121299982070923;0;0;100;10;0;
22,885;0;256;0;3,121299982070923;0;0;100;10;0;
22,888;0;256;0;3,121299982070923;0;0;100;10;0;
22,89;0;256;0;3,121299982070923;0;0;100;10;0;
22,893;0;256;0;3,121299982070923;0;0;100;10;0;
22,895;0;256;0;3,121299982070923;0;0;100;10;0;
22,899;0;256;0;3,121299982070923;0;0;100;10;0;
22,902;0;256;0;3,121299982070923;0;0;100;10;0;
22,905;0;256;0;3,121299982070923;0;0;100;10;0;
22,907;0;256;0;3,121299982070923;0;0;100;10;0;
22,91;0;256;0;3,121299982070923;0;0;100;10;0;
22,912;0;256;0;3,121299982070923;0;0;100;10;0;
22,916;0;256;0;3,121299982070923;0;0;100;10;0;
22,919;0;256;0;3,121299982070923;0;0;100;10;0;
22,922;0;256;0;3,121299982070923;0;0;100;10;0;
22,925;0;256;0;3,121299982070923;0;0;100;10;0;
22,927;0;256;0;3,121299982070923;0;0;100;10;0;
22,93;0;256;0;3,121299982070923;0;0;100;10;0;
22,933;0;256;0;3,121299982070923;0;0;100;10;0;
22,935;0;256;0;3,121299982070923;0;0;100;10;0;
22,938;0;256;0;3,121299982070923;0;0;100;10;0;
22,94;0;256;0;3,121299982070923;0;0;100;10;0;
22,943;0;256;0;3,121299982070923;0;0;100;10;0;
22,945;0;256;0;3,121299982070923;0;0;100;10;0;
22,949;0;256;0;3,121299982070923;0;0;100;10;0;
22,951;0;256;0;3,121299982070923;0;0;100;10;0;
22,954;0;256;0;3,121299982070923;0;0;100;10;0;
22,956;0;256;0;3,121299982070923;0;0;100;10;0;
22,959;0;256;0;3,121299982070923;0;0;100;10;0;
22,961;0;256;0;3,121299982070923;0;0;100;10;0;
22,964;0;256;0;3,121299982070923;0;0;100;10;0;
22,967;0;256;0;3,121299982070923;0;0;100;10;0;
