time,copter_pitch_angle,copter_pitch_angle_kal,copter_pitch_angle_komp,copter_roll_angle,copter_roll_angle_kal,copter_roll_angle_komp,
0,-37462014823816495000,-0.058685485273599625,64852978126228030000,-3.6660455358600394e+34,1.8331518525371848e-9,119165001728,
0.008,-37462014823816495000,-0.058685485273599625,64852978126228030000,-3.6660455358600394e+34,1.8331518525371848e-9,119165001728,
0.018,-37462014823816495000,-0.058685485273599625,64852978126228030000,-3.6660455358600394e+34,1.8331518525371848e-9,119165001728,
0.028,-37462014823816495000,-0.058685485273599625,64852978126228030000,-3.6660455358600394e+34,1.8331518525371848e-9,119165001728,
0.038,-37462014823816495000,-0.058685485273599625,64852978126228030000,-3.6660455358600394e+34,1.8331518525371848e-9,119165001728,
0.048,-37462014823816495000,-0.058685485273599625,64852978126228030000,-3.6660455358600394e+34,1.8331518525371848e-9,119165001728,
0.058,-37462014823816495000,-0.058685485273599625,64852978126228030000,-3.6660455358600394e+34,1.8331518525371848e-9,119165001728,
0.068,-37462014823816495000,-0.058685485273599625,64852978126228030000,-3.6660455358600394e+34,1.8331518525371848e-9,119165001728,
0.078,-37462014823816495000,-0.058685485273599625,64852978126228030000,-3.6660455358600394e+34,1.8331518525371848e-9,119165001728,
0.088,-37462014823816495000,-0.058685485273599625,64852978126228030000,-3.6660455358600394e+34,1.8331518525371848e-9,119165001728,
0.098,-37462014823816495000,-0.058685485273599625,64852978126228030000,-3.6660455358600394e+34,1.8331518525371848e-9,119165001728,
0.108,-37462014823816495000,-0.058685485273599625,64852978126228030000,-3.6660455358600394e+34,1.8331518525371848e-9,119165001728,
0.118,-37462014823816495000,-0.058685485273599625,64852978126228030000,-3.6660455358600394e+34,1.8331518525371848e-9,119165001728,
0.128,-37462014823816495000,-0.058685485273599625,64852978126228030000,-3.6660455358600394e+34,1.8331518525371848e-9,119165001728,
0.138,-37462014823816495000,-0.058685485273599625,64852978126228030000,-3.6660455358600394e+34,1.8331518525371848e-9,119165001728,
0.148,-37462014823816495000,-0.058685485273599625,64852978126228030000,-3.6660455358600394e+34,1.8331518525371848e-9,119165001728,
0.158,-37462014823816495000,-0.058685485273599625,64852978126228030000,-3.6660455358600394e+34,1.8331518525371848e-9,119165001728,
0.168,-37462014823816495000,-0.058685485273599625,64852978126228030000,-3.6660455358600394e+34,1.8331518525371848e-9,119165001728,
0.178,-37462014823816495000,-0.058685485273599625,64852978126228030000,-3.6660455358600394e+34,1.8331518525371848e-9,119165001728,
0.188,-37462014823816495000,-0.058685485273599625,64852978126228030000,-3.6660455358600394e+34,1.8331518525371848e-9,119165001728,
0.198,-37462014823816495000,-0.058685485273599625,64852978126228030000,-3.6660455358600394e+34,1.8331518525371848e-9,119165001728,
0.208,-37462014823816495000,-0.058685485273599625,64852978126228030000,-3.6660455358600394e+34,1.8331518525371848e-9,119165001728,
0.218,-37462014823816495000,-0.058685485273599625,64852978126228030000,-3.6660455358600394e+34,1.8331518525371848e-9,119165001728,
0.228,-37462014823816495000,-0.058685485273599625,64852978126228030000,-3.6660455358600394e+34,1.8331518525371848e-9,119165001728,
0.238,-37462014823816495000,-0.058685485273599625,64852978126228030000,-3.6660455358600394e+34,1.8331518525371848e-9,119165001728,
0.248,-37462014823816495000,-0.058685485273599625,64852978126228030000,-3.6660455358600394e+34,1.8331518525371848e-9,119165001728,
0.258,-37462014823816495000,-0.058685485273599625,64852978126228030000,-3.6660455358600394e+34,1.8331518525371848e-9,119165001728,
0.268,-37462014823816495000,-0.058685485273599625,64852978126228030000,-3.6660455358600394e+34,1.8331518525371848e-9,119165001728,
0.278,-37462014823816495000,-0.058685485273599625,64852978126228030000,-3.6660455358600394e+34,1.8331518525371848e-9,119165001728,
0.288,-37462014823816495000,-0.058685485273599625,64852978126228030000,-3.6660455358600394e+34,1.8331518525371848e-9,119165001728,
0.298,-37462014823816495000,-0.058685485273599625,64852978126228030000,-3.6660455358600394e+34,1.8331518525371848e-9,119165001728,
0.308,-37462014823816495000,-0.058685485273599625,64852978126228030000,-3.6660455358600394e+34,1.8331518525371848e-9,119165001728,
0.318,-37462014823816495000,-0.058685485273599625,64852978126228030000,-3.6660455358600394e+34,1.8331518525371848e-9,119165001728,
0.328,-37462014823816495000,-0.058685485273599625,64852978126228030000,-3.6660455358600394e+34,1.8331518525371848e-9,119165001728,
0.338,-37462014823816495000,-0.058685485273599625,64852978126228030000,-3.6660455358600394e+34,1.8331518525371848e-9,119165001728,
0.348,-37462014823816495000,-0.058685485273599625,64852978126228030000,-3.6660455358600394e+34,1.8331518525371848e-9,119165001728,
0.358,-37462014823816495000,-0.058685485273599625,64852978126228030000,-3.6660455358600394e+34,1.8331518525371848e-9,119165001728,
0.368,-37462014823816495000,-0.058685485273599625,64852978126228030000,-3.6660455358600394e+34,1.8331518525371848e-9,119165001728,
0.378,-37462014823816495000,-0.058685485273599625,64852978126228030000,-3.6660455358600394e+34,1.8331518525371848e-9,119165001728,
0.388,-37462014823816495000,-0.058685485273599625,64852978126228030000,-3.6660455358600394e+34,1.8331518525371848e-9,119165001728,
0.398,-37462014823816495000,-0.058685485273599625,64852978126228030000,-3.6660455358600394e+34,1.8331518525371848e-9,119165001728,
0.408,-37462014823816495000,-0.058685485273599625,64852978126228030000,-3.6660455358600394e+34,1.8331518525371848e-9,119165001728,
0.418,-37462014823816495000,-0.058685485273599625,64852978126228030000,-3.6660455358600394e+34,1.8331518525371848e-9,119165001728,
0.428,-37462014823816495000,-0.058685485273599625,64852978126228030000,-3.6660455358600394e+34,1.8331518525371848e-9,119165001728,
0.438,-37462014823816495000,-0.058685485273599625,64852978126228030000,-3.6660455358600394e+34,1.8331518525371848e-9,119165001728,
0.448,-37462014823816495000,-0.058685485273599625,64852978126228030000,-3.6660455358600394e+34,1.8331518525371848e-9,119165001728,
0.458,-37462014823816495000,-0.058685485273599625,64852978126228030000,-3.6660455358600394e+34,1.8331518525371848e-9,119165001728,
0.468,-37462014823816495000,-0.058685485273599625,64852978126228030000,-3.6660455358600394e+34,1.8331518525371848e-9,119165001728,
0.478,-37462014823816495000,-0.058685485273599625,64852978126228030000,-3.6660455358600394e+34,1.8331518525371848e-9,119165001728,
0.488,-37462014823816495000,-0.058685485273599625,64852978126228030000,-3.6660455358600394e+34,1.8331518525371848e-9,119165001728,
0.498,-37462014823816495000,-0.058685485273599625,64852978126228030000,-3.6660455358600394e+34,1.8331518525371848e-9,119165001728,
0.508,-37462014823816495000,-0.058685485273599625,64852978126228030000,-3.6660455358600394e+34,1.8331518525371848e-9,119165001728,
0.518,-37462014823816495000,-0.058685485273599625,64852978126228030000,-3.6660455358600394e+34,1.8331518525371848e-9,119165001728,
0.528,-37462014823816495000,-0.058685485273599625,64852978126228030000,-3.6660455358600394e+34,1.8331518525371848e-9,119165001728,
0.538,-37462014823816495000,-0.058685485273599625,64852978126228030000,-3.6660455358600394e+34,1.8331518525371848e-9,119165001728,
0.548,-37462014823816495000,-0.058685485273599625,64852978126228030000,-3.6660455358600394e+34,1.8331518525371848e-9,119165001728,
0.558,-37462014823816495000,-0.058685485273599625,64852978126228030000,-3.6660455358600394e+34,1.8331518525371848e-9,119165001728,
0.568,-37462014823816495000,-0.058685485273599625,64852978126228030000,-3.6660455358600394e+34,1.8331518525371848e-9,119165001728,
0.578,-37462014823816495000,-0.058685485273599625,64852978126228030000,-3.6660455358600394e+34,1.8331518525371848e-9,119165001728,
0.588,-37462014823816495000,-0.058685485273599625,64852978126228030000,-3.6660455358600394e+34,1.8331518525371848e-9,119165001728,
0.598,-37462014823816495000,-0.058685485273599625,64852978126228030000,-3.6660455358600394e+34,1.8331518525371848e-9,119165001728,
0.608,-37462014823816495000,-0.058685485273599625,64852978126228030000,-3.6660455358600394e+34,1.8331518525371848e-9,119165001728,
0.618,-37462014823816495000,-0.058685485273599625,64852978126228030000,-3.6660455358600394e+34,1.8331518525371848e-9,119165001728,
0.628,-37462014823816495000,-0.058685485273599625,64852978126228030000,-3.6660455358600394e+34,1.8331518525371848e-9,119165001728,
0.638,-37462014823816495000,-0.058685485273599625,64852978126228030000,-3.6660455358600394e+34,1.8331518525371848e-9,119165001728,
0.648,-37462014823816495000,-0.058685485273599625,64852978126228030000,-3.6660455358600394e+34,1.8331518525371848e-9,119165001728,
0.658,-37462014823816495000,-0.058685485273599625,64852978126228030000,-3.6660455358600394e+34,1.8331518525371848e-9,119165001728,
0.668,-37462014823816495000,-0.058685485273599625,64852978126228030000,-3.6660455358600394e+34,1.8331518525371848e-9,119165001728,
0.678,-37462014823816495000,-0.058685485273599625,64852978126228030000,-3.6660455358600394e+34,1.8331518525371848e-9,119165001728,
0.688,-37462014823816495000,-0.058685485273599625,64852978126228030000,-3.6660455358600394e+34,1.8331518525371848e-9,119165001728,
0.698,-37462014823816495000,-0.058685485273599625,64852978126228030000,-3.6660455358600394e+34,1.8331518525371848e-9,119165001728,
0.708,-37462014823816495000,-0.058685485273599625,64852978126228030000,-3.6660455358600394e+34,1.8331518525371848e-9,119165001728,
0.718,-37462014823816495000,-0.058685485273599625,64852978126228030000,-3.6660455358600394e+34,1.8331518525371848e-9,119165001728,
0.728,-37462014823816495000,-0.058685485273599625,64852978126228030000,-3.6660455358600394e+34,1.8331518525371848e-9,119165001728,
0.738,-37462014823816495000,-0.058685485273599625,64852978126228030000,-3.6660455358600394e+34,1.8331518525371848e-9,119165001728,
0.748,-37462014823816495000,-0.058685485273599625,64852978126228030000,-3.6660455358600394e+34,1.8331518525371848e-9,119165001728,
0.758,-37462014823816495000,-0.058685485273599625,64852978126228030000,-3.6660455358600394e+34,1.8331518525371848e-9,119165001728,
0.768,-37462014823816495000,-0.058685485273599625,64852978126228030000,-3.6660455358600394e+34,1.8331518525371848e-9,119165001728,
0.778,-37462014823816495000,-0.058685485273599625,64852978126228030000,-3.6660455358600394e+34,1.8331518525371848e-9,119165001728,
0.788,-37462014823816495000,-0.058685485273599625,64852978126228030000,-3.6660455358600394e+34,1.8331518525371848e-9,119165001728,
0.798,-37462014823816495000,-0.058685485273599625,64852978126228030000,-3.6660455358600394e+34,1.8331518525371848e-9,119165001728,
0.808,-37462014823816495000,-0.058685485273599625,64852978126228030000,-3.6660455358600394e+34,1.8331518525371848e-9,119165001728,
0.818,-37462014823816495000,-0.058685485273599625,64852978126228030000,-3.6660455358600394e+34,1.8331518525371848e-9,119165001728,
0.828,-37462014823816495000,-0.058685485273599625,64852978126228030000,-3.6660455358600394e+34,1.8331518525371848e-9,119165001728,
0.838,-37462014823816495000,-0.058685485273599625,64852978126228030000,-3.6660455358600394e+34,1.8331518525371848e-9,119165001728,
0.848,-37462014823816495000,-0.058685485273599625,64852978126228030000,-3.6660455358600394e+34,1.8331518525371848e-9,119165001728,
0.858,-37462014823816495000,-0.058685485273599625,64852978126228030000,-3.6660455358600394e+34,1.8331518525371848e-9,119165001728,
0.868,-37462014823816495000,-0.058685485273599625,64852978126228030000,-3.6660455358600394e+34,1.8331518525371848e-9,119165001728,
0.878,-37462014823816495000,-0.058685485273599625,64852978126228030000,-3.6660455358600394e+34,1.8331518525371848e-9,119165001728,
0.888,-37462014823816495000,-0.058685485273599625,64852978126228030000,-3.6660455358600394e+34,1.8331518525371848e-9,119165001728,
0.898,-37462014823816495000,-0.058685485273599625,64852978126228030000,-3.6660455358600394e+34,1.8331518525371848e-9,119165001728,
0.908,-37462014823816495000,-0.058685485273599625,64852978126228030000,-3.6660455358600394e+34,1.8331518525371848e-9,119165001728,
0.918,-37462014823816495000,-0.058685485273599625,64852978126228030000,-3.6660455358600394e+34,1.8331518525371848e-9,119165001728,
0.928,-37462014823816495000,-0.058685485273599625,64852978126228030000,-3.6660455358600394e+34,1.8331518525371848e-9,119165001728,
0.938,-37462014823816495000,-0.058685485273599625,64852978126228030000,-3.6660455358600394e+34,1.8331518525371848e-9,119165001728,
0.948,-37462014823816495000,-0.058685485273599625,64852978126228030000,-3.6660455358600394e+34,1.8331518525371848e-9,119165001728,
0.958,-37462014823816495000,-0.058685485273599625,64852978126228030000,-3.6660455358600394e+34,1.8331518525371848e-9,119165001728,
0.968,-37462014823816495000,-0.058685485273599625,64852978126228030000,-3.6660455358600394e+34,1.8331518525371848e-9,119165001728,
0.978,-37462014823816495000,-0.058685485273599625,64852978126228030000,-3.6660455358600394e+34,1.8331518525371848e-9,119165001728,
0.988,-37462014823816495000,-0.058685485273599625,64852978126228030000,-3.6660455358600394e+34,1.8331518525371848e-9,119165001728,
0.998,-37462014823816495000,-0.058685485273599625,64852978126228030000,-3.6660455358600394e+34,1.8331518525371848e-9,119165001728,
1.008,-37462014823816495000,-0.058685485273599625,64852978126228030000,-3.6660455358600394e+34,1.8331518525371848e-9,119165001728,
1.018,-37462014823816495000,-0.058685485273599625,64852978126228030000,-3.6660455358600394e+34,1.8331518525371848e-9,119165001728,
1.028,-37462014823816495000,-0.058685485273599625,64852978126228030000,-3.6660455358600394e+34,1.8331518525371848e-9,119165001728,
1.038,-37462014823816495000,-0.058685485273599625,64852978126228030000,-3.6660455358600394e+34,1.8331518525371848e-9,119165001728,
1.048,-37462014823816495000,-0.058685485273599625,64852978126228030000,-3.6660455358600394e+34,1.8331518525371848e-9,119165001728,
1.058,-37462014823816495000,-0.058685485273599625,64852978126228030000,-3.6660455358600394e+34,1.8331518525371848e-9,119165001728,
1.068,-37462014823816495000,-0.058685485273599625,64852978126228030000,-3.6660455358600394e+34,1.8331518525371848e-9,119165001728,
1.078,-37462014823816495000,-0.058685485273599625,64852978126228030000,-3.6660455358600394e+34,1.8331518525371848e-9,119165001728,
1.088,-37462014823816495000,-0.058685485273599625,64852978126228030000,-3.6660455358600394e+34,1.8331518525371848e-9,119165001728,
1.098,-37462014823816495000,-0.058685485273599625,64852978126228030000,-3.6660455358600394e+34,1.8331518525371848e-9,119165001728,
1.108,-37462014823816495000,-0.058685485273599625,64852978126228030000,-3.6660455358600394e+34,1.8331518525371848e-9,119165001728,
1.118,-37462014823816495000,-0.058685485273599625,64852978126228030000,-3.6660455358600394e+34,1.8331518525371848e-9,119165001728,
1.128,-37462014823816495000,-0.058685485273599625,64852978126228030000,-3.6660455358600394e+34,1.8331518525371848e-9,119165001728,
1.138,-37462014823816495000,-0.058685485273599625,64852978126228030000,-3.6660455358600394e+34,1.8331518525371848e-9,119165001728,
1.148,-37462014823816495000,-0.058685485273599625,64852978126228030000,-3.6660455358600394e+34,1.8331518525371848e-9,119165001728,
1.158,-37462014823816495000,-0.058685485273599625,64852978126228030000,-3.6660455358600394e+34,1.8331518525371848e-9,119165001728,
1.168,-37462014823816495000,-0.058685485273599625,64852978126228030000,-3.6660455358600394e+34,1.8331518525371848e-9,119165001728,
1.178,-37462014823816495000,-0.058685485273599625,64852978126228030000,-3.6660455358600394e+34,1.8331518525371848e-9,119165001728,
1.188,-37462014823816495000,-0.058685485273599625,64852978126228030000,-3.6660455358600394e+34,1.8331518525371848e-9,119165001728,
1.198,-37462014823816495000,-0.058685485273599625,64852978126228030000,-3.6660455358600394e+34,1.8331518525371848e-9,119165001728,
1.208,-37462014823816495000,-0.058685485273599625,64852978126228030000,-3.6660455358600394e+34,1.8331518525371848e-9,119165001728,
1.218,-37462014823816495000,-0.058685485273599625,64852978126228030000,-3.6660455358600394e+34,1.8331518525371848e-9,119165001728,
1.228,-37462014823816495000,-0.058685485273599625,64852978126228030000,-3.6660455358600394e+34,1.8331518525371848e-9,119165001728,
1.238,-37462014823816495000,-0.058685485273599625,64852978126228030000,-3.6660455358600394e+34,1.8331518525371848e-9,119165001728,
1.248,-37462014823816495000,-0.058685485273599625,64852978126228030000,-3.6660455358600394e+34,1.8331518525371848e-9,119165001728,
1.258,-37462014823816495000,-0.058685485273599625,64852978126228030000,-3.6660455358600394e+34,1.8331518525371848e-9,119165001728,
1.268,-37462014823816495000,-0.058685485273599625,64852978126228030000,-3.6660455358600394e+34,1.8331518525371848e-9,119165001728,
1.278,-37462014823816495000,-0.058685485273599625,64852978126228030000,-3.6660455358600394e+34,1.8331518525371848e-9,119165001728,
1.288,-37462014823816495000,-0.058685485273599625,64852978126228030000,-3.6660455358600394e+34,1.8331518525371848e-9,119165001728,
1.298,-37462014823816495000,-0.058685485273599625,64852978126228030000,-3.6660455358600394e+34,1.8331518525371848e-9,119165001728,
1.308,-37462014823816495000,-0.058685485273599625,64852978126228030000,-3.6660455358600394e+34,1.8331518525371848e-9,119165001728,
1.318,-37462014823816495000,-0.058685485273599625,64852978126228030000,-3.6660455358600394e+34,1.8331518525371848e-9,119165001728,
1.328,-37462014823816495000,-0.058685485273599625,64852978126228030000,-3.6660455358600394e+34,1.8331518525371848e-9,119165001728,
1.338,-37462014823816495000,-0.058685485273599625,64852978126228030000,-3.6660455358600394e+34,1.8331518525371848e-9,119165001728,
1.348,-37462014823816495000,-0.058685485273599625,64852978126228030000,-3.6660455358600394e+34,1.8331518525371848e-9,119165001728,
1.358,-37462014823816495000,-0.058685485273599625,64852978126228030000,-3.6660455358600394e+34,1.8331518525371848e-9,119165001728,
1.368,-37462014823816495000,-0.058685485273599625,64852978126228030000,-3.6660455358600394e+34,1.8331518525371848e-9,119165001728,
1.378,-37462014823816495000,-0.058685485273599625,64852978126228030000,-3.6660455358600394e+34,1.8331518525371848e-9,119165001728,
1.388,-37462014823816495000,-0.058685485273599625,64852978126228030000,-3.6660455358600394e+34,1.8331518525371848e-9,119165001728,
1.398,-37462014823816495000,-0.058685485273599625,64852978126228030000,-3.6660455358600394e+34,1.8331518525371848e-9,119165001728,
1.408,-37462014823816495000,-0.058685485273599625,64852978126228030000,-3.6660455358600394e+34,1.8331518525371848e-9,119165001728,
1.418,-37462014823816495000,-0.058685485273599625,64852978126228030000,-3.6660455358600394e+34,1.8331518525371848e-9,119165001728,
1.428,-37462014823816495000,-0.058685485273599625,64852978126228030000,-3.6660455358600394e+34,1.8331518525371848e-9,119165001728,
1.438,-37462014823816495000,-0.058685485273599625,64852978126228030000,-3.6660455358600394e+34,1.8331518525371848e-9,119165001728,
1.448,-37462014823816495000,-0.058685485273599625,64852978126228030000,-3.6660455358600394e+34,1.8331518525371848e-9,119165001728,
1.458,-37462014823816495000,-0.058685485273599625,64852978126228030000,-3.6660455358600394e+34,1.8331518525371848e-9,119165001728,
1.468,-37462014823816495000,-0.058685485273599625,64852978126228030000,-3.6660455358600394e+34,1.8331518525371848e-9,119165001728,
1.478,-37462014823816495000,-0.058685485273599625,64852978126228030000,-3.6660455358600394e+34,1.8331518525371848e-9,119165001728,
1.488,-37462014823816495000,-0.058685485273599625,64852978126228030000,-3.6660455358600394e+34,1.8331518525371848e-9,119165001728,
1.498,-37462014823816495000,-0.058685485273599625,64852978126228030000,-3.6660455358600394e+34,1.8331518525371848e-9,119165001728,
1.508,-37462014823816495000,-0.058685485273599625,64852978126228030000,-3.6660455358600394e+34,1.8331518525371848e-9,119165001728,
1.518,-37462014823816495000,-0.058685485273599625,64852978126228030000,-3.6660455358600394e+34,1.8331518525371848e-9,119165001728,
1.528,-37462014823816495000,-0.058685485273599625,64852978126228030000,-3.6660455358600394e+34,1.8331518525371848e-9,119165001728,
1.538,-37462014823816495000,-0.058685485273599625,64852978126228030000,-3.6660455358600394e+34,1.8331518525371848e-9,119165001728,
1.548,-37462014823816495000,-0.058685485273599625,64852978126228030000,-3.6660455358600394e+34,1.8331518525371848e-9,119165001728,
1.558,-37462014823816495000,-0.058685485273599625,64852978126228030000,-3.6660455358600394e+34,1.8331518525371848e-9,119165001728,
1.568,-37462014823816495000,-0.058685485273599625,64852978126228030000,-3.6660455358600394e+34,1.8331518525371848e-9,119165001728,
1.578,-37462014823816495000,-0.058685485273599625,64852978126228030000,-3.6660455358600394e+34,1.8331518525371848e-9,119165001728,
1.588,-37462014823816495000,-0.058685485273599625,64852978126228030000,-3.6660455358600394e+34,1.8331518525371848e-9,119165001728,
1.598,-37462014823816495000,-0.058685485273599625,64852978126228030000,-3.6660455358600394e+34,1.8331518525371848e-9,119165001728,
1.608,-37462014823816495000,-0.058685485273599625,64852978126228030000,-3.6660455358600394e+34,1.8331518525371848e-9,119165001728,
1.618,-37462014823816495000,-0.058685485273599625,64852978126228030000,-3.6660455358600394e+34,1.8331518525371848e-9,119165001728,
1.628,-37462014823816495000,-0.058685485273599625,64852978126228030000,-3.6660455358600394e+34,1.8331518525371848e-9,119165001728,
1.638,-37462014823816495000,-0.058685485273599625,64852978126228030000,-3.6660455358600394e+34,1.8331518525371848e-9,119165001728,
1.648,-37462014823816495000,-0.058685485273599625,64852978126228030000,-3.6660455358600394e+34,1.8331518525371848e-9,119165001728,
1.658,-37462014823816495000,-0.058685485273599625,64852978126228030000,-3.6660455358600394e+34,1.8331518525371848e-9,119165001728,
1.668,-37462014823816495000,-0.058685485273599625,64852978126228030000,-3.6660455358600394e+34,1.8331518525371848e-9,119165001728,
1.678,-37462014823816495000,-0.058685485273599625,64852978126228030000,-3.6660455358600394e+34,1.8331518525371848e-9,119165001728,
1.688,-37462014823816495000,-0.058685485273599625,64852978126228030000,-3.6660455358600394e+34,1.8331518525371848e-9,119165001728,
1.698,-37462014823816495000,-0.058685485273599625,64852978126228030000,-3.6660455358600394e+34,1.8331518525371848e-9,119165001728,
1.708,-37462014823816495000,-0.058685485273599625,64852978126228030000,-3.6660455358600394e+34,1.8331518525371848e-9,119165001728,
1.718,-37462014823816495000,-0.058685485273599625,64852978126228030000,-3.6660455358600394e+34,1.8331518525371848e-9,119165001728,
1.728,-37462014823816495000,-0.058685485273599625,64852978126228030000,-3.6660455358600394e+34,1.8331518525371848e-9,119165001728,
1.738,-37462014823816495000,-0.058685485273599625,64852978126228030000,-3.6660455358600394e+34,1.8331518525371848e-9,119165001728,
1.748,-37462014823816495000,-0.058685485273599625,64852978126228030000,-3.6660455358600394e+34,1.8331518525371848e-9,119165001728,
1.758,-37462014823816495000,-0.058685485273599625,64852978126228030000,-3.6660455358600394e+34,1.8331518525371848e-9,119165001728,
1.768,-37462014823816495000,-0.058685485273599625,64852978126228030000,-3.6660455358600394e+34,1.8331518525371848e-9,119165001728,
1.778,-37462014823816495000,-0.058685485273599625,64852978126228030000,-3.6660455358600394e+34,1.8331518525371848e-9,119165001728,
1.788,-37462014823816495000,-0.058685485273599625,64852978126228030000,-3.6660455358600394e+34,1.8331518525371848e-9,119165001728,
1.798,-37462014823816495000,-0.058685485273599625,64852978126228030000,-3.6660455358600394e+34,1.8331518525371848e-9,119165001728,
1.808,-37462014823816495000,-0.058685485273599625,64852978126228030000,-3.6660455358600394e+34,1.8331518525371848e-9,119165001728,
1.818,-37462014823816495000,-0.058685485273599625,64852978126228030000,-3.6660455358600394e+34,1.8331518525371848e-9,119165001728,
1.828,-37462014823816495000,-0.058685485273599625,64852978126228030000,-3.6660455358600394e+34,1.8331518525371848e-9,119165001728,
1.838,-37462014823816495000,-0.058685485273599625,64852978126228030000,-3.6660455358600394e+34,1.8331518525371848e-9,119165001728,
1.848,-37462014823816495000,-0.058685485273599625,64852978126228030000,-3.6660455358600394e+34,1.8331518525371848e-9,119165001728,
1.858,-37462014823816495000,-0.058685485273599625,64852978126228030000,-3.6660455358600394e+34,1.8331518525371848e-9,119165001728,
1.868,-37462014823816495000,-0.058685485273599625,64852978126228030000,-3.6660455358600394e+34,1.8331518525371848e-9,119165001728,
1.878,-37462014823816495000,-0.058685485273599625,64852978126228030000,-3.6660455358600394e+34,1.8331518525371848e-9,119165001728,
1.888,-37462014823816495000,-0.058685485273599625,64852978126228030000,-3.6660455358600394e+34,1.8331518525371848e-9,119165001728,
1.898,-37462014823816495000,-0.058685485273599625,64852978126228030000,-3.6660455358600394e+34,1.8331518525371848e-9,119165001728,
1.908,-37462014823816495000,-0.058685485273599625,64852978126228030000,-3.6660455358600394e+34,1.8331518525371848e-9,119165001728,
1.918,-37462014823816495000,-0.058685485273599625,64852978126228030000,-3.6660455358600394e+34,1.8331518525371848e-9,119165001728,
1.928,-37462014823816495000,-0.058685485273599625,64852978126228030000,-3.6660455358600394e+34,1.8331518525371848e-9,119165001728,
1.938,-37462014823816495000,-0.058685485273599625,64852978126228030000,-3.6660455358600394e+34,1.8331518525371848e-9,119165001728,
1.948,-37462014823816495000,-0.058685485273599625,64852978126228030000,-3.6660455358600394e+34,1.8331518525371848e-9,119165001728,
1.958,-37462014823816495000,-0.058685485273599625,64852978126228030000,-3.6660455358600394e+34,1.8331518525371848e-9,119165001728,
1.968,-37462014823816495000,-0.058685485273599625,64852978126228030000,-3.6660455358600394e+34,1.8331518525371848e-9,119165001728,
1.978,-37462014823816495000,-0.058685485273599625,64852978126228030000,-3.6660455358600394e+34,1.8331518525371848e-9,119165001728,
1.988,-37462014823816495000,-0.058685485273599625,64852978126228030000,-3.6660455358600394e+34,1.8331518525371848e-9,119165001728,
1.998,-37462014823816495000,-0.058685485273599625,64852978126228030000,-3.6660455358600394e+34,1.8331518525371848e-9,119165001728,
2.008,-37462014823816495000,-0.058685485273599625,64852978126228030000,-3.6660455358600394e+34,1.8331518525371848e-9,119165001728,
2.018,-37462014823816495000,-0.058685485273599625,64852978126228030000,-3.6660455358600394e+34,1.8331518525371848e-9,119165001728,
2.028,-37462014823816495000,-0.058685485273599625,64852978126228030000,-3.6660455358600394e+34,1.8331518525371848e-9,119165001728,
2.038,-37462014823816495000,-0.058685485273599625,64852978126228030000,-3.6660455358600394e+34,1.8331518525371848e-9,119165001728,
2.048,-37462014823816495000,-0.058685485273599625,64852978126228030000,-3.6660455358600394e+34,1.8331518525371848e-9,119165001728,
2.058,-37462014823816495000,-0.058685485273599625,64852978126228030000,-3.6660455358600394e+34,1.8331518525371848e-9,119165001728,
2.068,-37462014823816495000,-0.058685485273599625,64852978126228030000,-3.6660455358600394e+34,1.8331518525371848e-9,119165001728,
2.078,-37462014823816495000,-0.058685485273599625,64852978126228030000,-3.6660455358600394e+34,1.8331518525371848e-9,119165001728,
2.088,-37462014823816495000,-0.058685485273599625,64852978126228030000,-3.6660455358600394e+34,1.8331518525371848e-9,119165001728,
2.098,-37462014823816495000,-0.058685485273599625,64852978126228030000,-3.6660455358600394e+34,1.8331518525371848e-9,119165001728,
2.108,-37462014823816495000,-0.058685485273599625,64852978126228030000,-3.6660455358600394e+34,1.8331518525371848e-9,119165001728,
2.118,-37462014823816495000,-0.058685485273599625,64852978126228030000,-3.6660455358600394e+34,1.8331518525371848e-9,119165001728,
2.128,-37462014823816495000,-0.058685485273599625,64852978126228030000,-3.6660455358600394e+34,1.8331518525371848e-9,119165001728,
2.138,-37462014823816495000,-0.058685485273599625,64852978126228030000,-3.6660455358600394e+34,1.8331518525371848e-9,119165001728,
2.148,-37462014823816495000,-0.058685485273599625,64852978126228030000,-3.6660455358600394e+34,1.8331518525371848e-9,119165001728,
2.158,-37462014823816495000,-0.058685485273599625,64852978126228030000,-3.6660455358600394e+34,1.8331518525371848e-9,119165001728,
2.168,-37462014823816495000,-0.058685485273599625,64852978126228030000,-3.6660455358600394e+34,1.8331518525371848e-9,119165001728,
2.178,-37462014823816495000,-0.058685485273599625,64852978126228030000,-3.6660455358600394e+34,1.8331518525371848e-9,119165001728,
2.188,-37462014823816495000,-0.058685485273599625,64852978126228030000,-3.6660455358600394e+34,1.8331518525371848e-9,119165001728,
2.198,-37462014823816495000,-0.058685485273599625,64852978126228030000,-3.6660455358600394e+34,1.8331518525371848e-9,119165001728,
2.208,-37462014823816495000,-0.058685485273599625,64852978126228030000,-3.6660455358600394e+34,1.8331518525371848e-9,119165001728,
2.218,-37462014823816495000,-0.058685485273599625,64852978126228030000,-3.6660455358600394e+34,1.8331518525371848e-9,119165001728,
2.228,-37462014823816495000,-0.058685485273599625,64852978126228030000,-3.6660455358600394e+34,1.8331518525371848e-9,119165001728,
2.238,-37462014823816495000,-0.058685485273599625,64852978126228030000,-3.6660455358600394e+34,1.8331518525371848e-9,119165001728,
2.248,-37462014823816495000,-0.058685485273599625,64852978126228030000,-3.6660455358600394e+34,1.8331518525371848e-9,119165001728,
2.258,-37462014823816495000,-0.058685485273599625,64852978126228030000,-3.6660455358600394e+34,1.8331518525371848e-9,119165001728,
2.268,-37462014823816495000,-0.058685485273599625,64852978126228030000,-3.6660455358600394e+34,1.8331518525371848e-9,119165001728,
2.278,-37462014823816495000,-0.058685485273599625,64852978126228030000,-3.6660455358600394e+34,1.8331518525371848e-9,119165001728,
2.288,-37462014823816495000,-0.058685485273599625,64852978126228030000,-3.6660455358600394e+34,1.8331518525371848e-9,119165001728,
2.298,-37462014823816495000,-0.058685485273599625,64852978126228030000,-3.6660455358600394e+34,1.8331518525371848e-9,119165001728,
2.308,-37462014823816495000,-0.058685485273599625,64852978126228030000,-3.6660455358600394e+34,1.8331518525371848e-9,119165001728,
2.318,-37462014823816495000,-0.058685485273599625,64852978126228030000,-3.6660455358600394e+34,1.8331518525371848e-9,119165001728,
2.328,-37462014823816495000,-0.058685485273599625,64852978126228030000,-3.6660455358600394e+34,1.8331518525371848e-9,119165001728,
2.338,-37462014823816495000,-0.058685485273599625,64852978126228030000,-3.6660455358600394e+34,1.8331518525371848e-9,119165001728,
2.348,-37462014823816495000,-0.058685485273599625,64852978126228030000,-3.6660455358600394e+34,1.8331518525371848e-9,119165001728,
2.358,-37462014823816495000,-0.058685485273599625,64852978126228030000,-3.6660455358600394e+34,1.8331518525371848e-9,119165001728,
2.368,-37462014823816495000,-0.058685485273599625,64852978126228030000,-3.6660455358600394e+34,1.8331518525371848e-9,119165001728,
2.378,-37462014823816495000,-0.058685485273599625,64852978126228030000,-3.6660455358600394e+34,1.8331518525371848e-9,119165001728,
2.388,-37462014823816495000,-0.058685485273599625,64852978126228030000,-3.6660455358600394e+34,1.8331518525371848e-9,119165001728,
2.398,-37462014823816495000,-0.058685485273599625,64852978126228030000,-3.6660455358600394e+34,1.8331518525371848e-9,119165001728,
2.408,-37462014823816495000,-0.058685485273599625,64852978126228030000,-3.6660455358600394e+34,1.8331518525371848e-9,119165001728,
2.418,-37462014823816495000,-0.058685485273599625,64852978126228030000,-3.6660455358600394e+34,1.8331518525371848e-9,119165001728,
2.428,-37462014823816495000,-0.058685485273599625,64852978126228030000,-3.6660455358600394e+34,1.8331518525371848e-9,119165001728,
2.438,-37462014823816495000,-0.058685485273599625,64852978126228030000,-3.6660455358600394e+34,1.8331518525371848e-9,119165001728,
2.448,-37462014823816495000,-0.058685485273599625,64852978126228030000,-3.6660455358600394e+34,1.8331518525371848e-9,119165001728,
2.458,-37462014823816495000,-0.058685485273599625,64852978126228030000,-3.6660455358600394e+34,1.8331518525371848e-9,119165001728,
2.468,-37462014823816495000,-0.058685485273599625,64852978126228030000,-3.6660455358600394e+34,1.8331518525371848e-9,119165001728,
2.478,-37462014823816495000,-0.058685485273599625,64852978126228030000,-3.6660455358600394e+34,1.8331518525371848e-9,119165001728,
2.488,-37462014823816495000,-0.058685485273599625,64852978126228030000,-3.6660455358600394e+34,1.8331518525371848e-9,119165001728,
2.498,-37462014823816495000,-0.058685485273599625,64852978126228030000,-3.6660455358600394e+34,1.8331518525371848e-9,119165001728,
2.508,-37462014823816495000,-0.058685485273599625,64852978126228030000,-3.6660455358600394e+34,1.8331518525371848e-9,119165001728,
2.518,-37462014823816495000,-0.058685485273599625,64852978126228030000,-3.6660455358600394e+34,1.8331518525371848e-9,119165001728,
2.528,-37462014823816495000,-0.058685485273599625,64852978126228030000,-3.6660455358600394e+34,1.8331518525371848e-9,119165001728,
2.538,-37462014823816495000,-0.058685485273599625,64852978126228030000,-3.6660455358600394e+34,1.8331518525371848e-9,119165001728,
2.548,-37462014823816495000,-0.058685485273599625,64852978126228030000,-3.6660455358600394e+34,1.8331518525371848e-9,119165001728,
2.558,-37462014823816495000,-0.058685485273599625,64852978126228030000,-3.6660455358600394e+34,1.8331518525371848e-9,119165001728,
2.568,-37462014823816495000,-0.058685485273599625,64852978126228030000,-3.6660455358600394e+34,1.8331518525371848e-9,119165001728,
2.578,-37462014823816495000,-0.058685485273599625,64852978126228030000,-3.6660455358600394e+34,1.8331518525371848e-9,119165001728,
2.588,-37462014823816495000,-0.058685485273599625,64852978126228030000,-3.6660455358600394e+34,1.8331518525371848e-9,119165001728,
2.598,-37462014823816495000,-0.058685485273599625,64852978126228030000,-3.6660455358600394e+34,1.8331518525371848e-9,119165001728,
2.608,-37462014823816495000,-0.058685485273599625,64852978126228030000,-3.6660455358600394e+34,1.8331518525371848e-9,119165001728,
2.618,-37462014823816495000,-0.058685485273599625,64852978126228030000,-3.6660455358600394e+34,1.8331518525371848e-9,119165001728,
2.628,-37462014823816495000,-0.058685485273599625,64852978126228030000,-3.6660455358600394e+34,1.8331518525371848e-9,119165001728,
2.638,-37462014823816495000,-0.058685485273599625,64852978126228030000,-3.6660455358600394e+34,1.8331518525371848e-9,119165001728,
2.648,-37462014823816495000,-0.058685485273599625,64852978126228030000,-3.6660455358600394e+34,1.8331518525371848e-9,119165001728,
2.658,-37462014823816495000,-0.058685485273599625,64852978126228030000,-3.6660455358600394e+34,1.8331518525371848e-9,119165001728,
2.668,-37462014823816495000,-0.058685485273599625,64852978126228030000,-3.6660455358600394e+34,1.8331518525371848e-9,119165001728,
2.678,-37462014823816495000,-0.058685485273599625,64852978126228030000,-3.6660455358600394e+34,1.8331518525371848e-9,119165001728,
2.688,-37462014823816495000,-0.058685485273599625,64852978126228030000,-3.6660455358600394e+34,1.8331518525371848e-9,119165001728,
2.698,-37462014823816495000,-0.058685485273599625,64852978126228030000,-3.6660455358600394e+34,1.8331518525371848e-9,119165001728,
2.708,-37462014823816495000,-0.058685485273599625,64852978126228030000,-3.6660455358600394e+34,1.8331518525371848e-9,119165001728,
2.718,-37462014823816495000,-0.058685485273599625,64852978126228030000,-3.6660455358600394e+34,1.8331518525371848e-9,119165001728,
2.728,-37462014823816495000,-0.058685485273599625,64852978126228030000,-3.6660455358600394e+34,1.8331518525371848e-9,119165001728,
2.738,-37462014823816495000,-0.058685485273599625,64852978126228030000,-3.6660455358600394e+34,1.8331518525371848e-9,119165001728,
2.748,-37462014823816495000,-0.058685485273599625,64852978126228030000,-3.6660455358600394e+34,1.8331518525371848e-9,119165001728,
2.758,-37462014823816495000,-0.058685485273599625,64852978126228030000,-3.6660455358600394e+34,1.8331518525371848e-9,119165001728,
2.768,-37462014823816495000,-0.058685485273599625,64852978126228030000,-3.6660455358600394e+34,1.8331518525371848e-9,119165001728,
2.778,-37462014823816495000,-0.058685485273599625,64852978126228030000,-3.6660455358600394e+34,1.8331518525371848e-9,119165001728,
2.788,-37462014823816495000,-0.058685485273599625,64852978126228030000,-3.6660455358600394e+34,1.8331518525371848e-9,119165001728,
2.798,-37462014823816495000,-0.058685485273599625,64852978126228030000,-3.6660455358600394e+34,1.8331518525371848e-9,119165001728,
2.808,-37462014823816495000,-0.058685485273599625,64852978126228030000,-3.6660455358600394e+34,1.8331518525371848e-9,119165001728,
2.818,-37462014823816495000,-0.058685485273599625,64852978126228030000,-3.6660455358600394e+34,1.8331518525371848e-9,119165001728,
2.828,-37462014823816495000,-0.058685485273599625,64852978126228030000,-3.6660455358600394e+34,1.8331518525371848e-9,119165001728,
2.838,-37462014823816495000,-0.058685485273599625,64852978126228030000,-3.6660455358600394e+34,1.8331518525371848e-9,119165001728,
2.848,-37462014823816495000,-0.058685485273599625,64852978126228030000,-3.6660455358600394e+34,1.8331518525371848e-9,119165001728,
2.858,-37462014823816495000,-0.058685485273599625,64852978126228030000,-3.6660455358600394e+34,1.8331518525371848e-9,119165001728,
2.868,-37462014823816495000,-0.058685485273599625,64852978126228030000,-3.6660455358600394e+34,1.8331518525371848e-9,119165001728,
2.878,-37462014823816495000,-0.058685485273599625,64852978126228030000,-3.6660455358600394e+34,1.8331518525371848e-9,119165001728,
2.888,-37462014823816495000,-0.058685485273599625,64852978126228030000,-3.6660455358600394e+34,1.8331518525371848e-9,119165001728,
2.898,-37462014823816495000,-0.058685485273599625,64852978126228030000,-3.6660455358600394e+34,1.8331518525371848e-9,119165001728,
2.908,-37462014823816495000,-0.058685485273599625,64852978126228030000,-3.6660455358600394e+34,1.8331518525371848e-9,119165001728,
2.918,-37462014823816495000,-0.058685485273599625,64852978126228030000,-3.6660455358600394e+34,1.8331518525371848e-9,119165001728,
2.928,-37462014823816495000,-0.058685485273599625,64852978126228030000,-3.6660455358600394e+34,1.8331518525371848e-9,119165001728,
2.938,-37462014823816495000,-0.058685485273599625,64852978126228030000,-3.6660455358600394e+34,1.8331518525371848e-9,119165001728,
2.948,-37462014823816495000,-0.058685485273599625,64852978126228030000,-3.6660455358600394e+34,1.8331518525371848e-9,119165001728,
2.958,-37462014823816495000,-0.058685485273599625,64852978126228030000,-3.6660455358600394e+34,1.8331518525371848e-9,119165001728,
2.968,-37462014823816495000,-0.058685485273599625,64852978126228030000,-3.6660455358600394e+34,1.8331518525371848e-9,119165001728,
2.978,-37462014823816495000,-0.058685485273599625,64852978126228030000,-3.6660455358600394e+34,1.8331518525371848e-9,119165001728,
2.988,-37462014823816495000,-0.058685485273599625,64852978126228030000,-3.6660455358600394e+34,1.8331518525371848e-9,119165001728,
2.998,-37462014823816495000,-0.058685485273599625,64852978126228030000,-3.6660455358600394e+34,1.8331518525371848e-9,119165001728,
3.008,-37462014823816495000,-0.058685485273599625,64852978126228030000,-3.6660455358600394e+34,1.8331518525371848e-9,119165001728,
3.018,-37462014823816495000,-0.058685485273599625,64852978126228030000,-3.6660455358600394e+34,1.8331518525371848e-9,119165001728,
3.028,-37462014823816495000,-0.058685485273599625,64852978126228030000,-3.6660455358600394e+34,1.8331518525371848e-9,119165001728,
3.038,-37462014823816495000,-0.058685485273599625,64852978126228030000,-3.6660455358600394e+34,1.8331518525371848e-9,119165001728,
3.048,-37462014823816495000,-0.058685485273599625,64852978126228030000,-3.6660455358600394e+34,1.8331518525371848e-9,119165001728,
3.058,-37462014823816495000,-0.058685485273599625,64852978126228030000,-3.6660455358600394e+34,1.8331518525371848e-9,119165001728,
3.068,-37462014823816495000,-0.058685485273599625,64852978126228030000,-3.6660455358600394e+34,1.8331518525371848e-9,119165001728,
3.078,-37462014823816495000,-0.058685485273599625,64852978126228030000,-3.6660455358600394e+34,1.8331518525371848e-9,119165001728,
3.088,-37462014823816495000,-0.058685485273599625,64852978126228030000,-3.6660455358600394e+34,1.8331518525371848e-9,119165001728,
3.098,-37462014823816495000,-0.058685485273599625,64852978126228030000,-3.6660455358600394e+34,1.8331518525371848e-9,119165001728,
3.108,-37462014823816495000,-0.058685485273599625,64852978126228030000,-3.6660455358600394e+34,1.8331518525371848e-9,119165001728,
3.118,-37462014823816495000,-0.058685485273599625,64852978126228030000,-3.6660455358600394e+34,1.8331518525371848e-9,119165001728,
3.128,-37462014823816495000,-0.058685485273599625,64852978126228030000,-3.6660455358600394e+34,1.8331518525371848e-9,119165001728,
3.138,-37462014823816495000,-0.058685485273599625,64852978126228030000,-3.6660455358600394e+34,1.8331518525371848e-9,119165001728,
3.148,-37462014823816495000,-0.058685485273599625,64852978126228030000,-3.6660455358600394e+34,1.8331518525371848e-9,119165001728,
3.158,-37462014823816495000,-0.058685485273599625,64852978126228030000,-3.6660455358600394e+34,1.8331518525371848e-9,119165001728,
3.168,-37462014823816495000,-0.058685485273599625,64852978126228030000,-3.6660455358600394e+34,1.8331518525371848e-9,119165001728,
3.178,-37462014823816495000,-0.058685485273599625,64852978126228030000,-3.6660455358600394e+34,1.8331518525371848e-9,119165001728,
3.189,-37462014823816495000,-0.058685485273599625,64852978126228030000,-3.6660455358600394e+34,1.8331518525371848e-9,119165001728,
3.198,-37462014823816495000,-0.058685485273599625,64852978126228030000,-3.6660455358600394e+34,1.8331518525371848e-9,119165001728,
3.208,-37462014823816495000,-0.058685485273599625,64852978126228030000,-3.6660455358600394e+34,1.8331518525371848e-9,119165001728,
3.218,-37462014823816495000,-0.058685485273599625,64852978126228030000,-3.6660455358600394e+34,1.8331518525371848e-9,119165001728,
3.228,-37462014823816495000,-0.058685485273599625,64852978126228030000,-3.6660455358600394e+34,1.8331518525371848e-9,119165001728,
3.238,-37462014823816495000,-0.058685485273599625,64852978126228030000,-3.6660455358600394e+34,1.8331518525371848e-9,119165001728,
3.248,-37462014823816495000,-0.058685485273599625,64852978126228030000,-3.6660455358600394e+34,1.8331518525371848e-9,119165001728,
3.258,-37462014823816495000,-0.058685485273599625,64852978126228030000,-3.6660455358600394e+34,1.8331518525371848e-9,119165001728,
3.268,-37462014823816495000,-0.058685485273599625,64852978126228030000,-3.6660455358600394e+34,1.8331518525371848e-9,119165001728,
3.278,-37462014823816495000,-0.058685485273599625,64852978126228030000,-3.6660455358600394e+34,1.8331518525371848e-9,119165001728,
3.288,-37462014823816495000,-0.058685485273599625,64852978126228030000,-3.6660455358600394e+34,1.8331518525371848e-9,119165001728,
3.298,-37462014823816495000,-0.058685485273599625,64852978126228030000,-3.6660455358600394e+34,1.8331518525371848e-9,119165001728,
3.308,-37462014823816495000,-0.058685485273599625,64852978126228030000,-3.6660455358600394e+34,1.8331518525371848e-9,119165001728,
3.318,-37462014823816495000,-0.058685485273599625,64852978126228030000,-3.6660455358600394e+34,1.8331518525371848e-9,119165001728,
3.328,-37462014823816495000,-0.058685485273599625,64852978126228030000,-3.6660455358600394e+34,1.8331518525371848e-9,119165001728,
3.338,-37462014823816495000,-0.058685485273599625,64852978126228030000,-3.6660455358600394e+34,1.8331518525371848e-9,119165001728,
3.348,-37462014823816495000,-0.058685485273599625,64852978126228030000,-3.6660455358600394e+34,1.8331518525371848e-9,119165001728,
3.358,-37462014823816495000,-0.058685485273599625,64852978126228030000,-3.6660455358600394e+34,1.8331518525371848e-9,119165001728,
3.368,-37462014823816495000,-0.058685485273599625,64852978126228030000,-3.6660455358600394e+34,1.8331518525371848e-9,119165001728,
3.378,-37462014823816495000,-0.058685485273599625,64852978126228030000,-3.6660455358600394e+34,1.8331518525371848e-9,119165001728,
3.388,-37462014823816495000,-0.058685485273599625,64852978126228030000,-3.6660455358600394e+34,1.8331518525371848e-9,119165001728,
3.398,-37462014823816495000,-0.058685485273599625,64852978126228030000,-3.6660455358600394e+34,1.8331518525371848e-9,119165001728,
3.408,-37462014823816495000,-0.058685485273599625,64852978126228030000,-3.6660455358600394e+34,1.8331518525371848e-9,119165001728,
3.418,-37462014823816495000,-0.058685485273599625,64852978126228030000,-3.6660455358600394e+34,1.8331518525371848e-9,119165001728,
3.428,-37462014823816495000,-0.058685485273599625,64852978126228030000,-3.6660455358600394e+34,1.8331518525371848e-9,119165001728,
3.438,-37462014823816495000,-0.058685485273599625,64852978126228030000,-3.6660455358600394e+34,1.8331518525371848e-9,119165001728,
3.448,-37462014823816495000,-0.058685485273599625,64852978126228030000,-3.6660455358600394e+34,1.8331518525371848e-9,119165001728,
3.458,-37462014823816495000,-0.058685485273599625,64852978126228030000,-3.6660455358600394e+34,1.8331518525371848e-9,119165001728,
3.468,-37462014823816495000,-0.058685485273599625,64852978126228030000,-3.6660455358600394e+34,1.8331518525371848e-9,119165001728,
3.478,-37462014823816495000,-0.058685485273599625,64852978126228030000,-3.6660455358600394e+34,1.8331518525371848e-9,119165001728,
3.488,-37462014823816495000,-0.058685485273599625,64852978126228030000,-3.6660455358600394e+34,1.8331518525371848e-9,119165001728,
3.498,-37462014823816495000,-0.058685485273599625,64852978126228030000,-3.6660455358600394e+34,1.8331518525371848e-9,119165001728,
3.508,-37462014823816495000,-0.058685485273599625,64852978126228030000,-3.6660455358600394e+34,1.8331518525371848e-9,119165001728,
3.518,-37462014823816495000,-0.058685485273599625,64852978126228030000,-3.6660455358600394e+34,1.8331518525371848e-9,119165001728,
3.528,-37462014823816495000,-0.058685485273599625,64852978126228030000,-3.6660455358600394e+34,1.8331518525371848e-9,119165001728,
3.538,-37462014823816495000,-0.058685485273599625,64852978126228030000,-3.6660455358600394e+34,1.8331518525371848e-9,119165001728,
3.548,-37462014823816495000,-0.058685485273599625,64852978126228030000,-3.6660455358600394e+34,1.8331518525371848e-9,119165001728,
3.558,-37462014823816495000,-0.058685485273599625,64852978126228030000,-3.6660455358600394e+34,1.8331518525371848e-9,119165001728,
3.568,-37462014823816495000,-0.058685485273599625,64852978126228030000,-3.6660455358600394e+34,1.8331518525371848e-9,119165001728,
3.578,-37462014823816495000,-0.058685485273599625,64852978126228030000,-3.6660455358600394e+34,1.8331518525371848e-9,119165001728,
3.588,-37462014823816495000,-0.058685485273599625,64852978126228030000,-3.6660455358600394e+34,1.8331518525371848e-9,119165001728,
3.598,-37462014823816495000,-0.058685485273599625,64852978126228030000,-3.6660455358600394e+34,1.8331518525371848e-9,119165001728,
3.608,-37462014823816495000,-0.058685485273599625,64852978126228030000,-3.6660455358600394e+34,1.8331518525371848e-9,119165001728,
3.618,-37462014823816495000,-0.058685485273599625,64852978126228030000,-3.6660455358600394e+34,1.8331518525371848e-9,119165001728,
3.628,-37462014823816495000,-0.058685485273599625,64852978126228030000,-3.6660455358600394e+34,1.8331518525371848e-9,119165001728,
3.638,-37462014823816495000,-0.058685485273599625,64852978126228030000,-3.6660455358600394e+34,1.8331518525371848e-9,119165001728,
3.648,-37462014823816495000,-0.058685485273599625,64852978126228030000,-3.6660455358600394e+34,1.8331518525371848e-9,119165001728,
3.658,-37462014823816495000,-0.058685485273599625,64852978126228030000,-3.6660455358600394e+34,1.8331518525371848e-9,119165001728,
3.668,-37462014823816495000,-0.058685485273599625,64852978126228030000,-3.6660455358600394e+34,1.8331518525371848e-9,119165001728,
3.678,-37462014823816495000,-0.058685485273599625,64852978126228030000,-3.6660455358600394e+34,1.8331518525371848e-9,119165001728,
3.688,-37462014823816495000,-0.058685485273599625,64852978126228030000,-3.6660455358600394e+34,1.8331518525371848e-9,119165001728,
3.698,-37462014823816495000,-0.058685485273599625,64852978126228030000,-3.6660455358600394e+34,1.8331518525371848e-9,119165001728,
3.708,-37462014823816495000,-0.058685485273599625,64852978126228030000,-3.6660455358600394e+34,1.8331518525371848e-9,119165001728,
3.718,-37462014823816495000,-0.058685485273599625,64852978126228030000,-3.6660455358600394e+34,1.8331518525371848e-9,119165001728,
3.728,-37462014823816495000,-0.058685485273599625,64852978126228030000,-3.6660455358600394e+34,1.8331518525371848e-9,119165001728,
3.738,-37462014823816495000,-0.058685485273599625,64852978126228030000,-3.6660455358600394e+34,1.8331518525371848e-9,119165001728,
3.748,-37462014823816495000,-0.058685485273599625,64852978126228030000,-3.6660455358600394e+34,1.8331518525371848e-9,119165001728,
3.758,-37462014823816495000,-0.058685485273599625,64852978126228030000,-3.6660455358600394e+34,1.8331518525371848e-9,119165001728,
3.768,-37462014823816495000,-0.058685485273599625,64852978126228030000,-3.6660455358600394e+34,1.8331518525371848e-9,119165001728,
3.778,-37462014823816495000,-0.058685485273599625,64852978126228030000,-3.6660455358600394e+34,1.8331518525371848e-9,119165001728,
3.788,-37462014823816495000,-0.058685485273599625,64852978126228030000,-3.6660455358600394e+34,1.8331518525371848e-9,119165001728,
3.798,-37462014823816495000,-0.058685485273599625,64852978126228030000,-3.6660455358600394e+34,1.8331518525371848e-9,119165001728,
3.808,-37462014823816495000,-0.058685485273599625,64852978126228030000,-3.6660455358600394e+34,1.8331518525371848e-9,119165001728,
3.818,-37462014823816495000,-0.058685485273599625,64852978126228030000,-3.6660455358600394e+34,1.8331518525371848e-9,119165001728,
3.828,-37462014823816495000,-0.058685485273599625,64852978126228030000,-3.6660455358600394e+34,1.8331518525371848e-9,119165001728,
3.838,-37462014823816495000,-0.058685485273599625,64852978126228030000,-3.6660455358600394e+34,1.8331518525371848e-9,119165001728,
3.848,-37462014823816495000,-0.058685485273599625,64852978126228030000,-3.6660455358600394e+34,1.8331518525371848e-9,119165001728,
3.858,-37462014823816495000,-0.058685485273599625,64852978126228030000,-3.6660455358600394e+34,1.8331518525371848e-9,119165001728,
3.868,-37462014823816495000,-0.058685485273599625,64852978126228030000,-3.6660455358600394e+34,1.8331518525371848e-9,119165001728,
3.878,-37462014823816495000,-0.058685485273599625,64852978126228030000,-3.6660455358600394e+34,1.8331518525371848e-9,119165001728,
3.888,-37462014823816495000,-0.058685485273599625,64852978126228030000,-3.6660455358600394e+34,1.8331518525371848e-9,119165001728,
3.898,-37462014823816495000,-0.058685485273599625,64852978126228030000,-3.6660455358600394e+34,1.8331518525371848e-9,119165001728,
3.908,-37462014823816495000,-0.058685485273599625,64852978126228030000,-3.6660455358600394e+34,1.8331518525371848e-9,119165001728,
3.918,-37462014823816495000,-0.058685485273599625,64852978126228030000,-3.6660455358600394e+34,1.8331518525371848e-9,119165001728,
3.928,-37462014823816495000,-0.058685485273599625,64852978126228030000,-3.6660455358600394e+34,1.8331518525371848e-9,119165001728,
3.938,-37462014823816495000,-0.058685485273599625,64852978126228030000,-3.6660455358600394e+34,1.8331518525371848e-9,119165001728,
3.948,-37462014823816495000,-0.058685485273599625,64852978126228030000,-3.6660455358600394e+34,1.8331518525371848e-9,119165001728,
3.958,-37462014823816495000,-0.058685485273599625,64852978126228030000,-3.6660455358600394e+34,1.8331518525371848e-9,119165001728,
3.968,-37462014823816495000,-0.058685485273599625,64852978126228030000,-3.6660455358600394e+34,1.8331518525371848e-9,119165001728,
3.978,-37462014823816495000,-0.058685485273599625,64852978126228030000,-3.6660455358600394e+34,1.8331518525371848e-9,119165001728,
3.988,-37462014823816495000,-0.058685485273599625,64852978126228030000,-3.6660455358600394e+34,1.8331518525371848e-9,119165001728,
3.998,-37462014823816495000,-0.058685485273599625,64852978126228030000,-3.6660455358600394e+34,1.8331518525371848e-9,119165001728,
4.008,-37462014823816495000,-0.058685485273599625,64852978126228030000,-3.6660455358600394e+34,1.8331518525371848e-9,119165001728,
4.018,-37462014823816495000,-0.058685485273599625,64852978126228030000,-3.6660455358600394e+34,1.8331518525371848e-9,119165001728,
4.028,-37462014823816495000,-0.058685485273599625,64852978126228030000,-3.6660455358600394e+34,1.8331518525371848e-9,119165001728,
4.038,-37462014823816495000,-0.058685485273599625,64852978126228030000,-3.6660455358600394e+34,1.8331518525371848e-9,119165001728,
4.048,-37462014823816495000,-0.058685485273599625,64852978126228030000,-3.6660455358600394e+34,1.8331518525371848e-9,119165001728,
4.058,-37462014823816495000,-0.058685485273599625,64852978126228030000,-3.6660455358600394e+34,1.8331518525371848e-9,119165001728,
4.068,-37462014823816495000,-0.058685485273599625,64852978126228030000,-3.6660455358600394e+34,1.8331518525371848e-9,119165001728,
4.078,-37462014823816495000,-0.058685485273599625,64852978126228030000,-3.6660455358600394e+34,1.8331518525371848e-9,119165001728,
4.088,-37462014823816495000,-0.058685485273599625,64852978126228030000,-3.6660455358600394e+34,1.8331518525371848e-9,119165001728,
4.098,-37462014823816495000,-0.058685485273599625,64852978126228030000,-3.6660455358600394e+34,1.8331518525371848e-9,119165001728,
4.108,-37462014823816495000,-0.058685485273599625,64852978126228030000,-3.6660455358600394e+34,1.8331518525371848e-9,119165001728,
4.118,-37462014823816495000,-0.058685485273599625,64852978126228030000,-3.6660455358600394e+34,1.8331518525371848e-9,119165001728,
4.128,-37462014823816495000,-0.058685485273599625,64852978126228030000,-3.6660455358600394e+34,1.8331518525371848e-9,119165001728,
4.138,-37462014823816495000,-0.058685485273599625,64852978126228030000,-3.6660455358600394e+34,1.8331518525371848e-9,119165001728,
4.148,-37462014823816495000,-0.058685485273599625,64852978126228030000,-3.6660455358600394e+34,1.8331518525371848e-9,119165001728,
4.158,-37462014823816495000,-0.058685485273599625,64852978126228030000,-3.6660455358600394e+34,1.8331518525371848e-9,119165001728,
4.168,-37462014823816495000,-0.058685485273599625,64852978126228030000,-3.6660455358600394e+34,1.8331518525371848e-9,119165001728,
4.178,-37462014823816495000,-0.058685485273599625,64852978126228030000,-3.6660455358600394e+34,1.8331518525371848e-9,119165001728,
4.189,-37462014823816495000,-0.058685485273599625,64852978126228030000,-3.6660455358600394e+34,1.8331518525371848e-9,119165001728,
4.198,-37462014823816495000,-0.058685485273599625,64852978126228030000,-3.6660455358600394e+34,1.8331518525371848e-9,119165001728,
4.208,-37462014823816495000,-0.058685485273599625,64852978126228030000,-3.6660455358600394e+34,1.8331518525371848e-9,119165001728,
4.218,-37462014823816495000,-0.058685485273599625,64852978126228030000,-3.6660455358600394e+34,1.8331518525371848e-9,119165001728,
4.228,-37462014823816495000,-0.058685485273599625,64852978126228030000,-3.6660455358600394e+34,1.8331518525371848e-9,119165001728,
4.238,-37462014823816495000,-0.058685485273599625,64852978126228030000,-3.6660455358600394e+34,1.8331518525371848e-9,119165001728,
4.248,-37462014823816495000,-0.058685485273599625,64852978126228030000,-3.6660455358600394e+34,1.8331518525371848e-9,119165001728,
4.258,-37462014823816495000,-0.058685485273599625,64852978126228030000,-3.6660455358600394e+34,1.8331518525371848e-9,119165001728,
4.268,-37462014823816495000,-0.058685485273599625,64852978126228030000,-3.6660455358600394e+34,1.8331518525371848e-9,119165001728,
4.278,-37462014823816495000,-0.058685485273599625,64852978126228030000,-3.6660455358600394e+34,1.8331518525371848e-9,119165001728,
4.288,-37462014823816495000,-0.058685485273599625,64852978126228030000,-3.6660455358600394e+34,1.8331518525371848e-9,119165001728,
4.298,-37462014823816495000,-0.058685485273599625,64852978126228030000,-3.6660455358600394e+34,1.8331518525371848e-9,119165001728,
4.308,-37462014823816495000,-0.058685485273599625,64852978126228030000,-3.6660455358600394e+34,1.8331518525371848e-9,119165001728,
4.318,-37462014823816495000,-0.058685485273599625,64852978126228030000,-3.6660455358600394e+34,1.8331518525371848e-9,119165001728,
4.328,-37462014823816495000,-0.058685485273599625,64852978126228030000,-3.6660455358600394e+34,1.8331518525371848e-9,119165001728,
4.338,-37462014823816495000,-0.058685485273599625,64852978126228030000,-3.6660455358600394e+34,1.8331518525371848e-9,119165001728,
4.348,-37462014823816495000,-0.058685485273599625,64852978126228030000,-3.6660455358600394e+34,1.8331518525371848e-9,119165001728,
4.358,-37462014823816495000,-0.058685485273599625,64852978126228030000,-3.6660455358600394e+34,1.8331518525371848e-9,119165001728,
4.368,-37462014823816495000,-0.058685485273599625,64852978126228030000,-3.6660455358600394e+34,1.8331518525371848e-9,119165001728,
4.378,-37462014823816495000,-0.058685485273599625,64852978126228030000,-3.6660455358600394e+34,1.8331518525371848e-9,119165001728,
4.388,-37462014823816495000,-0.058685485273599625,64852978126228030000,-3.6660455358600394e+34,1.8331518525371848e-9,119165001728,
4.398,-37462014823816495000,-0.058685485273599625,64852978126228030000,-3.6660455358600394e+34,1.8331518525371848e-9,119165001728,
4.408,-37462014823816495000,-0.058685485273599625,64852978126228030000,-3.6660455358600394e+34,1.8331518525371848e-9,119165001728,
4.418,-37462014823816495000,-0.058685485273599625,64852978126228030000,-3.6660455358600394e+34,1.8331518525371848e-9,119165001728,
4.428,-37462014823816495000,-0.058685485273599625,64852978126228030000,-3.6660455358600394e+34,1.8331518525371848e-9,119165001728,
4.438,-37462014823816495000,-0.058685485273599625,64852978126228030000,-3.6660455358600394e+34,1.8331518525371848e-9,119165001728,
4.448,-37462014823816495000,-0.058685485273599625,64852978126228030000,-3.6660455358600394e+34,1.8331518525371848e-9,119165001728,
4.458,-37462014823816495000,-0.058685485273599625,64852978126228030000,-3.6660455358600394e+34,1.8331518525371848e-9,119165001728,
4.468,-37462014823816495000,-0.058685485273599625,64852978126228030000,-3.6660455358600394e+34,1.8331518525371848e-9,119165001728,
4.478,-37462014823816495000,-0.058685485273599625,64852978126228030000,-3.6660455358600394e+34,1.8331518525371848e-9,119165001728,
4.488,-37462014823816495000,-0.058685485273599625,64852978126228030000,-3.6660455358600394e+34,1.8331518525371848e-9,119165001728,
4.498,-37462014823816495000,-0.058685485273599625,64852978126228030000,-3.6660455358600394e+34,1.8331518525371848e-9,119165001728,
4.508,-37462014823816495000,-0.058685485273599625,64852978126228030000,-3.6660455358600394e+34,1.8331518525371848e-9,119165001728,
4.518,-37462014823816495000,-0.058685485273599625,64852978126228030000,-3.6660455358600394e+34,1.8331518525371848e-9,119165001728,
4.528,-37462014823816495000,-0.058685485273599625,64852978126228030000,-3.6660455358600394e+34,1.8331518525371848e-9,119165001728,
4.538,-37462014823816495000,-0.058685485273599625,64852978126228030000,-3.6660455358600394e+34,1.8331518525371848e-9,119165001728,
4.548,-37462014823816495000,-0.058685485273599625,64852978126228030000,-3.6660455358600394e+34,1.8331518525371848e-9,119165001728,
4.558,-37462014823816495000,-0.058685485273599625,64852978126228030000,-3.6660455358600394e+34,1.8331518525371848e-9,119165001728,
4.568,-37462014823816495000,-0.058685485273599625,64852978126228030000,-3.6660455358600394e+34,1.8331518525371848e-9,119165001728,
4.578,-37462014823816495000,-0.058685485273599625,64852978126228030000,-3.6660455358600394e+34,1.8331518525371848e-9,119165001728,
4.588,-37462014823816495000,-0.058685485273599625,64852978126228030000,-3.6660455358600394e+34,1.8331518525371848e-9,119165001728,
4.598,-37462014823816495000,-0.058685485273599625,64852978126228030000,-3.6660455358600394e+34,1.8331518525371848e-9,119165001728,
4.608,-37462014823816495000,-0.058685485273599625,64852978126228030000,-3.6660455358600394e+34,1.8331518525371848e-9,119165001728,
4.618,-37462014823816495000,-0.058685485273599625,64852978126228030000,-3.6660455358600394e+34,1.8331518525371848e-9,119165001728,
4.628,-37462014823816495000,-0.058685485273599625,64852978126228030000,-3.6660455358600394e+34,1.8331518525371848e-9,119165001728,
4.638,-37462014823816495000,-0.058685485273599625,64852978126228030000,-3.6660455358600394e+34,1.8331518525371848e-9,119165001728,
4.648,-37462014823816495000,-0.058685485273599625,64852978126228030000,-3.6660455358600394e+34,1.8331518525371848e-9,119165001728,
4.658,-37462014823816495000,-0.058685485273599625,64852978126228030000,-3.6660455358600394e+34,1.8331518525371848e-9,119165001728,
4.668,-37462014823816495000,-0.058685485273599625,64852978126228030000,-3.6660455358600394e+34,1.8331518525371848e-9,119165001728,
4.678,-37462014823816495000,-0.058685485273599625,64852978126228030000,-3.6660455358600394e+34,1.8331518525371848e-9,119165001728,
4.688,-37462014823816495000,-0.058685485273599625,64852978126228030000,-3.6660455358600394e+34,1.8331518525371848e-9,119165001728,
4.698,-37462014823816495000,-0.058685485273599625,64852978126228030000,-3.6660455358600394e+34,1.8331518525371848e-9,119165001728,
4.708,-37462014823816495000,-0.058685485273599625,64852978126228030000,-3.6660455358600394e+34,1.8331518525371848e-9,119165001728,
4.718,-37462014823816495000,-0.058685485273599625,64852978126228030000,-3.6660455358600394e+34,1.8331518525371848e-9,119165001728,
4.728,-37462014823816495000,-0.058685485273599625,64852978126228030000,-3.6660455358600394e+34,1.8331518525371848e-9,119165001728,
4.738,-37462014823816495000,-0.058685485273599625,64852978126228030000,-3.6660455358600394e+34,1.8331518525371848e-9,119165001728,
4.748,-37462014823816495000,-0.058685485273599625,64852978126228030000,-3.6660455358600394e+34,1.8331518525371848e-9,119165001728,
4.758,-37462014823816495000,-0.058685485273599625,64852978126228030000,-3.6660455358600394e+34,1.8331518525371848e-9,119165001728,
4.768,-37462014823816495000,-0.058685485273599625,64852978126228030000,-3.6660455358600394e+34,1.8331518525371848e-9,119165001728,
4.778,-37462014823816495000,-0.058685485273599625,64852978126228030000,-3.6660455358600394e+34,1.8331518525371848e-9,119165001728,
4.788,-37462014823816495000,-0.058685485273599625,64852978126228030000,-3.6660455358600394e+34,1.8331518525371848e-9,119165001728,
4.798,-37462014823816495000,-0.058685485273599625,64852978126228030000,-3.6660455358600394e+34,1.8331518525371848e-9,119165001728,
4.808,-37462014823816495000,-0.058685485273599625,64852978126228030000,-3.6660455358600394e+34,1.8331518525371848e-9,119165001728,
4.818,-37462014823816495000,-0.058685485273599625,64852978126228030000,-3.6660455358600394e+34,1.8331518525371848e-9,119165001728,
4.828,-37462014823816495000,-0.058685485273599625,64852978126228030000,-3.6660455358600394e+34,1.8331518525371848e-9,119165001728,
4.838,-37462014823816495000,-0.058685485273599625,64852978126228030000,-3.6660455358600394e+34,1.8331518525371848e-9,119165001728,
4.848,-37462014823816495000,-0.058685485273599625,64852978126228030000,-3.6660455358600394e+34,1.8331518525371848e-9,119165001728,
4.858,-37462014823816495000,-0.058685485273599625,64852978126228030000,-3.6660455358600394e+34,1.8331518525371848e-9,119165001728,
4.868,-37462014823816495000,-0.058685485273599625,64852978126228030000,-3.6660455358600394e+34,1.8331518525371848e-9,119165001728,
4.878,-37462014823816495000,-0.058685485273599625,64852978126228030000,-3.6660455358600394e+34,1.8331518525371848e-9,119165001728,
4.888,-37462014823816495000,-0.058685485273599625,64852978126228030000,-3.6660455358600394e+34,1.8331518525371848e-9,119165001728,
4.898,-37462014823816495000,-0.058685485273599625,64852978126228030000,-3.6660455358600394e+34,1.8331518525371848e-9,119165001728,
4.908,-37462014823816495000,-0.058685485273599625,64852978126228030000,-3.6660455358600394e+34,1.8331518525371848e-9,119165001728,
4.918,-37462014823816495000,-0.058685485273599625,64852978126228030000,-3.6660455358600394e+34,1.8331518525371848e-9,119165001728,
4.928,-37462014823816495000,-0.058685485273599625,64852978126228030000,-3.6660455358600394e+34,1.8331518525371848e-9,119165001728,
4.938,-37462014823816495000,-0.058685485273599625,64852978126228030000,-3.6660455358600394e+34,1.8331518525371848e-9,119165001728,
4.948,-37462014823816495000,-0.058685485273599625,64852978126228030000,-3.6660455358600394e+34,1.8331518525371848e-9,119165001728,
4.958,-37462014823816495000,-0.058685485273599625,64852978126228030000,-3.6660455358600394e+34,1.8331518525371848e-9,119165001728,
4.968,-37462014823816495000,-0.058685485273599625,64852978126228030000,-3.6660455358600394e+34,1.8331518525371848e-9,119165001728,
4.978,-37462014823816495000,-0.058685485273599625,64852978126228030000,-3.6660455358600394e+34,1.8331518525371848e-9,119165001728,
4.988,-37462014823816495000,-0.058685485273599625,64852978126228030000,-3.6660455358600394e+34,1.8331518525371848e-9,119165001728,
4.998,-37462014823816495000,-0.058685485273599625,64852978126228030000,-3.6660455358600394e+34,1.8331518525371848e-9,119165001728,
5.008,-37462014823816495000,-0.058685485273599625,64852978126228030000,-3.6660455358600394e+34,1.8331518525371848e-9,119165001728,
5.018,-37462014823816495000,-0.058685485273599625,64852978126228030000,-3.6660455358600394e+34,1.8331518525371848e-9,119165001728,
5.028,-37462014823816495000,-0.058685485273599625,64852978126228030000,-3.6660455358600394e+34,1.8331518525371848e-9,119165001728,
5.038,-37462014823816495000,-0.058685485273599625,64852978126228030000,-3.6660455358600394e+34,1.8331518525371848e-9,119165001728,
5.048,-37462014823816495000,-0.058685485273599625,64852978126228030000,-3.6660455358600394e+34,1.8331518525371848e-9,119165001728,
5.058,-37462014823816495000,-0.058685485273599625,64852978126228030000,-3.6660455358600394e+34,1.8331518525371848e-9,119165001728,
5.068,-37462014823816495000,-0.058685485273599625,64852978126228030000,-3.6660455358600394e+34,1.8331518525371848e-9,119165001728,
5.078,-37462014823816495000,-0.058685485273599625,64852978126228030000,-3.6660455358600394e+34,1.8331518525371848e-9,119165001728,
5.088,-37462014823816495000,-0.058685485273599625,64852978126228030000,-3.6660455358600394e+34,1.8331518525371848e-9,119165001728,
5.098,-37462014823816495000,-0.058685485273599625,64852978126228030000,-3.6660455358600394e+34,1.8331518525371848e-9,119165001728,
5.108,-37462014823816495000,-0.058685485273599625,64852978126228030000,-3.6660455358600394e+34,1.8331518525371848e-9,119165001728,
5.118,-37462014823816495000,-0.058685485273599625,64852978126228030000,-3.6660455358600394e+34,1.8331518525371848e-9,119165001728,
5.128,-37462014823816495000,-0.058685485273599625,64852978126228030000,-3.6660455358600394e+34,1.8331518525371848e-9,119165001728,
5.138,-37462014823816495000,-0.058685485273599625,64852978126228030000,-3.6660455358600394e+34,1.8331518525371848e-9,119165001728,
5.148,-37462014823816495000,-0.058685485273599625,64852978126228030000,-3.6660455358600394e+34,1.8331518525371848e-9,119165001728,
5.158,-37462014823816495000,-0.058685485273599625,64852978126228030000,-3.6660455358600394e+34,1.8331518525371848e-9,119165001728,
5.168,-37462014823816495000,-0.058685485273599625,64852978126228030000,-3.6660455358600394e+34,1.8331518525371848e-9,119165001728,
5.178,-37462014823816495000,-0.058685485273599625,64852978126228030000,-3.6660455358600394e+34,1.8331518525371848e-9,119165001728,
5.188,-37462014823816495000,-0.058685485273599625,64852978126228030000,-3.6660455358600394e+34,1.8331518525371848e-9,119165001728,
5.198,-37462014823816495000,-0.058685485273599625,64852978126228030000,-3.6660455358600394e+34,1.8331518525371848e-9,119165001728,
5.208,-37462014823816495000,-0.058685485273599625,64852978126228030000,-3.6660455358600394e+34,1.8331518525371848e-9,119165001728,
5.218,-37462014823816495000,-0.058685485273599625,64852978126228030000,-3.6660455358600394e+34,1.8331518525371848e-9,119165001728,
5.228,-37462014823816495000,-0.058685485273599625,64852978126228030000,-3.6660455358600394e+34,1.8331518525371848e-9,119165001728,
5.238,-37462014823816495000,-0.058685485273599625,64852978126228030000,-3.6660455358600394e+34,1.8331518525371848e-9,119165001728,
5.248,-37462014823816495000,-0.058685485273599625,64852978126228030000,-3.6660455358600394e+34,1.8331518525371848e-9,119165001728,
5.258,-37462014823816495000,-0.058685485273599625,64852978126228030000,-3.6660455358600394e+34,1.8331518525371848e-9,119165001728,
5.268,-37462014823816495000,-0.058685485273599625,64852978126228030000,-3.6660455358600394e+34,1.8331518525371848e-9,119165001728,
5.278,-37462014823816495000,-0.058685485273599625,64852978126228030000,-3.6660455358600394e+34,1.8331518525371848e-9,119165001728,
5.288,-37462014823816495000,-0.058685485273599625,64852978126228030000,-3.6660455358600394e+34,1.8331518525371848e-9,119165001728,
5.298,-37462014823816495000,-0.058685485273599625,64852978126228030000,-3.6660455358600394e+34,1.8331518525371848e-9,119165001728,
5.308,-37462014823816495000,-0.058685485273599625,64852978126228030000,-3.6660455358600394e+34,1.8331518525371848e-9,119165001728,
5.318,-37462014823816495000,-0.058685485273599625,64852978126228030000,-3.6660455358600394e+34,1.8331518525371848e-9,119165001728,
5.328,-37462014823816495000,-0.058685485273599625,64852978126228030000,-3.6660455358600394e+34,1.8331518525371848e-9,119165001728,
5.338,-37462014823816495000,-0.058685485273599625,64852978126228030000,-3.6660455358600394e+34,1.8331518525371848e-9,119165001728,
5.348,-37462014823816495000,-0.058685485273599625,64852978126228030000,-3.6660455358600394e+34,1.8331518525371848e-9,119165001728,
5.358,-37462014823816495000,-0.058685485273599625,64852978126228030000,-3.6660455358600394e+34,1.8331518525371848e-9,119165001728,
5.368,-37462014823816495000,-0.058685485273599625,64852978126228030000,-3.6660455358600394e+34,1.8331518525371848e-9,119165001728,
5.378,-37462014823816495000,-0.058685485273599625,64852978126228030000,-3.6660455358600394e+34,1.8331518525371848e-9,119165001728,
5.388,-37462014823816495000,-0.058685485273599625,64852978126228030000,-3.6660455358600394e+34,1.8331518525371848e-9,119165001728,
5.398,-37462014823816495000,-0.058685485273599625,64852978126228030000,-3.6660455358600394e+34,1.8331518525371848e-9,119165001728,
5.408,-37462014823816495000,-0.058685485273599625,64852978126228030000,-3.6660455358600394e+34,1.8331518525371848e-9,119165001728,
5.418,-37462014823816495000,-0.058685485273599625,64852978126228030000,-3.6660455358600394e+34,1.8331518525371848e-9,119165001728,
5.428,-37462014823816495000,-0.058685485273599625,64852978126228030000,-3.6660455358600394e+34,1.8331518525371848e-9,119165001728,
5.438,-37462014823816495000,-0.058685485273599625,64852978126228030000,-3.6660455358600394e+34,1.8331518525371848e-9,119165001728,
5.448,-37462014823816495000,-0.058685485273599625,64852978126228030000,-3.6660455358600394e+34,1.8331518525371848e-9,119165001728,
5.458,-37462014823816495000,-0.058685485273599625,64852978126228030000,-3.6660455358600394e+34,1.8331518525371848e-9,119165001728,
5.468,-37462014823816495000,-0.058685485273599625,64852978126228030000,-3.6660455358600394e+34,1.8331518525371848e-9,119165001728,
5.478,-37462014823816495000,-0.058685485273599625,64852978126228030000,-3.6660455358600394e+34,1.8331518525371848e-9,119165001728,
5.488,-37462014823816495000,-0.058685485273599625,64852978126228030000,-3.6660455358600394e+34,1.8331518525371848e-9,119165001728,
5.498,-37462014823816495000,-0.058685485273599625,64852978126228030000,-3.6660455358600394e+34,1.8331518525371848e-9,119165001728,
5.508,-37462014823816495000,-0.058685485273599625,64852978126228030000,-3.6660455358600394e+34,1.8331518525371848e-9,119165001728,
5.518,-37462014823816495000,-0.058685485273599625,64852978126228030000,-3.6660455358600394e+34,1.8331518525371848e-9,119165001728,
5.528,-37462014823816495000,-0.058685485273599625,64852978126228030000,-3.6660455358600394e+34,1.8331518525371848e-9,119165001728,
5.538,-37462014823816495000,-0.058685485273599625,64852978126228030000,-3.6660455358600394e+34,1.8331518525371848e-9,119165001728,
5.548,-37462014823816495000,-0.058685485273599625,64852978126228030000,-3.6660455358600394e+34,1.8331518525371848e-9,119165001728,
5.558,-37462014823816495000,-0.058685485273599625,64852978126228030000,-3.6660455358600394e+34,1.8331518525371848e-9,119165001728,
5.568,-37462014823816495000,-0.058685485273599625,64852978126228030000,-3.6660455358600394e+34,1.8331518525371848e-9,119165001728,
5.578,-37462014823816495000,-0.058685485273599625,64852978126228030000,-3.6660455358600394e+34,1.8331518525371848e-9,119165001728,
5.588,-37462014823816495000,-0.058685485273599625,64852978126228030000,-3.6660455358600394e+34,1.8331518525371848e-9,119165001728,
5.598,-37462014823816495000,-0.058685485273599625,64852978126228030000,-3.6660455358600394e+34,1.8331518525371848e-9,119165001728,
5.608,-37462014823816495000,-0.058685485273599625,64852978126228030000,-3.6660455358600394e+34,1.8331518525371848e-9,119165001728,
5.618,-37462014823816495000,-0.058685485273599625,64852978126228030000,-3.6660455358600394e+34,1.8331518525371848e-9,119165001728,
5.628,-37462014823816495000,-0.058685485273599625,64852978126228030000,-3.6660455358600394e+34,1.8331518525371848e-9,119165001728,
5.638,-37462014823816495000,-0.058685485273599625,64852978126228030000,-3.6660455358600394e+34,1.8331518525371848e-9,119165001728,
5.648,-37462014823816495000,-0.058685485273599625,64852978126228030000,-3.6660455358600394e+34,1.8331518525371848e-9,119165001728,
5.658,-37462014823816495000,-0.058685485273599625,64852978126228030000,-3.6660455358600394e+34,1.8331518525371848e-9,119165001728,
5.668,-37462014823816495000,-0.058685485273599625,64852978126228030000,-3.6660455358600394e+34,1.8331518525371848e-9,119165001728,
5.678,-37462014823816495000,-0.058685485273599625,64852978126228030000,-3.6660455358600394e+34,1.8331518525371848e-9,119165001728,
5.688,-37462014823816495000,-0.058685485273599625,64852978126228030000,-3.6660455358600394e+34,1.8331518525371848e-9,119165001728,
5.698,-37462014823816495000,-0.058685485273599625,64852978126228030000,-3.6660455358600394e+34,1.8331518525371848e-9,119165001728,
5.708,-37462014823816495000,-0.058685485273599625,64852978126228030000,-3.6660455358600394e+34,1.8331518525371848e-9,119165001728,
5.718,-37462014823816495000,-0.058685485273599625,64852978126228030000,-3.6660455358600394e+34,1.8331518525371848e-9,119165001728,
5.728,-37462014823816495000,-0.058685485273599625,64852978126228030000,-3.6660455358600394e+34,1.8331518525371848e-9,119165001728,
5.738,-37462014823816495000,-0.058685485273599625,64852978126228030000,-3.6660455358600394e+34,1.8331518525371848e-9,119165001728,
5.748,-37462014823816495000,-0.058685485273599625,64852978126228030000,-3.6660455358600394e+34,1.8331518525371848e-9,119165001728,
5.758,-37462014823816495000,-0.058685485273599625,64852978126228030000,-3.6660455358600394e+34,1.8331518525371848e-9,119165001728,
5.768,-37462014823816495000,-0.058685485273599625,64852978126228030000,-3.6660455358600394e+34,1.8331518525371848e-9,119165001728,
5.778,-37462014823816495000,-0.058685485273599625,64852978126228030000,-3.6660455358600394e+34,1.8331518525371848e-9,119165001728,
5.788,-37462014823816495000,-0.058685485273599625,64852978126228030000,-3.6660455358600394e+34,1.8331518525371848e-9,119165001728,
5.798,-37462014823816495000,-0.058685485273599625,64852978126228030000,-3.6660455358600394e+34,1.8331518525371848e-9,119165001728,
5.808,-37462014823816495000,-0.058685485273599625,64852978126228030000,-3.6660455358600394e+34,1.8331518525371848e-9,119165001728,
5.818,-37462014823816495000,-0.058685485273599625,64852978126228030000,-3.6660455358600394e+34,1.8331518525371848e-9,119165001728,
5.828,-37462014823816495000,-0.058685485273599625,64852978126228030000,-3.6660455358600394e+34,1.8331518525371848e-9,119165001728,
5.838,-37462014823816495000,-0.058685485273599625,64852978126228030000,-3.6660455358600394e+34,1.8331518525371848e-9,119165001728,
5.848,-37462014823816495000,-0.058685485273599625,64852978126228030000,-3.6660455358600394e+34,1.8331518525371848e-9,119165001728,
5.858,-37462014823816495000,-0.058685485273599625,64852978126228030000,-3.6660455358600394e+34,1.8331518525371848e-9,119165001728,
5.868,-37462014823816495000,-0.058685485273599625,64852978126228030000,-3.6660455358600394e+34,1.8331518525371848e-9,119165001728,
5.878,-37462014823816495000,-0.058685485273599625,64852978126228030000,-3.6660455358600394e+34,1.8331518525371848e-9,119165001728,
5.888,-37462014823816495000,-0.058685485273599625,64852978126228030000,-3.6660455358600394e+34,1.8331518525371848e-9,119165001728,
5.898,-37462014823816495000,-0.058685485273599625,64852978126228030000,-3.6660455358600394e+34,1.8331518525371848e-9,119165001728,
5.908,-37462014823816495000,-0.058685485273599625,64852978126228030000,-3.6660455358600394e+34,1.8331518525371848e-9,119165001728,
5.918,-37462014823816495000,-0.058685485273599625,64852978126228030000,-3.6660455358600394e+34,1.8331518525371848e-9,119165001728,
5.928,-37462014823816495000,-0.058685485273599625,64852978126228030000,-3.6660455358600394e+34,1.8331518525371848e-9,119165001728,
5.938,-37462014823816495000,-0.058685485273599625,64852978126228030000,-3.6660455358600394e+34,1.8331518525371848e-9,119165001728,
5.948,-37462014823816495000,-0.058685485273599625,64852978126228030000,-3.6660455358600394e+34,1.8331518525371848e-9,119165001728,
5.958,-37462014823816495000,-0.058685485273599625,64852978126228030000,-3.6660455358600394e+34,1.8331518525371848e-9,119165001728,
5.968,-37462014823816495000,-0.058685485273599625,64852978126228030000,-3.6660455358600394e+34,1.8331518525371848e-9,119165001728,
5.978,-37462014823816495000,-0.058685485273599625,64852978126228030000,-3.6660455358600394e+34,1.8331518525371848e-9,119165001728,
5.988,-37462014823816495000,-0.058685485273599625,64852978126228030000,-3.6660455358600394e+34,1.8331518525371848e-9,119165001728,
5.998,-37462014823816495000,-0.058685485273599625,64852978126228030000,-3.6660455358600394e+34,1.8331518525371848e-9,119165001728,
6.008,-37462014823816495000,-0.058685485273599625,64852978126228030000,-3.6660455358600394e+34,1.8331518525371848e-9,119165001728,
6.018,-37462014823816495000,-0.058685485273599625,64852978126228030000,-3.6660455358600394e+34,1.8331518525371848e-9,119165001728,
6.028,-37462014823816495000,-0.058685485273599625,64852978126228030000,-3.6660455358600394e+34,1.8331518525371848e-9,119165001728,
6.038,-37462014823816495000,-0.058685485273599625,64852978126228030000,-3.6660455358600394e+34,1.8331518525371848e-9,119165001728,
6.048,-37462014823816495000,-0.058685485273599625,64852978126228030000,-3.6660455358600394e+34,1.8331518525371848e-9,119165001728,
6.058,-37462014823816495000,-0.058685485273599625,64852978126228030000,-3.6660455358600394e+34,1.8331518525371848e-9,119165001728,
6.068,-37462014823816495000,-0.058685485273599625,64852978126228030000,-3.6660455358600394e+34,1.8331518525371848e-9,119165001728,
6.078,-37462014823816495000,-0.058685485273599625,64852978126228030000,-3.6660455358600394e+34,1.8331518525371848e-9,119165001728,
6.088,-37462014823816495000,-0.058685485273599625,64852978126228030000,-3.6660455358600394e+34,1.8331518525371848e-9,119165001728,
6.098,-37462014823816495000,-0.058685485273599625,64852978126228030000,-3.6660455358600394e+34,1.8331518525371848e-9,119165001728,
6.108,-37462014823816495000,-0.058685485273599625,64852978126228030000,-3.6660455358600394e+34,1.8331518525371848e-9,119165001728,
6.118,-37462014823816495000,-0.058685485273599625,64852978126228030000,-3.6660455358600394e+34,1.8331518525371848e-9,119165001728,
6.128,-37462014823816495000,-0.058685485273599625,64852978126228030000,-3.6660455358600394e+34,1.8331518525371848e-9,119165001728,
6.138,-37462014823816495000,-0.058685485273599625,64852978126228030000,-3.6660455358600394e+34,1.8331518525371848e-9,119165001728,
6.148,-37462014823816495000,-0.058685485273599625,64852978126228030000,-3.6660455358600394e+34,1.8331518525371848e-9,119165001728,
6.158,-37462014823816495000,-0.058685485273599625,64852978126228030000,-3.6660455358600394e+34,1.8331518525371848e-9,119165001728,
6.168,-37462014823816495000,-0.058685485273599625,64852978126228030000,-3.6660455358600394e+34,1.8331518525371848e-9,119165001728,
6.178,-37462014823816495000,-0.058685485273599625,64852978126228030000,-3.6660455358600394e+34,1.8331518525371848e-9,119165001728,
6.188,-37462014823816495000,-0.058685485273599625,64852978126228030000,-3.6660455358600394e+34,1.8331518525371848e-9,119165001728,
6.198,-37462014823816495000,-0.058685485273599625,64852978126228030000,-3.6660455358600394e+34,1.8331518525371848e-9,119165001728,
6.208,-37462014823816495000,-0.058685485273599625,64852978126228030000,-3.6660455358600394e+34,1.8331518525371848e-9,119165001728,
6.218,-37462014823816495000,-0.058685485273599625,64852978126228030000,-3.6660455358600394e+34,1.8331518525371848e-9,119165001728,
6.228,-37462014823816495000,-0.058685485273599625,64852978126228030000,-3.6660455358600394e+34,1.8331518525371848e-9,119165001728,
6.238,-37462014823816495000,-0.058685485273599625,64852978126228030000,-3.6660455358600394e+34,1.8331518525371848e-9,119165001728,
6.248,-37462014823816495000,-0.058685485273599625,64852978126228030000,-3.6660455358600394e+34,1.8331518525371848e-9,119165001728,
6.258,-37462014823816495000,-0.058685485273599625,64852978126228030000,-3.6660455358600394e+34,1.8331518525371848e-9,119165001728,
6.268,-37462014823816495000,-0.058685485273599625,64852978126228030000,-3.6660455358600394e+34,1.8331518525371848e-9,119165001728,
6.278,-37462014823816495000,-0.058685485273599625,64852978126228030000,-3.6660455358600394e+34,1.8331518525371848e-9,119165001728,
6.288,-37462014823816495000,-0.058685485273599625,64852978126228030000,-3.6660455358600394e+34,1.8331518525371848e-9,119165001728,
6.298,-37462014823816495000,-0.058685485273599625,64852978126228030000,-3.6660455358600394e+34,1.8331518525371848e-9,119165001728,
6.308,-37462014823816495000,-0.058685485273599625,64852978126228030000,-3.6660455358600394e+34,1.8331518525371848e-9,119165001728,
6.318,-37462014823816495000,-0.058685485273599625,64852978126228030000,-3.6660455358600394e+34,1.8331518525371848e-9,119165001728,
6.328,-37462014823816495000,-0.058685485273599625,64852978126228030000,-3.6660455358600394e+34,1.8331518525371848e-9,119165001728,
6.338,-37462014823816495000,-0.058685485273599625,64852978126228030000,-3.6660455358600394e+34,1.8331518525371848e-9,119165001728,
6.348,-37462014823816495000,-0.058685485273599625,64852978126228030000,-3.6660455358600394e+34,1.8331518525371848e-9,119165001728,
6.358,-37462014823816495000,-0.058685485273599625,64852978126228030000,-3.6660455358600394e+34,1.8331518525371848e-9,119165001728,
6.368,-37462014823816495000,-0.058685485273599625,64852978126228030000,-3.6660455358600394e+34,1.8331518525371848e-9,119165001728,
6.378,-37462014823816495000,-0.058685485273599625,64852978126228030000,-3.6660455358600394e+34,1.8331518525371848e-9,119165001728,
6.388,-37462014823816495000,-0.058685485273599625,64852978126228030000,-3.6660455358600394e+34,1.8331518525371848e-9,119165001728,
6.398,-37462014823816495000,-0.058685485273599625,64852978126228030000,-3.6660455358600394e+34,1.8331518525371848e-9,119165001728,
6.408,-37462014823816495000,-0.058685485273599625,64852978126228030000,-3.6660455358600394e+34,1.8331518525371848e-9,119165001728,
6.418,-37462014823816495000,-0.058685485273599625,64852978126228030000,-3.6660455358600394e+34,1.8331518525371848e-9,119165001728,
6.428,-37462014823816495000,-0.058685485273599625,64852978126228030000,-3.6660455358600394e+34,1.8331518525371848e-9,119165001728,
6.438,-37462014823816495000,-0.058685485273599625,64852978126228030000,-3.6660455358600394e+34,1.8331518525371848e-9,119165001728,
6.448,-37462014823816495000,-0.058685485273599625,64852978126228030000,-3.6660455358600394e+34,1.8331518525371848e-9,119165001728,
6.458,-37462014823816495000,-0.058685485273599625,64852978126228030000,-3.6660455358600394e+34,1.8331518525371848e-9,119165001728,
6.468,-37462014823816495000,-0.058685485273599625,64852978126228030000,-3.6660455358600394e+34,1.8331518525371848e-9,119165001728,
6.478,-37462014823816495000,-0.058685485273599625,64852978126228030000,-3.6660455358600394e+34,1.8331518525371848e-9,119165001728,
6.488,-37462014823816495000,-0.058685485273599625,64852978126228030000,-3.6660455358600394e+34,1.8331518525371848e-9,119165001728,
6.498,-37462014823816495000,-0.058685485273599625,64852978126228030000,-3.6660455358600394e+34,1.8331518525371848e-9,119165001728,
6.508,-37462014823816495000,-0.058685485273599625,64852978126228030000,-3.6660455358600394e+34,1.8331518525371848e-9,119165001728,
6.518,-37462014823816495000,-0.058685485273599625,64852978126228030000,-3.6660455358600394e+34,1.8331518525371848e-9,119165001728,
6.528,-37462014823816495000,-0.058685485273599625,64852978126228030000,-3.6660455358600394e+34,1.8331518525371848e-9,119165001728,
6.538,-37462014823816495000,-0.058685485273599625,64852978126228030000,-3.6660455358600394e+34,1.8331518525371848e-9,119165001728,
6.548,-37462014823816495000,-0.058685485273599625,64852978126228030000,-3.6660455358600394e+34,1.8331518525371848e-9,119165001728,
6.558,-37462014823816495000,-0.058685485273599625,64852978126228030000,-3.6660455358600394e+34,1.8331518525371848e-9,119165001728,
6.568,-37462014823816495000,-0.058685485273599625,64852978126228030000,-3.6660455358600394e+34,1.8331518525371848e-9,119165001728,
6.578,-37462014823816495000,-0.058685485273599625,64852978126228030000,-3.6660455358600394e+34,1.8331518525371848e-9,119165001728,
6.588,-37462014823816495000,-0.058685485273599625,64852978126228030000,-3.6660455358600394e+34,1.8331518525371848e-9,119165001728,
6.598,-37462014823816495000,-0.058685485273599625,64852978126228030000,-3.6660455358600394e+34,1.8331518525371848e-9,119165001728,
6.608,-37462014823816495000,-0.058685485273599625,64852978126228030000,-3.6660455358600394e+34,1.8331518525371848e-9,119165001728,
6.618,-37462014823816495000,-0.058685485273599625,64852978126228030000,-3.6660455358600394e+34,1.8331518525371848e-9,119165001728,
6.628,-37462014823816495000,-0.058685485273599625,64852978126228030000,-3.6660455358600394e+34,1.8331518525371848e-9,119165001728,
6.638,-37462014823816495000,-0.058685485273599625,64852978126228030000,-3.6660455358600394e+34,1.8331518525371848e-9,119165001728,
6.648,-37462014823816495000,-0.058685485273599625,64852978126228030000,-3.6660455358600394e+34,1.8331518525371848e-9,119165001728,
6.658,-37462014823816495000,-0.058685485273599625,64852978126228030000,-3.6660455358600394e+34,1.8331518525371848e-9,119165001728,
6.668,-37462014823816495000,-0.058685485273599625,64852978126228030000,-3.6660455358600394e+34,1.8331518525371848e-9,119165001728,
6.678,-37462014823816495000,-0.058685485273599625,64852978126228030000,-3.6660455358600394e+34,1.8331518525371848e-9,119165001728,
6.688,-37462014823816495000,-0.058685485273599625,64852978126228030000,-3.6660455358600394e+34,1.8331518525371848e-9,119165001728,
6.698,-37462014823816495000,-0.058685485273599625,64852978126228030000,-3.6660455358600394e+34,1.8331518525371848e-9,119165001728,
6.708,-37462014823816495000,-0.058685485273599625,64852978126228030000,-3.6660455358600394e+34,1.8331518525371848e-9,119165001728,
6.718,-37462014823816495000,-0.058685485273599625,64852978126228030000,-3.6660455358600394e+34,1.8331518525371848e-9,119165001728,
6.728,-37462014823816495000,-0.058685485273599625,64852978126228030000,-3.6660455358600394e+34,1.8331518525371848e-9,119165001728,
6.738,-37462014823816495000,-0.058685485273599625,64852978126228030000,-3.6660455358600394e+34,1.8331518525371848e-9,119165001728,
6.748,-37462014823816495000,-0.058685485273599625,64852978126228030000,-3.6660455358600394e+34,1.8331518525371848e-9,119165001728,
6.758,-37462014823816495000,-0.058685485273599625,64852978126228030000,-3.6660455358600394e+34,1.8331518525371848e-9,119165001728,
6.768,-37462014823816495000,-0.058685485273599625,64852978126228030000,-3.6660455358600394e+34,1.8331518525371848e-9,119165001728,
6.778,-37462014823816495000,-0.058685485273599625,64852978126228030000,-3.6660455358600394e+34,1.8331518525371848e-9,119165001728,
6.788,-37462014823816495000,-0.058685485273599625,64852978126228030000,-3.6660455358600394e+34,1.8331518525371848e-9,119165001728,
6.798,-37462014823816495000,-0.058685485273599625,64852978126228030000,-3.6660455358600394e+34,1.8331518525371848e-9,119165001728,
6.808,-37462014823816495000,-0.058685485273599625,64852978126228030000,-3.6660455358600394e+34,1.8331518525371848e-9,119165001728,
6.818,-37462014823816495000,-0.058685485273599625,64852978126228030000,-3.6660455358600394e+34,1.8331518525371848e-9,119165001728,
6.828,-37462014823816495000,-0.058685485273599625,64852978126228030000,-3.6660455358600394e+34,1.8331518525371848e-9,119165001728,
6.838,-37462014823816495000,-0.058685485273599625,64852978126228030000,-3.6660455358600394e+34,1.8331518525371848e-9,119165001728,
6.848,-37462014823816495000,-0.058685485273599625,64852978126228030000,-3.6660455358600394e+34,1.8331518525371848e-9,119165001728,
6.858,-37462014823816495000,-0.058685485273599625,64852978126228030000,-3.6660455358600394e+34,1.8331518525371848e-9,119165001728,
6.868,-37462014823816495000,-0.058685485273599625,64852978126228030000,-3.6660455358600394e+34,1.8331518525371848e-9,119165001728,
6.878,-37462014823816495000,-0.058685485273599625,64852978126228030000,-3.6660455358600394e+34,1.8331518525371848e-9,119165001728,
6.888,-37462014823816495000,-0.058685485273599625,64852978126228030000,-3.6660455358600394e+34,1.8331518525371848e-9,119165001728,
6.898,-37462014823816495000,-0.058685485273599625,64852978126228030000,-3.6660455358600394e+34,1.8331518525371848e-9,119165001728,
6.908,-37462014823816495000,-0.058685485273599625,64852978126228030000,-3.6660455358600394e+34,1.8331518525371848e-9,119165001728,
6.918,-37462014823816495000,-0.058685485273599625,64852978126228030000,-3.6660455358600394e+34,1.8331518525371848e-9,119165001728,
6.928,-37462014823816495000,-0.058685485273599625,64852978126228030000,-3.6660455358600394e+34,1.8331518525371848e-9,119165001728,
6.938,-37462014823816495000,-0.058685485273599625,64852978126228030000,-3.6660455358600394e+34,1.8331518525371848e-9,119165001728,
6.948,-37462014823816495000,-0.058685485273599625,64852978126228030000,-3.6660455358600394e+34,1.8331518525371848e-9,119165001728,
6.958,-37462014823816495000,-0.058685485273599625,64852978126228030000,-3.6660455358600394e+34,1.8331518525371848e-9,119165001728,
6.968,-37462014823816495000,-0.058685485273599625,64852978126228030000,-3.6660455358600394e+34,1.8331518525371848e-9,119165001728,
6.978,-37462014823816495000,-0.058685485273599625,64852978126228030000,-3.6660455358600394e+34,1.8331518525371848e-9,119165001728,
6.988,-37462014823816495000,-0.058685485273599625,64852978126228030000,-3.6660455358600394e+34,1.8331518525371848e-9,119165001728,
6.998,-37462014823816495000,-0.058685485273599625,64852978126228030000,-3.6660455358600394e+34,1.8331518525371848e-9,119165001728,
7.008,-37462014823816495000,-0.058685485273599625,64852978126228030000,-3.6660455358600394e+34,1.8331518525371848e-9,119165001728,
7.018,-37462014823816495000,-0.058685485273599625,64852978126228030000,-3.6660455358600394e+34,1.8331518525371848e-9,119165001728,
7.028,-37462014823816495000,-0.058685485273599625,64852978126228030000,-3.6660455358600394e+34,1.8331518525371848e-9,119165001728,
7.038,-37462014823816495000,-0.058685485273599625,64852978126228030000,-3.6660455358600394e+34,1.8331518525371848e-9,119165001728,
7.048,-37462014823816495000,-0.058685485273599625,64852978126228030000,-3.6660455358600394e+34,1.8331518525371848e-9,119165001728,
7.058,-37462014823816495000,-0.058685485273599625,64852978126228030000,-3.6660455358600394e+34,1.8331518525371848e-9,119165001728,
7.068,-37462014823816495000,-0.058685485273599625,64852978126228030000,-3.6660455358600394e+34,1.8331518525371848e-9,119165001728,
7.078,-37462014823816495000,-0.058685485273599625,64852978126228030000,-3.6660455358600394e+34,1.8331518525371848e-9,119165001728,
7.088,-37462014823816495000,-0.058685485273599625,64852978126228030000,-3.6660455358600394e+34,1.8331518525371848e-9,119165001728,
7.098,-37462014823816495000,-0.058685485273599625,64852978126228030000,-3.6660455358600394e+34,1.8331518525371848e-9,119165001728,
7.108,-37462014823816495000,-0.058685485273599625,64852978126228030000,-3.6660455358600394e+34,1.8331518525371848e-9,119165001728,
7.118,-37462014823816495000,-0.058685485273599625,64852978126228030000,-3.6660455358600394e+34,1.8331518525371848e-9,119165001728,
7.128,-37462014823816495000,-0.058685485273599625,64852978126228030000,-3.6660455358600394e+34,1.8331518525371848e-9,119165001728,
7.138,-37462014823816495000,-0.058685485273599625,64852978126228030000,-3.6660455358600394e+34,1.8331518525371848e-9,119165001728,
7.148,-37462014823816495000,-0.058685485273599625,64852978126228030000,-3.6660455358600394e+34,1.8331518525371848e-9,119165001728,
7.158,-37462014823816495000,-0.058685485273599625,64852978126228030000,-3.6660455358600394e+34,1.8331518525371848e-9,119165001728,
7.168,-37462014823816495000,-0.058685485273599625,64852978126228030000,-3.6660455358600394e+34,1.8331518525371848e-9,119165001728,
7.178,-37462014823816495000,-0.058685485273599625,64852978126228030000,-3.6660455358600394e+34,1.8331518525371848e-9,119165001728,
7.188,-37462014823816495000,-0.058685485273599625,64852978126228030000,-3.6660455358600394e+34,1.8331518525371848e-9,119165001728,
7.198,-37462014823816495000,-0.058685485273599625,64852978126228030000,-3.6660455358600394e+34,1.8331518525371848e-9,119165001728,
7.208,-37462014823816495000,-0.058685485273599625,64852978126228030000,-3.6660455358600394e+34,1.8331518525371848e-9,119165001728,
7.218,-37462014823816495000,-0.058685485273599625,64852978126228030000,-3.6660455358600394e+34,1.8331518525371848e-9,119165001728,
7.228,-37462014823816495000,-0.058685485273599625,64852978126228030000,-3.6660455358600394e+34,1.8331518525371848e-9,119165001728,
7.238,-37462014823816495000,-0.058685485273599625,64852978126228030000,-3.6660455358600394e+34,1.8331518525371848e-9,119165001728,
7.248,-37462014823816495000,-0.058685485273599625,64852978126228030000,-3.6660455358600394e+34,1.8331518525371848e-9,119165001728,
7.258,-37462014823816495000,-0.058685485273599625,64852978126228030000,-3.6660455358600394e+34,1.8331518525371848e-9,119165001728,
7.268,-37462014823816495000,-0.058685485273599625,64852978126228030000,-3.6660455358600394e+34,1.8331518525371848e-9,119165001728,
7.278,-37462014823816495000,-0.058685485273599625,64852978126228030000,-3.6660455358600394e+34,1.8331518525371848e-9,119165001728,
7.288,-37462014823816495000,-0.058685485273599625,64852978126228030000,-3.6660455358600394e+34,1.8331518525371848e-9,119165001728,
7.298,-37462014823816495000,-0.058685485273599625,64852978126228030000,-3.6660455358600394e+34,1.8331518525371848e-9,119165001728,
7.308,-37462014823816495000,-0.058685485273599625,64852978126228030000,-3.6660455358600394e+34,1.8331518525371848e-9,119165001728,
7.318,-37462014823816495000,-0.058685485273599625,64852978126228030000,-3.6660455358600394e+34,1.8331518525371848e-9,119165001728,
7.328,-37462014823816495000,-0.058685485273599625,64852978126228030000,-3.6660455358600394e+34,1.8331518525371848e-9,119165001728,
7.338,-37462014823816495000,-0.058685485273599625,64852978126228030000,-3.6660455358600394e+34,1.8331518525371848e-9,119165001728,
7.348,-37462014823816495000,-0.058685485273599625,64852978126228030000,-3.6660455358600394e+34,1.8331518525371848e-9,119165001728,
7.358,-37462014823816495000,-0.058685485273599625,64852978126228030000,-3.6660455358600394e+34,1.8331518525371848e-9,119165001728,
7.368,-37462014823816495000,-0.058685485273599625,64852978126228030000,-3.6660455358600394e+34,1.8331518525371848e-9,119165001728,
7.378,-37462014823816495000,-0.058685485273599625,64852978126228030000,-3.6660455358600394e+34,1.8331518525371848e-9,119165001728,
7.388,-37462014823816495000,-0.058685485273599625,64852978126228030000,-3.6660455358600394e+34,1.8331518525371848e-9,119165001728,
7.398,-37462014823816495000,-0.058685485273599625,64852978126228030000,-3.6660455358600394e+34,1.8331518525371848e-9,119165001728,
7.408,-37462014823816495000,-0.058685485273599625,64852978126228030000,-3.6660455358600394e+34,1.8331518525371848e-9,119165001728,
7.418,-37462014823816495000,-0.058685485273599625,64852978126228030000,-3.6660455358600394e+34,1.8331518525371848e-9,119165001728,
7.428,-37462014823816495000,-0.058685485273599625,64852978126228030000,-3.6660455358600394e+34,1.8331518525371848e-9,119165001728,
7.438,-37462014823816495000,-0.058685485273599625,64852978126228030000,-3.6660455358600394e+34,1.8331518525371848e-9,119165001728,
7.448,-37462014823816495000,-0.058685485273599625,64852978126228030000,-3.6660455358600394e+34,1.8331518525371848e-9,119165001728,
7.458,-37462014823816495000,-0.058685485273599625,64852978126228030000,-3.6660455358600394e+34,1.8331518525371848e-9,119165001728,
7.468,-37462014823816495000,-0.058685485273599625,64852978126228030000,-3.6660455358600394e+34,1.8331518525371848e-9,119165001728,
7.478,-37462014823816495000,-0.058685485273599625,64852978126228030000,-3.6660455358600394e+34,1.8331518525371848e-9,119165001728,
7.488,-37462014823816495000,-0.058685485273599625,64852978126228030000,-3.6660455358600394e+34,1.8331518525371848e-9,119165001728,
7.498,-37462014823816495000,-0.058685485273599625,64852978126228030000,-3.6660455358600394e+34,1.8331518525371848e-9,119165001728,
7.508,-37462014823816495000,-0.058685485273599625,64852978126228030000,-3.6660455358600394e+34,1.8331518525371848e-9,119165001728,
7.518,-37462014823816495000,-0.058685485273599625,64852978126228030000,-3.6660455358600394e+34,1.8331518525371848e-9,119165001728,
7.528,-37462014823816495000,-0.058685485273599625,64852978126228030000,-3.6660455358600394e+34,1.8331518525371848e-9,119165001728,
7.538,-37462014823816495000,-0.058685485273599625,64852978126228030000,-3.6660455358600394e+34,1.8331518525371848e-9,119165001728,
7.548,-37462014823816495000,-0.058685485273599625,64852978126228030000,-3.6660455358600394e+34,1.8331518525371848e-9,119165001728,
7.558,-37462014823816495000,-0.058685485273599625,64852978126228030000,-3.6660455358600394e+34,1.8331518525371848e-9,119165001728,
7.568,-37462014823816495000,-0.058685485273599625,64852978126228030000,-3.6660455358600394e+34,1.8331518525371848e-9,119165001728,
7.578,-37462014823816495000,-0.058685485273599625,64852978126228030000,-3.6660455358600394e+34,1.8331518525371848e-9,119165001728,
7.588,-37462014823816495000,-0.058685485273599625,64852978126228030000,-3.6660455358600394e+34,1.8331518525371848e-9,119165001728,
7.598,-37462014823816495000,-0.058685485273599625,64852978126228030000,-3.6660455358600394e+34,1.8331518525371848e-9,119165001728,
7.608,-37462014823816495000,-0.058685485273599625,64852978126228030000,-3.6660455358600394e+34,1.8331518525371848e-9,119165001728,
7.618,-37462014823816495000,-0.058685485273599625,64852978126228030000,-3.6660455358600394e+34,1.8331518525371848e-9,119165001728,
7.628,-37462014823816495000,-0.058685485273599625,64852978126228030000,-3.6660455358600394e+34,1.8331518525371848e-9,119165001728,
7.638,-37462014823816495000,-0.058685485273599625,64852978126228030000,-3.6660455358600394e+34,1.8331518525371848e-9,119165001728,
7.648,-37462014823816495000,-0.058685485273599625,64852978126228030000,-3.6660455358600394e+34,1.8331518525371848e-9,119165001728,
7.658,-37462014823816495000,-0.058685485273599625,64852978126228030000,-3.6660455358600394e+34,1.8331518525371848e-9,119165001728,
7.668,-37462014823816495000,-0.058685485273599625,64852978126228030000,-3.6660455358600394e+34,1.8331518525371848e-9,119165001728,
7.678,-37462014823816495000,-0.058685485273599625,64852978126228030000,-3.6660455358600394e+34,1.8331518525371848e-9,119165001728,
7.688,-37462014823816495000,-0.058685485273599625,64852978126228030000,-3.6660455358600394e+34,1.8331518525371848e-9,119165001728,
7.698,-37462014823816495000,-0.058685485273599625,64852978126228030000,-3.6660455358600394e+34,1.8331518525371848e-9,119165001728,
7.708,-37462014823816495000,-0.058685485273599625,64852978126228030000,-3.6660455358600394e+34,1.8331518525371848e-9,119165001728,
7.718,-37462014823816495000,-0.058685485273599625,64852978126228030000,-3.6660455358600394e+34,1.8331518525371848e-9,119165001728,
7.728,-37462014823816495000,-0.058685485273599625,64852978126228030000,-3.6660455358600394e+34,1.8331518525371848e-9,119165001728,
7.738,-37462014823816495000,-0.058685485273599625,64852978126228030000,-3.6660455358600394e+34,1.8331518525371848e-9,119165001728,
7.748,-37462014823816495000,-0.058685485273599625,64852978126228030000,-3.6660455358600394e+34,1.8331518525371848e-9,119165001728,
7.758,-37462014823816495000,-0.058685485273599625,64852978126228030000,-3.6660455358600394e+34,1.8331518525371848e-9,119165001728,
7.768,-37462014823816495000,-0.058685485273599625,64852978126228030000,-3.6660455358600394e+34,1.8331518525371848e-9,119165001728,
7.778,-37462014823816495000,-0.058685485273599625,64852978126228030000,-3.6660455358600394e+34,1.8331518525371848e-9,119165001728,
7.788,-37462014823816495000,-0.058685485273599625,64852978126228030000,-3.6660455358600394e+34,1.8331518525371848e-9,119165001728,
7.798,-37462014823816495000,-0.058685485273599625,64852978126228030000,-3.6660455358600394e+34,1.8331518525371848e-9,119165001728,
7.808,-37462014823816495000,-0.058685485273599625,64852978126228030000,-3.6660455358600394e+34,1.8331518525371848e-9,119165001728,
7.818,-37462014823816495000,-0.058685485273599625,64852978126228030000,-3.6660455358600394e+34,1.8331518525371848e-9,119165001728,
7.828,-37462014823816495000,-0.058685485273599625,64852978126228030000,-3.6660455358600394e+34,1.8331518525371848e-9,119165001728,
7.838,-37462014823816495000,-0.058685485273599625,64852978126228030000,-3.6660455358600394e+34,1.8331518525371848e-9,119165001728,
7.848,-37462014823816495000,-0.058685485273599625,64852978126228030000,-3.6660455358600394e+34,1.8331518525371848e-9,119165001728,
7.858,-37462014823816495000,-0.058685485273599625,64852978126228030000,-3.6660455358600394e+34,1.8331518525371848e-9,119165001728,
7.868,-37462014823816495000,-0.058685485273599625,64852978126228030000,-3.6660455358600394e+34,1.8331518525371848e-9,119165001728,
7.878,-37462014823816495000,-0.058685485273599625,64852978126228030000,-3.6660455358600394e+34,1.8331518525371848e-9,119165001728,
7.888,-37462014823816495000,-0.058685485273599625,64852978126228030000,-3.6660455358600394e+34,1.8331518525371848e-9,119165001728,
7.898,-37462014823816495000,-0.058685485273599625,64852978126228030000,-3.6660455358600394e+34,1.8331518525371848e-9,119165001728,
7.908,-37462014823816495000,-0.058685485273599625,64852978126228030000,-3.6660455358600394e+34,1.8331518525371848e-9,119165001728,
7.918,-37462014823816495000,-0.058685485273599625,64852978126228030000,-3.6660455358600394e+34,1.8331518525371848e-9,119165001728,
7.928,-37462014823816495000,-0.058685485273599625,64852978126228030000,-3.6660455358600394e+34,1.8331518525371848e-9,119165001728,
7.938,-37462014823816495000,-0.058685485273599625,64852978126228030000,-3.6660455358600394e+34,1.8331518525371848e-9,119165001728,
7.948,-37462014823816495000,-0.058685485273599625,64852978126228030000,-3.6660455358600394e+34,1.8331518525371848e-9,119165001728,
7.958,-37462014823816495000,-0.058685485273599625,64852978126228030000,-3.6660455358600394e+34,1.8331518525371848e-9,119165001728,
7.968,-37462014823816495000,-0.058685485273599625,64852978126228030000,-3.6660455358600394e+34,1.8331518525371848e-9,119165001728,
7.978,-37462014823816495000,-0.058685485273599625,64852978126228030000,-3.6660455358600394e+34,1.8331518525371848e-9,119165001728,
7.988,-37462014823816495000,-0.058685485273599625,64852978126228030000,-3.6660455358600394e+34,1.8331518525371848e-9,119165001728,
7.998,-37462014823816495000,-0.058685485273599625,64852978126228030000,-3.6660455358600394e+34,1.8331518525371848e-9,119165001728,
8.008,-37462014823816495000,-0.058685485273599625,64852978126228030000,-3.6660455358600394e+34,1.8331518525371848e-9,119165001728,
8.018,-37462014823816495000,-0.058685485273599625,64852978126228030000,-3.6660455358600394e+34,1.8331518525371848e-9,119165001728,
8.028,-37462014823816495000,-0.058685485273599625,64852978126228030000,-3.6660455358600394e+34,1.8331518525371848e-9,119165001728,
8.038,-37462014823816495000,-0.058685485273599625,64852978126228030000,-3.6660455358600394e+34,1.8331518525371848e-9,119165001728,
8.048,-37462014823816495000,-0.058685485273599625,64852978126228030000,-3.6660455358600394e+34,1.8331518525371848e-9,119165001728,
8.058,-37462014823816495000,-0.058685485273599625,64852978126228030000,-3.6660455358600394e+34,1.8331518525371848e-9,119165001728,
8.068,-37462014823816495000,-0.058685485273599625,64852978126228030000,-3.6660455358600394e+34,1.8331518525371848e-9,119165001728,
8.078,-37462014823816495000,-0.058685485273599625,64852978126228030000,-3.6660455358600394e+34,1.8331518525371848e-9,119165001728,
8.088,-37462014823816495000,-0.058685485273599625,64852978126228030000,-3.6660455358600394e+34,1.8331518525371848e-9,119165001728,
8.098,-37462014823816495000,-0.058685485273599625,64852978126228030000,-3.6660455358600394e+34,1.8331518525371848e-9,119165001728,
8.108,-37462014823816495000,-0.058685485273599625,64852978126228030000,-3.6660455358600394e+34,1.8331518525371848e-9,119165001728,
8.118,-37462014823816495000,-0.058685485273599625,64852978126228030000,-3.6660455358600394e+34,1.8331518525371848e-9,119165001728,
8.128,-37462014823816495000,-0.058685485273599625,64852978126228030000,-3.6660455358600394e+34,1.8331518525371848e-9,119165001728,
8.138,-37462014823816495000,-0.058685485273599625,64852978126228030000,-3.6660455358600394e+34,1.8331518525371848e-9,119165001728,
8.148,-37462014823816495000,-0.058685485273599625,64852978126228030000,-3.6660455358600394e+34,1.8331518525371848e-9,119165001728,
8.158,-37462014823816495000,-0.058685485273599625,64852978126228030000,-3.6660455358600394e+34,1.8331518525371848e-9,119165001728,
8.168,-37462014823816495000,-0.058685485273599625,64852978126228030000,-3.6660455358600394e+34,1.8331518525371848e-9,119165001728,
8.178,-37462014823816495000,-0.058685485273599625,64852978126228030000,-3.6660455358600394e+34,1.8331518525371848e-9,119165001728,
8.188,-37462014823816495000,-0.058685485273599625,64852978126228030000,-3.6660455358600394e+34,1.8331518525371848e-9,119165001728,
8.198,-37462014823816495000,-0.058685485273599625,64852978126228030000,-3.6660455358600394e+34,1.8331518525371848e-9,119165001728,
8.208,-37462014823816495000,-0.058685485273599625,64852978126228030000,-3.6660455358600394e+34,1.8331518525371848e-9,119165001728,
8.218,-37462014823816495000,-0.058685485273599625,64852978126228030000,-3.6660455358600394e+34,1.8331518525371848e-9,119165001728,
8.228,-37462014823816495000,-0.058685485273599625,64852978126228030000,-3.6660455358600394e+34,1.8331518525371848e-9,119165001728,
8.238,-37462014823816495000,-0.058685485273599625,64852978126228030000,-3.6660455358600394e+34,1.8331518525371848e-9,119165001728,
8.248,-37462014823816495000,-0.058685485273599625,64852978126228030000,-3.6660455358600394e+34,1.8331518525371848e-9,119165001728,
8.258,-37462014823816495000,-0.058685485273599625,64852978126228030000,-3.6660455358600394e+34,1.8331518525371848e-9,119165001728,
8.268,-37462014823816495000,-0.058685485273599625,64852978126228030000,-3.6660455358600394e+34,1.8331518525371848e-9,119165001728,
8.278,-37462014823816495000,-0.058685485273599625,64852978126228030000,-3.6660455358600394e+34,1.8331518525371848e-9,119165001728,
8.288,-37462014823816495000,-0.058685485273599625,64852978126228030000,-3.6660455358600394e+34,1.8331518525371848e-9,119165001728,
8.298,-37462014823816495000,-0.058685485273599625,64852978126228030000,-3.6660455358600394e+34,1.8331518525371848e-9,119165001728,
8.308,-37462014823816495000,-0.058685485273599625,64852978126228030000,-3.6660455358600394e+34,1.8331518525371848e-9,119165001728,
8.318,-37462014823816495000,-0.058685485273599625,64852978126228030000,-3.6660455358600394e+34,1.8331518525371848e-9,119165001728,
8.328,-37462014823816495000,-0.058685485273599625,64852978126228030000,-3.6660455358600394e+34,1.8331518525371848e-9,119165001728,
8.338,-37462014823816495000,-0.058685485273599625,64852978126228030000,-3.6660455358600394e+34,1.8331518525371848e-9,119165001728,
8.348,-37462014823816495000,-0.058685485273599625,64852978126228030000,-3.6660455358600394e+34,1.8331518525371848e-9,119165001728,
8.358,-37462014823816495000,-0.058685485273599625,64852978126228030000,-3.6660455358600394e+34,1.8331518525371848e-9,119165001728,
8.368,-37462014823816495000,-0.058685485273599625,64852978126228030000,-3.6660455358600394e+34,1.8331518525371848e-9,119165001728,
8.378,-37462014823816495000,-0.058685485273599625,64852978126228030000,-3.6660455358600394e+34,1.8331518525371848e-9,119165001728,
8.388,-37462014823816495000,-0.058685485273599625,64852978126228030000,-3.6660455358600394e+34,1.8331518525371848e-9,119165001728,
8.398,-37462014823816495000,-0.058685485273599625,64852978126228030000,-3.6660455358600394e+34,1.8331518525371848e-9,119165001728,
8.408,-37462014823816495000,-0.058685485273599625,64852978126228030000,-3.6660455358600394e+34,1.8331518525371848e-9,119165001728,
8.418,-37462014823816495000,-0.058685485273599625,64852978126228030000,-3.6660455358600394e+34,1.8331518525371848e-9,119165001728,
8.428,-37462014823816495000,-0.058685485273599625,64852978126228030000,-3.6660455358600394e+34,1.8331518525371848e-9,119165001728,
8.438,-37462014823816495000,-0.058685485273599625,64852978126228030000,-3.6660455358600394e+34,1.8331518525371848e-9,119165001728,
8.448,-37462014823816495000,-0.058685485273599625,64852978126228030000,-3.6660455358600394e+34,1.8331518525371848e-9,119165001728,
8.458,-37462014823816495000,-0.058685485273599625,64852978126228030000,-3.6660455358600394e+34,1.8331518525371848e-9,119165001728,
8.468,-37462014823816495000,-0.058685485273599625,64852978126228030000,-3.6660455358600394e+34,1.8331518525371848e-9,119165001728,
8.478,-37462014823816495000,-0.058685485273599625,64852978126228030000,-3.6660455358600394e+34,1.8331518525371848e-9,119165001728,
8.488,-37462014823816495000,-0.058685485273599625,64852978126228030000,-3.6660455358600394e+34,1.8331518525371848e-9,119165001728,
8.498,-37462014823816495000,-0.058685485273599625,64852978126228030000,-3.6660455358600394e+34,1.8331518525371848e-9,119165001728,
8.508,-37462014823816495000,-0.058685485273599625,64852978126228030000,-3.6660455358600394e+34,1.8331518525371848e-9,119165001728,
8.518,-37462014823816495000,-0.058685485273599625,64852978126228030000,-3.6660455358600394e+34,1.8331518525371848e-9,119165001728,
8.528,-37462014823816495000,-0.058685485273599625,64852978126228030000,-3.6660455358600394e+34,1.8331518525371848e-9,119165001728,
8.538,-37462014823816495000,-0.058685485273599625,64852978126228030000,-3.6660455358600394e+34,1.8331518525371848e-9,119165001728,
8.548,-37462014823816495000,-0.058685485273599625,64852978126228030000,-3.6660455358600394e+34,1.8331518525371848e-9,119165001728,
8.558,-37462014823816495000,-0.058685485273599625,64852978126228030000,-3.6660455358600394e+34,1.8331518525371848e-9,119165001728,
8.568,-37462014823816495000,-0.058685485273599625,64852978126228030000,-3.6660455358600394e+34,1.8331518525371848e-9,119165001728,
8.578,-37462014823816495000,-0.058685485273599625,64852978126228030000,-3.6660455358600394e+34,1.8331518525371848e-9,119165001728,
8.588,-37462014823816495000,-0.058685485273599625,64852978126228030000,-3.6660455358600394e+34,1.8331518525371848e-9,119165001728,
8.598,-37462014823816495000,-0.058685485273599625,64852978126228030000,-3.6660455358600394e+34,1.8331518525371848e-9,119165001728,
8.608,-37462014823816495000,-0.058685485273599625,64852978126228030000,-3.6660455358600394e+34,1.8331518525371848e-9,119165001728,
8.618,-37462014823816495000,-0.058685485273599625,64852978126228030000,-3.6660455358600394e+34,1.8331518525371848e-9,119165001728,
8.628,-37462014823816495000,-0.058685485273599625,64852978126228030000,-3.6660455358600394e+34,1.8331518525371848e-9,119165001728,
8.638,-37462014823816495000,-0.058685485273599625,64852978126228030000,-3.6660455358600394e+34,1.8331518525371848e-9,119165001728,
8.648,-37462014823816495000,-0.058685485273599625,64852978126228030000,-3.6660455358600394e+34,1.8331518525371848e-9,119165001728,
8.658,-37462014823816495000,-0.058685485273599625,64852978126228030000,-3.6660455358600394e+34,1.8331518525371848e-9,119165001728,
8.668,-37462014823816495000,-0.058685485273599625,64852978126228030000,-3.6660455358600394e+34,1.8331518525371848e-9,119165001728,
8.678,-37462014823816495000,-0.058685485273599625,64852978126228030000,-3.6660455358600394e+34,1.8331518525371848e-9,119165001728,
8.688,-37462014823816495000,-0.058685485273599625,64852978126228030000,-3.6660455358600394e+34,1.8331518525371848e-9,119165001728,
8.698,-37462014823816495000,-0.058685485273599625,64852978126228030000,-3.6660455358600394e+34,1.8331518525371848e-9,119165001728,
8.708,-37462014823816495000,-0.058685485273599625,64852978126228030000,-3.6660455358600394e+34,1.8331518525371848e-9,119165001728,
8.718,-37462014823816495000,-0.058685485273599625,64852978126228030000,-3.6660455358600394e+34,1.8331518525371848e-9,119165001728,
8.728,-37462014823816495000,-0.058685485273599625,64852978126228030000,-3.6660455358600394e+34,1.8331518525371848e-9,119165001728,
8.738,-37462014823816495000,-0.058685485273599625,64852978126228030000,-3.6660455358600394e+34,1.8331518525371848e-9,119165001728,
8.748,-37462014823816495000,-0.058685485273599625,64852978126228030000,-3.6660455358600394e+34,1.8331518525371848e-9,119165001728,
8.758,-37462014823816495000,-0.058685485273599625,64852978126228030000,-3.6660455358600394e+34,1.8331518525371848e-9,119165001728,
8.768,-37462014823816495000,-0.058685485273599625,64852978126228030000,-3.6660455358600394e+34,1.8331518525371848e-9,119165001728,
8.778,-37462014823816495000,-0.058685485273599625,64852978126228030000,-3.6660455358600394e+34,1.8331518525371848e-9,119165001728,
8.788,-37462014823816495000,-0.058685485273599625,64852978126228030000,-3.6660455358600394e+34,1.8331518525371848e-9,119165001728,
8.798,-37462014823816495000,-0.058685485273599625,64852978126228030000,-3.6660455358600394e+34,1.8331518525371848e-9,119165001728,
8.808,-37462014823816495000,-0.058685485273599625,64852978126228030000,-3.6660455358600394e+34,1.8331518525371848e-9,119165001728,
8.818,-37462014823816495000,-0.058685485273599625,64852978126228030000,-3.6660455358600394e+34,1.8331518525371848e-9,119165001728,
8.828,-37462014823816495000,-0.058685485273599625,64852978126228030000,-3.6660455358600394e+34,1.8331518525371848e-9,119165001728,
8.838,-37462014823816495000,-0.058685485273599625,64852978126228030000,-3.6660455358600394e+34,1.8331518525371848e-9,119165001728,
8.848,-37462014823816495000,-0.058685485273599625,64852978126228030000,-3.6660455358600394e+34,1.8331518525371848e-9,119165001728,
8.858,-37462014823816495000,-0.058685485273599625,64852978126228030000,-3.6660455358600394e+34,1.8331518525371848e-9,119165001728,
8.868,-37462014823816495000,-0.058685485273599625,64852978126228030000,-3.6660455358600394e+34,1.8331518525371848e-9,119165001728,
8.878,-37462014823816495000,-0.058685485273599625,64852978126228030000,-3.6660455358600394e+34,1.8331518525371848e-9,119165001728,
8.888,-37462014823816495000,-0.058685485273599625,64852978126228030000,-3.6660455358600394e+34,1.8331518525371848e-9,119165001728,
8.898,-37462014823816495000,-0.058685485273599625,64852978126228030000,-3.6660455358600394e+34,1.8331518525371848e-9,119165001728,
8.908,-37462014823816495000,-0.058685485273599625,64852978126228030000,-3.6660455358600394e+34,1.8331518525371848e-9,119165001728,
8.918,-37462014823816495000,-0.058685485273599625,64852978126228030000,-3.6660455358600394e+34,1.8331518525371848e-9,119165001728,
8.928,-37462014823816495000,-0.058685485273599625,64852978126228030000,-3.6660455358600394e+34,1.8331518525371848e-9,119165001728,
8.938,-37462014823816495000,-0.058685485273599625,64852978126228030000,-3.6660455358600394e+34,1.8331518525371848e-9,119165001728,
8.948,-37462014823816495000,-0.058685485273599625,64852978126228030000,-3.6660455358600394e+34,1.8331518525371848e-9,119165001728,
8.958,-37462014823816495000,-0.058685485273599625,64852978126228030000,-3.6660455358600394e+34,1.8331518525371848e-9,119165001728,
8.968,-37462014823816495000,-0.058685485273599625,64852978126228030000,-3.6660455358600394e+34,1.8331518525371848e-9,119165001728,
8.978,-37462014823816495000,-0.058685485273599625,64852978126228030000,-3.6660455358600394e+34,1.8331518525371848e-9,119165001728,
8.988,-37462014823816495000,-0.058685485273599625,64852978126228030000,-3.6660455358600394e+34,1.8331518525371848e-9,119165001728,
8.998,-37462014823816495000,-0.058685485273599625,64852978126228030000,-3.6660455358600394e+34,1.8331518525371848e-9,119165001728,
9.008,-37462014823816495000,-0.058685485273599625,64852978126228030000,-3.6660455358600394e+34,1.8331518525371848e-9,119165001728,
9.018,-37462014823816495000,-0.058685485273599625,64852978126228030000,-3.6660455358600394e+34,1.8331518525371848e-9,119165001728,
9.028,-37462014823816495000,-0.058685485273599625,64852978126228030000,-3.6660455358600394e+34,1.8331518525371848e-9,119165001728,
9.038,-37462014823816495000,-0.058685485273599625,64852978126228030000,-3.6660455358600394e+34,1.8331518525371848e-9,119165001728,
9.048,-37462014823816495000,-0.058685485273599625,64852978126228030000,-3.6660455358600394e+34,1.8331518525371848e-9,119165001728,
9.058,-37462014823816495000,-0.058685485273599625,64852978126228030000,-3.6660455358600394e+34,1.8331518525371848e-9,119165001728,
9.068,-37462014823816495000,-0.058685485273599625,64852978126228030000,-3.6660455358600394e+34,1.8331518525371848e-9,119165001728,
9.078,-37462014823816495000,-0.058685485273599625,64852978126228030000,-3.6660455358600394e+34,1.8331518525371848e-9,119165001728,
9.088,-37462014823816495000,-0.058685485273599625,64852978126228030000,-3.6660455358600394e+34,1.8331518525371848e-9,119165001728,
9.098,-37462014823816495000,-0.058685485273599625,64852978126228030000,-3.6660455358600394e+34,1.8331518525371848e-9,119165001728,
9.108,-37462014823816495000,-0.058685485273599625,64852978126228030000,-3.6660455358600394e+34,1.8331518525371848e-9,119165001728,
9.118,-37462014823816495000,-0.058685485273599625,64852978126228030000,-3.6660455358600394e+34,1.8331518525371848e-9,119165001728,
9.128,-37462014823816495000,-0.058685485273599625,64852978126228030000,-3.6660455358600394e+34,1.8331518525371848e-9,119165001728,
9.138,-37462014823816495000,-0.058685485273599625,64852978126228030000,-3.6660455358600394e+34,1.8331518525371848e-9,119165001728,
9.148,-37462014823816495000,-0.058685485273599625,64852978126228030000,-3.6660455358600394e+34,1.8331518525371848e-9,119165001728,
9.158,-37462014823816495000,-0.058685485273599625,64852978126228030000,-3.6660455358600394e+34,1.8331518525371848e-9,119165001728,
9.168,-37462014823816495000,-0.058685485273599625,64852978126228030000,-3.6660455358600394e+34,1.8331518525371848e-9,119165001728,
9.178,-37462014823816495000,-0.058685485273599625,64852978126228030000,-3.6660455358600394e+34,1.8331518525371848e-9,119165001728,
9.188,-37462014823816495000,-0.058685485273599625,64852978126228030000,-3.6660455358600394e+34,1.8331518525371848e-9,119165001728,
9.198,-37462014823816495000,-0.058685485273599625,64852978126228030000,-3.6660455358600394e+34,1.8331518525371848e-9,119165001728,
9.208,-37462014823816495000,-0.058685485273599625,64852978126228030000,-3.6660455358600394e+34,1.8331518525371848e-9,119165001728,
9.218,-37462014823816495000,-0.058685485273599625,64852978126228030000,-3.6660455358600394e+34,1.8331518525371848e-9,119165001728,
9.228,-37462014823816495000,-0.058685485273599625,64852978126228030000,-3.6660455358600394e+34,1.8331518525371848e-9,119165001728,
9.238,-37462014823816495000,-0.058685485273599625,64852978126228030000,-3.6660455358600394e+34,1.8331518525371848e-9,119165001728,
9.248,-37462014823816495000,-0.058685485273599625,64852978126228030000,-3.6660455358600394e+34,1.8331518525371848e-9,119165001728,
9.258,-37462014823816495000,-0.058685485273599625,64852978126228030000,-3.6660455358600394e+34,1.8331518525371848e-9,119165001728,
9.268,-37462014823816495000,-0.058685485273599625,64852978126228030000,-3.6660455358600394e+34,1.8331518525371848e-9,119165001728,
9.278,-37462014823816495000,-0.058685485273599625,64852978126228030000,-3.6660455358600394e+34,1.8331518525371848e-9,119165001728,
9.288,-37462014823816495000,-0.058685485273599625,64852978126228030000,-3.6660455358600394e+34,1.8331518525371848e-9,119165001728,
9.298,-37462014823816495000,-0.058685485273599625,64852978126228030000,-3.6660455358600394e+34,1.8331518525371848e-9,119165001728,
9.308,-37462014823816495000,-0.058685485273599625,64852978126228030000,-3.6660455358600394e+34,1.8331518525371848e-9,119165001728,
9.318,-37462014823816495000,-0.058685485273599625,64852978126228030000,-3.6660455358600394e+34,1.8331518525371848e-9,119165001728,
9.328,-37462014823816495000,-0.058685485273599625,64852978126228030000,-3.6660455358600394e+34,1.8331518525371848e-9,119165001728,
9.338,-37462014823816495000,-0.058685485273599625,64852978126228030000,-3.6660455358600394e+34,1.8331518525371848e-9,119165001728,
9.348,-37462014823816495000,-0.058685485273599625,64852978126228030000,-3.6660455358600394e+34,1.8331518525371848e-9,119165001728,
9.358,-37462014823816495000,-0.058685485273599625,64852978126228030000,-3.6660455358600394e+34,1.8331518525371848e-9,119165001728,
9.368,-37462014823816495000,-0.058685485273599625,64852978126228030000,-3.6660455358600394e+34,1.8331518525371848e-9,119165001728,
9.378,-37462014823816495000,-0.058685485273599625,64852978126228030000,-3.6660455358600394e+34,1.8331518525371848e-9,119165001728,
9.388,-37462014823816495000,-0.058685485273599625,64852978126228030000,-3.6660455358600394e+34,1.8331518525371848e-9,119165001728,
9.398,-37462014823816495000,-0.058685485273599625,64852978126228030000,-3.6660455358600394e+34,1.8331518525371848e-9,119165001728,
9.408,-37462014823816495000,-0.058685485273599625,64852978126228030000,-3.6660455358600394e+34,1.8331518525371848e-9,119165001728,
9.418,-37462014823816495000,-0.058685485273599625,64852978126228030000,-3.6660455358600394e+34,1.8331518525371848e-9,119165001728,
9.428,-37462014823816495000,-0.058685485273599625,64852978126228030000,-3.6660455358600394e+34,1.8331518525371848e-9,119165001728,
9.438,-37462014823816495000,-0.058685485273599625,64852978126228030000,-3.6660455358600394e+34,1.8331518525371848e-9,119165001728,
9.448,-37462014823816495000,-0.058685485273599625,64852978126228030000,-3.6660455358600394e+34,1.8331518525371848e-9,119165001728,
9.458,-37462014823816495000,-0.058685485273599625,64852978126228030000,-3.6660455358600394e+34,1.8331518525371848e-9,119165001728,
9.468,-37462014823816495000,-0.058685485273599625,64852978126228030000,-3.6660455358600394e+34,1.8331518525371848e-9,119165001728,
9.478,-37462014823816495000,-0.058685485273599625,64852978126228030000,-3.6660455358600394e+34,1.8331518525371848e-9,119165001728,
9.488,-37462014823816495000,-0.058685485273599625,64852978126228030000,-3.6660455358600394e+34,1.8331518525371848e-9,119165001728,
9.498,-37462014823816495000,-0.058685485273599625,64852978126228030000,-3.6660455358600394e+34,1.8331518525371848e-9,119165001728,
9.508,-37462014823816495000,-0.058685485273599625,64852978126228030000,-3.6660455358600394e+34,1.8331518525371848e-9,119165001728,
9.518,-37462014823816495000,-0.058685485273599625,64852978126228030000,-3.6660455358600394e+34,1.8331518525371848e-9,119165001728,
9.528,-37462014823816495000,-0.058685485273599625,64852978126228030000,-3.6660455358600394e+34,1.8331518525371848e-9,119165001728,
9.538,-37462014823816495000,-0.058685485273599625,64852978126228030000,-3.6660455358600394e+34,1.8331518525371848e-9,119165001728,
9.548,-37462014823816495000,-0.058685485273599625,64852978126228030000,-3.6660455358600394e+34,1.8331518525371848e-9,119165001728,
9.558,-37462014823816495000,-0.058685485273599625,64852978126228030000,-3.6660455358600394e+34,1.8331518525371848e-9,119165001728,
9.568,-37462014823816495000,-0.058685485273599625,64852978126228030000,-3.6660455358600394e+34,1.8331518525371848e-9,119165001728,
9.578,-37462014823816495000,-0.058685485273599625,64852978126228030000,-3.6660455358600394e+34,1.8331518525371848e-9,119165001728,
9.588,-37462014823816495000,-0.058685485273599625,64852978126228030000,-3.6660455358600394e+34,1.8331518525371848e-9,119165001728,
9.598,-37462014823816495000,-0.058685485273599625,64852978126228030000,-3.6660455358600394e+34,1.8331518525371848e-9,119165001728,
9.608,-37462014823816495000,-0.058685485273599625,64852978126228030000,-3.6660455358600394e+34,1.8331518525371848e-9,119165001728,
9.618,-37462014823816495000,-0.058685485273599625,64852978126228030000,-3.6660455358600394e+34,1.8331518525371848e-9,119165001728,
9.628,-37462014823816495000,-0.058685485273599625,64852978126228030000,-3.6660455358600394e+34,1.8331518525371848e-9,119165001728,
9.638,-37462014823816495000,-0.058685485273599625,64852978126228030000,-3.6660455358600394e+34,1.8331518525371848e-9,119165001728,
9.648,-37462014823816495000,-0.058685485273599625,64852978126228030000,-3.6660455358600394e+34,1.8331518525371848e-9,119165001728,
9.658,-37462014823816495000,-0.058685485273599625,64852978126228030000,-3.6660455358600394e+34,1.8331518525371848e-9,119165001728,
9.668,-37462014823816495000,-0.058685485273599625,64852978126228030000,-3.6660455358600394e+34,1.8331518525371848e-9,119165001728,
9.678,-37462014823816495000,-0.058685485273599625,64852978126228030000,-3.6660455358600394e+34,1.8331518525371848e-9,119165001728,
9.688,-37462014823816495000,-0.058685485273599625,64852978126228030000,-3.6660455358600394e+34,1.8331518525371848e-9,119165001728,
9.698,-37462014823816495000,-0.058685485273599625,64852978126228030000,-3.6660455358600394e+34,1.8331518525371848e-9,119165001728,
9.708,-37462014823816495000,-0.058685485273599625,64852978126228030000,-3.6660455358600394e+34,1.8331518525371848e-9,119165001728,
9.718,-37462014823816495000,-0.058685485273599625,64852978126228030000,-3.6660455358600394e+34,1.8331518525371848e-9,119165001728,
9.728,-37462014823816495000,-0.058685485273599625,64852978126228030000,-3.6660455358600394e+34,1.8331518525371848e-9,119165001728,
9.738,-37462014823816495000,-0.058685485273599625,64852978126228030000,-3.6660455358600394e+34,1.8331518525371848e-9,119165001728,
9.748,-37462014823816495000,-0.058685485273599625,64852978126228030000,-3.6660455358600394e+34,1.8331518525371848e-9,119165001728,
9.758,-37462014823816495000,-0.058685485273599625,64852978126228030000,-3.6660455358600394e+34,1.8331518525371848e-9,119165001728,
9.768,-37462014823816495000,-0.058685485273599625,64852978126228030000,-3.6660455358600394e+34,1.8331518525371848e-9,119165001728,
9.778,-37462014823816495000,-0.058685485273599625,64852978126228030000,-3.6660455358600394e+34,1.8331518525371848e-9,119165001728,
9.788,-37462014823816495000,-0.058685485273599625,64852978126228030000,-3.6660455358600394e+34,1.8331518525371848e-9,119165001728,
9.798,-37462014823816495000,-0.058685485273599625,64852978126228030000,-3.6660455358600394e+34,1.8331518525371848e-9,119165001728,
9.808,-37462014823816495000,-0.058685485273599625,64852978126228030000,-3.6660455358600394e+34,1.8331518525371848e-9,119165001728,
9.818,-37462014823816495000,-0.058685485273599625,64852978126228030000,-3.6660455358600394e+34,1.8331518525371848e-9,119165001728,
9.828,-37462014823816495000,-0.058685485273599625,64852978126228030000,-3.6660455358600394e+34,1.8331518525371848e-9,119165001728,
9.838,-37462014823816495000,-0.058685485273599625,64852978126228030000,-3.6660455358600394e+34,1.8331518525371848e-9,119165001728,
9.848,-37462014823816495000,-0.058685485273599625,64852978126228030000,-3.6660455358600394e+34,1.8331518525371848e-9,119165001728,
9.858,-37462014823816495000,-0.058685485273599625,64852978126228030000,-3.6660455358600394e+34,1.8331518525371848e-9,119165001728,
9.868,-37462014823816495000,-0.058685485273599625,64852978126228030000,-3.6660455358600394e+34,1.8331518525371848e-9,119165001728,
9.878,-37462014823816495000,-0.058685485273599625,64852978126228030000,-3.6660455358600394e+34,1.8331518525371848e-9,119165001728,
9.888,-37462014823816495000,-0.058685485273599625,64852978126228030000,-3.6660455358600394e+34,1.8331518525371848e-9,119165001728,
9.898,-37462014823816495000,-0.058685485273599625,64852978126228030000,-3.6660455358600394e+34,1.8331518525371848e-9,119165001728,
9.908,-37462014823816495000,-0.058685485273599625,64852978126228030000,-3.6660455358600394e+34,1.8331518525371848e-9,119165001728,
9.918,-37462014823816495000,-0.058685485273599625,64852978126228030000,-3.6660455358600394e+34,1.8331518525371848e-9,119165001728,
9.928,-37462014823816495000,-0.058685485273599625,64852978126228030000,-3.6660455358600394e+34,1.8331518525371848e-9,119165001728,
9.938,-37462014823816495000,-0.058685485273599625,64852978126228030000,-3.6660455358600394e+34,1.8331518525371848e-9,119165001728,
9.948,-37462014823816495000,-0.058685485273599625,64852978126228030000,-3.6660455358600394e+34,1.8331518525371848e-9,119165001728,
9.958,-37462014823816495000,-0.058685485273599625,64852978126228030000,-3.6660455358600394e+34,1.8331518525371848e-9,119165001728,
9.968,-37462014823816495000,-0.058685485273599625,64852978126228030000,-3.6660455358600394e+34,1.8331518525371848e-9,119165001728,
9.978,-37462014823816495000,-0.058685485273599625,64852978126228030000,-3.6660455358600394e+34,1.8331518525371848e-9,119165001728,
9.988,-37462014823816495000,-0.058685485273599625,64852978126228030000,-3.6660455358600394e+34,1.8331518525371848e-9,119165001728,
9.998,-37462014823816495000,-0.058685485273599625,64852978126228030000,-3.6660455358600394e+34,1.8331518525371848e-9,119165001728,
10.008,-37462014823816495000,-0.058685485273599625,64852978126228030000,-3.6660455358600394e+34,1.8331518525371848e-9,119165001728,
10.018,-37462014823816495000,-0.058685485273599625,64852978126228030000,-3.6660455358600394e+34,1.8331518525371848e-9,119165001728,
10.028,-37462014823816495000,-0.058685485273599625,64852978126228030000,-3.6660455358600394e+34,1.8331518525371848e-9,119165001728,
10.038,-37462014823816495000,-0.058685485273599625,64852978126228030000,-3.6660455358600394e+34,1.8331518525371848e-9,119165001728,
10.048,-37462014823816495000,-0.058685485273599625,64852978126228030000,-3.6660455358600394e+34,1.8331518525371848e-9,119165001728,
10.058,-37462014823816495000,-0.058685485273599625,64852978126228030000,-3.6660455358600394e+34,1.8331518525371848e-9,119165001728,
10.068,-37462014823816495000,-0.058685485273599625,64852978126228030000,-3.6660455358600394e+34,1.8331518525371848e-9,119165001728,
10.078,-37462014823816495000,-0.058685485273599625,64852978126228030000,-3.6660455358600394e+34,1.8331518525371848e-9,119165001728,
10.088,-37462014823816495000,-0.058685485273599625,64852978126228030000,-3.6660455358600394e+34,1.8331518525371848e-9,119165001728,
10.098,-37462014823816495000,-0.058685485273599625,64852978126228030000,-3.6660455358600394e+34,1.8331518525371848e-9,119165001728,
10.108,-37462014823816495000,-0.058685485273599625,64852978126228030000,-3.6660455358600394e+34,1.8331518525371848e-9,119165001728,
10.118,-37462014823816495000,-0.058685485273599625,64852978126228030000,-3.6660455358600394e+34,1.8331518525371848e-9,119165001728,
10.128,-37462014823816495000,-0.058685485273599625,64852978126228030000,-3.6660455358600394e+34,1.8331518525371848e-9,119165001728,
10.138,-37462014823816495000,-0.058685485273599625,64852978126228030000,-3.6660455358600394e+34,1.8331518525371848e-9,119165001728,
10.148,-37462014823816495000,-0.058685485273599625,64852978126228030000,-3.6660455358600394e+34,1.8331518525371848e-9,119165001728,
10.158,-37462014823816495000,-0.058685485273599625,64852978126228030000,-3.6660455358600394e+34,1.8331518525371848e-9,119165001728,
10.168,-37462014823816495000,-0.058685485273599625,64852978126228030000,-3.6660455358600394e+34,1.8331518525371848e-9,119165001728,
10.178,-37462014823816495000,-0.058685485273599625,64852978126228030000,-3.6660455358600394e+34,1.8331518525371848e-9,119165001728,
10.188,-37462014823816495000,-0.058685485273599625,64852978126228030000,-3.6660455358600394e+34,1.8331518525371848e-9,119165001728,
10.198,-37462014823816495000,-0.058685485273599625,64852978126228030000,-3.6660455358600394e+34,1.8331518525371848e-9,119165001728,
10.208,-37462014823816495000,-0.058685485273599625,64852978126228030000,-3.6660455358600394e+34,1.8331518525371848e-9,119165001728,
10.218,-37462014823816495000,-0.058685485273599625,64852978126228030000,-3.6660455358600394e+34,1.8331518525371848e-9,119165001728,
10.228,-37462014823816495000,-0.058685485273599625,64852978126228030000,-3.6660455358600394e+34,1.8331518525371848e-9,119165001728,
10.238,-37462014823816495000,-0.058685485273599625,64852978126228030000,-3.6660455358600394e+34,1.8331518525371848e-9,119165001728,
10.248,-37462014823816495000,-0.058685485273599625,64852978126228030000,-3.6660455358600394e+34,1.8331518525371848e-9,119165001728,
10.258,-37462014823816495000,-0.058685485273599625,64852978126228030000,-3.6660455358600394e+34,1.8331518525371848e-9,119165001728,
10.268,-37462014823816495000,-0.058685485273599625,64852978126228030000,-3.6660455358600394e+34,1.8331518525371848e-9,119165001728,
10.278,-37462014823816495000,-0.058685485273599625,64852978126228030000,-3.6660455358600394e+34,1.8331518525371848e-9,119165001728,
10.288,-37462014823816495000,-0.058685485273599625,64852978126228030000,-3.6660455358600394e+34,1.8331518525371848e-9,119165001728,
10.298,-37462014823816495000,-0.058685485273599625,64852978126228030000,-3.6660455358600394e+34,1.8331518525371848e-9,119165001728,
10.308,-37462014823816495000,-0.058685485273599625,64852978126228030000,-3.6660455358600394e+34,1.8331518525371848e-9,119165001728,
10.318,-37462014823816495000,-0.058685485273599625,64852978126228030000,-3.6660455358600394e+34,1.8331518525371848e-9,119165001728,
10.328,-37462014823816495000,-0.058685485273599625,64852978126228030000,-3.6660455358600394e+34,1.8331518525371848e-9,119165001728,
10.338,-37462014823816495000,-0.058685485273599625,64852978126228030000,-3.6660455358600394e+34,1.8331518525371848e-9,119165001728,
10.348,-37462014823816495000,-0.058685485273599625,64852978126228030000,-3.6660455358600394e+34,1.8331518525371848e-9,119165001728,
10.358,-37462014823816495000,-0.058685485273599625,64852978126228030000,-3.6660455358600394e+34,1.8331518525371848e-9,119165001728,
10.368,-37462014823816495000,-0.058685485273599625,64852978126228030000,-3.6660455358600394e+34,1.8331518525371848e-9,119165001728,
10.378,-37462014823816495000,-0.058685485273599625,64852978126228030000,-3.6660455358600394e+34,1.8331518525371848e-9,119165001728,
10.388,-37462014823816495000,-0.058685485273599625,64852978126228030000,-3.6660455358600394e+34,1.8331518525371848e-9,119165001728,
10.398,-37462014823816495000,-0.058685485273599625,64852978126228030000,-3.6660455358600394e+34,1.8331518525371848e-9,119165001728,
10.408,-37462014823816495000,-0.058685485273599625,64852978126228030000,-3.6660455358600394e+34,1.8331518525371848e-9,119165001728,
10.418,-37462014823816495000,-0.058685485273599625,64852978126228030000,-3.6660455358600394e+34,1.8331518525371848e-9,119165001728,
10.428,-37462014823816495000,-0.058685485273599625,64852978126228030000,-3.6660455358600394e+34,1.8331518525371848e-9,119165001728,
10.438,-37462014823816495000,-0.058685485273599625,64852978126228030000,-3.6660455358600394e+34,1.8331518525371848e-9,119165001728,
10.448,-37462014823816495000,-0.058685485273599625,64852978126228030000,-3.6660455358600394e+34,1.8331518525371848e-9,119165001728,
10.458,-37462014823816495000,-0.058685485273599625,64852978126228030000,-3.6660455358600394e+34,1.8331518525371848e-9,119165001728,
10.468,-37462014823816495000,-0.058685485273599625,64852978126228030000,-3.6660455358600394e+34,1.8331518525371848e-9,119165001728,
10.478,-37462014823816495000,-0.058685485273599625,64852978126228030000,-3.6660455358600394e+34,1.8331518525371848e-9,119165001728,
10.488,-37462014823816495000,-0.058685485273599625,64852978126228030000,-3.6660455358600394e+34,1.8331518525371848e-9,119165001728,
10.498,-37462014823816495000,-0.058685485273599625,64852978126228030000,-3.6660455358600394e+34,1.8331518525371848e-9,119165001728,
10.508,-37462014823816495000,-0.058685485273599625,64852978126228030000,-3.6660455358600394e+34,1.8331518525371848e-9,119165001728,
10.518,-37462014823816495000,-0.058685485273599625,64852978126228030000,-3.6660455358600394e+34,1.8331518525371848e-9,119165001728,
10.528,-37462014823816495000,-0.058685485273599625,64852978126228030000,-3.6660455358600394e+34,1.8331518525371848e-9,119165001728,
10.538,-37462014823816495000,-0.058685485273599625,64852978126228030000,-3.6660455358600394e+34,1.8331518525371848e-9,119165001728,
10.548,-37462014823816495000,-0.058685485273599625,64852978126228030000,-3.6660455358600394e+34,1.8331518525371848e-9,119165001728,
10.558,-37462014823816495000,-0.058685485273599625,64852978126228030000,-3.6660455358600394e+34,1.8331518525371848e-9,119165001728,
10.568,-37462014823816495000,-0.058685485273599625,64852978126228030000,-3.6660455358600394e+34,1.8331518525371848e-9,119165001728,
10.578,-37462014823816495000,-0.058685485273599625,64852978126228030000,-3.6660455358600394e+34,1.8331518525371848e-9,119165001728,
10.588,-37462014823816495000,-0.058685485273599625,64852978126228030000,-3.6660455358600394e+34,1.8331518525371848e-9,119165001728,
10.598,-37462014823816495000,-0.058685485273599625,64852978126228030000,-3.6660455358600394e+34,1.8331518525371848e-9,119165001728,
10.608,-37462014823816495000,-0.058685485273599625,64852978126228030000,-3.6660455358600394e+34,1.8331518525371848e-9,119165001728,
10.618,-37462014823816495000,-0.058685485273599625,64852978126228030000,-3.6660455358600394e+34,1.8331518525371848e-9,119165001728,
10.628,-37462014823816495000,-0.058685485273599625,64852978126228030000,-3.6660455358600394e+34,1.8331518525371848e-9,119165001728,
10.638,-37462014823816495000,-0.058685485273599625,64852978126228030000,-3.6660455358600394e+34,1.8331518525371848e-9,119165001728,
10.648,-37462014823816495000,-0.058685485273599625,64852978126228030000,-3.6660455358600394e+34,1.8331518525371848e-9,119165001728,
10.658,-37462014823816495000,-0.058685485273599625,64852978126228030000,-3.6660455358600394e+34,1.8331518525371848e-9,119165001728,
10.668,-37462014823816495000,-0.058685485273599625,64852978126228030000,-3.6660455358600394e+34,1.8331518525371848e-9,119165001728,
10.678,-37462014823816495000,-0.058685485273599625,64852978126228030000,-3.6660455358600394e+34,1.8331518525371848e-9,119165001728,
10.688,-37462014823816495000,-0.058685485273599625,64852978126228030000,-3.6660455358600394e+34,1.8331518525371848e-9,119165001728,
10.698,-37462014823816495000,-0.058685485273599625,64852978126228030000,-3.6660455358600394e+34,1.8331518525371848e-9,119165001728,
10.708,-37462014823816495000,-0.058685485273599625,64852978126228030000,-3.6660455358600394e+34,1.8331518525371848e-9,119165001728,
10.718,-37462014823816495000,-0.058685485273599625,64852978126228030000,-3.6660455358600394e+34,1.8331518525371848e-9,119165001728,
10.728,-37462014823816495000,-0.058685485273599625,64852978126228030000,-3.6660455358600394e+34,1.8331518525371848e-9,119165001728,
10.738,-37462014823816495000,-0.058685485273599625,64852978126228030000,-3.6660455358600394e+34,1.8331518525371848e-9,119165001728,
10.748,-37462014823816495000,-0.058685485273599625,64852978126228030000,-3.6660455358600394e+34,1.8331518525371848e-9,119165001728,
10.758,-37462014823816495000,-0.058685485273599625,64852978126228030000,-3.6660455358600394e+34,1.8331518525371848e-9,119165001728,
10.768,-37462014823816495000,-0.058685485273599625,64852978126228030000,-3.6660455358600394e+34,1.8331518525371848e-9,119165001728,
10.778,-37462014823816495000,-0.058685485273599625,64852978126228030000,-3.6660455358600394e+34,1.8331518525371848e-9,119165001728,
10.788,-37462014823816495000,-0.058685485273599625,64852978126228030000,-3.6660455358600394e+34,1.8331518525371848e-9,119165001728,
10.798,-37462014823816495000,-0.058685485273599625,64852978126228030000,-3.6660455358600394e+34,1.8331518525371848e-9,119165001728,
10.808,-37462014823816495000,-0.058685485273599625,64852978126228030000,-3.6660455358600394e+34,1.8331518525371848e-9,119165001728,
10.818,-37462014823816495000,-0.058685485273599625,64852978126228030000,-3.6660455358600394e+34,1.8331518525371848e-9,119165001728,
10.828,-37462014823816495000,-0.058685485273599625,64852978126228030000,-3.6660455358600394e+34,1.8331518525371848e-9,119165001728,
10.838,-37462014823816495000,-0.058685485273599625,64852978126228030000,-3.6660455358600394e+34,1.8331518525371848e-9,119165001728,
10.848,-37462014823816495000,-0.058685485273599625,64852978126228030000,-3.6660455358600394e+34,1.8331518525371848e-9,119165001728,
10.858,-37462014823816495000,-0.058685485273599625,64852978126228030000,-3.6660455358600394e+34,1.8331518525371848e-9,119165001728,
10.868,-37462014823816495000,-0.058685485273599625,64852978126228030000,-3.6660455358600394e+34,1.8331518525371848e-9,119165001728,
10.878,-37462014823816495000,-0.058685485273599625,64852978126228030000,-3.6660455358600394e+34,1.8331518525371848e-9,119165001728,
10.888,-37462014823816495000,-0.058685485273599625,64852978126228030000,-3.6660455358600394e+34,1.8331518525371848e-9,119165001728,
10.898,-37462014823816495000,-0.058685485273599625,64852978126228030000,-3.6660455358600394e+34,1.8331518525371848e-9,119165001728,
10.908,-37462014823816495000,-0.058685485273599625,64852978126228030000,-3.6660455358600394e+34,1.8331518525371848e-9,119165001728,
10.918,-37462014823816495000,-0.058685485273599625,64852978126228030000,-3.6660455358600394e+34,1.8331518525371848e-9,119165001728,
10.928,-37462014823816495000,-0.058685485273599625,64852978126228030000,-3.6660455358600394e+34,1.8331518525371848e-9,119165001728,
10.938,-37462014823816495000,-0.058685485273599625,64852978126228030000,-3.6660455358600394e+34,1.8331518525371848e-9,119165001728,
10.948,-37462014823816495000,-0.058685485273599625,64852978126228030000,-3.6660455358600394e+34,1.8331518525371848e-9,119165001728,
10.958,-37462014823816495000,-0.058685485273599625,64852978126228030000,-3.6660455358600394e+34,1.8331518525371848e-9,119165001728,
10.968,-37462014823816495000,-0.058685485273599625,64852978126228030000,-3.6660455358600394e+34,1.8331518525371848e-9,119165001728,
10.978,-37462014823816495000,-0.058685485273599625,64852978126228030000,-3.6660455358600394e+34,1.8331518525371848e-9,119165001728,
10.988,-37462014823816495000,-0.058685485273599625,64852978126228030000,-3.6660455358600394e+34,1.8331518525371848e-9,119165001728,
10.998,-37462014823816495000,-0.058685485273599625,64852978126228030000,-3.6660455358600394e+34,1.8331518525371848e-9,119165001728,
11.008,-37462014823816495000,-0.058685485273599625,64852978126228030000,-3.6660455358600394e+34,1.8331518525371848e-9,119165001728,
11.018,-37462014823816495000,-0.058685485273599625,64852978126228030000,-3.6660455358600394e+34,1.8331518525371848e-9,119165001728,
11.028,-37462014823816495000,-0.058685485273599625,64852978126228030000,-3.6660455358600394e+34,1.8331518525371848e-9,119165001728,
11.038,-37462014823816495000,-0.058685485273599625,64852978126228030000,-3.6660455358600394e+34,1.8331518525371848e-9,119165001728,
11.048,-37462014823816495000,-0.058685485273599625,64852978126228030000,-3.6660455358600394e+34,1.8331518525371848e-9,119165001728,
11.058,-37462014823816495000,-0.058685485273599625,64852978126228030000,-3.6660455358600394e+34,1.8331518525371848e-9,119165001728,
11.068,-37462014823816495000,-0.058685485273599625,64852978126228030000,-3.6660455358600394e+34,1.8331518525371848e-9,119165001728,
11.078,-37462014823816495000,-0.058685485273599625,64852978126228030000,-3.6660455358600394e+34,1.8331518525371848e-9,119165001728,
11.088,-37462014823816495000,-0.058685485273599625,64852978126228030000,-3.6660455358600394e+34,1.8331518525371848e-9,119165001728,
11.098,-37462014823816495000,-0.058685485273599625,64852978126228030000,-3.6660455358600394e+34,1.8331518525371848e-9,119165001728,
11.108,-37462014823816495000,-0.058685485273599625,64852978126228030000,-3.6660455358600394e+34,1.8331518525371848e-9,119165001728,
11.118,-37462014823816495000,-0.058685485273599625,64852978126228030000,-3.6660455358600394e+34,1.8331518525371848e-9,119165001728,
11.128,-37462014823816495000,-0.058685485273599625,64852978126228030000,-3.6660455358600394e+34,1.8331518525371848e-9,119165001728,
11.138,-37462014823816495000,-0.058685485273599625,64852978126228030000,-3.6660455358600394e+34,1.8331518525371848e-9,119165001728,
11.148,-37462014823816495000,-0.058685485273599625,64852978126228030000,-3.6660455358600394e+34,1.8331518525371848e-9,119165001728,
11.158,-37462014823816495000,-0.058685485273599625,64852978126228030000,-3.6660455358600394e+34,1.8331518525371848e-9,119165001728,
11.168,-37462014823816495000,-0.058685485273599625,64852978126228030000,-3.6660455358600394e+34,1.8331518525371848e-9,119165001728,
11.178,-37462014823816495000,-0.058685485273599625,64852978126228030000,-3.6660455358600394e+34,1.8331518525371848e-9,119165001728,
11.188,-37462014823816495000,-0.058685485273599625,64852978126228030000,-3.6660455358600394e+34,1.8331518525371848e-9,119165001728,
11.198,-37462014823816495000,-0.058685485273599625,64852978126228030000,-3.6660455358600394e+34,1.8331518525371848e-9,119165001728,
11.208,-37462014823816495000,-0.058685485273599625,64852978126228030000,-3.6660455358600394e+34,1.8331518525371848e-9,119165001728,
11.218,-37462014823816495000,-0.058685485273599625,64852978126228030000,-3.6660455358600394e+34,1.8331518525371848e-9,119165001728,
11.228,-37462014823816495000,-0.058685485273599625,64852978126228030000,-3.6660455358600394e+34,1.8331518525371848e-9,119165001728,
11.238,-37462014823816495000,-0.058685485273599625,64852978126228030000,-3.6660455358600394e+34,1.8331518525371848e-9,119165001728,
11.248,-37462014823816495000,-0.058685485273599625,64852978126228030000,-3.6660455358600394e+34,1.8331518525371848e-9,119165001728,
11.258,-37462014823816495000,-0.058685485273599625,64852978126228030000,-3.6660455358600394e+34,1.8331518525371848e-9,119165001728,
11.268,-37462014823816495000,-0.058685485273599625,64852978126228030000,-3.6660455358600394e+34,1.8331518525371848e-9,119165001728,
11.278,-37462014823816495000,-0.058685485273599625,64852978126228030000,-3.6660455358600394e+34,1.8331518525371848e-9,119165001728,
11.288,-37462014823816495000,-0.058685485273599625,64852978126228030000,-3.6660455358600394e+34,1.8331518525371848e-9,119165001728,
11.298,-37462014823816495000,-0.058685485273599625,64852978126228030000,-3.6660455358600394e+34,1.8331518525371848e-9,119165001728,
11.308,-37462014823816495000,-0.058685485273599625,64852978126228030000,-3.6660455358600394e+34,1.8331518525371848e-9,119165001728,
11.318,-37462014823816495000,-0.058685485273599625,64852978126228030000,-3.6660455358600394e+34,1.8331518525371848e-9,119165001728,
11.328,-37462014823816495000,-0.058685485273599625,64852978126228030000,-3.6660455358600394e+34,1.8331518525371848e-9,119165001728,
11.338,-37462014823816495000,-0.058685485273599625,64852978126228030000,-3.6660455358600394e+34,1.8331518525371848e-9,119165001728,
11.348,-37462014823816495000,-0.058685485273599625,64852978126228030000,-3.6660455358600394e+34,1.8331518525371848e-9,119165001728,
11.358,-37462014823816495000,-0.058685485273599625,64852978126228030000,-3.6660455358600394e+34,1.8331518525371848e-9,119165001728,
11.368,-37462014823816495000,-0.058685485273599625,64852978126228030000,-3.6660455358600394e+34,1.8331518525371848e-9,119165001728,
11.378,-37462014823816495000,-0.058685485273599625,64852978126228030000,-3.6660455358600394e+34,1.8331518525371848e-9,119165001728,
11.388,-37462014823816495000,-0.058685485273599625,64852978126228030000,-3.6660455358600394e+34,1.8331518525371848e-9,119165001728,
11.398,-37462014823816495000,-0.058685485273599625,64852978126228030000,-3.6660455358600394e+34,1.8331518525371848e-9,119165001728,
11.408,-37462014823816495000,-0.058685485273599625,64852978126228030000,-3.6660455358600394e+34,1.8331518525371848e-9,119165001728,
11.418,-37462014823816495000,-0.058685485273599625,64852978126228030000,-3.6660455358600394e+34,1.8331518525371848e-9,119165001728,
11.428,-37462014823816495000,-0.058685485273599625,64852978126228030000,-3.6660455358600394e+34,1.8331518525371848e-9,119165001728,
11.438,-37462014823816495000,-0.058685485273599625,64852978126228030000,-3.6660455358600394e+34,1.8331518525371848e-9,119165001728,
11.448,-37462014823816495000,-0.058685485273599625,64852978126228030000,-3.6660455358600394e+34,1.8331518525371848e-9,119165001728,
11.458,-37462014823816495000,-0.058685485273599625,64852978126228030000,-3.6660455358600394e+34,1.8331518525371848e-9,119165001728,
11.468,-37462014823816495000,-0.058685485273599625,64852978126228030000,-3.6660455358600394e+34,1.8331518525371848e-9,119165001728,
11.478,-37462014823816495000,-0.058685485273599625,64852978126228030000,-3.6660455358600394e+34,1.8331518525371848e-9,119165001728,
11.488,-37462014823816495000,-0.058685485273599625,64852978126228030000,-3.6660455358600394e+34,1.8331518525371848e-9,119165001728,
11.498,-37462014823816495000,-0.058685485273599625,64852978126228030000,-3.6660455358600394e+34,1.8331518525371848e-9,119165001728,
11.508,-37462014823816495000,-0.058685485273599625,64852978126228030000,-3.6660455358600394e+34,1.8331518525371848e-9,119165001728,
11.518,-37462014823816495000,-0.058685485273599625,64852978126228030000,-3.6660455358600394e+34,1.8331518525371848e-9,119165001728,
11.528,-37462014823816495000,-0.058685485273599625,64852978126228030000,-3.6660455358600394e+34,1.8331518525371848e-9,119165001728,
11.538,-37462014823816495000,-0.058685485273599625,64852978126228030000,-3.6660455358600394e+34,1.8331518525371848e-9,119165001728,
11.548,-37462014823816495000,-0.058685485273599625,64852978126228030000,-3.6660455358600394e+34,1.8331518525371848e-9,119165001728,
11.558,-37462014823816495000,-0.058685485273599625,64852978126228030000,-3.6660455358600394e+34,1.8331518525371848e-9,119165001728,
11.568,-37462014823816495000,-0.058685485273599625,64852978126228030000,-3.6660455358600394e+34,1.8331518525371848e-9,119165001728,
11.578,-37462014823816495000,-0.058685485273599625,64852978126228030000,-3.6660455358600394e+34,1.8331518525371848e-9,119165001728,
11.588,-37462014823816495000,-0.058685485273599625,64852978126228030000,-3.6660455358600394e+34,1.8331518525371848e-9,119165001728,
11.598,-37462014823816495000,-0.058685485273599625,64852978126228030000,-3.6660455358600394e+34,1.8331518525371848e-9,119165001728,
11.608,-37462014823816495000,-0.058685485273599625,64852978126228030000,-3.6660455358600394e+34,1.8331518525371848e-9,119165001728,
11.618,-37462014823816495000,-0.058685485273599625,64852978126228030000,-3.6660455358600394e+34,1.8331518525371848e-9,119165001728,
11.628,-37462014823816495000,-0.058685485273599625,64852978126228030000,-3.6660455358600394e+34,1.8331518525371848e-9,119165001728,
11.638,-37462014823816495000,-0.058685485273599625,64852978126228030000,-3.6660455358600394e+34,1.8331518525371848e-9,119165001728,
11.648,-37462014823816495000,-0.058685485273599625,64852978126228030000,-3.6660455358600394e+34,1.8331518525371848e-9,119165001728,
11.658,-37462014823816495000,-0.058685485273599625,64852978126228030000,-3.6660455358600394e+34,1.8331518525371848e-9,119165001728,
11.668,-37462014823816495000,-0.058685485273599625,64852978126228030000,-3.6660455358600394e+34,1.8331518525371848e-9,119165001728,
11.678,-37462014823816495000,-0.058685485273599625,64852978126228030000,-3.6660455358600394e+34,1.8331518525371848e-9,119165001728,
11.688,-37462014823816495000,-0.058685485273599625,64852978126228030000,-3.6660455358600394e+34,1.8331518525371848e-9,119165001728,
11.698,-37462014823816495000,-0.058685485273599625,64852978126228030000,-3.6660455358600394e+34,1.8331518525371848e-9,119165001728,
11.708,-37462014823816495000,-0.058685485273599625,64852978126228030000,-3.6660455358600394e+34,1.8331518525371848e-9,119165001728,
11.718,-37462014823816495000,-0.058685485273599625,64852978126228030000,-3.6660455358600394e+34,1.8331518525371848e-9,119165001728,
11.728,-37462014823816495000,-0.058685485273599625,64852978126228030000,-3.6660455358600394e+34,1.8331518525371848e-9,119165001728,
11.738,-37462014823816495000,-0.058685485273599625,64852978126228030000,-3.6660455358600394e+34,1.8331518525371848e-9,119165001728,
11.748,-37462014823816495000,-0.058685485273599625,64852978126228030000,-3.6660455358600394e+34,1.8331518525371848e-9,119165001728,
11.758,-37462014823816495000,-0.058685485273599625,64852978126228030000,-3.6660455358600394e+34,1.8331518525371848e-9,119165001728,
11.768,-37462014823816495000,-0.058685485273599625,64852978126228030000,-3.6660455358600394e+34,1.8331518525371848e-9,119165001728,
11.778,-37462014823816495000,-0.058685485273599625,64852978126228030000,-3.6660455358600394e+34,1.8331518525371848e-9,119165001728,
11.788,-37462014823816495000,-0.058685485273599625,64852978126228030000,-3.6660455358600394e+34,1.8331518525371848e-9,119165001728,
11.798,-37462014823816495000,-0.058685485273599625,64852978126228030000,-3.6660455358600394e+34,1.8331518525371848e-9,119165001728,
11.808,-37462014823816495000,-0.058685485273599625,64852978126228030000,-3.6660455358600394e+34,1.8331518525371848e-9,119165001728,
11.818,-37462014823816495000,-0.058685485273599625,64852978126228030000,-3.6660455358600394e+34,1.8331518525371848e-9,119165001728,
11.828,-37462014823816495000,-0.058685485273599625,64852978126228030000,-3.6660455358600394e+34,1.8331518525371848e-9,119165001728,
11.838,-37462014823816495000,-0.058685485273599625,64852978126228030000,-3.6660455358600394e+34,1.8331518525371848e-9,119165001728,
11.848,-37462014823816495000,-0.058685485273599625,64852978126228030000,-3.6660455358600394e+34,1.8331518525371848e-9,119165001728,
11.858,-37462014823816495000,-0.058685485273599625,64852978126228030000,-3.6660455358600394e+34,1.8331518525371848e-9,119165001728,
11.868,-37462014823816495000,-0.058685485273599625,64852978126228030000,-3.6660455358600394e+34,1.8331518525371848e-9,119165001728,
11.878,-37462014823816495000,-0.058685485273599625,64852978126228030000,-3.6660455358600394e+34,1.8331518525371848e-9,119165001728,
11.888,-37462014823816495000,-0.058685485273599625,64852978126228030000,-3.6660455358600394e+34,1.8331518525371848e-9,119165001728,
11.898,-37462014823816495000,-0.058685485273599625,64852978126228030000,-3.6660455358600394e+34,1.8331518525371848e-9,119165001728,
11.908,-37462014823816495000,-0.058685485273599625,64852978126228030000,-3.6660455358600394e+34,1.8331518525371848e-9,119165001728,
11.918,-37462014823816495000,-0.058685485273599625,64852978126228030000,-3.6660455358600394e+34,1.8331518525371848e-9,119165001728,
11.928,-37462014823816495000,-0.058685485273599625,64852978126228030000,-3.6660455358600394e+34,1.8331518525371848e-9,119165001728,
11.938,-37462014823816495000,-0.058685485273599625,64852978126228030000,-3.6660455358600394e+34,1.8331518525371848e-9,119165001728,
11.948,-37462014823816495000,-0.058685485273599625,64852978126228030000,-3.6660455358600394e+34,1.8331518525371848e-9,119165001728,
11.958,-37462014823816495000,-0.058685485273599625,64852978126228030000,-3.6660455358600394e+34,1.8331518525371848e-9,119165001728,
11.968,-37462014823816495000,-0.058685485273599625,64852978126228030000,-3.6660455358600394e+34,1.8331518525371848e-9,119165001728,
11.978,-37462014823816495000,-0.058685485273599625,64852978126228030000,-3.6660455358600394e+34,1.8331518525371848e-9,119165001728,
11.988,-37462014823816495000,-0.058685485273599625,64852978126228030000,-3.6660455358600394e+34,1.8331518525371848e-9,119165001728,
11.998,-37462014823816495000,-0.058685485273599625,64852978126228030000,-3.6660455358600394e+34,1.8331518525371848e-9,119165001728,
12.008,-37462014823816495000,-0.058685485273599625,64852978126228030000,-3.6660455358600394e+34,1.8331518525371848e-9,119165001728,
12.018,-37462014823816495000,-0.058685485273599625,64852978126228030000,-3.6660455358600394e+34,1.8331518525371848e-9,119165001728,
12.028,-37462014823816495000,-0.058685485273599625,64852978126228030000,-3.6660455358600394e+34,1.8331518525371848e-9,119165001728,
12.038,-37462014823816495000,-0.058685485273599625,64852978126228030000,-3.6660455358600394e+34,1.8331518525371848e-9,119165001728,
12.048,-37462014823816495000,-0.058685485273599625,64852978126228030000,-3.6660455358600394e+34,1.8331518525371848e-9,119165001728,
12.058,-37462014823816495000,-0.058685485273599625,64852978126228030000,-3.6660455358600394e+34,1.8331518525371848e-9,119165001728,
12.068,-37462014823816495000,-0.058685485273599625,64852978126228030000,-3.6660455358600394e+34,1.8331518525371848e-9,119165001728,
12.078,-37462014823816495000,-0.058685485273599625,64852978126228030000,-3.6660455358600394e+34,1.8331518525371848e-9,119165001728,
12.088,-37462014823816495000,-0.058685485273599625,64852978126228030000,-3.6660455358600394e+34,1.8331518525371848e-9,119165001728,
12.098,-37462014823816495000,-0.058685485273599625,64852978126228030000,-3.6660455358600394e+34,1.8331518525371848e-9,119165001728,
12.108,-37462014823816495000,-0.058685485273599625,64852978126228030000,-3.6660455358600394e+34,1.8331518525371848e-9,119165001728,
12.118,-37462014823816495000,-0.058685485273599625,64852978126228030000,-3.6660455358600394e+34,1.8331518525371848e-9,119165001728,
12.128,-37462014823816495000,-0.058685485273599625,64852978126228030000,-3.6660455358600394e+34,1.8331518525371848e-9,119165001728,
12.138,-37462014823816495000,-0.058685485273599625,64852978126228030000,-3.6660455358600394e+34,1.8331518525371848e-9,119165001728,
12.148,-37462014823816495000,-0.058685485273599625,64852978126228030000,-3.6660455358600394e+34,1.8331518525371848e-9,119165001728,
12.158,-37462014823816495000,-0.058685485273599625,64852978126228030000,-3.6660455358600394e+34,1.8331518525371848e-9,119165001728,
12.168,-37462014823816495000,-0.058685485273599625,64852978126228030000,-3.6660455358600394e+34,1.8331518525371848e-9,119165001728,
12.178,-37462014823816495000,-0.058685485273599625,64852978126228030000,-3.6660455358600394e+34,1.8331518525371848e-9,119165001728,
12.188,-37462014823816495000,-0.058685485273599625,64852978126228030000,-3.6660455358600394e+34,1.8331518525371848e-9,119165001728,
12.198,-37462014823816495000,-0.058685485273599625,64852978126228030000,-3.6660455358600394e+34,1.8331518525371848e-9,119165001728,
12.208,-37462014823816495000,-0.058685485273599625,64852978126228030000,-3.6660455358600394e+34,1.8331518525371848e-9,119165001728,
12.218,-37462014823816495000,-0.058685485273599625,64852978126228030000,-3.6660455358600394e+34,1.8331518525371848e-9,119165001728,
12.228,-37462014823816495000,-0.058685485273599625,64852978126228030000,-3.6660455358600394e+34,1.8331518525371848e-9,119165001728,
12.238,-37462014823816495000,-0.058685485273599625,64852978126228030000,-3.6660455358600394e+34,1.8331518525371848e-9,119165001728,
12.248,-37462014823816495000,-0.058685485273599625,64852978126228030000,-3.6660455358600394e+34,1.8331518525371848e-9,119165001728,
12.258,-37462014823816495000,-0.058685485273599625,64852978126228030000,-3.6660455358600394e+34,1.8331518525371848e-9,119165001728,
12.268,-37462014823816495000,-0.058685485273599625,64852978126228030000,-3.6660455358600394e+34,1.8331518525371848e-9,119165001728,
12.278,-37462014823816495000,-0.058685485273599625,64852978126228030000,-3.6660455358600394e+34,1.8331518525371848e-9,119165001728,
12.288,-37462014823816495000,-0.058685485273599625,64852978126228030000,-3.6660455358600394e+34,1.8331518525371848e-9,119165001728,
12.298,-37462014823816495000,-0.058685485273599625,64852978126228030000,-3.6660455358600394e+34,1.8331518525371848e-9,119165001728,
12.308,-37462014823816495000,-0.058685485273599625,64852978126228030000,-3.6660455358600394e+34,1.8331518525371848e-9,119165001728,
12.318,-37462014823816495000,-0.058685485273599625,64852978126228030000,-3.6660455358600394e+34,1.8331518525371848e-9,119165001728,
12.328,-37462014823816495000,-0.058685485273599625,64852978126228030000,-3.6660455358600394e+34,1.8331518525371848e-9,119165001728,
12.338,-37462014823816495000,-0.058685485273599625,64852978126228030000,-3.6660455358600394e+34,1.8331518525371848e-9,119165001728,
12.348,-37462014823816495000,-0.058685485273599625,64852978126228030000,-3.6660455358600394e+34,1.8331518525371848e-9,119165001728,
12.358,-37462014823816495000,-0.058685485273599625,64852978126228030000,-3.6660455358600394e+34,1.8331518525371848e-9,119165001728,
12.368,-37462014823816495000,-0.058685485273599625,64852978126228030000,-3.6660455358600394e+34,1.8331518525371848e-9,119165001728,
12.378,-37462014823816495000,-0.058685485273599625,64852978126228030000,-3.6660455358600394e+34,1.8331518525371848e-9,119165001728,
12.388,-37462014823816495000,-0.058685485273599625,64852978126228030000,-3.6660455358600394e+34,1.8331518525371848e-9,119165001728,
12.398,-37462014823816495000,-0.058685485273599625,64852978126228030000,-3.6660455358600394e+34,1.8331518525371848e-9,119165001728,
12.408,-37462014823816495000,-0.058685485273599625,64852978126228030000,-3.6660455358600394e+34,1.8331518525371848e-9,119165001728,
12.418,-37462014823816495000,-0.058685485273599625,64852978126228030000,-3.6660455358600394e+34,1.8331518525371848e-9,119165001728,
12.428,-37462014823816495000,-0.058685485273599625,64852978126228030000,-3.6660455358600394e+34,1.8331518525371848e-9,119165001728,
12.438,-37462014823816495000,-0.058685485273599625,64852978126228030000,-3.6660455358600394e+34,1.8331518525371848e-9,119165001728,
12.448,-37462014823816495000,-0.058685485273599625,64852978126228030000,-3.6660455358600394e+34,1.8331518525371848e-9,119165001728,
12.458,-37462014823816495000,-0.058685485273599625,64852978126228030000,-3.6660455358600394e+34,1.8331518525371848e-9,119165001728,
12.468,-37462014823816495000,-0.058685485273599625,64852978126228030000,-3.6660455358600394e+34,1.8331518525371848e-9,119165001728,
12.478,-37462014823816495000,-0.058685485273599625,64852978126228030000,-3.6660455358600394e+34,1.8331518525371848e-9,119165001728,
12.488,-37462014823816495000,-0.058685485273599625,64852978126228030000,-3.6660455358600394e+34,1.8331518525371848e-9,119165001728,
12.498,-37462014823816495000,-0.058685485273599625,64852978126228030000,-3.6660455358600394e+34,1.8331518525371848e-9,119165001728,
12.508,-37462014823816495000,-0.058685485273599625,64852978126228030000,-3.6660455358600394e+34,1.8331518525371848e-9,119165001728,
12.518,-37462014823816495000,-0.058685485273599625,64852978126228030000,-3.6660455358600394e+34,1.8331518525371848e-9,119165001728,
12.528,-37462014823816495000,-0.058685485273599625,64852978126228030000,-3.6660455358600394e+34,1.8331518525371848e-9,119165001728,
12.538,-37462014823816495000,-0.058685485273599625,64852978126228030000,-3.6660455358600394e+34,1.8331518525371848e-9,119165001728,
12.548,-37462014823816495000,-0.058685485273599625,64852978126228030000,-3.6660455358600394e+34,1.8331518525371848e-9,119165001728,
12.558,-37462014823816495000,-0.058685485273599625,64852978126228030000,-3.6660455358600394e+34,1.8331518525371848e-9,119165001728,
12.568,-37462014823816495000,-0.058685485273599625,64852978126228030000,-3.6660455358600394e+34,1.8331518525371848e-9,119165001728,
12.578,-37462014823816495000,-0.058685485273599625,64852978126228030000,-3.6660455358600394e+34,1.8331518525371848e-9,119165001728,
12.588,-37462014823816495000,-0.058685485273599625,64852978126228030000,-3.6660455358600394e+34,1.8331518525371848e-9,119165001728,
12.598,-37462014823816495000,-0.058685485273599625,64852978126228030000,-3.6660455358600394e+34,1.8331518525371848e-9,119165001728,
12.608,-37462014823816495000,-0.058685485273599625,64852978126228030000,-3.6660455358600394e+34,1.8331518525371848e-9,119165001728,
12.618,-37462014823816495000,-0.058685485273599625,64852978126228030000,-3.6660455358600394e+34,1.8331518525371848e-9,119165001728,
12.628,-37462014823816495000,-0.058685485273599625,64852978126228030000,-3.6660455358600394e+34,1.8331518525371848e-9,119165001728,
12.638,-37462014823816495000,-0.058685485273599625,64852978126228030000,-3.6660455358600394e+34,1.8331518525371848e-9,119165001728,
12.648,-37462014823816495000,-0.058685485273599625,64852978126228030000,-3.6660455358600394e+34,1.8331518525371848e-9,119165001728,
12.658,-37462014823816495000,-0.058685485273599625,64852978126228030000,-3.6660455358600394e+34,1.8331518525371848e-9,119165001728,
12.668,-37462014823816495000,-0.058685485273599625,64852978126228030000,-3.6660455358600394e+34,1.8331518525371848e-9,119165001728,
12.678,-37462014823816495000,-0.058685485273599625,64852978126228030000,-3.6660455358600394e+34,1.8331518525371848e-9,119165001728,
12.688,-37462014823816495000,-0.058685485273599625,64852978126228030000,-3.6660455358600394e+34,1.8331518525371848e-9,119165001728,
12.698,-37462014823816495000,-0.058685485273599625,64852978126228030000,-3.6660455358600394e+34,1.8331518525371848e-9,119165001728,
12.708,-37462014823816495000,-0.058685485273599625,64852978126228030000,-3.6660455358600394e+34,1.8331518525371848e-9,119165001728,
12.718,-37462014823816495000,-0.058685485273599625,64852978126228030000,-3.6660455358600394e+34,1.8331518525371848e-9,119165001728,
12.728,-37462014823816495000,-0.058685485273599625,64852978126228030000,-3.6660455358600394e+34,1.8331518525371848e-9,119165001728,
12.738,-37462014823816495000,-0.058685485273599625,64852978126228030000,-3.6660455358600394e+34,1.8331518525371848e-9,119165001728,
12.748,-37462014823816495000,-0.058685485273599625,64852978126228030000,-3.6660455358600394e+34,1.8331518525371848e-9,119165001728,
12.758,-37462014823816495000,-0.058685485273599625,64852978126228030000,-3.6660455358600394e+34,1.8331518525371848e-9,119165001728,
12.768,-37462014823816495000,-0.058685485273599625,64852978126228030000,-3.6660455358600394e+34,1.8331518525371848e-9,119165001728,
12.778,-37462014823816495000,-0.058685485273599625,64852978126228030000,-3.6660455358600394e+34,1.8331518525371848e-9,119165001728,
12.788,-37462014823816495000,-0.058685485273599625,64852978126228030000,-3.6660455358600394e+34,1.8331518525371848e-9,119165001728,
12.798,-37462014823816495000,-0.058685485273599625,64852978126228030000,-3.6660455358600394e+34,1.8331518525371848e-9,119165001728,
12.808,-37462014823816495000,-0.058685485273599625,64852978126228030000,-3.6660455358600394e+34,1.8331518525371848e-9,119165001728,
12.818,-37462014823816495000,-0.058685485273599625,64852978126228030000,-3.6660455358600394e+34,1.8331518525371848e-9,119165001728,
12.828,-37462014823816495000,-0.058685485273599625,64852978126228030000,-3.6660455358600394e+34,1.8331518525371848e-9,119165001728,
12.838,-37462014823816495000,-0.058685485273599625,64852978126228030000,-3.6660455358600394e+34,1.8331518525371848e-9,119165001728,
12.848,-37462014823816495000,-0.058685485273599625,64852978126228030000,-3.6660455358600394e+34,1.8331518525371848e-9,119165001728,
12.858,-37462014823816495000,-0.058685485273599625,64852978126228030000,-3.6660455358600394e+34,1.8331518525371848e-9,119165001728,
12.868,-37462014823816495000,-0.058685485273599625,64852978126228030000,-3.6660455358600394e+34,1.8331518525371848e-9,119165001728,
12.878,-37462014823816495000,-0.058685485273599625,64852978126228030000,-3.6660455358600394e+34,1.8331518525371848e-9,119165001728,
12.888,-37462014823816495000,-0.058685485273599625,64852978126228030000,-3.6660455358600394e+34,1.8331518525371848e-9,119165001728,
12.898,-37462014823816495000,-0.058685485273599625,64852978126228030000,-3.6660455358600394e+34,1.8331518525371848e-9,119165001728,
12.908,-37462014823816495000,-0.058685485273599625,64852978126228030000,-3.6660455358600394e+34,1.8331518525371848e-9,119165001728,
12.918,-37462014823816495000,-0.058685485273599625,64852978126228030000,-3.6660455358600394e+34,1.8331518525371848e-9,119165001728,
12.928,-37462014823816495000,-0.058685485273599625,64852978126228030000,-3.6660455358600394e+34,1.8331518525371848e-9,119165001728,
12.938,-37462014823816495000,-0.058685485273599625,64852978126228030000,-3.6660455358600394e+34,1.8331518525371848e-9,119165001728,
12.948,-37462014823816495000,-0.058685485273599625,64852978126228030000,-3.6660455358600394e+34,1.8331518525371848e-9,119165001728,
12.958,-37462014823816495000,-0.058685485273599625,64852978126228030000,-3.6660455358600394e+34,1.8331518525371848e-9,119165001728,
12.968,-37462014823816495000,-0.058685485273599625,64852978126228030000,-3.6660455358600394e+34,1.8331518525371848e-9,119165001728,
12.978,-37462014823816495000,-0.058685485273599625,64852978126228030000,-3.6660455358600394e+34,1.8331518525371848e-9,119165001728,
12.988,-37462014823816495000,-0.058685485273599625,64852978126228030000,-3.6660455358600394e+34,1.8331518525371848e-9,119165001728,
12.998,-37462014823816495000,-0.058685485273599625,64852978126228030000,-3.6660455358600394e+34,1.8331518525371848e-9,119165001728,
13.008,-37462014823816495000,-0.058685485273599625,64852978126228030000,-3.6660455358600394e+34,1.8331518525371848e-9,119165001728,
13.018,-37462014823816495000,-0.058685485273599625,64852978126228030000,-3.6660455358600394e+34,1.8331518525371848e-9,119165001728,
13.028,-37462014823816495000,-0.058685485273599625,64852978126228030000,-3.6660455358600394e+34,1.8331518525371848e-9,119165001728,
13.038,-37462014823816495000,-0.058685485273599625,64852978126228030000,-3.6660455358600394e+34,1.8331518525371848e-9,119165001728,
13.048,-37462014823816495000,-0.058685485273599625,64852978126228030000,-3.6660455358600394e+34,1.8331518525371848e-9,119165001728,
13.058,-37462014823816495000,-0.058685485273599625,64852978126228030000,-3.6660455358600394e+34,1.8331518525371848e-9,119165001728,
13.068,-37462014823816495000,-0.058685485273599625,64852978126228030000,-3.6660455358600394e+34,1.8331518525371848e-9,119165001728,
13.078,-37462014823816495000,-0.058685485273599625,64852978126228030000,-3.6660455358600394e+34,1.8331518525371848e-9,119165001728,
13.088,-37462014823816495000,-0.058685485273599625,64852978126228030000,-3.6660455358600394e+34,1.8331518525371848e-9,119165001728,
13.098,-37462014823816495000,-0.058685485273599625,64852978126228030000,-3.6660455358600394e+34,1.8331518525371848e-9,119165001728,
13.108,-37462014823816495000,-0.058685485273599625,64852978126228030000,-3.6660455358600394e+34,1.8331518525371848e-9,119165001728,
13.118,-37462014823816495000,-0.058685485273599625,64852978126228030000,-3.6660455358600394e+34,1.8331518525371848e-9,119165001728,
13.128,-37462014823816495000,-0.058685485273599625,64852978126228030000,-3.6660455358600394e+34,1.8331518525371848e-9,119165001728,
13.138,-37462014823816495000,-0.058685485273599625,64852978126228030000,-3.6660455358600394e+34,1.8331518525371848e-9,119165001728,
13.148,-37462014823816495000,-0.058685485273599625,64852978126228030000,-3.6660455358600394e+34,1.8331518525371848e-9,119165001728,
13.158,-37462014823816495000,-0.058685485273599625,64852978126228030000,-3.6660455358600394e+34,1.8331518525371848e-9,119165001728,
13.168,-37462014823816495000,-0.058685485273599625,64852978126228030000,-3.6660455358600394e+34,1.8331518525371848e-9,119165001728,
13.178,-37462014823816495000,-0.058685485273599625,64852978126228030000,-3.6660455358600394e+34,1.8331518525371848e-9,119165001728,
13.188,-37462014823816495000,-0.058685485273599625,64852978126228030000,-3.6660455358600394e+34,1.8331518525371848e-9,119165001728,
13.198,-37462014823816495000,-0.058685485273599625,64852978126228030000,-3.6660455358600394e+34,1.8331518525371848e-9,119165001728,
13.208,-37462014823816495000,-0.058685485273599625,64852978126228030000,-3.6660455358600394e+34,1.8331518525371848e-9,119165001728,
13.218,-37462014823816495000,-0.058685485273599625,64852978126228030000,-3.6660455358600394e+34,1.8331518525371848e-9,119165001728,
13.228,-37462014823816495000,-0.058685485273599625,64852978126228030000,-3.6660455358600394e+34,1.8331518525371848e-9,119165001728,
13.238,-37462014823816495000,-0.058685485273599625,64852978126228030000,-3.6660455358600394e+34,1.8331518525371848e-9,119165001728,
13.248,-37462014823816495000,-0.058685485273599625,64852978126228030000,-3.6660455358600394e+34,1.8331518525371848e-9,119165001728,
13.258,-37462014823816495000,-0.058685485273599625,64852978126228030000,-3.6660455358600394e+34,1.8331518525371848e-9,119165001728,
13.268,-37462014823816495000,-0.058685485273599625,64852978126228030000,-3.6660455358600394e+34,1.8331518525371848e-9,119165001728,
13.278,-37462014823816495000,-0.058685485273599625,64852978126228030000,-3.6660455358600394e+34,1.8331518525371848e-9,119165001728,
13.288,-37462014823816495000,-0.058685485273599625,64852978126228030000,-3.6660455358600394e+34,1.8331518525371848e-9,119165001728,
13.298,-37462014823816495000,-0.058685485273599625,64852978126228030000,-3.6660455358600394e+34,1.8331518525371848e-9,119165001728,
13.308,-37462014823816495000,-0.058685485273599625,64852978126228030000,-3.6660455358600394e+34,1.8331518525371848e-9,119165001728,
13.318,-37462014823816495000,-0.058685485273599625,64852978126228030000,-3.6660455358600394e+34,1.8331518525371848e-9,119165001728,
13.328,-37462014823816495000,-0.058685485273599625,64852978126228030000,-3.6660455358600394e+34,1.8331518525371848e-9,119165001728,
13.338,-37462014823816495000,-0.058685485273599625,64852978126228030000,-3.6660455358600394e+34,1.8331518525371848e-9,119165001728,
13.348,-37462014823816495000,-0.058685485273599625,64852978126228030000,-3.6660455358600394e+34,1.8331518525371848e-9,119165001728,
13.358,-37462014823816495000,-0.058685485273599625,64852978126228030000,-3.6660455358600394e+34,1.8331518525371848e-9,119165001728,
13.368,-37462014823816495000,-0.058685485273599625,64852978126228030000,-3.6660455358600394e+34,1.8331518525371848e-9,119165001728,
13.378,-37462014823816495000,-0.058685485273599625,64852978126228030000,-3.6660455358600394e+34,1.8331518525371848e-9,119165001728,
13.388,-37462014823816495000,-0.058685485273599625,64852978126228030000,-3.6660455358600394e+34,1.8331518525371848e-9,119165001728,
13.398,-37462014823816495000,-0.058685485273599625,64852978126228030000,-3.6660455358600394e+34,1.8331518525371848e-9,119165001728,
13.408,-37462014823816495000,-0.058685485273599625,64852978126228030000,-3.6660455358600394e+34,1.8331518525371848e-9,119165001728,
13.418,-37462014823816495000,-0.058685485273599625,64852978126228030000,-3.6660455358600394e+34,1.8331518525371848e-9,119165001728,
13.428,-37462014823816495000,-0.058685485273599625,64852978126228030000,-3.6660455358600394e+34,1.8331518525371848e-9,119165001728,
13.438,-37462014823816495000,-0.058685485273599625,64852978126228030000,-3.6660455358600394e+34,1.8331518525371848e-9,119165001728,
13.448,-37462014823816495000,-0.058685485273599625,64852978126228030000,-3.6660455358600394e+34,1.8331518525371848e-9,119165001728,
13.458,-37462014823816495000,-0.058685485273599625,64852978126228030000,-3.6660455358600394e+34,1.8331518525371848e-9,119165001728,
13.468,-37462014823816495000,-0.058685485273599625,64852978126228030000,-3.6660455358600394e+34,1.8331518525371848e-9,119165001728,
13.478,-37462014823816495000,-0.058685485273599625,64852978126228030000,-3.6660455358600394e+34,1.8331518525371848e-9,119165001728,
13.488,-37462014823816495000,-0.058685485273599625,64852978126228030000,-3.6660455358600394e+34,1.8331518525371848e-9,119165001728,
13.498,-37462014823816495000,-0.058685485273599625,64852978126228030000,-3.6660455358600394e+34,1.8331518525371848e-9,119165001728,
13.508,-37462014823816495000,-0.058685485273599625,64852978126228030000,-3.6660455358600394e+34,1.8331518525371848e-9,119165001728,
13.518,-37462014823816495000,-0.058685485273599625,64852978126228030000,-3.6660455358600394e+34,1.8331518525371848e-9,119165001728,
13.528,-37462014823816495000,-0.058685485273599625,64852978126228030000,-3.6660455358600394e+34,1.8331518525371848e-9,119165001728,
13.538,-37462014823816495000,-0.058685485273599625,64852978126228030000,-3.6660455358600394e+34,1.8331518525371848e-9,119165001728,
13.548,-37462014823816495000,-0.058685485273599625,64852978126228030000,-3.6660455358600394e+34,1.8331518525371848e-9,119165001728,
13.558,-37462014823816495000,-0.058685485273599625,64852978126228030000,-3.6660455358600394e+34,1.8331518525371848e-9,119165001728,
13.568,-37462014823816495000,-0.058685485273599625,64852978126228030000,-3.6660455358600394e+34,1.8331518525371848e-9,119165001728,
13.578,-37462014823816495000,-0.058685485273599625,64852978126228030000,-3.6660455358600394e+34,1.8331518525371848e-9,119165001728,
13.588,-37462014823816495000,-0.058685485273599625,64852978126228030000,-3.6660455358600394e+34,1.8331518525371848e-9,119165001728,
13.598,-37462014823816495000,-0.058685485273599625,64852978126228030000,-3.6660455358600394e+34,1.8331518525371848e-9,119165001728,
13.608,-37462014823816495000,-0.058685485273599625,64852978126228030000,-3.6660455358600394e+34,1.8331518525371848e-9,119165001728,
13.618,-37462014823816495000,-0.058685485273599625,64852978126228030000,-3.6660455358600394e+34,1.8331518525371848e-9,119165001728,
13.628,-37462014823816495000,-0.058685485273599625,64852978126228030000,-3.6660455358600394e+34,1.8331518525371848e-9,119165001728,
13.638,-37462014823816495000,-0.058685485273599625,64852978126228030000,-3.6660455358600394e+34,1.8331518525371848e-9,119165001728,
13.648,-37462014823816495000,-0.058685485273599625,64852978126228030000,-3.6660455358600394e+34,1.8331518525371848e-9,119165001728,
13.658,-37462014823816495000,-0.058685485273599625,64852978126228030000,-3.6660455358600394e+34,1.8331518525371848e-9,119165001728,
13.668,-37462014823816495000,-0.058685485273599625,64852978126228030000,-3.6660455358600394e+34,1.8331518525371848e-9,119165001728,
13.678,-37462014823816495000,-0.058685485273599625,64852978126228030000,-3.6660455358600394e+34,1.8331518525371848e-9,119165001728,
13.688,-37462014823816495000,-0.058685485273599625,64852978126228030000,-3.6660455358600394e+34,1.8331518525371848e-9,119165001728,
13.698,-37462014823816495000,-0.058685485273599625,64852978126228030000,-3.6660455358600394e+34,1.8331518525371848e-9,119165001728,
13.708,-37462014823816495000,-0.058685485273599625,64852978126228030000,-3.6660455358600394e+34,1.8331518525371848e-9,119165001728,
13.718,-37462014823816495000,-0.058685485273599625,64852978126228030000,-3.6660455358600394e+34,1.8331518525371848e-9,119165001728,
13.728,-37462014823816495000,-0.058685485273599625,64852978126228030000,-3.6660455358600394e+34,1.8331518525371848e-9,119165001728,
13.738,-37462014823816495000,-0.058685485273599625,64852978126228030000,-3.6660455358600394e+34,1.8331518525371848e-9,119165001728,
13.748,-37462014823816495000,-0.058685485273599625,64852978126228030000,-3.6660455358600394e+34,1.8331518525371848e-9,119165001728,
13.758,-37462014823816495000,-0.058685485273599625,64852978126228030000,-3.6660455358600394e+34,1.8331518525371848e-9,119165001728,
13.768,-37462014823816495000,-0.058685485273599625,64852978126228030000,-3.6660455358600394e+34,1.8331518525371848e-9,119165001728,
13.778,-37462014823816495000,-0.058685485273599625,64852978126228030000,-3.6660455358600394e+34,1.8331518525371848e-9,119165001728,
13.788,-37462014823816495000,-0.058685485273599625,64852978126228030000,-3.6660455358600394e+34,1.8331518525371848e-9,119165001728,
13.798,-37462014823816495000,-0.058685485273599625,64852978126228030000,-3.6660455358600394e+34,1.8331518525371848e-9,119165001728,
13.808,-37462014823816495000,-0.058685485273599625,64852978126228030000,-3.6660455358600394e+34,1.8331518525371848e-9,119165001728,
13.818,-37462014823816495000,-0.058685485273599625,64852978126228030000,-3.6660455358600394e+34,1.8331518525371848e-9,119165001728,
13.828,-37462014823816495000,-0.058685485273599625,64852978126228030000,-3.6660455358600394e+34,1.8331518525371848e-9,119165001728,
13.838,-37462014823816495000,-0.058685485273599625,64852978126228030000,-3.6660455358600394e+34,1.8331518525371848e-9,119165001728,
13.848,-37462014823816495000,-0.058685485273599625,64852978126228030000,-3.6660455358600394e+34,1.8331518525371848e-9,119165001728,
13.858,-37462014823816495000,-0.058685485273599625,64852978126228030000,-3.6660455358600394e+34,1.8331518525371848e-9,119165001728,
13.868,-37462014823816495000,-0.058685485273599625,64852978126228030000,-3.6660455358600394e+34,1.8331518525371848e-9,119165001728,
13.878,-37462014823816495000,-0.058685485273599625,64852978126228030000,-3.6660455358600394e+34,1.8331518525371848e-9,119165001728,
13.888,-37462014823816495000,-0.058685485273599625,64852978126228030000,-3.6660455358600394e+34,1.8331518525371848e-9,119165001728,
13.898,-37462014823816495000,-0.058685485273599625,64852978126228030000,-3.6660455358600394e+34,1.8331518525371848e-9,119165001728,
13.908,-37462014823816495000,-0.058685485273599625,64852978126228030000,-3.6660455358600394e+34,1.8331518525371848e-9,119165001728,
13.918,-37462014823816495000,-0.058685485273599625,64852978126228030000,-3.6660455358600394e+34,1.8331518525371848e-9,119165001728,
13.928,-37462014823816495000,-0.058685485273599625,64852978126228030000,-3.6660455358600394e+34,1.8331518525371848e-9,119165001728,
13.938,-37462014823816495000,-0.058685485273599625,64852978126228030000,-3.6660455358600394e+34,1.8331518525371848e-9,119165001728,
13.948,-37462014823816495000,-0.058685485273599625,64852978126228030000,-3.6660455358600394e+34,1.8331518525371848e-9,119165001728,
13.958,-37462014823816495000,-0.058685485273599625,64852978126228030000,-3.6660455358600394e+34,1.8331518525371848e-9,119165001728,
13.968,-37462014823816495000,-0.058685485273599625,64852978126228030000,-3.6660455358600394e+34,1.8331518525371848e-9,119165001728,
13.978,-37462014823816495000,-0.058685485273599625,64852978126228030000,-3.6660455358600394e+34,1.8331518525371848e-9,119165001728,
13.988,-37462014823816495000,-0.058685485273599625,64852978126228030000,-3.6660455358600394e+34,1.8331518525371848e-9,119165001728,
13.998,-37462014823816495000,-0.058685485273599625,64852978126228030000,-3.6660455358600394e+34,1.8331518525371848e-9,119165001728,
14.008,-37462014823816495000,-0.058685485273599625,64852978126228030000,-3.6660455358600394e+34,1.8331518525371848e-9,119165001728,
14.018,-37462014823816495000,-0.058685485273599625,64852978126228030000,-3.6660455358600394e+34,1.8331518525371848e-9,119165001728,
14.028,-37462014823816495000,-0.058685485273599625,64852978126228030000,-3.6660455358600394e+34,1.8331518525371848e-9,119165001728,
14.038,-37462014823816495000,-0.058685485273599625,64852978126228030000,-3.6660455358600394e+34,1.8331518525371848e-9,119165001728,
14.048,-37462014823816495000,-0.058685485273599625,64852978126228030000,-3.6660455358600394e+34,1.8331518525371848e-9,119165001728,
14.058,-37462014823816495000,-0.058685485273599625,64852978126228030000,-3.6660455358600394e+34,1.8331518525371848e-9,119165001728,
14.068,-37462014823816495000,-0.058685485273599625,64852978126228030000,-3.6660455358600394e+34,1.8331518525371848e-9,119165001728,
14.078,-37462014823816495000,-0.058685485273599625,64852978126228030000,-3.6660455358600394e+34,1.8331518525371848e-9,119165001728,
14.088,-37462014823816495000,-0.058685485273599625,64852978126228030000,-3.6660455358600394e+34,1.8331518525371848e-9,119165001728,
14.098,-37462014823816495000,-0.058685485273599625,64852978126228030000,-3.6660455358600394e+34,1.8331518525371848e-9,119165001728,
14.108,-37462014823816495000,-0.058685485273599625,64852978126228030000,-3.6660455358600394e+34,1.8331518525371848e-9,119165001728,
14.118,-37462014823816495000,-0.058685485273599625,64852978126228030000,-3.6660455358600394e+34,1.8331518525371848e-9,119165001728,
14.128,-37462014823816495000,-0.058685485273599625,64852978126228030000,-3.6660455358600394e+34,1.8331518525371848e-9,119165001728,
14.138,-37462014823816495000,-0.058685485273599625,64852978126228030000,-3.6660455358600394e+34,1.8331518525371848e-9,119165001728,
14.148,-37462014823816495000,-0.058685485273599625,64852978126228030000,-3.6660455358600394e+34,1.8331518525371848e-9,119165001728,
14.158,-37462014823816495000,-0.058685485273599625,64852978126228030000,-3.6660455358600394e+34,1.8331518525371848e-9,119165001728,
14.168,-37462014823816495000,-0.058685485273599625,64852978126228030000,-3.6660455358600394e+34,1.8331518525371848e-9,119165001728,
14.178,-37462014823816495000,-0.058685485273599625,64852978126228030000,-3.6660455358600394e+34,1.8331518525371848e-9,119165001728,
14.188,-37462014823816495000,-0.058685485273599625,64852978126228030000,-3.6660455358600394e+34,1.8331518525371848e-9,119165001728,
14.198,-37462014823816495000,-0.058685485273599625,64852978126228030000,-3.6660455358600394e+34,1.8331518525371848e-9,119165001728,
14.208,-37462014823816495000,-0.058685485273599625,64852978126228030000,-3.6660455358600394e+34,1.8331518525371848e-9,119165001728,
14.218,-37462014823816495000,-0.058685485273599625,64852978126228030000,-3.6660455358600394e+34,1.8331518525371848e-9,119165001728,
14.228,-37462014823816495000,-0.058685485273599625,64852978126228030000,-3.6660455358600394e+34,1.8331518525371848e-9,119165001728,
14.238,-37462014823816495000,-0.058685485273599625,64852978126228030000,-3.6660455358600394e+34,1.8331518525371848e-9,119165001728,
14.248,-37462014823816495000,-0.058685485273599625,64852978126228030000,-3.6660455358600394e+34,1.8331518525371848e-9,119165001728,
14.258,-37462014823816495000,-0.058685485273599625,64852978126228030000,-3.6660455358600394e+34,1.8331518525371848e-9,119165001728,
14.268,-37462014823816495000,-0.058685485273599625,64852978126228030000,-3.6660455358600394e+34,1.8331518525371848e-9,119165001728,
14.278,-37462014823816495000,-0.058685485273599625,64852978126228030000,-3.6660455358600394e+34,1.8331518525371848e-9,119165001728,
14.288,-37462014823816495000,-0.058685485273599625,64852978126228030000,-3.6660455358600394e+34,1.8331518525371848e-9,119165001728,
14.298,-37462014823816495000,-0.058685485273599625,64852978126228030000,-3.6660455358600394e+34,1.8331518525371848e-9,119165001728,
14.308,-37462014823816495000,-0.058685485273599625,64852978126228030000,-3.6660455358600394e+34,1.8331518525371848e-9,119165001728,
14.318,-37462014823816495000,-0.058685485273599625,64852978126228030000,-3.6660455358600394e+34,1.8331518525371848e-9,119165001728,
14.328,-37462014823816495000,-0.058685485273599625,64852978126228030000,-3.6660455358600394e+34,1.8331518525371848e-9,119165001728,
14.338,-37462014823816495000,-0.058685485273599625,64852978126228030000,-3.6660455358600394e+34,1.8331518525371848e-9,119165001728,
14.348,-37462014823816495000,-0.058685485273599625,64852978126228030000,-3.6660455358600394e+34,1.8331518525371848e-9,119165001728,
14.358,-37462014823816495000,-0.058685485273599625,64852978126228030000,-3.6660455358600394e+34,1.8331518525371848e-9,119165001728,
14.368,-37462014823816495000,-0.058685485273599625,64852978126228030000,-3.6660455358600394e+34,1.8331518525371848e-9,119165001728,
14.378,-37462014823816495000,-0.058685485273599625,64852978126228030000,-3.6660455358600394e+34,1.8331518525371848e-9,119165001728,
14.388,-37462014823816495000,-0.058685485273599625,64852978126228030000,-3.6660455358600394e+34,1.8331518525371848e-9,119165001728,
14.398,-37462014823816495000,-0.058685485273599625,64852978126228030000,-3.6660455358600394e+34,1.8331518525371848e-9,119165001728,
14.408,-37462014823816495000,-0.058685485273599625,64852978126228030000,-3.6660455358600394e+34,1.8331518525371848e-9,119165001728,
14.418,-37462014823816495000,-0.058685485273599625,64852978126228030000,-3.6660455358600394e+34,1.8331518525371848e-9,119165001728,
14.428,-37462014823816495000,-0.058685485273599625,64852978126228030000,-3.6660455358600394e+34,1.8331518525371848e-9,119165001728,
14.438,-37462014823816495000,-0.058685485273599625,64852978126228030000,-3.6660455358600394e+34,1.8331518525371848e-9,119165001728,
14.448,-37462014823816495000,-0.058685485273599625,64852978126228030000,-3.6660455358600394e+34,1.8331518525371848e-9,119165001728,
14.458,-37462014823816495000,-0.058685485273599625,64852978126228030000,-3.6660455358600394e+34,1.8331518525371848e-9,119165001728,
14.468,-37462014823816495000,-0.058685485273599625,64852978126228030000,-3.6660455358600394e+34,1.8331518525371848e-9,119165001728,
14.478,-37462014823816495000,-0.058685485273599625,64852978126228030000,-3.6660455358600394e+34,1.8331518525371848e-9,119165001728,
14.488,-37462014823816495000,-0.058685485273599625,64852978126228030000,-3.6660455358600394e+34,1.8331518525371848e-9,119165001728,
14.498,-37462014823816495000,-0.058685485273599625,64852978126228030000,-3.6660455358600394e+34,1.8331518525371848e-9,119165001728,
14.508,-37462014823816495000,-0.058685485273599625,64852978126228030000,-3.6660455358600394e+34,1.8331518525371848e-9,119165001728,
14.518,-37462014823816495000,-0.058685485273599625,64852978126228030000,-3.6660455358600394e+34,1.8331518525371848e-9,119165001728,
14.528,-37462014823816495000,-0.058685485273599625,64852978126228030000,-3.6660455358600394e+34,1.8331518525371848e-9,119165001728,
14.538,-37462014823816495000,-0.058685485273599625,64852978126228030000,-3.6660455358600394e+34,1.8331518525371848e-9,119165001728,
14.548,-37462014823816495000,-0.058685485273599625,64852978126228030000,-3.6660455358600394e+34,1.8331518525371848e-9,119165001728,
14.558,-37462014823816495000,-0.058685485273599625,64852978126228030000,-3.6660455358600394e+34,1.8331518525371848e-9,119165001728,
14.568,-37462014823816495000,-0.058685485273599625,64852978126228030000,-3.6660455358600394e+34,1.8331518525371848e-9,119165001728,
14.578,-37462014823816495000,-0.058685485273599625,64852978126228030000,-3.6660455358600394e+34,1.8331518525371848e-9,119165001728,
14.588,-37462014823816495000,-0.058685485273599625,64852978126228030000,-3.6660455358600394e+34,1.8331518525371848e-9,119165001728,
14.598,-37462014823816495000,-0.058685485273599625,64852978126228030000,-3.6660455358600394e+34,1.8331518525371848e-9,119165001728,
14.608,-37462014823816495000,-0.058685485273599625,64852978126228030000,-3.6660455358600394e+34,1.8331518525371848e-9,119165001728,
14.618,-37462014823816495000,-0.058685485273599625,64852978126228030000,-3.6660455358600394e+34,1.8331518525371848e-9,119165001728,
14.628,-37462014823816495000,-0.058685485273599625,64852978126228030000,-3.6660455358600394e+34,1.8331518525371848e-9,119165001728,
14.638,-37462014823816495000,-0.058685485273599625,64852978126228030000,-3.6660455358600394e+34,1.8331518525371848e-9,119165001728,
14.648,-37462014823816495000,-0.058685485273599625,64852978126228030000,-3.6660455358600394e+34,1.8331518525371848e-9,119165001728,
14.658,-37462014823816495000,-0.058685485273599625,64852978126228030000,-3.6660455358600394e+34,1.8331518525371848e-9,119165001728,
14.668,-37462014823816495000,-0.058685485273599625,64852978126228030000,-3.6660455358600394e+34,1.8331518525371848e-9,119165001728,
14.678,-37462014823816495000,-0.058685485273599625,64852978126228030000,-3.6660455358600394e+34,1.8331518525371848e-9,119165001728,
14.688,-37462014823816495000,-0.058685485273599625,64852978126228030000,-3.6660455358600394e+34,1.8331518525371848e-9,119165001728,
14.698,-37462014823816495000,-0.058685485273599625,64852978126228030000,-3.6660455358600394e+34,1.8331518525371848e-9,119165001728,
14.708,-37462014823816495000,-0.058685485273599625,64852978126228030000,-3.6660455358600394e+34,1.8331518525371848e-9,119165001728,
14.718,-37462014823816495000,-0.058685485273599625,64852978126228030000,-3.6660455358600394e+34,1.8331518525371848e-9,119165001728,
14.728,-37462014823816495000,-0.058685485273599625,64852978126228030000,-3.6660455358600394e+34,1.8331518525371848e-9,119165001728,
14.738,-37462014823816495000,-0.058685485273599625,64852978126228030000,-3.6660455358600394e+34,1.8331518525371848e-9,119165001728,
14.748,-37462014823816495000,-0.058685485273599625,64852978126228030000,-3.6660455358600394e+34,1.8331518525371848e-9,119165001728,
14.758,-37462014823816495000,-0.058685485273599625,64852978126228030000,-3.6660455358600394e+34,1.8331518525371848e-9,119165001728,
14.768,-37462014823816495000,-0.058685485273599625,64852978126228030000,-3.6660455358600394e+34,1.8331518525371848e-9,119165001728,
14.778,-37462014823816495000,-0.058685485273599625,64852978126228030000,-3.6660455358600394e+34,1.8331518525371848e-9,119165001728,
14.788,-37462014823816495000,-0.058685485273599625,64852978126228030000,-3.6660455358600394e+34,1.8331518525371848e-9,119165001728,
14.798,-37462014823816495000,-0.058685485273599625,64852978126228030000,-3.6660455358600394e+34,1.8331518525371848e-9,119165001728,
14.808,-37462014823816495000,-0.058685485273599625,64852978126228030000,-3.6660455358600394e+34,1.8331518525371848e-9,119165001728,
14.818,-37462014823816495000,-0.058685485273599625,64852978126228030000,-3.6660455358600394e+34,1.8331518525371848e-9,119165001728,
14.828,-37462014823816495000,-0.058685485273599625,64852978126228030000,-3.6660455358600394e+34,1.8331518525371848e-9,119165001728,
14.838,-37462014823816495000,-0.058685485273599625,64852978126228030000,-3.6660455358600394e+34,1.8331518525371848e-9,119165001728,
14.848,-37462014823816495000,-0.058685485273599625,64852978126228030000,-3.6660455358600394e+34,1.8331518525371848e-9,119165001728,
14.858,-37462014823816495000,-0.058685485273599625,64852978126228030000,-3.6660455358600394e+34,1.8331518525371848e-9,119165001728,
14.868,-37462014823816495000,-0.058685485273599625,64852978126228030000,-3.6660455358600394e+34,1.8331518525371848e-9,119165001728,
14.878,-37462014823816495000,-0.058685485273599625,64852978126228030000,-3.6660455358600394e+34,1.8331518525371848e-9,119165001728,
14.888,-37462014823816495000,-0.058685485273599625,64852978126228030000,-3.6660455358600394e+34,1.8331518525371848e-9,119165001728,
14.898,-37462014823816495000,-0.058685485273599625,64852978126228030000,-3.6660455358600394e+34,1.8331518525371848e-9,119165001728,
14.908,-37462014823816495000,-0.058685485273599625,64852978126228030000,-3.6660455358600394e+34,1.8331518525371848e-9,119165001728,
14.918,-37462014823816495000,-0.058685485273599625,64852978126228030000,-3.6660455358600394e+34,1.8331518525371848e-9,119165001728,
14.928,-37462014823816495000,-0.058685485273599625,64852978126228030000,-3.6660455358600394e+34,1.8331518525371848e-9,119165001728,
14.938,-37462014823816495000,-0.058685485273599625,64852978126228030000,-3.6660455358600394e+34,1.8331518525371848e-9,119165001728,
14.948,-37462014823816495000,-0.058685485273599625,64852978126228030000,-3.6660455358600394e+34,1.8331518525371848e-9,119165001728,
14.958,-37462014823816495000,-0.058685485273599625,64852978126228030000,-3.6660455358600394e+34,1.8331518525371848e-9,119165001728,
14.968,-37462014823816495000,-0.058685485273599625,64852978126228030000,-3.6660455358600394e+34,1.8331518525371848e-9,119165001728,
14.978,-37462014823816495000,-0.058685485273599625,64852978126228030000,-3.6660455358600394e+34,1.8331518525371848e-9,119165001728,
14.988,-37462014823816495000,-0.058685485273599625,64852978126228030000,-3.6660455358600394e+34,1.8331518525371848e-9,119165001728,
14.998,-37462014823816495000,-0.058685485273599625,64852978126228030000,-3.6660455358600394e+34,1.8331518525371848e-9,119165001728,
15.008,-37462014823816495000,-0.058685485273599625,64852978126228030000,-3.6660455358600394e+34,1.8331518525371848e-9,119165001728,
15.018,-37462014823816495000,-0.058685485273599625,64852978126228030000,-3.6660455358600394e+34,1.8331518525371848e-9,119165001728,
15.028,-37462014823816495000,-0.058685485273599625,64852978126228030000,-3.6660455358600394e+34,1.8331518525371848e-9,119165001728,
15.038,-37462014823816495000,-0.058685485273599625,64852978126228030000,-3.6660455358600394e+34,1.8331518525371848e-9,119165001728,
15.048,-37462014823816495000,-0.058685485273599625,64852978126228030000,-3.6660455358600394e+34,1.8331518525371848e-9,119165001728,
15.058,-37462014823816495000,-0.058685485273599625,64852978126228030000,-3.6660455358600394e+34,1.8331518525371848e-9,119165001728,
15.068,-37462014823816495000,-0.058685485273599625,64852978126228030000,-3.6660455358600394e+34,1.8331518525371848e-9,119165001728,
15.078,-37462014823816495000,-0.058685485273599625,64852978126228030000,-3.6660455358600394e+34,1.8331518525371848e-9,119165001728,
15.088,-37462014823816495000,-0.058685485273599625,64852978126228030000,-3.6660455358600394e+34,1.8331518525371848e-9,119165001728,
15.098,-37462014823816495000,-0.058685485273599625,64852978126228030000,-3.6660455358600394e+34,1.8331518525371848e-9,119165001728,
15.108,-37462014823816495000,-0.058685485273599625,64852978126228030000,-3.6660455358600394e+34,1.8331518525371848e-9,119165001728,
15.118,-37462014823816495000,-0.058685485273599625,64852978126228030000,-3.6660455358600394e+34,1.8331518525371848e-9,119165001728,
15.128,-37462014823816495000,-0.058685485273599625,64852978126228030000,-3.6660455358600394e+34,1.8331518525371848e-9,119165001728,
15.138,-37462014823816495000,-0.058685485273599625,64852978126228030000,-3.6660455358600394e+34,1.8331518525371848e-9,119165001728,
15.148,-37462014823816495000,-0.058685485273599625,64852978126228030000,-3.6660455358600394e+34,1.8331518525371848e-9,119165001728,
15.158,-37462014823816495000,-0.058685485273599625,64852978126228030000,-3.6660455358600394e+34,1.8331518525371848e-9,119165001728,
15.168,-37462014823816495000,-0.058685485273599625,64852978126228030000,-3.6660455358600394e+34,1.8331518525371848e-9,119165001728,
15.178,-37462014823816495000,-0.058685485273599625,64852978126228030000,-3.6660455358600394e+34,1.8331518525371848e-9,119165001728,
15.188,-37462014823816495000,-0.058685485273599625,64852978126228030000,-3.6660455358600394e+34,1.8331518525371848e-9,119165001728,
15.198,-37462014823816495000,-0.058685485273599625,64852978126228030000,-3.6660455358600394e+34,1.8331518525371848e-9,119165001728,
15.208,-37462014823816495000,-0.058685485273599625,64852978126228030000,-3.6660455358600394e+34,1.8331518525371848e-9,119165001728,
15.218,-37462014823816495000,-0.058685485273599625,64852978126228030000,-3.6660455358600394e+34,1.8331518525371848e-9,119165001728,
15.228,-37462014823816495000,-0.058685485273599625,64852978126228030000,-3.6660455358600394e+34,1.8331518525371848e-9,119165001728,
15.238,-37462014823816495000,-0.058685485273599625,64852978126228030000,-3.6660455358600394e+34,1.8331518525371848e-9,119165001728,
15.248,-37462014823816495000,-0.058685485273599625,64852978126228030000,-3.6660455358600394e+34,1.8331518525371848e-9,119165001728,
15.258,-37462014823816495000,-0.058685485273599625,64852978126228030000,-3.6660455358600394e+34,1.8331518525371848e-9,119165001728,
15.268,-37462014823816495000,-0.058685485273599625,64852978126228030000,-3.6660455358600394e+34,1.8331518525371848e-9,119165001728,
15.278,-37462014823816495000,-0.058685485273599625,64852978126228030000,-3.6660455358600394e+34,1.8331518525371848e-9,119165001728,
15.288,-37462014823816495000,-0.058685485273599625,64852978126228030000,-3.6660455358600394e+34,1.8331518525371848e-9,119165001728,
15.298,-37462014823816495000,-0.058685485273599625,64852978126228030000,-3.6660455358600394e+34,1.8331518525371848e-9,119165001728,
15.308,-37462014823816495000,-0.058685485273599625,64852978126228030000,-3.6660455358600394e+34,1.8331518525371848e-9,119165001728,
15.318,-37462014823816495000,-0.058685485273599625,64852978126228030000,-3.6660455358600394e+34,1.8331518525371848e-9,119165001728,
15.328,-37462014823816495000,-0.058685485273599625,64852978126228030000,-3.6660455358600394e+34,1.8331518525371848e-9,119165001728,
15.338,-37462014823816495000,-0.058685485273599625,64852978126228030000,-3.6660455358600394e+34,1.8331518525371848e-9,119165001728,
15.348,-37462014823816495000,-0.058685485273599625,64852978126228030000,-3.6660455358600394e+34,1.8331518525371848e-9,119165001728,
15.358,-37462014823816495000,-0.058685485273599625,64852978126228030000,-3.6660455358600394e+34,1.8331518525371848e-9,119165001728,
15.368,-37462014823816495000,-0.058685485273599625,64852978126228030000,-3.6660455358600394e+34,1.8331518525371848e-9,119165001728,
15.378,-37462014823816495000,-0.058685485273599625,64852978126228030000,-3.6660455358600394e+34,1.8331518525371848e-9,119165001728,
15.388,-37462014823816495000,-0.058685485273599625,64852978126228030000,-3.6660455358600394e+34,1.8331518525371848e-9,119165001728,
15.398,-37462014823816495000,-0.058685485273599625,64852978126228030000,-3.6660455358600394e+34,1.8331518525371848e-9,119165001728,
15.408,-37462014823816495000,-0.058685485273599625,64852978126228030000,-3.6660455358600394e+34,1.8331518525371848e-9,119165001728,
15.418,-37462014823816495000,-0.058685485273599625,64852978126228030000,-3.6660455358600394e+34,1.8331518525371848e-9,119165001728,
15.428,-37462014823816495000,-0.058685485273599625,64852978126228030000,-3.6660455358600394e+34,1.8331518525371848e-9,119165001728,
15.438,-37462014823816495000,-0.058685485273599625,64852978126228030000,-3.6660455358600394e+34,1.8331518525371848e-9,119165001728,
15.448,-37462014823816495000,-0.058685485273599625,64852978126228030000,-3.6660455358600394e+34,1.8331518525371848e-9,119165001728,
15.458,-37462014823816495000,-0.058685485273599625,64852978126228030000,-3.6660455358600394e+34,1.8331518525371848e-9,119165001728,
15.468,-37462014823816495000,-0.058685485273599625,64852978126228030000,-3.6660455358600394e+34,1.8331518525371848e-9,119165001728,
15.478,-37462014823816495000,-0.058685485273599625,64852978126228030000,-3.6660455358600394e+34,1.8331518525371848e-9,119165001728,
15.488,-37462014823816495000,-0.058685485273599625,64852978126228030000,-3.6660455358600394e+34,1.8331518525371848e-9,119165001728,
15.498,-37462014823816495000,-0.058685485273599625,64852978126228030000,-3.6660455358600394e+34,1.8331518525371848e-9,119165001728,
15.508,-37462014823816495000,-0.058685485273599625,64852978126228030000,-3.6660455358600394e+34,1.8331518525371848e-9,119165001728,
15.518,-37462014823816495000,-0.058685485273599625,64852978126228030000,-3.6660455358600394e+34,1.8331518525371848e-9,119165001728,
15.528,-37462014823816495000,-0.058685485273599625,64852978126228030000,-3.6660455358600394e+34,1.8331518525371848e-9,119165001728,
15.538,-37462014823816495000,-0.058685485273599625,64852978126228030000,-3.6660455358600394e+34,1.8331518525371848e-9,119165001728,
15.548,-37462014823816495000,-0.058685485273599625,64852978126228030000,-3.6660455358600394e+34,1.8331518525371848e-9,119165001728,
15.558,-37462014823816495000,-0.058685485273599625,64852978126228030000,-3.6660455358600394e+34,1.8331518525371848e-9,119165001728,
15.568,-37462014823816495000,-0.058685485273599625,64852978126228030000,-3.6660455358600394e+34,1.8331518525371848e-9,119165001728,
15.578,-37462014823816495000,-0.058685485273599625,64852978126228030000,-3.6660455358600394e+34,1.8331518525371848e-9,119165001728,
15.588,-37462014823816495000,-0.058685485273599625,64852978126228030000,-3.6660455358600394e+34,1.8331518525371848e-9,119165001728,
15.598,-37462014823816495000,-0.058685485273599625,64852978126228030000,-3.6660455358600394e+34,1.8331518525371848e-9,119165001728,
15.608,-37462014823816495000,-0.058685485273599625,64852978126228030000,-3.6660455358600394e+34,1.8331518525371848e-9,119165001728,
15.618,-37462014823816495000,-0.058685485273599625,64852978126228030000,-3.6660455358600394e+34,1.8331518525371848e-9,119165001728,
15.628,-37462014823816495000,-0.058685485273599625,64852978126228030000,-3.6660455358600394e+34,1.8331518525371848e-9,119165001728,
15.638,-37462014823816495000,-0.058685485273599625,64852978126228030000,-3.6660455358600394e+34,1.8331518525371848e-9,119165001728,
15.648,-37462014823816495000,-0.058685485273599625,64852978126228030000,-3.6660455358600394e+34,1.8331518525371848e-9,119165001728,
15.658,-37462014823816495000,-0.058685485273599625,64852978126228030000,-3.6660455358600394e+34,1.8331518525371848e-9,119165001728,
15.668,-37462014823816495000,-0.058685485273599625,64852978126228030000,-3.6660455358600394e+34,1.8331518525371848e-9,119165001728,
15.678,-37462014823816495000,-0.058685485273599625,64852978126228030000,-3.6660455358600394e+34,1.8331518525371848e-9,119165001728,
15.688,-37462014823816495000,-0.058685485273599625,64852978126228030000,-3.6660455358600394e+34,1.8331518525371848e-9,119165001728,
15.698,-37462014823816495000,-0.058685485273599625,64852978126228030000,-3.6660455358600394e+34,1.8331518525371848e-9,119165001728,
15.708,-37462014823816495000,-0.058685485273599625,64852978126228030000,-3.6660455358600394e+34,1.8331518525371848e-9,119165001728,
15.718,-37462014823816495000,-0.058685485273599625,64852978126228030000,-3.6660455358600394e+34,1.8331518525371848e-9,119165001728,
15.728,-37462014823816495000,-0.058685485273599625,64852978126228030000,-3.6660455358600394e+34,1.8331518525371848e-9,119165001728,
15.738,-37462014823816495000,-0.058685485273599625,64852978126228030000,-3.6660455358600394e+34,1.8331518525371848e-9,119165001728,
15.748,-37462014823816495000,-0.058685485273599625,64852978126228030000,-3.6660455358600394e+34,1.8331518525371848e-9,119165001728,
15.758,-37462014823816495000,-0.058685485273599625,64852978126228030000,-3.6660455358600394e+34,1.8331518525371848e-9,119165001728,
15.768,-37462014823816495000,-0.058685485273599625,64852978126228030000,-3.6660455358600394e+34,1.8331518525371848e-9,119165001728,
15.778,-37462014823816495000,-0.058685485273599625,64852978126228030000,-3.6660455358600394e+34,1.8331518525371848e-9,119165001728,
15.788,-37462014823816495000,-0.058685485273599625,64852978126228030000,-3.6660455358600394e+34,1.8331518525371848e-9,119165001728,
15.798,-37462014823816495000,-0.058685485273599625,64852978126228030000,-3.6660455358600394e+34,1.8331518525371848e-9,119165001728,
15.808,-37462014823816495000,-0.058685485273599625,64852978126228030000,-3.6660455358600394e+34,1.8331518525371848e-9,119165001728,
15.818,-37462014823816495000,-0.058685485273599625,64852978126228030000,-3.6660455358600394e+34,1.8331518525371848e-9,119165001728,
15.828,-37462014823816495000,-0.058685485273599625,64852978126228030000,-3.6660455358600394e+34,1.8331518525371848e-9,119165001728,
15.838,-37462014823816495000,-0.058685485273599625,64852978126228030000,-3.6660455358600394e+34,1.8331518525371848e-9,119165001728,
15.848,-37462014823816495000,-0.058685485273599625,64852978126228030000,-3.6660455358600394e+34,1.8331518525371848e-9,119165001728,
15.858,-37462014823816495000,-0.058685485273599625,64852978126228030000,-3.6660455358600394e+34,1.8331518525371848e-9,119165001728,
15.868,-37462014823816495000,-0.058685485273599625,64852978126228030000,-3.6660455358600394e+34,1.8331518525371848e-9,119165001728,
15.878,-37462014823816495000,-0.058685485273599625,64852978126228030000,-3.6660455358600394e+34,1.8331518525371848e-9,119165001728,
15.888,-37462014823816495000,-0.058685485273599625,64852978126228030000,-3.6660455358600394e+34,1.8331518525371848e-9,119165001728,
15.898,-37462014823816495000,-0.058685485273599625,64852978126228030000,-3.6660455358600394e+34,1.8331518525371848e-9,119165001728,
15.908,-37462014823816495000,-0.058685485273599625,64852978126228030000,-3.6660455358600394e+34,1.8331518525371848e-9,119165001728,
15.918,-37462014823816495000,-0.058685485273599625,64852978126228030000,-3.6660455358600394e+34,1.8331518525371848e-9,119165001728,
15.928,-37462014823816495000,-0.058685485273599625,64852978126228030000,-3.6660455358600394e+34,1.8331518525371848e-9,119165001728,
15.938,-37462014823816495000,-0.058685485273599625,64852978126228030000,-3.6660455358600394e+34,1.8331518525371848e-9,119165001728,
15.948,-37462014823816495000,-0.058685485273599625,64852978126228030000,-3.6660455358600394e+34,1.8331518525371848e-9,119165001728,
15.958,-37462014823816495000,-0.058685485273599625,64852978126228030000,-3.6660455358600394e+34,1.8331518525371848e-9,119165001728,
15.968,-37462014823816495000,-0.058685485273599625,64852978126228030000,-3.6660455358600394e+34,1.8331518525371848e-9,119165001728,
15.978,-37462014823816495000,-0.058685485273599625,64852978126228030000,-3.6660455358600394e+34,1.8331518525371848e-9,119165001728,
15.988,-37462014823816495000,-0.058685485273599625,64852978126228030000,-3.6660455358600394e+34,1.8331518525371848e-9,119165001728,
15.998,-37462014823816495000,-0.058685485273599625,64852978126228030000,-3.6660455358600394e+34,1.8331518525371848e-9,119165001728,
16.008,-37462014823816495000,-0.058685485273599625,64852978126228030000,-3.6660455358600394e+34,1.8331518525371848e-9,119165001728,
16.018,-37462014823816495000,-0.058685485273599625,64852978126228030000,-3.6660455358600394e+34,1.8331518525371848e-9,119165001728,
16.028,-37462014823816495000,-0.058685485273599625,64852978126228030000,-3.6660455358600394e+34,1.8331518525371848e-9,119165001728,
16.038,-37462014823816495000,-0.058685485273599625,64852978126228030000,-3.6660455358600394e+34,1.8331518525371848e-9,119165001728,
16.048,-37462014823816495000,-0.058685485273599625,64852978126228030000,-3.6660455358600394e+34,1.8331518525371848e-9,119165001728,
16.058,-37462014823816495000,-0.058685485273599625,64852978126228030000,-3.6660455358600394e+34,1.8331518525371848e-9,119165001728,
16.068,-37462014823816495000,-0.058685485273599625,64852978126228030000,-3.6660455358600394e+34,1.8331518525371848e-9,119165001728,
16.078,-37462014823816495000,-0.058685485273599625,64852978126228030000,-3.6660455358600394e+34,1.8331518525371848e-9,119165001728,
16.088,-37462014823816495000,-0.058685485273599625,64852978126228030000,-3.6660455358600394e+34,1.8331518525371848e-9,119165001728,
16.098,-37462014823816495000,-0.058685485273599625,64852978126228030000,-3.6660455358600394e+34,1.8331518525371848e-9,119165001728,
16.108,-37462014823816495000,-0.058685485273599625,64852978126228030000,-3.6660455358600394e+34,1.8331518525371848e-9,119165001728,
16.118,-37462014823816495000,-0.058685485273599625,64852978126228030000,-3.6660455358600394e+34,1.8331518525371848e-9,119165001728,
16.128,-37462014823816495000,-0.058685485273599625,64852978126228030000,-3.6660455358600394e+34,1.8331518525371848e-9,119165001728,
16.138,-37462014823816495000,-0.058685485273599625,64852978126228030000,-3.6660455358600394e+34,1.8331518525371848e-9,119165001728,
16.148,-37462014823816495000,-0.058685485273599625,64852978126228030000,-3.6660455358600394e+34,1.8331518525371848e-9,119165001728,
16.158,-37462014823816495000,-0.058685485273599625,64852978126228030000,-3.6660455358600394e+34,1.8331518525371848e-9,119165001728,
16.168,-37462014823816495000,-0.058685485273599625,64852978126228030000,-3.6660455358600394e+34,1.8331518525371848e-9,119165001728,
16.178,-37462014823816495000,-0.058685485273599625,64852978126228030000,-3.6660455358600394e+34,1.8331518525371848e-9,119165001728,
16.188,-37462014823816495000,-0.058685485273599625,64852978126228030000,-3.6660455358600394e+34,1.8331518525371848e-9,119165001728,
16.198,-37462014823816495000,-0.058685485273599625,64852978126228030000,-3.6660455358600394e+34,1.8331518525371848e-9,119165001728,
16.208,-37462014823816495000,-0.058685485273599625,64852978126228030000,-3.6660455358600394e+34,1.8331518525371848e-9,119165001728,
16.218,-37462014823816495000,-0.058685485273599625,64852978126228030000,-3.6660455358600394e+34,1.8331518525371848e-9,119165001728,
16.228,-37462014823816495000,-0.058685485273599625,64852978126228030000,-3.6660455358600394e+34,1.8331518525371848e-9,119165001728,
16.238,-37462014823816495000,-0.058685485273599625,64852978126228030000,-3.6660455358600394e+34,1.8331518525371848e-9,119165001728,
16.248,-37462014823816495000,-0.058685485273599625,64852978126228030000,-3.6660455358600394e+34,1.8331518525371848e-9,119165001728,
16.258,-37462014823816495000,-0.058685485273599625,64852978126228030000,-3.6660455358600394e+34,1.8331518525371848e-9,119165001728,
16.268,-37462014823816495000,-0.058685485273599625,64852978126228030000,-3.6660455358600394e+34,1.8331518525371848e-9,119165001728,
16.278,-37462014823816495000,-0.058685485273599625,64852978126228030000,-3.6660455358600394e+34,1.8331518525371848e-9,119165001728,
16.288,-37462014823816495000,-0.058685485273599625,64852978126228030000,-3.6660455358600394e+34,1.8331518525371848e-9,119165001728,
16.298,-37462014823816495000,-0.058685485273599625,64852978126228030000,-3.6660455358600394e+34,1.8331518525371848e-9,119165001728,
16.308,-37462014823816495000,-0.058685485273599625,64852978126228030000,-3.6660455358600394e+34,1.8331518525371848e-9,119165001728,
16.318,-37462014823816495000,-0.058685485273599625,64852978126228030000,-3.6660455358600394e+34,1.8331518525371848e-9,119165001728,
16.328,-37462014823816495000,-0.058685485273599625,64852978126228030000,-3.6660455358600394e+34,1.8331518525371848e-9,119165001728,
16.338,-37462014823816495000,-0.058685485273599625,64852978126228030000,-3.6660455358600394e+34,1.8331518525371848e-9,119165001728,
16.348,-37462014823816495000,-0.058685485273599625,64852978126228030000,-3.6660455358600394e+34,1.8331518525371848e-9,119165001728,
16.358,-37462014823816495000,-0.058685485273599625,64852978126228030000,-3.6660455358600394e+34,1.8331518525371848e-9,119165001728,
16.368,-37462014823816495000,-0.058685485273599625,64852978126228030000,-3.6660455358600394e+34,1.8331518525371848e-9,119165001728,
16.378,-37462014823816495000,-0.058685485273599625,64852978126228030000,-3.6660455358600394e+34,1.8331518525371848e-9,119165001728,
16.388,-37462014823816495000,-0.058685485273599625,64852978126228030000,-3.6660455358600394e+34,1.8331518525371848e-9,119165001728,
16.398,-37462014823816495000,-0.058685485273599625,64852978126228030000,-3.6660455358600394e+34,1.8331518525371848e-9,119165001728,
16.408,-37462014823816495000,-0.058685485273599625,64852978126228030000,-3.6660455358600394e+34,1.8331518525371848e-9,119165001728,
16.418,-37462014823816495000,-0.058685485273599625,64852978126228030000,-3.6660455358600394e+34,1.8331518525371848e-9,119165001728,
16.428,-37462014823816495000,-0.058685485273599625,64852978126228030000,-3.6660455358600394e+34,1.8331518525371848e-9,119165001728,
16.438,-37462014823816495000,-0.058685485273599625,64852978126228030000,-3.6660455358600394e+34,1.8331518525371848e-9,119165001728,
16.448,-37462014823816495000,-0.058685485273599625,64852978126228030000,-3.6660455358600394e+34,1.8331518525371848e-9,119165001728,
16.458,-37462014823816495000,-0.058685485273599625,64852978126228030000,-3.6660455358600394e+34,1.8331518525371848e-9,119165001728,
16.468,-37462014823816495000,-0.058685485273599625,64852978126228030000,-3.6660455358600394e+34,1.8331518525371848e-9,119165001728,
16.478,-37462014823816495000,-0.058685485273599625,64852978126228030000,-3.6660455358600394e+34,1.8331518525371848e-9,119165001728,
16.488,-37462014823816495000,-0.058685485273599625,64852978126228030000,-3.6660455358600394e+34,1.8331518525371848e-9,119165001728,
16.498,-37462014823816495000,-0.058685485273599625,64852978126228030000,-3.6660455358600394e+34,1.8331518525371848e-9,119165001728,
16.508,-37462014823816495000,-0.058685485273599625,64852978126228030000,-3.6660455358600394e+34,1.8331518525371848e-9,119165001728,
16.518,-37462014823816495000,-0.058685485273599625,64852978126228030000,-3.6660455358600394e+34,1.8331518525371848e-9,119165001728,
16.528,-37462014823816495000,-0.058685485273599625,64852978126228030000,-3.6660455358600394e+34,1.8331518525371848e-9,119165001728,
16.538,-37462014823816495000,-0.058685485273599625,64852978126228030000,-3.6660455358600394e+34,1.8331518525371848e-9,119165001728,
16.548,-37462014823816495000,-0.058685485273599625,64852978126228030000,-3.6660455358600394e+34,1.8331518525371848e-9,119165001728,
16.558,-37462014823816495000,-0.058685485273599625,64852978126228030000,-3.6660455358600394e+34,1.8331518525371848e-9,119165001728,
16.568,-37462014823816495000,-0.058685485273599625,64852978126228030000,-3.6660455358600394e+34,1.8331518525371848e-9,119165001728,
16.578,-37462014823816495000,-0.058685485273599625,64852978126228030000,-3.6660455358600394e+34,1.8331518525371848e-9,119165001728,
16.588,-37462014823816495000,-0.058685485273599625,64852978126228030000,-3.6660455358600394e+34,1.8331518525371848e-9,119165001728,
16.598,-37462014823816495000,-0.058685485273599625,64852978126228030000,-3.6660455358600394e+34,1.8331518525371848e-9,119165001728,
16.608,-37462014823816495000,-0.058685485273599625,64852978126228030000,-3.6660455358600394e+34,1.8331518525371848e-9,119165001728,
16.618,-37462014823816495000,-0.058685485273599625,64852978126228030000,-3.6660455358600394e+34,1.8331518525371848e-9,119165001728,
16.628,-37462014823816495000,-0.058685485273599625,64852978126228030000,-3.6660455358600394e+34,1.8331518525371848e-9,119165001728,
16.638,-37462014823816495000,-0.058685485273599625,64852978126228030000,-3.6660455358600394e+34,1.8331518525371848e-9,119165001728,
16.648,-37462014823816495000,-0.058685485273599625,64852978126228030000,-3.6660455358600394e+34,1.8331518525371848e-9,119165001728,
16.658,-37462014823816495000,-0.058685485273599625,64852978126228030000,-3.6660455358600394e+34,1.8331518525371848e-9,119165001728,
16.668,-37462014823816495000,-0.058685485273599625,64852978126228030000,-3.6660455358600394e+34,1.8331518525371848e-9,119165001728,
16.678,-37462014823816495000,-0.058685485273599625,64852978126228030000,-3.6660455358600394e+34,1.8331518525371848e-9,119165001728,
16.688,-37462014823816495000,-0.058685485273599625,64852978126228030000,-3.6660455358600394e+34,1.8331518525371848e-9,119165001728,
16.698,-37462014823816495000,-0.058685485273599625,64852978126228030000,-3.6660455358600394e+34,1.8331518525371848e-9,119165001728,
16.708,-37462014823816495000,-0.058685485273599625,64852978126228030000,-3.6660455358600394e+34,1.8331518525371848e-9,119165001728,
16.718,-37462014823816495000,-0.058685485273599625,64852978126228030000,-3.6660455358600394e+34,1.8331518525371848e-9,119165001728,
16.728,-37462014823816495000,-0.058685485273599625,64852978126228030000,-3.6660455358600394e+34,1.8331518525371848e-9,119165001728,
16.738,-37462014823816495000,-0.058685485273599625,64852978126228030000,-3.6660455358600394e+34,1.8331518525371848e-9,119165001728,
16.748,-37462014823816495000,-0.058685485273599625,64852978126228030000,-3.6660455358600394e+34,1.8331518525371848e-9,119165001728,
16.758,-37462014823816495000,-0.058685485273599625,64852978126228030000,-3.6660455358600394e+34,1.8331518525371848e-9,119165001728,
16.768,-37462014823816495000,-0.058685485273599625,64852978126228030000,-3.6660455358600394e+34,1.8331518525371848e-9,119165001728,
16.778,-37462014823816495000,-0.058685485273599625,64852978126228030000,-3.6660455358600394e+34,1.8331518525371848e-9,119165001728,
16.788,-37462014823816495000,-0.058685485273599625,64852978126228030000,-3.6660455358600394e+34,1.8331518525371848e-9,119165001728,
16.798,-37462014823816495000,-0.058685485273599625,64852978126228030000,-3.6660455358600394e+34,1.8331518525371848e-9,119165001728,
16.808,-37462014823816495000,-0.058685485273599625,64852978126228030000,-3.6660455358600394e+34,1.8331518525371848e-9,119165001728,
16.818,-37462014823816495000,-0.058685485273599625,64852978126228030000,-3.6660455358600394e+34,1.8331518525371848e-9,119165001728,
16.828,-37462014823816495000,-0.058685485273599625,64852978126228030000,-3.6660455358600394e+34,1.8331518525371848e-9,119165001728,
16.838,-37462014823816495000,-0.058685485273599625,64852978126228030000,-3.6660455358600394e+34,1.8331518525371848e-9,119165001728,
16.848,-37462014823816495000,-0.058685485273599625,64852978126228030000,-3.6660455358600394e+34,1.8331518525371848e-9,119165001728,
16.858,-37462014823816495000,-0.058685485273599625,64852978126228030000,-3.6660455358600394e+34,1.8331518525371848e-9,119165001728,
16.868,-37462014823816495000,-0.058685485273599625,64852978126228030000,-3.6660455358600394e+34,1.8331518525371848e-9,119165001728,
16.878,-37462014823816495000,-0.058685485273599625,64852978126228030000,-3.6660455358600394e+34,1.8331518525371848e-9,119165001728,
16.888,-37462014823816495000,-0.058685485273599625,64852978126228030000,-3.6660455358600394e+34,1.8331518525371848e-9,119165001728,
16.898,-37462014823816495000,-0.058685485273599625,64852978126228030000,-3.6660455358600394e+34,1.8331518525371848e-9,119165001728,
16.908,-37462014823816495000,-0.058685485273599625,64852978126228030000,-3.6660455358600394e+34,1.8331518525371848e-9,119165001728,
16.918,-37462014823816495000,-0.058685485273599625,64852978126228030000,-3.6660455358600394e+34,1.8331518525371848e-9,119165001728,
16.928,-37462014823816495000,-0.058685485273599625,64852978126228030000,-3.6660455358600394e+34,1.8331518525371848e-9,119165001728,
16.938,-37462014823816495000,-0.058685485273599625,64852978126228030000,-3.6660455358600394e+34,1.8331518525371848e-9,119165001728,
16.948,-37462014823816495000,-0.058685485273599625,64852978126228030000,-3.6660455358600394e+34,1.8331518525371848e-9,119165001728,
16.958,-37462014823816495000,-0.058685485273599625,64852978126228030000,-3.6660455358600394e+34,1.8331518525371848e-9,119165001728,
16.968,-37462014823816495000,-0.058685485273599625,64852978126228030000,-3.6660455358600394e+34,1.8331518525371848e-9,119165001728,
16.978,-37462014823816495000,-0.058685485273599625,64852978126228030000,-3.6660455358600394e+34,1.8331518525371848e-9,119165001728,
16.988,-37462014823816495000,-0.058685485273599625,64852978126228030000,-3.6660455358600394e+34,1.8331518525371848e-9,119165001728,
16.998,-37462014823816495000,-0.058685485273599625,64852978126228030000,-3.6660455358600394e+34,1.8331518525371848e-9,119165001728,
17.008,-37462014823816495000,-0.058685485273599625,64852978126228030000,-3.6660455358600394e+34,1.8331518525371848e-9,119165001728,
17.018,-37462014823816495000,-0.058685485273599625,64852978126228030000,-3.6660455358600394e+34,1.8331518525371848e-9,119165001728,
17.028,-37462014823816495000,-0.058685485273599625,64852978126228030000,-3.6660455358600394e+34,1.8331518525371848e-9,119165001728,
17.038,-37462014823816495000,-0.058685485273599625,64852978126228030000,-3.6660455358600394e+34,1.8331518525371848e-9,119165001728,
17.048,-37462014823816495000,-0.058685485273599625,64852978126228030000,-3.6660455358600394e+34,1.8331518525371848e-9,119165001728,
17.058,-37462014823816495000,-0.058685485273599625,64852978126228030000,-3.6660455358600394e+34,1.8331518525371848e-9,119165001728,
17.068,-37462014823816495000,-0.058685485273599625,64852978126228030000,-3.6660455358600394e+34,1.8331518525371848e-9,119165001728,
17.078,-37462014823816495000,-0.058685485273599625,64852978126228030000,-3.6660455358600394e+34,1.8331518525371848e-9,119165001728,
17.088,-37462014823816495000,-0.058685485273599625,64852978126228030000,-3.6660455358600394e+34,1.8331518525371848e-9,119165001728,
17.098,-37462014823816495000,-0.058685485273599625,64852978126228030000,-3.6660455358600394e+34,1.8331518525371848e-9,119165001728,
17.108,-37462014823816495000,-0.058685485273599625,64852978126228030000,-3.6660455358600394e+34,1.8331518525371848e-9,119165001728,
17.118,-37462014823816495000,-0.058685485273599625,64852978126228030000,-3.6660455358600394e+34,1.8331518525371848e-9,119165001728,
17.128,-37462014823816495000,-0.058685485273599625,64852978126228030000,-3.6660455358600394e+34,1.8331518525371848e-9,119165001728,
17.138,-37462014823816495000,-0.058685485273599625,64852978126228030000,-3.6660455358600394e+34,1.8331518525371848e-9,119165001728,
17.148,-37462014823816495000,-0.058685485273599625,64852978126228030000,-3.6660455358600394e+34,1.8331518525371848e-9,119165001728,
17.158,-37462014823816495000,-0.058685485273599625,64852978126228030000,-3.6660455358600394e+34,1.8331518525371848e-9,119165001728,
17.168,-37462014823816495000,-0.058685485273599625,64852978126228030000,-3.6660455358600394e+34,1.8331518525371848e-9,119165001728,
17.178,-37462014823816495000,-0.058685485273599625,64852978126228030000,-3.6660455358600394e+34,1.8331518525371848e-9,119165001728,
17.188,-37462014823816495000,-0.058685485273599625,64852978126228030000,-3.6660455358600394e+34,1.8331518525371848e-9,119165001728,
17.198,-37462014823816495000,-0.058685485273599625,64852978126228030000,-3.6660455358600394e+34,1.8331518525371848e-9,119165001728,
17.208,-37462014823816495000,-0.058685485273599625,64852978126228030000,-3.6660455358600394e+34,1.8331518525371848e-9,119165001728,
17.218,-37462014823816495000,-0.058685485273599625,64852978126228030000,-3.6660455358600394e+34,1.8331518525371848e-9,119165001728,
17.228,-37462014823816495000,-0.058685485273599625,64852978126228030000,-3.6660455358600394e+34,1.8331518525371848e-9,119165001728,
17.238,-37462014823816495000,-0.058685485273599625,64852978126228030000,-3.6660455358600394e+34,1.8331518525371848e-9,119165001728,
17.248,-37462014823816495000,-0.058685485273599625,64852978126228030000,-3.6660455358600394e+34,1.8331518525371848e-9,119165001728,
17.258,-37462014823816495000,-0.058685485273599625,64852978126228030000,-3.6660455358600394e+34,1.8331518525371848e-9,119165001728,
17.268,-37462014823816495000,-0.058685485273599625,64852978126228030000,-3.6660455358600394e+34,1.8331518525371848e-9,119165001728,
17.278,-37462014823816495000,-0.058685485273599625,64852978126228030000,-3.6660455358600394e+34,1.8331518525371848e-9,119165001728,
17.288,-37462014823816495000,-0.058685485273599625,64852978126228030000,-3.6660455358600394e+34,1.8331518525371848e-9,119165001728,
17.298,-37462014823816495000,-0.058685485273599625,64852978126228030000,-3.6660455358600394e+34,1.8331518525371848e-9,119165001728,
17.308,-37462014823816495000,-0.058685485273599625,64852978126228030000,-3.6660455358600394e+34,1.8331518525371848e-9,119165001728,
17.318,-37462014823816495000,-0.058685485273599625,64852978126228030000,-3.6660455358600394e+34,1.8331518525371848e-9,119165001728,
17.328,-37462014823816495000,-0.058685485273599625,64852978126228030000,-3.6660455358600394e+34,1.8331518525371848e-9,119165001728,
17.338,-37462014823816495000,-0.058685485273599625,64852978126228030000,-3.6660455358600394e+34,1.8331518525371848e-9,119165001728,
17.348,-37462014823816495000,-0.058685485273599625,64852978126228030000,-3.6660455358600394e+34,1.8331518525371848e-9,119165001728,
17.358,-37462014823816495000,-0.058685485273599625,64852978126228030000,-3.6660455358600394e+34,1.8331518525371848e-9,119165001728,
17.368,-37462014823816495000,-0.058685485273599625,64852978126228030000,-3.6660455358600394e+34,1.8331518525371848e-9,119165001728,
17.378,-37462014823816495000,-0.058685485273599625,64852978126228030000,-3.6660455358600394e+34,1.8331518525371848e-9,119165001728,
17.388,-37462014823816495000,-0.058685485273599625,64852978126228030000,-3.6660455358600394e+34,1.8331518525371848e-9,119165001728,
17.398,-37462014823816495000,-0.058685485273599625,64852978126228030000,-3.6660455358600394e+34,1.8331518525371848e-9,119165001728,
17.408,-37462014823816495000,-0.058685485273599625,64852978126228030000,-3.6660455358600394e+34,1.8331518525371848e-9,119165001728,
17.418,-37462014823816495000,-0.058685485273599625,64852978126228030000,-3.6660455358600394e+34,1.8331518525371848e-9,119165001728,
17.428,-37462014823816495000,-0.058685485273599625,64852978126228030000,-3.6660455358600394e+34,1.8331518525371848e-9,119165001728,
17.438,-37462014823816495000,-0.058685485273599625,64852978126228030000,-3.6660455358600394e+34,1.8331518525371848e-9,119165001728,
17.448,-37462014823816495000,-0.058685485273599625,64852978126228030000,-3.6660455358600394e+34,1.8331518525371848e-9,119165001728,
17.458,-37462014823816495000,-0.058685485273599625,64852978126228030000,-3.6660455358600394e+34,1.8331518525371848e-9,119165001728,
17.468,-37462014823816495000,-0.058685485273599625,64852978126228030000,-3.6660455358600394e+34,1.8331518525371848e-9,119165001728,
17.478,-37462014823816495000,-0.058685485273599625,64852978126228030000,-3.6660455358600394e+34,1.8331518525371848e-9,119165001728,
17.488,-37462014823816495000,-0.058685485273599625,64852978126228030000,-3.6660455358600394e+34,1.8331518525371848e-9,119165001728,
17.498,-37462014823816495000,-0.058685485273599625,64852978126228030000,-3.6660455358600394e+34,1.8331518525371848e-9,119165001728,
17.508,-37462014823816495000,-0.058685485273599625,64852978126228030000,-3.6660455358600394e+34,1.8331518525371848e-9,119165001728,
17.518,-37462014823816495000,-0.058685485273599625,64852978126228030000,-3.6660455358600394e+34,1.8331518525371848e-9,119165001728,
17.528,-37462014823816495000,-0.058685485273599625,64852978126228030000,-3.6660455358600394e+34,1.8331518525371848e-9,119165001728,
17.538,-37462014823816495000,-0.058685485273599625,64852978126228030000,-3.6660455358600394e+34,1.8331518525371848e-9,119165001728,
17.548,-37462014823816495000,-0.058685485273599625,64852978126228030000,-3.6660455358600394e+34,1.8331518525371848e-9,119165001728,
17.558,-37462014823816495000,-0.058685485273599625,64852978126228030000,-3.6660455358600394e+34,1.8331518525371848e-9,119165001728,
17.568,-37462014823816495000,-0.058685485273599625,64852978126228030000,-3.6660455358600394e+34,1.8331518525371848e-9,119165001728,
17.578,-37462014823816495000,-0.058685485273599625,64852978126228030000,-3.6660455358600394e+34,1.8331518525371848e-9,119165001728,
17.588,-37462014823816495000,-0.058685485273599625,64852978126228030000,-3.6660455358600394e+34,1.8331518525371848e-9,119165001728,
17.598,-37462014823816495000,-0.058685485273599625,64852978126228030000,-3.6660455358600394e+34,1.8331518525371848e-9,119165001728,
17.608,-37462014823816495000,-0.058685485273599625,64852978126228030000,-3.6660455358600394e+34,1.8331518525371848e-9,119165001728,
17.618,-37462014823816495000,-0.058685485273599625,64852978126228030000,-3.6660455358600394e+34,1.8331518525371848e-9,119165001728,
17.628,-37462014823816495000,-0.058685485273599625,64852978126228030000,-3.6660455358600394e+34,1.8331518525371848e-9,119165001728,
17.638,-37462014823816495000,-0.058685485273599625,64852978126228030000,-3.6660455358600394e+34,1.8331518525371848e-9,119165001728,
17.648,-37462014823816495000,-0.058685485273599625,64852978126228030000,-3.6660455358600394e+34,1.8331518525371848e-9,119165001728,
17.658,-37462014823816495000,-0.058685485273599625,64852978126228030000,-3.6660455358600394e+34,1.8331518525371848e-9,119165001728,
17.668,-37462014823816495000,-0.058685485273599625,64852978126228030000,-3.6660455358600394e+34,1.8331518525371848e-9,119165001728,
17.678,-37462014823816495000,-0.058685485273599625,64852978126228030000,-3.6660455358600394e+34,1.8331518525371848e-9,119165001728,
17.688,-37462014823816495000,-0.058685485273599625,64852978126228030000,-3.6660455358600394e+34,1.8331518525371848e-9,119165001728,
17.698,-37462014823816495000,-0.058685485273599625,64852978126228030000,-3.6660455358600394e+34,1.8331518525371848e-9,119165001728,
17.708,-37462014823816495000,-0.058685485273599625,64852978126228030000,-3.6660455358600394e+34,1.8331518525371848e-9,119165001728,
17.718,-37462014823816495000,-0.058685485273599625,64852978126228030000,-3.6660455358600394e+34,1.8331518525371848e-9,119165001728,
17.728,-37462014823816495000,-0.058685485273599625,64852978126228030000,-3.6660455358600394e+34,1.8331518525371848e-9,119165001728,
17.738,-37462014823816495000,-0.058685485273599625,64852978126228030000,-3.6660455358600394e+34,1.8331518525371848e-9,119165001728,
17.748,-37462014823816495000,-0.058685485273599625,64852978126228030000,-3.6660455358600394e+34,1.8331518525371848e-9,119165001728,
17.758,-37462014823816495000,-0.058685485273599625,64852978126228030000,-3.6660455358600394e+34,1.8331518525371848e-9,119165001728,
17.768,-37462014823816495000,-0.058685485273599625,64852978126228030000,-3.6660455358600394e+34,1.8331518525371848e-9,119165001728,
17.778,-37462014823816495000,-0.058685485273599625,64852978126228030000,-3.6660455358600394e+34,1.8331518525371848e-9,119165001728,
17.788,-37462014823816495000,-0.058685485273599625,64852978126228030000,-3.6660455358600394e+34,1.8331518525371848e-9,119165001728,
17.798,-37462014823816495000,-0.058685485273599625,64852978126228030000,-3.6660455358600394e+34,1.8331518525371848e-9,119165001728,
17.808,-37462014823816495000,-0.058685485273599625,64852978126228030000,-3.6660455358600394e+34,1.8331518525371848e-9,119165001728,
17.818,-37462014823816495000,-0.058685485273599625,64852978126228030000,-3.6660455358600394e+34,1.8331518525371848e-9,119165001728,
17.828,-37462014823816495000,-0.058685485273599625,64852978126228030000,-3.6660455358600394e+34,1.8331518525371848e-9,119165001728,
17.838,-37462014823816495000,-0.058685485273599625,64852978126228030000,-3.6660455358600394e+34,1.8331518525371848e-9,119165001728,
17.848,-37462014823816495000,-0.058685485273599625,64852978126228030000,-3.6660455358600394e+34,1.8331518525371848e-9,119165001728,
17.858,-37462014823816495000,-0.058685485273599625,64852978126228030000,-3.6660455358600394e+34,1.8331518525371848e-9,119165001728,
17.868,-37462014823816495000,-0.058685485273599625,64852978126228030000,-3.6660455358600394e+34,1.8331518525371848e-9,119165001728,
17.878,-37462014823816495000,-0.058685485273599625,64852978126228030000,-3.6660455358600394e+34,1.8331518525371848e-9,119165001728,
17.888,-37462014823816495000,-0.058685485273599625,64852978126228030000,-3.6660455358600394e+34,1.8331518525371848e-9,119165001728,
17.898,-37462014823816495000,-0.058685485273599625,64852978126228030000,-3.6660455358600394e+34,1.8331518525371848e-9,119165001728,
17.908,-37462014823816495000,-0.058685485273599625,64852978126228030000,-3.6660455358600394e+34,1.8331518525371848e-9,119165001728,
17.918,-37462014823816495000,-0.058685485273599625,64852978126228030000,-3.6660455358600394e+34,1.8331518525371848e-9,119165001728,
17.928,-37462014823816495000,-0.058685485273599625,64852978126228030000,-3.6660455358600394e+34,1.8331518525371848e-9,119165001728,
17.938,-37462014823816495000,-0.058685485273599625,64852978126228030000,-3.6660455358600394e+34,1.8331518525371848e-9,119165001728,
17.948,-37462014823816495000,-0.058685485273599625,64852978126228030000,-3.6660455358600394e+34,1.8331518525371848e-9,119165001728,
17.958,-37462014823816495000,-0.058685485273599625,64852978126228030000,-3.6660455358600394e+34,1.8331518525371848e-9,119165001728,
17.968,-37462014823816495000,-0.058685485273599625,64852978126228030000,-3.6660455358600394e+34,1.8331518525371848e-9,119165001728,
17.978,-37462014823816495000,-0.058685485273599625,64852978126228030000,-3.6660455358600394e+34,1.8331518525371848e-9,119165001728,
17.988,-37462014823816495000,-0.058685485273599625,64852978126228030000,-3.6660455358600394e+34,1.8331518525371848e-9,119165001728,
17.998,-37462014823816495000,-0.058685485273599625,64852978126228030000,-3.6660455358600394e+34,1.8331518525371848e-9,119165001728,
18.008,-37462014823816495000,-0.058685485273599625,64852978126228030000,-3.6660455358600394e+34,1.8331518525371848e-9,119165001728,
18.018,-37462014823816495000,-0.058685485273599625,64852978126228030000,-3.6660455358600394e+34,1.8331518525371848e-9,119165001728,
18.028,-37462014823816495000,-0.058685485273599625,64852978126228030000,-3.6660455358600394e+34,1.8331518525371848e-9,119165001728,
18.038,-37462014823816495000,-0.058685485273599625,64852978126228030000,-3.6660455358600394e+34,1.8331518525371848e-9,119165001728,
18.048,-37462014823816495000,-0.058685485273599625,64852978126228030000,-3.6660455358600394e+34,1.8331518525371848e-9,119165001728,
18.058,-37462014823816495000,-0.058685485273599625,64852978126228030000,-3.6660455358600394e+34,1.8331518525371848e-9,119165001728,
18.068,-37462014823816495000,-0.058685485273599625,64852978126228030000,-3.6660455358600394e+34,1.8331518525371848e-9,119165001728,
18.078,-37462014823816495000,-0.058685485273599625,64852978126228030000,-3.6660455358600394e+34,1.8331518525371848e-9,119165001728,
18.088,-37462014823816495000,-0.058685485273599625,64852978126228030000,-3.6660455358600394e+34,1.8331518525371848e-9,119165001728,
18.098,-37462014823816495000,-0.058685485273599625,64852978126228030000,-3.6660455358600394e+34,1.8331518525371848e-9,119165001728,
18.108,-37462014823816495000,-0.058685485273599625,64852978126228030000,-3.6660455358600394e+34,1.8331518525371848e-9,119165001728,
18.118,-37462014823816495000,-0.058685485273599625,64852978126228030000,-3.6660455358600394e+34,1.8331518525371848e-9,119165001728,
18.128,-37462014823816495000,-0.058685485273599625,64852978126228030000,-3.6660455358600394e+34,1.8331518525371848e-9,119165001728,
18.138,-37462014823816495000,-0.058685485273599625,64852978126228030000,-3.6660455358600394e+34,1.8331518525371848e-9,119165001728,
18.148,-37462014823816495000,-0.058685485273599625,64852978126228030000,-3.6660455358600394e+34,1.8331518525371848e-9,119165001728,
18.158,-37462014823816495000,-0.058685485273599625,64852978126228030000,-3.6660455358600394e+34,1.8331518525371848e-9,119165001728,
18.168,-37462014823816495000,-0.058685485273599625,64852978126228030000,-3.6660455358600394e+34,1.8331518525371848e-9,119165001728,
18.178,-37462014823816495000,-0.058685485273599625,64852978126228030000,-3.6660455358600394e+34,1.8331518525371848e-9,119165001728,
18.188,-37462014823816495000,-0.058685485273599625,64852978126228030000,-3.6660455358600394e+34,1.8331518525371848e-9,119165001728,
18.198,-37462014823816495000,-0.058685485273599625,64852978126228030000,-3.6660455358600394e+34,1.8331518525371848e-9,119165001728,
18.208,-37462014823816495000,-0.058685485273599625,64852978126228030000,-3.6660455358600394e+34,1.8331518525371848e-9,119165001728,
18.218,-37462014823816495000,-0.058685485273599625,64852978126228030000,-3.6660455358600394e+34,1.8331518525371848e-9,119165001728,
18.228,-37462014823816495000,-0.058685485273599625,64852978126228030000,-3.6660455358600394e+34,1.8331518525371848e-9,119165001728,
18.238,-37462014823816495000,-0.058685485273599625,64852978126228030000,-3.6660455358600394e+34,1.8331518525371848e-9,119165001728,
18.248,-37462014823816495000,-0.058685485273599625,64852978126228030000,-3.6660455358600394e+34,1.8331518525371848e-9,119165001728,
18.258,-37462014823816495000,-0.058685485273599625,64852978126228030000,-3.6660455358600394e+34,1.8331518525371848e-9,119165001728,
18.268,-37462014823816495000,-0.058685485273599625,64852978126228030000,-3.6660455358600394e+34,1.8331518525371848e-9,119165001728,
18.278,-37462014823816495000,-0.058685485273599625,64852978126228030000,-3.6660455358600394e+34,1.8331518525371848e-9,119165001728,
18.288,-37462014823816495000,-0.058685485273599625,64852978126228030000,-3.6660455358600394e+34,1.8331518525371848e-9,119165001728,
18.298,-37462014823816495000,-0.058685485273599625,64852978126228030000,-3.6660455358600394e+34,1.8331518525371848e-9,119165001728,
18.308,-37462014823816495000,-0.058685485273599625,64852978126228030000,-3.6660455358600394e+34,1.8331518525371848e-9,119165001728,
18.318,-37462014823816495000,-0.058685485273599625,64852978126228030000,-3.6660455358600394e+34,1.8331518525371848e-9,119165001728,
18.328,-37462014823816495000,-0.058685485273599625,64852978126228030000,-3.6660455358600394e+34,1.8331518525371848e-9,119165001728,
18.338,-37462014823816495000,-0.058685485273599625,64852978126228030000,-3.6660455358600394e+34,1.8331518525371848e-9,119165001728,
18.348,-37462014823816495000,-0.058685485273599625,64852978126228030000,-3.6660455358600394e+34,1.8331518525371848e-9,119165001728,
18.358,-37462014823816495000,-0.058685485273599625,64852978126228030000,-3.6660455358600394e+34,1.8331518525371848e-9,119165001728,
18.368,-37462014823816495000,-0.058685485273599625,64852978126228030000,-3.6660455358600394e+34,1.8331518525371848e-9,119165001728,
18.378,-37462014823816495000,-0.058685485273599625,64852978126228030000,-3.6660455358600394e+34,1.8331518525371848e-9,119165001728,
18.388,-37462014823816495000,-0.058685485273599625,64852978126228030000,-3.6660455358600394e+34,1.8331518525371848e-9,119165001728,
18.398,-37462014823816495000,-0.058685485273599625,64852978126228030000,-3.6660455358600394e+34,1.8331518525371848e-9,119165001728,
18.408,-37462014823816495000,-0.058685485273599625,64852978126228030000,-3.6660455358600394e+34,1.8331518525371848e-9,119165001728,
18.418,-37462014823816495000,-0.058685485273599625,64852978126228030000,-3.6660455358600394e+34,1.8331518525371848e-9,119165001728,
18.428,-37462014823816495000,-0.058685485273599625,64852978126228030000,-3.6660455358600394e+34,1.8331518525371848e-9,119165001728,
18.438,-37462014823816495000,-0.058685485273599625,64852978126228030000,-3.6660455358600394e+34,1.8331518525371848e-9,119165001728,
18.448,-37462014823816495000,-0.058685485273599625,64852978126228030000,-3.6660455358600394e+34,1.8331518525371848e-9,119165001728,
18.458,-37462014823816495000,-0.058685485273599625,64852978126228030000,-3.6660455358600394e+34,1.8331518525371848e-9,119165001728,
18.468,-37462014823816495000,-0.058685485273599625,64852978126228030000,-3.6660455358600394e+34,1.8331518525371848e-9,119165001728,
18.478,-37462014823816495000,-0.058685485273599625,64852978126228030000,-3.6660455358600394e+34,1.8331518525371848e-9,119165001728,
18.488,-37462014823816495000,-0.058685485273599625,64852978126228030000,-3.6660455358600394e+34,1.8331518525371848e-9,119165001728,
18.498,-37462014823816495000,-0.058685485273599625,64852978126228030000,-3.6660455358600394e+34,1.8331518525371848e-9,119165001728,
18.508,-37462014823816495000,-0.058685485273599625,64852978126228030000,-3.6660455358600394e+34,1.8331518525371848e-9,119165001728,
18.518,-37462014823816495000,-0.058685485273599625,64852978126228030000,-3.6660455358600394e+34,1.8331518525371848e-9,119165001728,
18.528,-37462014823816495000,-0.058685485273599625,64852978126228030000,-3.6660455358600394e+34,1.8331518525371848e-9,119165001728,
18.538,-37462014823816495000,-0.058685485273599625,64852978126228030000,-3.6660455358600394e+34,1.8331518525371848e-9,119165001728,
18.548,-37462014823816495000,-0.058685485273599625,64852978126228030000,-3.6660455358600394e+34,1.8331518525371848e-9,119165001728,
18.558,-37462014823816495000,-0.058685485273599625,64852978126228030000,-3.6660455358600394e+34,1.8331518525371848e-9,119165001728,
18.568,-37462014823816495000,-0.058685485273599625,64852978126228030000,-3.6660455358600394e+34,1.8331518525371848e-9,119165001728,
18.578,-37462014823816495000,-0.058685485273599625,64852978126228030000,-3.6660455358600394e+34,1.8331518525371848e-9,119165001728,
18.588,-37462014823816495000,-0.058685485273599625,64852978126228030000,-3.6660455358600394e+34,1.8331518525371848e-9,119165001728,
18.598,-37462014823816495000,-0.058685485273599625,64852978126228030000,-3.6660455358600394e+34,1.8331518525371848e-9,119165001728,
18.608,-37462014823816495000,-0.058685485273599625,64852978126228030000,-3.6660455358600394e+34,1.8331518525371848e-9,119165001728,
18.618,-37462014823816495000,-0.058685485273599625,64852978126228030000,-3.6660455358600394e+34,1.8331518525371848e-9,119165001728,
18.628,-37462014823816495000,-0.058685485273599625,64852978126228030000,-3.6660455358600394e+34,1.8331518525371848e-9,119165001728,
18.638,-37462014823816495000,-0.058685485273599625,64852978126228030000,-3.6660455358600394e+34,1.8331518525371848e-9,119165001728,
18.648,-37462014823816495000,-0.058685485273599625,64852978126228030000,-3.6660455358600394e+34,1.8331518525371848e-9,119165001728,
18.658,-37462014823816495000,-0.058685485273599625,64852978126228030000,-3.6660455358600394e+34,1.8331518525371848e-9,119165001728,
18.668,-37462014823816495000,-0.058685485273599625,64852978126228030000,-3.6660455358600394e+34,1.8331518525371848e-9,119165001728,
18.678,-37462014823816495000,-0.058685485273599625,64852978126228030000,-3.6660455358600394e+34,1.8331518525371848e-9,119165001728,
18.688,-37462014823816495000,-0.058685485273599625,64852978126228030000,-3.6660455358600394e+34,1.8331518525371848e-9,119165001728,
18.698,-37462014823816495000,-0.058685485273599625,64852978126228030000,-3.6660455358600394e+34,1.8331518525371848e-9,119165001728,
18.708,-37462014823816495000,-0.058685485273599625,64852978126228030000,-3.6660455358600394e+34,1.8331518525371848e-9,119165001728,
18.718,-37462014823816495000,-0.058685485273599625,64852978126228030000,-3.6660455358600394e+34,1.8331518525371848e-9,119165001728,
18.728,-37462014823816495000,-0.058685485273599625,64852978126228030000,-3.6660455358600394e+34,1.8331518525371848e-9,119165001728,
18.738,-37462014823816495000,-0.058685485273599625,64852978126228030000,-3.6660455358600394e+34,1.8331518525371848e-9,119165001728,
18.748,-37462014823816495000,-0.058685485273599625,64852978126228030000,-3.6660455358600394e+34,1.8331518525371848e-9,119165001728,
18.758,-37462014823816495000,-0.058685485273599625,64852978126228030000,-3.6660455358600394e+34,1.8331518525371848e-9,119165001728,
18.768,-37462014823816495000,-0.058685485273599625,64852978126228030000,-3.6660455358600394e+34,1.8331518525371848e-9,119165001728,
18.778,-37462014823816495000,-0.058685485273599625,64852978126228030000,-3.6660455358600394e+34,1.8331518525371848e-9,119165001728,
18.788,-37462014823816495000,-0.058685485273599625,64852978126228030000,-3.6660455358600394e+34,1.8331518525371848e-9,119165001728,
18.798,-37462014823816495000,-0.058685485273599625,64852978126228030000,-3.6660455358600394e+34,1.8331518525371848e-9,119165001728,
18.808,-37462014823816495000,-0.058685485273599625,64852978126228030000,-3.6660455358600394e+34,1.8331518525371848e-9,119165001728,
18.818,-37462014823816495000,-0.058685485273599625,64852978126228030000,-3.6660455358600394e+34,1.8331518525371848e-9,119165001728,
18.828,-37462014823816495000,-0.058685485273599625,64852978126228030000,-3.6660455358600394e+34,1.8331518525371848e-9,119165001728,
18.838,-37462014823816495000,-0.058685485273599625,64852978126228030000,-3.6660455358600394e+34,1.8331518525371848e-9,119165001728,
18.848,-37462014823816495000,-0.058685485273599625,64852978126228030000,-3.6660455358600394e+34,1.8331518525371848e-9,119165001728,
18.858,-37462014823816495000,-0.058685485273599625,64852978126228030000,-3.6660455358600394e+34,1.8331518525371848e-9,119165001728,
18.868,-37462014823816495000,-0.058685485273599625,64852978126228030000,-3.6660455358600394e+34,1.8331518525371848e-9,119165001728,
18.878,-37462014823816495000,-0.058685485273599625,64852978126228030000,-3.6660455358600394e+34,1.8331518525371848e-9,119165001728,
18.888,-37462014823816495000,-0.058685485273599625,64852978126228030000,-3.6660455358600394e+34,1.8331518525371848e-9,119165001728,
18.898,-37462014823816495000,-0.058685485273599625,64852978126228030000,-3.6660455358600394e+34,1.8331518525371848e-9,119165001728,
18.908,-37462014823816495000,-0.058685485273599625,64852978126228030000,-3.6660455358600394e+34,1.8331518525371848e-9,119165001728,
18.918,-37462014823816495000,-0.058685485273599625,64852978126228030000,-3.6660455358600394e+34,1.8331518525371848e-9,119165001728,
18.928,-37462014823816495000,-0.058685485273599625,64852978126228030000,-3.6660455358600394e+34,1.8331518525371848e-9,119165001728,
18.938,-37462014823816495000,-0.058685485273599625,64852978126228030000,-3.6660455358600394e+34,1.8331518525371848e-9,119165001728,
18.948,-37462014823816495000,-0.058685485273599625,64852978126228030000,-3.6660455358600394e+34,1.8331518525371848e-9,119165001728,
18.958,-37462014823816495000,-0.058685485273599625,64852978126228030000,-3.6660455358600394e+34,1.8331518525371848e-9,119165001728,
18.968,-37462014823816495000,-0.058685485273599625,64852978126228030000,-3.6660455358600394e+34,1.8331518525371848e-9,119165001728,
18.978,-37462014823816495000,-0.058685485273599625,64852978126228030000,-3.6660455358600394e+34,1.8331518525371848e-9,119165001728,
18.988,-37462014823816495000,-0.058685485273599625,64852978126228030000,-3.6660455358600394e+34,1.8331518525371848e-9,119165001728,
18.998,-37462014823816495000,-0.058685485273599625,64852978126228030000,-3.6660455358600394e+34,1.8331518525371848e-9,119165001728,
19.008,-37462014823816495000,-0.058685485273599625,64852978126228030000,-3.6660455358600394e+34,1.8331518525371848e-9,119165001728,
19.018,-37462014823816495000,-0.058685485273599625,64852978126228030000,-3.6660455358600394e+34,1.8331518525371848e-9,119165001728,
19.028,-37462014823816495000,-0.058685485273599625,64852978126228030000,-3.6660455358600394e+34,1.8331518525371848e-9,119165001728,
19.038,-37462014823816495000,-0.058685485273599625,64852978126228030000,-3.6660455358600394e+34,1.8331518525371848e-9,119165001728,
19.048,-37462014823816495000,-0.058685485273599625,64852978126228030000,-3.6660455358600394e+34,1.8331518525371848e-9,119165001728,
19.058,-37462014823816495000,-0.058685485273599625,64852978126228030000,-3.6660455358600394e+34,1.8331518525371848e-9,119165001728,
19.068,-37462014823816495000,-0.058685485273599625,64852978126228030000,-3.6660455358600394e+34,1.8331518525371848e-9,119165001728,
19.078,-37462014823816495000,-0.058685485273599625,64852978126228030000,-3.6660455358600394e+34,1.8331518525371848e-9,119165001728,
19.088,-37462014823816495000,-0.058685485273599625,64852978126228030000,-3.6660455358600394e+34,1.8331518525371848e-9,119165001728,
19.098,-37462014823816495000,-0.058685485273599625,64852978126228030000,-3.6660455358600394e+34,1.8331518525371848e-9,119165001728,
19.108,-37462014823816495000,-0.058685485273599625,64852978126228030000,-3.6660455358600394e+34,1.8331518525371848e-9,119165001728,
19.118,-37462014823816495000,-0.058685485273599625,64852978126228030000,-3.6660455358600394e+34,1.8331518525371848e-9,119165001728,
19.128,-37462014823816495000,-0.058685485273599625,64852978126228030000,-3.6660455358600394e+34,1.8331518525371848e-9,119165001728,
19.138,-37462014823816495000,-0.058685485273599625,64852978126228030000,-3.6660455358600394e+34,1.8331518525371848e-9,119165001728,
19.148,-37462014823816495000,-0.058685485273599625,64852978126228030000,-3.6660455358600394e+34,1.8331518525371848e-9,119165001728,
19.158,-37462014823816495000,-0.058685485273599625,64852978126228030000,-3.6660455358600394e+34,1.8331518525371848e-9,119165001728,
19.168,-37462014823816495000,-0.058685485273599625,64852978126228030000,-3.6660455358600394e+34,1.8331518525371848e-9,119165001728,
19.178,-37462014823816495000,-0.058685485273599625,64852978126228030000,-3.6660455358600394e+34,1.8331518525371848e-9,119165001728,
19.188,-37462014823816495000,-0.058685485273599625,64852978126228030000,-3.6660455358600394e+34,1.8331518525371848e-9,119165001728,
19.198,-37462014823816495000,-0.058685485273599625,64852978126228030000,-3.6660455358600394e+34,1.8331518525371848e-9,119165001728,
19.208,-37462014823816495000,-0.058685485273599625,64852978126228030000,-3.6660455358600394e+34,1.8331518525371848e-9,119165001728,
19.218,-37462014823816495000,-0.058685485273599625,64852978126228030000,-3.6660455358600394e+34,1.8331518525371848e-9,119165001728,
19.228,-37462014823816495000,-0.058685485273599625,64852978126228030000,-3.6660455358600394e+34,1.8331518525371848e-9,119165001728,
19.238,-37462014823816495000,-0.058685485273599625,64852978126228030000,-3.6660455358600394e+34,1.8331518525371848e-9,119165001728,
19.248,-37462014823816495000,-0.058685485273599625,64852978126228030000,-3.6660455358600394e+34,1.8331518525371848e-9,119165001728,
19.258,-37462014823816495000,-0.058685485273599625,64852978126228030000,-3.6660455358600394e+34,1.8331518525371848e-9,119165001728,
19.268,-37462014823816495000,-0.058685485273599625,64852978126228030000,-3.6660455358600394e+34,1.8331518525371848e-9,119165001728,
19.278,-37462014823816495000,-0.058685485273599625,64852978126228030000,-3.6660455358600394e+34,1.8331518525371848e-9,119165001728,
19.288,-37462014823816495000,-0.058685485273599625,64852978126228030000,-3.6660455358600394e+34,1.8331518525371848e-9,119165001728,
19.298,-37462014823816495000,-0.058685485273599625,64852978126228030000,-3.6660455358600394e+34,1.8331518525371848e-9,119165001728,
19.308,-37462014823816495000,-0.058685485273599625,64852978126228030000,-3.6660455358600394e+34,1.8331518525371848e-9,119165001728,
19.318,-37462014823816495000,-0.058685485273599625,64852978126228030000,-3.6660455358600394e+34,1.8331518525371848e-9,119165001728,
19.328,-37462014823816495000,-0.058685485273599625,64852978126228030000,-3.6660455358600394e+34,1.8331518525371848e-9,119165001728,
19.338,-37462014823816495000,-0.058685485273599625,64852978126228030000,-3.6660455358600394e+34,1.8331518525371848e-9,119165001728,
19.348,-37462014823816495000,-0.058685485273599625,64852978126228030000,-3.6660455358600394e+34,1.8331518525371848e-9,119165001728,
19.358,-37462014823816495000,-0.058685485273599625,64852978126228030000,-3.6660455358600394e+34,1.8331518525371848e-9,119165001728,
19.368,-37462014823816495000,-0.058685485273599625,64852978126228030000,-3.6660455358600394e+34,1.8331518525371848e-9,119165001728,
19.378,-37462014823816495000,-0.058685485273599625,64852978126228030000,-3.6660455358600394e+34,1.8331518525371848e-9,119165001728,
19.388,-37462014823816495000,-0.058685485273599625,64852978126228030000,-3.6660455358600394e+34,1.8331518525371848e-9,119165001728,
19.398,-37462014823816495000,-0.058685485273599625,64852978126228030000,-3.6660455358600394e+34,1.8331518525371848e-9,119165001728,
19.408,-37462014823816495000,-0.058685485273599625,64852978126228030000,-3.6660455358600394e+34,1.8331518525371848e-9,119165001728,
19.418,-37462014823816495000,-0.058685485273599625,64852978126228030000,-3.6660455358600394e+34,1.8331518525371848e-9,119165001728,
19.428,-37462014823816495000,-0.058685485273599625,64852978126228030000,-3.6660455358600394e+34,1.8331518525371848e-9,119165001728,
19.438,-37462014823816495000,-0.058685485273599625,64852978126228030000,-3.6660455358600394e+34,1.8331518525371848e-9,119165001728,
19.448,-37462014823816495000,-0.058685485273599625,64852978126228030000,-3.6660455358600394e+34,1.8331518525371848e-9,119165001728,
19.458,-37462014823816495000,-0.058685485273599625,64852978126228030000,-3.6660455358600394e+34,1.8331518525371848e-9,119165001728,
19.468,-37462014823816495000,-0.058685485273599625,64852978126228030000,-3.6660455358600394e+34,1.8331518525371848e-9,119165001728,
19.478,-37462014823816495000,-0.058685485273599625,64852978126228030000,-3.6660455358600394e+34,1.8331518525371848e-9,119165001728,
19.488,-37462014823816495000,-0.058685485273599625,64852978126228030000,-3.6660455358600394e+34,1.8331518525371848e-9,119165001728,
19.498,-37462014823816495000,-0.058685485273599625,64852978126228030000,-3.6660455358600394e+34,1.8331518525371848e-9,119165001728,
19.508,-37462014823816495000,-0.058685485273599625,64852978126228030000,-3.6660455358600394e+34,1.8331518525371848e-9,119165001728,
19.518,-37462014823816495000,-0.058685485273599625,64852978126228030000,-3.6660455358600394e+34,1.8331518525371848e-9,119165001728,
19.528,-37462014823816495000,-0.058685485273599625,64852978126228030000,-3.6660455358600394e+34,1.8331518525371848e-9,119165001728,
19.538,-37462014823816495000,-0.058685485273599625,64852978126228030000,-3.6660455358600394e+34,1.8331518525371848e-9,119165001728,
19.548,-37462014823816495000,-0.058685485273599625,64852978126228030000,-3.6660455358600394e+34,1.8331518525371848e-9,119165001728,
19.558,-37462014823816495000,-0.058685485273599625,64852978126228030000,-3.6660455358600394e+34,1.8331518525371848e-9,119165001728,
19.568,-37462014823816495000,-0.058685485273599625,64852978126228030000,-3.6660455358600394e+34,1.8331518525371848e-9,119165001728,
19.578,-37462014823816495000,-0.058685485273599625,64852978126228030000,-3.6660455358600394e+34,1.8331518525371848e-9,119165001728,
19.588,-37462014823816495000,-0.058685485273599625,64852978126228030000,-3.6660455358600394e+34,1.8331518525371848e-9,119165001728,
19.598,-37462014823816495000,-0.058685485273599625,64852978126228030000,-3.6660455358600394e+34,1.8331518525371848e-9,119165001728,
19.608,-37462014823816495000,-0.058685485273599625,64852978126228030000,-3.6660455358600394e+34,1.8331518525371848e-9,119165001728,
19.618,-37462014823816495000,-0.058685485273599625,64852978126228030000,-3.6660455358600394e+34,1.8331518525371848e-9,119165001728,
19.628,-37462014823816495000,-0.058685485273599625,64852978126228030000,-3.6660455358600394e+34,1.8331518525371848e-9,119165001728,
19.638,-37462014823816495000,-0.058685485273599625,64852978126228030000,-3.6660455358600394e+34,1.8331518525371848e-9,119165001728,
19.648,-37462014823816495000,-0.058685485273599625,64852978126228030000,-3.6660455358600394e+34,1.8331518525371848e-9,119165001728,
19.658,-37462014823816495000,-0.058685485273599625,64852978126228030000,-3.6660455358600394e+34,1.8331518525371848e-9,119165001728,
19.668,-37462014823816495000,-0.058685485273599625,64852978126228030000,-3.6660455358600394e+34,1.8331518525371848e-9,119165001728,
19.678,-37462014823816495000,-0.058685485273599625,64852978126228030000,-3.6660455358600394e+34,1.8331518525371848e-9,119165001728,
19.688,-37462014823816495000,-0.058685485273599625,64852978126228030000,-3.6660455358600394e+34,1.8331518525371848e-9,119165001728,
19.698,-37462014823816495000,-0.058685485273599625,64852978126228030000,-3.6660455358600394e+34,1.8331518525371848e-9,119165001728,
19.708,-37462014823816495000,-0.058685485273599625,64852978126228030000,-3.6660455358600394e+34,1.8331518525371848e-9,119165001728,
19.718,-37462014823816495000,-0.058685485273599625,64852978126228030000,-3.6660455358600394e+34,1.8331518525371848e-9,119165001728,
19.728,-37462014823816495000,-0.058685485273599625,64852978126228030000,-3.6660455358600394e+34,1.8331518525371848e-9,119165001728,
19.738,-37462014823816495000,-0.058685485273599625,64852978126228030000,-3.6660455358600394e+34,1.8331518525371848e-9,119165001728,
19.748,-37462014823816495000,-0.058685485273599625,64852978126228030000,-3.6660455358600394e+34,1.8331518525371848e-9,119165001728,
19.758,-37462014823816495000,-0.058685485273599625,64852978126228030000,-3.6660455358600394e+34,1.8331518525371848e-9,119165001728,
19.768,-37462014823816495000,-0.058685485273599625,64852978126228030000,-3.6660455358600394e+34,1.8331518525371848e-9,119165001728,
19.778,-37462014823816495000,-0.058685485273599625,64852978126228030000,-3.6660455358600394e+34,1.8331518525371848e-9,119165001728,
19.788,-37462014823816495000,-0.058685485273599625,64852978126228030000,-3.6660455358600394e+34,1.8331518525371848e-9,119165001728,
19.798,-37462014823816495000,-0.058685485273599625,64852978126228030000,-3.6660455358600394e+34,1.8331518525371848e-9,119165001728,
19.808,-37462014823816495000,-0.058685485273599625,64852978126228030000,-3.6660455358600394e+34,1.8331518525371848e-9,119165001728,
19.818,-37462014823816495000,-0.058685485273599625,64852978126228030000,-3.6660455358600394e+34,1.8331518525371848e-9,119165001728,
19.828,-37462014823816495000,-0.058685485273599625,64852978126228030000,-3.6660455358600394e+34,1.8331518525371848e-9,119165001728,
19.838,-37462014823816495000,-0.058685485273599625,64852978126228030000,-3.6660455358600394e+34,1.8331518525371848e-9,119165001728,
19.848,-37462014823816495000,-0.058685485273599625,64852978126228030000,-3.6660455358600394e+34,1.8331518525371848e-9,119165001728,
19.858,-37462014823816495000,-0.058685485273599625,64852978126228030000,-3.6660455358600394e+34,1.8331518525371848e-9,119165001728,
19.868,-37462014823816495000,-0.058685485273599625,64852978126228030000,-3.6660455358600394e+34,1.8331518525371848e-9,119165001728,
19.878,-37462014823816495000,-0.058685485273599625,64852978126228030000,-3.6660455358600394e+34,1.8331518525371848e-9,119165001728,
19.888,-37462014823816495000,-0.058685485273599625,64852978126228030000,-3.6660455358600394e+34,1.8331518525371848e-9,119165001728,
19.898,-37462014823816495000,-0.058685485273599625,64852978126228030000,-3.6660455358600394e+34,1.8331518525371848e-9,119165001728,
19.908,-37462014823816495000,-0.058685485273599625,64852978126228030000,-3.6660455358600394e+34,1.8331518525371848e-9,119165001728,
19.918,-37462014823816495000,-0.058685485273599625,64852978126228030000,-3.6660455358600394e+34,1.8331518525371848e-9,119165001728,
19.928,-37462014823816495000,-0.058685485273599625,64852978126228030000,-3.6660455358600394e+34,1.8331518525371848e-9,119165001728,
19.938,-37462014823816495000,-0.058685485273599625,64852978126228030000,-3.6660455358600394e+34,1.8331518525371848e-9,119165001728,
19.948,-37462014823816495000,-0.058685485273599625,64852978126228030000,-3.6660455358600394e+34,1.8331518525371848e-9,119165001728,
19.958,-37462014823816495000,-0.058685485273599625,64852978126228030000,-3.6660455358600394e+34,1.8331518525371848e-9,119165001728,
19.968,-37462014823816495000,-0.058685485273599625,64852978126228030000,-3.6660455358600394e+34,1.8331518525371848e-9,119165001728,
19.978,-37462014823816495000,-0.058685485273599625,64852978126228030000,-3.6660455358600394e+34,1.8331518525371848e-9,119165001728,
19.988,-37462014823816495000,-0.058685485273599625,64852978126228030000,-3.6660455358600394e+34,1.8331518525371848e-9,119165001728,
19.998,-37462014823816495000,-0.058685485273599625,64852978126228030000,-3.6660455358600394e+34,1.8331518525371848e-9,119165001728,
20.008,-37462014823816495000,-0.058685485273599625,64852978126228030000,-3.6660455358600394e+34,1.8331518525371848e-9,119165001728,
20.018,-37462014823816495000,-0.058685485273599625,64852978126228030000,-3.6660455358600394e+34,1.8331518525371848e-9,119165001728,
20.028,-37462014823816495000,-0.058685485273599625,64852978126228030000,-3.6660455358600394e+34,1.8331518525371848e-9,119165001728,
20.038,-37462014823816495000,-0.058685485273599625,64852978126228030000,-3.6660455358600394e+34,1.8331518525371848e-9,119165001728,
20.048,-37462014823816495000,-0.058685485273599625,64852978126228030000,-3.6660455358600394e+34,1.8331518525371848e-9,119165001728,
20.058,-37462014823816495000,-0.058685485273599625,64852978126228030000,-3.6660455358600394e+34,1.8331518525371848e-9,119165001728,
20.068,-37462014823816495000,-0.058685485273599625,64852978126228030000,-3.6660455358600394e+34,1.8331518525371848e-9,119165001728,
20.078,-37462014823816495000,-0.058685485273599625,64852978126228030000,-3.6660455358600394e+34,1.8331518525371848e-9,119165001728,
20.088,-37462014823816495000,-0.058685485273599625,64852978126228030000,-3.6660455358600394e+34,1.8331518525371848e-9,119165001728,
20.098,-37462014823816495000,-0.058685485273599625,64852978126228030000,-3.6660455358600394e+34,1.8331518525371848e-9,119165001728,
20.108,-37462014823816495000,-0.058685485273599625,64852978126228030000,-3.6660455358600394e+34,1.8331518525371848e-9,119165001728,
20.118,-37462014823816495000,-0.058685485273599625,64852978126228030000,-3.6660455358600394e+34,1.8331518525371848e-9,119165001728,
20.128,-37462014823816495000,-0.058685485273599625,64852978126228030000,-3.6660455358600394e+34,1.8331518525371848e-9,119165001728,
20.138,-37462014823816495000,-0.058685485273599625,64852978126228030000,-3.6660455358600394e+34,1.8331518525371848e-9,119165001728,
20.148,-37462014823816495000,-0.058685485273599625,64852978126228030000,-3.6660455358600394e+34,1.8331518525371848e-9,119165001728,
20.158,-37462014823816495000,-0.058685485273599625,64852978126228030000,-3.6660455358600394e+34,1.8331518525371848e-9,119165001728,
20.168,-37462014823816495000,-0.058685485273599625,64852978126228030000,-3.6660455358600394e+34,1.8331518525371848e-9,119165001728,
20.178,-37462014823816495000,-0.058685485273599625,64852978126228030000,-3.6660455358600394e+34,1.8331518525371848e-9,119165001728,
20.188,-37462014823816495000,-0.058685485273599625,64852978126228030000,-3.6660455358600394e+34,1.8331518525371848e-9,119165001728,
20.198,-37462014823816495000,-0.058685485273599625,64852978126228030000,-3.6660455358600394e+34,1.8331518525371848e-9,119165001728,
20.208,-37462014823816495000,-0.058685485273599625,64852978126228030000,-3.6660455358600394e+34,1.8331518525371848e-9,119165001728,
20.218,-37462014823816495000,-0.058685485273599625,64852978126228030000,-3.6660455358600394e+34,1.8331518525371848e-9,119165001728,
20.228,-37462014823816495000,-0.058685485273599625,64852978126228030000,-3.6660455358600394e+34,1.8331518525371848e-9,119165001728,
20.238,-37462014823816495000,-0.058685485273599625,64852978126228030000,-3.6660455358600394e+34,1.8331518525371848e-9,119165001728,
20.248,-37462014823816495000,-0.058685485273599625,64852978126228030000,-3.6660455358600394e+34,1.8331518525371848e-9,119165001728,
20.258,-37462014823816495000,-0.058685485273599625,64852978126228030000,-3.6660455358600394e+34,1.8331518525371848e-9,119165001728,
20.268,-37462014823816495000,-0.058685485273599625,64852978126228030000,-3.6660455358600394e+34,1.8331518525371848e-9,119165001728,
20.278,-37462014823816495000,-0.058685485273599625,64852978126228030000,-3.6660455358600394e+34,1.8331518525371848e-9,119165001728,
20.288,-37462014823816495000,-0.058685485273599625,64852978126228030000,-3.6660455358600394e+34,1.8331518525371848e-9,119165001728,
20.298,-37462014823816495000,-0.058685485273599625,64852978126228030000,-3.6660455358600394e+34,1.8331518525371848e-9,119165001728,
20.308,-37462014823816495000,-0.058685485273599625,64852978126228030000,-3.6660455358600394e+34,1.8331518525371848e-9,119165001728,
20.318,-37462014823816495000,-0.058685485273599625,64852978126228030000,-3.6660455358600394e+34,1.8331518525371848e-9,119165001728,
20.328,-37462014823816495000,-0.058685485273599625,64852978126228030000,-3.6660455358600394e+34,1.8331518525371848e-9,119165001728,
20.338,-37462014823816495000,-0.058685485273599625,64852978126228030000,-3.6660455358600394e+34,1.8331518525371848e-9,119165001728,
20.348,-37462014823816495000,-0.058685485273599625,64852978126228030000,-3.6660455358600394e+34,1.8331518525371848e-9,119165001728,
20.358,-37462014823816495000,-0.058685485273599625,64852978126228030000,-3.6660455358600394e+34,1.8331518525371848e-9,119165001728,
20.368,-37462014823816495000,-0.058685485273599625,64852978126228030000,-3.6660455358600394e+34,1.8331518525371848e-9,119165001728,
20.378,-37462014823816495000,-0.058685485273599625,64852978126228030000,-3.6660455358600394e+34,1.8331518525371848e-9,119165001728,
20.388,-37462014823816495000,-0.058685485273599625,64852978126228030000,-3.6660455358600394e+34,1.8331518525371848e-9,119165001728,
20.398,-37462014823816495000,-0.058685485273599625,64852978126228030000,-3.6660455358600394e+34,1.8331518525371848e-9,119165001728,
20.408,-37462014823816495000,-0.058685485273599625,64852978126228030000,-3.6660455358600394e+34,1.8331518525371848e-9,119165001728,
20.418,-37462014823816495000,-0.058685485273599625,64852978126228030000,-3.6660455358600394e+34,1.8331518525371848e-9,119165001728,
20.428,-37462014823816495000,-0.058685485273599625,64852978126228030000,-3.6660455358600394e+34,1.8331518525371848e-9,119165001728,
20.438,-37462014823816495000,-0.058685485273599625,64852978126228030000,-3.6660455358600394e+34,1.8331518525371848e-9,119165001728,
20.448,-37462014823816495000,-0.058685485273599625,64852978126228030000,-3.6660455358600394e+34,1.8331518525371848e-9,119165001728,
20.458,-37462014823816495000,-0.058685485273599625,64852978126228030000,-3.6660455358600394e+34,1.8331518525371848e-9,119165001728,
20.468,-37462014823816495000,-0.058685485273599625,64852978126228030000,-3.6660455358600394e+34,1.8331518525371848e-9,119165001728,
20.478,-37462014823816495000,-0.058685485273599625,64852978126228030000,-3.6660455358600394e+34,1.8331518525371848e-9,119165001728,
20.488,-37462014823816495000,-0.058685485273599625,64852978126228030000,-3.6660455358600394e+34,1.8331518525371848e-9,119165001728,
20.498,-37462014823816495000,-0.058685485273599625,64852978126228030000,-3.6660455358600394e+34,1.8331518525371848e-9,119165001728,
20.508,-37462014823816495000,-0.058685485273599625,64852978126228030000,-3.6660455358600394e+34,1.8331518525371848e-9,119165001728,
20.518,-37462014823816495000,-0.058685485273599625,64852978126228030000,-3.6660455358600394e+34,1.8331518525371848e-9,119165001728,
20.528,-37462014823816495000,-0.058685485273599625,64852978126228030000,-3.6660455358600394e+34,1.8331518525371848e-9,119165001728,
20.538,-37462014823816495000,-0.058685485273599625,64852978126228030000,-3.6660455358600394e+34,1.8331518525371848e-9,119165001728,
20.548,-37462014823816495000,-0.058685485273599625,64852978126228030000,-3.6660455358600394e+34,1.8331518525371848e-9,119165001728,
20.558,-37462014823816495000,-0.058685485273599625,64852978126228030000,-3.6660455358600394e+34,1.8331518525371848e-9,119165001728,
20.568,-37462014823816495000,-0.058685485273599625,64852978126228030000,-3.6660455358600394e+34,1.8331518525371848e-9,119165001728,
20.578,-37462014823816495000,-0.058685485273599625,64852978126228030000,-3.6660455358600394e+34,1.8331518525371848e-9,119165001728,
20.588,-37462014823816495000,-0.058685485273599625,64852978126228030000,-3.6660455358600394e+34,1.8331518525371848e-9,119165001728,
20.598,-37462014823816495000,-0.058685485273599625,64852978126228030000,-3.6660455358600394e+34,1.8331518525371848e-9,119165001728,
20.608,-37462014823816495000,-0.058685485273599625,64852978126228030000,-3.6660455358600394e+34,1.8331518525371848e-9,119165001728,
20.618,-37462014823816495000,-0.058685485273599625,64852978126228030000,-3.6660455358600394e+34,1.8331518525371848e-9,119165001728,
20.628,-37462014823816495000,-0.058685485273599625,64852978126228030000,-3.6660455358600394e+34,1.8331518525371848e-9,119165001728,
20.638,-37462014823816495000,-0.058685485273599625,64852978126228030000,-3.6660455358600394e+34,1.8331518525371848e-9,119165001728,
20.648,-37462014823816495000,-0.058685485273599625,64852978126228030000,-3.6660455358600394e+34,1.8331518525371848e-9,119165001728,
20.658,-37462014823816495000,-0.058685485273599625,64852978126228030000,-3.6660455358600394e+34,1.8331518525371848e-9,119165001728,
20.668,-37462014823816495000,-0.058685485273599625,64852978126228030000,-3.6660455358600394e+34,1.8331518525371848e-9,119165001728,
20.678,-37462014823816495000,-0.058685485273599625,64852978126228030000,-3.6660455358600394e+34,1.8331518525371848e-9,119165001728,
20.688,-37462014823816495000,-0.058685485273599625,64852978126228030000,-3.6660455358600394e+34,1.8331518525371848e-9,119165001728,
20.698,-37462014823816495000,-0.058685485273599625,64852978126228030000,-3.6660455358600394e+34,1.8331518525371848e-9,119165001728,
20.708,-37462014823816495000,-0.058685485273599625,64852978126228030000,-3.6660455358600394e+34,1.8331518525371848e-9,119165001728,
20.718,-37462014823816495000,-0.058685485273599625,64852978126228030000,-3.6660455358600394e+34,1.8331518525371848e-9,119165001728,
20.728,-37462014823816495000,-0.058685485273599625,64852978126228030000,-3.6660455358600394e+34,1.8331518525371848e-9,119165001728,
20.738,-37462014823816495000,-0.058685485273599625,64852978126228030000,-3.6660455358600394e+34,1.8331518525371848e-9,119165001728,
20.748,-37462014823816495000,-0.058685485273599625,64852978126228030000,-3.6660455358600394e+34,1.8331518525371848e-9,119165001728,
20.758,-37462014823816495000,-0.058685485273599625,64852978126228030000,-3.6660455358600394e+34,1.8331518525371848e-9,119165001728,
20.768,-37462014823816495000,-0.058685485273599625,64852978126228030000,-3.6660455358600394e+34,1.8331518525371848e-9,119165001728,
20.778,-37462014823816495000,-0.058685485273599625,64852978126228030000,-3.6660455358600394e+34,1.8331518525371848e-9,119165001728,
20.788,-37462014823816495000,-0.058685485273599625,64852978126228030000,-3.6660455358600394e+34,1.8331518525371848e-9,119165001728,
20.798,-37462014823816495000,-0.058685485273599625,64852978126228030000,-3.6660455358600394e+34,1.8331518525371848e-9,119165001728,
20.808,-37462014823816495000,-0.058685485273599625,64852978126228030000,-3.6660455358600394e+34,1.8331518525371848e-9,119165001728,
20.818,-37462014823816495000,-0.058685485273599625,64852978126228030000,-3.6660455358600394e+34,1.8331518525371848e-9,119165001728,
20.828,-37462014823816495000,-0.058685485273599625,64852978126228030000,-3.6660455358600394e+34,1.8331518525371848e-9,119165001728,
20.838,-37462014823816495000,-0.058685485273599625,64852978126228030000,-3.6660455358600394e+34,1.8331518525371848e-9,119165001728,
20.848,-37462014823816495000,-0.058685485273599625,64852978126228030000,-3.6660455358600394e+34,1.8331518525371848e-9,119165001728,
20.858,-37462014823816495000,-0.058685485273599625,64852978126228030000,-3.6660455358600394e+34,1.8331518525371848e-9,119165001728,
20.868,-37462014823816495000,-0.058685485273599625,64852978126228030000,-3.6660455358600394e+34,1.8331518525371848e-9,119165001728,
20.878,-37462014823816495000,-0.058685485273599625,64852978126228030000,-3.6660455358600394e+34,1.8331518525371848e-9,119165001728,
20.888,-37462014823816495000,-0.058685485273599625,64852978126228030000,-3.6660455358600394e+34,1.8331518525371848e-9,119165001728,
20.898,-37462014823816495000,-0.058685485273599625,64852978126228030000,-3.6660455358600394e+34,1.8331518525371848e-9,119165001728,
20.908,-37462014823816495000,-0.058685485273599625,64852978126228030000,-3.6660455358600394e+34,1.8331518525371848e-9,119165001728,
20.918,-37462014823816495000,-0.058685485273599625,64852978126228030000,-3.6660455358600394e+34,1.8331518525371848e-9,119165001728,
20.928,-37462014823816495000,-0.058685485273599625,64852978126228030000,-3.6660455358600394e+34,1.8331518525371848e-9,119165001728,
20.938,-37462014823816495000,-0.058685485273599625,64852978126228030000,-3.6660455358600394e+34,1.8331518525371848e-9,119165001728,
20.948,-37462014823816495000,-0.058685485273599625,64852978126228030000,-3.6660455358600394e+34,1.8331518525371848e-9,119165001728,
20.958,-37462014823816495000,-0.058685485273599625,64852978126228030000,-3.6660455358600394e+34,1.8331518525371848e-9,119165001728,
20.968,-37462014823816495000,-0.058685485273599625,64852978126228030000,-3.6660455358600394e+34,1.8331518525371848e-9,119165001728,
20.978,-37462014823816495000,-0.058685485273599625,64852978126228030000,-3.6660455358600394e+34,1.8331518525371848e-9,119165001728,
20.988,-37462014823816495000,-0.058685485273599625,64852978126228030000,-3.6660455358600394e+34,1.8331518525371848e-9,119165001728,
20.998,-37462014823816495000,-0.058685485273599625,64852978126228030000,-3.6660455358600394e+34,1.8331518525371848e-9,119165001728,
21.008,-37462014823816495000,-0.058685485273599625,64852978126228030000,-3.6660455358600394e+34,1.8331518525371848e-9,119165001728,
21.018,-37462014823816495000,-0.058685485273599625,64852978126228030000,-3.6660455358600394e+34,1.8331518525371848e-9,119165001728,
21.028,-37462014823816495000,-0.058685485273599625,64852978126228030000,-3.6660455358600394e+34,1.8331518525371848e-9,119165001728,
21.038,-37462014823816495000,-0.058685485273599625,64852978126228030000,-3.6660455358600394e+34,1.8331518525371848e-9,119165001728,
21.048,-37462014823816495000,-0.058685485273599625,64852978126228030000,-3.6660455358600394e+34,1.8331518525371848e-9,119165001728,
21.058,-37462014823816495000,-0.058685485273599625,64852978126228030000,-3.6660455358600394e+34,1.8331518525371848e-9,119165001728,
21.068,-37462014823816495000,-0.058685485273599625,64852978126228030000,-3.6660455358600394e+34,1.8331518525371848e-9,119165001728,
21.078,-37462014823816495000,-0.058685485273599625,64852978126228030000,-3.6660455358600394e+34,1.8331518525371848e-9,119165001728,
21.088,-37462014823816495000,-0.058685485273599625,64852978126228030000,-3.6660455358600394e+34,1.8331518525371848e-9,119165001728,
21.098,-37462014823816495000,-0.058685485273599625,64852978126228030000,-3.6660455358600394e+34,1.8331518525371848e-9,119165001728,
21.108,-37462014823816495000,-0.058685485273599625,64852978126228030000,-3.6660455358600394e+34,1.8331518525371848e-9,119165001728,
21.118,-37462014823816495000,-0.058685485273599625,64852978126228030000,-3.6660455358600394e+34,1.8331518525371848e-9,119165001728,
21.128,-37462014823816495000,-0.058685485273599625,64852978126228030000,-3.6660455358600394e+34,1.8331518525371848e-9,119165001728,
21.138,-37462014823816495000,-0.058685485273599625,64852978126228030000,-3.6660455358600394e+34,1.8331518525371848e-9,119165001728,
21.148,-37462014823816495000,-0.058685485273599625,64852978126228030000,-3.6660455358600394e+34,1.8331518525371848e-9,119165001728,
21.158,-37462014823816495000,-0.058685485273599625,64852978126228030000,-3.6660455358600394e+34,1.8331518525371848e-9,119165001728,
21.168,-37462014823816495000,-0.058685485273599625,64852978126228030000,-3.6660455358600394e+34,1.8331518525371848e-9,119165001728,
21.178,-37462014823816495000,-0.058685485273599625,64852978126228030000,-3.6660455358600394e+34,1.8331518525371848e-9,119165001728,
21.188,-37462014823816495000,-0.058685485273599625,64852978126228030000,-3.6660455358600394e+34,1.8331518525371848e-9,119165001728,
21.198,-37462014823816495000,-0.058685485273599625,64852978126228030000,-3.6660455358600394e+34,1.8331518525371848e-9,119165001728,
21.208,-37462014823816495000,-0.058685485273599625,64852978126228030000,-3.6660455358600394e+34,1.8331518525371848e-9,119165001728,
21.218,-37462014823816495000,-0.058685485273599625,64852978126228030000,-3.6660455358600394e+34,1.8331518525371848e-9,119165001728,
21.228,-37462014823816495000,-0.058685485273599625,64852978126228030000,-3.6660455358600394e+34,1.8331518525371848e-9,119165001728,
21.238,-37462014823816495000,-0.058685485273599625,64852978126228030000,-3.6660455358600394e+34,1.8331518525371848e-9,119165001728,
21.248,-37462014823816495000,-0.058685485273599625,64852978126228030000,-3.6660455358600394e+34,1.8331518525371848e-9,119165001728,
21.258,-37462014823816495000,-0.058685485273599625,64852978126228030000,-3.6660455358600394e+34,1.8331518525371848e-9,119165001728,
21.268,-37462014823816495000,-0.058685485273599625,64852978126228030000,-3.6660455358600394e+34,1.8331518525371848e-9,119165001728,
21.278,-37462014823816495000,-0.058685485273599625,64852978126228030000,-3.6660455358600394e+34,1.8331518525371848e-9,119165001728,
21.288,-37462014823816495000,-0.058685485273599625,64852978126228030000,-3.6660455358600394e+34,1.8331518525371848e-9,119165001728,
21.298,-37462014823816495000,-0.058685485273599625,64852978126228030000,-3.6660455358600394e+34,1.8331518525371848e-9,119165001728,
21.308,-37462014823816495000,-0.058685485273599625,64852978126228030000,-3.6660455358600394e+34,1.8331518525371848e-9,119165001728,
21.318,-37462014823816495000,-0.058685485273599625,64852978126228030000,-3.6660455358600394e+34,1.8331518525371848e-9,119165001728,
21.328,-37462014823816495000,-0.058685485273599625,64852978126228030000,-3.6660455358600394e+34,1.8331518525371848e-9,119165001728,
21.338,-37462014823816495000,-0.058685485273599625,64852978126228030000,-3.6660455358600394e+34,1.8331518525371848e-9,119165001728,
21.348,-37462014823816495000,-0.058685485273599625,64852978126228030000,-3.6660455358600394e+34,1.8331518525371848e-9,119165001728,
21.358,-37462014823816495000,-0.058685485273599625,64852978126228030000,-3.6660455358600394e+34,1.8331518525371848e-9,119165001728,
21.368,-37462014823816495000,-0.058685485273599625,64852978126228030000,-3.6660455358600394e+34,1.8331518525371848e-9,119165001728,
21.378,-37462014823816495000,-0.058685485273599625,64852978126228030000,-3.6660455358600394e+34,1.8331518525371848e-9,119165001728,
21.388,-37462014823816495000,-0.058685485273599625,64852978126228030000,-3.6660455358600394e+34,1.8331518525371848e-9,119165001728,
21.398,-37462014823816495000,-0.058685485273599625,64852978126228030000,-3.6660455358600394e+34,1.8331518525371848e-9,119165001728,
21.408,-37462014823816495000,-0.058685485273599625,64852978126228030000,-3.6660455358600394e+34,1.8331518525371848e-9,119165001728,
21.418,-37462014823816495000,-0.058685485273599625,64852978126228030000,-3.6660455358600394e+34,1.8331518525371848e-9,119165001728,
21.428,-37462014823816495000,-0.058685485273599625,64852978126228030000,-3.6660455358600394e+34,1.8331518525371848e-9,119165001728,
21.438,-37462014823816495000,-0.058685485273599625,64852978126228030000,-3.6660455358600394e+34,1.8331518525371848e-9,119165001728,
21.448,-37462014823816495000,-0.058685485273599625,64852978126228030000,-3.6660455358600394e+34,1.8331518525371848e-9,119165001728,
21.458,-37462014823816495000,-0.058685485273599625,64852978126228030000,-3.6660455358600394e+34,1.8331518525371848e-9,119165001728,
21.468,-37462014823816495000,-0.058685485273599625,64852978126228030000,-3.6660455358600394e+34,1.8331518525371848e-9,119165001728,
21.478,-37462014823816495000,-0.058685485273599625,64852978126228030000,-3.6660455358600394e+34,1.8331518525371848e-9,119165001728,
21.488,-37462014823816495000,-0.058685485273599625,64852978126228030000,-3.6660455358600394e+34,1.8331518525371848e-9,119165001728,
21.498,-37462014823816495000,-0.058685485273599625,64852978126228030000,-3.6660455358600394e+34,1.8331518525371848e-9,119165001728,
21.508,-37462014823816495000,-0.058685485273599625,64852978126228030000,-3.6660455358600394e+34,1.8331518525371848e-9,119165001728,
21.518,-37462014823816495000,-0.058685485273599625,64852978126228030000,-3.6660455358600394e+34,1.8331518525371848e-9,119165001728,
21.528,-37462014823816495000,-0.058685485273599625,64852978126228030000,-3.6660455358600394e+34,1.8331518525371848e-9,119165001728,
21.538,-37462014823816495000,-0.058685485273599625,64852978126228030000,-3.6660455358600394e+34,1.8331518525371848e-9,119165001728,
21.548,-37462014823816495000,-0.058685485273599625,64852978126228030000,-3.6660455358600394e+34,1.8331518525371848e-9,119165001728,
21.558,-37462014823816495000,-0.058685485273599625,64852978126228030000,-3.6660455358600394e+34,1.8331518525371848e-9,119165001728,
21.568,-37462014823816495000,-0.058685485273599625,64852978126228030000,-3.6660455358600394e+34,1.8331518525371848e-9,119165001728,
21.578,-37462014823816495000,-0.058685485273599625,64852978126228030000,-3.6660455358600394e+34,1.8331518525371848e-9,119165001728,
21.588,-37462014823816495000,-0.058685485273599625,64852978126228030000,-3.6660455358600394e+34,1.8331518525371848e-9,119165001728,
21.598,-37462014823816495000,-0.058685485273599625,64852978126228030000,-3.6660455358600394e+34,1.8331518525371848e-9,119165001728,
21.608,-37462014823816495000,-0.058685485273599625,64852978126228030000,-3.6660455358600394e+34,1.8331518525371848e-9,119165001728,
21.618,-37462014823816495000,-0.058685485273599625,64852978126228030000,-3.6660455358600394e+34,1.8331518525371848e-9,119165001728,
21.628,-37462014823816495000,-0.058685485273599625,64852978126228030000,-3.6660455358600394e+34,1.8331518525371848e-9,119165001728,
21.638,-37462014823816495000,-0.058685485273599625,64852978126228030000,-3.6660455358600394e+34,1.8331518525371848e-9,119165001728,
21.648,-37462014823816495000,-0.058685485273599625,64852978126228030000,-3.6660455358600394e+34,1.8331518525371848e-9,119165001728,
21.658,-37462014823816495000,-0.058685485273599625,64852978126228030000,-3.6660455358600394e+34,1.8331518525371848e-9,119165001728,
21.668,-37462014823816495000,-0.058685485273599625,64852978126228030000,-3.6660455358600394e+34,1.8331518525371848e-9,119165001728,
21.678,-37462014823816495000,-0.058685485273599625,64852978126228030000,-3.6660455358600394e+34,1.8331518525371848e-9,119165001728,
21.688,-37462014823816495000,-0.058685485273599625,64852978126228030000,-3.6660455358600394e+34,1.8331518525371848e-9,119165001728,
21.698,-37462014823816495000,-0.058685485273599625,64852978126228030000,-3.6660455358600394e+34,1.8331518525371848e-9,119165001728,
21.708,-37462014823816495000,-0.058685485273599625,64852978126228030000,-3.6660455358600394e+34,1.8331518525371848e-9,119165001728,
21.718,-37462014823816495000,-0.058685485273599625,64852978126228030000,-3.6660455358600394e+34,1.8331518525371848e-9,119165001728,
21.728,-37462014823816495000,-0.058685485273599625,64852978126228030000,-3.6660455358600394e+34,1.8331518525371848e-9,119165001728,
21.738,-37462014823816495000,-0.058685485273599625,64852978126228030000,-3.6660455358600394e+34,1.8331518525371848e-9,119165001728,
21.748,-37462014823816495000,-0.058685485273599625,64852978126228030000,-3.6660455358600394e+34,1.8331518525371848e-9,119165001728,
21.758,-37462014823816495000,-0.058685485273599625,64852978126228030000,-3.6660455358600394e+34,1.8331518525371848e-9,119165001728,
21.768,-37462014823816495000,-0.058685485273599625,64852978126228030000,-3.6660455358600394e+34,1.8331518525371848e-9,119165001728,
21.778,-37462014823816495000,-0.058685485273599625,64852978126228030000,-3.6660455358600394e+34,1.8331518525371848e-9,119165001728,
21.788,-37462014823816495000,-0.058685485273599625,64852978126228030000,-3.6660455358600394e+34,1.8331518525371848e-9,119165001728,
21.798,-37462014823816495000,-0.058685485273599625,64852978126228030000,-3.6660455358600394e+34,1.8331518525371848e-9,119165001728,
21.808,-37462014823816495000,-0.058685485273599625,64852978126228030000,-3.6660455358600394e+34,1.8331518525371848e-9,119165001728,
21.818,-37462014823816495000,-0.058685485273599625,64852978126228030000,-3.6660455358600394e+34,1.8331518525371848e-9,119165001728,
21.828,-37462014823816495000,-0.058685485273599625,64852978126228030000,-3.6660455358600394e+34,1.8331518525371848e-9,119165001728,
21.838,-37462014823816495000,-0.058685485273599625,64852978126228030000,-3.6660455358600394e+34,1.8331518525371848e-9,119165001728,
21.848,-37462014823816495000,-0.058685485273599625,64852978126228030000,-3.6660455358600394e+34,1.8331518525371848e-9,119165001728,
21.858,-37462014823816495000,-0.058685485273599625,64852978126228030000,-3.6660455358600394e+34,1.8331518525371848e-9,119165001728,
21.868,-37462014823816495000,-0.058685485273599625,64852978126228030000,-3.6660455358600394e+34,1.8331518525371848e-9,119165001728,
21.878,-37462014823816495000,-0.058685485273599625,64852978126228030000,-3.6660455358600394e+34,1.8331518525371848e-9,119165001728,
21.888,-37462014823816495000,-0.058685485273599625,64852978126228030000,-3.6660455358600394e+34,1.8331518525371848e-9,119165001728,
21.898,-37462014823816495000,-0.058685485273599625,64852978126228030000,-3.6660455358600394e+34,1.8331518525371848e-9,119165001728,
21.908,-37462014823816495000,-0.058685485273599625,64852978126228030000,-3.6660455358600394e+34,1.8331518525371848e-9,119165001728,
21.918,-37462014823816495000,-0.058685485273599625,64852978126228030000,-3.6660455358600394e+34,1.8331518525371848e-9,119165001728,
21.928,-37462014823816495000,-0.058685485273599625,64852978126228030000,-3.6660455358600394e+34,1.8331518525371848e-9,119165001728,
21.938,-37462014823816495000,-0.058685485273599625,64852978126228030000,-3.6660455358600394e+34,1.8331518525371848e-9,119165001728,
21.948,-37462014823816495000,-0.058685485273599625,64852978126228030000,-3.6660455358600394e+34,1.8331518525371848e-9,119165001728,
21.958,-37462014823816495000,-0.058685485273599625,64852978126228030000,-3.6660455358600394e+34,1.8331518525371848e-9,119165001728,
21.968,-37462014823816495000,-0.058685485273599625,64852978126228030000,-3.6660455358600394e+34,1.8331518525371848e-9,119165001728,
21.978,-37462014823816495000,-0.058685485273599625,64852978126228030000,-3.6660455358600394e+34,1.8331518525371848e-9,119165001728,
21.988,-37462014823816495000,-0.058685485273599625,64852978126228030000,-3.6660455358600394e+34,1.8331518525371848e-9,119165001728,
21.998,-37462014823816495000,-0.058685485273599625,64852978126228030000,-3.6660455358600394e+34,1.8331518525371848e-9,119165001728,
22.008,-37462014823816495000,-0.058685485273599625,64852978126228030000,-3.6660455358600394e+34,1.8331518525371848e-9,119165001728,
22.018,-37462014823816495000,-0.058685485273599625,64852978126228030000,-3.6660455358600394e+34,1.8331518525371848e-9,119165001728,
22.028,-37462014823816495000,-0.058685485273599625,64852978126228030000,-3.6660455358600394e+34,1.8331518525371848e-9,119165001728,
22.038,-37462014823816495000,-0.058685485273599625,64852978126228030000,-3.6660455358600394e+34,1.8331518525371848e-9,119165001728,
22.048,-37462014823816495000,-0.058685485273599625,64852978126228030000,-3.6660455358600394e+34,1.8331518525371848e-9,119165001728,
22.058,-37462014823816495000,-0.058685485273599625,64852978126228030000,-3.6660455358600394e+34,1.8331518525371848e-9,119165001728,
22.068,-37462014823816495000,-0.058685485273599625,64852978126228030000,-3.6660455358600394e+34,1.8331518525371848e-9,119165001728,
22.078,-37462014823816495000,-0.058685485273599625,64852978126228030000,-3.6660455358600394e+34,1.8331518525371848e-9,119165001728,
22.088,-37462014823816495000,-0.058685485273599625,64852978126228030000,-3.6660455358600394e+34,1.8331518525371848e-9,119165001728,
22.098,-37462014823816495000,-0.058685485273599625,64852978126228030000,-3.6660455358600394e+34,1.8331518525371848e-9,119165001728,
22.108,-37462014823816495000,-0.058685485273599625,64852978126228030000,-3.6660455358600394e+34,1.8331518525371848e-9,119165001728,
22.118,-37462014823816495000,-0.058685485273599625,64852978126228030000,-3.6660455358600394e+34,1.8331518525371848e-9,119165001728,
22.128,-37462014823816495000,-0.058685485273599625,64852978126228030000,-3.6660455358600394e+34,1.8331518525371848e-9,119165001728,
22.138,-37462014823816495000,-0.058685485273599625,64852978126228030000,-3.6660455358600394e+34,1.8331518525371848e-9,119165001728,
22.148,-37462014823816495000,-0.058685485273599625,64852978126228030000,-3.6660455358600394e+34,1.8331518525371848e-9,119165001728,
22.158,-37462014823816495000,-0.058685485273599625,64852978126228030000,-3.6660455358600394e+34,1.8331518525371848e-9,119165001728,
22.168,-37462014823816495000,-0.058685485273599625,64852978126228030000,-3.6660455358600394e+34,1.8331518525371848e-9,119165001728,
22.178,-37462014823816495000,-0.058685485273599625,64852978126228030000,-3.6660455358600394e+34,1.8331518525371848e-9,119165001728,
22.188,-37462014823816495000,-0.058685485273599625,64852978126228030000,-3.6660455358600394e+34,1.8331518525371848e-9,119165001728,
22.198,-37462014823816495000,-0.058685485273599625,64852978126228030000,-3.6660455358600394e+34,1.8331518525371848e-9,119165001728,
22.208,-37462014823816495000,-0.058685485273599625,64852978126228030000,-3.6660455358600394e+34,1.8331518525371848e-9,119165001728,
22.218,-37462014823816495000,-0.058685485273599625,64852978126228030000,-3.6660455358600394e+34,1.8331518525371848e-9,119165001728,
22.228,-37462014823816495000,-0.058685485273599625,64852978126228030000,-3.6660455358600394e+34,1.8331518525371848e-9,119165001728,
22.238,-37462014823816495000,-0.058685485273599625,64852978126228030000,-3.6660455358600394e+34,1.8331518525371848e-9,119165001728,
22.248,-37462014823816495000,-0.058685485273599625,64852978126228030000,-3.6660455358600394e+34,1.8331518525371848e-9,119165001728,
22.258,-37462014823816495000,-0.058685485273599625,64852978126228030000,-3.6660455358600394e+34,1.8331518525371848e-9,119165001728,
22.268,-37462014823816495000,-0.058685485273599625,64852978126228030000,-3.6660455358600394e+34,1.8331518525371848e-9,119165001728,
22.278,-37462014823816495000,-0.058685485273599625,64852978126228030000,-3.6660455358600394e+34,1.8331518525371848e-9,119165001728,
22.288,-37462014823816495000,-0.058685485273599625,64852978126228030000,-3.6660455358600394e+34,1.8331518525371848e-9,119165001728,
22.298,-37462014823816495000,-0.058685485273599625,64852978126228030000,-3.6660455358600394e+34,1.8331518525371848e-9,119165001728,
22.308,-37462014823816495000,-0.058685485273599625,64852978126228030000,-3.6660455358600394e+34,1.8331518525371848e-9,119165001728,
22.318,-37462014823816495000,-0.058685485273599625,64852978126228030000,-3.6660455358600394e+34,1.8331518525371848e-9,119165001728,
22.328,-37462014823816495000,-0.058685485273599625,64852978126228030000,-3.6660455358600394e+34,1.8331518525371848e-9,119165001728,
22.338,-37462014823816495000,-0.058685485273599625,64852978126228030000,-3.6660455358600394e+34,1.8331518525371848e-9,119165001728,
22.348,-37462014823816495000,-0.058685485273599625,64852978126228030000,-3.6660455358600394e+34,1.8331518525371848e-9,119165001728,
22.358,-37462014823816495000,-0.058685485273599625,64852978126228030000,-3.6660455358600394e+34,1.8331518525371848e-9,119165001728,
22.368,-37462014823816495000,-0.058685485273599625,64852978126228030000,-3.6660455358600394e+34,1.8331518525371848e-9,119165001728,
22.378,-37462014823816495000,-0.058685485273599625,64852978126228030000,-3.6660455358600394e+34,1.8331518525371848e-9,119165001728,
22.388,-37462014823816495000,-0.058685485273599625,64852978126228030000,-3.6660455358600394e+34,1.8331518525371848e-9,119165001728,
22.398,-37462014823816495000,-0.058685485273599625,64852978126228030000,-3.6660455358600394e+34,1.8331518525371848e-9,119165001728,
22.408,-37462014823816495000,-0.058685485273599625,64852978126228030000,-3.6660455358600394e+34,1.8331518525371848e-9,119165001728,
22.418,-37462014823816495000,-0.058685485273599625,64852978126228030000,-3.6660455358600394e+34,1.8331518525371848e-9,119165001728,
22.428,-37462014823816495000,-0.058685485273599625,64852978126228030000,-3.6660455358600394e+34,1.8331518525371848e-9,119165001728,
22.438,-37462014823816495000,-0.058685485273599625,64852978126228030000,-3.6660455358600394e+34,1.8331518525371848e-9,119165001728,
22.448,-37462014823816495000,-0.058685485273599625,64852978126228030000,-3.6660455358600394e+34,1.8331518525371848e-9,119165001728,
22.458,-37462014823816495000,-0.058685485273599625,64852978126228030000,-3.6660455358600394e+34,1.8331518525371848e-9,119165001728,
22.468,-37462014823816495000,-0.058685485273599625,64852978126228030000,-3.6660455358600394e+34,1.8331518525371848e-9,119165001728,
22.478,-37462014823816495000,-0.058685485273599625,64852978126228030000,-3.6660455358600394e+34,1.8331518525371848e-9,119165001728,
22.488,-37462014823816495000,-0.058685485273599625,64852978126228030000,-3.6660455358600394e+34,1.8331518525371848e-9,119165001728,
22.498,-37462014823816495000,-0.058685485273599625,64852978126228030000,-3.6660455358600394e+34,1.8331518525371848e-9,119165001728,
22.508,-37462014823816495000,-0.058685485273599625,64852978126228030000,-3.6660455358600394e+34,1.8331518525371848e-9,119165001728,
22.518,-37462014823816495000,-0.058685485273599625,64852978126228030000,-3.6660455358600394e+34,1.8331518525371848e-9,119165001728,
22.528,-37462014823816495000,-0.058685485273599625,64852978126228030000,-3.6660455358600394e+34,1.8331518525371848e-9,119165001728,
22.538,-37462014823816495000,-0.058685485273599625,64852978126228030000,-3.6660455358600394e+34,1.8331518525371848e-9,119165001728,
22.548,-37462014823816495000,-0.058685485273599625,64852978126228030000,-3.6660455358600394e+34,1.8331518525371848e-9,119165001728,
22.558,-37462014823816495000,-0.058685485273599625,64852978126228030000,-3.6660455358600394e+34,1.8331518525371848e-9,119165001728,
22.568,-37462014823816495000,-0.058685485273599625,64852978126228030000,-3.6660455358600394e+34,1.8331518525371848e-9,119165001728,
22.578,-37462014823816495000,-0.058685485273599625,64852978126228030000,-3.6660455358600394e+34,1.8331518525371848e-9,119165001728,
22.588,-37462014823816495000,-0.058685485273599625,64852978126228030000,-3.6660455358600394e+34,1.8331518525371848e-9,119165001728,
22.598,-37462014823816495000,-0.058685485273599625,64852978126228030000,-3.6660455358600394e+34,1.8331518525371848e-9,119165001728,
22.608,-37462014823816495000,-0.058685485273599625,64852978126228030000,-3.6660455358600394e+34,1.8331518525371848e-9,119165001728,
22.618,-37462014823816495000,-0.058685485273599625,64852978126228030000,-3.6660455358600394e+34,1.8331518525371848e-9,119165001728,
22.628,-37462014823816495000,-0.058685485273599625,64852978126228030000,-3.6660455358600394e+34,1.8331518525371848e-9,119165001728,
22.638,-37462014823816495000,-0.058685485273599625,64852978126228030000,-3.6660455358600394e+34,1.8331518525371848e-9,119165001728,
22.648,-37462014823816495000,-0.058685485273599625,64852978126228030000,-3.6660455358600394e+34,1.8331518525371848e-9,119165001728,
22.658,-37462014823816495000,-0.058685485273599625,64852978126228030000,-3.6660455358600394e+34,1.8331518525371848e-9,119165001728,
22.668,-37462014823816495000,-0.058685485273599625,64852978126228030000,-3.6660455358600394e+34,1.8331518525371848e-9,119165001728,
22.678,-37462014823816495000,-0.058685485273599625,64852978126228030000,-3.6660455358600394e+34,1.8331518525371848e-9,119165001728,
22.688,-37462014823816495000,-0.058685485273599625,64852978126228030000,-3.6660455358600394e+34,1.8331518525371848e-9,119165001728,
22.698,-37462014823816495000,-0.058685485273599625,64852978126228030000,-3.6660455358600394e+34,1.8331518525371848e-9,119165001728,
22.708,-37462014823816495000,-0.058685485273599625,64852978126228030000,-3.6660455358600394e+34,1.8331518525371848e-9,119165001728,
22.718,-37462014823816495000,-0.058685485273599625,64852978126228030000,-3.6660455358600394e+34,1.8331518525371848e-9,119165001728,
22.728,-37462014823816495000,-0.058685485273599625,64852978126228030000,-3.6660455358600394e+34,1.8331518525371848e-9,119165001728,
22.738,-37462014823816495000,-0.058685485273599625,64852978126228030000,-3.6660455358600394e+34,1.8331518525371848e-9,119165001728,
22.748,-37462014823816495000,-0.058685485273599625,64852978126228030000,-3.6660455358600394e+34,1.8331518525371848e-9,119165001728,
22.758,-37462014823816495000,-0.058685485273599625,64852978126228030000,-3.6660455358600394e+34,1.8331518525371848e-9,119165001728,
22.768,-37462014823816495000,-0.058685485273599625,64852978126228030000,-3.6660455358600394e+34,1.8331518525371848e-9,119165001728,
22.778,-37462014823816495000,-0.058685485273599625,64852978126228030000,-3.6660455358600394e+34,1.8331518525371848e-9,119165001728,
22.788,-37462014823816495000,-0.058685485273599625,64852978126228030000,-3.6660455358600394e+34,1.8331518525371848e-9,119165001728,
22.798,-37462014823816495000,-0.058685485273599625,64852978126228030000,-3.6660455358600394e+34,1.8331518525371848e-9,119165001728,
22.808,-37462014823816495000,-0.058685485273599625,64852978126228030000,-3.6660455358600394e+34,1.8331518525371848e-9,119165001728,
22.818,-37462014823816495000,-0.058685485273599625,64852978126228030000,-3.6660455358600394e+34,1.8331518525371848e-9,119165001728,
22.828,-37462014823816495000,-0.058685485273599625,64852978126228030000,-3.6660455358600394e+34,1.8331518525371848e-9,119165001728,
22.838,-37462014823816495000,-0.058685485273599625,64852978126228030000,-3.6660455358600394e+34,1.8331518525371848e-9,119165001728,
22.848,-37462014823816495000,-0.058685485273599625,64852978126228030000,-3.6660455358600394e+34,1.8331518525371848e-9,119165001728,
22.858,-37462014823816495000,-0.058685485273599625,64852978126228030000,-3.6660455358600394e+34,1.8331518525371848e-9,119165001728,
22.868,-37462014823816495000,-0.058685485273599625,64852978126228030000,-3.6660455358600394e+34,1.8331518525371848e-9,119165001728,
22.878,-37462014823816495000,-0.058685485273599625,64852978126228030000,-3.6660455358600394e+34,1.8331518525371848e-9,119165001728,
22.888,-37462014823816495000,-0.058685485273599625,64852978126228030000,-3.6660455358600394e+34,1.8331518525371848e-9,119165001728,
22.898,-37462014823816495000,-0.058685485273599625,64852978126228030000,-3.6660455358600394e+34,1.8331518525371848e-9,119165001728,
22.908,-37462014823816495000,-0.058685485273599625,64852978126228030000,-3.6660455358600394e+34,1.8331518525371848e-9,119165001728,
22.918,-37462014823816495000,-0.058685485273599625,64852978126228030000,-3.6660455358600394e+34,1.8331518525371848e-9,119165001728,
22.928,-37462014823816495000,-0.058685485273599625,64852978126228030000,-3.6660455358600394e+34,1.8331518525371848e-9,119165001728,
22.938,-37462014823816495000,-0.058685485273599625,64852978126228030000,-3.6660455358600394e+34,1.8331518525371848e-9,119165001728,
22.948,-37462014823816495000,-0.058685485273599625,64852978126228030000,-3.6660455358600394e+34,1.8331518525371848e-9,119165001728,
22.958,-37462014823816495000,-0.058685485273599625,64852978126228030000,-3.6660455358600394e+34,1.8331518525371848e-9,119165001728,
22.968,-37462014823816495000,-0.058685485273599625,64852978126228030000,-3.6660455358600394e+34,1.8331518525371848e-9,119165001728,
22.978,-37462014823816495000,-0.058685485273599625,64852978126228030000,-3.6660455358600394e+34,1.8331518525371848e-9,119165001728,
22.988,-37462014823816495000,-0.058685485273599625,64852978126228030000,-3.6660455358600394e+34,1.8331518525371848e-9,119165001728,
22.998,-37462014823816495000,-0.058685485273599625,64852978126228030000,-3.6660455358600394e+34,1.8331518525371848e-9,119165001728,
23.008,-37462014823816495000,-0.058685485273599625,64852978126228030000,-3.6660455358600394e+34,1.8331518525371848e-9,119165001728,
23.018,-37462014823816495000,-0.058685485273599625,64852978126228030000,-3.6660455358600394e+34,1.8331518525371848e-9,119165001728,
23.028,-37462014823816495000,-0.058685485273599625,64852978126228030000,-3.6660455358600394e+34,1.8331518525371848e-9,119165001728,
23.038,-37462014823816495000,-0.058685485273599625,64852978126228030000,-3.6660455358600394e+34,1.8331518525371848e-9,119165001728,
23.048,-37462014823816495000,-0.058685485273599625,64852978126228030000,-3.6660455358600394e+34,1.8331518525371848e-9,119165001728,
23.058,-37462014823816495000,-0.058685485273599625,64852978126228030000,-3.6660455358600394e+34,1.8331518525371848e-9,119165001728,
23.068,-37462014823816495000,-0.058685485273599625,64852978126228030000,-3.6660455358600394e+34,1.8331518525371848e-9,119165001728,
23.078,-37462014823816495000,-0.058685485273599625,64852978126228030000,-3.6660455358600394e+34,1.8331518525371848e-9,119165001728,
23.088,-37462014823816495000,-0.058685485273599625,64852978126228030000,-3.6660455358600394e+34,1.8331518525371848e-9,119165001728,
23.098,-37462014823816495000,-0.058685485273599625,64852978126228030000,-3.6660455358600394e+34,1.8331518525371848e-9,119165001728,
23.108,-37462014823816495000,-0.058685485273599625,64852978126228030000,-3.6660455358600394e+34,1.8331518525371848e-9,119165001728,
23.118,-37462014823816495000,-0.058685485273599625,64852978126228030000,-3.6660455358600394e+34,1.8331518525371848e-9,119165001728,
23.128,-37462014823816495000,-0.058685485273599625,64852978126228030000,-3.6660455358600394e+34,1.8331518525371848e-9,119165001728,
23.138,-37462014823816495000,-0.058685485273599625,64852978126228030000,-3.6660455358600394e+34,1.8331518525371848e-9,119165001728,
23.148,-37462014823816495000,-0.058685485273599625,64852978126228030000,-3.6660455358600394e+34,1.8331518525371848e-9,119165001728,
23.158,-37462014823816495000,-0.058685485273599625,64852978126228030000,-3.6660455358600394e+34,1.8331518525371848e-9,119165001728,
23.168,-37462014823816495000,-0.058685485273599625,64852978126228030000,-3.6660455358600394e+34,1.8331518525371848e-9,119165001728,
23.178,-37462014823816495000,-0.058685485273599625,64852978126228030000,-3.6660455358600394e+34,1.8331518525371848e-9,119165001728,
23.188,-37462014823816495000,-0.058685485273599625,64852978126228030000,-3.6660455358600394e+34,1.8331518525371848e-9,119165001728,
23.198,-37462014823816495000,-0.058685485273599625,64852978126228030000,-3.6660455358600394e+34,1.8331518525371848e-9,119165001728,
23.208,-37462014823816495000,-0.058685485273599625,64852978126228030000,-3.6660455358600394e+34,1.8331518525371848e-9,119165001728,
23.218,-37462014823816495000,-0.058685485273599625,64852978126228030000,-3.6660455358600394e+34,1.8331518525371848e-9,119165001728,
23.228,-37462014823816495000,-0.058685485273599625,64852978126228030000,-3.6660455358600394e+34,1.8331518525371848e-9,119165001728,
23.238,-37462014823816495000,-0.058685485273599625,64852978126228030000,-3.6660455358600394e+34,1.8331518525371848e-9,119165001728,
23.248,-37462014823816495000,-0.058685485273599625,64852978126228030000,-3.6660455358600394e+34,1.8331518525371848e-9,119165001728,
23.258,-37462014823816495000,-0.058685485273599625,64852978126228030000,-3.6660455358600394e+34,1.8331518525371848e-9,119165001728,
23.268,-37462014823816495000,-0.058685485273599625,64852978126228030000,-3.6660455358600394e+34,1.8331518525371848e-9,119165001728,
23.278,-37462014823816495000,-0.058685485273599625,64852978126228030000,-3.6660455358600394e+34,1.8331518525371848e-9,119165001728,
23.288,-37462014823816495000,-0.058685485273599625,64852978126228030000,-3.6660455358600394e+34,1.8331518525371848e-9,119165001728,
23.298,-37462014823816495000,-0.058685485273599625,64852978126228030000,-3.6660455358600394e+34,1.8331518525371848e-9,119165001728,
23.308,-37462014823816495000,-0.058685485273599625,64852978126228030000,-3.6660455358600394e+34,1.8331518525371848e-9,119165001728,
23.318,-37462014823816495000,-0.058685485273599625,64852978126228030000,-3.6660455358600394e+34,1.8331518525371848e-9,119165001728,
23.328,-37462014823816495000,-0.058685485273599625,64852978126228030000,-3.6660455358600394e+34,1.8331518525371848e-9,119165001728,
23.338,-37462014823816495000,-0.058685485273599625,64852978126228030000,-3.6660455358600394e+34,1.8331518525371848e-9,119165001728,
23.348,-37462014823816495000,-0.058685485273599625,64852978126228030000,-3.6660455358600394e+34,1.8331518525371848e-9,119165001728,
23.358,-37462014823816495000,-0.058685485273599625,64852978126228030000,-3.6660455358600394e+34,1.8331518525371848e-9,119165001728,
23.368,-37462014823816495000,-0.058685485273599625,64852978126228030000,-3.6660455358600394e+34,1.8331518525371848e-9,119165001728,
23.378,-37462014823816495000,-0.058685485273599625,64852978126228030000,-3.6660455358600394e+34,1.8331518525371848e-9,119165001728,
23.388,-37462014823816495000,-0.058685485273599625,64852978126228030000,-3.6660455358600394e+34,1.8331518525371848e-9,119165001728,
23.398,-37462014823816495000,-0.058685485273599625,64852978126228030000,-3.6660455358600394e+34,1.8331518525371848e-9,119165001728,
23.408,-37462014823816495000,-0.058685485273599625,64852978126228030000,-3.6660455358600394e+34,1.8331518525371848e-9,119165001728,
23.418,-37462014823816495000,-0.058685485273599625,64852978126228030000,-3.6660455358600394e+34,1.8331518525371848e-9,119165001728,
23.428,-37462014823816495000,-0.058685485273599625,64852978126228030000,-3.6660455358600394e+34,1.8331518525371848e-9,119165001728,
23.438,-37462014823816495000,-0.058685485273599625,64852978126228030000,-3.6660455358600394e+34,1.8331518525371848e-9,119165001728,
23.448,-37462014823816495000,-0.058685485273599625,64852978126228030000,-3.6660455358600394e+34,1.8331518525371848e-9,119165001728,
23.458,-37462014823816495000,-0.058685485273599625,64852978126228030000,-3.6660455358600394e+34,1.8331518525371848e-9,119165001728,
23.468,-37462014823816495000,-0.058685485273599625,64852978126228030000,-3.6660455358600394e+34,1.8331518525371848e-9,119165001728,
23.478,-37462014823816495000,-0.058685485273599625,64852978126228030000,-3.6660455358600394e+34,1.8331518525371848e-9,119165001728,
23.488,-37462014823816495000,-0.058685485273599625,64852978126228030000,-3.6660455358600394e+34,1.8331518525371848e-9,119165001728,
23.498,-37462014823816495000,-0.058685485273599625,64852978126228030000,-3.6660455358600394e+34,1.8331518525371848e-9,119165001728,
23.508,-37462014823816495000,-0.058685485273599625,64852978126228030000,-3.6660455358600394e+34,1.8331518525371848e-9,119165001728,
23.518,-37462014823816495000,-0.058685485273599625,64852978126228030000,-3.6660455358600394e+34,1.8331518525371848e-9,119165001728,
23.528,-37462014823816495000,-0.058685485273599625,64852978126228030000,-3.6660455358600394e+34,1.8331518525371848e-9,119165001728,
23.538,-37462014823816495000,-0.058685485273599625,64852978126228030000,-3.6660455358600394e+34,1.8331518525371848e-9,119165001728,
23.548,-37462014823816495000,-0.058685485273599625,64852978126228030000,-3.6660455358600394e+34,1.8331518525371848e-9,119165001728,
23.558,-37462014823816495000,-0.058685485273599625,64852978126228030000,-3.6660455358600394e+34,1.8331518525371848e-9,119165001728,
23.568,-37462014823816495000,-0.058685485273599625,64852978126228030000,-3.6660455358600394e+34,1.8331518525371848e-9,119165001728,
23.578,-37462014823816495000,-0.058685485273599625,64852978126228030000,-3.6660455358600394e+34,1.8331518525371848e-9,119165001728,
23.588,-37462014823816495000,-0.058685485273599625,64852978126228030000,-3.6660455358600394e+34,1.8331518525371848e-9,119165001728,
23.598,-37462014823816495000,-0.058685485273599625,64852978126228030000,-3.6660455358600394e+34,1.8331518525371848e-9,119165001728,
23.608,-37462014823816495000,-0.058685485273599625,64852978126228030000,-3.6660455358600394e+34,1.8331518525371848e-9,119165001728,
23.618,-37462014823816495000,-0.058685485273599625,64852978126228030000,-3.6660455358600394e+34,1.8331518525371848e-9,119165001728,
23.628,-37462014823816495000,-0.058685485273599625,64852978126228030000,-3.6660455358600394e+34,1.8331518525371848e-9,119165001728,
23.638,-37462014823816495000,-0.058685485273599625,64852978126228030000,-3.6660455358600394e+34,1.8331518525371848e-9,119165001728,
23.648,-37462014823816495000,-0.058685485273599625,64852978126228030000,-3.6660455358600394e+34,1.8331518525371848e-9,119165001728,
23.658,-37462014823816495000,-0.058685485273599625,64852978126228030000,-3.6660455358600394e+34,1.8331518525371848e-9,119165001728,
23.668,-37462014823816495000,-0.058685485273599625,64852978126228030000,-3.6660455358600394e+34,1.8331518525371848e-9,119165001728,
23.678,-37462014823816495000,-0.058685485273599625,64852978126228030000,-3.6660455358600394e+34,1.8331518525371848e-9,119165001728,
23.688,-37462014823816495000,-0.058685485273599625,64852978126228030000,-3.6660455358600394e+34,1.8331518525371848e-9,119165001728,
23.698,-37462014823816495000,-0.058685485273599625,64852978126228030000,-3.6660455358600394e+34,1.8331518525371848e-9,119165001728,
23.708,-37462014823816495000,-0.058685485273599625,64852978126228030000,-3.6660455358600394e+34,1.8331518525371848e-9,119165001728,
23.718,-37462014823816495000,-0.058685485273599625,64852978126228030000,-3.6660455358600394e+34,1.8331518525371848e-9,119165001728,
23.728,-37462014823816495000,-0.058685485273599625,64852978126228030000,-3.6660455358600394e+34,1.8331518525371848e-9,119165001728,
23.738,-37462014823816495000,-0.058685485273599625,64852978126228030000,-3.6660455358600394e+34,1.8331518525371848e-9,119165001728,
23.748,-37462014823816495000,-0.058685485273599625,64852978126228030000,-3.6660455358600394e+34,1.8331518525371848e-9,119165001728,
23.758,-37462014823816495000,-0.058685485273599625,64852978126228030000,-3.6660455358600394e+34,1.8331518525371848e-9,119165001728,
23.768,-37462014823816495000,-0.058685485273599625,64852978126228030000,-3.6660455358600394e+34,1.8331518525371848e-9,119165001728,
23.778,-37462014823816495000,-0.058685485273599625,64852978126228030000,-3.6660455358600394e+34,1.8331518525371848e-9,119165001728,
23.788,-37462014823816495000,-0.058685485273599625,64852978126228030000,-3.6660455358600394e+34,1.8331518525371848e-9,119165001728,
23.798,-37462014823816495000,-0.058685485273599625,64852978126228030000,-3.6660455358600394e+34,1.8331518525371848e-9,119165001728,
23.808,-37462014823816495000,-0.058685485273599625,64852978126228030000,-3.6660455358600394e+34,1.8331518525371848e-9,119165001728,
23.818,-37462014823816495000,-0.058685485273599625,64852978126228030000,-3.6660455358600394e+34,1.8331518525371848e-9,119165001728,
23.828,-37462014823816495000,-0.058685485273599625,64852978126228030000,-3.6660455358600394e+34,1.8331518525371848e-9,119165001728,
23.838,-37462014823816495000,-0.058685485273599625,64852978126228030000,-3.6660455358600394e+34,1.8331518525371848e-9,119165001728,
23.848,-37462014823816495000,-0.058685485273599625,64852978126228030000,-3.6660455358600394e+34,1.8331518525371848e-9,119165001728,
23.858,-37462014823816495000,-0.058685485273599625,64852978126228030000,-3.6660455358600394e+34,1.8331518525371848e-9,119165001728,
23.868,-37462014823816495000,-0.058685485273599625,64852978126228030000,-3.6660455358600394e+34,1.8331518525371848e-9,119165001728,
23.878,-37462014823816495000,-0.058685485273599625,64852978126228030000,-3.6660455358600394e+34,1.8331518525371848e-9,119165001728,
23.888,-37462014823816495000,-0.058685485273599625,64852978126228030000,-3.6660455358600394e+34,1.8331518525371848e-9,119165001728,
23.898,-37462014823816495000,-0.058685485273599625,64852978126228030000,-3.6660455358600394e+34,1.8331518525371848e-9,119165001728,
23.908,-37462014823816495000,-0.058685485273599625,64852978126228030000,-3.6660455358600394e+34,1.8331518525371848e-9,119165001728,
23.918,-37462014823816495000,-0.058685485273599625,64852978126228030000,-3.6660455358600394e+34,1.8331518525371848e-9,119165001728,
23.928,-37462014823816495000,-0.058685485273599625,64852978126228030000,-3.6660455358600394e+34,1.8331518525371848e-9,119165001728,
23.938,-37462014823816495000,-0.058685485273599625,64852978126228030000,-3.6660455358600394e+34,1.8331518525371848e-9,119165001728,
23.948,-37462014823816495000,-0.058685485273599625,64852978126228030000,-3.6660455358600394e+34,1.8331518525371848e-9,119165001728,
23.958,-37462014823816495000,-0.058685485273599625,64852978126228030000,-3.6660455358600394e+34,1.8331518525371848e-9,119165001728,
23.968,-37462014823816495000,-0.058685485273599625,64852978126228030000,-3.6660455358600394e+34,1.8331518525371848e-9,119165001728,
23.978,-37462014823816495000,-0.058685485273599625,64852978126228030000,-3.6660455358600394e+34,1.8331518525371848e-9,119165001728,
23.988,-37462014823816495000,-0.058685485273599625,64852978126228030000,-3.6660455358600394e+34,1.8331518525371848e-9,119165001728,
23.998,-37462014823816495000,-0.058685485273599625,64852978126228030000,-3.6660455358600394e+34,1.8331518525371848e-9,119165001728,
24.008,-37462014823816495000,-0.058685485273599625,64852978126228030000,-3.6660455358600394e+34,1.8331518525371848e-9,119165001728,
24.018,-37462014823816495000,-0.058685485273599625,64852978126228030000,-3.6660455358600394e+34,1.8331518525371848e-9,119165001728,
24.028,-37462014823816495000,-0.058685485273599625,64852978126228030000,-3.6660455358600394e+34,1.8331518525371848e-9,119165001728,
24.038,-37462014823816495000,-0.058685485273599625,64852978126228030000,-3.6660455358600394e+34,1.8331518525371848e-9,119165001728,
24.048,-37462014823816495000,-0.058685485273599625,64852978126228030000,-3.6660455358600394e+34,1.8331518525371848e-9,119165001728,
24.058,-37462014823816495000,-0.058685485273599625,64852978126228030000,-3.6660455358600394e+34,1.8331518525371848e-9,119165001728,
24.068,-37462014823816495000,-0.058685485273599625,64852978126228030000,-3.6660455358600394e+34,1.8331518525371848e-9,119165001728,
24.078,-37462014823816495000,-0.058685485273599625,64852978126228030000,-3.6660455358600394e+34,1.8331518525371848e-9,119165001728,
24.088,-37462014823816495000,-0.058685485273599625,64852978126228030000,-3.6660455358600394e+34,1.8331518525371848e-9,119165001728,
24.098,-37462014823816495000,-0.058685485273599625,64852978126228030000,-3.6660455358600394e+34,1.8331518525371848e-9,119165001728,
24.108,-37462014823816495000,-0.058685485273599625,64852978126228030000,-3.6660455358600394e+34,1.8331518525371848e-9,119165001728,
24.118,-37462014823816495000,-0.058685485273599625,64852978126228030000,-3.6660455358600394e+34,1.8331518525371848e-9,119165001728,
24.128,-37462014823816495000,-0.058685485273599625,64852978126228030000,-3.6660455358600394e+34,1.8331518525371848e-9,119165001728,
24.138,-37462014823816495000,-0.058685485273599625,64852978126228030000,-3.6660455358600394e+34,1.8331518525371848e-9,119165001728,
24.148,-37462014823816495000,-0.058685485273599625,64852978126228030000,-3.6660455358600394e+34,1.8331518525371848e-9,119165001728,
24.158,-37462014823816495000,-0.058685485273599625,64852978126228030000,-3.6660455358600394e+34,1.8331518525371848e-9,119165001728,
24.168,-37462014823816495000,-0.058685485273599625,64852978126228030000,-3.6660455358600394e+34,1.8331518525371848e-9,119165001728,
24.178,-37462014823816495000,-0.058685485273599625,64852978126228030000,-3.6660455358600394e+34,1.8331518525371848e-9,119165001728,
24.188,-37462014823816495000,-0.058685485273599625,64852978126228030000,-3.6660455358600394e+34,1.8331518525371848e-9,119165001728,
24.198,-37462014823816495000,-0.058685485273599625,64852978126228030000,-3.6660455358600394e+34,1.8331518525371848e-9,119165001728,
24.208,-37462014823816495000,-0.058685485273599625,64852978126228030000,-3.6660455358600394e+34,1.8331518525371848e-9,119165001728,
24.218,-37462014823816495000,-0.058685485273599625,64852978126228030000,-3.6660455358600394e+34,1.8331518525371848e-9,119165001728,
24.228,-37462014823816495000,-0.058685485273599625,64852978126228030000,-3.6660455358600394e+34,1.8331518525371848e-9,119165001728,
24.238,-37462014823816495000,-0.058685485273599625,64852978126228030000,-3.6660455358600394e+34,1.8331518525371848e-9,119165001728,
24.248,-37462014823816495000,-0.058685485273599625,64852978126228030000,-3.6660455358600394e+34,1.8331518525371848e-9,119165001728,
24.258,-37462014823816495000,-0.058685485273599625,64852978126228030000,-3.6660455358600394e+34,1.8331518525371848e-9,119165001728,
24.268,-37462014823816495000,-0.058685485273599625,64852978126228030000,-3.6660455358600394e+34,1.8331518525371848e-9,119165001728,
24.278,-37462014823816495000,-0.058685485273599625,64852978126228030000,-3.6660455358600394e+34,1.8331518525371848e-9,119165001728,
24.288,-37462014823816495000,-0.058685485273599625,64852978126228030000,-3.6660455358600394e+34,1.8331518525371848e-9,119165001728,
24.298,-37462014823816495000,-0.058685485273599625,64852978126228030000,-3.6660455358600394e+34,1.8331518525371848e-9,119165001728,
24.308,-37462014823816495000,-0.058685485273599625,64852978126228030000,-3.6660455358600394e+34,1.8331518525371848e-9,119165001728,
24.318,-37462014823816495000,-0.058685485273599625,64852978126228030000,-3.6660455358600394e+34,1.8331518525371848e-9,119165001728,
24.328,-37462014823816495000,-0.058685485273599625,64852978126228030000,-3.6660455358600394e+34,1.8331518525371848e-9,119165001728,
24.338,-37462014823816495000,-0.058685485273599625,64852978126228030000,-3.6660455358600394e+34,1.8331518525371848e-9,119165001728,
24.348,-37462014823816495000,-0.058685485273599625,64852978126228030000,-3.6660455358600394e+34,1.8331518525371848e-9,119165001728,
24.358,-37462014823816495000,-0.058685485273599625,64852978126228030000,-3.6660455358600394e+34,1.8331518525371848e-9,119165001728,
24.368,-37462014823816495000,-0.058685485273599625,64852978126228030000,-3.6660455358600394e+34,1.8331518525371848e-9,119165001728,
24.378,-37462014823816495000,-0.058685485273599625,64852978126228030000,-3.6660455358600394e+34,1.8331518525371848e-9,119165001728,
24.388,-37462014823816495000,-0.058685485273599625,64852978126228030000,-3.6660455358600394e+34,1.8331518525371848e-9,119165001728,
24.398,-37462014823816495000,-0.058685485273599625,64852978126228030000,-3.6660455358600394e+34,1.8331518525371848e-9,119165001728,
24.408,-37462014823816495000,-0.058685485273599625,64852978126228030000,-3.6660455358600394e+34,1.8331518525371848e-9,119165001728,
24.418,-37462014823816495000,-0.058685485273599625,64852978126228030000,-3.6660455358600394e+34,1.8331518525371848e-9,119165001728,
24.428,-37462014823816495000,-0.058685485273599625,64852978126228030000,-3.6660455358600394e+34,1.8331518525371848e-9,119165001728,
24.438,-37462014823816495000,-0.058685485273599625,64852978126228030000,-3.6660455358600394e+34,1.8331518525371848e-9,119165001728,
24.448,-37462014823816495000,-0.058685485273599625,64852978126228030000,-3.6660455358600394e+34,1.8331518525371848e-9,119165001728,
24.458,-37462014823816495000,-0.058685485273599625,64852978126228030000,-3.6660455358600394e+34,1.8331518525371848e-9,119165001728,
24.468,-37462014823816495000,-0.058685485273599625,64852978126228030000,-3.6660455358600394e+34,1.8331518525371848e-9,119165001728,
24.478,-37462014823816495000,-0.058685485273599625,64852978126228030000,-3.6660455358600394e+34,1.8331518525371848e-9,119165001728,
24.488,-37462014823816495000,-0.058685485273599625,64852978126228030000,-3.6660455358600394e+34,1.8331518525371848e-9,119165001728,
24.498,-37462014823816495000,-0.058685485273599625,64852978126228030000,-3.6660455358600394e+34,1.8331518525371848e-9,119165001728,
24.508,-37462014823816495000,-0.058685485273599625,64852978126228030000,-3.6660455358600394e+34,1.8331518525371848e-9,119165001728,
24.518,-37462014823816495000,-0.058685485273599625,64852978126228030000,-3.6660455358600394e+34,1.8331518525371848e-9,119165001728,
24.528,-37462014823816495000,-0.058685485273599625,64852978126228030000,-3.6660455358600394e+34,1.8331518525371848e-9,119165001728,
24.538,-37462014823816495000,-0.058685485273599625,64852978126228030000,-3.6660455358600394e+34,1.8331518525371848e-9,119165001728,
24.548,-37462014823816495000,-0.058685485273599625,64852978126228030000,-3.6660455358600394e+34,1.8331518525371848e-9,119165001728,
24.558,-37462014823816495000,-0.058685485273599625,64852978126228030000,-3.6660455358600394e+34,1.8331518525371848e-9,119165001728,
24.568,-37462014823816495000,-0.058685485273599625,64852978126228030000,-3.6660455358600394e+34,1.8331518525371848e-9,119165001728,
24.578,-37462014823816495000,-0.058685485273599625,64852978126228030000,-3.6660455358600394e+34,1.8331518525371848e-9,119165001728,
24.588,-37462014823816495000,-0.058685485273599625,64852978126228030000,-3.6660455358600394e+34,1.8331518525371848e-9,119165001728,
24.598,-37462014823816495000,-0.058685485273599625,64852978126228030000,-3.6660455358600394e+34,1.8331518525371848e-9,119165001728,
24.608,-37462014823816495000,-0.058685485273599625,64852978126228030000,-3.6660455358600394e+34,1.8331518525371848e-9,119165001728,
24.618,-37462014823816495000,-0.058685485273599625,64852978126228030000,-3.6660455358600394e+34,1.8331518525371848e-9,119165001728,
24.628,-37462014823816495000,-0.058685485273599625,64852978126228030000,-3.6660455358600394e+34,1.8331518525371848e-9,119165001728,
24.638,-37462014823816495000,-0.058685485273599625,64852978126228030000,-3.6660455358600394e+34,1.8331518525371848e-9,119165001728,
24.648,-37462014823816495000,-0.058685485273599625,64852978126228030000,-3.6660455358600394e+34,1.8331518525371848e-9,119165001728,
24.658,-37462014823816495000,-0.058685485273599625,64852978126228030000,-3.6660455358600394e+34,1.8331518525371848e-9,119165001728,
24.668,-37462014823816495000,-0.058685485273599625,64852978126228030000,-3.6660455358600394e+34,1.8331518525371848e-9,119165001728,
24.678,-37462014823816495000,-0.058685485273599625,64852978126228030000,-3.6660455358600394e+34,1.8331518525371848e-9,119165001728,
24.688,-37462014823816495000,-0.058685485273599625,64852978126228030000,-3.6660455358600394e+34,1.8331518525371848e-9,119165001728,
24.698,-37462014823816495000,-0.058685485273599625,64852978126228030000,-3.6660455358600394e+34,1.8331518525371848e-9,119165001728,
24.708,-37462014823816495000,-0.058685485273599625,64852978126228030000,-3.6660455358600394e+34,1.8331518525371848e-9,119165001728,
24.718,-37462014823816495000,-0.058685485273599625,64852978126228030000,-3.6660455358600394e+34,1.8331518525371848e-9,119165001728,
24.728,-37462014823816495000,-0.058685485273599625,64852978126228030000,-3.6660455358600394e+34,1.8331518525371848e-9,119165001728,
24.738,-37462014823816495000,-0.058685485273599625,64852978126228030000,-3.6660455358600394e+34,1.8331518525371848e-9,119165001728,
24.748,-37462014823816495000,-0.058685485273599625,64852978126228030000,-3.6660455358600394e+34,1.8331518525371848e-9,119165001728,
24.758,-37462014823816495000,-0.058685485273599625,64852978126228030000,-3.6660455358600394e+34,1.8331518525371848e-9,119165001728,
24.768,-37462014823816495000,-0.058685485273599625,64852978126228030000,-3.6660455358600394e+34,1.8331518525371848e-9,119165001728,
24.778,-37462014823816495000,-0.058685485273599625,64852978126228030000,-3.6660455358600394e+34,1.8331518525371848e-9,119165001728,
24.788,-37462014823816495000,-0.058685485273599625,64852978126228030000,-3.6660455358600394e+34,1.8331518525371848e-9,119165001728,
24.798,-37462014823816495000,-0.058685485273599625,64852978126228030000,-3.6660455358600394e+34,1.8331518525371848e-9,119165001728,
24.808,-37462014823816495000,-0.058685485273599625,64852978126228030000,-3.6660455358600394e+34,1.8331518525371848e-9,119165001728,
24.818,-37462014823816495000,-0.058685485273599625,64852978126228030000,-3.6660455358600394e+34,1.8331518525371848e-9,119165001728,
24.828,-37462014823816495000,-0.058685485273599625,64852978126228030000,-3.6660455358600394e+34,1.8331518525371848e-9,119165001728,
24.838,-37462014823816495000,-0.058685485273599625,64852978126228030000,-3.6660455358600394e+34,1.8331518525371848e-9,119165001728,
24.848,-37462014823816495000,-0.058685485273599625,64852978126228030000,-3.6660455358600394e+34,1.8331518525371848e-9,119165001728,
24.858,-37462014823816495000,-0.058685485273599625,64852978126228030000,-3.6660455358600394e+34,1.8331518525371848e-9,119165001728,
24.868,-37462014823816495000,-0.058685485273599625,64852978126228030000,-3.6660455358600394e+34,1.8331518525371848e-9,119165001728,
24.878,-37462014823816495000,-0.058685485273599625,64852978126228030000,-3.6660455358600394e+34,1.8331518525371848e-9,119165001728,
24.888,-37462014823816495000,-0.058685485273599625,64852978126228030000,-3.6660455358600394e+34,1.8331518525371848e-9,119165001728,
24.898,-37462014823816495000,-0.058685485273599625,64852978126228030000,-3.6660455358600394e+34,1.8331518525371848e-9,119165001728,
24.908,-37462014823816495000,-0.058685485273599625,64852978126228030000,-3.6660455358600394e+34,1.8331518525371848e-9,119165001728,
24.918,-37462014823816495000,-0.058685485273599625,64852978126228030000,-3.6660455358600394e+34,1.8331518525371848e-9,119165001728,
24.928,-37462014823816495000,-0.058685485273599625,64852978126228030000,-3.6660455358600394e+34,1.8331518525371848e-9,119165001728,
24.938,-37462014823816495000,-0.058685485273599625,64852978126228030000,-3.6660455358600394e+34,1.8331518525371848e-9,119165001728,
24.948,-37462014823816495000,-0.058685485273599625,64852978126228030000,-3.6660455358600394e+34,1.8331518525371848e-9,119165001728,
24.958,-37462014823816495000,-0.058685485273599625,64852978126228030000,-3.6660455358600394e+34,1.8331518525371848e-9,119165001728,
24.968,-37462014823816495000,-0.058685485273599625,64852978126228030000,-3.6660455358600394e+34,1.8331518525371848e-9,119165001728,
24.978,-37462014823816495000,-0.058685485273599625,64852978126228030000,-3.6660455358600394e+34,1.8331518525371848e-9,119165001728,
24.988,-37462014823816495000,-0.058685485273599625,64852978126228030000,-3.6660455358600394e+34,1.8331518525371848e-9,119165001728,
24.998,-37462014823816495000,-0.058685485273599625,64852978126228030000,-3.6660455358600394e+34,1.8331518525371848e-9,119165001728,
25.008,-37462014823816495000,-0.058685485273599625,64852978126228030000,-3.6660455358600394e+34,1.8331518525371848e-9,119165001728,
25.018,-37462014823816495000,-0.058685485273599625,64852978126228030000,-3.6660455358600394e+34,1.8331518525371848e-9,119165001728,
25.028,-37462014823816495000,-0.058685485273599625,64852978126228030000,-3.6660455358600394e+34,1.8331518525371848e-9,119165001728,
25.038,-37462014823816495000,-0.058685485273599625,64852978126228030000,-3.6660455358600394e+34,1.8331518525371848e-9,119165001728,
25.048,-37462014823816495000,-0.058685485273599625,64852978126228030000,-3.6660455358600394e+34,1.8331518525371848e-9,119165001728,
25.058,-37462014823816495000,-0.058685485273599625,64852978126228030000,-3.6660455358600394e+34,1.8331518525371848e-9,119165001728,
25.068,-37462014823816495000,-0.058685485273599625,64852978126228030000,-3.6660455358600394e+34,1.8331518525371848e-9,119165001728,
25.078,-37462014823816495000,-0.058685485273599625,64852978126228030000,-3.6660455358600394e+34,1.8331518525371848e-9,119165001728,
25.088,-37462014823816495000,-0.058685485273599625,64852978126228030000,-3.6660455358600394e+34,1.8331518525371848e-9,119165001728,
25.098,-37462014823816495000,-0.058685485273599625,64852978126228030000,-3.6660455358600394e+34,1.8331518525371848e-9,119165001728,
25.108,-37462014823816495000,-0.058685485273599625,64852978126228030000,-3.6660455358600394e+34,1.8331518525371848e-9,119165001728,
25.118,-37462014823816495000,-0.058685485273599625,64852978126228030000,-3.6660455358600394e+34,1.8331518525371848e-9,119165001728,
25.128,-37462014823816495000,-0.058685485273599625,64852978126228030000,-3.6660455358600394e+34,1.8331518525371848e-9,119165001728,
25.138,-37462014823816495000,-0.058685485273599625,64852978126228030000,-3.6660455358600394e+34,1.8331518525371848e-9,119165001728,
25.148,-37462014823816495000,-0.058685485273599625,64852978126228030000,-3.6660455358600394e+34,1.8331518525371848e-9,119165001728,
25.158,-37462014823816495000,-0.058685485273599625,64852978126228030000,-3.6660455358600394e+34,1.8331518525371848e-9,119165001728,
25.168,-37462014823816495000,-0.058685485273599625,64852978126228030000,-3.6660455358600394e+34,1.8331518525371848e-9,119165001728,
25.178,-37462014823816495000,-0.058685485273599625,64852978126228030000,-3.6660455358600394e+34,1.8331518525371848e-9,119165001728,
25.188,-37462014823816495000,-0.058685485273599625,64852978126228030000,-3.6660455358600394e+34,1.8331518525371848e-9,119165001728,
25.198,-37462014823816495000,-0.058685485273599625,64852978126228030000,-3.6660455358600394e+34,1.8331518525371848e-9,119165001728,
25.208,-37462014823816495000,-0.058685485273599625,64852978126228030000,-3.6660455358600394e+34,1.8331518525371848e-9,119165001728,
25.218,-37462014823816495000,-0.058685485273599625,64852978126228030000,-3.6660455358600394e+34,1.8331518525371848e-9,119165001728,
25.228,-37462014823816495000,-0.058685485273599625,64852978126228030000,-3.6660455358600394e+34,1.8331518525371848e-9,119165001728,
25.238,-37462014823816495000,-0.058685485273599625,64852978126228030000,-3.6660455358600394e+34,1.8331518525371848e-9,119165001728,
25.248,-37462014823816495000,-0.058685485273599625,64852978126228030000,-3.6660455358600394e+34,1.8331518525371848e-9,119165001728,
25.258,-37462014823816495000,-0.058685485273599625,64852978126228030000,-3.6660455358600394e+34,1.8331518525371848e-9,119165001728,
25.268,-37462014823816495000,-0.058685485273599625,64852978126228030000,-3.6660455358600394e+34,1.8331518525371848e-9,119165001728,
25.278,-37462014823816495000,-0.058685485273599625,64852978126228030000,-3.6660455358600394e+34,1.8331518525371848e-9,119165001728,
25.288,-37462014823816495000,-0.058685485273599625,64852978126228030000,-3.6660455358600394e+34,1.8331518525371848e-9,119165001728,
25.298,-37462014823816495000,-0.058685485273599625,64852978126228030000,-3.6660455358600394e+34,1.8331518525371848e-9,119165001728,
25.308,-37462014823816495000,-0.058685485273599625,64852978126228030000,-3.6660455358600394e+34,1.8331518525371848e-9,119165001728,
25.318,-37462014823816495000,-0.058685485273599625,64852978126228030000,-3.6660455358600394e+34,1.8331518525371848e-9,119165001728,
25.328,-37462014823816495000,-0.058685485273599625,64852978126228030000,-3.6660455358600394e+34,1.8331518525371848e-9,119165001728,
25.338,-37462014823816495000,-0.058685485273599625,64852978126228030000,-3.6660455358600394e+34,1.8331518525371848e-9,119165001728,
25.348,-37462014823816495000,-0.058685485273599625,64852978126228030000,-3.6660455358600394e+34,1.8331518525371848e-9,119165001728,
25.358,-37462014823816495000,-0.058685485273599625,64852978126228030000,-3.6660455358600394e+34,1.8331518525371848e-9,119165001728,
25.368,-37462014823816495000,-0.058685485273599625,64852978126228030000,-3.6660455358600394e+34,1.8331518525371848e-9,119165001728,
25.378,-37462014823816495000,-0.058685485273599625,64852978126228030000,-3.6660455358600394e+34,1.8331518525371848e-9,119165001728,
25.388,-37462014823816495000,-0.058685485273599625,64852978126228030000,-3.6660455358600394e+34,1.8331518525371848e-9,119165001728,
25.398,-37462014823816495000,-0.058685485273599625,64852978126228030000,-3.6660455358600394e+34,1.8331518525371848e-9,119165001728,
25.408,-37462014823816495000,-0.058685485273599625,64852978126228030000,-3.6660455358600394e+34,1.8331518525371848e-9,119165001728,
25.418,-37462014823816495000,-0.058685485273599625,64852978126228030000,-3.6660455358600394e+34,1.8331518525371848e-9,119165001728,
25.428,-37462014823816495000,-0.058685485273599625,64852978126228030000,-3.6660455358600394e+34,1.8331518525371848e-9,119165001728,
25.438,-37462014823816495000,-0.058685485273599625,64852978126228030000,-3.6660455358600394e+34,1.8331518525371848e-9,119165001728,
25.448,-37462014823816495000,-0.058685485273599625,64852978126228030000,-3.6660455358600394e+34,1.8331518525371848e-9,119165001728,
25.458,-37462014823816495000,-0.058685485273599625,64852978126228030000,-3.6660455358600394e+34,1.8331518525371848e-9,119165001728,
25.468,-37462014823816495000,-0.058685485273599625,64852978126228030000,-3.6660455358600394e+34,1.8331518525371848e-9,119165001728,
25.478,-37462014823816495000,-0.058685485273599625,64852978126228030000,-3.6660455358600394e+34,1.8331518525371848e-9,119165001728,
25.488,-37462014823816495000,-0.058685485273599625,64852978126228030000,-3.6660455358600394e+34,1.8331518525371848e-9,119165001728,
25.498,-37462014823816495000,-0.058685485273599625,64852978126228030000,-3.6660455358600394e+34,1.8331518525371848e-9,119165001728,
25.508,-37462014823816495000,-0.058685485273599625,64852978126228030000,-3.6660455358600394e+34,1.8331518525371848e-9,119165001728,
25.518,-37462014823816495000,-0.058685485273599625,64852978126228030000,-3.6660455358600394e+34,1.8331518525371848e-9,119165001728,
25.528,-37462014823816495000,-0.058685485273599625,64852978126228030000,-3.6660455358600394e+34,1.8331518525371848e-9,119165001728,
25.538,-37462014823816495000,-0.058685485273599625,64852978126228030000,-3.6660455358600394e+34,1.8331518525371848e-9,119165001728,
25.548,-37462014823816495000,-0.058685485273599625,64852978126228030000,-3.6660455358600394e+34,1.8331518525371848e-9,119165001728,
25.558,-37462014823816495000,-0.058685485273599625,64852978126228030000,-3.6660455358600394e+34,1.8331518525371848e-9,119165001728,
25.568,-37462014823816495000,-0.058685485273599625,64852978126228030000,-3.6660455358600394e+34,1.8331518525371848e-9,119165001728,
25.578,-37462014823816495000,-0.058685485273599625,64852978126228030000,-3.6660455358600394e+34,1.8331518525371848e-9,119165001728,
25.588,-37462014823816495000,-0.058685485273599625,64852978126228030000,-3.6660455358600394e+34,1.8331518525371848e-9,119165001728,
25.598,-37462014823816495000,-0.058685485273599625,64852978126228030000,-3.6660455358600394e+34,1.8331518525371848e-9,119165001728,
25.608,-37462014823816495000,-0.058685485273599625,64852978126228030000,-3.6660455358600394e+34,1.8331518525371848e-9,119165001728,
25.618,-37462014823816495000,-0.058685485273599625,64852978126228030000,-3.6660455358600394e+34,1.8331518525371848e-9,119165001728,
25.628,-37462014823816495000,-0.058685485273599625,64852978126228030000,-3.6660455358600394e+34,1.8331518525371848e-9,119165001728,
25.638,-37462014823816495000,-0.058685485273599625,64852978126228030000,-3.6660455358600394e+34,1.8331518525371848e-9,119165001728,
25.648,-37462014823816495000,-0.058685485273599625,64852978126228030000,-3.6660455358600394e+34,1.8331518525371848e-9,119165001728,
25.658,-37462014823816495000,-0.058685485273599625,64852978126228030000,-3.6660455358600394e+34,1.8331518525371848e-9,119165001728,
25.668,-37462014823816495000,-0.058685485273599625,64852978126228030000,-3.6660455358600394e+34,1.8331518525371848e-9,119165001728,
25.678,-37462014823816495000,-0.058685485273599625,64852978126228030000,-3.6660455358600394e+34,1.8331518525371848e-9,119165001728,
25.688,-37462014823816495000,-0.058685485273599625,64852978126228030000,-3.6660455358600394e+34,1.8331518525371848e-9,119165001728,
25.698,-37462014823816495000,-0.058685485273599625,64852978126228030000,-3.6660455358600394e+34,1.8331518525371848e-9,119165001728,
25.708,-37462014823816495000,-0.058685485273599625,64852978126228030000,-3.6660455358600394e+34,1.8331518525371848e-9,119165001728,
25.718,-37462014823816495000,-0.058685485273599625,64852978126228030000,-3.6660455358600394e+34,1.8331518525371848e-9,119165001728,
25.728,-37462014823816495000,-0.058685485273599625,64852978126228030000,-3.6660455358600394e+34,1.8331518525371848e-9,119165001728,
25.738,-37462014823816495000,-0.058685485273599625,64852978126228030000,-3.6660455358600394e+34,1.8331518525371848e-9,119165001728,
25.748,-37462014823816495000,-0.058685485273599625,64852978126228030000,-3.6660455358600394e+34,1.8331518525371848e-9,119165001728,
25.758,-37462014823816495000,-0.058685485273599625,64852978126228030000,-3.6660455358600394e+34,1.8331518525371848e-9,119165001728,
25.768,-37462014823816495000,-0.058685485273599625,64852978126228030000,-3.6660455358600394e+34,1.8331518525371848e-9,119165001728,
25.778,-37462014823816495000,-0.058685485273599625,64852978126228030000,-3.6660455358600394e+34,1.8331518525371848e-9,119165001728,
25.788,-37462014823816495000,-0.058685485273599625,64852978126228030000,-3.6660455358600394e+34,1.8331518525371848e-9,119165001728,
25.798,-37462014823816495000,-0.058685485273599625,64852978126228030000,-3.6660455358600394e+34,1.8331518525371848e-9,119165001728,
25.808,-37462014823816495000,-0.058685485273599625,64852978126228030000,-3.6660455358600394e+34,1.8331518525371848e-9,119165001728,
25.818,-37462014823816495000,-0.058685485273599625,64852978126228030000,-3.6660455358600394e+34,1.8331518525371848e-9,119165001728,
25.828,-37462014823816495000,-0.058685485273599625,64852978126228030000,-3.6660455358600394e+34,1.8331518525371848e-9,119165001728,
25.838,-37462014823816495000,-0.058685485273599625,64852978126228030000,-3.6660455358600394e+34,1.8331518525371848e-9,119165001728,
25.848,-37462014823816495000,-0.058685485273599625,64852978126228030000,-3.6660455358600394e+34,1.8331518525371848e-9,119165001728,
25.858,-37462014823816495000,-0.058685485273599625,64852978126228030000,-3.6660455358600394e+34,1.8331518525371848e-9,119165001728,
25.868,-37462014823816495000,-0.058685485273599625,64852978126228030000,-3.6660455358600394e+34,1.8331518525371848e-9,119165001728,
25.878,-37462014823816495000,-0.058685485273599625,64852978126228030000,-3.6660455358600394e+34,1.8331518525371848e-9,119165001728,
25.888,-37462014823816495000,-0.058685485273599625,64852978126228030000,-3.6660455358600394e+34,1.8331518525371848e-9,119165001728,
25.898,-37462014823816495000,-0.058685485273599625,64852978126228030000,-3.6660455358600394e+34,1.8331518525371848e-9,119165001728,
25.908,-37462014823816495000,-0.058685485273599625,64852978126228030000,-3.6660455358600394e+34,1.8331518525371848e-9,119165001728,
25.918,-37462014823816495000,-0.058685485273599625,64852978126228030000,-3.6660455358600394e+34,1.8331518525371848e-9,119165001728,
25.928,-37462014823816495000,-0.058685485273599625,64852978126228030000,-3.6660455358600394e+34,1.8331518525371848e-9,119165001728,
25.938,-37462014823816495000,-0.058685485273599625,64852978126228030000,-3.6660455358600394e+34,1.8331518525371848e-9,119165001728,
25.948,-37462014823816495000,-0.058685485273599625,64852978126228030000,-3.6660455358600394e+34,1.8331518525371848e-9,119165001728,
25.958,-37462014823816495000,-0.058685485273599625,64852978126228030000,-3.6660455358600394e+34,1.8331518525371848e-9,119165001728,
25.968,-37462014823816495000,-0.058685485273599625,64852978126228030000,-3.6660455358600394e+34,1.8331518525371848e-9,119165001728,
25.978,-37462014823816495000,-0.058685485273599625,64852978126228030000,-3.6660455358600394e+34,1.8331518525371848e-9,119165001728,
25.988,-37462014823816495000,-0.058685485273599625,64852978126228030000,-3.6660455358600394e+34,1.8331518525371848e-9,119165001728,
25.998,-37462014823816495000,-0.058685485273599625,64852978126228030000,-3.6660455358600394e+34,1.8331518525371848e-9,119165001728,
26.008,-37462014823816495000,-0.058685485273599625,64852978126228030000,-3.6660455358600394e+34,1.8331518525371848e-9,119165001728,
26.018,-37462014823816495000,-0.058685485273599625,64852978126228030000,-3.6660455358600394e+34,1.8331518525371848e-9,119165001728,
26.028,-37462014823816495000,-0.058685485273599625,64852978126228030000,-3.6660455358600394e+34,1.8331518525371848e-9,119165001728,
26.038,-37462014823816495000,-0.058685485273599625,64852978126228030000,-3.6660455358600394e+34,1.8331518525371848e-9,119165001728,
26.048,-37462014823816495000,-0.058685485273599625,64852978126228030000,-3.6660455358600394e+34,1.8331518525371848e-9,119165001728,
26.058,-37462014823816495000,-0.058685485273599625,64852978126228030000,-3.6660455358600394e+34,1.8331518525371848e-9,119165001728,
26.068,-37462014823816495000,-0.058685485273599625,64852978126228030000,-3.6660455358600394e+34,1.8331518525371848e-9,119165001728,
26.078,-37462014823816495000,-0.058685485273599625,64852978126228030000,-3.6660455358600394e+34,1.8331518525371848e-9,119165001728,
26.088,-37462014823816495000,-0.058685485273599625,64852978126228030000,-3.6660455358600394e+34,1.8331518525371848e-9,119165001728,
26.098,-37462014823816495000,-0.058685485273599625,64852978126228030000,-3.6660455358600394e+34,1.8331518525371848e-9,119165001728,
26.108,-37462014823816495000,-0.058685485273599625,64852978126228030000,-3.6660455358600394e+34,1.8331518525371848e-9,119165001728,
26.118,-37462014823816495000,-0.058685485273599625,64852978126228030000,-3.6660455358600394e+34,1.8331518525371848e-9,119165001728,
26.128,-37462014823816495000,-0.058685485273599625,64852978126228030000,-3.6660455358600394e+34,1.8331518525371848e-9,119165001728,
26.138,-37462014823816495000,-0.058685485273599625,64852978126228030000,-3.6660455358600394e+34,1.8331518525371848e-9,119165001728,
26.148,-37462014823816495000,-0.058685485273599625,64852978126228030000,-3.6660455358600394e+34,1.8331518525371848e-9,119165001728,
26.158,-37462014823816495000,-0.058685485273599625,64852978126228030000,-3.6660455358600394e+34,1.8331518525371848e-9,119165001728,
26.168,-37462014823816495000,-0.058685485273599625,64852978126228030000,-3.6660455358600394e+34,1.8331518525371848e-9,119165001728,
26.178,-37462014823816495000,-0.058685485273599625,64852978126228030000,-3.6660455358600394e+34,1.8331518525371848e-9,119165001728,
26.188,-37462014823816495000,-0.058685485273599625,64852978126228030000,-3.6660455358600394e+34,1.8331518525371848e-9,119165001728,
26.198,-37462014823816495000,-0.058685485273599625,64852978126228030000,-3.6660455358600394e+34,1.8331518525371848e-9,119165001728,
26.208,-37462014823816495000,-0.058685485273599625,64852978126228030000,-3.6660455358600394e+34,1.8331518525371848e-9,119165001728,
26.218,-37462014823816495000,-0.058685485273599625,64852978126228030000,-3.6660455358600394e+34,1.8331518525371848e-9,119165001728,
26.228,-37462014823816495000,-0.058685485273599625,64852978126228030000,-3.6660455358600394e+34,1.8331518525371848e-9,119165001728,
26.238,-37462014823816495000,-0.058685485273599625,64852978126228030000,-3.6660455358600394e+34,1.8331518525371848e-9,119165001728,
26.248,-37462014823816495000,-0.058685485273599625,64852978126228030000,-3.6660455358600394e+34,1.8331518525371848e-9,119165001728,
26.258,-37462014823816495000,-0.058685485273599625,64852978126228030000,-3.6660455358600394e+34,1.8331518525371848e-9,119165001728,
26.268,-37462014823816495000,-0.058685485273599625,64852978126228030000,-3.6660455358600394e+34,1.8331518525371848e-9,119165001728,
26.278,-37462014823816495000,-0.058685485273599625,64852978126228030000,-3.6660455358600394e+34,1.8331518525371848e-9,119165001728,
26.288,-37462014823816495000,-0.058685485273599625,64852978126228030000,-3.6660455358600394e+34,1.8331518525371848e-9,119165001728,
26.298,-37462014823816495000,-0.058685485273599625,64852978126228030000,-3.6660455358600394e+34,1.8331518525371848e-9,119165001728,
26.308,-37462014823816495000,-0.058685485273599625,64852978126228030000,-3.6660455358600394e+34,1.8331518525371848e-9,119165001728,
26.318,-37462014823816495000,-0.058685485273599625,64852978126228030000,-3.6660455358600394e+34,1.8331518525371848e-9,119165001728,
26.328,-37462014823816495000,-0.058685485273599625,64852978126228030000,-3.6660455358600394e+34,1.8331518525371848e-9,119165001728,
26.338,-37462014823816495000,-0.058685485273599625,64852978126228030000,-3.6660455358600394e+34,1.8331518525371848e-9,119165001728,
26.348,-37462014823816495000,-0.058685485273599625,64852978126228030000,-3.6660455358600394e+34,1.8331518525371848e-9,119165001728,
26.358,-37462014823816495000,-0.058685485273599625,64852978126228030000,-3.6660455358600394e+34,1.8331518525371848e-9,119165001728,
26.368,-37462014823816495000,-0.058685485273599625,64852978126228030000,-3.6660455358600394e+34,1.8331518525371848e-9,119165001728,
26.378,-37462014823816495000,-0.058685485273599625,64852978126228030000,-3.6660455358600394e+34,1.8331518525371848e-9,119165001728,
26.388,-37462014823816495000,-0.058685485273599625,64852978126228030000,-3.6660455358600394e+34,1.8331518525371848e-9,119165001728,
26.398,-37462014823816495000,-0.058685485273599625,64852978126228030000,-3.6660455358600394e+34,1.8331518525371848e-9,119165001728,
26.408,-37462014823816495000,-0.058685485273599625,64852978126228030000,-3.6660455358600394e+34,1.8331518525371848e-9,119165001728,
26.418,-37462014823816495000,-0.058685485273599625,64852978126228030000,-3.6660455358600394e+34,1.8331518525371848e-9,119165001728,
26.428,-37462014823816495000,-0.058685485273599625,64852978126228030000,-3.6660455358600394e+34,1.8331518525371848e-9,119165001728,
26.438,-37462014823816495000,-0.058685485273599625,64852978126228030000,-3.6660455358600394e+34,1.8331518525371848e-9,119165001728,
26.448,-37462014823816495000,-0.058685485273599625,64852978126228030000,-3.6660455358600394e+34,1.8331518525371848e-9,119165001728,
26.458,-37462014823816495000,-0.058685485273599625,64852978126228030000,-3.6660455358600394e+34,1.8331518525371848e-9,119165001728,
26.468,-37462014823816495000,-0.058685485273599625,64852978126228030000,-3.6660455358600394e+34,1.8331518525371848e-9,119165001728,
26.478,-37462014823816495000,-0.058685485273599625,64852978126228030000,-3.6660455358600394e+34,1.8331518525371848e-9,119165001728,
26.488,-37462014823816495000,-0.058685485273599625,64852978126228030000,-3.6660455358600394e+34,1.8331518525371848e-9,119165001728,
26.498,-37462014823816495000,-0.058685485273599625,64852978126228030000,-3.6660455358600394e+34,1.8331518525371848e-9,119165001728,
26.508,-37462014823816495000,-0.058685485273599625,64852978126228030000,-3.6660455358600394e+34,1.8331518525371848e-9,119165001728,
26.518,-37462014823816495000,-0.058685485273599625,64852978126228030000,-3.6660455358600394e+34,1.8331518525371848e-9,119165001728,
26.528,-37462014823816495000,-0.058685485273599625,64852978126228030000,-3.6660455358600394e+34,1.8331518525371848e-9,119165001728,
26.538,-37462014823816495000,-0.058685485273599625,64852978126228030000,-3.6660455358600394e+34,1.8331518525371848e-9,119165001728,
26.548,-37462014823816495000,-0.058685485273599625,64852978126228030000,-3.6660455358600394e+34,1.8331518525371848e-9,119165001728,
26.558,-37462014823816495000,-0.058685485273599625,64852978126228030000,-3.6660455358600394e+34,1.8331518525371848e-9,119165001728,
26.568,-37462014823816495000,-0.058685485273599625,64852978126228030000,-3.6660455358600394e+34,1.8331518525371848e-9,119165001728,
26.578,-37462014823816495000,-0.058685485273599625,64852978126228030000,-3.6660455358600394e+34,1.8331518525371848e-9,119165001728,
26.588,-37462014823816495000,-0.058685485273599625,64852978126228030000,-3.6660455358600394e+34,1.8331518525371848e-9,119165001728,
26.598,-37462014823816495000,-0.058685485273599625,64852978126228030000,-3.6660455358600394e+34,1.8331518525371848e-9,119165001728,
26.608,-37462014823816495000,-0.058685485273599625,64852978126228030000,-3.6660455358600394e+34,1.8331518525371848e-9,119165001728,
26.618,-37462014823816495000,-0.058685485273599625,64852978126228030000,-3.6660455358600394e+34,1.8331518525371848e-9,119165001728,
26.628,-37462014823816495000,-0.058685485273599625,64852978126228030000,-3.6660455358600394e+34,1.8331518525371848e-9,119165001728,
26.638,-37462014823816495000,-0.058685485273599625,64852978126228030000,-3.6660455358600394e+34,1.8331518525371848e-9,119165001728,
26.648,-37462014823816495000,-0.058685485273599625,64852978126228030000,-3.6660455358600394e+34,1.8331518525371848e-9,119165001728,
26.658,-37462014823816495000,-0.058685485273599625,64852978126228030000,-3.6660455358600394e+34,1.8331518525371848e-9,119165001728,
26.668,-37462014823816495000,-0.058685485273599625,64852978126228030000,-3.6660455358600394e+34,1.8331518525371848e-9,119165001728,
26.678,-37462014823816495000,-0.058685485273599625,64852978126228030000,-3.6660455358600394e+34,1.8331518525371848e-9,119165001728,
26.688,-37462014823816495000,-0.058685485273599625,64852978126228030000,-3.6660455358600394e+34,1.8331518525371848e-9,119165001728,
26.698,-37462014823816495000,-0.058685485273599625,64852978126228030000,-3.6660455358600394e+34,1.8331518525371848e-9,119165001728,
26.708,-37462014823816495000,-0.058685485273599625,64852978126228030000,-3.6660455358600394e+34,1.8331518525371848e-9,119165001728,
26.718,-37462014823816495000,-0.058685485273599625,64852978126228030000,-3.6660455358600394e+34,1.8331518525371848e-9,119165001728,
26.728,-37462014823816495000,-0.058685485273599625,64852978126228030000,-3.6660455358600394e+34,1.8331518525371848e-9,119165001728,
26.738,-37462014823816495000,-0.058685485273599625,64852978126228030000,-3.6660455358600394e+34,1.8331518525371848e-9,119165001728,
26.748,-37462014823816495000,-0.058685485273599625,64852978126228030000,-3.6660455358600394e+34,1.8331518525371848e-9,119165001728,
26.758,-37462014823816495000,-0.058685485273599625,64852978126228030000,-3.6660455358600394e+34,1.8331518525371848e-9,119165001728,
26.768,-37462014823816495000,-0.058685485273599625,64852978126228030000,-3.6660455358600394e+34,1.8331518525371848e-9,119165001728,
26.778,-37462014823816495000,-0.058685485273599625,64852978126228030000,-3.6660455358600394e+34,1.8331518525371848e-9,119165001728,
26.788,-37462014823816495000,-0.058685485273599625,64852978126228030000,-3.6660455358600394e+34,1.8331518525371848e-9,119165001728,
26.798,-37462014823816495000,-0.058685485273599625,64852978126228030000,-3.6660455358600394e+34,1.8331518525371848e-9,119165001728,
26.808,-37462014823816495000,-0.058685485273599625,64852978126228030000,-3.6660455358600394e+34,1.8331518525371848e-9,119165001728,
26.818,-37462014823816495000,-0.058685485273599625,64852978126228030000,-3.6660455358600394e+34,1.8331518525371848e-9,119165001728,
26.828,-37462014823816495000,-0.058685485273599625,64852978126228030000,-3.6660455358600394e+34,1.8331518525371848e-9,119165001728,
26.838,-37462014823816495000,-0.058685485273599625,64852978126228030000,-3.6660455358600394e+34,1.8331518525371848e-9,119165001728,
26.848,-37462014823816495000,-0.058685485273599625,64852978126228030000,-3.6660455358600394e+34,1.8331518525371848e-9,119165001728,
26.858,-37462014823816495000,-0.058685485273599625,64852978126228030000,-3.6660455358600394e+34,1.8331518525371848e-9,119165001728,
26.868,-37462014823816495000,-0.058685485273599625,64852978126228030000,-3.6660455358600394e+34,1.8331518525371848e-9,119165001728,
26.878,-37462014823816495000,-0.058685485273599625,64852978126228030000,-3.6660455358600394e+34,1.8331518525371848e-9,119165001728,
26.888,-37462014823816495000,-0.058685485273599625,64852978126228030000,-3.6660455358600394e+34,1.8331518525371848e-9,119165001728,
26.898,-37462014823816495000,-0.058685485273599625,64852978126228030000,-3.6660455358600394e+34,1.8331518525371848e-9,119165001728,
26.908,-37462014823816495000,-0.058685485273599625,64852978126228030000,-3.6660455358600394e+34,1.8331518525371848e-9,119165001728,
26.918,-37462014823816495000,-0.058685485273599625,64852978126228030000,-3.6660455358600394e+34,1.8331518525371848e-9,119165001728,
26.928,-37462014823816495000,-0.058685485273599625,64852978126228030000,-3.6660455358600394e+34,1.8331518525371848e-9,119165001728,
26.938,-37462014823816495000,-0.058685485273599625,64852978126228030000,-3.6660455358600394e+34,1.8331518525371848e-9,119165001728,
26.948,-37462014823816495000,-0.058685485273599625,64852978126228030000,-3.6660455358600394e+34,1.8331518525371848e-9,119165001728,
26.958,-37462014823816495000,-0.058685485273599625,64852978126228030000,-3.6660455358600394e+34,1.8331518525371848e-9,119165001728,
26.968,-37462014823816495000,-0.058685485273599625,64852978126228030000,-3.6660455358600394e+34,1.8331518525371848e-9,119165001728,
26.978,-37462014823816495000,-0.058685485273599625,64852978126228030000,-3.6660455358600394e+34,1.8331518525371848e-9,119165001728,
26.988,-37462014823816495000,-0.058685485273599625,64852978126228030000,-3.6660455358600394e+34,1.8331518525371848e-9,119165001728,
26.998,-37462014823816495000,-0.058685485273599625,64852978126228030000,-3.6660455358600394e+34,1.8331518525371848e-9,119165001728,
27.008,-37462014823816495000,-0.058685485273599625,64852978126228030000,-3.6660455358600394e+34,1.8331518525371848e-9,119165001728,
27.018,-37462014823816495000,-0.058685485273599625,64852978126228030000,-3.6660455358600394e+34,1.8331518525371848e-9,119165001728,
27.028,-37462014823816495000,-0.058685485273599625,64852978126228030000,-3.6660455358600394e+34,1.8331518525371848e-9,119165001728,
27.038,-37462014823816495000,-0.058685485273599625,64852978126228030000,-3.6660455358600394e+34,1.8331518525371848e-9,119165001728,
27.048,-37462014823816495000,-0.058685485273599625,64852978126228030000,-3.6660455358600394e+34,1.8331518525371848e-9,119165001728,
27.058,-37462014823816495000,-0.058685485273599625,64852978126228030000,-3.6660455358600394e+34,1.8331518525371848e-9,119165001728,
27.068,-37462014823816495000,-0.058685485273599625,64852978126228030000,-3.6660455358600394e+34,1.8331518525371848e-9,119165001728,
27.078,-37462014823816495000,-0.058685485273599625,64852978126228030000,-3.6660455358600394e+34,1.8331518525371848e-9,119165001728,
27.088,-37462014823816495000,-0.058685485273599625,64852978126228030000,-3.6660455358600394e+34,1.8331518525371848e-9,119165001728,
27.098,-37462014823816495000,-0.058685485273599625,64852978126228030000,-3.6660455358600394e+34,1.8331518525371848e-9,119165001728,
27.108,-37462014823816495000,-0.058685485273599625,64852978126228030000,-3.6660455358600394e+34,1.8331518525371848e-9,119165001728,
27.118,-37462014823816495000,-0.058685485273599625,64852978126228030000,-3.6660455358600394e+34,1.8331518525371848e-9,119165001728,
27.128,-37462014823816495000,-0.058685485273599625,64852978126228030000,-3.6660455358600394e+34,1.8331518525371848e-9,119165001728,
27.138,-37462014823816495000,-0.058685485273599625,64852978126228030000,-3.6660455358600394e+34,1.8331518525371848e-9,119165001728,
27.148,-37462014823816495000,-0.058685485273599625,64852978126228030000,-3.6660455358600394e+34,1.8331518525371848e-9,119165001728,
27.158,-37462014823816495000,-0.058685485273599625,64852978126228030000,-3.6660455358600394e+34,1.8331518525371848e-9,119165001728,
27.168,-37462014823816495000,-0.058685485273599625,64852978126228030000,-3.6660455358600394e+34,1.8331518525371848e-9,119165001728,
27.178,-37462014823816495000,-0.058685485273599625,64852978126228030000,-3.6660455358600394e+34,1.8331518525371848e-9,119165001728,
27.188,-37462014823816495000,-0.058685485273599625,64852978126228030000,-3.6660455358600394e+34,1.8331518525371848e-9,119165001728,
27.198,-37462014823816495000,-0.058685485273599625,64852978126228030000,-3.6660455358600394e+34,1.8331518525371848e-9,119165001728,
27.208,-37462014823816495000,-0.058685485273599625,64852978126228030000,-3.6660455358600394e+34,1.8331518525371848e-9,119165001728,
27.218,-37462014823816495000,-0.058685485273599625,64852978126228030000,-3.6660455358600394e+34,1.8331518525371848e-9,119165001728,
27.228,-37462014823816495000,-0.058685485273599625,64852978126228030000,-3.6660455358600394e+34,1.8331518525371848e-9,119165001728,
27.238,-37462014823816495000,-0.058685485273599625,64852978126228030000,-3.6660455358600394e+34,1.8331518525371848e-9,119165001728,
27.248,-37462014823816495000,-0.058685485273599625,64852978126228030000,-3.6660455358600394e+34,1.8331518525371848e-9,119165001728,
27.258,-37462014823816495000,-0.058685485273599625,64852978126228030000,-3.6660455358600394e+34,1.8331518525371848e-9,119165001728,
27.268,-37462014823816495000,-0.058685485273599625,64852978126228030000,-3.6660455358600394e+34,1.8331518525371848e-9,119165001728,
27.278,-37462014823816495000,-0.058685485273599625,64852978126228030000,-3.6660455358600394e+34,1.8331518525371848e-9,119165001728,
27.288,-37462014823816495000,-0.058685485273599625,64852978126228030000,-3.6660455358600394e+34,1.8331518525371848e-9,119165001728,
27.298,-37462014823816495000,-0.058685485273599625,64852978126228030000,-3.6660455358600394e+34,1.8331518525371848e-9,119165001728,
27.308,-37462014823816495000,-0.058685485273599625,64852978126228030000,-3.6660455358600394e+34,1.8331518525371848e-9,119165001728,
27.318,-37462014823816495000,-0.058685485273599625,64852978126228030000,-3.6660455358600394e+34,1.8331518525371848e-9,119165001728,
27.328,-37462014823816495000,-0.058685485273599625,64852978126228030000,-3.6660455358600394e+34,1.8331518525371848e-9,119165001728,
27.338,-37462014823816495000,-0.058685485273599625,64852978126228030000,-3.6660455358600394e+34,1.8331518525371848e-9,119165001728,
27.348,-37462014823816495000,-0.058685485273599625,64852978126228030000,-3.6660455358600394e+34,1.8331518525371848e-9,119165001728,
27.358,-37462014823816495000,-0.058685485273599625,64852978126228030000,-3.6660455358600394e+34,1.8331518525371848e-9,119165001728,
27.368,-37462014823816495000,-0.058685485273599625,64852978126228030000,-3.6660455358600394e+34,1.8331518525371848e-9,119165001728,
27.378,-37462014823816495000,-0.058685485273599625,64852978126228030000,-3.6660455358600394e+34,1.8331518525371848e-9,119165001728,
27.388,-37462014823816495000,-0.058685485273599625,64852978126228030000,-3.6660455358600394e+34,1.8331518525371848e-9,119165001728,
27.398,-37462014823816495000,-0.058685485273599625,64852978126228030000,-3.6660455358600394e+34,1.8331518525371848e-9,119165001728,
27.408,-37462014823816495000,-0.058685485273599625,64852978126228030000,-3.6660455358600394e+34,1.8331518525371848e-9,119165001728,
27.418,-37462014823816495000,-0.058685485273599625,64852978126228030000,-3.6660455358600394e+34,1.8331518525371848e-9,119165001728,
27.428,-37462014823816495000,-0.058685485273599625,64852978126228030000,-3.6660455358600394e+34,1.8331518525371848e-9,119165001728,
27.438,-37462014823816495000,-0.058685485273599625,64852978126228030000,-3.6660455358600394e+34,1.8331518525371848e-9,119165001728,
27.448,-37462014823816495000,-0.058685485273599625,64852978126228030000,-3.6660455358600394e+34,1.8331518525371848e-9,119165001728,
27.458,-37462014823816495000,-0.058685485273599625,64852978126228030000,-3.6660455358600394e+34,1.8331518525371848e-9,119165001728,
27.468,-37462014823816495000,-0.058685485273599625,64852978126228030000,-3.6660455358600394e+34,1.8331518525371848e-9,119165001728,
27.478,-37462014823816495000,-0.058685485273599625,64852978126228030000,-3.6660455358600394e+34,1.8331518525371848e-9,119165001728,
27.488,-37462014823816495000,-0.058685485273599625,64852978126228030000,-3.6660455358600394e+34,1.8331518525371848e-9,119165001728,
27.498,-37462014823816495000,-0.058685485273599625,64852978126228030000,-3.6660455358600394e+34,1.8331518525371848e-9,119165001728,
27.508,-37462014823816495000,-0.058685485273599625,64852978126228030000,-3.6660455358600394e+34,1.8331518525371848e-9,119165001728,
27.518,-37462014823816495000,-0.058685485273599625,64852978126228030000,-3.6660455358600394e+34,1.8331518525371848e-9,119165001728,
27.528,-37462014823816495000,-0.058685485273599625,64852978126228030000,-3.6660455358600394e+34,1.8331518525371848e-9,119165001728,
27.538,-37462014823816495000,-0.058685485273599625,64852978126228030000,-3.6660455358600394e+34,1.8331518525371848e-9,119165001728,
27.548,-37462014823816495000,-0.058685485273599625,64852978126228030000,-3.6660455358600394e+34,1.8331518525371848e-9,119165001728,
27.558,-37462014823816495000,-0.058685485273599625,64852978126228030000,-3.6660455358600394e+34,1.8331518525371848e-9,119165001728,
27.568,-37462014823816495000,-0.058685485273599625,64852978126228030000,-3.6660455358600394e+34,1.8331518525371848e-9,119165001728,
27.578,-37462014823816495000,-0.058685485273599625,64852978126228030000,-3.6660455358600394e+34,1.8331518525371848e-9,119165001728,
27.588,-37462014823816495000,-0.058685485273599625,64852978126228030000,-3.6660455358600394e+34,1.8331518525371848e-9,119165001728,
27.598,-37462014823816495000,-0.058685485273599625,64852978126228030000,-3.6660455358600394e+34,1.8331518525371848e-9,119165001728,
27.608,-37462014823816495000,-0.058685485273599625,64852978126228030000,-3.6660455358600394e+34,1.8331518525371848e-9,119165001728,
27.618,-37462014823816495000,-0.058685485273599625,64852978126228030000,-3.6660455358600394e+34,1.8331518525371848e-9,119165001728,
27.628,-37462014823816495000,-0.058685485273599625,64852978126228030000,-3.6660455358600394e+34,1.8331518525371848e-9,119165001728,
27.638,-37462014823816495000,-0.058685485273599625,64852978126228030000,-3.6660455358600394e+34,1.8331518525371848e-9,119165001728,
27.648,-37462014823816495000,-0.058685485273599625,64852978126228030000,-3.6660455358600394e+34,1.8331518525371848e-9,119165001728,
27.658,-37462014823816495000,-0.058685485273599625,64852978126228030000,-3.6660455358600394e+34,1.8331518525371848e-9,119165001728,
27.668,-37462014823816495000,-0.058685485273599625,64852978126228030000,-3.6660455358600394e+34,1.8331518525371848e-9,119165001728,
27.678,-37462014823816495000,-0.058685485273599625,64852978126228030000,-3.6660455358600394e+34,1.8331518525371848e-9,119165001728,
27.688,-37462014823816495000,-0.058685485273599625,64852978126228030000,-3.6660455358600394e+34,1.8331518525371848e-9,119165001728,
27.698,-37462014823816495000,-0.058685485273599625,64852978126228030000,-3.6660455358600394e+34,1.8331518525371848e-9,119165001728,
27.708,-37462014823816495000,-0.058685485273599625,64852978126228030000,-3.6660455358600394e+34,1.8331518525371848e-9,119165001728,
27.718,-37462014823816495000,-0.058685485273599625,64852978126228030000,-3.6660455358600394e+34,1.8331518525371848e-9,119165001728,
27.728,-37462014823816495000,-0.058685485273599625,64852978126228030000,-3.6660455358600394e+34,1.8331518525371848e-9,119165001728,
27.738,-37462014823816495000,-0.058685485273599625,64852978126228030000,-3.6660455358600394e+34,1.8331518525371848e-9,119165001728,
27.748,-37462014823816495000,-0.058685485273599625,64852978126228030000,-3.6660455358600394e+34,1.8331518525371848e-9,119165001728,
27.758,-37462014823816495000,-0.058685485273599625,64852978126228030000,-3.6660455358600394e+34,1.8331518525371848e-9,119165001728,
27.768,-37462014823816495000,-0.058685485273599625,64852978126228030000,-3.6660455358600394e+34,1.8331518525371848e-9,119165001728,
27.778,-37462014823816495000,-0.058685485273599625,64852978126228030000,-3.6660455358600394e+34,1.8331518525371848e-9,119165001728,
27.788,-37462014823816495000,-0.058685485273599625,64852978126228030000,-3.6660455358600394e+34,1.8331518525371848e-9,119165001728,
27.798,-37462014823816495000,-0.058685485273599625,64852978126228030000,-3.6660455358600394e+34,1.8331518525371848e-9,119165001728,
27.808,-37462014823816495000,-0.058685485273599625,64852978126228030000,-3.6660455358600394e+34,1.8331518525371848e-9,119165001728,
27.818,-37462014823816495000,-0.058685485273599625,64852978126228030000,-3.6660455358600394e+34,1.8331518525371848e-9,119165001728,
27.828,-37462014823816495000,-0.058685485273599625,64852978126228030000,-3.6660455358600394e+34,1.8331518525371848e-9,119165001728,
27.838,-37462014823816495000,-0.058685485273599625,64852978126228030000,-3.6660455358600394e+34,1.8331518525371848e-9,119165001728,
27.848,-37462014823816495000,-0.058685485273599625,64852978126228030000,-3.6660455358600394e+34,1.8331518525371848e-9,119165001728,
27.858,-37462014823816495000,-0.058685485273599625,64852978126228030000,-3.6660455358600394e+34,1.8331518525371848e-9,119165001728,
27.868,-37462014823816495000,-0.058685485273599625,64852978126228030000,-3.6660455358600394e+34,1.8331518525371848e-9,119165001728,
27.878,-37462014823816495000,-0.058685485273599625,64852978126228030000,-3.6660455358600394e+34,1.8331518525371848e-9,119165001728,
27.888,-37462014823816495000,-0.058685485273599625,64852978126228030000,-3.6660455358600394e+34,1.8331518525371848e-9,119165001728,
27.898,-37462014823816495000,-0.058685485273599625,64852978126228030000,-3.6660455358600394e+34,1.8331518525371848e-9,119165001728,
27.908,-37462014823816495000,-0.058685485273599625,64852978126228030000,-3.6660455358600394e+34,1.8331518525371848e-9,119165001728,
27.918,-37462014823816495000,-0.058685485273599625,64852978126228030000,-3.6660455358600394e+34,1.8331518525371848e-9,119165001728,
27.928,-37462014823816495000,-0.058685485273599625,64852978126228030000,-3.6660455358600394e+34,1.8331518525371848e-9,119165001728,
27.938,-37462014823816495000,-0.058685485273599625,64852978126228030000,-3.6660455358600394e+34,1.8331518525371848e-9,119165001728,
27.948,-37462014823816495000,-0.058685485273599625,64852978126228030000,-3.6660455358600394e+34,1.8331518525371848e-9,119165001728,
27.958,-37462014823816495000,-0.058685485273599625,64852978126228030000,-3.6660455358600394e+34,1.8331518525371848e-9,119165001728,
27.968,-37462014823816495000,-0.058685485273599625,64852978126228030000,-3.6660455358600394e+34,1.8331518525371848e-9,119165001728,
27.978,-37462014823816495000,-0.058685485273599625,64852978126228030000,-3.6660455358600394e+34,1.8331518525371848e-9,119165001728,
27.988,-37462014823816495000,-0.058685485273599625,64852978126228030000,-3.6660455358600394e+34,1.8331518525371848e-9,119165001728,
27.998,-37462014823816495000,-0.058685485273599625,64852978126228030000,-3.6660455358600394e+34,1.8331518525371848e-9,119165001728,
28.008,-37462014823816495000,-0.058685485273599625,64852978126228030000,-3.6660455358600394e+34,1.8331518525371848e-9,119165001728,
28.018,-37462014823816495000,-0.058685485273599625,64852978126228030000,-3.6660455358600394e+34,1.8331518525371848e-9,119165001728,
28.028,-37462014823816495000,-0.058685485273599625,64852978126228030000,-3.6660455358600394e+34,1.8331518525371848e-9,119165001728,
28.038,-37462014823816495000,-0.058685485273599625,64852978126228030000,-3.6660455358600394e+34,1.8331518525371848e-9,119165001728,
28.048,-37462014823816495000,-0.058685485273599625,64852978126228030000,-3.6660455358600394e+34,1.8331518525371848e-9,119165001728,
28.058,-37462014823816495000,-0.058685485273599625,64852978126228030000,-3.6660455358600394e+34,1.8331518525371848e-9,119165001728,
28.068,-37462014823816495000,-0.058685485273599625,64852978126228030000,-3.6660455358600394e+34,1.8331518525371848e-9,119165001728,
28.078,-37462014823816495000,-0.058685485273599625,64852978126228030000,-3.6660455358600394e+34,1.8331518525371848e-9,119165001728,
28.088,-37462014823816495000,-0.058685485273599625,64852978126228030000,-3.6660455358600394e+34,1.8331518525371848e-9,119165001728,
28.098,-37462014823816495000,-0.058685485273599625,64852978126228030000,-3.6660455358600394e+34,1.8331518525371848e-9,119165001728,
28.108,-37462014823816495000,-0.058685485273599625,64852978126228030000,-3.6660455358600394e+34,1.8331518525371848e-9,119165001728,
28.118,-37462014823816495000,-0.058685485273599625,64852978126228030000,-3.6660455358600394e+34,1.8331518525371848e-9,119165001728,
28.128,-37462014823816495000,-0.058685485273599625,64852978126228030000,-3.6660455358600394e+34,1.8331518525371848e-9,119165001728,
28.138,-37462014823816495000,-0.058685485273599625,64852978126228030000,-3.6660455358600394e+34,1.8331518525371848e-9,119165001728,
28.148,-37462014823816495000,-0.058685485273599625,64852978126228030000,-3.6660455358600394e+34,1.8331518525371848e-9,119165001728,
28.158,-37462014823816495000,-0.058685485273599625,64852978126228030000,-3.6660455358600394e+34,1.8331518525371848e-9,119165001728,
28.168,-37462014823816495000,-0.058685485273599625,64852978126228030000,-3.6660455358600394e+34,1.8331518525371848e-9,119165001728,
28.178,-37462014823816495000,-0.058685485273599625,64852978126228030000,-3.6660455358600394e+34,1.8331518525371848e-9,119165001728,
28.188,-37462014823816495000,-0.058685485273599625,64852978126228030000,-3.6660455358600394e+34,1.8331518525371848e-9,119165001728,
28.198,-37462014823816495000,-0.058685485273599625,64852978126228030000,-3.6660455358600394e+34,1.8331518525371848e-9,119165001728,
28.208,-37462014823816495000,-0.058685485273599625,64852978126228030000,-3.6660455358600394e+34,1.8331518525371848e-9,119165001728,
28.218,-37462014823816495000,-0.058685485273599625,64852978126228030000,-3.6660455358600394e+34,1.8331518525371848e-9,119165001728,
28.228,-37462014823816495000,-0.058685485273599625,64852978126228030000,-3.6660455358600394e+34,1.8331518525371848e-9,119165001728,
28.238,-37462014823816495000,-0.058685485273599625,64852978126228030000,-3.6660455358600394e+34,1.8331518525371848e-9,119165001728,
28.248,-37462014823816495000,-0.058685485273599625,64852978126228030000,-3.6660455358600394e+34,1.8331518525371848e-9,119165001728,
28.258,-37462014823816495000,-0.058685485273599625,64852978126228030000,-3.6660455358600394e+34,1.8331518525371848e-9,119165001728,
28.268,-37462014823816495000,-0.058685485273599625,64852978126228030000,-3.6660455358600394e+34,1.8331518525371848e-9,119165001728,
28.278,-37462014823816495000,-0.058685485273599625,64852978126228030000,-3.6660455358600394e+34,1.8331518525371848e-9,119165001728,
28.288,-37462014823816495000,-0.058685485273599625,64852978126228030000,-3.6660455358600394e+34,1.8331518525371848e-9,119165001728,
28.298,-37462014823816495000,-0.058685485273599625,64852978126228030000,-3.6660455358600394e+34,1.8331518525371848e-9,119165001728,
28.308,-37462014823816495000,-0.058685485273599625,64852978126228030000,-3.6660455358600394e+34,1.8331518525371848e-9,119165001728,
28.318,-37462014823816495000,-0.058685485273599625,64852978126228030000,-3.6660455358600394e+34,1.8331518525371848e-9,119165001728,
28.328,-37462014823816495000,-0.058685485273599625,64852978126228030000,-3.6660455358600394e+34,1.8331518525371848e-9,119165001728,
28.338,-37462014823816495000,-0.058685485273599625,64852978126228030000,-3.6660455358600394e+34,1.8331518525371848e-9,119165001728,
28.348,-37462014823816495000,-0.058685485273599625,64852978126228030000,-3.6660455358600394e+34,1.8331518525371848e-9,119165001728,
28.358,-37462014823816495000,-0.058685485273599625,64852978126228030000,-3.6660455358600394e+34,1.8331518525371848e-9,119165001728,
28.368,-37462014823816495000,-0.058685485273599625,64852978126228030000,-3.6660455358600394e+34,1.8331518525371848e-9,119165001728,
28.378,-37462014823816495000,-0.058685485273599625,64852978126228030000,-3.6660455358600394e+34,1.8331518525371848e-9,119165001728,
28.388,-37462014823816495000,-0.058685485273599625,64852978126228030000,-3.6660455358600394e+34,1.8331518525371848e-9,119165001728,
28.398,-37462014823816495000,-0.058685485273599625,64852978126228030000,-3.6660455358600394e+34,1.8331518525371848e-9,119165001728,
28.408,-37462014823816495000,-0.058685485273599625,64852978126228030000,-3.6660455358600394e+34,1.8331518525371848e-9,119165001728,
28.418,-37462014823816495000,-0.058685485273599625,64852978126228030000,-3.6660455358600394e+34,1.8331518525371848e-9,119165001728,
28.428,-37462014823816495000,-0.058685485273599625,64852978126228030000,-3.6660455358600394e+34,1.8331518525371848e-9,119165001728,
28.438,-37462014823816495000,-0.058685485273599625,64852978126228030000,-3.6660455358600394e+34,1.8331518525371848e-9,119165001728,
28.448,-37462014823816495000,-0.058685485273599625,64852978126228030000,-3.6660455358600394e+34,1.8331518525371848e-9,119165001728,
28.458,-37462014823816495000,-0.058685485273599625,64852978126228030000,-3.6660455358600394e+34,1.8331518525371848e-9,119165001728,
28.468,-37462014823816495000,-0.058685485273599625,64852978126228030000,-3.6660455358600394e+34,1.8331518525371848e-9,119165001728,
28.478,-37462014823816495000,-0.058685485273599625,64852978126228030000,-3.6660455358600394e+34,1.8331518525371848e-9,119165001728,
28.488,-37462014823816495000,-0.058685485273599625,64852978126228030000,-3.6660455358600394e+34,1.8331518525371848e-9,119165001728,
28.498,-37462014823816495000,-0.058685485273599625,64852978126228030000,-3.6660455358600394e+34,1.8331518525371848e-9,119165001728,
28.508,-37462014823816495000,-0.058685485273599625,64852978126228030000,-3.6660455358600394e+34,1.8331518525371848e-9,119165001728,
28.518,-37462014823816495000,-0.058685485273599625,64852978126228030000,-3.6660455358600394e+34,1.8331518525371848e-9,119165001728,
28.528,-37462014823816495000,-0.058685485273599625,64852978126228030000,-3.6660455358600394e+34,1.8331518525371848e-9,119165001728,
28.538,-37462014823816495000,-0.058685485273599625,64852978126228030000,-3.6660455358600394e+34,1.8331518525371848e-9,119165001728,
28.548,-37462014823816495000,-0.058685485273599625,64852978126228030000,-3.6660455358600394e+34,1.8331518525371848e-9,119165001728,
28.558,-37462014823816495000,-0.058685485273599625,64852978126228030000,-3.6660455358600394e+34,1.8331518525371848e-9,119165001728,
28.568,-37462014823816495000,-0.058685485273599625,64852978126228030000,-3.6660455358600394e+34,1.8331518525371848e-9,119165001728,
28.578,-37462014823816495000,-0.058685485273599625,64852978126228030000,-3.6660455358600394e+34,1.8331518525371848e-9,119165001728,
28.588,-37462014823816495000,-0.058685485273599625,64852978126228030000,-3.6660455358600394e+34,1.8331518525371848e-9,119165001728,
28.598,-37462014823816495000,-0.058685485273599625,64852978126228030000,-3.6660455358600394e+34,1.8331518525371848e-9,119165001728,
28.608,-37462014823816495000,-0.058685485273599625,64852978126228030000,-3.6660455358600394e+34,1.8331518525371848e-9,119165001728,
28.618,-37462014823816495000,-0.058685485273599625,64852978126228030000,-3.6660455358600394e+34,1.8331518525371848e-9,119165001728,
28.628,-37462014823816495000,-0.058685485273599625,64852978126228030000,-3.6660455358600394e+34,1.8331518525371848e-9,119165001728,
28.638,-37462014823816495000,-0.058685485273599625,64852978126228030000,-3.6660455358600394e+34,1.8331518525371848e-9,119165001728,
28.648,-37462014823816495000,-0.058685485273599625,64852978126228030000,-3.6660455358600394e+34,1.8331518525371848e-9,119165001728,
28.658,-37462014823816495000,-0.058685485273599625,64852978126228030000,-3.6660455358600394e+34,1.8331518525371848e-9,119165001728,
28.668,-37462014823816495000,-0.058685485273599625,64852978126228030000,-3.6660455358600394e+34,1.8331518525371848e-9,119165001728,
28.678,-37462014823816495000,-0.058685485273599625,64852978126228030000,-3.6660455358600394e+34,1.8331518525371848e-9,119165001728,
28.688,-37462014823816495000,-0.058685485273599625,64852978126228030000,-3.6660455358600394e+34,1.8331518525371848e-9,119165001728,
28.698,-37462014823816495000,-0.058685485273599625,64852978126228030000,-3.6660455358600394e+34,1.8331518525371848e-9,119165001728,
28.708,-37462014823816495000,-0.058685485273599625,64852978126228030000,-3.6660455358600394e+34,1.8331518525371848e-9,119165001728,
28.718,-37462014823816495000,-0.058685485273599625,64852978126228030000,-3.6660455358600394e+34,1.8331518525371848e-9,119165001728,
28.728,-37462014823816495000,-0.058685485273599625,64852978126228030000,-3.6660455358600394e+34,1.8331518525371848e-9,119165001728,
28.738,-37462014823816495000,-0.058685485273599625,64852978126228030000,-3.6660455358600394e+34,1.8331518525371848e-9,119165001728,
28.748,-37462014823816495000,-0.058685485273599625,64852978126228030000,-3.6660455358600394e+34,1.8331518525371848e-9,119165001728,
28.758,-37462014823816495000,-0.058685485273599625,64852978126228030000,-3.6660455358600394e+34,1.8331518525371848e-9,119165001728,
28.768,-37462014823816495000,-0.058685485273599625,64852978126228030000,-3.6660455358600394e+34,1.8331518525371848e-9,119165001728,
28.778,-37462014823816495000,-0.058685485273599625,64852978126228030000,-3.6660455358600394e+34,1.8331518525371848e-9,119165001728,
28.788,-37462014823816495000,-0.058685485273599625,64852978126228030000,-3.6660455358600394e+34,1.8331518525371848e-9,119165001728,
28.798,-37462014823816495000,-0.058685485273599625,64852978126228030000,-3.6660455358600394e+34,1.8331518525371848e-9,119165001728,
28.808,-37462014823816495000,-0.058685485273599625,64852978126228030000,-3.6660455358600394e+34,1.8331518525371848e-9,119165001728,
28.818,-37462014823816495000,-0.058685485273599625,64852978126228030000,-3.6660455358600394e+34,1.8331518525371848e-9,119165001728,
28.828,-37462014823816495000,-0.058685485273599625,64852978126228030000,-3.6660455358600394e+34,1.8331518525371848e-9,119165001728,
28.838,-37462014823816495000,-0.058685485273599625,64852978126228030000,-3.6660455358600394e+34,1.8331518525371848e-9,119165001728,
28.848,-37462014823816495000,-0.058685485273599625,64852978126228030000,-3.6660455358600394e+34,1.8331518525371848e-9,119165001728,
28.858,-37462014823816495000,-0.058685485273599625,64852978126228030000,-3.6660455358600394e+34,1.8331518525371848e-9,119165001728,
28.868,-37462014823816495000,-0.058685485273599625,64852978126228030000,-3.6660455358600394e+34,1.8331518525371848e-9,119165001728,
28.878,-37462014823816495000,-0.058685485273599625,64852978126228030000,-3.6660455358600394e+34,1.8331518525371848e-9,119165001728,
28.888,-37462014823816495000,-0.058685485273599625,64852978126228030000,-3.6660455358600394e+34,1.8331518525371848e-9,119165001728,
28.898,-37462014823816495000,-0.058685485273599625,64852978126228030000,-3.6660455358600394e+34,1.8331518525371848e-9,119165001728,
28.908,-37462014823816495000,-0.058685485273599625,64852978126228030000,-3.6660455358600394e+34,1.8331518525371848e-9,119165001728,
28.918,-37462014823816495000,-0.058685485273599625,64852978126228030000,-3.6660455358600394e+34,1.8331518525371848e-9,119165001728,
28.928,-37462014823816495000,-0.058685485273599625,64852978126228030000,-3.6660455358600394e+34,1.8331518525371848e-9,119165001728,
28.938,-37462014823816495000,-0.058685485273599625,64852978126228030000,-3.6660455358600394e+34,1.8331518525371848e-9,119165001728,
28.948,-37462014823816495000,-0.058685485273599625,64852978126228030000,-3.6660455358600394e+34,1.8331518525371848e-9,119165001728,
28.958,-37462014823816495000,-0.058685485273599625,64852978126228030000,-3.6660455358600394e+34,1.8331518525371848e-9,119165001728,
28.968,-37462014823816495000,-0.058685485273599625,64852978126228030000,-3.6660455358600394e+34,1.8331518525371848e-9,119165001728,
28.978,-37462014823816495000,-0.058685485273599625,64852978126228030000,-3.6660455358600394e+34,1.8331518525371848e-9,119165001728,
28.988,-37462014823816495000,-0.058685485273599625,64852978126228030000,-3.6660455358600394e+34,1.8331518525371848e-9,119165001728,
28.998,-37462014823816495000,-0.058685485273599625,64852978126228030000,-3.6660455358600394e+34,1.8331518525371848e-9,119165001728,
29.008,-37462014823816495000,-0.058685485273599625,64852978126228030000,-3.6660455358600394e+34,1.8331518525371848e-9,119165001728,
29.018,-37462014823816495000,-0.058685485273599625,64852978126228030000,-3.6660455358600394e+34,1.8331518525371848e-9,119165001728,
29.028,-37462014823816495000,-0.058685485273599625,64852978126228030000,-3.6660455358600394e+34,1.8331518525371848e-9,119165001728,
29.038,-37462014823816495000,-0.058685485273599625,64852978126228030000,-3.6660455358600394e+34,1.8331518525371848e-9,119165001728,
29.048,-37462014823816495000,-0.058685485273599625,64852978126228030000,-3.6660455358600394e+34,1.8331518525371848e-9,119165001728,
29.058,-37462014823816495000,-0.058685485273599625,64852978126228030000,-3.6660455358600394e+34,1.8331518525371848e-9,119165001728,
29.068,-37462014823816495000,-0.058685485273599625,64852978126228030000,-3.6660455358600394e+34,1.8331518525371848e-9,119165001728,
29.078,-37462014823816495000,-0.058685485273599625,64852978126228030000,-3.6660455358600394e+34,1.8331518525371848e-9,119165001728,
29.088,-37462014823816495000,-0.058685485273599625,64852978126228030000,-3.6660455358600394e+34,1.8331518525371848e-9,119165001728,
29.098,-37462014823816495000,-0.058685485273599625,64852978126228030000,-3.6660455358600394e+34,1.8331518525371848e-9,119165001728,
29.108,-37462014823816495000,-0.058685485273599625,64852978126228030000,-3.6660455358600394e+34,1.8331518525371848e-9,119165001728,
29.118,-37462014823816495000,-0.058685485273599625,64852978126228030000,-3.6660455358600394e+34,1.8331518525371848e-9,119165001728,
29.128,-37462014823816495000,-0.058685485273599625,64852978126228030000,-3.6660455358600394e+34,1.8331518525371848e-9,119165001728,
29.138,-37462014823816495000,-0.058685485273599625,64852978126228030000,-3.6660455358600394e+34,1.8331518525371848e-9,119165001728,
29.148,-37462014823816495000,-0.058685485273599625,64852978126228030000,-3.6660455358600394e+34,1.8331518525371848e-9,119165001728,
29.158,-37462014823816495000,-0.058685485273599625,64852978126228030000,-3.6660455358600394e+34,1.8331518525371848e-9,119165001728,
29.168,-37462014823816495000,-0.058685485273599625,64852978126228030000,-3.6660455358600394e+34,1.8331518525371848e-9,119165001728,
29.178,-37462014823816495000,-0.058685485273599625,64852978126228030000,-3.6660455358600394e+34,1.8331518525371848e-9,119165001728,
29.188,-37462014823816495000,-0.058685485273599625,64852978126228030000,-3.6660455358600394e+34,1.8331518525371848e-9,119165001728,
29.198,-37462014823816495000,-0.058685485273599625,64852978126228030000,-3.6660455358600394e+34,1.8331518525371848e-9,119165001728,
29.208,-37462014823816495000,-0.058685485273599625,64852978126228030000,-3.6660455358600394e+34,1.8331518525371848e-9,119165001728,
29.218,-37462014823816495000,-0.058685485273599625,64852978126228030000,-3.6660455358600394e+34,1.8331518525371848e-9,119165001728,
29.228,-37462014823816495000,-0.058685485273599625,64852978126228030000,-3.6660455358600394e+34,1.8331518525371848e-9,119165001728,
29.238,-37462014823816495000,-0.058685485273599625,64852978126228030000,-3.6660455358600394e+34,1.8331518525371848e-9,119165001728,
29.248,-37462014823816495000,-0.058685485273599625,64852978126228030000,-3.6660455358600394e+34,1.8331518525371848e-9,119165001728,
29.258,-37462014823816495000,-0.058685485273599625,64852978126228030000,-3.6660455358600394e+34,1.8331518525371848e-9,119165001728,
29.268,-37462014823816495000,-0.058685485273599625,64852978126228030000,-3.6660455358600394e+34,1.8331518525371848e-9,119165001728,
29.278,-37462014823816495000,-0.058685485273599625,64852978126228030000,-3.6660455358600394e+34,1.8331518525371848e-9,119165001728,
29.288,-37462014823816495000,-0.058685485273599625,64852978126228030000,-3.6660455358600394e+34,1.8331518525371848e-9,119165001728,
29.298,-37462014823816495000,-0.058685485273599625,64852978126228030000,-3.6660455358600394e+34,1.8331518525371848e-9,119165001728,
29.308,-37462014823816495000,-0.058685485273599625,64852978126228030000,-3.6660455358600394e+34,1.8331518525371848e-9,119165001728,
29.318,-37462014823816495000,-0.058685485273599625,64852978126228030000,-3.6660455358600394e+34,1.8331518525371848e-9,119165001728,
29.328,-37462014823816495000,-0.058685485273599625,64852978126228030000,-3.6660455358600394e+34,1.8331518525371848e-9,119165001728,
29.338,-37462014823816495000,-0.058685485273599625,64852978126228030000,-3.6660455358600394e+34,1.8331518525371848e-9,119165001728,
29.348,-37462014823816495000,-0.058685485273599625,64852978126228030000,-3.6660455358600394e+34,1.8331518525371848e-9,119165001728,
29.358,-37462014823816495000,-0.058685485273599625,64852978126228030000,-3.6660455358600394e+34,1.8331518525371848e-9,119165001728,
29.368,-37462014823816495000,-0.058685485273599625,64852978126228030000,-3.6660455358600394e+34,1.8331518525371848e-9,119165001728,
29.378,-37462014823816495000,-0.058685485273599625,64852978126228030000,-3.6660455358600394e+34,1.8331518525371848e-9,119165001728,
29.388,-37462014823816495000,-0.058685485273599625,64852978126228030000,-3.6660455358600394e+34,1.8331518525371848e-9,119165001728,
29.398,-37462014823816495000,-0.058685485273599625,64852978126228030000,-3.6660455358600394e+34,1.8331518525371848e-9,119165001728,
29.408,-37462014823816495000,-0.058685485273599625,64852978126228030000,-3.6660455358600394e+34,1.8331518525371848e-9,119165001728,
29.418,-37462014823816495000,-0.058685485273599625,64852978126228030000,-3.6660455358600394e+34,1.8331518525371848e-9,119165001728,
29.428,-37462014823816495000,-0.058685485273599625,64852978126228030000,-3.6660455358600394e+34,1.8331518525371848e-9,119165001728,
29.438,-37462014823816495000,-0.058685485273599625,64852978126228030000,-3.6660455358600394e+34,1.8331518525371848e-9,119165001728,
29.448,-37462014823816495000,-0.058685485273599625,64852978126228030000,-3.6660455358600394e+34,1.8331518525371848e-9,119165001728,
29.458,-37462014823816495000,-0.058685485273599625,64852978126228030000,-3.6660455358600394e+34,1.8331518525371848e-9,119165001728,
29.468,-37462014823816495000,-0.058685485273599625,64852978126228030000,-3.6660455358600394e+34,1.8331518525371848e-9,119165001728,
29.478,-37462014823816495000,-0.058685485273599625,64852978126228030000,-3.6660455358600394e+34,1.8331518525371848e-9,119165001728,
29.488,-37462014823816495000,-0.058685485273599625,64852978126228030000,-3.6660455358600394e+34,1.8331518525371848e-9,119165001728,
29.498,-37462014823816495000,-0.058685485273599625,64852978126228030000,-3.6660455358600394e+34,1.8331518525371848e-9,119165001728,
29.508,-37462014823816495000,-0.058685485273599625,64852978126228030000,-3.6660455358600394e+34,1.8331518525371848e-9,119165001728,
29.518,-37462014823816495000,-0.058685485273599625,64852978126228030000,-3.6660455358600394e+34,1.8331518525371848e-9,119165001728,
29.528,-37462014823816495000,-0.058685485273599625,64852978126228030000,-3.6660455358600394e+34,1.8331518525371848e-9,119165001728,
29.538,-37462014823816495000,-0.058685485273599625,64852978126228030000,-3.6660455358600394e+34,1.8331518525371848e-9,119165001728,
29.548,-37462014823816495000,-0.058685485273599625,64852978126228030000,-3.6660455358600394e+34,1.8331518525371848e-9,119165001728,
29.558,-37462014823816495000,-0.058685485273599625,64852978126228030000,-3.6660455358600394e+34,1.8331518525371848e-9,119165001728,
29.568,-37462014823816495000,-0.058685485273599625,64852978126228030000,-3.6660455358600394e+34,1.8331518525371848e-9,119165001728,
29.578,-37462014823816495000,-0.058685485273599625,64852978126228030000,-3.6660455358600394e+34,1.8331518525371848e-9,119165001728,
29.588,-37462014823816495000,-0.058685485273599625,64852978126228030000,-3.6660455358600394e+34,1.8331518525371848e-9,119165001728,
29.598,-37462014823816495000,-0.058685485273599625,64852978126228030000,-3.6660455358600394e+34,1.8331518525371848e-9,119165001728,
29.608,-37462014823816495000,-0.058685485273599625,64852978126228030000,-3.6660455358600394e+34,1.8331518525371848e-9,119165001728,
29.618,-37462014823816495000,-0.058685485273599625,64852978126228030000,-3.6660455358600394e+34,1.8331518525371848e-9,119165001728,
29.628,-37462014823816495000,-0.058685485273599625,64852978126228030000,-3.6660455358600394e+34,1.8331518525371848e-9,119165001728,
29.638,-37462014823816495000,-0.058685485273599625,64852978126228030000,-3.6660455358600394e+34,1.8331518525371848e-9,119165001728,
29.648,-37462014823816495000,-0.058685485273599625,64852978126228030000,-3.6660455358600394e+34,1.8331518525371848e-9,119165001728,
29.658,-37462014823816495000,-0.058685485273599625,64852978126228030000,-3.6660455358600394e+34,1.8331518525371848e-9,119165001728,
29.668,-37462014823816495000,-0.058685485273599625,64852978126228030000,-3.6660455358600394e+34,1.8331518525371848e-9,119165001728,
29.678,-37462014823816495000,-0.058685485273599625,64852978126228030000,-3.6660455358600394e+34,1.8331518525371848e-9,119165001728,
29.688,-37462014823816495000,-0.058685485273599625,64852978126228030000,-3.6660455358600394e+34,1.8331518525371848e-9,119165001728,
29.698,-37462014823816495000,-0.058685485273599625,64852978126228030000,-3.6660455358600394e+34,1.8331518525371848e-9,119165001728,
29.708,-37462014823816495000,-0.058685485273599625,64852978126228030000,-3.6660455358600394e+34,1.8331518525371848e-9,119165001728,
29.718,-37462014823816495000,-0.058685485273599625,64852978126228030000,-3.6660455358600394e+34,1.8331518525371848e-9,119165001728,
29.728,-37462014823816495000,-0.058685485273599625,64852978126228030000,-3.6660455358600394e+34,1.8331518525371848e-9,119165001728,
29.738,-37462014823816495000,-0.058685485273599625,64852978126228030000,-3.6660455358600394e+34,1.8331518525371848e-9,119165001728,
29.748,-37462014823816495000,-0.058685485273599625,64852978126228030000,-3.6660455358600394e+34,1.8331518525371848e-9,119165001728,
29.758,-37462014823816495000,-0.058685485273599625,64852978126228030000,-3.6660455358600394e+34,1.8331518525371848e-9,119165001728,
29.768,-37462014823816495000,-0.058685485273599625,64852978126228030000,-3.6660455358600394e+34,1.8331518525371848e-9,119165001728,
29.778,-37462014823816495000,-0.058685485273599625,64852978126228030000,-3.6660455358600394e+34,1.8331518525371848e-9,119165001728,
29.788,-37462014823816495000,-0.058685485273599625,64852978126228030000,-3.6660455358600394e+34,1.8331518525371848e-9,119165001728,
29.798,-37462014823816495000,-0.058685485273599625,64852978126228030000,-3.6660455358600394e+34,1.8331518525371848e-9,119165001728,
29.808,-37462014823816495000,-0.058685485273599625,64852978126228030000,-3.6660455358600394e+34,1.8331518525371848e-9,119165001728,
29.818,-37462014823816495000,-0.058685485273599625,64852978126228030000,-3.6660455358600394e+34,1.8331518525371848e-9,119165001728,
29.828,-37462014823816495000,-0.058685485273599625,64852978126228030000,-3.6660455358600394e+34,1.8331518525371848e-9,119165001728,
29.838,-37462014823816495000,-0.058685485273599625,64852978126228030000,-3.6660455358600394e+34,1.8331518525371848e-9,119165001728,
29.848,-37462014823816495000,-0.058685485273599625,64852978126228030000,-3.6660455358600394e+34,1.8331518525371848e-9,119165001728,
29.858,-37462014823816495000,-0.058685485273599625,64852978126228030000,-3.6660455358600394e+34,1.8331518525371848e-9,119165001728,
29.868,-37462014823816495000,-0.058685485273599625,64852978126228030000,-3.6660455358600394e+34,1.8331518525371848e-9,119165001728,
29.878,-37462014823816495000,-0.058685485273599625,64852978126228030000,-3.6660455358600394e+34,1.8331518525371848e-9,119165001728,
29.888,-37462014823816495000,-0.058685485273599625,64852978126228030000,-3.6660455358600394e+34,1.8331518525371848e-9,119165001728,
29.898,-37462014823816495000,-0.058685485273599625,64852978126228030000,-3.6660455358600394e+34,1.8331518525371848e-9,119165001728,
29.908,-37462014823816495000,-0.058685485273599625,64852978126228030000,-3.6660455358600394e+34,1.8331518525371848e-9,119165001728,
29.918,-37462014823816495000,-0.058685485273599625,64852978126228030000,-3.6660455358600394e+34,1.8331518525371848e-9,119165001728,
29.928,-37462014823816495000,-0.058685485273599625,64852978126228030000,-3.6660455358600394e+34,1.8331518525371848e-9,119165001728,
29.938,-37462014823816495000,-0.058685485273599625,64852978126228030000,-3.6660455358600394e+34,1.8331518525371848e-9,119165001728,
29.948,-37462014823816495000,-0.058685485273599625,64852978126228030000,-3.6660455358600394e+34,1.8331518525371848e-9,119165001728,
29.958,-37462014823816495000,-0.058685485273599625,64852978126228030000,-3.6660455358600394e+34,1.8331518525371848e-9,119165001728,
29.968,-37462014823816495000,-0.058685485273599625,64852978126228030000,-3.6660455358600394e+34,1.8331518525371848e-9,119165001728,
29.978,-37462014823816495000,-0.058685485273599625,64852978126228030000,-3.6660455358600394e+34,1.8331518525371848e-9,119165001728,
29.988,-37462014823816495000,-0.058685485273599625,64852978126228030000,-3.6660455358600394e+34,1.8331518525371848e-9,119165001728,
29.998,-37462014823816495000,-0.058685485273599625,64852978126228030000,-3.6660455358600394e+34,1.8331518525371848e-9,119165001728,
30.008,-37462014823816495000,-0.058685485273599625,64852978126228030000,-3.6660455358600394e+34,1.8331518525371848e-9,119165001728,
30.018,-37462014823816495000,-0.058685485273599625,64852978126228030000,-3.6660455358600394e+34,1.8331518525371848e-9,119165001728,
30.028,-37462014823816495000,-0.058685485273599625,64852978126228030000,-3.6660455358600394e+34,1.8331518525371848e-9,119165001728,
30.038,-37462014823816495000,-0.058685485273599625,64852978126228030000,-3.6660455358600394e+34,1.8331518525371848e-9,119165001728,
30.048,-37462014823816495000,-0.058685485273599625,64852978126228030000,-3.6660455358600394e+34,1.8331518525371848e-9,119165001728,
30.058,-37462014823816495000,-0.058685485273599625,64852978126228030000,-3.6660455358600394e+34,1.8331518525371848e-9,119165001728,
30.068,-37462014823816495000,-0.058685485273599625,64852978126228030000,-3.6660455358600394e+34,1.8331518525371848e-9,119165001728,
30.078,-37462014823816495000,-0.058685485273599625,64852978126228030000,-3.6660455358600394e+34,1.8331518525371848e-9,119165001728,
30.088,-37462014823816495000,-0.058685485273599625,64852978126228030000,-3.6660455358600394e+34,1.8331518525371848e-9,119165001728,
30.098,-37462014823816495000,-0.058685485273599625,64852978126228030000,-3.6660455358600394e+34,1.8331518525371848e-9,119165001728,
30.108,-37462014823816495000,-0.058685485273599625,64852978126228030000,-3.6660455358600394e+34,1.8331518525371848e-9,119165001728,
30.118,-37462014823816495000,-0.058685485273599625,64852978126228030000,-3.6660455358600394e+34,1.8331518525371848e-9,119165001728,
30.128,-37462014823816495000,-0.058685485273599625,64852978126228030000,-3.6660455358600394e+34,1.8331518525371848e-9,119165001728,
30.138,-37462014823816495000,-0.058685485273599625,64852978126228030000,-3.6660455358600394e+34,1.8331518525371848e-9,119165001728,
30.148,-37462014823816495000,-0.058685485273599625,64852978126228030000,-3.6660455358600394e+34,1.8331518525371848e-9,119165001728,
30.158,-37462014823816495000,-0.058685485273599625,64852978126228030000,-3.6660455358600394e+34,1.8331518525371848e-9,119165001728,
30.168,-37462014823816495000,-0.058685485273599625,64852978126228030000,-3.6660455358600394e+34,1.8331518525371848e-9,119165001728,
30.178,-37462014823816495000,-0.058685485273599625,64852978126228030000,-3.6660455358600394e+34,1.8331518525371848e-9,119165001728,
30.188,-37462014823816495000,-0.058685485273599625,64852978126228030000,-3.6660455358600394e+34,1.8331518525371848e-9,119165001728,
30.198,-37462014823816495000,-0.058685485273599625,64852978126228030000,-3.6660455358600394e+34,1.8331518525371848e-9,119165001728,
30.208,-37462014823816495000,-0.058685485273599625,64852978126228030000,-3.6660455358600394e+34,1.8331518525371848e-9,119165001728,
30.218,-37462014823816495000,-0.058685485273599625,64852978126228030000,-3.6660455358600394e+34,1.8331518525371848e-9,119165001728,
30.228,-37462014823816495000,-0.058685485273599625,64852978126228030000,-3.6660455358600394e+34,1.8331518525371848e-9,119165001728,
30.238,-37462014823816495000,-0.058685485273599625,64852978126228030000,-3.6660455358600394e+34,1.8331518525371848e-9,119165001728,
30.248,-37462014823816495000,-0.058685485273599625,64852978126228030000,-3.6660455358600394e+34,1.8331518525371848e-9,119165001728,
30.258,-37462014823816495000,-0.058685485273599625,64852978126228030000,-3.6660455358600394e+34,1.8331518525371848e-9,119165001728,
30.268,-37462014823816495000,-0.058685485273599625,64852978126228030000,-3.6660455358600394e+34,1.8331518525371848e-9,119165001728,
30.278,-37462014823816495000,-0.058685485273599625,64852978126228030000,-3.6660455358600394e+34,1.8331518525371848e-9,119165001728,
30.288,-37462014823816495000,-0.058685485273599625,64852978126228030000,-3.6660455358600394e+34,1.8331518525371848e-9,119165001728,
30.298,-37462014823816495000,-0.058685485273599625,64852978126228030000,-3.6660455358600394e+34,1.8331518525371848e-9,119165001728,
30.308,-37462014823816495000,-0.058685485273599625,64852978126228030000,-3.6660455358600394e+34,1.8331518525371848e-9,119165001728,
30.318,-37462014823816495000,-0.058685485273599625,64852978126228030000,-3.6660455358600394e+34,1.8331518525371848e-9,119165001728,
30.328,-37462014823816495000,-0.058685485273599625,64852978126228030000,-3.6660455358600394e+34,1.8331518525371848e-9,119165001728,
30.338,-37462014823816495000,-0.058685485273599625,64852978126228030000,-3.6660455358600394e+34,1.8331518525371848e-9,119165001728,
30.348,-37462014823816495000,-0.058685485273599625,64852978126228030000,-3.6660455358600394e+34,1.8331518525371848e-9,119165001728,
30.358,-37462014823816495000,-0.058685485273599625,64852978126228030000,-3.6660455358600394e+34,1.8331518525371848e-9,119165001728,
30.368,-37462014823816495000,-0.058685485273599625,64852978126228030000,-3.6660455358600394e+34,1.8331518525371848e-9,119165001728,
30.378,-37462014823816495000,-0.058685485273599625,64852978126228030000,-3.6660455358600394e+34,1.8331518525371848e-9,119165001728,
30.388,-37462014823816495000,-0.058685485273599625,64852978126228030000,-3.6660455358600394e+34,1.8331518525371848e-9,119165001728,
30.398,-37462014823816495000,-0.058685485273599625,64852978126228030000,-3.6660455358600394e+34,1.8331518525371848e-9,119165001728,
30.408,-37462014823816495000,-0.058685485273599625,64852978126228030000,-3.6660455358600394e+34,1.8331518525371848e-9,119165001728,
30.418,-37462014823816495000,-0.058685485273599625,64852978126228030000,-3.6660455358600394e+34,1.8331518525371848e-9,119165001728,
30.428,-37462014823816495000,-0.058685485273599625,64852978126228030000,-3.6660455358600394e+34,1.8331518525371848e-9,119165001728,
30.438,-37462014823816495000,-0.058685485273599625,64852978126228030000,-3.6660455358600394e+34,1.8331518525371848e-9,119165001728,
30.448,-37462014823816495000,-0.058685485273599625,64852978126228030000,-3.6660455358600394e+34,1.8331518525371848e-9,119165001728,
30.458,-37462014823816495000,-0.058685485273599625,64852978126228030000,-3.6660455358600394e+34,1.8331518525371848e-9,119165001728,
30.468,-37462014823816495000,-0.058685485273599625,64852978126228030000,-3.6660455358600394e+34,1.8331518525371848e-9,119165001728,
30.478,-37462014823816495000,-0.058685485273599625,64852978126228030000,-3.6660455358600394e+34,1.8331518525371848e-9,119165001728,
30.488,-37462014823816495000,-0.058685485273599625,64852978126228030000,-3.6660455358600394e+34,1.8331518525371848e-9,119165001728,
30.498,-37462014823816495000,-0.058685485273599625,64852978126228030000,-3.6660455358600394e+34,1.8331518525371848e-9,119165001728,
30.508,-37462014823816495000,-0.058685485273599625,64852978126228030000,-3.6660455358600394e+34,1.8331518525371848e-9,119165001728,
30.518,-37462014823816495000,-0.058685485273599625,64852978126228030000,-3.6660455358600394e+34,1.8331518525371848e-9,119165001728,
30.528,-37462014823816495000,-0.058685485273599625,64852978126228030000,-3.6660455358600394e+34,1.8331518525371848e-9,119165001728,
30.538,-37462014823816495000,-0.058685485273599625,64852978126228030000,-3.6660455358600394e+34,1.8331518525371848e-9,119165001728,
30.548,-37462014823816495000,-0.058685485273599625,64852978126228030000,-3.6660455358600394e+34,1.8331518525371848e-9,119165001728,
30.558,-37462014823816495000,-0.058685485273599625,64852978126228030000,-3.6660455358600394e+34,1.8331518525371848e-9,119165001728,
30.568,-37462014823816495000,-0.058685485273599625,64852978126228030000,-3.6660455358600394e+34,1.8331518525371848e-9,119165001728,
30.578,-37462014823816495000,-0.058685485273599625,64852978126228030000,-3.6660455358600394e+34,1.8331518525371848e-9,119165001728,
30.588,-37462014823816495000,-0.058685485273599625,64852978126228030000,-3.6660455358600394e+34,1.8331518525371848e-9,119165001728,
30.598,-37462014823816495000,-0.058685485273599625,64852978126228030000,-3.6660455358600394e+34,1.8331518525371848e-9,119165001728,
30.608,-37462014823816495000,-0.058685485273599625,64852978126228030000,-3.6660455358600394e+34,1.8331518525371848e-9,119165001728,
30.618,-37462014823816495000,-0.058685485273599625,64852978126228030000,-3.6660455358600394e+34,1.8331518525371848e-9,119165001728,
30.628,-37462014823816495000,-0.058685485273599625,64852978126228030000,-3.6660455358600394e+34,1.8331518525371848e-9,119165001728,
30.638,-37462014823816495000,-0.058685485273599625,64852978126228030000,-3.6660455358600394e+34,1.8331518525371848e-9,119165001728,
30.648,-37462014823816495000,-0.058685485273599625,64852978126228030000,-3.6660455358600394e+34,1.8331518525371848e-9,119165001728,
30.658,-37462014823816495000,-0.058685485273599625,64852978126228030000,-3.6660455358600394e+34,1.8331518525371848e-9,119165001728,
30.668,-37462014823816495000,-0.058685485273599625,64852978126228030000,-3.6660455358600394e+34,1.8331518525371848e-9,119165001728,
30.678,-37462014823816495000,-0.058685485273599625,64852978126228030000,-3.6660455358600394e+34,1.8331518525371848e-9,119165001728,
30.688,-37462014823816495000,-0.058685485273599625,64852978126228030000,-3.6660455358600394e+34,1.8331518525371848e-9,119165001728,
30.698,-37462014823816495000,-0.058685485273599625,64852978126228030000,-3.6660455358600394e+34,1.8331518525371848e-9,119165001728,
30.708,-37462014823816495000,-0.058685485273599625,64852978126228030000,-3.6660455358600394e+34,1.8331518525371848e-9,119165001728,
30.718,-37462014823816495000,-0.058685485273599625,64852978126228030000,-3.6660455358600394e+34,1.8331518525371848e-9,119165001728,
30.728,-37462014823816495000,-0.058685485273599625,64852978126228030000,-3.6660455358600394e+34,1.8331518525371848e-9,119165001728,
30.738,-37462014823816495000,-0.058685485273599625,64852978126228030000,-3.6660455358600394e+34,1.8331518525371848e-9,119165001728,
30.748,-37462014823816495000,-0.058685485273599625,64852978126228030000,-3.6660455358600394e+34,1.8331518525371848e-9,119165001728,
30.758,-37462014823816495000,-0.058685485273599625,64852978126228030000,-3.6660455358600394e+34,1.8331518525371848e-9,119165001728,
30.768,-37462014823816495000,-0.058685485273599625,64852978126228030000,-3.6660455358600394e+34,1.8331518525371848e-9,119165001728,
30.778,-37462014823816495000,-0.058685485273599625,64852978126228030000,-3.6660455358600394e+34,1.8331518525371848e-9,119165001728,
30.788,-37462014823816495000,-0.058685485273599625,64852978126228030000,-3.6660455358600394e+34,1.8331518525371848e-9,119165001728,
30.798,-37462014823816495000,-0.058685485273599625,64852978126228030000,-3.6660455358600394e+34,1.8331518525371848e-9,119165001728,
30.808,-37462014823816495000,-0.058685485273599625,64852978126228030000,-3.6660455358600394e+34,1.8331518525371848e-9,119165001728,
30.818,-37462014823816495000,-0.058685485273599625,64852978126228030000,-3.6660455358600394e+34,1.8331518525371848e-9,119165001728,
30.828,-37462014823816495000,-0.058685485273599625,64852978126228030000,-3.6660455358600394e+34,1.8331518525371848e-9,119165001728,
30.838,-37462014823816495000,-0.058685485273599625,64852978126228030000,-3.6660455358600394e+34,1.8331518525371848e-9,119165001728,
30.848,-37462014823816495000,-0.058685485273599625,64852978126228030000,-3.6660455358600394e+34,1.8331518525371848e-9,119165001728,
30.858,-37462014823816495000,-0.058685485273599625,64852978126228030000,-3.6660455358600394e+34,1.8331518525371848e-9,119165001728,
30.868,-37462014823816495000,-0.058685485273599625,64852978126228030000,-3.6660455358600394e+34,1.8331518525371848e-9,119165001728,
30.878,-37462014823816495000,-0.058685485273599625,64852978126228030000,-3.6660455358600394e+34,1.8331518525371848e-9,119165001728,
30.888,-37462014823816495000,-0.058685485273599625,64852978126228030000,-3.6660455358600394e+34,1.8331518525371848e-9,119165001728,
30.898,-37462014823816495000,-0.058685485273599625,64852978126228030000,-3.6660455358600394e+34,1.8331518525371848e-9,119165001728,
30.908,-37462014823816495000,-0.058685485273599625,64852978126228030000,-3.6660455358600394e+34,1.8331518525371848e-9,119165001728,
30.918,-37462014823816495000,-0.058685485273599625,64852978126228030000,-3.6660455358600394e+34,1.8331518525371848e-9,119165001728,
30.928,-37462014823816495000,-0.058685485273599625,64852978126228030000,-3.6660455358600394e+34,1.8331518525371848e-9,119165001728,
30.938,-37462014823816495000,-0.058685485273599625,64852978126228030000,-3.6660455358600394e+34,1.8331518525371848e-9,119165001728,
30.948,-37462014823816495000,-0.058685485273599625,64852978126228030000,-3.6660455358600394e+34,1.8331518525371848e-9,119165001728,
30.958,-37462014823816495000,-0.058685485273599625,64852978126228030000,-3.6660455358600394e+34,1.8331518525371848e-9,119165001728,
30.968,-37462014823816495000,-0.058685485273599625,64852978126228030000,-3.6660455358600394e+34,1.8331518525371848e-9,119165001728,
30.978,-37462014823816495000,-0.058685485273599625,64852978126228030000,-3.6660455358600394e+34,1.8331518525371848e-9,119165001728,
30.988,-37462014823816495000,-0.058685485273599625,64852978126228030000,-3.6660455358600394e+34,1.8331518525371848e-9,119165001728,
30.998,-37462014823816495000,-0.058685485273599625,64852978126228030000,-3.6660455358600394e+34,1.8331518525371848e-9,119165001728,
31.008,-37462014823816495000,-0.058685485273599625,64852978126228030000,-3.6660455358600394e+34,1.8331518525371848e-9,119165001728,
31.018,-37462014823816495000,-0.058685485273599625,64852978126228030000,-3.6660455358600394e+34,1.8331518525371848e-9,119165001728,
31.028,-37462014823816495000,-0.058685485273599625,64852978126228030000,-3.6660455358600394e+34,1.8331518525371848e-9,119165001728,
31.038,-37462014823816495000,-0.058685485273599625,64852978126228030000,-3.6660455358600394e+34,1.8331518525371848e-9,119165001728,
31.048,-37462014823816495000,-0.058685485273599625,64852978126228030000,-3.6660455358600394e+34,1.8331518525371848e-9,119165001728,
31.058,-37462014823816495000,-0.058685485273599625,64852978126228030000,-3.6660455358600394e+34,1.8331518525371848e-9,119165001728,
31.068,-37462014823816495000,-0.058685485273599625,64852978126228030000,-3.6660455358600394e+34,1.8331518525371848e-9,119165001728,
31.078,-37462014823816495000,-0.058685485273599625,64852978126228030000,-3.6660455358600394e+34,1.8331518525371848e-9,119165001728,
31.088,-37462014823816495000,-0.058685485273599625,64852978126228030000,-3.6660455358600394e+34,1.8331518525371848e-9,119165001728,
31.098,-37462014823816495000,-0.058685485273599625,64852978126228030000,-3.6660455358600394e+34,1.8331518525371848e-9,119165001728,
31.108,-37462014823816495000,-0.058685485273599625,64852978126228030000,-3.6660455358600394e+34,1.8331518525371848e-9,119165001728,
31.118,-37462014823816495000,-0.058685485273599625,64852978126228030000,-3.6660455358600394e+34,1.8331518525371848e-9,119165001728,
31.128,-37462014823816495000,-0.058685485273599625,64852978126228030000,-3.6660455358600394e+34,1.8331518525371848e-9,119165001728,
31.138,-37462014823816495000,-0.058685485273599625,64852978126228030000,-3.6660455358600394e+34,1.8331518525371848e-9,119165001728,
31.148,-37462014823816495000,-0.058685485273599625,64852978126228030000,-3.6660455358600394e+34,1.8331518525371848e-9,119165001728,
31.158,-37462014823816495000,-0.058685485273599625,64852978126228030000,-3.6660455358600394e+34,1.8331518525371848e-9,119165001728,
31.168,-37462014823816495000,-0.058685485273599625,64852978126228030000,-3.6660455358600394e+34,1.8331518525371848e-9,119165001728,
31.178,-37462014823816495000,-0.058685485273599625,64852978126228030000,-3.6660455358600394e+34,1.8331518525371848e-9,119165001728,
31.188,-37462014823816495000,-0.058685485273599625,64852978126228030000,-3.6660455358600394e+34,1.8331518525371848e-9,119165001728,
31.198,-37462014823816495000,-0.058685485273599625,64852978126228030000,-3.6660455358600394e+34,1.8331518525371848e-9,119165001728,
31.208,-37462014823816495000,-0.058685485273599625,64852978126228030000,-3.6660455358600394e+34,1.8331518525371848e-9,119165001728,
31.218,-37462014823816495000,-0.058685485273599625,64852978126228030000,-3.6660455358600394e+34,1.8331518525371848e-9,119165001728,
31.228,-37462014823816495000,-0.058685485273599625,64852978126228030000,-3.6660455358600394e+34,1.8331518525371848e-9,119165001728,
31.238,-37462014823816495000,-0.058685485273599625,64852978126228030000,-3.6660455358600394e+34,1.8331518525371848e-9,119165001728,
31.248,-37462014823816495000,-0.058685485273599625,64852978126228030000,-3.6660455358600394e+34,1.8331518525371848e-9,119165001728,
31.258,-37462014823816495000,-0.058685485273599625,64852978126228030000,-3.6660455358600394e+34,1.8331518525371848e-9,119165001728,
31.268,-37462014823816495000,-0.058685485273599625,64852978126228030000,-3.6660455358600394e+34,1.8331518525371848e-9,119165001728,
31.278,-37462014823816495000,-0.058685485273599625,64852978126228030000,-3.6660455358600394e+34,1.8331518525371848e-9,119165001728,
31.288,-37462014823816495000,-0.058685485273599625,64852978126228030000,-3.6660455358600394e+34,1.8331518525371848e-9,119165001728,
31.298,-37462014823816495000,-0.058685485273599625,64852978126228030000,-3.6660455358600394e+34,1.8331518525371848e-9,119165001728,
31.308,-37462014823816495000,-0.058685485273599625,64852978126228030000,-3.6660455358600394e+34,1.8331518525371848e-9,119165001728,
31.318,-37462014823816495000,-0.058685485273599625,64852978126228030000,-3.6660455358600394e+34,1.8331518525371848e-9,119165001728,
31.328,-37462014823816495000,-0.058685485273599625,64852978126228030000,-3.6660455358600394e+34,1.8331518525371848e-9,119165001728,
31.338,-37462014823816495000,-0.058685485273599625,64852978126228030000,-3.6660455358600394e+34,1.8331518525371848e-9,119165001728,
31.348,-37462014823816495000,-0.058685485273599625,64852978126228030000,-3.6660455358600394e+34,1.8331518525371848e-9,119165001728,
31.358,-37462014823816495000,-0.058685485273599625,64852978126228030000,-3.6660455358600394e+34,1.8331518525371848e-9,119165001728,
31.368,-37462014823816495000,-0.058685485273599625,64852978126228030000,-3.6660455358600394e+34,1.8331518525371848e-9,119165001728,
31.378,-37462014823816495000,-0.058685485273599625,64852978126228030000,-3.6660455358600394e+34,1.8331518525371848e-9,119165001728,
31.388,-37462014823816495000,-0.058685485273599625,64852978126228030000,-3.6660455358600394e+34,1.8331518525371848e-9,119165001728,
31.398,-37462014823816495000,-0.058685485273599625,64852978126228030000,-3.6660455358600394e+34,1.8331518525371848e-9,119165001728,
31.408,-37462014823816495000,-0.058685485273599625,64852978126228030000,-3.6660455358600394e+34,1.8331518525371848e-9,119165001728,
31.418,-37462014823816495000,-0.058685485273599625,64852978126228030000,-3.6660455358600394e+34,1.8331518525371848e-9,119165001728,
31.428,-37462014823816495000,-0.058685485273599625,64852978126228030000,-3.6660455358600394e+34,1.8331518525371848e-9,119165001728,
31.438,-37462014823816495000,-0.058685485273599625,64852978126228030000,-3.6660455358600394e+34,1.8331518525371848e-9,119165001728,
31.448,-37462014823816495000,-0.058685485273599625,64852978126228030000,-3.6660455358600394e+34,1.8331518525371848e-9,119165001728,
31.458,-37462014823816495000,-0.058685485273599625,64852978126228030000,-3.6660455358600394e+34,1.8331518525371848e-9,119165001728,
31.468,-37462014823816495000,-0.058685485273599625,64852978126228030000,-3.6660455358600394e+34,1.8331518525371848e-9,119165001728,
31.478,-37462014823816495000,-0.058685485273599625,64852978126228030000,-3.6660455358600394e+34,1.8331518525371848e-9,119165001728,
31.488,-37462014823816495000,-0.058685485273599625,64852978126228030000,-3.6660455358600394e+34,1.8331518525371848e-9,119165001728,
31.498,-37462014823816495000,-0.058685485273599625,64852978126228030000,-3.6660455358600394e+34,1.8331518525371848e-9,119165001728,
31.508,-37462014823816495000,-0.058685485273599625,64852978126228030000,-3.6660455358600394e+34,1.8331518525371848e-9,119165001728,
31.518,-37462014823816495000,-0.058685485273599625,64852978126228030000,-3.6660455358600394e+34,1.8331518525371848e-9,119165001728,
31.528,-37462014823816495000,-0.058685485273599625,64852978126228030000,-3.6660455358600394e+34,1.8331518525371848e-9,119165001728,
31.538,-37462014823816495000,-0.058685485273599625,64852978126228030000,-3.6660455358600394e+34,1.8331518525371848e-9,119165001728,
31.548,-37462014823816495000,-0.058685485273599625,64852978126228030000,-3.6660455358600394e+34,1.8331518525371848e-9,119165001728,
31.558,-37462014823816495000,-0.058685485273599625,64852978126228030000,-3.6660455358600394e+34,1.8331518525371848e-9,119165001728,
31.568,-37462014823816495000,-0.058685485273599625,64852978126228030000,-3.6660455358600394e+34,1.8331518525371848e-9,119165001728,
31.578,-37462014823816495000,-0.058685485273599625,64852978126228030000,-3.6660455358600394e+34,1.8331518525371848e-9,119165001728,
31.588,-37462014823816495000,-0.058685485273599625,64852978126228030000,-3.6660455358600394e+34,1.8331518525371848e-9,119165001728,
31.598,-37462014823816495000,-0.058685485273599625,64852978126228030000,-3.6660455358600394e+34,1.8331518525371848e-9,119165001728,
31.608,-37462014823816495000,-0.058685485273599625,64852978126228030000,-3.6660455358600394e+34,1.8331518525371848e-9,119165001728,
31.618,-37462014823816495000,-0.058685485273599625,64852978126228030000,-3.6660455358600394e+34,1.8331518525371848e-9,119165001728,
31.628,-37462014823816495000,-0.058685485273599625,64852978126228030000,-3.6660455358600394e+34,1.8331518525371848e-9,119165001728,
31.638,-37462014823816495000,-0.058685485273599625,64852978126228030000,-3.6660455358600394e+34,1.8331518525371848e-9,119165001728,
31.648,-37462014823816495000,-0.058685485273599625,64852978126228030000,-3.6660455358600394e+34,1.8331518525371848e-9,119165001728,
31.658,-37462014823816495000,-0.058685485273599625,64852978126228030000,-3.6660455358600394e+34,1.8331518525371848e-9,119165001728,
31.668,-37462014823816495000,-0.058685485273599625,64852978126228030000,-3.6660455358600394e+34,1.8331518525371848e-9,119165001728,
31.678,-37462014823816495000,-0.058685485273599625,64852978126228030000,-3.6660455358600394e+34,1.8331518525371848e-9,119165001728,
31.688,-37462014823816495000,-0.058685485273599625,64852978126228030000,-3.6660455358600394e+34,1.8331518525371848e-9,119165001728,
31.698,-37462014823816495000,-0.058685485273599625,64852978126228030000,-3.6660455358600394e+34,1.8331518525371848e-9,119165001728,
31.708,-37462014823816495000,-0.058685485273599625,64852978126228030000,-3.6660455358600394e+34,1.8331518525371848e-9,119165001728,
31.718,-37462014823816495000,-0.058685485273599625,64852978126228030000,-3.6660455358600394e+34,1.8331518525371848e-9,119165001728,
31.728,-37462014823816495000,-0.058685485273599625,64852978126228030000,-3.6660455358600394e+34,1.8331518525371848e-9,119165001728,
31.738,-37462014823816495000,-0.058685485273599625,64852978126228030000,-3.6660455358600394e+34,1.8331518525371848e-9,119165001728,
31.748,-37462014823816495000,-0.058685485273599625,64852978126228030000,-3.6660455358600394e+34,1.8331518525371848e-9,119165001728,
31.758,-37462014823816495000,-0.058685485273599625,64852978126228030000,-3.6660455358600394e+34,1.8331518525371848e-9,119165001728,
31.768,-37462014823816495000,-0.058685485273599625,64852978126228030000,-3.6660455358600394e+34,1.8331518525371848e-9,119165001728,
31.778,-37462014823816495000,-0.058685485273599625,64852978126228030000,-3.6660455358600394e+34,1.8331518525371848e-9,119165001728,
31.788,-37462014823816495000,-0.058685485273599625,64852978126228030000,-3.6660455358600394e+34,1.8331518525371848e-9,119165001728,
31.798,-37462014823816495000,-0.058685485273599625,64852978126228030000,-3.6660455358600394e+34,1.8331518525371848e-9,119165001728,
31.808,-37462014823816495000,-0.058685485273599625,64852978126228030000,-3.6660455358600394e+34,1.8331518525371848e-9,119165001728,
31.818,-37462014823816495000,-0.058685485273599625,64852978126228030000,-3.6660455358600394e+34,1.8331518525371848e-9,119165001728,
31.828,-37462014823816495000,-0.058685485273599625,64852978126228030000,-3.6660455358600394e+34,1.8331518525371848e-9,119165001728,
31.838,-37462014823816495000,-0.058685485273599625,64852978126228030000,-3.6660455358600394e+34,1.8331518525371848e-9,119165001728,
31.848,-37462014823816495000,-0.058685485273599625,64852978126228030000,-3.6660455358600394e+34,1.8331518525371848e-9,119165001728,
31.858,-37462014823816495000,-0.058685485273599625,64852978126228030000,-3.6660455358600394e+34,1.8331518525371848e-9,119165001728,
31.868,-37462014823816495000,-0.058685485273599625,64852978126228030000,-3.6660455358600394e+34,1.8331518525371848e-9,119165001728,
31.878,-37462014823816495000,-0.058685485273599625,64852978126228030000,-3.6660455358600394e+34,1.8331518525371848e-9,119165001728,
31.888,-37462014823816495000,-0.058685485273599625,64852978126228030000,-3.6660455358600394e+34,1.8331518525371848e-9,119165001728,
31.898,-37462014823816495000,-0.058685485273599625,64852978126228030000,-3.6660455358600394e+34,1.8331518525371848e-9,119165001728,
31.908,-37462014823816495000,-0.058685485273599625,64852978126228030000,-3.6660455358600394e+34,1.8331518525371848e-9,119165001728,
31.918,-37462014823816495000,-0.058685485273599625,64852978126228030000,-3.6660455358600394e+34,1.8331518525371848e-9,119165001728,
31.928,-37462014823816495000,-0.058685485273599625,64852978126228030000,-3.6660455358600394e+34,1.8331518525371848e-9,119165001728,
