time;copter_pitch_angle;copter_pitch_angle_kal;copter_pitch_angle_komp;copter_roll_angle;copter_roll_angle_kal;copter_roll_angle_komp;
34,843;18,4375;19,09483528137207;19,106313705444336;-24,5625;-24,331531524658203;-24,333740234375;
34,845;18,4375;19,09483528137207;19,106313705444336;-24,5625;-24,331531524658203;-24,333740234375;
34,847;18,4375;19,09483528137207;19,106313705444336;-24,5625;-24,331531524658203;-24,333740234375;
34,849;18,4375;19,092321395874023;19,10314178466797;-24,5625;-24,32990837097168;-24,333173751831055;
34,85;18,4375;19,092321395874023;19,10314178466797;-24,5625;-24,32990837097168;-24,333173751831055;
34,852;18,4375;19,092321395874023;19,10314178466797;-24,5625;-24,32990837097168;-24,333173751831055;
34,854;18,4375;19,092321395874023;19,10314178466797;-24,5625;-24,32990837097168;-24,333173751831055;
34,855;18,4375;19,092321395874023;19,10314178466797;-24,5625;-24,32990837097168;-24,333173751831055;
34,857;18,4375;19,092321395874023;19,10314178466797;-24,5625;-24,32990837097168;-24,333173751831055;
34,858;18,4375;19,091163635253906;19,102296829223633;-24,5625;-24,32979393005371;-24,332271575927734;
34,859;18,4375;19,091163635253906;19,102296829223633;-24,5625;-24,32979393005371;-24,332271575927734;
34,861;18,4375;19,091163635253906;19,102296829223633;-24,5625;-24,32979393005371;-24,332271575927734;
34,863;18,4375;19,091163635253906;19,102296829223633;-24,5625;-24,32979393005371;-24,332271575927734;
34,864;18,4375;19,095760345458984;19,10502052307129;-24,5625;-24,325267791748047;-24,329269409179688;
34,866;18,4375;19,095760345458984;19,10502052307129;-24,5625;-24,325267791748047;-24,329269409179688;
34,867;18,4375;19,095760345458984;19,10502052307129;-24,5625;-24,325267791748047;-24,329269409179688;
34,869;18,4375;19,095760345458984;19,10502052307129;-24,5625;-24,325267791748047;-24,329269409179688;
34,87;18,4375;19,095760345458984;19,10502052307129;-24,5625;-24,325267791748047;-24,329269409179688;
34,872;18,4375;19,095760345458984;19,10502052307129;-24,5625;-24,325267791748047;-24,329269409179688;
34,873;18,4375;19,095760345458984;19,10502052307129;-24,5625;-24,325267791748047;-24,329269409179688;
34,875;18,4375;19,095760345458984;19,10502052307129;-24,5625;-24,325267791748047;-24,329269409179688;
34,876;18,4375;19,095760345458984;19,10502052307129;-24,5625;-24,325267791748047;-24,329269409179688;
34,878;18,4375;19,095369338989258;19,104490280151367;-24,5625;-24,32758903503418;-24,33095359802246;
34,879;18,4375;19,095369338989258;19,104490280151367;-24,5625;-24,32758903503418;-24,33095359802246;
34,881;18,4375;19,095369338989258;19,104490280151367;-24,5625;-24,32758903503418;-24,33095359802246;
34,883;18,4375;19,095369338989258;19,104490280151367;-24,5625;-24,32758903503418;-24,33095359802246;
34,884;18,4375;19,095369338989258;19,104490280151367;-24,5625;-24,32758903503418;-24,33095359802246;
34,885;18,4375;19,095369338989258;19,104490280151367;-24,5625;-24,32758903503418;-24,33095359802246;
34,887;18,4375;19,095369338989258;19,104490280151367;-24,5625;-24,32758903503418;-24,33095359802246;
34,888;18,4375;19,09331703186035;19,102718353271484;-24,5625;-24,327627182006836;-24,33127212524414;
34,89;18,4375;19,09331703186035;19,102718353271484;-24,5625;-24,327627182006836;-24,33127212524414;
34,891;18,4375;19,09331703186035;19,102718353271484;-24,5625;-24,327627182006836;-24,33127212524414;
34,893;18,4375;19,09331703186035;19,102718353271484;-24,5625;-24,327627182006836;-24,33127212524414;
34,894;18,4375;19,09331703186035;19,102718353271484;-24,5625;-24,327627182006836;-24,33127212524414;
34,896;18,4375;19,09331703186035;19,102718353271484;-24,5625;-24,327627182006836;-24,33127212524414;
34,897;18,4375;19,09331703186035;19,102718353271484;-24,5625;-24,327627182006836;-24,33127212524414;
34,899;18,4375;19,09756088256836;19,106555938720703;-24,5625;-24,325571060180664;-24,329925537109375;
34,901;18,4375;19,09756088256836;19,106555938720703;-24,5625;-24,325571060180664;-24,329925537109375;
34,902;18,4375;19,09756088256836;19,106555938720703;-24,5625;-24,325571060180664;-24,329925537109375;
34,904;18,4375;19,09756088256836;19,106555938720703;-24,5625;-24,325571060180664;-24,329925537109375;
34,906;18,4375;19,09756088256836;19,106555938720703;-24,5625;-24,325571060180664;-24,329925537109375;
34,907;18,4375;19,09756088256836;19,106555938720703;-24,5625;-24,325571060180664;-24,329925537109375;
34,909;18,4375;19,100318908691406;19,108745574951172;-24,5625;-24,32328987121582;-24,328306198120117;
34,911;18,4375;19,100318908691406;19,108745574951172;-24,5625;-24,32328987121582;-24,328306198120117;
34,912;18,4375;19,100318908691406;19,108745574951172;-24,5625;-24,32328987121582;-24,328306198120117;
34,914;18,4375;19,09880828857422;19,107656478881836;-24,5625;-24,319063186645508;-24,32493782043457;
34,916;18,4375;19,09880828857422;19,107656478881836;-24,5625;-24,319063186645508;-24,32493782043457;
34,918;18,4375;19,09880828857422;19,107656478881836;-24,5625;-24,319063186645508;-24,32493782043457;
34,919;18,4375;19,09880828857422;19,107656478881836;-24,5625;-24,319063186645508;-24,32493782043457;
34,921;18,4375;19,09880828857422;19,107656478881836;-24,5625;-24,319063186645508;-24,32493782043457;
34,922;18,4375;19,09880828857422;19,107656478881836;-24,5625;-24,319063186645508;-24,32493782043457;
34,924;18,4375;19,09880828857422;19,107656478881836;-24,5625;-24,319063186645508;-24,32493782043457;
34,926;18,4375;19,09880828857422;19,107656478881836;-24,5625;-24,319063186645508;-24,32493782043457;
34,927;18,4375;19,09880828857422;19,107656478881836;-24,5625;-24,319063186645508;-24,32493782043457;
34,929;18,4375;19,094635009765625;19,1044921875;-24,5625;-24,321002960205078;-24,325864791870117;
34,931;18,4375;19,094635009765625;19,1044921875;-24,5625;-24,321002960205078;-24,325864791870117;
34,933;18,4375;19,094635009765625;19,1044921875;-24,5625;-24,321002960205078;-24,325864791870117;
34,934;18,4375;19,094635009765625;19,1044921875;-24,5625;-24,321002960205078;-24,325864791870117;
34,936;18,4375;19,094635009765625;19,1044921875;-24,5625;-24,321002960205078;-24,325864791870117;
34,937;18,4375;19,094635009765625;19,1044921875;-24,5625;-24,321002960205078;-24,325864791870117;
34,939;18,4375;19,092195510864258;19,102684020996094;-24,5625;-24,317432403564453;-24,323440551757812;
34,94;18,4375;19,092195510864258;19,102684020996094;-24,5625;-24,317432403564453;-24,323440551757812;
34,942;18,4375;19,092195510864258;19,102684020996094;-24,5625;-24,317432403564453;-24,323440551757812;
34,943;18,4375;19,092195510864258;19,102684020996094;-24,5625;-24,317432403564453;-24,323440551757812;
34,945;18,4375;19,092195510864258;19,102684020996094;-24,5625;-24,317432403564453;-24,323440551757812;
34,947;18,4375;19,092195510864258;19,102684020996094;-24,5625;-24,317432403564453;-24,323440551757812;
34,948;18,4375;19,086681365966797;19,098379135131836;-24,5625;-24,311594009399414;-24,318836212158203;
34,95;18,4375;19,086681365966797;19,098379135131836;-24,5625;-24,311594009399414;-24,318836212158203;
34,952;18,4375;19,086681365966797;19,098379135131836;-24,5625;-24,311594009399414;-24,318836212158203;
34,953;18,4375;19,086681365966797;19,098379135131836;-24,5625;-24,311594009399414;-24,318836212158203;
34,955;18,4375;19,086681365966797;19,098379135131836;-24,5625;-24,311594009399414;-24,318836212158203;
34,957;18,4375;19,086681365966797;19,098379135131836;-24,5625;-24,311594009399414;-24,318836212158203;
34,958;18,4375;19,087793350219727;19,098886489868164;-24,5625;-24,3148250579834;-24,320858001708984;
34,96;18,4375;19,087793350219727;19,098886489868164;-24,5625;-24,3148250579834;-24,320858001708984;
34,962;18,4375;19,087793350219727;19,098886489868164;-24,5625;-24,3148250579834;-24,320858001708984;
34,963;18,4375;19,087793350219727;19,098886489868164;-24,5625;-24,3148250579834;-24,320858001708984;
34,965;18,4375;19,091506958007812;19,101417541503906;-24,5625;-24,31668472290039;-24,32259178161621;
34,966;18,4375;19,091506958007812;19,101417541503906;-24,5625;-24,31668472290039;-24,32259178161621;
34,968;18,4375;19,091506958007812;19,101417541503906;-24,5625;-24,31668472290039;-24,32259178161621;
34,97;18,4375;19,091506958007812;19,101417541503906;-24,5625;-24,31668472290039;-24,32259178161621;
34,971;18,4375;19,091506958007812;19,101417541503906;-24,5625;-24,31668472290039;-24,32259178161621;
34,973;18,4375;19,091506958007812;19,101417541503906;-24,5625;-24,31668472290039;-24,32259178161621;
34,974;18,4375;19,091506958007812;19,101417541503906;-24,5625;-24,31668472290039;-24,32259178161621;
34,976;18,4375;19,091506958007812;19,101417541503906;-24,5625;-24,31668472290039;-24,32259178161621;
34,977;18,4375;19,091506958007812;19,101417541503906;-24,5625;-24,31668472290039;-24,32259178161621;
34,979;18,4375;19,08890724182129;19,099658966064453;-24,5625;-24,317106246948242;-24,323081970214844;
34,98;18,4375;19,08890724182129;19,099658966064453;-24,5625;-24,317106246948242;-24,323081970214844;
34,982;18,4375;19,08890724182129;19,099658966064453;-24,5625;-24,317106246948242;-24,323081970214844;
34,983;18,4375;19,08890724182129;19,099658966064453;-24,5625;-24,317106246948242;-24,323081970214844;
34,984;18,4375;19,08890724182129;19,099658966064453;-24,5625;-24,317106246948242;-24,323081970214844;
34,985;18,4375;19,08890724182129;19,099658966064453;-24,5625;-24,317106246948242;-24,323081970214844;
34,986;18,4375;19,08890724182129;19,099658966064453;-24,5625;-24,317106246948242;-24,323081970214844;
34,987;18,4375;19,08890724182129;19,099658966064453;-24,5625;-24,317106246948242;-24,323081970214844;
34,988;18,4375;19,089149475097656;19,099668502807617;-24,5625;-24,315261840820312;-24,32280158996582;
34,99;18,4375;19,089149475097656;19,099668502807617;-24,5625;-24,315261840820312;-24,32280158996582;
34,991;18,4375;19,089149475097656;19,099668502807617;-24,5625;-24,315261840820312;-24,32280158996582;
34,992;18,4375;19,089149475097656;19,099668502807617;-24,5625;-24,315261840820312;-24,32280158996582;
34,993;18,4375;19,089149475097656;19,099668502807617;-24,5625;-24,315261840820312;-24,32280158996582;
34,994;18,4375;19,089149475097656;19,099668502807617;-24,5625;-24,315261840820312;-24,32280158996582;
34,996;18,4375;19,089149475097656;19,099668502807617;-24,5625;-24,315261840820312;-24,32280158996582;
34,997;18,4375;19,089149475097656;19,099668502807617;-24,5625;-24,315261840820312;-24,32280158996582;
34,998;18,4375;19,09117317199707;19,100868225097656;-24,5625;-24,316490173339844;-24,323223114013672;
35;18,4375;19,09117317199707;19,100868225097656;-24,5625;-24,316490173339844;-24,323223114013672;
35,001;18,4375;19,09117317199707;19,100868225097656;-24,5625;-24,316490173339844;-24,323223114013672;
35,002;18,4375;19,09117317199707;19,100868225097656;-24,5625;-24,316490173339844;-24,323223114013672;
35,004;18,4375;19,09117317199707;19,100868225097656;-24,5625;-24,316490173339844;-24,323223114013672;
35,005;18,4375;19,09117317199707;19,100868225097656;-24,5625;-24,316490173339844;-24,323223114013672;
35,007;18,4375;19,09117317199707;19,100868225097656;-24,5625;-24,316490173339844;-24,323223114013672;
35,009;18,4375;19,09196662902832;19,101741790771484;-24,5625;-24,3160400390625;-24,322168350219727;
35,01;18,4375;19,09196662902832;19,101741790771484;-24,5625;-24,3160400390625;-24,322168350219727;
35,012;18,4375;19,09196662902832;19,101741790771484;-24,5625;-24,3160400390625;-24,322168350219727;
35,013;18,4375;19,09196662902832;19,101741790771484;-24,5625;-24,3160400390625;-24,322168350219727;
35,015;18,4375;19,091447830200195;19,10249137878418;-24,5625;-24,319351196289062;-24,324077606201172;
35,017;18,4375;19,091447830200195;19,10249137878418;-24,5625;-24,319351196289062;-24,324077606201172;
35,018;18,4375;19,091447830200195;19,10249137878418;-24,5625;-24,319351196289062;-24,324077606201172;
35,019;18,4375;19,091447830200195;19,10249137878418;-24,5625;-24,319351196289062;-24,324077606201172;
35,021;18,4375;19,091447830200195;19,10249137878418;-24,5625;-24,319351196289062;-24,324077606201172;
35,022;18,4375;19,091447830200195;19,10249137878418;-24,5625;-24,319351196289062;-24,324077606201172;
35,023;18,4375;19,091447830200195;19,10249137878418;-24,5625;-24,319351196289062;-24,324077606201172;
35,025;18,4375;19,091447830200195;19,10249137878418;-24,5625;-24,319351196289062;-24,324077606201172;
35,026;18,4375;19,091447830200195;19,10249137878418;-24,5625;-24,319351196289062;-24,324077606201172;
35,028;18,4375;19,091447830200195;19,10249137878418;-24,5625;-24,319351196289062;-24,324077606201172;
35,03;18,4375;19,090967178344727;19,102432250976562;-24,5625;-24,320068359375;-24,324718475341797;
35,031;18,4375;19,090967178344727;19,102432250976562;-24,5625;-24,320068359375;-24,324718475341797;
35,033;18,4375;19,090967178344727;19,102432250976562;-24,5625;-24,320068359375;-24,324718475341797;
35,035;18,4375;19,090967178344727;19,102432250976562;-24,5625;-24,320068359375;-24,324718475341797;
35,036;18,4375;19,090967178344727;19,102432250976562;-24,5625;-24,320068359375;-24,324718475341797;
35,037;18,4375;19,090967178344727;19,102432250976562;-24,5625;-24,320068359375;-24,324718475341797;
35,039;18,4375;19,08915138244629;19,10101318359375;-24,5625;-24,31670379638672;-24,322208404541016;
35,04;18,4375;19,08915138244629;19,10101318359375;-24,5625;-24,31670379638672;-24,322208404541016;
35,042;18,4375;19,08915138244629;19,10101318359375;-24,5625;-24,31670379638672;-24,322208404541016;
35,043;18,4375;19,08915138244629;19,10101318359375;-24,5625;-24,31670379638672;-24,322208404541016;
35,045;18,4375;19,08915138244629;19,10101318359375;-24,5625;-24,31670379638672;-24,322208404541016;
35,046;18,4375;19,08915138244629;19,10101318359375;-24,5625;-24,31670379638672;-24,322208404541016;
35,048;18,4375;19,08915138244629;19,10101318359375;-24,5625;-24,31670379638672;-24,322208404541016;
35,05;18,4375;19,088136672973633;19,100027084350586;-24,5625;-24,31584358215332;-24,322267532348633;
35,051;18,4375;19,088136672973633;19,100027084350586;-24,5625;-24,31584358215332;-24,322267532348633;
35,053;18,4375;19,088136672973633;19,100027084350586;-24,5625;-24,31584358215332;-24,322267532348633;
35,054;18,4375;19,088136672973633;19,100027084350586;-24,5625;-24,31584358215332;-24,322267532348633;
35,056;18,4375;19,088136672973633;19,100027084350586;-24,5625;-24,31584358215332;-24,322267532348633;
35,058;18,4375;19,088136672973633;19,100027084350586;-24,5625;-24,31584358215332;-24,322267532348633;
35,059;18,4375;19,084957122802734;19,09781265258789;-24,5625;-24,311098098754883;-24,319217681884766;
35,061;18,4375;19,084957122802734;19,09781265258789;-24,5625;-24,311098098754883;-24,319217681884766;
35,063;18,4375;19,084957122802734;19,09781265258789;-24,5625;-24,311098098754883;-24,319217681884766;
35,064;18,4375;19,08106231689453;19,095027923583984;-24,5625;-24,30712890625;-24,316312789916992;
35,066;18,4375;19,08106231689453;19,095027923583984;-24,5625;-24,30712890625;-24,316312789916992;
35,067;18,4375;19,08106231689453;19,095027923583984;-24,5625;-24,30712890625;-24,316312789916992;
35,069;18,4375;19,08106231689453;19,095027923583984;-24,5625;-24,30712890625;-24,316312789916992;
35,07;18,4375;19,08106231689453;19,095027923583984;-24,5625;-24,30712890625;-24,316312789916992;
35,071;18,4375;19,08106231689453;19,095027923583984;-24,5625;-24,30712890625;-24,316312789916992;
35,073;18,4375;19,08106231689453;19,095027923583984;-24,5625;-24,30712890625;-24,316312789916992;
35,074;18,4375;19,08106231689453;19,095027923583984;-24,5625;-24,30712890625;-24,316312789916992;
35,076;18,4375;19,08106231689453;19,095027923583984;-24,5625;-24,30712890625;-24,316312789916992;
35,077;18,4375;19,08106231689453;19,095027923583984;-24,5625;-24,30712890625;-24,316312789916992;
35,079;18,4375;19,08106231689453;19,095027923583984;-24,5625;-24,303855895996094;-24,316312789916992;
35,08;18,4375;19,083675384521484;19,09756088256836;-24,5625;-24,303855895996094;-24,314319610595703;
35,082;18,4375;19,083675384521484;19,09756088256836;-24,5625;-24,303855895996094;-24,314319610595703;
35,083;18,4375;19,083675384521484;19,09756088256836;-24,5625;-24,303855895996094;-24,314319610595703;
35,084;18,4375;19,083675384521484;19,09756088256836;-24,5625;-24,303855895996094;-24,314319610595703;
35,086;18,4375;19,083675384521484;19,09756088256836;-24,5625;-24,303855895996094;-24,314319610595703;
35,087;18,4375;19,083675384521484;19,09756088256836;-24,5625;-24,303855895996094;-24,314319610595703;
35,089;18,4375;19,08595085144043;19,098880767822266;-24,5625;-24,299955368041992;-24,312467575073242;
35,09;18,4375;19,08595085144043;19,098880767822266;-24,5625;-24,299955368041992;-24,312467575073242;
35,091;18,4375;19,08595085144043;19,098880767822266;-24,5625;-24,299955368041992;-24,312467575073242;
35,093;18,4375;19,08595085144043;19,098880767822266;-24,5625;-24,299955368041992;-24,312467575073242;
35,094;18,4375;19,08595085144043;19,098880767822266;-24,5625;-24,299955368041992;-24,312467575073242;
35,096;18,4375;19,08595085144043;19,098880767822266;-24,5625;-24,299955368041992;-24,312467575073242;
35,098;18,4375;19,08595085144043;19,098880767822266;-24,5625;-24,299955368041992;-24,312467575073242;
35,099;18,4375;19,088523864746094;19,100400924682617;-24,5625;-24,302892684936523;-24,315078735351562;
35,1;18,4375;19,088523864746094;19,100400924682617;-24,5625;-24,302892684936523;-24,315078735351562;
35,102;18,4375;19,088523864746094;19,100400924682617;-24,5625;-24,302892684936523;-24,315078735351562;
35,103;18,4375;19,088523864746094;19,100400924682617;-24,5625;-24,302892684936523;-24,315078735351562;
35,105;18,4375;19,088523864746094;19,100400924682617;-24,5625;-24,302892684936523;-24,315078735351562;
35,106;18,4375;19,088523864746094;19,100400924682617;-24,5625;-24,302892684936523;-24,315078735351562;
35,108;18,4375;19,088523864746094;19,100400924682617;-24,5625;-24,302892684936523;-24,315078735351562;
35,109;18,4375;19,08930206298828;19,101421356201172;-24,5625;-24,29526710510254;-24,31004524230957;
35,111;18,4375;19,08930206298828;19,101421356201172;-24,5625;-24,29526710510254;-24,31004524230957;
35,112;18,4375;19,08930206298828;19,101421356201172;-24,5625;-24,29526710510254;-24,31004524230957;
35,114;18,4375;19,08930206298828;19,101421356201172;-24,5625;-24,29526710510254;-24,31004524230957;
35,115;18,4375;19,092483520507812;19,10426139831543;-24,5625;-24,29412841796875;-24,308837890625;
35,117;18,4375;19,092483520507812;19,10426139831543;-24,5625;-24,29412841796875;-24,308837890625;
35,119;18,4375;19,092483520507812;19,10426139831543;-24,5625;-24,29412841796875;-24,308837890625;
35,12;18,4375;19,092483520507812;19,10426139831543;-24,5625;-24,29412841796875;-24,308837890625;
35,122;18,4375;19,092483520507812;19,10426139831543;-24,5625;-24,29412841796875;-24,308837890625;
35,123;18,4375;19,092483520507812;19,10426139831543;-24,5625;-24,29412841796875;-24,308837890625;
35,125;18,4375;19,092483520507812;19,10426139831543;-24,5625;-24,29412841796875;-24,308837890625;
35,126;18,4375;19,092483520507812;19,10426139831543;-24,5625;-24,29412841796875;-24,308837890625;
35,128;18,4375;19,092483520507812;19,10426139831543;-24,5625;-24,29412841796875;-24,308837890625;
35,13;18,4375;19,09244155883789;19,104412078857422;-24,5625;-24,295358657836914;-24,30941390991211;
35,131;18,4375;19,09244155883789;19,104412078857422;-24,5625;-24,295358657836914;-24,30941390991211;
35,132;18,4375;19,09244155883789;19,104412078857422;-24,5625;-24,295358657836914;-24,30941390991211;
35,134;18,4375;19,09244155883789;19,104412078857422;-24,5625;-24,295358657836914;-24,30941390991211;
35,135;18,4375;19,09244155883789;19,104412078857422;-24,5625;-24,295358657836914;-24,30941390991211;
35,136;18,4375;19,09244155883789;19,104412078857422;-24,5625;-24,295358657836914;-24,30941390991211;
35,138;18,4375;19,09244155883789;19,104412078857422;-24,5625;-24,295358657836914;-24,30941390991211;
35,139;18,4375;19,097108840942383;19,10738182067871;-24,5625;-24,296403884887695;-24,3100643157959;
35,14;18,4375;19,097108840942383;19,10738182067871;-24,5625;-24,296403884887695;-24,3100643157959;
35,142;18,4375;19,097108840942383;19,10738182067871;-24,5625;-24,296403884887695;-24,3100643157959;
35,143;18,4375;19,097108840942383;19,10738182067871;-24,5625;-24,296403884887695;-24,3100643157959;
35,145;18,4375;19,097108840942383;19,10738182067871;-24,5625;-24,296403884887695;-24,3100643157959;
35,146;18,4375;19,097108840942383;19,10738182067871;-24,5625;-24,296403884887695;-24,3100643157959;
35,148;18,4375;19,097108840942383;19,10738182067871;-24,5625;-24,296403884887695;-24,3100643157959;
35,149;18,4375;19,0986385345459;19,107980728149414;-24,5625;-24,294921875;-24,308673858642578;
35,15;18,4375;19,0986385345459;19,107980728149414;-24,5625;-24,294921875;-24,308673858642578;
35,152;18,4375;19,0986385345459;19,107980728149414;-24,5625;-24,294921875;-24,308673858642578;
35,153;18,4375;19,0986385345459;19,107980728149414;-24,5625;-24,294921875;-24,308673858642578;
35,155;18,4375;19,0986385345459;19,107980728149414;-24,5625;-24,294921875;-24,308673858642578;
35,157;18,4375;19,0986385345459;19,107980728149414;-24,5625;-24,294921875;-24,308673858642578;
35,158;18,4375;19,0986385345459;19,107980728149414;-24,5625;-24,294921875;-24,308673858642578;
35,16;18,4375;19,099056243896484;19,108264923095703;-24,5625;-24,292268753051758;-24,305978775024414;
35,162;18,4375;19,099056243896484;19,108264923095703;-24,5625;-24,292268753051758;-24,305978775024414;
35,163;18,4375;19,099056243896484;19,108264923095703;-24,5625;-24,292268753051758;-24,305978775024414;
35,165;18,4375;19,10054588317871;19,109909057617188;-24,5625;-24,287521362304688;-24,301620483398438;
35,167;18,4375;19,10054588317871;19,109909057617188;-24,5625;-24,287521362304688;-24,301620483398438;
35,168;18,4375;19,10054588317871;19,109909057617188;-24,5625;-24,287521362304688;-24,301620483398438;
35,17;18,4375;19,10054588317871;19,109909057617188;-24,5625;-24,287521362304688;-24,301620483398438;
35,171;18,4375;19,10054588317871;19,109909057617188;-24,5625;-24,287521362304688;-24,301620483398438;
35,172;18,4375;19,10054588317871;19,109909057617188;-24,5625;-24,287521362304688;-24,301620483398438;
35,173;18,4375;19,10054588317871;19,109909057617188;-24,5625;-24,287521362304688;-24,301620483398438;
35,174;18,4375;19,10054588317871;19,109909057617188;-24,5625;-24,287521362304688;-24,301620483398438;
35,176;18,4375;19,10054588317871;19,109909057617188;-24,5625;-24,287521362304688;-24,301620483398438;
35,177;18,4375;19,10054588317871;19,109909057617188;-24,5625;-24,287521362304688;-24,301620483398438;
35,178;18,4375;19,10054588317871;19,109909057617188;-24,5625;-24,287521362304688;-24,301620483398438;
35,18;18,4375;19,102611541748047;19,11107063293457;-24,5625;-24,284711837768555;-24,300046920776367;
35,181;18,4375;19,102611541748047;19,11107063293457;-24,5625;-24,284711837768555;-24,300046920776367;
35,183;18,4375;19,102611541748047;19,11107063293457;-24,5625;-24,284711837768555;-24,300046920776367;
35,184;18,4375;19,102611541748047;19,11107063293457;-24,5625;-24,284711837768555;-24,300046920776367;
35,185;18,4375;19,102611541748047;19,11107063293457;-24,5625;-24,284711837768555;-24,300046920776367;
35,186;18,4375;19,102611541748047;19,11107063293457;-24,5625;-24,284711837768555;-24,300046920776367;
35,187;18,4375;19,102611541748047;19,11107063293457;-24,5625;-24,284711837768555;-24,300046920776367;
35,188;18,4375;19,102611541748047;19,11107063293457;-24,5625;-24,284711837768555;-24,300046920776367;
35,19;18,4375;19,104249954223633;19,111709594726562;-24,5625;-24,281789779663086;-24,298583984375;
35,191;18,4375;19,104249954223633;19,111709594726562;-24,5625;-24,281789779663086;-24,298583984375;
35,192;18,4375;19,104249954223633;19,111709594726562;-24,5625;-24,281789779663086;-24,298583984375;
35,194;18,4375;19,104249954223633;19,111709594726562;-24,5625;-24,281789779663086;-24,298583984375;
35,195;18,4375;19,104249954223633;19,111709594726562;-24,5625;-24,281789779663086;-24,298583984375;
35,197;18,4375;19,104249954223633;19,111709594726562;-24,5625;-24,281789779663086;-24,298583984375;
35,198;18,4375;19,104249954223633;19,111709594726562;-24,5625;-24,281789779663086;-24,298583984375;
35,2;18,4375;19,10316276550293;19,110849380493164;-24,5625;-24,282230377197266;-24,298463821411133;
35,201;18,4375;19,10316276550293;19,110849380493164;-24,5625;-24,282230377197266;-24,298463821411133;
35,202;18,4375;19,10316276550293;19,110849380493164;-24,5625;-24,282230377197266;-24,298463821411133;
35,203;18,4375;19,10316276550293;19,110849380493164;-24,5625;-24,282230377197266;-24,298463821411133;
35,204;18,4375;19,10316276550293;19,110849380493164;-24,5625;-24,282230377197266;-24,298463821411133;
35,206;18,4375;19,10316276550293;19,110849380493164;-24,5625;-24,282230377197266;-24,298463821411133;
35,207;18,4375;19,10316276550293;19,110849380493164;-24,5625;-24,282230377197266;-24,298463821411133;
35,209;18,4375;19,104780197143555;19,110849380493164;-24,5625;-24,286218643188477;-24,3018798828125;
35,21;18,4375;19,104780197143555;19,111570358276367;-24,5625;-24,286218643188477;-24,3018798828125;
35,212;18,4375;19,104780197143555;19,111570358276367;-24,5625;-24,286218643188477;-24,3018798828125;
35,213;18,4375;19,104780197143555;19,111570358276367;-24,5625;-24,286218643188477;-24,3018798828125;
35,215;18,4375;19,110973358154297;19,11586570739746;-24,5625;-24,290109634399414;-24,305208206176758;
35,216;18,4375;19,110973358154297;19,11586570739746;-24,5625;-24,290109634399414;-24,305208206176758;
35,217;18,4375;19,110973358154297;19,11586570739746;-24,5625;-24,290109634399414;-24,305208206176758;
35,219;18,4375;19,110973358154297;19,11586570739746;-24,5625;-24,290109634399414;-24,305208206176758;
35,22;18,4375;19,110973358154297;19,11586570739746;-24,5625;-24,290109634399414;-24,305208206176758;
35,221;18,4375;19,110973358154297;19,11586570739746;-24,5625;-24,290109634399414;-24,305208206176758;
35,222;18,4375;19,110973358154297;19,11586570739746;-24,5625;-24,290109634399414;-24,305208206176758;
35,223;18,4375;19,110973358154297;19,11586570739746;-24,5625;-24,290109634399414;-24,305208206176758;
35,225;18,4375;19,110973358154297;19,11586570739746;-24,5625;-24,290109634399414;-24,305208206176758;
35,226;18,4375;19,110973358154297;19,11586570739746;-24,5625;-24,290109634399414;-24,305208206176758;
35,227;18,4375;19,110973358154297;19,11586570739746;-24,5625;-24,290109634399414;-24,305208206176758;
35,229;18,4375;19,11141586303711;19,115995407104492;-24,5625;-24,290346145629883;-24,305816650390625;
35,231;18,4375;19,11141586303711;19,115995407104492;-24,5625;-24,290346145629883;-24,305816650390625;
35,232;18,4375;19,11141586303711;19,115995407104492;-24,5625;-24,290346145629883;-24,305816650390625;
35,233;18,4375;19,11141586303711;19,115995407104492;-24,5625;-24,290346145629883;-24,305816650390625;
35,234;18,4375;19,11141586303711;19,115995407104492;-24,5625;-24,290346145629883;-24,305816650390625;
35,236;18,4375;19,11141586303711;19,115995407104492;-24,5625;-24,290346145629883;-24,305816650390625;
35,237;18,4375;19,11141586303711;19,115995407104492;-24,5625;-24,290346145629883;-24,305816650390625;
35,238;18,4375;19,116962432861328;19,119394302368164;-24,5625;-24,291547775268555;-24,30624771118164;
35,239;18,4375;19,116962432861328;19,119394302368164;-24,5625;-24,291547775268555;-24,30624771118164;
35,24;18,4375;19,116962432861328;19,119394302368164;-24,5625;-24,291547775268555;-24,30624771118164;
35,242;18,4375;19,116962432861328;19,119394302368164;-24,5625;-24,291547775268555;-24,30624771118164;
35,243;18,4375;19,116962432861328;19,119394302368164;-24,5625;-24,291547775268555;-24,30624771118164;
35,244;18,4375;19,116962432861328;19,119394302368164;-24,5625;-24,291547775268555;-24,30624771118164;
35,246;18,4375;19,116962432861328;19,119394302368164;-24,5625;-24,291547775268555;-24,30624771118164;
35,247;18,4375;19,116962432861328;19,119394302368164;-24,5625;-24,291547775268555;-24,30624771118164;
35,249;18,4375;19,117156982421875;19,11895751953125;-24,5625;-24,288297653198242;-24,304676055908203;
35,25;18,4375;19,117156982421875;19,11895751953125;-24,5625;-24,288297653198242;-24,304676055908203;
35,251;18,4375;19,117156982421875;19,11895751953125;-24,5625;-24,288297653198242;-24,304676055908203;
35,252;18,4375;19,117156982421875;19,11895751953125;-24,5625;-24,288297653198242;-24,304676055908203;
35,253;18,4375;19,117156982421875;19,11895751953125;-24,5625;-24,288297653198242;-24,304676055908203;
35,255;18,4375;19,117156982421875;19,11895751953125;-24,5625;-24,288297653198242;-24,304676055908203;
35,257;18,4375;19,117156982421875;19,11895751953125;-24,5625;-24,288297653198242;-24,304676055908203;
35,258;18,4375;19,117156982421875;19,11895751953125;-24,5625;-24,288297653198242;-24,304676055908203;
35,26;18,4375;19,11539077758789;19,117843627929688;-24,5625;-24,291872024536133;-24,306886672973633;
35,261;18,4375;19,11539077758789;19,117843627929688;-24,5625;-24,291872024536133;-24,306886672973633;
35,263;18,4375;19,11539077758789;19,117843627929688;-24,5625;-24,291872024536133;-24,306886672973633;
35,265;18,4375;19,112255096435547;19,115253448486328;-24,5625;-24,28990936279297;-24,305286407470703;
35,266;18,4375;19,112255096435547;19,115253448486328;-24,5625;-24,28990936279297;-24,305286407470703;
35,267;18,4375;19,112255096435547;19,115253448486328;-24,5625;-24,28990936279297;-24,305286407470703;
35,268;18,4375;19,112255096435547;19,115253448486328;-24,5625;-24,28990936279297;-24,305286407470703;
35,27;18,4375;19,112255096435547;19,115253448486328;-24,5625;-24,28990936279297;-24,305286407470703;
35,271;18,4375;19,112255096435547;19,115253448486328;-24,5625;-24,28990936279297;-24,305286407470703;
35,272;18,4375;19,112255096435547;19,115253448486328;-24,5625;-24,28990936279297;-24,305286407470703;
35,273;18,4375;19,112255096435547;19,115253448486328;-24,5625;-24,28990936279297;-24,305286407470703;
35,274;18,4375;19,112255096435547;19,115253448486328;-24,5625;-24,28990936279297;-24,305286407470703;
35,276;18,4375;19,112255096435547;19,115253448486328;-24,5625;-24,28990936279297;-24,305286407470703;
35,277;18,4375;19,112255096435547;19,115253448486328;-24,5625;-24,28990936279297;-24,305286407470703;
35,278;18,4375;19,109542846679688;19,113082885742188;-24,5625;-24,287817001342773;-24,304340362548828;
35,28;18,4375;19,109542846679688;19,113082885742188;-24,5625;-24,287817001342773;-24,304340362548828;
35,282;18,4375;19,109542846679688;19,113082885742188;-24,5625;-24,287817001342773;-24,304340362548828;
35,283;18,4375;19,109542846679688;19,113082885742188;-24,5625;-24,287817001342773;-24,304340362548828;
35,285;18,4375;19,109542846679688;19,113082885742188;-24,5625;-24,287817001342773;-24,304340362548828;
35,286;18,4375;19,109542846679688;19,113082885742188;-24,5625;-24,287817001342773;-24,304340362548828;
35,287;18,4375;19,106416702270508;19,110490798950195;-24,5625;-24,286380767822266;-24,303722381591797;
35,289;18,4375;19,106416702270508;19,110490798950195;-24,5625;-24,286380767822266;-24,303722381591797;
35,29;18,4375;19,106416702270508;19,110490798950195;-24,5625;-24,286380767822266;-24,303722381591797;
35,291;18,4375;19,106416702270508;19,110490798950195;-24,5625;-24,286380767822266;-24,303722381591797;
35,293;18,4375;19,106416702270508;19,110490798950195;-24,5625;-24,286380767822266;-24,303722381591797;
35,294;18,4375;19,106416702270508;19,110490798950195;-24,5625;-24,286380767822266;-24,303722381591797;
35,296;18,4375;19,106416702270508;19,110490798950195;-24,5625;-24,286380767822266;-24,303722381591797;
35,298;18,4375;19,107383728027344;19,11058235168457;-24,5625;-24,282812118530273;-24,301485061645508;
35,299;18,4375;19,107383728027344;19,11058235168457;-24,5625;-24,282812118530273;-24,301485061645508;
35,301;18,4375;19,107383728027344;19,11058235168457;-24,5625;-24,282812118530273;-24,301485061645508;
35,302;18,4375;19,107383728027344;19,11058235168457;-24,5625;-24,282812118530273;-24,301485061645508;
35,303;18,4375;19,107383728027344;19,11058235168457;-24,5625;-24,282812118530273;-24,301485061645508;
35,305;18,4375;19,107383728027344;19,11058235168457;-24,5625;-24,282812118530273;-24,301485061645508;
35,307;18,4375;19,107383728027344;19,11058235168457;-24,5625;-24,282812118530273;-24,301485061645508;
35,308;18,4375;19,105592727661133;19,109298706054688;-24,5625;-24,284181594848633;-24,30257797241211;
35,31;18,4375;19,105592727661133;19,109298706054688;-24,5625;-24,284181594848633;-24,30257797241211;
35,311;18,4375;19,105592727661133;19,109298706054688;-24,5625;-24,284181594848633;-24,30257797241211;
35,313;18,4375;19,105592727661133;19,109298706054688;-24,5625;-24,284181594848633;-24,30257797241211;
35,315;18,4375;19,105276107788086;19,108169555664062;-24,5625;-24,2852783203125;-24,302400588989258;
35,316;18,4375;19,105276107788086;19,108169555664062;-24,5625;-24,2852783203125;-24,302400588989258;
35,317;18,4375;19,105276107788086;19,108169555664062;-24,5625;-24,2852783203125;-24,302400588989258;
35,319;18,4375;19,105276107788086;19,108169555664062;-24,5625;-24,2852783203125;-24,302400588989258;
35,32;18,4375;19,105276107788086;19,108169555664062;-24,5625;-24,2852783203125;-24,302400588989258;
35,321;18,4375;19,105276107788086;19,108169555664062;-24,5625;-24,2852783203125;-24,302400588989258;
35,323;18,4375;19,105276107788086;19,108169555664062;-24,5625;-24,2852783203125;-24,302400588989258;
35,324;18,4375;19,105276107788086;19,108169555664062;-24,5625;-24,2852783203125;-24,302400588989258;
35,325;18,4375;19,105276107788086;19,108169555664062;-24,5625;-24,2852783203125;-24,302400588989258;
35,327;18,4375;19,105249404907227;19,108152389526367;-24,5625;-24,282024383544922;-24,299753189086914;
35,328;18,4375;19,105249404907227;19,108152389526367;-24,5625;-24,282024383544922;-24,299753189086914;
35,33;18,4375;19,105249404907227;19,108152389526367;-24,5625;-24,282024383544922;-24,299753189086914;
35,331;18,4375;19,105249404907227;19,108152389526367;-24,5625;-24,282024383544922;-24,299753189086914;
35,333;18,4375;19,105249404907227;19,108152389526367;-24,5625;-24,282024383544922;-24,299753189086914;
35,334;18,4375;19,105249404907227;19,108152389526367;-24,5625;-24,282024383544922;-24,299753189086914;
35,336;18,4375;19,106626510620117;19,109275817871094;-24,5625;-24,28716278076172;-24,30327606201172;
35,337;18,4375;19,106626510620117;19,109275817871094;-24,5625;-24,28716278076172;-24,30327606201172;
35,338;18,4375;19,106626510620117;19,109275817871094;-24,5625;-24,28716278076172;-24,30327606201172;
35,34;18,4375;19,106626510620117;19,109275817871094;-24,5625;-24,28716278076172;-24,30327606201172;
35,341;18,4375;19,106626510620117;19,109275817871094;-24,5625;-24,28716278076172;-24,30327606201172;
35,342;18,4375;19,106626510620117;19,109275817871094;-24,5625;-24,28716278076172;-24,30327606201172;
35,344;18,4375;19,106626510620117;19,109275817871094;-24,5625;-24,28716278076172;-24,30327606201172;
35,345;18,4375;19,106401443481445;19,108102798461914;-24,5625;-24,289241790771484;-24,304689407348633;
35,347;18,4375;19,106401443481445;19,108102798461914;-24,5625;-24,289241790771484;-24,304689407348633;
35,348;18,4375;19,106401443481445;19,108102798461914;-24,5625;-24,289241790771484;-24,304689407348633;
35,35;18,4375;19,106401443481445;19,108102798461914;-24,5625;-24,289241790771484;-24,304689407348633;
35,351;18,4375;19,106401443481445;19,108102798461914;-24,5625;-24,289241790771484;-24,304689407348633;
35,352;18,4375;19,106401443481445;19,108102798461914;-24,5625;-24,289241790771484;-24,304689407348633;
35,354;18,4375;19,106401443481445;19,108102798461914;-24,5625;-24,289241790771484;-24,304689407348633;
35,355;18,4375;19,104272842407227;19,105207443237305;-24,5625;-24,29671859741211;-24,310014724731445;
35,356;18,4375;19,104272842407227;19,105207443237305;-24,5625;-24,29671859741211;-24,310014724731445;
35,358;18,4375;19,104272842407227;19,105207443237305;-24,5625;-24,29671859741211;-24,310014724731445;
35,359;18,4375;19,104272842407227;19,105207443237305;-24,5625;-24,29671859741211;-24,310014724731445;
35,361;18,4375;19,104272842407227;19,105207443237305;-24,5625;-24,29671859741211;-24,310014724731445;
35,363;18,4375;19,104272842407227;19,105207443237305;-24,5625;-24,29671859741211;-24,310014724731445;
35,364;18,4375;19,101842880249023;19,105207443237305;-24,5625;-24,29511833190918;-24,310014724731445;
35,366;18,4375;19,101842880249023;19,103527069091797;-24,5625;-24,29511833190918;-24,308530807495117;
35,367;18,4375;19,101842880249023;19,103527069091797;-24,5625;-24,29511833190918;-24,308530807495117;
35,369;18,4375;19,101842880249023;19,103527069091797;-24,5625;-24,29511833190918;-24,308530807495117;
35,37;18,4375;19,101842880249023;19,103527069091797;-24,5625;-24,29511833190918;-24,308530807495117;
35,371;18,4375;19,101842880249023;19,103527069091797;-24,5625;-24,29511833190918;-24,308530807495117;
35,373;18,4375;19,101842880249023;19,103527069091797;-24,5625;-24,29511833190918;-24,308530807495117;
35,374;18,4375;19,101842880249023;19,103527069091797;-24,5625;-24,29511833190918;-24,308530807495117;
35,375;18,4375;19,09939956665039;19,10173797607422;-24,5625;-24,292165756225586;-24,30645179748535;
35,376;18,4375;19,09939956665039;19,10173797607422;-24,5625;-24,292165756225586;-24,30645179748535;
35,378;18,4375;19,09939956665039;19,10173797607422;-24,5625;-24,292165756225586;-24,30645179748535;
35,379;18,4375;19,09939956665039;19,10173797607422;-24,5625;-24,292165756225586;-24,30645179748535;
35,381;18,4375;19,09939956665039;19,10173797607422;-24,5625;-24,292165756225586;-24,30645179748535;
35,382;18,4375;19,09939956665039;19,10173797607422;-24,5625;-24,292165756225586;-24,30645179748535;
35,384;18,4375;19,09939956665039;19,10173797607422;-24,5625;-24,292165756225586;-24,30645179748535;
35,385;18,4375;19,103355407714844;19,10445785522461;-24,5625;-24,293514251708984;-24,307357788085938;
35,386;18,4375;19,103355407714844;19,10445785522461;-24,5625;-24,293514251708984;-24,307357788085938;
35,388;18,4375;19,103355407714844;19,10445785522461;-24,5625;-24,293514251708984;-24,307357788085938;
35,389;18,4375;19,103355407714844;19,10445785522461;-24,5625;-24,293514251708984;-24,307357788085938;
35,39;18,4375;19,103355407714844;19,10445785522461;-24,5625;-24,293514251708984;-24,307357788085938;
35,392;18,4375;19,103355407714844;19,10445785522461;-24,5625;-24,293514251708984;-24,307357788085938;
35,393;18,4375;19,103355407714844;19,10445785522461;-24,5625;-24,293514251708984;-24,307357788085938;
35,394;18,4375;19,103355407714844;19,10445785522461;-24,5625;-24,28904151916504;-24,307357788085938;
35,396;18,4375;19,10456085205078;19,105382919311523;-24,5625;-24,28904151916504;-24,30423927307129;
35,398;18,4375;19,10456085205078;19,105382919311523;-24,5625;-24,28904151916504;-24,30423927307129;
35,399;18,4375;19,10456085205078;19,105382919311523;-24,5625;-24,28904151916504;-24,30423927307129;
35,4;18,4375;19,10456085205078;19,105382919311523;-24,5625;-24,28904151916504;-24,30423927307129;
35,402;18,4375;19,10456085205078;19,105382919311523;-24,5625;-24,28904151916504;-24,30423927307129;
35,403;18,4375;19,10456085205078;19,105382919311523;-24,5625;-24,28904151916504;-24,30423927307129;
35,405;18,4375;19,1074161529541;19,10805320739746;-24,5625;-24,286230087280273;-24,301902770996094;
35,406;18,4375;19,1074161529541;19,10805320739746;-24,5625;-24,286230087280273;-24,301902770996094;
35,408;18,4375;19,1074161529541;19,10805320739746;-24,5625;-24,286230087280273;-24,301902770996094;
35,409;18,4375;19,1074161529541;19,10805320739746;-24,5625;-24,286230087280273;-24,301902770996094;
35,411;18,4375;19,1074161529541;19,10805320739746;-24,5625;-24,286230087280273;-24,301902770996094;
35,413;18,4375;19,1074161529541;19,10805320739746;-24,5625;-24,286230087280273;-24,301902770996094;
35,414;18,4375;19,10820960998535;19,10805320739746;-24,5625;-24,284439086914062;-24,300642013549805;
35,416;18,4375;19,10820960998535;19,108285903930664;-24,5625;-24,284439086914062;-24,300642013549805;
35,417;18,4375;19,10820960998535;19,108285903930664;-24,5625;-24,284439086914062;-24,300642013549805;
35,418;18,4375;19,10820960998535;19,108285903930664;-24,5625;-24,284439086914062;-24,300642013549805;
35,42;18,4375;19,10820960998535;19,108285903930664;-24,5625;-24,284439086914062;-24,300642013549805;
35,421;18,4375;19,10820960998535;19,108285903930664;-24,5625;-24,284439086914062;-24,300642013549805;
35,422;18,4375;19,10820960998535;19,108285903930664;-24,5625;-24,284439086914062;-24,300642013549805;
35,423;18,4375;19,10820960998535;19,108285903930664;-24,5625;-24,284439086914062;-24,300642013549805;
35,425;18,4375;19,106901168823242;19,107406616210938;-24,5625;-24,28252410888672;-24,299100875854492;
35,426;18,4375;19,106901168823242;19,107406616210938;-24,5625;-24,28252410888672;-24,299100875854492;
35,427;18,4375;19,106901168823242;19,107406616210938;-24,5625;-24,28252410888672;-24,299100875854492;
35,429;18,4375;19,106901168823242;19,107406616210938;-24,5625;-24,28252410888672;-24,299100875854492;
35,431;18,4375;19,106901168823242;19,107406616210938;-24,5625;-24,28252410888672;-24,299100875854492;
35,432;18,4375;19,106901168823242;19,107406616210938;-24,5625;-24,28252410888672;-24,299100875854492;
35,434;18,4375;19,106901168823242;19,107406616210938;-24,5625;-24,28252410888672;-24,299100875854492;
35,435;18,4375;19,111217498779297;19,110437393188477;-24,5625;-24,283252716064453;-24,300609588623047;
35,436;18,4375;19,111217498779297;19,110437393188477;-24,5625;-24,283252716064453;-24,300609588623047;
35,438;18,4375;19,111217498779297;19,110437393188477;-24,5625;-24,283252716064453;-24,300609588623047;
35,439;18,4375;19,111217498779297;19,110437393188477;-24,5625;-24,283252716064453;-24,300609588623047;
35,44;18,4375;19,111217498779297;19,110437393188477;-24,5625;-24,283252716064453;-24,300609588623047;
35,442;18,4375;19,111217498779297;19,110437393188477;-24,5625;-24,283252716064453;-24,300609588623047;
35,443;18,4375;19,111217498779297;19,110437393188477;-24,5625;-24,283252716064453;-24,300609588623047;
35,444;18,4375;19,111217498779297;19,110437393188477;-24,5625;-24,283252716064453;-24,300609588623047;
35,446;18,4375;19,109050750732422;19,108503341674805;-24,5625;-24,28352165222168;-24,30130386352539;
35,447;18,4375;19,109050750732422;19,108503341674805;-24,5625;-24,28352165222168;-24,30130386352539;
35,449;18,4375;19,109050750732422;19,108503341674805;-24,5625;-24,28352165222168;-24,30130386352539;
35,45;18,4375;19,109050750732422;19,108503341674805;-24,5625;-24,28352165222168;-24,30130386352539;
35,451;18,4375;19,109050750732422;19,108503341674805;-24,5625;-24,28352165222168;-24,30130386352539;
35,453;18,4375;19,109050750732422;19,108503341674805;-24,5625;-24,28352165222168;-24,30130386352539;
35,454;18,4375;19,109050750732422;19,108503341674805;-24,5625;-24,28352165222168;-24,30130386352539;
35,456;18,4375;19,111452102661133;19,10981559753418;-24,5625;-24,28839874267578;-24,30437660217285;
35,457;18,4375;19,111452102661133;19,10981559753418;-24,5625;-24,28839874267578;-24,30437660217285;
35,458;18,4375;19,111452102661133;19,10981559753418;-24,5625;-24,28839874267578;-24,30437660217285;
35,46;18,4375;19,111452102661133;19,10981559753418;-24,5625;-24,28839874267578;-24,30437660217285;
35,462;18,4375;19,111452102661133;19,10981559753418;-24,5625;-24,28839874267578;-24,30437660217285;
35,463;18,4375;19,111452102661133;19,10981559753418;-24,5625;-24,28839874267578;-24,30437660217285;
35,465;18,4375;19,10683250427246;19,106887817382812;-24,5625;-24,28795623779297;-24,30392837524414;
35,467;18,4375;19,10683250427246;19,106887817382812;-24,5625;-24,28795623779297;-24,30392837524414;
35,468;18,4375;19,10683250427246;19,106887817382812;-24,5625;-24,28795623779297;-24,30392837524414;
35,469;18,4375;19,10683250427246;19,106887817382812;-24,5625;-24,28795623779297;-24,30392837524414;
35,471;18,4375;19,10683250427246;19,106887817382812;-24,5625;-24,28795623779297;-24,30392837524414;
35,472;18,4375;19,10683250427246;19,106887817382812;-24,5625;-24,28795623779297;-24,30392837524414;
35,474;18,4375;19,10683250427246;19,106887817382812;-24,5625;-24,28795623779297;-24,30392837524414;
35,475;18,4375;19,105775833129883;19,10619354248047;-24,5625;-24,286741256713867;-24,30326271057129;
35,477;18,4375;19,105775833129883;19,10619354248047;-24,5625;-24,286741256713867;-24,30326271057129;
35,478;18,4375;19,105775833129883;19,10619354248047;-24,5625;-24,286741256713867;-24,30326271057129;
35,479;18,4375;19,105775833129883;19,10619354248047;-24,5625;-24,286741256713867;-24,30326271057129;
35,481;18,4375;19,105775833129883;19,10619354248047;-24,5625;-24,286741256713867;-24,30326271057129;
35,482;18,4375;19,105775833129883;19,10619354248047;-24,5625;-24,286741256713867;-24,30326271057129;
35,484;18,4375;19,105775833129883;19,10619354248047;-24,5625;-24,286741256713867;-24,30326271057129;
35,485;18,4375;19,106050491333008;19,106367111206055;-24,5625;-24,285377502441406;-24,302494049072266;
35,486;18,4375;19,106050491333008;19,106367111206055;-24,5625;-24,285377502441406;-24,302494049072266;
35,487;18,4375;19,106050491333008;19,106367111206055;-24,5625;-24,285377502441406;-24,302494049072266;
35,488;18,4375;19,106050491333008;19,106367111206055;-24,5625;-24,285377502441406;-24,302494049072266;
35,489;18,4375;19,106050491333008;19,106367111206055;-24,5625;-24,285377502441406;-24,302494049072266;
35,491;18,4375;19,106050491333008;19,106367111206055;-24,5625;-24,285377502441406;-24,302494049072266;
35,492;18,4375;19,106050491333008;19,106367111206055;-24,5625;-24,285377502441406;-24,302494049072266;
35,493;18,4375;19,106050491333008;19,106367111206055;-24,5625;-24,285377502441406;-24,302494049072266;
35,494;18,4375;19,106050491333008;19,106367111206055;-24,5625;-24,285377502441406;-24,302494049072266;
35,496;18,4375;19,104724884033203;19,104917526245117;-24,5625;-24,283260345458984;-24,301036834716797;
35,497;18,4375;19,104724884033203;19,104917526245117;-24,5625;-24,283260345458984;-24,301036834716797;
35,499;18,4375;19,104724884033203;19,104917526245117;-24,5625;-24,283260345458984;-24,301036834716797;
35,5;18,4375;19,104724884033203;19,104917526245117;-24,5625;-24,283260345458984;-24,301036834716797;
35,502;18,4375;19,104724884033203;19,104917526245117;-24,5625;-24,283260345458984;-24,301036834716797;
35,503;18,4375;19,104724884033203;19,104917526245117;-24,5625;-24,283260345458984;-24,301036834716797;
35,505;18,4375;19,095775604248047;19,09758949279785;-24,5625;-24,28058624267578;-24,299057006835938;
35,506;18,4375;19,095775604248047;19,09758949279785;-24,5625;-24,28058624267578;-24,299057006835938;
35,508;18,4375;19,095775604248047;19,09758949279785;-24,5625;-24,28058624267578;-24,299057006835938;
35,509;18,4375;19,095775604248047;19,09758949279785;-24,5625;-24,28058624267578;-24,299057006835938;
35,511;18,4375;19,095775604248047;19,09758949279785;-24,5625;-24,28058624267578;-24,299057006835938;
35,513;18,4375;19,095775604248047;19,09758949279785;-24,5625;-24,28058624267578;-24,299057006835938;
35,514;18,4375;19,095775604248047;19,09758949279785;-24,5625;-24,28058624267578;-24,299057006835938;
35,516;18,4375;19,091388702392578;19,094234466552734;-24,5625;-24,281261444091797;-24,299142837524414;
35,517;18,4375;19,091388702392578;19,094234466552734;-24,5625;-24,281261444091797;-24,299142837524414;
35,519;18,4375;19,091388702392578;19,094234466552734;-24,5625;-24,281261444091797;-24,299142837524414;
35,521;18,4375;19,091388702392578;19,094234466552734;-24,5625;-24,281261444091797;-24,299142837524414;
35,522;18,4375;19,091388702392578;19,094234466552734;-24,5625;-24,281261444091797;-24,299142837524414;
35,523;18,4375;19,091388702392578;19,094234466552734;-24,5625;-24,281261444091797;-24,299142837524414;
35,524;18,4375;19,091388702392578;19,094234466552734;-24,5625;-24,281261444091797;-24,299142837524414;
35,525;18,4375;19,090505599975586;19,092912673950195;-24,5625;-24,282533645629883;-24,300031661987305;
35,527;18,4375;19,090505599975586;19,092912673950195;-24,5625;-24,282533645629883;-24,300031661987305;
35,528;18,4375;19,090505599975586;19,092912673950195;-24,5625;-24,282533645629883;-24,300031661987305;
35,529;18,4375;19,090505599975586;19,092912673950195;-24,5625;-24,282533645629883;-24,300031661987305;
35,531;18,4375;19,090505599975586;19,092912673950195;-24,5625;-24,282533645629883;-24,300031661987305;
35,532;18,4375;19,090505599975586;19,092912673950195;-24,5625;-24,282533645629883;-24,300031661987305;
35,533;18,4375;19,090505599975586;19,092912673950195;-24,5625;-24,282533645629883;-24,300031661987305;
35,535;18,4375;19,090505599975586;19,092912673950195;-24,5625;-24,277021408081055;-24,300031661987305;
35,536;18,4375;19,08700942993164;19,089725494384766;-24,5625;-24,277021408081055;-24,296401977539062;
35,537;18,4375;19,08700942993164;19,089725494384766;-24,5625;-24,277021408081055;-24,296401977539062;
35,538;18,4375;19,08700942993164;19,089725494384766;-24,5625;-24,277021408081055;-24,296401977539062;
35,539;18,4375;19,08700942993164;19,089725494384766;-24,5625;-24,277021408081055;-24,296401977539062;
35,54;18,4375;19,08700942993164;19,089725494384766;-24,5625;-24,277021408081055;-24,296401977539062;
35,542;18,4375;19,08700942993164;19,089725494384766;-24,5625;-24,277021408081055;-24,296401977539062;
35,543;18,4375;19,08700942993164;19,089725494384766;-24,5625;-24,277021408081055;-24,296401977539062;
35,544;18,4375;19,08700942993164;19,089725494384766;-24,5625;-24,277021408081055;-24,296401977539062;
35,546;18,4375;19,087766647338867;19,089801788330078;-24,5625;-24,28089141845703;-24,299163818359375;
35,548;18,4375;19,087766647338867;19,089801788330078;-24,5625;-24,28089141845703;-24,299163818359375;
35,549;18,4375;19,087766647338867;19,089801788330078;-24,5625;-24,28089141845703;-24,299163818359375;
35,55;18,4375;19,087766647338867;19,089801788330078;-24,5625;-24,28089141845703;-24,299163818359375;
35,552;18,4375;19,087766647338867;19,089801788330078;-24,5625;-24,28089141845703;-24,299163818359375;
35,553;18,4375;19,087766647338867;19,089801788330078;-24,5625;-24,28089141845703;-24,299163818359375;
35,554;18,4375;19,087766647338867;19,089801788330078;-24,5625;-24,28089141845703;-24,299163818359375;
35,556;18,4375;19,088533401489258;19,09030532836914;-24,5625;-24,280258178710938;-24,299091339111328;
35,557;18,4375;19,088533401489258;19,09030532836914;-24,5625;-24,280258178710938;-24,299091339111328;
35,559;18,4375;19,088533401489258;19,09030532836914;-24,5625;-24,280258178710938;-24,299091339111328;
35,56;18,4375;19,088533401489258;19,09030532836914;-24,5625;-24,280258178710938;-24,299091339111328;
35,562;18,4375;19,088533401489258;19,09030532836914;-24,5625;-24,280258178710938;-24,299091339111328;
35,564;18,4375;19,088533401489258;19,09030532836914;-24,5625;-24,280258178710938;-24,299091339111328;
35,565;18,4375;19,08734893798828;19,08953285217285;-24,5625;-24,28075408935547;-24,29953956604004;
35,566;18,4375;19,08734893798828;19,08953285217285;-24,5625;-24,28075408935547;-24,29953956604004;
35,568;18,4375;19,08734893798828;19,08953285217285;-24,5625;-24,28075408935547;-24,29953956604004;
35,569;18,4375;19,08734893798828;19,08953285217285;-24,5625;-24,28075408935547;-24,29953956604004;
35,57;18,4375;19,08734893798828;19,08953285217285;-24,5625;-24,28075408935547;-24,29953956604004;
35,572;18,4375;19,08734893798828;19,08953285217285;-24,5625;-24,28075408935547;-24,29953956604004;
35,573;18,4375;19,08734893798828;19,08953285217285;-24,5625;-24,28075408935547;-24,29953956604004;
35,575;18,4375;19,087034225463867;19,089488983154297;-24,5625;-24,278900146484375;-24,298324584960938;
35,576;18,4375;19,087034225463867;19,089488983154297;-24,5625;-24,278900146484375;-24,298324584960938;
35,577;18,4375;19,087034225463867;19,089488983154297;-24,5625;-24,278900146484375;-24,298324584960938;
35,579;18,4375;19,087034225463867;19,089488983154297;-24,5625;-24,278900146484375;-24,298324584960938;
35,58;18,4375;19,087034225463867;19,089488983154297;-24,5625;-24,278900146484375;-24,298324584960938;
35,582;18,4375;19,087034225463867;19,089488983154297;-24,5625;-24,278900146484375;-24,298324584960938;
35,583;18,4375;19,087034225463867;19,089488983154297;-24,5625;-24,278900146484375;-24,298324584960938;
35,585;18,4375;19,090824127197266;19,092470169067383;-24,5625;-24,27752113342285;-24,297157287597656;
35,586;18,4375;19,090824127197266;19,092470169067383;-24,5625;-24,27752113342285;-24,297157287597656;
35,587;18,4375;19,090824127197266;19,092470169067383;-24,5625;-24,27752113342285;-24,297157287597656;
35,589;18,4375;19,090824127197266;19,092470169067383;-24,5625;-24,27752113342285;-24,297157287597656;
35,59;18,4375;19,090824127197266;19,092470169067383;-24,5625;-24,27752113342285;-24,297157287597656;
35,592;18,4375;19,090824127197266;19,092470169067383;-24,5625;-24,27752113342285;-24,297157287597656;
35,593;18,4375;19,090824127197266;19,092470169067383;-24,5625;-24,27752113342285;-24,297157287597656;
35,594;18,4375;19,090824127197266;19,092470169067383;-24,5625;-24,27752113342285;-24,297157287597656;
35,596;18,4375;19,091773986816406;19,09391212463379;-24,5625;-24,281389236450195;-24,29938316345215;
35,598;18,4375;19,091773986816406;19,09391212463379;-24,5625;-24,281389236450195;-24,29938316345215;
35,599;18,4375;19,091773986816406;19,09391212463379;-24,5625;-24,281389236450195;-24,29938316345215;
35,6;18,4375;19,091773986816406;19,09391212463379;-24,5625;-24,281389236450195;-24,29938316345215;
35,602;18,4375;19,091773986816406;19,09391212463379;-24,5625;-24,281389236450195;-24,29938316345215;
35,603;18,4375;19,091773986816406;19,09391212463379;-24,5625;-24,281389236450195;-24,29938316345215;
35,605;18,4375;19,090049743652344;19,092029571533203;-24,5625;-24,285341262817383;-24,30181121826172;
35,606;18,4375;19,090049743652344;19,092029571533203;-24,5625;-24,285341262817383;-24,30181121826172;
35,608;18,4375;19,090049743652344;19,092029571533203;-24,5625;-24,285341262817383;-24,30181121826172;
35,61;18,4375;19,090049743652344;19,092029571533203;-24,5625;-24,285341262817383;-24,30181121826172;
35,611;18,4375;19,090049743652344;19,092029571533203;-24,5625;-24,285341262817383;-24,30181121826172;
35,613;18,4375;19,090049743652344;19,092029571533203;-24,5625;-24,285341262817383;-24,30181121826172;
35,614;18,4375;19,090049743652344;19,092029571533203;-24,5625;-24,285341262817383;-24,30181121826172;
35,616;18,4375;19,089923858642578;19,09177017211914;-24,5625;-24,28513526916504;-24,30150604248047;
35,617;18,4375;19,089923858642578;19,09177017211914;-24,5625;-24,28513526916504;-24,30150604248047;
35,619;18,4375;19,089923858642578;19,09177017211914;-24,5625;-24,28513526916504;-24,30150604248047;
35,62;18,4375;19,089923858642578;19,09177017211914;-24,5625;-24,28513526916504;-24,30150604248047;
35,622;18,4375;19,089923858642578;19,09177017211914;-24,5625;-24,28513526916504;-24,30150604248047;
35,623;18,4375;19,089923858642578;19,09177017211914;-24,5625;-24,28513526916504;-24,30150604248047;
35,624;18,4375;19,089923858642578;19,09177017211914;-24,5625;-24,28513526916504;-24,30150604248047;
35,626;18,4375;19,089614868164062;19,091968536376953;-24,5625;-24,288053512573242;-24,303442001342773;
35,627;18,4375;19,089614868164062;19,091968536376953;-24,5625;-24,288053512573242;-24,303442001342773;
35,628;18,4375;19,089614868164062;19,091968536376953;-24,5625;-24,288053512573242;-24,303442001342773;
35,63;18,4375;19,089614868164062;19,091968536376953;-24,5625;-24,288053512573242;-24,303442001342773;
35,631;18,4375;19,089614868164062;19,091968536376953;-24,5625;-24,288053512573242;-24,303442001342773;
35,633;18,4375;19,089614868164062;19,091968536376953;-24,5625;-24,288053512573242;-24,303442001342773;
35,635;18,4375;19,089614868164062;19,091968536376953;-24,5625;-24,287446975708008;-24,303442001342773;
35,636;18,4375;19,09148597717285;19,09358787536621;-24,5625;-24,287446975708008;-24,303077697753906;
35,637;18,4375;19,09148597717285;19,09358787536621;-24,5625;-24,287446975708008;-24,303077697753906;
35,639;18,4375;19,09148597717285;19,09358787536621;-24,5625;-24,287446975708008;-24,303077697753906;
35,64;18,4375;19,09148597717285;19,09358787536621;-24,5625;-24,287446975708008;-24,303077697753906;
35,641;18,4375;19,09148597717285;19,09358787536621;-24,5625;-24,287446975708008;-24,303077697753906;
35,642;18,4375;19,09148597717285;19,09358787536621;-24,5625;-24,287446975708008;-24,303077697753906;
35,644;18,4375;19,09148597717285;19,09358787536621;-24,5625;-24,287446975708008;-24,303077697753906;
35,645;18,4375;19,090091705322266;19,092077255249023;-24,5625;-24,288759231567383;-24,303876876831055;
35,647;18,4375;19,090091705322266;19,092077255249023;-24,5625;-24,288759231567383;-24,303876876831055;
35,649;18,4375;19,090091705322266;19,092077255249023;-24,5625;-24,288759231567383;-24,303876876831055;
35,65;18,4375;19,090091705322266;19,092077255249023;-24,5625;-24,288759231567383;-24,303876876831055;
35,651;18,4375;19,090091705322266;19,092077255249023;-24,5625;-24,288759231567383;-24,303876876831055;
35,652;18,4375;19,090091705322266;19,092077255249023;-24,5625;-24,288759231567383;-24,303876876831055;
35,654;18,4375;19,090091705322266;19,092077255249023;-24,5625;-24,288759231567383;-24,303876876831055;
35,655;18,4375;19,088809967041016;19,09130859375;-24,5625;-24,289264678955078;-24,30384635925293;
35,657;18,4375;19,088809967041016;19,09130859375;-24,5625;-24,289264678955078;-24,30384635925293;
35,659;18,4375;19,088809967041016;19,09130859375;-24,5625;-24,289264678955078;-24,30384635925293;
35,66;18,4375;19,088809967041016;19,09130859375;-24,5625;-24,289264678955078;-24,30384635925293;
35,662;18,4375;19,088809967041016;19,09130859375;-24,5625;-24,289264678955078;-24,30384635925293;
35,663;18,4375;19,088809967041016;19,09130859375;-24,5625;-24,289264678955078;-24,30384635925293;
35,665;18,4375;19,09040069580078;19,092321395874023;-24,5625;-24,289335250854492;-24,303386688232422;
35,667;18,4375;19,09040069580078;19,092321395874023;-24,5625;-24,289335250854492;-24,303386688232422;
35,668;18,4375;19,09040069580078;19,092321395874023;-24,5625;-24,289335250854492;-24,303386688232422;
35,67;18,4375;19,09040069580078;19,092321395874023;-24,5625;-24,289335250854492;-24,303386688232422;
35,671;18,4375;19,09040069580078;19,092321395874023;-24,5625;-24,289335250854492;-24,303386688232422;
35,673;18,4375;19,09040069580078;19,092321395874023;-24,5625;-24,289335250854492;-24,303386688232422;
35,674;18,4375;19,09040069580078;19,092321395874023;-24,5625;-24,289335250854492;-24,303386688232422;
35,675;18,4375;19,08882713317871;19,091033935546875;-24,5625;-24,290794372558594;-24,30381202697754;
35,677;18,4375;19,08882713317871;19,091033935546875;-24,5625;-24,290794372558594;-24,30381202697754;
35,678;18,4375;19,08882713317871;19,091033935546875;-24,5625;-24,290794372558594;-24,30381202697754;
35,68;18,4375;19,08882713317871;19,091033935546875;-24,5625;-24,290794372558594;-24,30381202697754;
35,681;18,4375;19,08882713317871;19,091033935546875;-24,5625;-24,290794372558594;-24,30381202697754;
35,682;18,4375;19,08882713317871;19,091033935546875;-24,5625;-24,290794372558594;-24,30381202697754;
35,684;18,4375;19,08882713317871;19,091033935546875;-24,5625;-24,290794372558594;-24,30381202697754;
35,685;18,4375;19,088546752929688;19,090744018554688;-24,5625;-24,288768768310547;-24,30183982849121;
35,686;18,4375;19,088546752929688;19,090744018554688;-24,5625;-24,288768768310547;-24,30183982849121;
35,688;18,4375;19,088546752929688;19,090744018554688;-24,5625;-24,288768768310547;-24,30183982849121;
35,689;18,4375;19,088546752929688;19,090744018554688;-24,5625;-24,288768768310547;-24,30183982849121;
35,69;18,4375;19,088546752929688;19,090744018554688;-24,5625;-24,288768768310547;-24,30183982849121;
35,692;18,4375;19,088546752929688;19,090744018554688;-24,5625;-24,288768768310547;-24,30183982849121;
35,693;18,4375;19,088546752929688;19,090744018554688;-24,5625;-24,288768768310547;-24,30183982849121;
35,694;18,4375;19,088546752929688;19,090744018554688;-24,5625;-24,288768768310547;-24,30183982849121;
35,695;18,4375;19,082937240600586;19,086965560913086;-24,5625;-24,28913688659668;-24,301654815673828;
35,697;18,4375;19,082937240600586;19,086965560913086;-24,5625;-24,28913688659668;-24,301654815673828;
35,699;18,4375;19,082937240600586;19,086965560913086;-24,5625;-24,28913688659668;-24,301654815673828;
35,7;18,4375;19,082937240600586;19,086965560913086;-24,5625;-24,28913688659668;-24,301654815673828;
35,701;18,4375;19,082937240600586;19,086965560913086;-24,5625;-24,28913688659668;-24,301654815673828;
35,703;18,4375;19,082937240600586;19,086965560913086;-24,5625;-24,28913688659668;-24,301654815673828;
35,704;18,4375;19,082937240600586;19,086965560913086;-24,5625;-24,28913688659668;-24,301654815673828;
35,706;18,4375;19,0838623046875;19,088027954101562;-24,5625;-24,286548614501953;-24,29930877685547;
35,707;18,4375;19,0838623046875;19,088027954101562;-24,5625;-24,286548614501953;-24,29930877685547;
35,709;18,4375;19,0838623046875;19,088027954101562;-24,5625;-24,286548614501953;-24,29930877685547;
35,71;18,4375;19,0838623046875;19,088027954101562;-24,5625;-24,286548614501953;-24,29930877685547;
35,712;18,4375;19,0838623046875;19,088027954101562;-24,5625;-24,286548614501953;-24,29930877685547;
35,713;18,4375;19,0838623046875;19,088027954101562;-24,5625;-24,286548614501953;-24,29930877685547;
35,715;18,4375;19,081958770751953;19,08673095703125;-24,5625;-24,289051055908203;-24,300682067871094;
35,717;18,4375;19,081958770751953;19,08673095703125;-24,5625;-24,289051055908203;-24,300682067871094;
35,719;18,4375;19,081958770751953;19,08673095703125;-24,5625;-24,289051055908203;-24,300682067871094;
35,72;18,4375;19,081958770751953;19,08673095703125;-24,5625;-24,289051055908203;-24,300682067871094;
35,721;18,4375;19,081958770751953;19,08673095703125;-24,5625;-24,289051055908203;-24,300682067871094;
35,723;18,4375;19,081958770751953;19,08673095703125;-24,5625;-24,289051055908203;-24,300682067871094;
35,724;18,4375;19,081958770751953;19,08673095703125;-24,5625;-24,289051055908203;-24,300682067871094;
35,725;18,4375;19,0830078125;19,087432861328125;-24,5625;-24,290904998779297;-24,30178451538086;
35,727;18,4375;19,0830078125;19,087432861328125;-24,5625;-24,290904998779297;-24,30178451538086;
35,728;18,4375;19,0830078125;19,087432861328125;-24,5625;-24,290904998779297;-24,30178451538086;
35,729;18,4375;19,0830078125;19,087432861328125;-24,5625;-24,290904998779297;-24,30178451538086;
35,731;18,4375;19,0830078125;19,087432861328125;-24,5625;-24,290904998779297;-24,30178451538086;
35,732;18,4375;19,0830078125;19,087432861328125;-24,5625;-24,290904998779297;-24,30178451538086;
35,734;18,4375;19,0830078125;19,087432861328125;-24,5625;-24,290904998779297;-24,30178451538086;
35,735;18,4375;19,078996658325195;19,084096908569336;-24,5625;-24,287965774536133;-24,300111770629883;
35,737;18,4375;19,078996658325195;19,084096908569336;-24,5625;-24,287965774536133;-24,300111770629883;
35,738;18,4375;19,078996658325195;19,084096908569336;-24,5625;-24,287965774536133;-24,300111770629883;
35,739;18,4375;19,078996658325195;19,084096908569336;-24,5625;-24,287965774536133;-24,300111770629883;
35,74;18,4375;19,078996658325195;19,084096908569336;-24,5625;-24,287965774536133;-24,300111770629883;
35,741;18,4375;19,078996658325195;19,084096908569336;-24,5625;-24,287965774536133;-24,300111770629883;
35,743;18,4375;19,078996658325195;19,084096908569336;-24,5625;-24,287965774536133;-24,300111770629883;
35,745;18,4375;19,078996658325195;19,084096908569336;-24,5625;-24,287965774536133;-24,300111770629883;
35,746;18,4375;19,078571319580078;19,083187103271484;-24,5625;-24,289518356323242;-24,301517486572266;
35,748;18,4375;19,078571319580078;19,083187103271484;-24,5625;-24,289518356323242;-24,301517486572266;
35,749;18,4375;19,078571319580078;19,083187103271484;-24,5625;-24,289518356323242;-24,301517486572266;
35,751;18,4375;19,078571319580078;19,083187103271484;-24,5625;-24,289518356323242;-24,301517486572266;
35,752;18,4375;19,078571319580078;19,083187103271484;-24,5625;-24,289518356323242;-24,301517486572266;
35,754;18,4375;19,078571319580078;19,083187103271484;-24,5625;-24,289518356323242;-24,301517486572266;
35,755;18,4375;19,078571319580078;19,083187103271484;-24,5625;-24,289518356323242;-24,301517486572266;
35,756;18,4375;19,079627990722656;19,083927154541016;-24,5625;-24,288959503173828;-24,301664352416992;
35,758;18,4375;19,079627990722656;19,083927154541016;-24,5625;-24,288959503173828;-24,301664352416992;
35,759;18,4375;19,079627990722656;19,083927154541016;-24,5625;-24,288959503173828;-24,301664352416992;
35,761;18,4375;19,079627990722656;19,083927154541016;-24,5625;-24,288959503173828;-24,301664352416992;
35,762;18,4375;19,079627990722656;19,083927154541016;-24,5625;-24,288959503173828;-24,301664352416992;
35,764;18,4375;19,079627990722656;19,083927154541016;-24,5625;-24,288959503173828;-24,301664352416992;
35,766;18,4375;19,0778865814209;19,083599090576172;-24,5625;-24,28624153137207;-24,299596786499023;
35,767;18,4375;19,0778865814209;19,083599090576172;-24,5625;-24,28624153137207;-24,299596786499023;
35,768;18,4375;19,0778865814209;19,083599090576172;-24,5625;-24,28624153137207;-24,299596786499023;
35,769;18,4375;19,0778865814209;19,083599090576172;-24,5625;-24,28624153137207;-24,299596786499023;
35,771;18,4375;19,0778865814209;19,083599090576172;-24,5625;-24,28624153137207;-24,299596786499023;
35,772;18,4375;19,0778865814209;19,083599090576172;-24,5625;-24,28624153137207;-24,299596786499023;
35,773;18,4375;19,0778865814209;19,083599090576172;-24,5625;-24,28624153137207;-24,299596786499023;
35,774;18,4375;19,0778865814209;19,083599090576172;-24,5625;-24,28624153137207;-24,299596786499023;
35,775;18,4375;19,076099395751953;19,08224105834961;-24,5625;-24,28721809387207;-24,29985237121582;
35,777;18,4375;19,076099395751953;19,08224105834961;-24,5625;-24,28721809387207;-24,29985237121582;
35,778;18,4375;19,076099395751953;19,08224105834961;-24,5625;-24,28721809387207;-24,29985237121582;
35,779;18,4375;19,076099395751953;19,08224105834961;-24,5625;-24,28721809387207;-24,29985237121582;
35,781;18,4375;19,076099395751953;19,08224105834961;-24,5625;-24,28721809387207;-24,29985237121582;
35,783;18,4375;19,076099395751953;19,08224105834961;-24,5625;-24,28721809387207;-24,29985237121582;
35,784;18,4375;19,076099395751953;19,08224105834961;-24,5625;-24,28721809387207;-24,29985237121582;
35,785;18,4375;19,07375144958496;19,079851150512695;-24,5625;-24,288183212280273;-24,300403594970703;
35,787;18,4375;19,07375144958496;19,079851150512695;-24,5625;-24,288183212280273;-24,300403594970703;
35,788;18,4375;19,07375144958496;19,079851150512695;-24,5625;-24,288183212280273;-24,300403594970703;
35,789;18,4375;19,07375144958496;19,079851150512695;-24,5625;-24,288183212280273;-24,300403594970703;
35,79;18,4375;19,07375144958496;19,079851150512695;-24,5625;-24,288183212280273;-24,300403594970703;
35,791;18,4375;19,07375144958496;19,079851150512695;-24,5625;-24,288183212280273;-24,300403594970703;
35,793;18,4375;19,07375144958496;19,079851150512695;-24,5625;-24,288183212280273;-24,300403594970703;
35,794;18,4375;19,07375144958496;19,079851150512695;-24,5625;-24,288183212280273;-24,300403594970703;
35,795;18,4375;19,073238372802734;19,0795841217041;-24,5625;-24,286462783813477;-24,298486709594727;
35,796;18,4375;19,073238372802734;19,0795841217041;-24,5625;-24,286462783813477;-24,298486709594727;
35,798;18,4375;19,073238372802734;19,0795841217041;-24,5625;-24,286462783813477;-24,298486709594727;
35,8;18,4375;19,073238372802734;19,0795841217041;-24,5625;-24,286462783813477;-24,298486709594727;
35,801;18,4375;19,073238372802734;19,0795841217041;-24,5625;-24,286462783813477;-24,298486709594727;
35,802;18,4375;19,073238372802734;19,0795841217041;-24,5625;-24,286462783813477;-24,298486709594727;
35,803;18,4375;19,073238372802734;19,0795841217041;-24,5625;-24,286462783813477;-24,298486709594727;
35,804;18,4375;19,073238372802734;19,0795841217041;-24,5625;-24,286462783813477;-24,298486709594727;
35,806;18,4375;19,07487678527832;19,08097267150879;-24,5625;-24,289817810058594;-24,299917221069336;
35,807;18,4375;19,07487678527832;19,08097267150879;-24,5625;-24,289817810058594;-24,299917221069336;
35,809;18,4375;19,07487678527832;19,08097267150879;-24,5625;-24,289817810058594;-24,299917221069336;
35,81;18,4375;19,07487678527832;19,08097267150879;-24,5625;-24,289817810058594;-24,299917221069336;
35,812;18,4375;19,07487678527832;19,08097267150879;-24,5625;-24,289817810058594;-24,299917221069336;
35,813;18,4375;19,07487678527832;19,08097267150879;-24,5625;-24,289817810058594;-24,299917221069336;
35,815;18,4375;19,074275970458984;19,081045150756836;-24,5625;-24,28730010986328;-24,297607421875;
35,816;18,4375;19,074275970458984;19,081045150756836;-24,5625;-24,28730010986328;-24,297607421875;
35,817;18,4375;19,074275970458984;19,081045150756836;-24,5625;-24,28730010986328;-24,297607421875;
35,819;18,4375;19,074275970458984;19,081045150756836;-24,5625;-24,28730010986328;-24,297607421875;
35,82;18,4375;19,074275970458984;19,081045150756836;-24,5625;-24,28730010986328;-24,297607421875;
35,821;18,4375;19,074275970458984;19,081045150756836;-24,5625;-24,28730010986328;-24,297607421875;
35,822;18,4375;19,074275970458984;19,081045150756836;-24,5625;-24,28730010986328;-24,297607421875;
35,823;18,4375;19,074275970458984;19,081045150756836;-24,5625;-24,28730010986328;-24,297607421875;
35,825;18,4375;19,074275970458984;19,081045150756836;-24,5625;-24,28730010986328;-24,297607421875;
35,826;18,4375;19,07548713684082;19,081863403320312;-24,5625;-24,28986930847168;-24,29938316345215;
35,827;18,4375;19,07548713684082;19,081863403320312;-24,5625;-24,28986930847168;-24,29938316345215;
35,828;18,4375;19,07548713684082;19,081863403320312;-24,5625;-24,28986930847168;-24,29938316345215;
35,829;18,4375;19,07548713684082;19,081863403320312;-24,5625;-24,28986930847168;-24,29938316345215;
35,831;18,4375;19,07548713684082;19,081863403320312;-24,5625;-24,28986930847168;-24,29938316345215;
35,832;18,4375;19,07548713684082;19,081863403320312;-24,5625;-24,28986930847168;-24,29938316345215;
35,834;18,4375;19,07548713684082;19,081863403320312;-24,5625;-24,28986930847168;-24,29938316345215;
35,835;18,4375;19,07548713684082;19,081863403320312;-24,5625;-24,28986930847168;-24,29938316345215;
35,836;18,4375;19,075815200805664;19,081802368164062;-24,5625;-24,288928985595703;-24,298036575317383;
35,837;18,4375;19,075815200805664;19,081802368164062;-24,5625;-24,288928985595703;-24,298036575317383;
35,838;18,4375;19,075815200805664;19,081802368164062;-24,5625;-24,288928985595703;-24,298036575317383;
35,839;18,4375;19,075815200805664;19,081802368164062;-24,5625;-24,288928985595703;-24,298036575317383;
35,841;18,4375;19,075815200805664;19,081802368164062;-24,5625;-24,288928985595703;-24,298036575317383;
35,842;18,4375;19,075815200805664;19,081802368164062;-24,5625;-24,288928985595703;-24,298036575317383;
35,843;18,4375;19,075815200805664;19,081802368164062;-24,5625;-24,288928985595703;-24,298036575317383;
35,844;18,4375;19,075815200805664;19,081802368164062;-24,5625;-24,288928985595703;-24,298036575317383;
35,845;18,4375;19,075790405273438;19,08199119567871;-24,5625;-24,29208755493164;-24,299854278564453;
35,847;18,4375;19,075790405273438;19,08199119567871;-24,5625;-24,29208755493164;-24,299854278564453;
35,848;18,4375;19,075790405273438;19,08199119567871;-24,5625;-24,29208755493164;-24,299854278564453;
35,85;18,4375;19,075790405273438;19,08199119567871;-24,5625;-24,29208755493164;-24,299854278564453;
35,851;18,4375;19,075790405273438;19,08199119567871;-24,5625;-24,29208755493164;-24,299854278564453;
35,852;18,4375;19,075790405273438;19,08199119567871;-24,5625;-24,29208755493164;-24,299854278564453;
35,853;18,4375;19,075790405273438;19,08199119567871;-24,5625;-24,29208755493164;-24,299854278564453;
35,854;18,4375;19,075790405273438;19,08199119567871;-24,5625;-24,29208755493164;-24,299854278564453;
35,856;18,4375;19,07685661315918;19,082548141479492;-24,5625;-24,290504455566406;-24,298620223999023;
35,857;18,4375;19,07685661315918;19,082548141479492;-24,5625;-24,290504455566406;-24,298620223999023;
35,859;18,4375;19,07685661315918;19,082548141479492;-24,5625;-24,290504455566406;-24,298620223999023;
35,86;18,4375;19,07685661315918;19,082548141479492;-24,5625;-24,290504455566406;-24,298620223999023;
35,861;18,4375;19,07685661315918;19,082548141479492;-24,5625;-24,290504455566406;-24,298620223999023;
35,863;18,4375;19,07685661315918;19,082548141479492;-24,5625;-24,290504455566406;-24,298620223999023;
35,865;18,4375;19,076196670532227;19,08198356628418;-24,5625;-24,289573669433594;-24,29802131652832;
35,866;18,4375;19,076196670532227;19,08198356628418;-24,5625;-24,289573669433594;-24,29802131652832;
35,867;18,4375;19,076196670532227;19,08198356628418;-24,5625;-24,289573669433594;-24,29802131652832;
35,869;18,4375;19,076196670532227;19,08198356628418;-24,5625;-24,289573669433594;-24,29802131652832;
35,87;18,4375;19,076196670532227;19,08198356628418;-24,5625;-24,289573669433594;-24,29802131652832;
35,872;18,4375;19,076196670532227;19,08198356628418;-24,5625;-24,289573669433594;-24,29802131652832;
35,873;18,4375;19,076196670532227;19,08198356628418;-24,5625;-24,289573669433594;-24,29802131652832;
35,875;18,4375;19,081003189086914;19,08198356628418;-24,5625;-24,288145065307617;-24,29802131652832;
35,876;18,4375;19,081003189086914;19,085481643676758;-24,5625;-24,288145065307617;-24,297786712646484;
35,878;18,4375;19,081003189086914;19,085481643676758;-24,5625;-24,288145065307617;-24,297786712646484;
35,879;18,4375;19,081003189086914;19,085481643676758;-24,5625;-24,288145065307617;-24,297786712646484;
35,881;18,4375;19,081003189086914;19,085481643676758;-24,5625;-24,288145065307617;-24,297786712646484;
35,882;18,4375;19,081003189086914;19,085481643676758;-24,5625;-24,288145065307617;-24,297786712646484;
35,884;18,4375;19,081003189086914;19,085481643676758;-24,5625;-24,288145065307617;-24,297786712646484;
35,885;18,4375;19,078725814819336;19,084630966186523;-24,5625;-24,283809661865234;-24,2947998046875;
35,887;18,4375;19,078725814819336;19,084630966186523;-24,5625;-24,283809661865234;-24,2947998046875;
35,889;18,4375;19,078725814819336;19,084630966186523;-24,5625;-24,283809661865234;-24,2947998046875;
35,89;18,4375;19,078725814819336;19,084630966186523;-24,5625;-24,283809661865234;-24,2947998046875;
35,891;18,4375;19,078725814819336;19,084630966186523;-24,5625;-24,283809661865234;-24,2947998046875;
35,893;18,4375;19,078725814819336;19,084630966186523;-24,5625;-24,283809661865234;-24,2947998046875;
35,894;18,4375;19,078725814819336;19,084630966186523;-24,5625;-24,283809661865234;-24,2947998046875;
35,896;18,4375;19,080110549926758;19,085424423217773;-24,5625;-24,285009384155273;-24,295368194580078;
35,897;18,4375;19,080110549926758;19,085424423217773;-24,5625;-24,285009384155273;-24,295368194580078;
35,899;18,4375;19,080110549926758;19,085424423217773;-24,5625;-24,285009384155273;-24,295368194580078;
35,9;18,4375;19,080110549926758;19,085424423217773;-24,5625;-24,285009384155273;-24,295368194580078;
35,902;18,4375;19,080110549926758;19,085424423217773;-24,5625;-24,285009384155273;-24,295368194580078;
35,903;18,4375;19,080110549926758;19,085424423217773;-24,5625;-24,285009384155273;-24,295368194580078;
35,905;18,4375;19,080110549926758;19,085424423217773;-24,5625;-24,285009384155273;-24,295368194580078;
35,906;18,4375;19,08161735534668;19,086362838745117;-24,5625;-24,285221099853516;-24,295883178710938;
35,907;18,4375;19,08161735534668;19,086362838745117;-24,5625;-24,285221099853516;-24,295883178710938;
35,909;18,4375;19,08161735534668;19,086362838745117;-24,5625;-24,285221099853516;-24,295883178710938;
35,911;18,4375;19,08161735534668;19,086362838745117;-24,5625;-24,285221099853516;-24,295883178710938;
35,912;18,4375;19,08161735534668;19,086362838745117;-24,5625;-24,285221099853516;-24,295883178710938;
35,914;18,4375;19,08161735534668;19,086362838745117;-24,5625;-24,285221099853516;-24,295883178710938;
35,915;18,4375;19,081880569458008;19,08616828918457;-24,5625;-24,282995223999023;-24,29376220703125;
35,917;18,4375;19,081880569458008;19,08616828918457;-24,5625;-24,282995223999023;-24,29376220703125;
35,919;18,4375;19,081880569458008;19,08616828918457;-24,5625;-24,282995223999023;-24,29376220703125;
35,92;18,4375;19,081880569458008;19,08616828918457;-24,5625;-24,282995223999023;-24,29376220703125;
35,921;18,4375;19,081880569458008;19,08616828918457;-24,5625;-24,282995223999023;-24,29376220703125;
35,923;18,4375;19,081880569458008;19,08616828918457;-24,5625;-24,282995223999023;-24,29376220703125;
35,924;18,4375;19,081880569458008;19,08616828918457;-24,5625;-24,282995223999023;-24,29376220703125;
35,925;18,4375;19,082515716552734;19,086627960205078;-24,5625;-24,282562255859375;-24,292709350585938;
35,927;18,4375;19,082515716552734;19,086627960205078;-24,5625;-24,282562255859375;-24,292709350585938;
35,928;18,4375;19,082515716552734;19,086627960205078;-24,5625;-24,282562255859375;-24,292709350585938;
35,93;18,4375;19,082515716552734;19,086627960205078;-24,5625;-24,282562255859375;-24,292709350585938;
35,932;18,4375;19,082515716552734;19,086627960205078;-24,5625;-24,282562255859375;-24,292709350585938;
35,933;18,4375;19,082515716552734;19,086627960205078;-24,5625;-24,282562255859375;-24,292709350585938;
35,935;18,4375;19,082515716552734;19,086627960205078;-24,5625;-24,282562255859375;-24,292709350585938;
35,936;18,4375;19,085203170776367;19,08815574645996;-24,5625;-24,28102684020996;-24,29199981689453;
35,937;18,4375;19,085203170776367;19,08815574645996;-24,5625;-24,28102684020996;-24,29199981689453;
35,939;18,4375;19,085203170776367;19,08815574645996;-24,5625;-24,28102684020996;-24,29199981689453;
35,94;18,4375;19,085203170776367;19,08815574645996;-24,5625;-24,28102684020996;-24,29199981689453;
35,941;18,4375;19,085203170776367;19,08815574645996;-24,5625;-24,28102684020996;-24,29199981689453;
35,943;18,4375;19,085203170776367;19,08815574645996;-24,5625;-24,28102684020996;-24,29199981689453;
35,944;18,4375;19,085203170776367;19,08815574645996;-24,5625;-24,28102684020996;-24,29199981689453;
35,946;18,4375;19,085519790649414;19,088491439819336;-24,5625;-24,280744552612305;-24,292055130004883;
35,947;18,4375;19,085519790649414;19,088491439819336;-24,5625;-24,280744552612305;-24,292055130004883;
35,949;18,4375;19,085519790649414;19,088491439819336;-24,5625;-24,280744552612305;-24,292055130004883;
35,95;18,4375;19,085519790649414;19,088491439819336;-24,5625;-24,280744552612305;-24,292055130004883;
35,952;18,4375;19,085519790649414;19,088491439819336;-24,5625;-24,280744552612305;-24,292055130004883;
35,953;18,4375;19,085519790649414;19,088491439819336;-24,5625;-24,280744552612305;-24,292055130004883;
35,955;18,4375;19,085519790649414;19,088491439819336;-24,5625;-24,280744552612305;-24,292055130004883;
35,956;18,4375;19,089218139648438;19,090782165527344;-24,5625;-24,278644561767578;-24,29046630859375;
35,958;18,4375;19,089218139648438;19,090782165527344;-24,5625;-24,278644561767578;-24,29046630859375;
35,959;18,4375;19,089218139648438;19,090782165527344;-24,5625;-24,278644561767578;-24,29046630859375;
35,961;18,4375;19,089218139648438;19,090782165527344;-24,5625;-24,278644561767578;-24,29046630859375;
35,962;18,4375;19,089218139648438;19,090782165527344;-24,5625;-24,278644561767578;-24,29046630859375;
35,964;18,4375;19,089218139648438;19,090782165527344;-24,5625;-24,278644561767578;-24,29046630859375;
35,966;18,4375;19,08769416809082;19,0898494720459;-24,5625;-24,276430130004883;-24,2884521484375;
35,967;18,4375;19,08769416809082;19,0898494720459;-24,5625;-24,276430130004883;-24,2884521484375;
35,969;18,4375;19,08769416809082;19,0898494720459;-24,5625;-24,276430130004883;-24,2884521484375;
35,97;18,4375;19,08769416809082;19,0898494720459;-24,5625;-24,276430130004883;-24,2884521484375;
35,971;18,4375;19,08769416809082;19,0898494720459;-24,5625;-24,276430130004883;-24,2884521484375;
35,973;18,4375;19,08769416809082;19,0898494720459;-24,5625;-24,276430130004883;-24,2884521484375;
35,974;18,4375;19,08769416809082;19,0898494720459;-24,5625;-24,276430130004883;-24,2884521484375;
35,976;18,4375;19,086013793945312;19,088882446289062;-24,5625;-24,277387619018555;-24,28909683227539;
35,977;18,4375;19,086013793945312;19,088882446289062;-24,5625;-24,277387619018555;-24,28909683227539;
35,978;18,4375;19,086013793945312;19,088882446289062;-24,5625;-24,277387619018555;-24,28909683227539;
35,98;18,4375;19,086013793945312;19,088882446289062;-24,5625;-24,277387619018555;-24,28909683227539;
35,981;18,4375;19,086013793945312;19,088882446289062;-24,5625;-24,277387619018555;-24,28909683227539;
35,983;18,4375;19,086013793945312;19,088882446289062;-24,5625;-24,277387619018555;-24,28909683227539;
35,984;18,4375;19,086013793945312;19,088882446289062;-24,5625;-24,277387619018555;-24,28909683227539;
35,986;18,4375;19,090423583984375;19,09221839904785;-24,5625;-24,280662536621094;-24,29164695739746;
35,987;18,4375;19,090423583984375;19,09221839904785;-24,5625;-24,280662536621094;-24,29164695739746;
35,988;18,4375;19,090423583984375;19,09221839904785;-24,5625;-24,280662536621094;-24,29164695739746;
35,99;18,4375;19,090423583984375;19,09221839904785;-24,5625;-24,280662536621094;-24,29164695739746;
35,991;18,4375;19,090423583984375;19,09221839904785;-24,5625;-24,280662536621094;-24,29164695739746;
35,992;18,4375;19,090423583984375;19,09221839904785;-24,5625;-24,280662536621094;-24,29164695739746;
35,994;18,4375;19,090423583984375;19,09221839904785;-24,5625;-24,280662536621094;-24,29164695739746;
35,995;18,4375;19,090423583984375;19,09221839904785;-24,5625;-24,280662536621094;-24,29164695739746;
35,996;18,4375;19,09186553955078;19,0936222076416;-24,5625;-24,284046173095703;-24,29404640197754;
35,998;18,4375;19,09186553955078;19,0936222076416;-24,5625;-24,284046173095703;-24,29404640197754;
35,999;18,4375;19,09186553955078;19,0936222076416;-24,5625;-24,284046173095703;-24,29404640197754;
36,001;18,4375;19,09186553955078;19,0936222076416;-24,5625;-24,284046173095703;-24,29404640197754;
36,002;18,4375;19,09186553955078;19,0936222076416;-24,5625;-24,284046173095703;-24,29404640197754;
36,003;18,4375;19,09186553955078;19,0936222076416;-24,5625;-24,284046173095703;-24,29404640197754;
36,004;18,4375;19,09186553955078;19,0936222076416;-24,5625;-24,284046173095703;-24,29404640197754;
36,006;18,4375;19,090856552124023;19,092937469482422;-24,5625;-24,282333374023438;-24,29285430908203;
36,007;18,4375;19,090856552124023;19,092937469482422;-24,5625;-24,282333374023438;-24,29285430908203;
36,009;18,4375;19,090856552124023;19,092937469482422;-24,5625;-24,282333374023438;-24,29285430908203;
36,01;18,4375;19,090856552124023;19,092937469482422;-24,5625;-24,282333374023438;-24,29285430908203;
36,012;18,4375;19,090856552124023;19,092937469482422;-24,5625;-24,282333374023438;-24,29285430908203;
36,013;18,4375;19,090856552124023;19,092937469482422;-24,5625;-24,282333374023438;-24,29285430908203;
36,015;18,4375;19,090856552124023;19,092937469482422;-24,5625;-24,282333374023438;-24,29285430908203;
36,016;18,4375;19,09173583984375;19,093976974487305;-24,5625;-24,28429412841797;-24,294103622436523;
36,018;18,4375;19,09173583984375;19,093976974487305;-24,5625;-24,28429412841797;-24,294103622436523;
36,019;18,4375;19,09173583984375;19,093976974487305;-24,5625;-24,28429412841797;-24,294103622436523;
36,021;18,4375;19,09173583984375;19,093976974487305;-24,5625;-24,28429412841797;-24,294103622436523;
36,022;18,4375;19,09173583984375;19,093976974487305;-24,5625;-24,28429412841797;-24,294103622436523;
36,023;18,4375;19,09173583984375;19,093976974487305;-24,5625;-24,28429412841797;-24,294103622436523;
36,025;18,4375;19,09173583984375;19,093976974487305;-24,5625;-24,28429412841797;-24,294103622436523;
36,026;18,4375;19,08953857421875;19,09334945678711;-24,5625;-24,27989959716797;-24,290937423706055;
36,027;18,4375;19,08953857421875;19,09334945678711;-24,5625;-24,27989959716797;-24,290937423706055;
36,028;18,4375;19,08953857421875;19,09334945678711;-24,5625;-24,27989959716797;-24,290937423706055;
36,03;18,4375;19,08953857421875;19,09334945678711;-24,5625;-24,27989959716797;-24,290937423706055;
36,031;18,4375;19,08953857421875;19,09334945678711;-24,5625;-24,27989959716797;-24,290937423706055;
36,033;18,4375;19,08953857421875;19,09334945678711;-24,5625;-24,27989959716797;-24,290937423706055;
36,034;18,4375;19,08953857421875;19,09334945678711;-24,5625;-24,27989959716797;-24,290937423706055;
36,036;18,4375;19,091049194335938;19,09479331970215;-24,5625;-24,279069900512695;-24,29036521911621;
36,037;18,4375;19,091049194335938;19,09479331970215;-24,5625;-24,279069900512695;-24,29036521911621;
36,038;18,4375;19,091049194335938;19,09479331970215;-24,5625;-24,279069900512695;-24,29036521911621;
36,04;18,4375;19,091049194335938;19,09479331970215;-24,5625;-24,279069900512695;-24,29036521911621;
36,041;18,4375;19,091049194335938;19,09479331970215;-24,5625;-24,279069900512695;-24,29036521911621;
36,042;18,4375;19,091049194335938;19,09479331970215;-24,5625;-24,279069900512695;-24,29036521911621;
36,044;18,4375;19,091049194335938;19,09479331970215;-24,5625;-24,279069900512695;-24,29036521911621;
36,046;18,4375;19,090347290039062;19,094886779785156;-24,5625;-24,28077507019043;-24,291379928588867;
36,047;18,4375;19,090347290039062;19,094886779785156;-24,5625;-24,28077507019043;-24,291379928588867;
36,049;18,4375;19,090347290039062;19,094886779785156;-24,5625;-24,28077507019043;-24,291379928588867;
36,051;18,4375;19,090347290039062;19,094886779785156;-24,5625;-24,28077507019043;-24,291379928588867;
36,052;18,4375;19,090347290039062;19,094886779785156;-24,5625;-24,28077507019043;-24,291379928588867;
36,053;18,4375;19,090347290039062;19,094886779785156;-24,5625;-24,28077507019043;-24,291379928588867;
36,055;18,4375;19,090347290039062;19,094886779785156;-24,5625;-24,28077507019043;-24,291379928588867;
36,056;18,4375;19,09122657775879;19,095596313476562;-24,5625;-24,27897834777832;-24,290212631225586;
36,057;18,4375;19,09122657775879;19,095596313476562;-24,5625;-24,27897834777832;-24,290212631225586;
36,059;18,4375;19,09122657775879;19,095596313476562;-24,5625;-24,27897834777832;-24,290212631225586;
36,06;18,4375;19,09122657775879;19,095596313476562;-24,5625;-24,27897834777832;-24,290212631225586;
36,061;18,4375;19,09122657775879;19,095596313476562;-24,5625;-24,27897834777832;-24,290212631225586;
36,063;18,4375;19,09122657775879;19,095596313476562;-24,5625;-24,27897834777832;-24,290212631225586;
36,065;18,4375;19,090768814086914;19,095596313476562;-24,5625;-24,277393341064453;-24,288990020751953;
36,066;18,4375;19,090768814086914;19,095684051513672;-24,5625;-24,277393341064453;-24,288990020751953;
36,068;18,4375;19,090768814086914;19,095684051513672;-24,5625;-24,277393341064453;-24,288990020751953;
36,069;18,4375;19,090768814086914;19,095684051513672;-24,5625;-24,277393341064453;-24,288990020751953;
36,07;18,4375;19,090768814086914;19,095684051513672;-24,5625;-24,277393341064453;-24,288990020751953;
36,071;18,4375;19,090768814086914;19,095684051513672;-24,5625;-24,277393341064453;-24,288990020751953;
36,073;18,4375;19,090768814086914;19,095684051513672;-24,5625;-24,277393341064453;-24,288990020751953;
36,074;18,4375;19,090768814086914;19,095684051513672;-24,5625;-24,277393341064453;-24,288990020751953;
36,075;18,4375;19,092164993286133;19,095684051513672;-24,5625;-24,275846481323242;-24,287961959838867;
36,076;18,4375;19,092164993286133;19,09647560119629;-24,5625;-24,275846481323242;-24,287961959838867;
36,077;18,4375;19,092164993286133;19,09647560119629;-24,5625;-24,275846481323242;-24,287961959838867;
36,079;18,4375;19,092164993286133;19,09647560119629;-24,5625;-24,275846481323242;-24,287961959838867;
36,08;18,4375;19,092164993286133;19,09647560119629;-24,5625;-24,275846481323242;-24,287961959838867;
36,082;18,4375;19,092164993286133;19,09647560119629;-24,5625;-24,275846481323242;-24,287961959838867;
36,083;18,4375;19,092164993286133;19,09647560119629;-24,5625;-24,275846481323242;-24,287961959838867;
36,084;18,4375;19,092164993286133;19,09647560119629;-24,5625;-24,275846481323242;-24,287961959838867;
36,085;18,4375;19,090808868408203;19,09489631652832;-24,5625;-24,28109359741211;-24,29160499572754;
36,087;18,4375;19,090808868408203;19,09489631652832;-24,5625;-24,28109359741211;-24,29160499572754;
36,088;18,4375;19,090808868408203;19,09489631652832;-24,5625;-24,28109359741211;-24,29160499572754;
36,089;18,4375;19,090808868408203;19,09489631652832;-24,5625;-24,28109359741211;-24,29160499572754;
36,09;18,4375;19,090808868408203;19,09489631652832;-24,5625;-24,28109359741211;-24,29160499572754;
36,091;18,4375;19,090808868408203;19,09489631652832;-24,5625;-24,28109359741211;-24,29160499572754;
36,092;18,4375;19,090808868408203;19,09489631652832;-24,5625;-24,28109359741211;-24,29160499572754;
36,093;18,4375;19,090808868408203;19,09489631652832;-24,5625;-24,28109359741211;-24,29160499572754;
36,095;18,4375;19,090808868408203;19,09489631652832;-24,5625;-24,28109359741211;-24,29160499572754;
36,096;18,4375;19,089603424072266;19,094091415405273;-24,5625;-24,276962280273438;-24,288599014282227;
36,098;18,4375;19,089603424072266;19,094091415405273;-24,5625;-24,276962280273438;-24,288599014282227;
36,099;18,4375;19,089603424072266;19,094091415405273;-24,5625;-24,276962280273438;-24,288599014282227;
36,101;18,4375;19,089603424072266;19,094091415405273;-24,5625;-24,276962280273438;-24,288599014282227;
36,102;18,4375;19,089603424072266;19,094091415405273;-24,5625;-24,276962280273438;-24,288599014282227;
36,103;18,4375;19,089603424072266;19,094091415405273;-24,5625;-24,276962280273438;-24,288599014282227;
36,104;18,4375;19,089603424072266;19,094091415405273;-24,5625;-24,276962280273438;-24,288599014282227;
36,105;18,4375;19,08971405029297;19,093982696533203;-24,5625;-24,280288696289062;-24,29081153869629;
36,106;18,4375;19,08971405029297;19,093982696533203;-24,5625;-24,280288696289062;-24,29081153869629;
36,108;18,4375;19,08971405029297;19,093982696533203;-24,5625;-24,280288696289062;-24,29081153869629;
36,109;18,4375;19,08971405029297;19,093982696533203;-24,5625;-24,280288696289062;-24,29081153869629;
36,111;18,4375;19,08971405029297;19,093982696533203;-24,5625;-24,280288696289062;-24,29081153869629;
36,112;18,4375;19,08971405029297;19,093982696533203;-24,5625;-24,280288696289062;-24,29081153869629;
36,114;18,4375;19,08971405029297;19,093982696533203;-24,5625;-24,280288696289062;-24,29081153869629;
36,116;18,4375;19,093826293945312;19,096975326538086;-24,5625;-24,27947425842285;-24,290367126464844;
36,117;18,4375;19,093826293945312;19,096975326538086;-24,5625;-24,27947425842285;-24,290367126464844;
36,118;18,4375;19,093826293945312;19,096975326538086;-24,5625;-24,27947425842285;-24,290367126464844;
36,12;18,4375;19,093826293945312;19,096975326538086;-24,5625;-24,27947425842285;-24,290367126464844;
36,121;18,4375;19,093826293945312;19,096975326538086;-24,5625;-24,27947425842285;-24,290367126464844;
36,122;18,4375;19,093826293945312;19,096975326538086;-24,5625;-24,27947425842285;-24,290367126464844;
36,123;18,4375;19,093826293945312;19,096975326538086;-24,5625;-24,27947425842285;-24,290367126464844;
36,124;18,4375;19,093826293945312;19,096975326538086;-24,5625;-24,27947425842285;-24,290367126464844;
36,126;18,4375;19,092849731445312;19,096323013305664;-24,5625;-24,279111862182617;-24,290258407592773;
36,127;18,4375;19,092849731445312;19,096323013305664;-24,5625;-24,279111862182617;-24,290258407592773;
36,128;18,4375;19,092849731445312;19,096323013305664;-24,5625;-24,279111862182617;-24,290258407592773;
36,13;18,4375;19,092849731445312;19,096323013305664;-24,5625;-24,279111862182617;-24,290258407592773;
36,131;18,4375;19,092849731445312;19,096323013305664;-24,5625;-24,279111862182617;-24,290258407592773;
36,133;18,4375;19,092849731445312;19,096323013305664;-24,5625;-24,279111862182617;-24,290258407592773;
36,134;18,4375;19,092849731445312;19,096323013305664;-24,5625;-24,279111862182617;-24,290258407592773;
36,135;18,4375;19,093782424926758;19,098323822021484;-24,5625;-24,276758193969727;-24,28818130493164;
36,136;18,4375;19,093782424926758;19,098323822021484;-24,5625;-24,276758193969727;-24,28818130493164;
36,137;18,4375;19,093782424926758;19,098323822021484;-24,5625;-24,276758193969727;-24,28818130493164;
36,139;18,4375;19,093782424926758;19,098323822021484;-24,5625;-24,276758193969727;-24,28818130493164;
36,14;18,4375;19,093782424926758;19,098323822021484;-24,5625;-24,276758193969727;-24,28818130493164;
36,141;18,4375;19,093782424926758;19,098323822021484;-24,5625;-24,276758193969727;-24,28818130493164;
36,142;18,4375;19,093782424926758;19,098323822021484;-24,5625;-24,276758193969727;-24,28818130493164;
36,143;18,4375;19,093782424926758;19,098323822021484;-24,5625;-24,276758193969727;-24,28818130493164;
36,144;18,4375;19,093782424926758;19,098323822021484;-24,5625;-24,276758193969727;-24,28818130493164;
36,146;18,4375;19,089927673339844;19,09577751159668;-24,5625;-24,27791976928711;-24,288854598999023;
36,147;18,4375;19,089927673339844;19,09577751159668;-24,5625;-24,27791976928711;-24,288854598999023;
36,149;18,4375;19,089927673339844;19,09577751159668;-24,5625;-24,27791976928711;-24,288854598999023;
36,15;18,4375;19,089927673339844;19,09577751159668;-24,5625;-24,27791976928711;-24,288854598999023;
36,151;18,4375;19,089927673339844;19,09577751159668;-24,5625;-24,27791976928711;-24,288854598999023;
36,152;18,4375;19,089927673339844;19,09577751159668;-24,5625;-24,27791976928711;-24,288854598999023;
36,153;18,4375;19,089927673339844;19,09577751159668;-24,5625;-24,27791976928711;-24,288854598999023;
36,155;18,4375;19,089927673339844;19,09577751159668;-24,5625;-24,27791976928711;-24,288854598999023;
36,156;18,4375;19,089275360107422;19,094833374023438;-24,5625;-24,276554107666016;-24,287399291992188;
36,157;18,4375;19,089275360107422;19,094833374023438;-24,5625;-24,276554107666016;-24,287399291992188;
36,159;18,4375;19,089275360107422;19,094833374023438;-24,5625;-24,276554107666016;-24,287399291992188;
36,16;18,4375;19,089275360107422;19,094833374023438;-24,5625;-24,276554107666016;-24,287399291992188;
36,162;18,4375;19,089275360107422;19,094833374023438;-24,5625;-24,276554107666016;-24,287399291992188;
36,163;18,4375;19,089275360107422;19,094833374023438;-24,5625;-24,276554107666016;-24,287399291992188;
36,165;18,4375;19,089275360107422;19,094833374023438;-24,5625;-24,27973747253418;-24,287399291992188;
36,166;18,4375;19,0900936126709;19,095516204833984;-24,5625;-24,27973747253418;-24,289058685302734;
36,168;18,4375;19,0900936126709;19,095516204833984;-24,5625;-24,27973747253418;-24,289058685302734;
36,169;18,4375;19,0900936126709;19,095516204833984;-24,5625;-24,27973747253418;-24,289058685302734;
36,171;18,4375;19,0900936126709;19,095516204833984;-24,5625;-24,27973747253418;-24,289058685302734;
36,172;18,4375;19,0900936126709;19,095516204833984;-24,5625;-24,27973747253418;-24,289058685302734;
36,174;18,4375;19,0900936126709;19,095516204833984;-24,5625;-24,27973747253418;-24,289058685302734;
36,175;18,4375;19,095043182373047;19,099374771118164;-24,5625;-24,281282424926758;-24,289918899536133;
36,177;18,4375;19,095043182373047;19,099374771118164;-24,5625;-24,281282424926758;-24,289918899536133;
36,178;18,4375;19,095043182373047;19,099374771118164;-24,5625;-24,281282424926758;-24,289918899536133;
36,18;18,4375;19,095043182373047;19,099374771118164;-24,5625;-24,281282424926758;-24,289918899536133;
36,181;18,4375;19,095043182373047;19,099374771118164;-24,5625;-24,281282424926758;-24,289918899536133;
36,183;18,4375;19,095043182373047;19,099374771118164;-24,5625;-24,281282424926758;-24,289918899536133;
36,184;18,4375;19,095043182373047;19,099374771118164;-24,5625;-24,281282424926758;-24,289918899536133;
36,186;18,4375;19,08961296081543;19,095287322998047;-24,5625;-24,280624389648438;-24,289167404174805;
36,187;18,4375;19,08961296081543;19,095287322998047;-24,5625;-24,280624389648438;-24,289167404174805;
36,188;18,4375;19,08961296081543;19,095287322998047;-24,5625;-24,280624389648438;-24,289167404174805;
36,19;18,4375;19,08961296081543;19,095287322998047;-24,5625;-24,280624389648438;-24,289167404174805;
36,191;18,4375;19,08961296081543;19,095287322998047;-24,5625;-24,280624389648438;-24,289167404174805;
36,192;18,4375;19,08961296081543;19,095287322998047;-24,5625;-24,280624389648438;-24,289167404174805;
36,194;18,4375;19,08961296081543;19,095287322998047;-24,5625;-24,280624389648438;-24,289167404174805;
36,195;18,4375;19,088407516479492;19,094768524169922;-24,5625;-24,28154182434082;-24,289886474609375;
36,197;18,4375;19,088407516479492;19,094768524169922;-24,5625;-24,28154182434082;-24,289886474609375;
36,198;18,4375;19,088407516479492;19,094768524169922;-24,5625;-24,28154182434082;-24,289886474609375;
36,2;18,4375;19,088407516479492;19,094768524169922;-24,5625;-24,28154182434082;-24,289886474609375;
36,202;18,4375;19,088407516479492;19,094768524169922;-24,5625;-24,28154182434082;-24,289886474609375;
36,203;18,4375;19,088407516479492;19,094768524169922;-24,5625;-24,28154182434082;-24,289886474609375;
36,204;18,4375;19,088407516479492;19,094768524169922;-24,5625;-24,28154182434082;-24,289886474609375;
36,206;18,4375;19,089378356933594;19,096017837524414;-24,5625;-24,283403396606445;-24,290531158447266;
36,207;18,4375;19,089378356933594;19,096017837524414;-24,5625;-24,283403396606445;-24,290531158447266;
36,209;18,4375;19,089378356933594;19,096017837524414;-24,5625;-24,283403396606445;-24,290531158447266;
36,21;18,4375;19,089378356933594;19,096017837524414;-24,5625;-24,283403396606445;-24,290531158447266;
36,212;18,4375;19,089378356933594;19,096017837524414;-24,5625;-24,283403396606445;-24,290531158447266;
36,214;18,4375;19,089378356933594;19,096017837524414;-24,5625;-24,283403396606445;-24,290531158447266;
36,215;18,4375;19,089378356933594;19,096017837524414;-24,5625;-24,283403396606445;-24,290531158447266;
36,217;18,4375;19,0916748046875;19,097042083740234;-24,5625;-24,282541275024414;-24,290021896362305;
36,218;18,4375;19,0916748046875;19,097042083740234;-24,5625;-24,282541275024414;-24,290021896362305;
36,22;18,4375;19,0916748046875;19,097042083740234;-24,5625;-24,282541275024414;-24,290021896362305;
36,221;18,4375;19,0916748046875;19,097042083740234;-24,5625;-24,282541275024414;-24,290021896362305;
36,222;18,4375;19,0916748046875;19,097042083740234;-24,5625;-24,282541275024414;-24,290021896362305;
36,223;18,4375;19,0916748046875;19,097042083740234;-24,5625;-24,282541275024414;-24,290021896362305;
36,225;18,4375;19,0916748046875;19,097042083740234;-24,5625;-24,282541275024414;-24,290021896362305;
36,226;18,4375;19,091236114501953;19,096446990966797;-24,5625;-24,279966354370117;-24,288698196411133;
36,227;18,4375;19,091236114501953;19,096446990966797;-24,5625;-24,279966354370117;-24,288698196411133;
36,228;18,4375;19,091236114501953;19,096446990966797;-24,5625;-24,279966354370117;-24,288698196411133;
36,23;18,4375;19,091236114501953;19,096446990966797;-24,5625;-24,279966354370117;-24,288698196411133;
36,231;18,4375;19,091236114501953;19,096446990966797;-24,5625;-24,279966354370117;-24,288698196411133;
36,233;18,4375;19,091236114501953;19,096446990966797;-24,5625;-24,279966354370117;-24,288698196411133;
36,234;18,4375;19,091236114501953;19,096446990966797;-24,5625;-24,279966354370117;-24,288698196411133;
36,236;18,4375;19,092239379882812;19,09721565246582;-24,5625;-24,280120849609375;-24,288829803466797;
36,237;18,4375;19,092239379882812;19,09721565246582;-24,5625;-24,280120849609375;-24,288829803466797;
36,238;18,4375;19,092239379882812;19,09721565246582;-24,5625;-24,280120849609375;-24,288829803466797;
36,239;18,4375;19,092239379882812;19,09721565246582;-24,5625;-24,280120849609375;-24,288829803466797;
36,241;18,4375;19,092239379882812;19,09721565246582;-24,5625;-24,280120849609375;-24,288829803466797;
36,242;18,4375;19,092239379882812;19,09721565246582;-24,5625;-24,280120849609375;-24,288829803466797;
36,244;18,4375;19,092239379882812;19,09721565246582;-24,5625;-24,280120849609375;-24,288829803466797;
36,245;18,4375;19,092239379882812;19,09721565246582;-24,5625;-24,280120849609375;-24,288829803466797;
36,246;18,4375;19,092451095581055;19,097145080566406;-24,5625;-24,28280258178711;-24,29022216796875;
36,248;18,4375;19,092451095581055;19,097145080566406;-24,5625;-24,28280258178711;-24,29022216796875;
36,25;18,4375;19,092451095581055;19,097145080566406;-24,5625;-24,28280258178711;-24,29022216796875;
36,251;18,4375;19,092451095581055;19,097145080566406;-24,5625;-24,28280258178711;-24,29022216796875;
36,252;18,4375;19,092451095581055;19,097145080566406;-24,5625;-24,28280258178711;-24,29022216796875;
36,254;18,4375;19,092451095581055;19,097145080566406;-24,5625;-24,28280258178711;-24,29022216796875;
36,255;18,4375;19,092451095581055;19,097145080566406;-24,5625;-24,28280258178711;-24,29022216796875;
36,256;18,4375;19,093809127807617;19,097408294677734;-24,5625;-24,289695739746094;-24,29447364807129;
36,258;18,4375;19,093809127807617;19,097408294677734;-24,5625;-24,289695739746094;-24,29447364807129;
36,259;18,4375;19,093809127807617;19,097408294677734;-24,5625;-24,289695739746094;-24,29447364807129;
36,261;18,4375;19,093809127807617;19,097408294677734;-24,5625;-24,289695739746094;-24,29447364807129;
36,262;18,4375;19,093809127807617;19,097408294677734;-24,5625;-24,289695739746094;-24,29447364807129;
36,264;18,4375;19,093809127807617;19,097408294677734;-24,5625;-24,289695739746094;-24,29447364807129;
36,266;18,4375;19,09670639038086;19,09909439086914;-24,5625;-24,290786743164062;-24,29483413696289;
36,267;18,4375;19,09670639038086;19,09909439086914;-24,5625;-24,290786743164062;-24,29483413696289;
36,269;18,4375;19,09670639038086;19,09909439086914;-24,5625;-24,290786743164062;-24,29483413696289;
36,27;18,4375;19,09670639038086;19,09909439086914;-24,5625;-24,290786743164062;-24,29483413696289;
36,272;18,4375;19,09670639038086;19,09909439086914;-24,5625;-24,290786743164062;-24,29483413696289;
36,273;18,4375;19,09670639038086;19,09909439086914;-24,5625;-24,290786743164062;-24,29483413696289;
36,274;18,4375;19,09670639038086;19,09909439086914;-24,5625;-24,290786743164062;-24,29483413696289;
36,276;18,4375;19,09340476989746;19,09673309326172;-24,5625;-24,289695739746094;-24,29355239868164;
36,277;18,4375;19,09340476989746;19,09673309326172;-24,5625;-24,289695739746094;-24,29355239868164;
36,278;18,4375;19,09340476989746;19,09673309326172;-24,5625;-24,289695739746094;-24,29355239868164;
36,279;18,4375;19,09340476989746;19,09673309326172;-24,5625;-24,289695739746094;-24,29355239868164;
36,281;18,4375;19,09340476989746;19,09673309326172;-24,5625;-24,289695739746094;-24,29355239868164;
36,283;18,4375;19,09340476989746;19,09673309326172;-24,5625;-24,289695739746094;-24,29355239868164;
36,284;18,4375;19,09340476989746;19,09673309326172;-24,5625;-24,289695739746094;-24,29355239868164;
36,285;18,4375;19,089706420898438;19,09377098083496;-24,5625;-24,286998748779297;-24,292131423950195;
36,287;18,4375;19,089706420898438;19,09377098083496;-24,5625;-24,286998748779297;-24,292131423950195;
36,288;18,4375;19,089706420898438;19,09377098083496;-24,5625;-24,286998748779297;-24,292131423950195;
36,289;18,4375;19,089706420898438;19,09377098083496;-24,5625;-24,286998748779297;-24,292131423950195;
36,291;18,4375;19,089706420898438;19,09377098083496;-24,5625;-24,286998748779297;-24,292131423950195;
36,292;18,4375;19,089706420898438;19,09377098083496;-24,5625;-24,286998748779297;-24,292131423950195;
36,293;18,4375;19,089706420898438;19,09377098083496;-24,5625;-24,286998748779297;-24,292131423950195;
36,295;18,4375;19,089706420898438;19,09377098083496;-24,5625;-24,286998748779297;-24,292131423950195;
36,296;18,4375;19,092016220092773;19,095245361328125;-24,5625;-24,288869857788086;-24,293731689453125;
36,297;18,4375;19,092016220092773;19,095245361328125;-24,5625;-24,288869857788086;-24,293731689453125;
36,299;18,4375;19,092016220092773;19,095245361328125;-24,5625;-24,288869857788086;-24,293731689453125;
36,301;18,4375;19,092016220092773;19,095245361328125;-24,5625;-24,288869857788086;-24,293731689453125;
36,302;18,4375;19,092016220092773;19,095245361328125;-24,5625;-24,288869857788086;-24,293731689453125;
36,303;18,4375;19,092016220092773;19,095245361328125;-24,5625;-24,288869857788086;-24,293731689453125;
36,304;18,4375;19,092016220092773;19,095245361328125;-24,5625;-24,288869857788086;-24,293731689453125;
36,306;18,4375;19,091211318969727;19,094688415527344;-24,5625;-24,2847957611084;-24,29079818725586;
36,307;18,4375;19,091211318969727;19,094688415527344;-24,5625;-24,2847957611084;-24,29079818725586;
36,309;18,4375;19,091211318969727;19,094688415527344;-24,5625;-24,2847957611084;-24,29079818725586;
36,31;18,4375;19,091211318969727;19,094688415527344;-24,5625;-24,2847957611084;-24,29079818725586;
36,311;18,4375;19,091211318969727;19,094688415527344;-24,5625;-24,2847957611084;-24,29079818725586;
36,313;18,4375;19,091211318969727;19,094688415527344;-24,5625;-24,2847957611084;-24,29079818725586;
36,314;18,4375;19,091211318969727;19,094688415527344;-24,5625;-24,2847957611084;-24,29079818725586;
36,316;18,4375;19,09402847290039;19,096498489379883;-24,5625;-24,285675048828125;-24,291101455688477;
36,318;18,4375;19,09402847290039;19,096498489379883;-24,5625;-24,285675048828125;-24,291101455688477;
36,319;18,4375;19,09402847290039;19,096498489379883;-24,5625;-24,285675048828125;-24,291101455688477;
36,321;18,4375;19,09402847290039;19,096498489379883;-24,5625;-24,285675048828125;-24,291101455688477;
36,322;18,4375;19,09402847290039;19,096498489379883;-24,5625;-24,285675048828125;-24,291101455688477;
36,323;18,4375;19,09402847290039;19,096498489379883;-24,5625;-24,285675048828125;-24,291101455688477;
36,325;18,4375;19,09402847290039;19,096498489379883;-24,5625;-24,285675048828125;-24,291101455688477;
36,326;18,4375;19,09420394897461;19,09626007080078;-24,5625;-24,2818546295166;-24,28794288635254;
36,327;18,4375;19,09420394897461;19,09626007080078;-24,5625;-24,2818546295166;-24,28794288635254;
36,328;18,4375;19,09420394897461;19,09626007080078;-24,5625;-24,2818546295166;-24,28794288635254;
36,329;18,4375;19,09420394897461;19,09626007080078;-24,5625;-24,2818546295166;-24,28794288635254;
36,331;18,4375;19,09420394897461;19,09626007080078;-24,5625;-24,2818546295166;-24,28794288635254;
36,333;18,4375;19,09420394897461;19,09626007080078;-24,5625;-24,2818546295166;-24,28794288635254;
36,334;18,4375;19,09420394897461;19,09626007080078;-24,5625;-24,2818546295166;-24,28794288635254;
36,335;18,4375;19,09420394897461;19,09626007080078;-24,5625;-24,2818546295166;-24,28794288635254;
36,337;18,4375;19,092426300048828;19,09490394592285;-24,5625;-24,28270149230957;-24,287927627563477;
36,338;18,4375;19,092426300048828;19,09490394592285;-24,5625;-24,28270149230957;-24,287927627563477;
36,339;18,4375;19,092426300048828;19,09490394592285;-24,5625;-24,28270149230957;-24,287927627563477;
36,34;18,4375;19,092426300048828;19,09490394592285;-24,5625;-24,28270149230957;-24,287927627563477;
36,342;18,4375;19,092426300048828;19,09490394592285;-24,5625;-24,28270149230957;-24,287927627563477;
36,343;18,4375;19,092426300048828;19,09490394592285;-24,5625;-24,28270149230957;-24,287927627563477;
36,345;18,4375;19,092426300048828;19,09490394592285;-24,5625;-24,28270149230957;-24,287927627563477;
36,346;18,4375;19,093555450439453;19,095195770263672;-24,5625;-24,282089233398438;-24,287368774414062;
36,348;18,4375;19,093555450439453;19,095195770263672;-24,5625;-24,282089233398438;-24,287368774414062;
36,349;18,4375;19,093555450439453;19,095195770263672;-24,5625;-24,282089233398438;-24,287368774414062;
36,351;18,4375;19,093555450439453;19,095195770263672;-24,5625;-24,282089233398438;-24,287368774414062;
36,352;18,4375;19,093555450439453;19,095195770263672;-24,5625;-24,282089233398438;-24,287368774414062;
36,353;18,4375;19,093555450439453;19,095195770263672;-24,5625;-24,282089233398438;-24,287368774414062;
36,354;18,4375;19,093555450439453;19,095195770263672;-24,5625;-24,282089233398438;-24,287368774414062;
36,355;18,4375;19,093555450439453;19,095195770263672;-24,5625;-24,282089233398438;-24,287368774414062;
36,356;18,4375;19,096416473388672;19,096370697021484;-24,5625;-24,285747528076172;-24,289793014526367;
36,358;18,4375;19,096416473388672;19,096370697021484;-24,5625;-24,285747528076172;-24,289793014526367;
36,359;18,4375;19,096416473388672;19,096370697021484;-24,5625;-24,285747528076172;-24,289793014526367;
36,361;18,4375;19,096416473388672;19,096370697021484;-24,5625;-24,285747528076172;-24,289793014526367;
36,362;18,4375;19,096416473388672;19,096370697021484;-24,5625;-24,285747528076172;-24,289793014526367;
36,363;18,4375;19,096416473388672;19,096370697021484;-24,5625;-24,285747528076172;-24,289793014526367;
36,365;18,4375;19,096416473388672;19,096370697021484;-24,5625;-24,285747528076172;-24,289793014526367;
36,367;18,4375;19,095434188842773;19,096126556396484;-24,5625;-24,287588119506836;-24,29084014892578;
36,368;18,4375;19,095434188842773;19,096126556396484;-24,5625;-24,287588119506836;-24,29084014892578;
36,369;18,4375;19,095434188842773;19,096126556396484;-24,5625;-24,287588119506836;-24,29084014892578;
36,37;18,4375;19,095434188842773;19,096126556396484;-24,5625;-24,287588119506836;-24,29084014892578;
36,371;18,4375;19,095434188842773;19,096126556396484;-24,5625;-24,287588119506836;-24,29084014892578;
36,372;18,4375;19,095434188842773;19,096126556396484;-24,5625;-24,287588119506836;-24,29084014892578;
36,374;18,4375;19,095434188842773;19,096126556396484;-24,5625;-24,287588119506836;-24,29084014892578;
36,375;18,4375;19,095434188842773;19,096126556396484;-24,5625;-24,287588119506836;-24,29084014892578;
36,376;18,4375;19,093061447143555;19,094322204589844;-24,5625;-24,28610610961914;-24,289154052734375;
36,377;18,4375;19,093061447143555;19,094322204589844;-24,5625;-24,28610610961914;-24,289154052734375;
36,378;18,4375;19,093061447143555;19,094322204589844;-24,5625;-24,28610610961914;-24,289154052734375;
36,38;18,4375;19,093061447143555;19,094322204589844;-24,5625;-24,28610610961914;-24,289154052734375;
36,381;18,4375;19,093061447143555;19,094322204589844;-24,5625;-24,28610610961914;-24,289154052734375;
36,383;18,4375;19,093061447143555;19,094322204589844;-24,5625;-24,28610610961914;-24,289154052734375;
36,384;18,4375;19,093061447143555;19,094322204589844;-24,5625;-24,28610610961914;-24,289154052734375;
36,385;18,4375;19,093061447143555;19,094322204589844;-24,5625;-24,28610610961914;-24,289154052734375;
36,386;18,4375;19,091190338134766;19,0926570892334;-24,5625;-24,285005569458008;-24,288068771362305;
36,387;18,4375;19,091190338134766;19,0926570892334;-24,5625;-24,285005569458008;-24,288068771362305;
36,388;18,4375;19,091190338134766;19,0926570892334;-24,5625;-24,285005569458008;-24,288068771362305;
36,39;18,4375;19,091190338134766;19,0926570892334;-24,5625;-24,285005569458008;-24,288068771362305;
36,391;18,4375;19,091190338134766;19,0926570892334;-24,5625;-24,285005569458008;-24,288068771362305;
36,392;18,4375;19,091190338134766;19,0926570892334;-24,5625;-24,285005569458008;-24,288068771362305;
36,393;18,4375;19,091190338134766;19,0926570892334;-24,5625;-24,285005569458008;-24,288068771362305;
36,394;18,4375;19,091190338134766;19,0926570892334;-24,5625;-24,285005569458008;-24,288068771362305;
36,395;18,4375;19,091190338134766;19,0926570892334;-24,5625;-24,285005569458008;-24,288068771362305;
36,397;18,4375;19,089969635009766;19,09183692932129;-24,5625;-24,2839412689209;-24,286901473999023;
36,398;18,4375;19,089969635009766;19,09183692932129;-24,5625;-24,2839412689209;-24,286901473999023;
36,4;18,4375;19,089969635009766;19,09183692932129;-24,5625;-24,2839412689209;-24,286901473999023;
36,401;18,4375;19,089969635009766;19,09183692932129;-24,5625;-24,2839412689209;-24,286901473999023;
36,402;18,4375;19,089969635009766;19,09183692932129;-24,5625;-24,2839412689209;-24,286901473999023;
36,403;18,4375;19,089969635009766;19,09183692932129;-24,5625;-24,2839412689209;-24,286901473999023;
36,404;18,4375;19,089969635009766;19,09183692932129;-24,5625;-24,2839412689209;-24,286901473999023;
36,405;18,4375;19,089969635009766;19,09183692932129;-24,5625;-24,2839412689209;-24,286901473999023;
36,406;18,4375;19,088096618652344;19,08976173400879;-24,5625;-24,28369140625;-24,28647804260254;
36,408;18,4375;19,088096618652344;19,08976173400879;-24,5625;-24,28369140625;-24,28647804260254;
36,409;18,4375;19,088096618652344;19,08976173400879;-24,5625;-24,28369140625;-24,28647804260254;
36,411;18,4375;19,088096618652344;19,08976173400879;-24,5625;-24,28369140625;-24,28647804260254;
36,412;18,4375;19,088096618652344;19,08976173400879;-24,5625;-24,28369140625;-24,28647804260254;
36,414;18,4375;19,088096618652344;19,08976173400879;-24,5625;-24,28369140625;-24,28647804260254;
36,415;18,4375;19,088096618652344;19,08976173400879;-24,5625;-24,28369140625;-24,28647804260254;
36,417;18,4375;19,088092803955078;19,090158462524414;-24,5625;-24,285276412963867;-24,287582397460938;
36,418;18,4375;19,088092803955078;19,090158462524414;-24,5625;-24,285276412963867;-24,287582397460938;
36,42;18,4375;19,088092803955078;19,090158462524414;-24,5625;-24,285276412963867;-24,287582397460938;
36,421;18,4375;19,088092803955078;19,090158462524414;-24,5625;-24,285276412963867;-24,287582397460938;
36,422;18,4375;19,088092803955078;19,090158462524414;-24,5625;-24,285276412963867;-24,287582397460938;
36,423;18,4375;19,088092803955078;19,090158462524414;-24,5625;-24,285276412963867;-24,287582397460938;
36,424;18,4375;19,088092803955078;19,090158462524414;-24,5625;-24,285276412963867;-24,287582397460938;
36,425;18,4375;19,088092803955078;19,090158462524414;-24,5625;-24,285276412963867;-24,287582397460938;
36,426;18,4375;19,08662986755371;19,089271545410156;-24,5625;-24,28673553466797;-24,287782669067383;
36,428;18,4375;19,08662986755371;19,089271545410156;-24,5625;-24,28673553466797;-24,287782669067383;
36,429;18,4375;19,08662986755371;19,089271545410156;-24,5625;-24,28673553466797;-24,287782669067383;
36,43;18,4375;19,08662986755371;19,089271545410156;-24,5625;-24,28673553466797;-24,287782669067383;
36,432;18,4375;19,08662986755371;19,089271545410156;-24,5625;-24,28673553466797;-24,287782669067383;
36,433;18,4375;19,08662986755371;19,089271545410156;-24,5625;-24,28673553466797;-24,287782669067383;
36,434;18,4375;19,08662986755371;19,089271545410156;-24,5625;-24,28673553466797;-24,287782669067383;
36,435;18,4375;19,08662986755371;19,089271545410156;-24,5625;-24,28673553466797;-24,287782669067383;
36,437;18,4375;19,08852767944336;19,089981079101562;-24,5625;-24,28549575805664;-24,286895751953125;
36,438;18,4375;19,08852767944336;19,089981079101562;-24,5625;-24,28549575805664;-24,286895751953125;
36,439;18,4375;19,08852767944336;19,089981079101562;-24,5625;-24,28549575805664;-24,286895751953125;
36,44;18,4375;19,08852767944336;19,089981079101562;-24,5625;-24,28549575805664;-24,286895751953125;
36,441;18,4375;19,08852767944336;19,089981079101562;-24,5625;-24,28549575805664;-24,286895751953125;
36,443;18,4375;19,08852767944336;19,089981079101562;-24,5625;-24,28549575805664;-24,286895751953125;
36,444;18,4375;19,08852767944336;19,089981079101562;-24,5625;-24,28549575805664;-24,286895751953125;
36,446;18,4375;19,08852767944336;19,089981079101562;-24,5625;-24,28549575805664;-24,286895751953125;
36,447;18,4375;19,085439682006836;19,087947845458984;-24,5625;-24,288007736206055;-24,288719177246094;
36,449;18,4375;19,085439682006836;19,087947845458984;-24,5625;-24,288007736206055;-24,288719177246094;
36,45;18,4375;19,085439682006836;19,087947845458984;-24,5625;-24,288007736206055;-24,288719177246094;
36,452;18,4375;19,085439682006836;19,087947845458984;-24,5625;-24,288007736206055;-24,288719177246094;
36,453;18,4375;19,085439682006836;19,087947845458984;-24,5625;-24,288007736206055;-24,288719177246094;
36,454;18,4375;19,085439682006836;19,087947845458984;-24,5625;-24,288007736206055;-24,288719177246094;
36,456;18,4375;19,085439682006836;19,087947845458984;-24,5625;-24,288007736206055;-24,288719177246094;
36,457;18,4375;19,08639144897461;19,088409423828125;-24,5625;-24,289691925048828;-24,289051055908203;
36,459;18,4375;19,08639144897461;19,088409423828125;-24,5625;-24,289691925048828;-24,289051055908203;
36,46;18,4375;19,08639144897461;19,088409423828125;-24,5625;-24,289691925048828;-24,289051055908203;
36,462;18,4375;19,08639144897461;19,088409423828125;-24,5625;-24,289691925048828;-24,289051055908203;
36,463;18,4375;19,08639144897461;19,088409423828125;-24,5625;-24,289691925048828;-24,289051055908203;
36,465;18,4375;19,08639144897461;19,088409423828125;-24,5625;-24,289691925048828;-24,289051055908203;
36,466;18,4375;19,08487319946289;19,087568283081055;-24,5625;-24,28882598876953;-24,287906646728516;
36,468;18,4375;19,08487319946289;19,087568283081055;-24,5625;-24,28882598876953;-24,287906646728516;
36,47;18,4375;19,08487319946289;19,087568283081055;-24,5625;-24,28882598876953;-24,287906646728516;
36,471;18,4375;19,08487319946289;19,087568283081055;-24,5625;-24,28882598876953;-24,287906646728516;
36,473;18,4375;19,08487319946289;19,087568283081055;-24,5625;-24,28882598876953;-24,287906646728516;
36,474;18,4375;19,08487319946289;19,087568283081055;-24,5625;-24,28882598876953;-24,287906646728516;
36,475;18,4375;19,08487319946289;19,087568283081055;-24,5625;-24,28882598876953;-24,287906646728516;
36,477;18,4375;19,085893630981445;19,088932037353516;-24,5625;-24,28719711303711;-24,286903381347656;
36,478;18,4375;19,085893630981445;19,088932037353516;-24,5625;-24,28719711303711;-24,286903381347656;
36,48;18,4375;19,085893630981445;19,088932037353516;-24,5625;-24,28719711303711;-24,286903381347656;
36,481;18,4375;19,085893630981445;19,088932037353516;-24,5625;-24,28719711303711;-24,286903381347656;
36,483;18,4375;19,085893630981445;19,088932037353516;-24,5625;-24,28719711303711;-24,286903381347656;
36,485;18,4375;19,085893630981445;19,088932037353516;-24,5625;-24,28719711303711;-24,286903381347656;
36,486;18,4375;19,085893630981445;19,088932037353516;-24,5625;-24,28719711303711;-24,286903381347656;
36,487;18,4375;19,089359283447266;19,09090232849121;-24,5625;-24,285341262817383;-24,285438537597656;
36,489;18,4375;19,089359283447266;19,09090232849121;-24,5625;-24,285341262817383;-24,285438537597656;
36,49;18,4375;19,089359283447266;19,09090232849121;-24,5625;-24,285341262817383;-24,285438537597656;
36,491;18,4375;19,089359283447266;19,09090232849121;-24,5625;-24,285341262817383;-24,285438537597656;
36,492;18,4375;19,089359283447266;19,09090232849121;-24,5625;-24,285341262817383;-24,285438537597656;
36,494;18,4375;19,089359283447266;19,09090232849121;-24,5625;-24,285341262817383;-24,285438537597656;
36,495;18,4375;19,089359283447266;19,09090232849121;-24,5625;-24,285341262817383;-24,285438537597656;
36,497;18,4375;19,09000587463379;19,090965270996094;-24,5625;-24,28596305847168;-24,28587532043457;
36,498;18,4375;19,09000587463379;19,090965270996094;-24,5625;-24,28596305847168;-24,28587532043457;
36,5;18,4375;19,09000587463379;19,090965270996094;-24,5625;-24,28596305847168;-24,28587532043457;
36,501;18,4375;19,09000587463379;19,090965270996094;-24,5625;-24,28596305847168;-24,28587532043457;
36,503;18,4375;19,09000587463379;19,090965270996094;-24,5625;-24,28596305847168;-24,28587532043457;
36,504;18,4375;19,09000587463379;19,090965270996094;-24,5625;-24,28596305847168;-24,28587532043457;
36,505;18,4375;19,09000587463379;19,090965270996094;-24,5625;-24,28596305847168;-24,28587532043457;
36,507;18,4375;19,09259033203125;19,092693328857422;-24,5625;-24,289424896240234;-24,288496017456055;
36,508;18,4375;19,09259033203125;19,092693328857422;-24,5625;-24,289424896240234;-24,288496017456055;
36,51;18,4375;19,09259033203125;19,092693328857422;-24,5625;-24,289424896240234;-24,288496017456055;
36,511;18,4375;19,09259033203125;19,092693328857422;-24,5625;-24,289424896240234;-24,288496017456055;
36,513;18,4375;19,09259033203125;19,092693328857422;-24,5625;-24,289424896240234;-24,288496017456055;
36,514;18,4375;19,09259033203125;19,092693328857422;-24,5625;-24,289424896240234;-24,288496017456055;
36,516;18,4375;19,09259033203125;19,092693328857422;-24,5625;-24,289424896240234;-24,288496017456055;
36,517;18,4375;19,096616744995117;19,094797134399414;-24,5625;-24,289525985717773;-24,288719177246094;
36,519;18,4375;19,096616744995117;19,094797134399414;-24,5625;-24,289525985717773;-24,288719177246094;
36,52;18,4375;19,096616744995117;19,094797134399414;-24,5625;-24,289525985717773;-24,288719177246094;
36,522;18,4375;19,096616744995117;19,094797134399414;-24,5625;-24,289525985717773;-24,288719177246094;
36,523;18,4375;19,096616744995117;19,094797134399414;-24,5625;-24,289525985717773;-24,288719177246094;
36,525;18,4375;19,096616744995117;19,094797134399414;-24,5625;-24,289525985717773;-24,288719177246094;
36,527;18,4375;19,100139617919922;19,097501754760742;-24,5625;-24,291101455688477;-24,28897476196289;
36,528;18,4375;19,100139617919922;19,097501754760742;-24,5625;-24,291101455688477;-24,28897476196289;
36,53;18,4375;19,100139617919922;19,097501754760742;-24,5625;-24,291101455688477;-24,28897476196289;
36,531;18,4375;19,100139617919922;19,097501754760742;-24,5625;-24,291101455688477;-24,28897476196289;
36,533;18,4375;19,100139617919922;19,097501754760742;-24,5625;-24,291101455688477;-24,28897476196289;
36,534;18,4375;19,100139617919922;19,097501754760742;-24,5625;-24,291101455688477;-24,28897476196289;
36,535;18,4375;19,100139617919922;19,097501754760742;-24,5625;-24,291101455688477;-24,28897476196289;
36,536;18,4375;19,101404190063477;19,097501754760742;-24,5625;-24,289886474609375;-24,288291931152344;
36,538;18,4375;19,101404190063477;19,098148345947266;-24,5625;-24,289886474609375;-24,288291931152344;
36,539;18,4375;19,101404190063477;19,098148345947266;-24,5625;-24,289886474609375;-24,288291931152344;
36,541;18,4375;19,101404190063477;19,098148345947266;-24,5625;-24,289886474609375;-24,288291931152344;
36,542;18,4375;19,101404190063477;19,098148345947266;-24,5625;-24,289886474609375;-24,288291931152344;
36,543;18,4375;19,101404190063477;19,098148345947266;-24,5625;-24,289886474609375;-24,288291931152344;
36,545;18,4375;19,101404190063477;19,098148345947266;-24,5625;-24,289886474609375;-24,288291931152344;
36,546;18,4375;19,095829010009766;19,098148345947266;-24,5625;-24,2874755859375;-24,286685943603516;
36,548;18,4375;19,095829010009766;19,095067977905273;-24,5625;-24,2874755859375;-24,286685943603516;
36,549;18,4375;19,095829010009766;19,095067977905273;-24,5625;-24,2874755859375;-24,286685943603516;
36,551;18,4375;19,095829010009766;19,095067977905273;-24,5625;-24,2874755859375;-24,286685943603516;
36,552;18,4375;19,095829010009766;19,095067977905273;-24,5625;-24,2874755859375;-24,286685943603516;
36,553;18,4375;19,095829010009766;19,095067977905273;-24,5625;-24,2874755859375;-24,286685943603516;
36,555;18,4375;19,095829010009766;19,095067977905273;-24,5625;-24,2874755859375;-24,286685943603516;
36,556;18,4375;19,095829010009766;19,095067977905273;-24,5625;-24,2874755859375;-24,286685943603516;
36,557;18,4375;19,099599838256836;19,09677505493164;-24,5625;-24,284589767456055;-24,284934997558594;
36,559;18,4375;19,099599838256836;19,09677505493164;-24,5625;-24,284589767456055;-24,284934997558594;
36,561;18,4375;19,099599838256836;19,09677505493164;-24,5625;-24,284589767456055;-24,284934997558594;
36,562;18,4375;19,099599838256836;19,09677505493164;-24,5625;-24,284589767456055;-24,284934997558594;
36,564;18,4375;19,099599838256836;19,09677505493164;-24,5625;-24,284589767456055;-24,284934997558594;
36,565;18,4375;19,099599838256836;19,09677505493164;-24,5625;-24,284589767456055;-24,284934997558594;
36,567;18,4375;19,10239028930664;19,099252700805664;-24,5625;-24,2854061126709;-24,28515625;
36,568;18,4375;19,10239028930664;19,099252700805664;-24,5625;-24,2854061126709;-24,28515625;
36,57;18,4375;19,10239028930664;19,099252700805664;-24,5625;-24,2854061126709;-24,28515625;
36,571;18,4375;19,10239028930664;19,099252700805664;-24,5625;-24,2854061126709;-24,28515625;
36,573;18,4375;19,10239028930664;19,099252700805664;-24,5625;-24,2854061126709;-24,28515625;
36,574;18,4375;19,10239028930664;19,099252700805664;-24,5625;-24,2854061126709;-24,28515625;
36,576;18,4375;19,10239028930664;19,099252700805664;-24,5625;-24,2854061126709;-24,28515625;
36,577;18,4375;19,10151481628418;19,097923278808594;-24,5625;-24,287656784057617;-24,28633689880371;
36,579;18,4375;19,10151481628418;19,097923278808594;-24,5625;-24,287656784057617;-24,28633689880371;
36,58;18,4375;19,10151481628418;19,097923278808594;-24,5625;-24,287656784057617;-24,28633689880371;
36,582;18,4375;19,10151481628418;19,097923278808594;-24,5625;-24,287656784057617;-24,28633689880371;
36,583;18,4375;19,10151481628418;19,097923278808594;-24,5625;-24,287656784057617;-24,28633689880371;
36,585;18,4375;19,10151481628418;19,097923278808594;-24,5625;-24,287656784057617;-24,28633689880371;
36,586;18,4375;19,10151481628418;19,097923278808594;-24,5625;-24,287656784057617;-24,28633689880371;
36,588;18,4375;19,096908569335938;19,09531021118164;-24,5625;-24,28468894958496;-24,284290313720703;
36,589;18,4375;19,096908569335938;19,09531021118164;-24,5625;-24,28468894958496;-24,284290313720703;
36,591;18,4375;19,096908569335938;19,09531021118164;-24,5625;-24,28468894958496;-24,284290313720703;
36,592;18,4375;19,096908569335938;19,09531021118164;-24,5625;-24,28468894958496;-24,284290313720703;
36,594;18,4375;19,096908569335938;19,09531021118164;-24,5625;-24,28468894958496;-24,284290313720703;
36,595;18,4375;19,096908569335938;19,09531021118164;-24,5625;-24,28468894958496;-24,284290313720703;
36,597;18,4375;19,096534729003906;19,09446907043457;-24,5625;-24,28863525390625;-24,28710174560547;
36,598;18,4375;19,096534729003906;19,09446907043457;-24,5625;-24,28863525390625;-24,28710174560547;
36,6;18,4375;19,096534729003906;19,09446907043457;-24,5625;-24,28863525390625;-24,28710174560547;
36,602;18,4375;19,096534729003906;19,09446907043457;-24,5625;-24,28863525390625;-24,28710174560547;
36,603;18,4375;19,096534729003906;19,09446907043457;-24,5625;-24,28863525390625;-24,28710174560547;
36,605;18,4375;19,096534729003906;19,09446907043457;-24,5625;-24,28863525390625;-24,28710174560547;
36,607;18,4375;19,096534729003906;19,09446907043457;-24,5625;-24,28863525390625;-24,28710174560547;
36,608;18,4375;19,096872329711914;19,094511032104492;-24,5625;-24,289531707763672;-24,287599563598633;
36,61;18,4375;19,096872329711914;19,094511032104492;-24,5625;-24,289531707763672;-24,287599563598633;
36,612;18,4375;19,096872329711914;19,094511032104492;-24,5625;-24,289531707763672;-24,287599563598633;
36,613;18,4375;19,096872329711914;19,094511032104492;-24,5625;-24,289531707763672;-24,287599563598633;
36,615;18,4375;19,096872329711914;19,094511032104492;-24,5625;-24,289531707763672;-24,287599563598633;
36,616;18,4375;19,096872329711914;19,094511032104492;-24,5625;-24,289531707763672;-24,287599563598633;
36,618;18,4375;19,10010528564453;19,096284866333008;-24,5625;-24,286767959594727;-24,28562355041504;
36,619;18,4375;19,10010528564453;19,096284866333008;-24,5625;-24,286767959594727;-24,28562355041504;
36,621;18,4375;19,10010528564453;19,096284866333008;-24,5625;-24,286767959594727;-24,28562355041504;
36,622;18,4375;19,10010528564453;19,096284866333008;-24,5625;-24,286767959594727;-24,28562355041504;
36,624;18,4375;19,10010528564453;19,096284866333008;-24,5625;-24,286767959594727;-24,28562355041504;
36,625;18,4375;19,10010528564453;19,096284866333008;-24,5625;-24,286767959594727;-24,28562355041504;
36,627;18,4375;19,098709106445312;19,095035552978516;-24,5625;-24,28614044189453;-24,285045623779297;
36,628;18,4375;19,098709106445312;19,095035552978516;-24,5625;-24,28614044189453;-24,285045623779297;
36,63;18,4375;19,098709106445312;19,095035552978516;-24,5625;-24,28614044189453;-24,285045623779297;
36,632;18,4375;19,098709106445312;19,095035552978516;-24,5625;-24,28614044189453;-24,285045623779297;
36,633;18,4375;19,098709106445312;19,095035552978516;-24,5625;-24,28614044189453;-24,285045623779297;
36,635;18,4375;19,098709106445312;19,095035552978516;-24,5625;-24,28614044189453;-24,285045623779297;
36,636;18,4375;19,098709106445312;19,095035552978516;-24,5625;-24,28614044189453;-24,285045623779297;
36,638;18,4375;19,095075607299805;19,0926456451416;-24,5625;-24,287263870239258;-24,285572052001953;
36,639;18,4375;19,095075607299805;19,0926456451416;-24,5625;-24,287263870239258;-24,285572052001953;
36,64;18,4375;19,095075607299805;19,0926456451416;-24,5625;-24,287263870239258;-24,285572052001953;
36,642;18,4375;19,095075607299805;19,0926456451416;-24,5625;-24,287263870239258;-24,285572052001953;
36,643;18,4375;19,095075607299805;19,0926456451416;-24,5625;-24,287263870239258;-24,285572052001953;
36,645;18,4375;19,095075607299805;19,0926456451416;-24,5625;-24,287263870239258;-24,285572052001953;
36,647;18,4375;19,095075607299805;19,0926456451416;-24,5625;-24,287263870239258;-24,285572052001953;
36,648;18,4375;19,094743728637695;19,092824935913086;-24,5625;-24,288711547851562;-24,28598976135254;
36,65;18,4375;19,094743728637695;19,092824935913086;-24,5625;-24,288711547851562;-24,28598976135254;
36,651;18,4375;19,094743728637695;19,092824935913086;-24,5625;-24,288711547851562;-24,28598976135254;
36,652;18,4375;19,094743728637695;19,092824935913086;-24,5625;-24,288711547851562;-24,28598976135254;
36,653;18,4375;19,094743728637695;19,092824935913086;-24,5625;-24,288711547851562;-24,28598976135254;
36,654;18,4375;19,094743728637695;19,092824935913086;-24,5625;-24,288711547851562;-24,28598976135254;
36,655;18,4375;19,094743728637695;19,092824935913086;-24,5625;-24,288711547851562;-24,28598976135254;
36,657;18,4375;19,094743728637695;19,092824935913086;-24,5625;-24,288711547851562;-24,28598976135254;
36,658;18,4375;19,098085403442383;19,095745086669922;-24,5625;-24,286155700683594;-24,283538818359375;
36,659;18,4375;19,098085403442383;19,095745086669922;-24,5625;-24,286155700683594;-24,283538818359375;
36,66;18,4375;19,098085403442383;19,095745086669922;-24,5625;-24,286155700683594;-24,283538818359375;
36,661;18,4375;19,098085403442383;19,095745086669922;-24,5625;-24,286155700683594;-24,283538818359375;
36,662;18,4375;19,098085403442383;19,095745086669922;-24,5625;-24,286155700683594;-24,283538818359375;
36,664;18,4375;19,098085403442383;19,095745086669922;-24,5625;-24,286155700683594;-24,283538818359375;
36,666;18,4375;19,098085403442383;19,095745086669922;-24,5625;-24,286155700683594;-24,283538818359375;
36,667;18,4375;19,098405838012695;19,095745086669922;-24,5625;-24,283658981323242;-24,282018661499023;
36,669;18,4375;19,098405838012695;19,096084594726562;-24,5625;-24,283658981323242;-24,282018661499023;
36,67;18,4375;19,098405838012695;19,096084594726562;-24,5625;-24,283658981323242;-24,282018661499023;
36,672;18,4375;19,098405838012695;19,096084594726562;-24,5625;-24,283658981323242;-24,282018661499023;
36,673;18,4375;19,098405838012695;19,096084594726562;-24,5625;-24,283658981323242;-24,282018661499023;
36,674;18,4375;19,098405838012695;19,096084594726562;-24,5625;-24,283658981323242;-24,282018661499023;
36,676;18,4375;19,101085662841797;19,09796714782715;-24,5625;-24,28389549255371;-24,282285690307617;
36,677;18,4375;19,101085662841797;19,09796714782715;-24,5625;-24,28389549255371;-24,282285690307617;
36,679;18,4375;19,101085662841797;19,09796714782715;-24,5625;-24,28389549255371;-24,282285690307617;
36,68;18,4375;19,101085662841797;19,09796714782715;-24,5625;-24,28389549255371;-24,282285690307617;
36,682;18,4375;19,101085662841797;19,09796714782715;-24,5625;-24,28389549255371;-24,282285690307617;
36,683;18,4375;19,101085662841797;19,09796714782715;-24,5625;-24,28389549255371;-24,282285690307617;
36,684;18,4375;19,101085662841797;19,09796714782715;-24,5625;-24,28389549255371;-24,282285690307617;
36,686;18,4375;19,101085662841797;19,09796714782715;-24,5625;-24,28389549255371;-24,282285690307617;
36,687;18,4375;19,101085662841797;19,09796714782715;-24,5625;-24,28389549255371;-24,282285690307617;
36,688;18,4375;19,099008560180664;19,09674644470215;-24,5625;-24,284902572631836;-24,283266067504883;
36,689;18,4375;19,099008560180664;19,09674644470215;-24,5625;-24,284902572631836;-24,283266067504883;
36,69;18,4375;19,099008560180664;19,09674644470215;-24,5625;-24,284902572631836;-24,283266067504883;
36,691;18,4375;19,099008560180664;19,09674644470215;-24,5625;-24,284902572631836;-24,283266067504883;
36,693;18,4375;19,099008560180664;19,09674644470215;-24,5625;-24,284902572631836;-24,283266067504883;
36,694;18,4375;19,099008560180664;19,09674644470215;-24,5625;-24,284902572631836;-24,283266067504883;
36,695;18,4375;19,099008560180664;19,09674644470215;-24,5625;-24,284902572631836;-24,283266067504883;
36,697;18,4375;19,099008560180664;19,09674644470215;-24,5625;-24,284902572631836;-24,283266067504883;
36,698;18,4375;19,097593307495117;19,09588623046875;-24,5625;-24,2852840423584;-24,28303337097168;
36,7;18,4375;19,097593307495117;19,09588623046875;-24,5625;-24,2852840423584;-24,28303337097168;
36,701;18,4375;19,097593307495117;19,09588623046875;-24,5625;-24,2852840423584;-24,28303337097168;
36,702;18,4375;19,097593307495117;19,09588623046875;-24,5625;-24,2852840423584;-24,28303337097168;
36,703;18,4375;19,097593307495117;19,09588623046875;-24,5625;-24,2852840423584;-24,28303337097168;
36,704;18,4375;19,097593307495117;19,09588623046875;-24,5625;-24,2852840423584;-24,28303337097168;
36,705;18,4375;19,097593307495117;19,09588623046875;-24,5625;-24,2852840423584;-24,28303337097168;
36,707;18,4375;19,097593307495117;19,09588623046875;-24,5625;-24,2852840423584;-24,28303337097168;
36,708;18,4375;19,097352981567383;19,095951080322266;-24,5625;-24,28644561767578;-24,28340721130371;
36,709;18,4375;19,097352981567383;19,095951080322266;-24,5625;-24,28644561767578;-24,28340721130371;
36,71;18,4375;19,097352981567383;19,095951080322266;-24,5625;-24,28644561767578;-24,28340721130371;
36,711;18,4375;19,097352981567383;19,095951080322266;-24,5625;-24,28644561767578;-24,28340721130371;
36,712;18,4375;19,097352981567383;19,095951080322266;-24,5625;-24,28644561767578;-24,28340721130371;
36,714;18,4375;19,097352981567383;19,095951080322266;-24,5625;-24,28644561767578;-24,28340721130371;
36,716;18,4375;19,097352981567383;19,095951080322266;-24,5625;-24,28644561767578;-24,28340721130371;
36,717;18,4375;19,097352981567383;19,095951080322266;-24,5625;-24,28644561767578;-24,28340721130371;
36,718;18,4375;19,09697914123535;19,094844818115234;-24,5625;-24,289159774780273;-24,285205841064453;
36,719;18,4375;19,09697914123535;19,094844818115234;-24,5625;-24,289159774780273;-24,285205841064453;
36,72;18,4375;19,09697914123535;19,094844818115234;-24,5625;-24,289159774780273;-24,285205841064453;
36,722;18,4375;19,09697914123535;19,094844818115234;-24,5625;-24,289159774780273;-24,285205841064453;
36,723;18,4375;19,09697914123535;19,094844818115234;-24,5625;-24,289159774780273;-24,285205841064453;
36,725;18,4375;19,09697914123535;19,094844818115234;-24,5625;-24,289159774780273;-24,285205841064453;
36,727;18,4375;19,09375762939453;19,091886520385742;-24,5625;-24,293869018554688;-24,288307189941406;
36,728;18,4375;19,09375762939453;19,091886520385742;-24,5625;-24,293869018554688;-24,288307189941406;
36,729;18,4375;19,09375762939453;19,091886520385742;-24,5625;-24,293869018554688;-24,288307189941406;
36,731;18,4375;19,09375762939453;19,091886520385742;-24,5625;-24,293869018554688;-24,288307189941406;
36,733;18,4375;19,09375762939453;19,091886520385742;-24,5625;-24,293869018554688;-24,288307189941406;
36,734;18,4375;19,09375762939453;19,091886520385742;-24,5625;-24,293869018554688;-24,288307189941406;
36,735;18,4375;19,09375762939453;19,091886520385742;-24,5625;-24,293869018554688;-24,288307189941406;
36,737;18,4375;19,09375762939453;19,091886520385742;-24,5625;-24,293869018554688;-24,288307189941406;
36,738;18,4375;19,09170150756836;19,089859008789062;-24,5625;-24,295639038085938;-24,28978729248047;
36,739;18,4375;19,09170150756836;19,089859008789062;-24,5625;-24,295639038085938;-24,28978729248047;
36,74;18,4375;19,09170150756836;19,089859008789062;-24,5625;-24,295639038085938;-24,28978729248047;
36,741;18,4375;19,09170150756836;19,089859008789062;-24,5625;-24,295639038085938;-24,28978729248047;
36,742;18,4375;19,09170150756836;19,089859008789062;-24,5625;-24,295639038085938;-24,28978729248047;
36,743;18,4375;19,09170150756836;19,089859008789062;-24,5625;-24,295639038085938;-24,28978729248047;
36,745;18,4375;19,09170150756836;19,089859008789062;-24,5625;-24,295639038085938;-24,28978729248047;
36,746;18,4375;19,09170150756836;19,089859008789062;-24,5625;-24,295639038085938;-24,28978729248047;
36,747;18,4375;19,09170150756836;19,089859008789062;-24,5625;-24,295639038085938;-24,28978729248047;
36,749;18,4375;19,092458724975586;19,090438842773438;-24,5625;-24,29893684387207;-24,29168128967285;
36,75;18,4375;19,092458724975586;19,090438842773438;-24,5625;-24,29893684387207;-24,29168128967285;
36,751;18,4375;19,092458724975586;19,090438842773438;-24,5625;-24,29893684387207;-24,29168128967285;
36,752;18,4375;19,092458724975586;19,090438842773438;-24,5625;-24,29893684387207;-24,29168128967285;
36,754;18,4375;19,092458724975586;19,090438842773438;-24,5625;-24,29893684387207;-24,29168128967285;
36,755;18,4375;19,092458724975586;19,090438842773438;-24,5625;-24,29893684387207;-24,29168128967285;
36,756;18,4375;19,092458724975586;19,090438842773438;-24,5625;-24,29893684387207;-24,29168128967285;
36,757;18,4375;19,092458724975586;19,090438842773438;-24,5625;-24,29893684387207;-24,29168128967285;
36,758;18,4375;19,09410858154297;19,09092903137207;-24,5625;-24,294797897338867;-24,288589477539062;
36,759;18,4375;19,09410858154297;19,09092903137207;-24,5625;-24,294797897338867;-24,288589477539062;
36,76;18,4375;19,09410858154297;19,09092903137207;-24,5625;-24,294797897338867;-24,288589477539062;
36,762;18,4375;19,09410858154297;19,09092903137207;-24,5625;-24,294797897338867;-24,288589477539062;
36,763;18,4375;19,09410858154297;19,09092903137207;-24,5625;-24,294797897338867;-24,288589477539062;
36,764;18,4375;19,09410858154297;19,09092903137207;-24,5625;-24,294797897338867;-24,288589477539062;
36,766;18,4375;19,09410858154297;19,09092903137207;-24,5625;-24,294797897338867;-24,288589477539062;
36,767;18,4375;19,09410858154297;19,09092903137207;-24,5625;-24,294797897338867;-24,288589477539062;
36,768;18,4375;19,09330177307129;19,090396881103516;-24,5625;-24,29309844970703;-24,287288665771484;
36,77;18,4375;19,09330177307129;19,090396881103516;-24,5625;-24,29309844970703;-24,287288665771484;
36,771;18,4375;19,09330177307129;19,090396881103516;-24,5625;-24,29309844970703;-24,287288665771484;
36,772;18,4375;19,09330177307129;19,090396881103516;-24,5625;-24,29309844970703;-24,287288665771484;
36,774;18,4375;19,09330177307129;19,090396881103516;-24,5625;-24,29309844970703;-24,287288665771484;
36,775;18,4375;19,09330177307129;19,090396881103516;-24,5625;-24,29309844970703;-24,287288665771484;
36,777;18,4375;19,094058990478516;19,09088706970215;-24,5625;-24,290830612182617;-24,28561782836914;
36,778;18,4375;19,094058990478516;19,09088706970215;-24,5625;-24,290830612182617;-24,28561782836914;
36,779;18,4375;19,094058990478516;19,09088706970215;-24,5625;-24,290830612182617;-24,28561782836914;
36,781;18,4375;19,094058990478516;19,09088706970215;-24,5625;-24,290830612182617;-24,28561782836914;
36,782;18,4375;19,094058990478516;19,09088706970215;-24,5625;-24,290830612182617;-24,28561782836914;
36,784;18,4375;19,094058990478516;19,09088706970215;-24,5625;-24,290830612182617;-24,28561782836914;
36,785;18,4375;19,094058990478516;19,09088706970215;-24,5625;-24,290830612182617;-24,28561782836914;
36,786;18,4375;19,094058990478516;19,09088706970215;-24,5625;-24,290830612182617;-24,28561782836914;
36,787;18,4375;19,094058990478516;19,09088706970215;-24,5625;-24,290830612182617;-24,28561782836914;
36,788;18,4375;19,09115982055664;19,08956527709961;-24,5625;-24,286880493164062;-24,28282928466797;
36,789;18,4375;19,09115982055664;19,08956527709961;-24,5625;-24,286880493164062;-24,28282928466797;
36,791;18,4375;19,09115982055664;19,08956527709961;-24,5625;-24,286880493164062;-24,28282928466797;
36,792;18,4375;19,09115982055664;19,08956527709961;-24,5625;-24,286880493164062;-24,28282928466797;
36,793;18,4375;19,09115982055664;19,08956527709961;-24,5625;-24,286880493164062;-24,28282928466797;
36,794;18,4375;19,09115982055664;19,08956527709961;-24,5625;-24,286880493164062;-24,28282928466797;
36,795;18,4375;19,09115982055664;19,08956527709961;-24,5625;-24,286880493164062;-24,28282928466797;
36,796;18,4375;19,09115982055664;19,08956527709961;-24,5625;-24,286880493164062;-24,28282928466797;
36,798;18,4375;19,096467971801758;19,093351364135742;-24,5625;-24,286489486694336;-24,282339096069336;
36,8;18,4375;19,096467971801758;19,093351364135742;-24,5625;-24,286489486694336;-24,282339096069336;
36,801;18,4375;19,096467971801758;19,093351364135742;-24,5625;-24,286489486694336;-24,282339096069336;
36,802;18,4375;19,096467971801758;19,093351364135742;-24,5625;-24,286489486694336;-24,282339096069336;
36,803;18,4375;19,096467971801758;19,093351364135742;-24,5625;-24,286489486694336;-24,282339096069336;
36,804;18,4375;19,096467971801758;19,093351364135742;-24,5625;-24,286489486694336;-24,282339096069336;
36,805;18,4375;19,096467971801758;19,093351364135742;-24,5625;-24,286489486694336;-24,282339096069336;
36,806;18,4375;19,096467971801758;19,093351364135742;-24,5625;-24,286489486694336;-24,282339096069336;
36,808;18,4375;19,096467971801758;19,093351364135742;-24,5625;-24,286489486694336;-24,282339096069336;
36,809;18,4375;19,095195770263672;19,09226417541504;-24,5625;-24,286109924316406;-24,28209114074707;
36,81;18,4375;19,095195770263672;19,09226417541504;-24,5625;-24,286109924316406;-24,28209114074707;
36,811;18,4375;19,095195770263672;19,09226417541504;-24,5625;-24,286109924316406;-24,28209114074707;
36,812;18,4375;19,095195770263672;19,09226417541504;-24,5625;-24,286109924316406;-24,28209114074707;
36,814;18,4375;19,095195770263672;19,09226417541504;-24,5625;-24,286109924316406;-24,28209114074707;
36,815;18,4375;19,095195770263672;19,09226417541504;-24,5625;-24,286109924316406;-24,28209114074707;
36,817;18,4375;19,095195770263672;19,09226417541504;-24,5625;-24,286109924316406;-24,28209114074707;
36,818;18,4375;19,095195770263672;19,09226417541504;-24,5625;-24,286109924316406;-24,28209114074707;
36,819;18,4375;19,09363555908203;19,09133529663086;-24,5625;-24,289466857910156;-24,284238815307617;
36,82;18,4375;19,09363555908203;19,09133529663086;-24,5625;-24,289466857910156;-24,284238815307617;
36,821;18,4375;19,09363555908203;19,09133529663086;-24,5625;-24,289466857910156;-24,284238815307617;
36,822;18,4375;19,09363555908203;19,09133529663086;-24,5625;-24,289466857910156;-24,284238815307617;
36,824;18,4375;19,09363555908203;19,09133529663086;-24,5625;-24,289466857910156;-24,284238815307617;
36,825;18,4375;19,094533920288086;19,092008590698242;-24,5625;-24,28754997253418;-24,282949447631836;
36,827;18,4375;19,094533920288086;19,092008590698242;-24,5625;-24,28754997253418;-24,282949447631836;
36,828;18,4375;19,094533920288086;19,092008590698242;-24,5625;-24,28754997253418;-24,282949447631836;
36,83;18,4375;19,094533920288086;19,092008590698242;-24,5625;-24,28754997253418;-24,282949447631836;
36,832;18,4375;19,094533920288086;19,092008590698242;-24,5625;-24,28754997253418;-24,282949447631836;
36,833;18,4375;19,094533920288086;19,092008590698242;-24,5625;-24,28754997253418;-24,282949447631836;
36,835;18,4375;19,094533920288086;19,092008590698242;-24,5625;-24,28754997253418;-24,282949447631836;
36,836;18,4375;19,094533920288086;19,092008590698242;-24,5625;-24,28754997253418;-24,282949447631836;
36,837;18,4375;19,094533920288086;19,092008590698242;-24,5625;-24,28754997253418;-24,282949447631836;
36,839;18,4375;19,094764709472656;19,09214973449707;-24,5625;-24,28886604309082;-24,28362464904785;
36,84;18,4375;19,094764709472656;19,09214973449707;-24,5625;-24,28886604309082;-24,28362464904785;
36,842;18,4375;19,094764709472656;19,09214973449707;-24,5625;-24,28886604309082;-24,28362464904785;
36,843;18,4375;19,094764709472656;19,09214973449707;-24,5625;-24,28886604309082;-24,28362464904785;
36,844;18,4375;19,094764709472656;19,09214973449707;-24,5625;-24,28886604309082;-24,28362464904785;
36,846;18,4375;19,094764709472656;19,09214973449707;-24,5625;-24,28886604309082;-24,28362464904785;
36,847;18,4375;19,094764709472656;19,09214973449707;-24,5625;-24,28886604309082;-24,28362464904785;
36,849;18,4375;19,094919204711914;19,092079162597656;-24,5625;-24,29215431213379;-24,28593635559082;
36,85;18,4375;19,094919204711914;19,092079162597656;-24,5625;-24,29215431213379;-24,28593635559082;
36,852;18,4375;19,094919204711914;19,092079162597656;-24,5625;-24,29215431213379;-24,28593635559082;
36,853;18,4375;19,094919204711914;19,092079162597656;-24,5625;-24,29215431213379;-24,28593635559082;
36,855;18,4375;19,094919204711914;19,092079162597656;-24,5625;-24,29215431213379;-24,28593635559082;
36,856;18,4375;19,094919204711914;19,092079162597656;-24,5625;-24,29215431213379;-24,28593635559082;
36,857;18,4375;19,094919204711914;19,092079162597656;-24,5625;-24,29215431213379;-24,28593635559082;
36,858;18,4375;19,095661163330078;19,09246826171875;-24,5625;-24,295120239257812;-24,28775978088379;
36,86;18,4375;19,095661163330078;19,09246826171875;-24,5625;-24,295120239257812;-24,28775978088379;
36,861;18,4375;19,095661163330078;19,09246826171875;-24,5625;-24,295120239257812;-24,28775978088379;
36,862;18,4375;19,095661163330078;19,09246826171875;-24,5625;-24,295120239257812;-24,28775978088379;
36,864;18,4375;19,095661163330078;19,09246826171875;-24,5625;-24,295120239257812;-24,28775978088379;
36,865;18,4375;19,095661163330078;19,09246826171875;-24,5625;-24,295120239257812;-24,28775978088379;
36,867;18,4375;19,095661163330078;19,09246826171875;-24,5625;-24,295120239257812;-24,28775978088379;
36,868;18,4375;19,09617805480957;19,092967987060547;-24,5625;-24,29499053955078;-24,28801155090332;
36,87;18,4375;19,09617805480957;19,092967987060547;-24,5625;-24,29499053955078;-24,28801155090332;
36,871;18,4375;19,09617805480957;19,092967987060547;-24,5625;-24,29499053955078;-24,28801155090332;
36,872;18,4375;19,09617805480957;19,092967987060547;-24,5625;-24,29499053955078;-24,28801155090332;
36,874;18,4375;19,09617805480957;19,092967987060547;-24,5625;-24,29499053955078;-24,28801155090332;
36,875;18,4375;19,09617805480957;19,092967987060547;-24,5625;-24,29499053955078;-24,28801155090332;
36,877;18,4375;19,092226028442383;19,090551376342773;-24,5625;-24,29330062866211;-24,287240982055664;
36,878;18,4375;19,092226028442383;19,090551376342773;-24,5625;-24,29330062866211;-24,287240982055664;
36,88;18,4375;19,092226028442383;19,090551376342773;-24,5625;-24,29330062866211;-24,287240982055664;
36,881;18,4375;19,092226028442383;19,090551376342773;-24,5625;-24,29330062866211;-24,287240982055664;
36,883;18,4375;19,092226028442383;19,090551376342773;-24,5625;-24,29330062866211;-24,287240982055664;
36,884;18,4375;19,092226028442383;19,090551376342773;-24,5625;-24,29330062866211;-24,287240982055664;
36,886;18,4375;19,092226028442383;19,090551376342773;-24,5625;-24,29330062866211;-24,287240982055664;
36,887;18,4375;19,092226028442383;19,090551376342773;-24,5625;-24,29330062866211;-24,287240982055664;
36,888;18,4375;19,09326171875;19,091552734375;-24,5625;-24,289470672607422;-24,284507751464844;
36,89;18,4375;19,09326171875;19,091552734375;-24,5625;-24,289470672607422;-24,284507751464844;
36,891;18,4375;19,09326171875;19,091552734375;-24,5625;-24,289470672607422;-24,284507751464844;
36,892;18,4375;19,09326171875;19,091552734375;-24,5625;-24,289470672607422;-24,284507751464844;
36,894;18,4375;19,09326171875;19,091552734375;-24,5625;-24,289470672607422;-24,284507751464844;
36,895;18,4375;19,09326171875;19,091552734375;-24,5625;-24,289470672607422;-24,284507751464844;
36,897;18,4375;19,09326171875;19,091552734375;-24,5625;-24,289470672607422;-24,284507751464844;
36,898;18,4375;19,092880249023438;19,091215133666992;-24,5625;-24,287290573120117;-24,283172607421875;
36,9;18,4375;19,092880249023438;19,091215133666992;-24,5625;-24,287290573120117;-24,283172607421875;
36,901;18,4375;19,092880249023438;19,091215133666992;-24,5625;-24,287290573120117;-24,283172607421875;
36,903;18,4375;19,092880249023438;19,091215133666992;-24,5625;-24,287290573120117;-24,283172607421875;
36,904;18,4375;19,092880249023438;19,091215133666992;-24,5625;-24,287290573120117;-24,283172607421875;
36,905;18,4375;19,092880249023438;19,091215133666992;-24,5625;-24,287290573120117;-24,283172607421875;
36,906;18,4375;19,092880249023438;19,091215133666992;-24,5625;-24,287290573120117;-24,283172607421875;
36,908;18,4375;19,092880249023438;19,091215133666992;-24,5625;-24,287290573120117;-24,283172607421875;
36,909;18,4375;19,093381881713867;19,090818405151367;-24,5625;-24,288110733032227;-24,283658981323242;
36,911;18,4375;19,093381881713867;19,090818405151367;-24,5625;-24,288110733032227;-24,283658981323242;
36,912;18,4375;19,093381881713867;19,090818405151367;-24,5625;-24,288110733032227;-24,283658981323242;
36,913;18,4375;19,093381881713867;19,090818405151367;-24,5625;-24,288110733032227;-24,283658981323242;
36,915;18,4375;19,093381881713867;19,090818405151367;-24,5625;-24,288110733032227;-24,283658981323242;
36,916;18,4375;19,093381881713867;19,090818405151367;-24,5625;-24,288110733032227;-24,283658981323242;
36,918;18,4375;19,093381881713867;19,090818405151367;-24,5625;-24,288110733032227;-24,283658981323242;
36,919;18,4375;19,094547271728516;19,09101676940918;-24,5625;-24,29256248474121;-24,286392211914062;
36,921;18,4375;19,094547271728516;19,09101676940918;-24,5625;-24,29256248474121;-24,286392211914062;
36,922;18,4375;19,094547271728516;19,09101676940918;-24,5625;-24,29256248474121;-24,286392211914062;
36,924;18,4375;19,094547271728516;19,09101676940918;-24,5625;-24,29256248474121;-24,286392211914062;
36,926;18,4375;19,094039916992188;19,090126037597656;-24,5625;-24,290327072143555;-24,28475570678711;
36,927;18,4375;19,094039916992188;19,090126037597656;-24,5625;-24,290327072143555;-24,28475570678711;
36,928;18,4375;19,094039916992188;19,090126037597656;-24,5625;-24,290327072143555;-24,28475570678711;
36,93;18,4375;19,094039916992188;19,090126037597656;-24,5625;-24,290327072143555;-24,28475570678711;
36,931;18,4375;19,094039916992188;19,090126037597656;-24,5625;-24,290327072143555;-24,28475570678711;
36,933;18,4375;19,094039916992188;19,090126037597656;-24,5625;-24,290327072143555;-24,28475570678711;
36,934;18,4375;19,094039916992188;19,090126037597656;-24,5625;-24,290327072143555;-24,28475570678711;
36,935;18,4375;19,094039916992188;19,090126037597656;-24,5625;-24,290327072143555;-24,28475570678711;
36,937;18,4375;19,094039916992188;19,090126037597656;-24,5625;-24,290327072143555;-24,28475570678711;
36,938;18,4375;19,09438133239746;19,09087371826172;-24,5625;-24,28736114501953;-24,28202247619629;
36,94;18,4375;19,09438133239746;19,09087371826172;-24,5625;-24,28736114501953;-24,28202247619629;
36,941;18,4375;19,09438133239746;19,09087371826172;-24,5625;-24,28736114501953;-24,28202247619629;
36,943;18,4375;19,09438133239746;19,09087371826172;-24,5625;-24,28736114501953;-24,28202247619629;
36,944;18,4375;19,09438133239746;19,09087371826172;-24,5625;-24,28736114501953;-24,28202247619629;
36,945;18,4375;19,09438133239746;19,09087371826172;-24,5625;-24,28736114501953;-24,28202247619629;
36,947;18,4375;19,09438133239746;19,09087371826172;-24,5625;-24,28736114501953;-24,28202247619629;
36,948;18,4375;19,093475341796875;19,090456008911133;-24,5625;-24,283863067626953;-24,279422760009766;
36,95;18,4375;19,093475341796875;19,090456008911133;-24,5625;-24,283863067626953;-24,279422760009766;
36,951;18,4375;19,093475341796875;19,090456008911133;-24,5625;-24,283863067626953;-24,279422760009766;
36,952;18,4375;19,093475341796875;19,090456008911133;-24,5625;-24,283863067626953;-24,279422760009766;
36,954;18,4375;19,093475341796875;19,090456008911133;-24,5625;-24,283863067626953;-24,279422760009766;
36,955;18,4375;19,093475341796875;19,090456008911133;-24,5625;-24,283863067626953;-24,279422760009766;
36,956;18,4375;19,093475341796875;19,090456008911133;-24,5625;-24,283863067626953;-24,279422760009766;
36,958;18,4375;19,093475341796875;19,090456008911133;-24,5625;-24,283863067626953;-24,279422760009766;
36,959;18,4375;19,09156608581543;19,089309692382812;-24,5625;-24,286518096923828;-24,280906677246094;
36,96;18,4375;19,09156608581543;19,089309692382812;-24,5625;-24,286518096923828;-24,280906677246094;
36,961;18,4375;19,09156608581543;19,089309692382812;-24,5625;-24,286518096923828;-24,280906677246094;
36,962;18,4375;19,09156608581543;19,089309692382812;-24,5625;-24,286518096923828;-24,280906677246094;
36,964;18,4375;19,09156608581543;19,089309692382812;-24,5625;-24,286518096923828;-24,280906677246094;
36,965;18,4375;19,09156608581543;19,089309692382812;-24,5625;-24,286518096923828;-24,280906677246094;
36,967;18,4375;19,09156608581543;19,089309692382812;-24,5625;-24,286518096923828;-24,280906677246094;
36,968;18,4375;19,09156608581543;19,089309692382812;-24,5625;-24,286518096923828;-24,280906677246094;
36,97;18,4375;19,088634490966797;19,087488174438477;-24,5625;-24,28754997253418;-24,281333923339844;
36,971;18,4375;19,088634490966797;19,087488174438477;-24,5625;-24,28754997253418;-24,281333923339844;
36,972;18,4375;19,088634490966797;19,087488174438477;-24,5625;-24,28754997253418;-24,281333923339844;
36,974;18,4375;19,088634490966797;19,087488174438477;-24,5625;-24,28754997253418;-24,281333923339844;
36,975;18,4375;19,085769653320312;19,087488174438477;-24,5625;-24,288558959960938;-24,28233528137207;
36,977;18,4375;19,085769653320312;19,08494758605957;-24,5625;-24,288558959960938;-24,28233528137207;
36,978;18,4375;19,085769653320312;19,08494758605957;-24,5625;-24,288558959960938;-24,28233528137207;
36,98;18,4375;19,085769653320312;19,08494758605957;-24,5625;-24,288558959960938;-24,28233528137207;
36,981;18,4375;19,085769653320312;19,08494758605957;-24,5625;-24,288558959960938;-24,28233528137207;
36,983;18,4375;19,085769653320312;19,08494758605957;-24,5625;-24,288558959960938;-24,28233528137207;
36,984;18,4375;19,085769653320312;19,08494758605957;-24,5625;-24,288558959960938;-24,28233528137207;
36,986;18,4375;19,085769653320312;19,08494758605957;-24,5625;-24,288558959960938;-24,28233528137207;
36,987;18,4375;19,085769653320312;19,08494758605957;-24,5625;-24,288558959960938;-24,28233528137207;
36,989;18,4375;19,084613800048828;19,08428955078125;-24,5625;-24,285301208496094;-24,27996063232422;
36,99;18,4375;19,084613800048828;19,08428955078125;-24,5625;-24,285301208496094;-24,27996063232422;
36,991;18,4375;19,084613800048828;19,08428955078125;-24,5625;-24,285301208496094;-24,27996063232422;
36,992;18,4375;19,084613800048828;19,08428955078125;-24,5625;-24,285301208496094;-24,27996063232422;
36,993;18,4375;19,084613800048828;19,08428955078125;-24,5625;-24,285301208496094;-24,27996063232422;
36,995;18,4375;19,084613800048828;19,08428955078125;-24,5625;-24,285301208496094;-24,27996063232422;
36,996;18,4375;19,084613800048828;19,08428955078125;-24,5625;-24,285301208496094;-24,27996063232422;
36,997;18,4375;19,084613800048828;19,08428955078125;-24,5625;-24,285301208496094;-24,27996063232422;
36,999;18,4375;19,085147857666016;19,08473014831543;-24,5625;-24,288705825805664;-24,281946182250977;
37;18,4375;19,085147857666016;19,08473014831543;-24,5625;-24,288705825805664;-24,281946182250977;
37,002;18,4375;19,085147857666016;19,08473014831543;-24,5625;-24,288705825805664;-24,281946182250977;
37,003;18,4375;19,085147857666016;19,08473014831543;-24,5625;-24,288705825805664;-24,281946182250977;
37,004;18,4375;19,085147857666016;19,08473014831543;-24,5625;-24,288705825805664;-24,281946182250977;
37,006;18,4375;19,085147857666016;19,08473014831543;-24,5625;-24,288705825805664;-24,281946182250977;
37,007;18,4375;19,085147857666016;19,08473014831543;-24,5625;-24,288705825805664;-24,281946182250977;
37,009;18,4375;19,088520050048828;19,087182998657227;-24,5625;-24,292827606201172;-24,284496307373047;
37,01;18,4375;19,088520050048828;19,087182998657227;-24,5625;-24,292827606201172;-24,284496307373047;
37,011;18,4375;19,088520050048828;19,087182998657227;-24,5625;-24,292827606201172;-24,284496307373047;
37,012;18,4375;19,088520050048828;19,087182998657227;-24,5625;-24,292827606201172;-24,284496307373047;
37,014;18,4375;19,088520050048828;19,087182998657227;-24,5625;-24,292827606201172;-24,284496307373047;
37,016;18,4375;19,088520050048828;19,087182998657227;-24,5625;-24,292827606201172;-24,284496307373047;
37,017;18,4375;19,088520050048828;19,087182998657227;-24,5625;-24,292827606201172;-24,284496307373047;
37,019;18,4375;19,088520050048828;19,087182998657227;-24,5625;-24,292827606201172;-24,284496307373047;
37,02;18,4375;19,087493896484375;19,085601806640625;-24,5625;-24,2913818359375;-24,283235549926758;
37,021;18,4375;19,087493896484375;19,085601806640625;-24,5625;-24,2913818359375;-24,283235549926758;
37,022;18,4375;19,087493896484375;19,085601806640625;-24,5625;-24,2913818359375;-24,283235549926758;
37,024;18,4375;19,087493896484375;19,085601806640625;-24,5625;-24,2913818359375;-24,283235549926758;
37,025;18,4375;19,085783004760742;19,085601806640625;-24,5625;-24,291704177856445;-24,283111572265625;
37,027;18,4375;19,085783004760742;19,08415412902832;-24,5625;-24,291704177856445;-24,283111572265625;
37,028;18,4375;19,085783004760742;19,08415412902832;-24,5625;-24,291704177856445;-24,283111572265625;
37,029;18,4375;19,085783004760742;19,08415412902832;-24,5625;-24,291704177856445;-24,283111572265625;
37,031;18,4375;19,085783004760742;19,08415412902832;-24,5625;-24,291704177856445;-24,283111572265625;
37,033;18,4375;19,085783004760742;19,08415412902832;-24,5625;-24,291704177856445;-24,283111572265625;
37,034;18,4375;19,085783004760742;19,08415412902832;-24,5625;-24,291704177856445;-24,283111572265625;
37,035;18,4375;19,085783004760742;19,08415412902832;-24,5625;-24,291704177856445;-24,283111572265625;
37,036;18,4375;19,085783004760742;19,08415412902832;-24,5625;-24,291704177856445;-24,283111572265625;
37,037;18,4375;19,085783004760742;19,08415412902832;-24,5625;-24,291704177856445;-24,283111572265625;
37,038;18,4375;19,085783004760742;19,08415412902832;-24,5625;-24,291704177856445;-24,283111572265625;
37,04;18,4375;19,082128524780273;19,0811824798584;-24,5625;-24,290115356445312;-24,282154083251953;
37,041;18,4375;19,082128524780273;19,0811824798584;-24,5625;-24,290115356445312;-24,282154083251953;
37,042;18,4375;19,082128524780273;19,0811824798584;-24,5625;-24,290115356445312;-24,282154083251953;
37,043;18,4375;19,082128524780273;19,0811824798584;-24,5625;-24,290115356445312;-24,282154083251953;
37,044;18,4375;19,082128524780273;19,0811824798584;-24,5625;-24,290115356445312;-24,282154083251953;
37,045;18,4375;19,082128524780273;19,0811824798584;-24,5625;-24,290115356445312;-24,282154083251953;
37,047;18,4375;19,082128524780273;19,0811824798584;-24,5625;-24,290115356445312;-24,282154083251953;
37,048;18,4375;19,082128524780273;19,0811824798584;-24,5625;-24,290115356445312;-24,282154083251953;
37,05;18,4375;19,083166122436523;19,081857681274414;-24,5625;-24,286741256713867;-24,279361724853516;
37,051;18,4375;19,083166122436523;19,081857681274414;-24,5625;-24,286741256713867;-24,279361724853516;
37,052;18,4375;19,083166122436523;19,081857681274414;-24,5625;-24,286741256713867;-24,279361724853516;
37,053;18,4375;19,083166122436523;19,081857681274414;-24,5625;-24,286741256713867;-24,279361724853516;
37,054;18,4375;19,083166122436523;19,081857681274414;-24,5625;-24,286741256713867;-24,279361724853516;
37,055;18,4375;19,083166122436523;19,081857681274414;-24,5625;-24,286741256713867;-24,279361724853516;
37,056;18,4375;19,083166122436523;19,081857681274414;-24,5625;-24,286741256713867;-24,279361724853516;
37,057;18,4375;19,083166122436523;19,081857681274414;-24,5625;-24,286741256713867;-24,279361724853516;
37,059;18,4375;19,083166122436523;19,081857681274414;-24,5625;-24,286741256713867;-24,279361724853516;
37,06;18,4375;19,08321189880371;19,081558227539062;-24,5625;-24,282934188842773;-24,27654266357422;
37,061;18,4375;19,08321189880371;19,081558227539062;-24,5625;-24,282934188842773;-24,27654266357422;
37,062;18,4375;19,08321189880371;19,081558227539062;-24,5625;-24,282934188842773;-24,27654266357422;
37,063;18,4375;19,08321189880371;19,081558227539062;-24,5625;-24,282934188842773;-24,27654266357422;
37,065;18,4375;19,08321189880371;19,081558227539062;-24,5625;-24,282934188842773;-24,27654266357422;
37,066;18,4375;19,08321189880371;19,081558227539062;-24,5625;-24,282934188842773;-24,27654266357422;
37,067;18,4375;19,08321189880371;19,081558227539062;-24,5625;-24,282934188842773;-24,27654266357422;
37,069;18,4375;19,08321189880371;19,081558227539062;-24,5625;-24,282934188842773;-24,27654266357422;
37,07;18,4375;19,08803367614746;19,084379196166992;-24,5625;-24,283893585205078;-24,277057647705078;
37,071;18,4375;19,08803367614746;19,084379196166992;-24,5625;-24,283893585205078;-24,277057647705078;
37,072;18,4375;19,08803367614746;19,084379196166992;-24,5625;-24,283893585205078;-24,277057647705078;
37,074;18,4375;19,08803367614746;19,084379196166992;-24,5625;-24,283893585205078;-24,277057647705078;
37,075;18,4375;19,08803367614746;19,084379196166992;-24,5625;-24,283893585205078;-24,277057647705078;
37,076;18,4375;19,086963653564453;19,08376693725586;-24,5625;-24,28378677368164;-24,276338577270508;
37,078;18,4375;19,086963653564453;19,08376693725586;-24,5625;-24,28378677368164;-24,276338577270508;
37,079;18,4375;19,086963653564453;19,08376693725586;-24,5625;-24,28378677368164;-24,276338577270508;
37,08;18,4375;19,086963653564453;19,08376693725586;-24,5625;-24,28378677368164;-24,276338577270508;
37,082;18,4375;19,086963653564453;19,08376693725586;-24,5625;-24,28378677368164;-24,276338577270508;
37,083;18,4375;19,086963653564453;19,08376693725586;-24,5625;-24,28378677368164;-24,276338577270508;
37,085;18,4375;19,086963653564453;19,08376693725586;-24,5625;-24,28378677368164;-24,276338577270508;
37,086;18,4375;19,086963653564453;19,08376693725586;-24,5625;-24,28378677368164;-24,276338577270508;
37,087;18,4375;19,086963653564453;19,08376693725586;-24,5625;-24,28378677368164;-24,276338577270508;
37,088;18,4375;19,086963653564453;19,08376693725586;-24,5625;-24,28378677368164;-24,276338577270508;
37,089;18,4375;19,08506965637207;19,082773208618164;-24,5625;-24,28256607055664;-24,275203704833984;
37,091;18,4375;19,08506965637207;19,082773208618164;-24,5625;-24,28256607055664;-24,275203704833984;
37,092;18,4375;19,08506965637207;19,082773208618164;-24,5625;-24,28256607055664;-24,275203704833984;
37,093;18,4375;19,08506965637207;19,082773208618164;-24,5625;-24,28256607055664;-24,275203704833984;
37,094;18,4375;19,08506965637207;19,082773208618164;-24,5625;-24,28256607055664;-24,275203704833984;
37,095;18,4375;19,08506965637207;19,082773208618164;-24,5625;-24,28256607055664;-24,275203704833984;
37,096;18,4375;19,08506965637207;19,082773208618164;-24,5625;-24,28256607055664;-24,275203704833984;
37,098;18,4375;19,08506965637207;19,082773208618164;-24,5625;-24,28256607055664;-24,275203704833984;
37,099;18,4375;19,08462142944336;19,082143783569336;-24,5625;-24,282325744628906;-24,27473258972168;
37,1;18,4375;19,08462142944336;19,082143783569336;-24,5625;-24,282325744628906;-24,27473258972168;
37,101;18,4375;19,08462142944336;19,082143783569336;-24,5625;-24,282325744628906;-24,27473258972168;
37,103;18,4375;19,08462142944336;19,082143783569336;-24,5625;-24,282325744628906;-24,27473258972168;
37,104;18,4375;19,08462142944336;19,082143783569336;-24,5625;-24,282325744628906;-24,27473258972168;
37,105;18,4375;19,08462142944336;19,082143783569336;-24,5625;-24,282325744628906;-24,27473258972168;
37,106;18,4375;19,08462142944336;19,082143783569336;-24,5625;-24,282325744628906;-24,27473258972168;
37,108;18,4375;19,08462142944336;19,082143783569336;-24,5625;-24,282325744628906;-24,27473258972168;
37,109;18,4375;19,084346771240234;19,0810489654541;-24,5625;-24,287994384765625;-24,278793334960938;
37,111;18,4375;19,084346771240234;19,0810489654541;-24,5625;-24,287994384765625;-24,278793334960938;
37,112;18,4375;19,084346771240234;19,0810489654541;-24,5625;-24,287994384765625;-24,278793334960938;
37,114;18,4375;19,084346771240234;19,0810489654541;-24,5625;-24,287994384765625;-24,278793334960938;
37,115;18,4375;19,084346771240234;19,0810489654541;-24,5625;-24,287994384765625;-24,278793334960938;
37,117;18,4375;19,084346771240234;19,0810489654541;-24,5625;-24,287994384765625;-24,278793334960938;
37,118;18,4375;19,084346771240234;19,0810489654541;-24,5625;-24,287994384765625;-24,278793334960938;
37,12;18,4375;19,083370208740234;19,080076217651367;-24,5625;-24,295265197753906;-24,283885955810547;
37,121;18,4375;19,083370208740234;19,080076217651367;-24,5625;-24,295265197753906;-24,283885955810547;
37,122;18,4375;19,083370208740234;19,080076217651367;-24,5625;-24,295265197753906;-24,283885955810547;
37,124;18,4375;19,083370208740234;19,080076217651367;-24,5625;-24,295265197753906;-24,283885955810547;
37,125;18,4375;19,083370208740234;19,080076217651367;-24,5625;-24,295265197753906;-24,283885955810547;
37,127;18,4375;19,083829879760742;19,080543518066406;-24,5625;-24,29985237121582;-24,28684425354004;
37,128;18,4375;19,083829879760742;19,080543518066406;-24,5625;-24,29985237121582;-24,28684425354004;
37,13;18,4375;19,083829879760742;19,080543518066406;-24,5625;-24,29985237121582;-24,28684425354004;
37,132;18,4375;19,083829879760742;19,080543518066406;-24,5625;-24,29985237121582;-24,28684425354004;
37,133;18,4375;19,083829879760742;19,080543518066406;-24,5625;-24,29985237121582;-24,28684425354004;
37,135;18,4375;19,083829879760742;19,080543518066406;-24,5625;-24,29985237121582;-24,28684425354004;
37,136;18,4375;19,083829879760742;19,080543518066406;-24,5625;-24,29985237121582;-24,28684425354004;
37,138;18,4375;19,083829879760742;19,080543518066406;-24,5625;-24,29985237121582;-24,28684425354004;
37,139;18,4375;19,082368850708008;19,079978942871094;-24,5625;-24,296358108520508;-24,284557342529297;
37,14;18,4375;19,082368850708008;19,079978942871094;-24,5625;-24,296358108520508;-24,284557342529297;
37,141;18,4375;19,082368850708008;19,079978942871094;-24,5625;-24,296358108520508;-24,284557342529297;
37,143;18,4375;19,082368850708008;19,079978942871094;-24,5625;-24,296358108520508;-24,284557342529297;
37,144;18,4375;19,082368850708008;19,079978942871094;-24,5625;-24,296358108520508;-24,284557342529297;
37,145;18,4375;19,082368850708008;19,079978942871094;-24,5625;-24,296358108520508;-24,284557342529297;
37,146;18,4375;19,082368850708008;19,079978942871094;-24,5625;-24,296358108520508;-24,284557342529297;
37,148;18,4375;19,082368850708008;19,079978942871094;-24,5625;-24,296358108520508;-24,284557342529297;
37,15;18,4375;19,084152221679688;19,081947326660156;-24,5625;-24,29267692565918;-24,281604766845703;
37,151;18,4375;19,084152221679688;19,081947326660156;-24,5625;-24,29267692565918;-24,281604766845703;
37,152;18,4375;19,084152221679688;19,081947326660156;-24,5625;-24,29267692565918;-24,281604766845703;
37,153;18,4375;19,084152221679688;19,081947326660156;-24,5625;-24,29267692565918;-24,281604766845703;
37,155;18,4375;19,084152221679688;19,081947326660156;-24,5625;-24,29267692565918;-24,281604766845703;
37,156;18,4375;19,084152221679688;19,081947326660156;-24,5625;-24,29267692565918;-24,281604766845703;
37,157;18,4375;19,084152221679688;19,081947326660156;-24,5625;-24,29267692565918;-24,281604766845703;
37,159;18,4375;19,084152221679688;19,081947326660156;-24,5625;-24,29267692565918;-24,281604766845703;
37,16;18,4375;19,085262298583984;19,082460403442383;-24,5625;-24,290035247802734;-24,279891967773438;
37,161;18,4375;19,085262298583984;19,082460403442383;-24,5625;-24,290035247802734;-24,279891967773438;
37,163;18,4375;19,085262298583984;19,082460403442383;-24,5625;-24,290035247802734;-24,279891967773438;
37,164;18,4375;19,085262298583984;19,082460403442383;-24,5625;-24,290035247802734;-24,279891967773438;
37,166;18,4375;19,085262298583984;19,082460403442383;-24,5625;-24,290035247802734;-24,279891967773438;
37,167;18,4375;19,085262298583984;19,082460403442383;-24,5625;-24,290035247802734;-24,279891967773438;
37,168;18,4375;19,085262298583984;19,082460403442383;-24,5625;-24,290035247802734;-24,279891967773438;
37,17;18,4375;19,086091995239258;19,08330726623535;-24,5625;-24,290407180786133;-24,280183792114258;
37,171;18,4375;19,086091995239258;19,08330726623535;-24,5625;-24,290407180786133;-24,280183792114258;
37,172;18,4375;19,086091995239258;19,08330726623535;-24,5625;-24,290407180786133;-24,280183792114258;
37,174;18,4375;19,086091995239258;19,08330726623535;-24,5625;-24,290407180786133;-24,280183792114258;
37,175;18,4375;19,086091995239258;19,08330726623535;-24,5625;-24,290407180786133;-24,280183792114258;
37,177;18,4375;19,090389251708984;19,08667755126953;-24,5625;-24,288347244262695;-24,279123306274414;
37,178;18,4375;19,090389251708984;19,08667755126953;-24,5625;-24,288347244262695;-24,279123306274414;
37,179;18,4375;19,090389251708984;19,08667755126953;-24,5625;-24,288347244262695;-24,279123306274414;
37,181;18,4375;19,090389251708984;19,08667755126953;-24,5625;-24,288347244262695;-24,279123306274414;
37,183;18,4375;19,090389251708984;19,08667755126953;-24,5625;-24,288347244262695;-24,279123306274414;
37,184;18,4375;19,090389251708984;19,08667755126953;-24,5625;-24,288347244262695;-24,279123306274414;
37,185;18,4375;19,090389251708984;19,08667755126953;-24,5625;-24,288347244262695;-24,279123306274414;
37,187;18,4375;19,090389251708984;19,08667755126953;-24,5625;-24,288347244262695;-24,279123306274414;
37,188;18,4375;19,090389251708984;19,08667755126953;-24,5625;-24,288347244262695;-24,279123306274414;
37,189;18,4375;19,090389251708984;19,08667755126953;-24,5625;-24,288347244262695;-24,279123306274414;
37,19;18,4375;19,08706283569336;19,084163665771484;-24,5625;-24,285804748535156;-24,276941299438477;
37,192;18,4375;19,08706283569336;19,084163665771484;-24,5625;-24,285804748535156;-24,276941299438477;
37,193;18,4375;19,08706283569336;19,084163665771484;-24,5625;-24,285804748535156;-24,276941299438477;
37,194;18,4375;19,08706283569336;19,084163665771484;-24,5625;-24,285804748535156;-24,276941299438477;
37,196;18,4375;19,08706283569336;19,084163665771484;-24,5625;-24,285804748535156;-24,276941299438477;
37,197;18,4375;19,08706283569336;19,084163665771484;-24,5625;-24,285804748535156;-24,276941299438477;
37,198;18,4375;19,08706283569336;19,084163665771484;-24,5625;-24,285804748535156;-24,276941299438477;
37,2;18,4375;19,092926025390625;19,08805274963379;-24,5625;-24,28748321533203;-24,278709411621094;
37,201;18,4375;19,092926025390625;19,08805274963379;-24,5625;-24,28748321533203;-24,278709411621094;
37,203;18,4375;19,092926025390625;19,08805274963379;-24,5625;-24,28748321533203;-24,278709411621094;
37,204;18,4375;19,092926025390625;19,08805274963379;-24,5625;-24,28748321533203;-24,278709411621094;
37,205;18,4375;19,092926025390625;19,08805274963379;-24,5625;-24,28748321533203;-24,278709411621094;
37,206;18,4375;19,092926025390625;19,08805274963379;-24,5625;-24,28748321533203;-24,278709411621094;
37,208;18,4375;19,092926025390625;19,08805274963379;-24,5625;-24,28748321533203;-24,278709411621094;
37,209;18,4375;19,092926025390625;19,08805274963379;-24,5625;-24,28748321533203;-24,278709411621094;
37,21;18,4375;19,095367431640625;19,08863639831543;-24,5625;-24,290163040161133;-24,281965255737305;
37,211;18,4375;19,095367431640625;19,08863639831543;-24,5625;-24,290163040161133;-24,281965255737305;
37,213;18,4375;19,095367431640625;19,08863639831543;-24,5625;-24,290163040161133;-24,281965255737305;
37,214;18,4375;19,095367431640625;19,08863639831543;-24,5625;-24,290163040161133;-24,281965255737305;
37,215;18,4375;19,095367431640625;19,08863639831543;-24,5625;-24,290163040161133;-24,281965255737305;
37,217;18,4375;19,095367431640625;19,08863639831543;-24,5625;-24,290163040161133;-24,281965255737305;
37,219;18,4375;19,095367431640625;19,08863639831543;-24,5625;-24,290163040161133;-24,281965255737305;
37,22;18,4375;19,09367561340332;19,087799072265625;-24,5625;-24,290767669677734;-24,282665252685547;
37,221;18,4375;19,09367561340332;19,087799072265625;-24,5625;-24,290767669677734;-24,282665252685547;
37,222;18,4375;19,09367561340332;19,087799072265625;-24,5625;-24,290767669677734;-24,282665252685547;
37,224;18,4375;19,09367561340332;19,087799072265625;-24,5625;-24,290767669677734;-24,282665252685547;
37,225;18,4375;19,09367561340332;19,087799072265625;-24,5625;-24,290767669677734;-24,282665252685547;
37,227;18,4375;19,094003677368164;19,088348388671875;-24,5625;-24,289182662963867;-24,281871795654297;
37,228;18,4375;19,094003677368164;19,088348388671875;-24,5625;-24,289182662963867;-24,281871795654297;
37,229;18,4375;19,094003677368164;19,088348388671875;-24,5625;-24,289182662963867;-24,281871795654297;
37,231;18,4375;19,094003677368164;19,088348388671875;-24,5625;-24,289182662963867;-24,281871795654297;
37,232;18,4375;19,094003677368164;19,088348388671875;-24,5625;-24,289182662963867;-24,281871795654297;
37,234;18,4375;19,094003677368164;19,088348388671875;-24,5625;-24,289182662963867;-24,281871795654297;
37,235;18,4375;19,094003677368164;19,088348388671875;-24,5625;-24,289182662963867;-24,281871795654297;
37,237;18,4375;19,094003677368164;19,088348388671875;-24,5625;-24,289182662963867;-24,281871795654297;
37,238;18,4375;19,094003677368164;19,088348388671875;-24,5625;-24,289182662963867;-24,281871795654297;
37,239;18,4375;19,094003677368164;19,088348388671875;-24,5625;-24,289182662963867;-24,281871795654297;
37,24;18,4375;19,094240188598633;19,088680267333984;-24,5625;-24,289016723632812;-24,28213119506836;
37,242;18,4375;19,094240188598633;19,088680267333984;-24,5625;-24,289016723632812;-24,28213119506836;
37,243;18,4375;19,094240188598633;19,088680267333984;-24,5625;-24,289016723632812;-24,28213119506836;
37,244;18,4375;19,094240188598633;19,088680267333984;-24,5625;-24,289016723632812;-24,28213119506836;
37,246;18,4375;19,094240188598633;19,088680267333984;-24,5625;-24,289016723632812;-24,28213119506836;
37,247;18,4375;19,094240188598633;19,088680267333984;-24,5625;-24,289016723632812;-24,28213119506836;
37,248;18,4375;19,094240188598633;19,088680267333984;-24,5625;-24,289016723632812;-24,28213119506836;
37,25;18,4375;19,09368896484375;19,08774185180664;-24,5625;-24,290401458740234;-24,28420066833496;
37,252;18,4375;19,09368896484375;19,08774185180664;-24,5625;-24,290401458740234;-24,28420066833496;
37,253;18,4375;19,09368896484375;19,08774185180664;-24,5625;-24,290401458740234;-24,28420066833496;
37,254;18,4375;19,09368896484375;19,08774185180664;-24,5625;-24,290401458740234;-24,28420066833496;
37,255;18,4375;19,09368896484375;19,08774185180664;-24,5625;-24,290401458740234;-24,28420066833496;
37,256;18,4375;19,09368896484375;19,08774185180664;-24,5625;-24,290401458740234;-24,28420066833496;
37,258;18,4375;19,09368896484375;19,08774185180664;-24,5625;-24,290401458740234;-24,28420066833496;
37,259;18,4375;19,09368896484375;19,08774185180664;-24,5625;-24,290401458740234;-24,28420066833496;
37,26;18,4375;19,09761619567871;19,090591430664062;-24,5625;-24,291744232177734;-24,285369873046875;
37,262;18,4375;19,09761619567871;19,090591430664062;-24,5625;-24,291744232177734;-24,285369873046875;
37,263;18,4375;19,09761619567871;19,090591430664062;-24,5625;-24,291744232177734;-24,285369873046875;
37,264;18,4375;19,09761619567871;19,090591430664062;-24,5625;-24,291744232177734;-24,285369873046875;
37,265;18,4375;19,09761619567871;19,090591430664062;-24,5625;-24,291744232177734;-24,285369873046875;
37,267;18,4375;19,09761619567871;19,090591430664062;-24,5625;-24,291744232177734;-24,285369873046875;
37,269;18,4375;19,09761619567871;19,090591430664062;-24,5625;-24,291744232177734;-24,285369873046875;
37,27;18,4375;19,101205825805664;19,093128204345703;-24,5625;-24,296340942382812;-24,288944244384766;
37,271;18,4375;19,101205825805664;19,093128204345703;-24,5625;-24,296340942382812;-24,288944244384766;
37,273;18,4375;19,101205825805664;19,093128204345703;-24,5625;-24,296340942382812;-24,288944244384766;
37,274;18,4375;19,101205825805664;19,093128204345703;-24,5625;-24,296340942382812;-24,288944244384766;
37,275;18,4375;19,101205825805664;19,093128204345703;-24,5625;-24,296340942382812;-24,288944244384766;
37,277;18,4375;19,102426528930664;19,09412384033203;-24,5625;-24,294588088989258;-24,287940979003906;
37,278;18,4375;19,102426528930664;19,09412384033203;-24,5625;-24,294588088989258;-24,287940979003906;
37,279;18,4375;19,102426528930664;19,09412384033203;-24,5625;-24,294588088989258;-24,287940979003906;
37,281;18,4375;19,102426528930664;19,09412384033203;-24,5625;-24,294588088989258;-24,287940979003906;
37,282;18,4375;19,102426528930664;19,09412384033203;-24,5625;-24,294588088989258;-24,287940979003906;
37,284;18,4375;19,102426528930664;19,09412384033203;-24,5625;-24,294588088989258;-24,287940979003906;
37,285;18,4375;19,102426528930664;19,09412384033203;-24,5625;-24,294588088989258;-24,287940979003906;
37,287;18,4375;19,102426528930664;19,09412384033203;-24,5625;-24,294588088989258;-24,287940979003906;
37,288;18,4375;19,102426528930664;19,09412384033203;-24,5625;-24,294588088989258;-24,287940979003906;
37,289;18,4375;19,102426528930664;19,09412384033203;-24,5625;-24,294588088989258;-24,287940979003906;
37,291;18,4375;19,10027313232422;19,09316635131836;-24,5625;-24,297719955444336;-24,29014778137207;
37,292;18,4375;19,10027313232422;19,09316635131836;-24,5625;-24,297719955444336;-24,29014778137207;
37,293;18,4375;19,10027313232422;19,09316635131836;-24,5625;-24,297719955444336;-24,29014778137207;
37,295;18,4375;19,10027313232422;19,09316635131836;-24,5625;-24,297719955444336;-24,29014778137207;
37,296;18,4375;19,10027313232422;19,09316635131836;-24,5625;-24,297719955444336;-24,29014778137207;
37,297;18,4375;19,10027313232422;19,09316635131836;-24,5625;-24,297719955444336;-24,29014778137207;
37,299;18,4375;19,10027313232422;19,09316635131836;-24,5625;-24,297719955444336;-24,29014778137207;
37,3;18,4375;19,100168228149414;19,09345245361328;-24,5625;-24,298873901367188;-24,291561126708984;
37,302;18,4375;19,100168228149414;19,09345245361328;-24,5625;-24,298873901367188;-24,291561126708984;
37,303;18,4375;19,100168228149414;19,09345245361328;-24,5625;-24,298873901367188;-24,291561126708984;
37,304;18,4375;19,100168228149414;19,09345245361328;-24,5625;-24,298873901367188;-24,291561126708984;
37,305;18,4375;19,100168228149414;19,09345245361328;-24,5625;-24,298873901367188;-24,291561126708984;
37,306;18,4375;19,100168228149414;19,09345245361328;-24,5625;-24,298873901367188;-24,291561126708984;
37,307;18,4375;19,100168228149414;19,09345245361328;-24,5625;-24,298873901367188;-24,291561126708984;
37,308;18,4375;19,100168228149414;19,09345245361328;-24,5625;-24,298873901367188;-24,291561126708984;
37,31;18,4375;19,09942054748535;19,09345245361328;-24,5625;-24,29973602294922;-24,292325973510742;
37,311;18,4375;19,09942054748535;19,093069076538086;-24,5625;-24,29973602294922;-24,292325973510742;
37,312;18,4375;19,09942054748535;19,093069076538086;-24,5625;-24,29973602294922;-24,292325973510742;
37,313;18,4375;19,09942054748535;19,093069076538086;-24,5625;-24,29973602294922;-24,292325973510742;
37,314;18,4375;19,09942054748535;19,093069076538086;-24,5625;-24,29973602294922;-24,292325973510742;
37,316;18,4375;19,09942054748535;19,093069076538086;-24,5625;-24,29973602294922;-24,292325973510742;
37,317;18,4375;19,09942054748535;19,093069076538086;-24,5625;-24,29973602294922;-24,292325973510742;
37,319;18,4375;19,09942054748535;19,093069076538086;-24,5625;-24,29973602294922;-24,292325973510742;
37,32;18,4375;19,09942054748535;19,093069076538086;-24,5625;-24,29973602294922;-24,292325973510742;
37,321;18,4375;19,0969295501709;19,091732025146484;-24,5625;-24,30040740966797;-24,29261589050293;
37,322;18,4375;19,0969295501709;19,091732025146484;-24,5625;-24,30040740966797;-24,29261589050293;
37,324;18,4375;19,0969295501709;19,091732025146484;-24,5625;-24,30040740966797;-24,29261589050293;
37,325;18,4375;19,0969295501709;19,091732025146484;-24,5625;-24,300113677978516;-24,29261589050293;
37,327;18,4375;19,09647560119629;19,09128761291504;-24,5625;-24,300113677978516;-24,293033599853516;
37,329;18,4375;19,09647560119629;19,09128761291504;-24,5625;-24,300113677978516;-24,293033599853516;
37,33;18,4375;19,09647560119629;19,09128761291504;-24,5625;-24,300113677978516;-24,293033599853516;
37,331;18,4375;19,09647560119629;19,09128761291504;-24,5625;-24,300113677978516;-24,293033599853516;
37,333;18,4375;19,09647560119629;19,09128761291504;-24,5625;-24,300113677978516;-24,293033599853516;
37,334;18,4375;19,09647560119629;19,09128761291504;-24,5625;-24,300113677978516;-24,293033599853516;
37,335;18,4375;19,09647560119629;19,09128761291504;-24,5625;-24,300113677978516;-24,293033599853516;
37,337;18,4375;19,09647560119629;19,09128761291504;-24,5625;-24,300113677978516;-24,293033599853516;
37,338;18,4375;19,09647560119629;19,09128761291504;-24,5625;-24,300113677978516;-24,293033599853516;
37,339;18,4375;19,09647560119629;19,09128761291504;-24,5625;-24,300113677978516;-24,293033599853516;
37,34;18,4375;19,096939086914062;19,09128761291504;-24,5625;-24,301380157470703;-24,2937068939209;
37,341;18,4375;19,096939086914062;19,092714309692383;-24,5625;-24,301380157470703;-24,2937068939209;
37,342;18,4375;19,096939086914062;19,092714309692383;-24,5625;-24,301380157470703;-24,2937068939209;
37,343;18,4375;19,096939086914062;19,092714309692383;-24,5625;-24,301380157470703;-24,2937068939209;
37,344;18,4375;19,096939086914062;19,092714309692383;-24,5625;-24,301380157470703;-24,2937068939209;
37,346;18,4375;19,096939086914062;19,092714309692383;-24,5625;-24,301380157470703;-24,2937068939209;
37,347;18,4375;19,096939086914062;19,092714309692383;-24,5625;-24,301380157470703;-24,2937068939209;
37,348;18,4375;19,096939086914062;19,092714309692383;-24,5625;-24,301380157470703;-24,2937068939209;
37,35;18,4375;19,096939086914062;19,092714309692383;-24,5625;-24,301380157470703;-24,2937068939209;
37,351;18,4375;19,097274780273438;19,092388153076172;-24,5625;-24,30165672302246;-24,294384002685547;
37,352;18,4375;19,097274780273438;19,092388153076172;-24,5625;-24,30165672302246;-24,294384002685547;
37,353;18,4375;19,097274780273438;19,092388153076172;-24,5625;-24,30165672302246;-24,294384002685547;
37,354;18,4375;19,097274780273438;19,092388153076172;-24,5625;-24,30165672302246;-24,294384002685547;
37,355;18,4375;19,097274780273438;19,092388153076172;-24,5625;-24,30165672302246;-24,294384002685547;
37,357;18,4375;19,097274780273438;19,092388153076172;-24,5625;-24,30165672302246;-24,294384002685547;
37,358;18,4375;19,097274780273438;19,092388153076172;-24,5625;-24,30165672302246;-24,294384002685547;
37,359;18,4375;19,097274780273438;19,092388153076172;-24,5625;-24,30165672302246;-24,294384002685547;
37,36;18,4375;19,097274780273438;19,092388153076172;-24,5625;-24,30165672302246;-24,294384002685547;
37,361;18,4375;19,103317260742188;19,09752655029297;-24,5625;-24,305587768554688;-24,296743392944336;
37,362;18,4375;19,103317260742188;19,09752655029297;-24,5625;-24,305587768554688;-24,296743392944336;
37,364;18,4375;19,103317260742188;19,09752655029297;-24,5625;-24,305587768554688;-24,296743392944336;
37,365;18,4375;19,103317260742188;19,09752655029297;-24,5625;-24,305587768554688;-24,296743392944336;
37,367;18,4375;19,103317260742188;19,09752655029297;-24,5625;-24,305587768554688;-24,296743392944336;
37,368;18,4375;19,103317260742188;19,09752655029297;-24,5625;-24,305587768554688;-24,296743392944336;
37,369;18,4375;19,103317260742188;19,09752655029297;-24,5625;-24,305587768554688;-24,296743392944336;
37,37;18,4375;19,103317260742188;19,09752655029297;-24,5625;-24,305587768554688;-24,296743392944336;
37,371;18,4375;19,10530662536621;19,09893226623535;-24,5625;-24,305509567260742;-24,296892166137695;
37,372;18,4375;19,10530662536621;19,09893226623535;-24,5625;-24,305509567260742;-24,296892166137695;
37,374;18,4375;19,10530662536621;19,09893226623535;-24,5625;-24,305509567260742;-24,296892166137695;
37,375;18,4375;19,10530662536621;19,09893226623535;-24,5625;-24,305509567260742;-24,296892166137695;
37,377;18,4375;19,100936889648438;19,096115112304688;-24,5625;-24,307859420776367;-24,29911994934082;
37,378;18,4375;19,100936889648438;19,096115112304688;-24,5625;-24,307859420776367;-24,29911994934082;
37,379;18,4375;19,100936889648438;19,096115112304688;-24,5625;-24,307859420776367;-24,29911994934082;
37,381;18,4375;19,100936889648438;19,096115112304688;-24,5625;-24,307859420776367;-24,29911994934082;
37,382;18,4375;19,100936889648438;19,096115112304688;-24,5625;-24,307859420776367;-24,29911994934082;
37,384;18,4375;19,100936889648438;19,096115112304688;-24,5625;-24,307859420776367;-24,29911994934082;
37,385;18,4375;19,100936889648438;19,096115112304688;-24,5625;-24,307859420776367;-24,29911994934082;
37,387;18,4375;19,100936889648438;19,096115112304688;-24,5625;-24,307859420776367;-24,29911994934082;
37,388;18,4375;19,100936889648438;19,096115112304688;-24,5625;-24,307859420776367;-24,29911994934082;
37,389;18,4375;19,100936889648438;19,096115112304688;-24,5625;-24,307859420776367;-24,29911994934082;
37,39;18,4375;19,101123809814453;19,096019744873047;-24,5625;-24,31110382080078;-24,301910400390625;
37,391;18,4375;19,101123809814453;19,096019744873047;-24,5625;-24,31110382080078;-24,301910400390625;
37,392;18,4375;19,101123809814453;19,096019744873047;-24,5625;-24,31110382080078;-24,301910400390625;
37,394;18,4375;19,101123809814453;19,096019744873047;-24,5625;-24,31110382080078;-24,301910400390625;
37,395;18,4375;19,101123809814453;19,096019744873047;-24,5625;-24,31110382080078;-24,301910400390625;
37,397;18,4375;19,101123809814453;19,096019744873047;-24,5625;-24,31110382080078;-24,301910400390625;
37,398;18,4375;19,101123809814453;19,096019744873047;-24,5625;-24,31110382080078;-24,301910400390625;
37,4;18,4375;19,101619720458984;19,09647560119629;-24,5625;-24,31521224975586;-24,30478858947754;
37,402;18,4375;19,101619720458984;19,09647560119629;-24,5625;-24,31521224975586;-24,30478858947754;
37,403;18,4375;19,101619720458984;19,09647560119629;-24,5625;-24,31521224975586;-24,30478858947754;
37,404;18,4375;19,101619720458984;19,09647560119629;-24,5625;-24,31521224975586;-24,30478858947754;
37,406;18,4375;19,101619720458984;19,09647560119629;-24,5625;-24,31521224975586;-24,30478858947754;
37,407;18,4375;19,101619720458984;19,09647560119629;-24,5625;-24,31521224975586;-24,30478858947754;
37,408;18,4375;19,101619720458984;19,09647560119629;-24,5625;-24,31521224975586;-24,30478858947754;
37,41;18,4375;19,101619720458984;19,09647560119629;-24,5625;-24,31521224975586;-24,30478858947754;
37,411;18,4375;19,105745315551758;19,0993709564209;-24,5625;-24,312808990478516;-24,303354263305664;
37,412;18,4375;19,105745315551758;19,0993709564209;-24,5625;-24,312808990478516;-24,303354263305664;
37,414;18,4375;19,105745315551758;19,0993709564209;-24,5625;-24,312808990478516;-24,303354263305664;
37,415;18,4375;19,105745315551758;19,0993709564209;-24,5625;-24,312808990478516;-24,303354263305664;
37,417;18,4375;19,105745315551758;19,0993709564209;-24,5625;-24,312808990478516;-24,303354263305664;
37,419;18,4375;19,105745315551758;19,0993709564209;-24,5625;-24,312808990478516;-24,303354263305664;
37,42;18,4375;19,110498428344727;19,10276985168457;-24,5625;-24,310277938842773;-24,30155372619629;
37,422;18,4375;19,110498428344727;19,10276985168457;-24,5625;-24,310277938842773;-24,30155372619629;
37,423;18,4375;19,110498428344727;19,10276985168457;-24,5625;-24,310277938842773;-24,30155372619629;
37,425;18,4375;19,110498428344727;19,10276985168457;-24,5625;-24,310277938842773;-24,30155372619629;
37,426;18,4375;19,107885360717773;19,100360870361328;-24,5625;-24,313173294067383;-24,30342674255371;
37,428;18,4375;19,107885360717773;19,100360870361328;-24,5625;-24,313173294067383;-24,30342674255371;
37,429;18,4375;19,107885360717773;19,100360870361328;-24,5625;-24,313173294067383;-24,30342674255371;
37,43;18,4375;19,107885360717773;19,100360870361328;-24,5625;-24,313173294067383;-24,30342674255371;
37,432;18,4375;19,107885360717773;19,100360870361328;-24,5625;-24,313173294067383;-24,30342674255371;
37,434;18,4375;19,107885360717773;19,100360870361328;-24,5625;-24,313173294067383;-24,30342674255371;
37,435;18,4375;19,107885360717773;19,100360870361328;-24,5625;-24,313173294067383;-24,30342674255371;
37,436;18,4375;19,107885360717773;19,100360870361328;-24,5625;-24,313173294067383;-24,30342674255371;
37,438;18,4375;19,107885360717773;19,100360870361328;-24,5625;-24,313173294067383;-24,30342674255371;
37,439;18,4375;19,107885360717773;19,100360870361328;-24,5625;-24,313173294067383;-24,30342674255371;
37,44;18,4375;19,10711097717285;19,09931755065918;-24,5625;-24,31461524963379;-24,304224014282227;
37,442;18,4375;19,10711097717285;19,09931755065918;-24,5625;-24,31461524963379;-24,304224014282227;
37,443;18,4375;19,10711097717285;19,09931755065918;-24,5625;-24,31461524963379;-24,304224014282227;
37,444;18,4375;19,10711097717285;19,09931755065918;-24,5625;-24,31461524963379;-24,304224014282227;
37,446;18,4375;19,10711097717285;19,09931755065918;-24,5625;-24,31461524963379;-24,304224014282227;
37,447;18,4375;19,10711097717285;19,09931755065918;-24,5625;-24,31461524963379;-24,304224014282227;
37,448;18,4375;19,10711097717285;19,09931755065918;-24,5625;-24,31461524963379;-24,304224014282227;
37,45;18,4375;19,107141494750977;19,098804473876953;-24,5625;-24,31568717956543;-24,30500030517578;
37,452;18,4375;19,107141494750977;19,098804473876953;-24,5625;-24,31568717956543;-24,30500030517578;
37,453;18,4375;19,107141494750977;19,098804473876953;-24,5625;-24,31568717956543;-24,30500030517578;
37,454;18,4375;19,107141494750977;19,098804473876953;-24,5625;-24,31568717956543;-24,30500030517578;
37,456;18,4375;19,107141494750977;19,098804473876953;-24,5625;-24,31568717956543;-24,30500030517578;
37,457;18,4375;19,107141494750977;19,098804473876953;-24,5625;-24,31568717956543;-24,30500030517578;
37,458;18,4375;19,107141494750977;19,098804473876953;-24,5625;-24,31568717956543;-24,30500030517578;
37,46;18,4375;19,107141494750977;19,098804473876953;-24,5625;-24,31568717956543;-24,30500030517578;
37,461;18,4375;19,107301712036133;19,099119186401367;-24,5625;-24,317947387695312;-24,30705451965332;
37,462;18,4375;19,107301712036133;19,099119186401367;-24,5625;-24,317947387695312;-24,30705451965332;
37,464;18,4375;19,107301712036133;19,099119186401367;-24,5625;-24,317947387695312;-24,30705451965332;
37,465;18,4375;19,107301712036133;19,099119186401367;-24,5625;-24,317947387695312;-24,30705451965332;
37,467;18,4375;19,107301712036133;19,099119186401367;-24,5625;-24,317947387695312;-24,30705451965332;
37,468;18,4375;19,107301712036133;19,099119186401367;-24,5625;-24,317947387695312;-24,30705451965332;
37,47;18,4375;19,10798454284668;19,099523544311523;-24,5625;-24,31911277770996;-24,307937622070312;
37,471;18,4375;19,10798454284668;19,099523544311523;-24,5625;-24,31911277770996;-24,307937622070312;
37,473;18,4375;19,10798454284668;19,099523544311523;-24,5625;-24,31911277770996;-24,307937622070312;
37,474;18,4375;19,10798454284668;19,099523544311523;-24,5625;-24,31911277770996;-24,307937622070312;
37,476;18,4375;19,10798454284668;19,099523544311523;-24,5625;-24,31911277770996;-24,307937622070312;
37,477;18,4375;19,110864639282227;19,102197647094727;-24,5625;-24,3206729888916;-24,30950927734375;
37,479;18,4375;19,110864639282227;19,102197647094727;-24,5625;-24,3206729888916;-24,30950927734375;
37,48;18,4375;19,110864639282227;19,102197647094727;-24,5625;-24,3206729888916;-24,30950927734375;
37,482;18,4375;19,110864639282227;19,102197647094727;-24,5625;-24,3206729888916;-24,30950927734375;
37,483;18,4375;19,110864639282227;19,102197647094727;-24,5625;-24,3206729888916;-24,30950927734375;
37,485;18,4375;19,110864639282227;19,102197647094727;-24,5625;-24,3206729888916;-24,30950927734375;
37,486;18,4375;19,110864639282227;19,102197647094727;-24,5625;-24,3206729888916;-24,30950927734375;
37,488;18,4375;19,110864639282227;19,102197647094727;-24,5625;-24,3206729888916;-24,30950927734375;
37,489;18,4375;19,110864639282227;19,102197647094727;-24,5625;-24,3206729888916;-24,30950927734375;
37,49;18,4375;19,108991622924805;19,101350784301758;-24,5625;-24,31890106201172;-24,308792114257812;
37,491;18,4375;19,108991622924805;19,101350784301758;-24,5625;-24,31890106201172;-24,308792114257812;
37,493;18,4375;19,108991622924805;19,101350784301758;-24,5625;-24,31890106201172;-24,308792114257812;
37,494;18,4375;19,108991622924805;19,101350784301758;-24,5625;-24,31890106201172;-24,308792114257812;
37,495;18,4375;19,108991622924805;19,101350784301758;-24,5625;-24,31890106201172;-24,308792114257812;
37,496;18,4375;19,108991622924805;19,101350784301758;-24,5625;-24,31890106201172;-24,308792114257812;
37,498;18,4375;19,108991622924805;19,101350784301758;-24,5625;-24,31890106201172;-24,308792114257812;
37,5;18,4375;19,108991622924805;19,101350784301758;-24,5625;-24,31890106201172;-24,308792114257812;
37,501;18,4375;19,113426208496094;19,104860305786133;-24,5625;-24,3187198638916;-24,309566497802734;
37,502;18,4375;19,113426208496094;19,104860305786133;-24,5625;-24,3187198638916;-24,309566497802734;
37,504;18,4375;19,113426208496094;19,104860305786133;-24,5625;-24,3187198638916;-24,309566497802734;
37,505;18,4375;19,113426208496094;19,104860305786133;-24,5625;-24,3187198638916;-24,309566497802734;
37,507;18,4375;19,113426208496094;19,104860305786133;-24,5625;-24,3187198638916;-24,309566497802734;
37,508;18,4375;19,113426208496094;19,104860305786133;-24,5625;-24,3187198638916;-24,309566497802734;
37,51;18,4375;19,113492965698242;19,10529327392578;-24,5625;-24,323123931884766;-24,312652587890625;
37,511;18,4375;19,113492965698242;19,10529327392578;-24,5625;-24,323123931884766;-24,312652587890625;
37,512;18,4375;19,113492965698242;19,10529327392578;-24,5625;-24,323123931884766;-24,312652587890625;
37,513;18,4375;19,113492965698242;19,10529327392578;-24,5625;-24,323123931884766;-24,312652587890625;
37,514;18,4375;19,113492965698242;19,10529327392578;-24,5625;-24,323123931884766;-24,312652587890625;
37,516;18,4375;19,113492965698242;19,10529327392578;-24,5625;-24,323123931884766;-24,312652587890625;
37,518;18,4375;19,113492965698242;19,10529327392578;-24,5625;-24,323123931884766;-24,312652587890625;
37,519;18,4375;19,113492965698242;19,10529327392578;-24,5625;-24,323123931884766;-24,312652587890625;
37,52;18,4375;19,113664627075195;19,105636596679688;-24,5625;-24,323450088500977;-24,313419342041016;
37,521;18,4375;19,113664627075195;19,105636596679688;-24,5625;-24,323450088500977;-24,313419342041016;
37,523;18,4375;19,113664627075195;19,105636596679688;-24,5625;-24,323450088500977;-24,313419342041016;
37,524;18,4375;19,113664627075195;19,105636596679688;-24,5625;-24,323450088500977;-24,313419342041016;
37,525;18,4375;19,113664627075195;19,105636596679688;-24,5625;-24,323450088500977;-24,313419342041016;
37,527;18,4375;19,116321563720703;19,107330322265625;-24,5625;-24,32522201538086;-24,31553840637207;
37,528;18,4375;19,116321563720703;19,107330322265625;-24,5625;-24,32522201538086;-24,31553840637207;
37,53;18,4375;19,116321563720703;19,107330322265625;-24,5625;-24,32522201538086;-24,31553840637207;
37,531;18,4375;19,116321563720703;19,107330322265625;-24,5625;-24,32522201538086;-24,31553840637207;
37,532;18,4375;19,116321563720703;19,107330322265625;-24,5625;-24,32522201538086;-24,31553840637207;
37,534;18,4375;19,116321563720703;19,107330322265625;-24,5625;-24,32522201538086;-24,31553840637207;
37,536;18,4375;19,116321563720703;19,107330322265625;-24,5625;-24,32522201538086;-24,31553840637207;
37,537;18,4375;19,116321563720703;19,107330322265625;-24,5625;-24,32522201538086;-24,31553840637207;
37,538;18,4375;19,116321563720703;19,107330322265625;-24,5625;-24,32522201538086;-24,31553840637207;
37,54;18,4375;19,116321563720703;19,107330322265625;-24,5625;-24,32522201538086;-24,31553840637207;
37,541;18,4375;19,120227813720703;19,11020278930664;-24,5625;-24,325223922729492;-24,316009521484375;
37,542;18,4375;19,120227813720703;19,11020278930664;-24,5625;-24,325223922729492;-24,316009521484375;
37,544;18,4375;19,120227813720703;19,11020278930664;-24,5625;-24,325223922729492;-24,316009521484375;
37,545;18,4375;19,120227813720703;19,11020278930664;-24,5625;-24,325223922729492;-24,316009521484375;
37,546;18,4375;19,120227813720703;19,11020278930664;-24,5625;-24,325223922729492;-24,316009521484375;
37,547;18,4375;19,120227813720703;19,11020278930664;-24,5625;-24,325223922729492;-24,316009521484375;
37,549;18,4375;19,12377166748047;19,113515853881836;-24,5625;-24,329130172729492;-24,31894302368164;
37,55;18,4375;19,12377166748047;19,113515853881836;-24,5625;-24,329130172729492;-24,31894302368164;
37,552;18,4375;19,12377166748047;19,113515853881836;-24,5625;-24,329130172729492;-24,31894302368164;
37,553;18,4375;19,12377166748047;19,113515853881836;-24,5625;-24,329130172729492;-24,31894302368164;
37,555;18,4375;19,12377166748047;19,113515853881836;-24,5625;-24,329130172729492;-24,31894302368164;
37,556;18,4375;19,12377166748047;19,113515853881836;-24,5625;-24,329130172729492;-24,31894302368164;
37,557;18,4375;19,12377166748047;19,113515853881836;-24,5625;-24,329130172729492;-24,31894302368164;
37,558;18,4375;19,126455307006836;19,115436553955078;-24,5625;-24,33670997619629;-24,32470703125;
37,56;18,4375;19,126455307006836;19,115436553955078;-24,5625;-24,33670997619629;-24,32470703125;
37,561;18,4375;19,126455307006836;19,115436553955078;-24,5625;-24,33670997619629;-24,32470703125;
37,563;18,4375;19,126455307006836;19,115436553955078;-24,5625;-24,33670997619629;-24,32470703125;
37,564;18,4375;19,126455307006836;19,115436553955078;-24,5625;-24,33670997619629;-24,32470703125;
37,565;18,4375;19,126455307006836;19,115436553955078;-24,5625;-24,33670997619629;-24,32470703125;
37,567;18,4375;19,126455307006836;19,115436553955078;-24,5625;-24,33670997619629;-24,32470703125;
37,568;18,4375;19,125951766967773;19,11520767211914;-24,5625;-24,337406158447266;-24,324954986572266;
37,569;18,4375;19,125951766967773;19,11520767211914;-24,5625;-24,337406158447266;-24,324954986572266;
37,571;18,4375;19,125951766967773;19,11520767211914;-24,5625;-24,337406158447266;-24,324954986572266;
37,572;18,4375;19,125951766967773;19,11520767211914;-24,5625;-24,337406158447266;-24,324954986572266;
37,573;18,4375;19,125951766967773;19,11520767211914;-24,5625;-24,337406158447266;-24,324954986572266;
37,575;18,4375;19,125951766967773;19,11520767211914;-24,5625;-24,337406158447266;-24,324954986572266;
37,576;18,4375;19,123361587524414;19,113542556762695;-24,5625;-24,332969665527344;-24,32234764099121;
37,578;18,4375;19,123361587524414;19,113542556762695;-24,5625;-24,332969665527344;-24,32234764099121;
37,579;18,4375;19,123361587524414;19,113542556762695;-24,5625;-24,332969665527344;-24,32234764099121;
37,581;18,4375;19,123361587524414;19,113542556762695;-24,5625;-24,332969665527344;-24,32234764099121;
37,583;18,4375;19,123361587524414;19,113542556762695;-24,5625;-24,332969665527344;-24,32234764099121;
37,584;18,4375;19,123361587524414;19,113542556762695;-24,5625;-24,332969665527344;-24,32234764099121;
37,586;18,4375;19,123361587524414;19,113542556762695;-24,5625;-24,332969665527344;-24,32234764099121;
37,587;18,4375;19,123361587524414;19,113542556762695;-24,5625;-24,332969665527344;-24,32234764099121;
37,588;18,4375;19,12369728088379;19,114431381225586;-24,5625;-24,333019256591797;-24,323026657104492;
37,589;18,4375;19,12369728088379;19,114431381225586;-24,5625;-24,333019256591797;-24,323026657104492;
37,591;18,4375;19,12369728088379;19,114431381225586;-24,5625;-24,333019256591797;-24,323026657104492;
37,592;18,4375;19,12369728088379;19,114431381225586;-24,5625;-24,333019256591797;-24,323026657104492;
37,593;18,4375;19,12369728088379;19,114431381225586;-24,5625;-24,333019256591797;-24,323026657104492;
37,594;18,4375;19,12369728088379;19,114431381225586;-24,5625;-24,333019256591797;-24,323026657104492;
37,595;18,4375;19,12369728088379;19,114431381225586;-24,5625;-24,333019256591797;-24,323026657104492;
37,597;18,4375;19,12369728088379;19,114431381225586;-24,5625;-24,333019256591797;-24,323026657104492;
37,598;18,4375;19,12677574157715;19,116857528686523;-24,5625;-24,33339500427246;-24,323680877685547;
37,6;18,4375;19,12677574157715;19,116857528686523;-24,5625;-24,33339500427246;-24,323680877685547;
37,601;18,4375;19,12677574157715;19,116857528686523;-24,5625;-24,33339500427246;-24,323680877685547;
37,602;18,4375;19,12677574157715;19,116857528686523;-24,5625;-24,33339500427246;-24,323680877685547;
37,603;18,4375;19,12677574157715;19,116857528686523;-24,5625;-24,33339500427246;-24,323680877685547;
37,604;18,4375;19,12677574157715;19,116857528686523;-24,5625;-24,33339500427246;-24,323680877685547;
37,606;18,4375;19,12677574157715;19,116857528686523;-24,5625;-24,33339500427246;-24,323680877685547;
37,607;18,4375;19,12677574157715;19,116857528686523;-24,5625;-24,33339500427246;-24,323680877685547;
37,608;18,4375;19,1270751953125;19,117143630981445;-24,5625;-24,33802604675293;-24,326725006103516;
37,609;18,4375;19,1270751953125;19,117143630981445;-24,5625;-24,33802604675293;-24,326725006103516;
37,61;18,4375;19,1270751953125;19,117143630981445;-24,5625;-24,33802604675293;-24,326725006103516;
37,611;18,4375;19,1270751953125;19,117143630981445;-24,5625;-24,33802604675293;-24,326725006103516;
37,612;18,4375;19,1270751953125;19,117143630981445;-24,5625;-24,33802604675293;-24,326725006103516;
37,614;18,4375;19,1270751953125;19,117143630981445;-24,5625;-24,33802604675293;-24,326725006103516;
37,615;18,4375;19,1270751953125;19,117143630981445;-24,5625;-24,33802604675293;-24,326725006103516;
37,617;18,4375;19,1270751953125;19,117143630981445;-24,5625;-24,33802604675293;-24,326725006103516;
37,618;18,4375;19,13083267211914;19,119600296020508;-24,5625;-24,341768264770508;-24,329471588134766;
37,619;18,4375;19,13083267211914;19,119600296020508;-24,5625;-24,341768264770508;-24,329471588134766;
37,62;18,4375;19,13083267211914;19,119600296020508;-24,5625;-24,341768264770508;-24,329471588134766;
37,621;18,4375;19,13083267211914;19,119600296020508;-24,5625;-24,341768264770508;-24,329471588134766;
37,622;18,4375;19,13083267211914;19,119600296020508;-24,5625;-24,341768264770508;-24,329471588134766;
37,623;18,4375;19,13083267211914;19,119600296020508;-24,5625;-24,341768264770508;-24,329471588134766;
37,625;18,4375;19,13083267211914;19,119600296020508;-24,5625;-24,341768264770508;-24,329471588134766;
37,626;18,4375;19,130643844604492;19,11924934387207;-24,5625;-24,339866638183594;-24,32850456237793;
37,628;18,4375;19,130643844604492;19,11924934387207;-24,5625;-24,339866638183594;-24,32850456237793;
37,629;18,4375;19,130643844604492;19,11924934387207;-24,5625;-24,339866638183594;-24,32850456237793;
37,63;18,4375;19,130643844604492;19,11924934387207;-24,5625;-24,339866638183594;-24,32850456237793;
37,632;18,4375;19,130643844604492;19,11924934387207;-24,5625;-24,339866638183594;-24,32850456237793;
37,633;18,4375;19,130643844604492;19,11924934387207;-24,5625;-24,339866638183594;-24,32850456237793;
37,635;18,4375;19,130643844604492;19,11924934387207;-24,5625;-24,339866638183594;-24,32850456237793;
37,636;18,4375;19,126489639282227;19,11688232421875;-24,5625;-24,340410232543945;-24,328685760498047;
37,637;18,4375;19,126489639282227;19,11688232421875;-24,5625;-24,340410232543945;-24,328685760498047;
37,639;18,4375;19,126489639282227;19,11688232421875;-24,5625;-24,340410232543945;-24,328685760498047;
37,64;18,4375;19,126489639282227;19,11688232421875;-24,5625;-24,340410232543945;-24,328685760498047;
37,641;18,4375;19,126489639282227;19,11688232421875;-24,5625;-24,340410232543945;-24,328685760498047;
37,642;18,4375;19,126489639282227;19,11688232421875;-24,5625;-24,340410232543945;-24,328685760498047;
37,643;18,4375;19,126489639282227;19,11688232421875;-24,5625;-24,340410232543945;-24,328685760498047;
37,644;18,4375;19,126489639282227;19,11688232421875;-24,5625;-24,340410232543945;-24,328685760498047;
37,645;18,4375;19,126489639282227;19,11688232421875;-24,5625;-24,340410232543945;-24,328685760498047;
37,647;18,4375;19,12611961364746;19,116657257080078;-24,5625;-24,34626579284668;-24,3323917388916;
37,648;18,4375;19,12611961364746;19,116657257080078;-24,5625;-24,34626579284668;-24,3323917388916;
37,65;18,4375;19,12611961364746;19,116657257080078;-24,5625;-24,34626579284668;-24,3323917388916;
37,651;18,4375;19,12611961364746;19,116657257080078;-24,5625;-24,34626579284668;-24,3323917388916;
37,652;18,4375;19,12611961364746;19,116657257080078;-24,5625;-24,34626579284668;-24,3323917388916;
37,653;18,4375;19,12611961364746;19,116657257080078;-24,5625;-24,34626579284668;-24,3323917388916;
37,655;18,4375;19,12611961364746;19,116657257080078;-24,5625;-24,34626579284668;-24,3323917388916;
37,656;18,4375;19,13173484802246;19,120407104492188;-24,5625;-24,345203399658203;-24,331953048706055;
37,657;18,4375;19,13173484802246;19,120407104492188;-24,5625;-24,345203399658203;-24,331953048706055;
37,658;18,4375;19,13173484802246;19,120407104492188;-24,5625;-24,345203399658203;-24,331953048706055;
37,66;18,4375;19,13173484802246;19,120407104492188;-24,5625;-24,345203399658203;-24,331953048706055;
37,661;18,4375;19,13173484802246;19,120407104492188;-24,5625;-24,345203399658203;-24,331953048706055;
37,662;18,4375;19,13173484802246;19,120407104492188;-24,5625;-24,345203399658203;-24,331953048706055;
37,663;18,4375;19,13173484802246;19,120407104492188;-24,5625;-24,345203399658203;-24,331953048706055;
37,664;18,4375;19,13173484802246;19,120407104492188;-24,5625;-24,345203399658203;-24,331953048706055;
37,666;18,4375;19,13433074951172;19,122419357299805;-24,5625;-24,34371566772461;-24,33147621154785;
37,667;18,4375;19,13433074951172;19,122419357299805;-24,5625;-24,34371566772461;-24,33147621154785;
37,669;18,4375;19,13433074951172;19,122419357299805;-24,5625;-24,34371566772461;-24,33147621154785;
37,67;18,4375;19,13433074951172;19,122419357299805;-24,5625;-24,34371566772461;-24,33147621154785;
37,672;18,4375;19,13433074951172;19,122419357299805;-24,5625;-24,34371566772461;-24,33147621154785;
