time,copter_pitch_angle,copter_roll_angle,copter_yaw_angle,copter_z_distance,REF_PITCH_ANGLE,REF_ROLL_ANGLE,REF_YAW_ANGLE,REF_Z_DISTANCE,SS,
439.551,28.98585319519043,-6.0056281089782715,84.1875,3.121299982070923,0,0,100,10,0,
439.561,28.983963012695312,-5.985509872436523,84.1875,3.121299982070923,0,0,100,10,0,
439.571,28.979042053222656,-5.947877883911133,84.1875,3.121299982070923,0,0,100,10,0,
439.581,28.98436164855957,-5.904686450958252,84.1875,3.121299982070923,0,0,100,10,0,
439.591,28.98084259033203,-5.857773780822754,84.1875,3.121299982070923,0,0,100,10,0,
439.601,28.991682052612305,-5.832440376281738,84.1875,3.121299982070923,0,0,100,10,0,
439.611,28.98590850830078,-5.814553737640381,84.1875,3.121299982070923,0,0,100,10,0,
439.621,28.986251831054688,-5.787342548370361,84.1875,3.121299982070923,0,0,100,10,0,
439.631,28.977323532104492,-5.75863790512085,84.1875,3.121299982070923,0,0,100,10,0,
439.641,28.98478126525879,-5.7371039390563965,84.1875,3.121299982070923,0,0,100,10,0,
439.651,28.988780975341797,-5.7170491218566895,84.1875,3.121299982070923,0,0,100,10,0,
439.661,28.998676300048828,-5.693079471588135,84.125,3.121299982070923,0,0,100,10,0,
439.671,28.98341941833496,-5.677760601043701,84.125,3.121299982070923,0,0,100,10,0,
439.681,28.968624114990234,-5.64990758895874,84.1875,3.121299982070923,0,0,100,10,0,
439.691,28.968624114990234,-5.64990758895874,84.1875,3.121299982070923,0,0,100,10,0,
439.701,28.977100372314453,-5.593386173248291,84.125,3.121299982070923,0,0,100,10,0,
439.711,28.977100372314453,-5.55136251449585,84.125,3.121299982070923,0,0,100,10,0,
439.721,28.982250213623047,-5.506677627563477,84.125,3.121299982070923,0,0,100,10,0,
439.731,28.982250213623047,-5.506677627563477,84.125,3.121299982070923,0,0,100,10,0,
439.741,28.978044509887695,-5.476917266845703,84.1875,3.121299982070923,0,0,100,10,0,
439.751,28.98744773864746,-5.4426422119140625,84.1875,3.121299982070923,0,0,100,10,0,
439.761,28.98744773864746,-5.4426422119140625,84.1875,3.121299982070923,0,0,100,10,0,
439.771,28.990001678466797,-5.421733379364014,84.1875,3.121299982070923,0,0,100,10,0,
439.781,28.998632431030273,-5.401364803314209,84.1875,3.121299982070923,0,0,100,10,0,
439.791,29.00576400756836,-5.378116130828857,84.1875,3.121299982070923,0,0,100,10,0,
439.801,29.01453971862793,-5.315246105194092,84.1875,3.121299982070923,0,0,100,10,0,
439.811,29.01453971862793,-5.315246105194092,84.1875,3.121299982070923,0,0,100,10,0,
439.821,29.007781982421875,-5.280178070068359,84.125,3.121299982070923,0,0,100,10,0,
439.831,29.00720977783203,-5.254524230957031,84.125,3.121299982070923,0,0,100,10,0,
439.841,29.01594352722168,-5.226370334625244,84.125,3.121299982070923,0,0,100,10,0,
439.851,29.026561737060547,-5.17310094833374,84.125,3.121299982070923,0,0,100,10,0,
439.861,29.026561737060547,-5.17310094833374,84.125,3.121299982070923,0,0,100,10,0,
439.871,29.029953002929688,-5.148895740509033,84.125,3.121299982070923,0,0,100,10,0,
439.881,29.021364212036133,-5.119638919830322,84.125,3.121299982070923,0,0,100,10,0,
439.891,29.030961990356445,-5.0921406745910645,84.125,3.121299982070923,0,0,100,10,0,
439.901,29.04387855529785,-5.040430545806885,84.125,3.121299982070923,0,0,100,10,0,
439.911,29.04387855529785,-5.040430545806885,84.125,3.121299982070923,0,0,100,10,0,
439.921,29.046358108520508,-5.017685413360596,84.125,3.121299982070923,0,0,100,10,0,
439.931,29.046119689941406,-4.9925055503845215,84.125,3.121299982070923,0,0,100,10,0,
439.941,29.043371200561523,-4.969446182250977,84.125,3.121299982070923,0,0,100,10,0,
439.951,29.0350341796875,-4.930357456207275,84.125,3.121299982070923,0,0,100,10,0,
439.961,29.0350341796875,-4.930357456207275,84.125,3.121299982070923,0,0,100,10,0,
439.971,29.031497955322266,-4.908727169036865,84.125,3.121299982070923,0,0,100,10,0,
439.981,29.030031204223633,-4.880336761474609,84.125,3.121299982070923,0,0,100,10,0,
439.991,29.0257568359375,-4.849853515625,84.125,3.121299982070923,0,0,100,10,0,
440.001,29.03164291381836,-4.800612449645996,84.125,3.121299982070923,0,0,100,10,0,
440.011,29.03164291381836,-4.800612449645996,84.125,3.121299982070923,0,0,100,10,0,
440.021,29.03172492980957,-4.7778120040893555,84.125,3.121299982070923,0,0,100,10,0,
440.031,29.033369064331055,-4.752490043640137,84.125,3.121299982070923,0,0,100,10,0,
440.041,29.038225173950195,-4.714629173278809,84.125,3.121299982070923,0,0,100,10,0,
440.051,29.041833877563477,-4.6945695877075195,84.125,3.121299982070923,0,0,100,10,0,
440.061,29.041833877563477,-4.6945695877075195,84.125,3.121299982070923,0,0,100,10,0,
440.071,29.041610717773438,-4.6684417724609375,84.125,3.121299982070923,0,0,100,10,0,
440.081,29.048324584960938,-4.635324001312256,84.125,3.121299982070923,0,0,100,10,0,
440.091,29.05912971496582,-4.586408615112305,84.125,3.121299982070923,0,0,100,10,0,
440.101,29.063276290893555,-4.567386150360107,84.125,3.121299982070923,0,0,100,10,0,
440.111,29.062328338623047,-4.545859336853027,84.125,3.121299982070923,0,0,100,10,0,
440.121,29.064903259277344,-4.529040336608887,84.125,3.121299982070923,0,0,100,10,0,
440.131,29.065332412719727,-4.5069193840026855,84.125,3.121299982070923,0,0,100,10,0,
440.141,29.06562042236328,-4.481412410736084,84.125,3.121299982070923,0,0,100,10,0,
440.151,29.063955307006836,-4.457123279571533,84.125,3.121299982070923,0,0,100,10,0,
440.161,29.065664291381836,-4.434062480926514,84.125,3.121299982070923,0,0,100,10,0,
440.171,29.067073822021484,-4.4156670570373535,84.125,3.121299982070923,0,0,100,10,0,
440.181,29.072168350219727,-4.401436805725098,84.125,3.121299982070923,0,0,100,10,0,
440.191,29.07578468322754,-4.388125896453857,84.125,3.121299982070923,0,0,100,10,0,
440.201,29.0679874420166,-4.37196683883667,84.125,3.121299982070923,0,0,100,10,0,
440.211,29.059104919433594,-4.353431224822998,84.125,3.121299982070923,0,0,100,10,0,
440.221,29.056547164916992,-4.331640720367432,84.125,3.121299982070923,0,0,100,10,0,
440.231,29.052331924438477,-4.311556816101074,84.125,3.121299982070923,0,0,100,10,0,
440.241,29.051164627075195,-4.289485931396484,84.125,3.121299982070923,0,0,100,10,0,
440.251,29.045984268188477,-4.273675918579102,84.125,3.121299982070923,0,0,100,10,0,
440.261,29.039705276489258,-4.2568039894104,84.125,3.121299982070923,0,0,100,10,0,
440.271,29.042631149291992,-4.240594863891602,84.125,3.121299982070923,0,0,100,10,0,
440.281,29.044513702392578,-4.222158432006836,84.125,3.121299982070923,0,0,100,10,0,
440.291,29.05000877380371,-4.209500312805176,84.125,3.121299982070923,0,0,100,10,0,
440.301,29.05034828186035,-4.192566394805908,84.125,3.121299982070923,0,0,100,10,0,
440.311,29.05817985534668,-4.177893161773682,84.125,3.121299982070923,0,0,100,10,0,
440.321,29.055736541748047,-4.163806915283203,84.125,3.121299982070923,0,0,100,10,0,
440.331,29.058425903320312,-4.145814895629883,84.125,3.121299982070923,0,0,100,10,0,
440.341,29.060009002685547,-4.129199028015137,84.125,3.121299982070923,0,0,100,10,0,
440.351,29.062976837158203,-4.112857818603516,84.125,3.121299982070923,0,0,100,10,0,
440.361,29.058454513549805,-4.09532356262207,84.125,3.121299982070923,0,0,100,10,0,
440.371,29.053340911865234,-4.079069137573242,84.125,3.121299982070923,0,0,100,10,0,
440.381,29.05035400390625,-4.061520099639893,84.125,3.121299982070923,0,0,100,10,0,
440.391,29.052284240722656,-4.041507720947266,84.125,3.121299982070923,0,0,100,10,0,
440.401,29.061044692993164,-4.023260593414307,84.125,3.121299982070923,0,0,100,10,0,
440.411,29.059879302978516,-4.010071277618408,84.125,3.121299982070923,0,0,100,10,0,
440.421,29.06100845336914,-3.9967074394226074,84.125,3.121299982070923,0,0,100,10,0,
440.431,29.05807876586914,-3.9840991497039795,84.125,3.121299982070923,0,0,100,10,0,
440.441,29.064735412597656,-3.9686596393585205,84.125,3.121299982070923,0,0,100,10,0,
440.451,29.062782287597656,-3.9577012062072754,84.125,3.121299982070923,0,0,100,10,0,
440.461,29.05744171142578,-3.948641538619995,84.125,3.121299982070923,0,0,100,10,0,
440.471,29.050722122192383,-3.932326555252075,84.125,3.121299982070923,0,0,100,10,0,
440.481,29.053062438964844,-3.9155797958374023,84.125,3.121299982070923,0,0,100,10,0,
440.491,29.04912567138672,-3.8975751399993896,84.125,3.121299982070923,0,0,100,10,0,
440.501,29.042314529418945,-3.8846728801727295,84.125,3.121299982070923,0,0,100,10,0,
440.511,29.04088020324707,-3.864027261734009,84.125,3.121299982070923,0,0,100,10,0,
440.521,29.042390823364258,-3.8523635864257812,84.125,3.121299982070923,0,0,100,10,0,
440.531,29.050662994384766,-3.8370258808135986,84.125,3.121299982070923,0,0,100,10,0,
440.541,29.050729751586914,-3.8232972621917725,84.125,3.121299982070923,0,0,100,10,0,
440.551,29.055740356445312,-3.8052618503570557,84.125,3.121299982070923,0,0,100,10,0,
440.561,29.056188583374023,-3.783540725708008,84.125,3.121299982070923,0,0,100,10,0,
440.571,29.059789657592773,-3.7645912170410156,84.125,3.121299982070923,0,0,100,10,0,
440.581,29.05210304260254,-3.747993230819702,84.125,3.121299982070923,0,0,100,10,0,
440.591,29.05879783630371,-3.7268435955047607,84.125,3.121299982070923,0,0,100,10,0,
440.601,29.06482696533203,-3.699767589569092,84.125,3.121299982070923,0,0,100,10,0,
440.611,29.075363159179688,-3.6889612674713135,84.125,3.121299982070923,0,0,100,10,0,
440.621,29.076658248901367,-3.6753530502319336,84.125,3.121299982070923,0,0,100,10,0,
440.631,29.06978988647461,-3.668762445449829,84.125,3.121299982070923,0,0,100,10,0,
440.641,29.072174072265625,-3.647878646850586,84.125,3.121299982070923,0,0,100,10,0,
440.651,29.071765899658203,-3.639416456222534,84.125,3.121299982070923,0,0,100,10,0,
440.661,29.076597213745117,-3.6280975341796875,84.125,3.121299982070923,0,0,100,10,0,
440.671,29.071208953857422,-3.6249642372131348,84.125,3.121299982070923,0,0,100,10,0,
440.681,29.077974319458008,-3.609380006790161,84.125,3.121299982070923,0,0,100,10,0,
440.691,29.082202911376953,-3.59125018119812,84.125,3.121299982070923,0,0,100,10,0,
440.701,29.086353302001953,-3.575110912322998,84.125,3.121299982070923,0,0,100,10,0,
440.711,29.082834243774414,-3.563716173171997,84.125,3.121299982070923,0,0,100,10,0,
440.721,29.08940315246582,-3.5434441566467285,84.125,3.121299982070923,0,0,100,10,0,
440.731,29.105560302734375,-3.5117709636688232,84.125,3.121299982070923,0,0,100,10,0,
440.741,29.107332229614258,-3.494550943374634,84.125,3.121299982070923,0,0,100,10,0,
440.751,29.101041793823242,-3.4818294048309326,84.125,3.121299982070923,0,0,100,10,0,
440.761,29.093103408813477,-3.4855356216430664,84.125,3.121299982070923,0,0,100,10,0,
440.771,29.099117279052734,-3.4671144485473633,84.125,3.121299982070923,0,0,100,10,0,
440.781,29.09735107421875,-3.4599123001098633,84.125,3.121299982070923,0,0,100,10,0,
440.791,29.095455169677734,-3.450714588165283,84.125,3.121299982070923,0,0,100,10,0,
440.801,29.084596633911133,-3.4502899646759033,84.125,3.121299982070923,0,0,100,10,0,
440.811,29.082103729248047,-3.430311918258667,84.125,3.121299982070923,0,0,100,10,0,
440.821,29.0753231048584,-3.4320101737976074,84.125,3.121299982070923,0,0,100,10,0,
440.831,29.07036781311035,-3.435441732406616,84.125,3.121299982070923,0,0,100,10,0,
440.841,29.058794021606445,-3.439413547515869,84.125,3.121299982070923,0,0,100,10,0,
440.851,29.06048583984375,-3.4248666763305664,84.125,3.121299982070923,0,0,100,10,0,
440.861,29.073219299316406,-3.3920137882232666,84.125,3.121299982070923,0,0,100,10,0,
440.871,29.073970794677734,-3.3806674480438232,84.125,3.121299982070923,0,0,100,10,0,
440.881,29.080631256103516,-3.360642910003662,84.125,3.121299982070923,0,0,100,10,0,
440.891,29.070972442626953,-3.3688786029815674,84.125,3.121299982070923,0,0,100,10,0,
440.901,29.075958251953125,-3.3447227478027344,84.125,3.121299982070923,0,0,100,10,0,
440.911,29.07133674621582,-3.345852851867676,84.125,3.121299982070923,0,0,100,10,0,
440.921,29.067405700683594,-3.342050075531006,84.125,3.121299982070923,0,0,100,10,0,
440.931,29.056848526000977,-3.3547863960266113,84.125,3.121299982070923,0,0,100,10,0,
440.941,29.06028175354004,-3.3409039974212646,84.125,3.121299982070923,0,0,100,10,0,
440.951,29.05247688293457,-3.3539741039276123,84.125,3.121299982070923,0,0,100,10,0,
440.961,29.041065216064453,-3.3660829067230225,84.125,3.121299982070923,0,0,100,10,0,
440.971,29.033180236816406,-3.3691773414611816,84.125,3.121299982070923,0,0,100,10,0,
440.981,29.039920806884766,-3.3554580211639404,84.125,3.121299982070923,0,0,100,10,0,
440.991,29.05202865600586,-3.315136671066284,84.125,3.121299982070923,0,0,100,10,0,
441.001,29.046672821044922,-3.306091070175171,84.125,3.121299982070923,0,0,100,10,0,
441.011,29.04785919189453,-3.295548439025879,84.125,3.121299982070923,0,0,100,10,0,
441.021,29.04104995727539,-3.3076865673065186,84.125,3.121299982070923,0,0,100,10,0,
441.031,29.050655364990234,-3.287712812423706,84.125,3.121299982070923,0,0,100,10,0,
441.041,29.03949737548828,-3.293628692626953,84.125,3.121299982070923,0,0,100,10,0,
441.051,29.02763557434082,-3.29923939704895,84.125,3.121299982070923,0,0,100,10,0,
441.061,29.01569175720215,-3.313469409942627,84.125,3.121299982070923,0,0,100,10,0,
441.071,29.026470184326172,-3.297360897064209,84.125,3.121299982070923,0,0,100,10,0,
441.081,29.017732620239258,-3.3105740547180176,84.125,3.121299982070923,0,0,100,10,0,
441.091,28.996746063232422,-3.327357053756714,84.125,3.121299982070923,0,0,100,10,0,
441.101,28.990251541137695,-3.3377928733825684,84.125,3.121299982070923,0,0,100,10,0,
441.111,28.994665145874023,-3.343268871307373,84.125,3.121299982070923,0,0,100,10,0,
441.121,29.005355834960938,-3.3255181312561035,84.125,3.121299982070923,0,0,100,10,0,
441.131,29.031049728393555,-3.2757534980773926,84.125,3.121299982070923,0,0,100,10,0,
441.141,29.030818939208984,-3.2666094303131104,84.125,3.121299982070923,0,0,100,10,0,
441.151,29.04598045349121,-3.244541645050049,84.125,3.121299982070923,0,0,100,10,0,
441.161,29.052011489868164,-3.248774290084839,84.125,3.121299982070923,0,0,100,10,0,
441.171,29.076398849487305,-3.2122278213500977,84.125,3.121299982070923,0,0,100,10,0,
441.181,29.068784713745117,-3.215954065322876,84.125,3.121299982070923,0,0,100,10,0,
441.191,29.08567237854004,-3.19385027885437,84.125,3.121299982070923,0,0,100,10,0,
441.201,29.096588134765625,-3.18766188621521,84.125,3.121299982070923,0,0,100,10,0,
441.211,29.116952896118164,-3.15543532371521,84.125,3.121299982070923,0,0,100,10,0,
441.221,29.107772827148438,-3.1605703830718994,84.125,3.121299982070923,0,0,100,10,0,
441.231,29.080202102661133,-3.1819255352020264,84.125,3.121299982070923,0,0,100,10,0,
441.241,29.075319290161133,-3.190103530883789,84.125,3.121299982070923,0,0,100,10,0,
441.251,29.074420928955078,-3.1786231994628906,84.125,3.121299982070923,0,0,100,10,0,
441.261,29.08822250366211,-3.1414566040039062,84.125,3.121299982070923,0,0,100,10,0,
441.271,29.07404899597168,-3.139641761779785,84.125,3.121299982070923,0,0,100,10,0,
441.281,29.08854866027832,-3.122734546661377,84.125,3.121299982070923,0,0,100,10,0,
441.291,29.092557907104492,-3.1214280128479004,84.125,3.121299982070923,0,0,100,10,0,
441.301,29.11151123046875,-3.090709686279297,84.125,3.121299982070923,0,0,100,10,0,
441.311,29.100141525268555,-3.096616268157959,84.125,3.121299982070923,0,0,100,10,0,
441.321,29.111419677734375,-3.0786056518554688,84.125,3.121299982070923,0,0,100,10,0,
441.331,29.122966766357422,-3.0716123580932617,84.125,3.121299982070923,0,0,100,10,0,
441.341,29.13951873779297,-3.0439789295196533,84.125,3.121299982070923,0,0,100,10,0,
441.351,29.133525848388672,-3.047424077987671,84.125,3.121299982070923,0,0,100,10,0,
441.361,29.105789184570312,-3.063628911972046,84.125,3.121299982070923,0,0,100,10,0,
441.371,29.095680236816406,-3.0748066902160645,84.125,3.121299982070923,0,0,100,10,0,
441.381,29.084314346313477,-3.064452886581421,84.125,3.121299982070923,0,0,100,10,0,
441.391,29.09702491760254,-3.028836727142334,84.125,3.121299982070923,0,0,100,10,0,
441.401,29.082834243774414,-3.0230259895324707,84.125,3.121299982070923,0,0,100,10,0,
441.411,29.094629287719727,-3.006518602371216,84.125,3.121299982070923,0,0,100,10,0,
441.421,29.096158981323242,-3.01019024848938,84.125,3.121299982070923,0,0,100,10,0,
441.431,29.109830856323242,-2.9883248805999756,84.125,3.121299982070923,0,0,100,10,0,
441.441,29.09921646118164,-2.998290777206421,84.125,3.121299982070923,0,0,100,10,0,
441.451,29.118379592895508,-2.982146739959717,84.125,3.121299982070923,0,0,100,10,0,
441.461,29.140962600708008,-2.9825024604797363,84.125,3.121299982070923,0,0,100,10,0,
441.471,29.15779685974121,-2.959923267364502,84.125,3.121299982070923,0,0,100,10,0,
441.481,29.14922332763672,-2.96662974357605,84.125,3.121299982070923,0,0,100,10,0,
441.491,29.14922332763672,-2.96662974357605,84.125,3.121299982070923,0,0,100,10,0,
441.501,29.127769470214844,-2.9847214221954346,84.125,3.121299982070923,0,0,100,10,0,
441.511,29.1253719329834,-2.9815433025360107,84.125,3.121299982070923,0,0,100,10,0,
441.521,29.1253719329834,-2.9815433025360107,84.125,3.121299982070923,0,0,100,10,0,
441.531,29.136381149291992,-2.95261287689209,84.125,3.121299982070923,0,0,100,10,0,
441.541,29.12968635559082,-2.9520492553710938,84.125,3.121299982070923,0,0,100,10,0,
441.551,29.142351150512695,-2.9335198402404785,84.125,3.121299982070923,0,0,100,10,0,
441.561,29.150379180908203,-2.8816285133361816,84.125,3.121299982070923,0,0,100,10,0,
441.571,29.150379180908203,-2.8816285133361816,84.125,3.121299982070923,0,0,100,10,0,
441.581,29.138477325439453,-2.8798201084136963,84.125,3.121299982070923,0,0,100,10,0,
441.591,29.14643096923828,-2.864353656768799,84.125,3.121299982070923,0,0,100,10,0,
441.601,29.155088424682617,-2.8583669662475586,84.125,3.121299982070923,0,0,100,10,0,
441.611,29.149805068969727,-2.845006227493286,84.125,3.121299982070923,0,0,100,10,0,
441.621,29.149805068969727,-2.845006227493286,84.125,3.121299982070923,0,0,100,10,0,
441.631,29.132205963134766,-2.8584866523742676,84.125,3.121299982070923,0,0,100,10,0,
441.641,29.12771224975586,-2.8633995056152344,84.125,3.121299982070923,0,0,100,10,0,
441.651,29.122291564941406,-2.8541781902313232,84.125,3.121299982070923,0,0,100,10,0,
441.661,29.129314422607422,-2.828775644302368,84.125,3.121299982070923,0,0,100,10,0,
441.671,29.129314422607422,-2.828775644302368,84.125,3.121299982070923,0,0,100,10,0,
441.681,29.13303565979004,-2.828758955001831,84.125,3.121299982070923,0,0,100,10,0,
441.691,29.13330078125,-2.818387269973755,84.125,3.121299982070923,0,0,100,10,0,
441.701,29.136844635009766,-2.7960171699523926,84.125,3.121299982070923,0,0,100,10,0,
441.711,29.13175392150879,-2.7869880199432373,84.125,3.121299982070923,0,0,100,10,0,
441.721,29.13175392150879,-2.7869880199432373,84.125,3.121299982070923,0,0,100,10,0,
441.731,29.13540267944336,-2.7869558334350586,84.125,3.121299982070923,0,0,100,10,0,
441.741,29.14621925354004,-2.7734739780426025,84.125,3.121299982070923,0,0,100,10,0,
441.751,29.13965606689453,-2.781799793243408,84.125,3.121299982070923,0,0,100,10,0,
441.761,29.118953704833984,-2.7979283332824707,84.125,3.121299982070923,0,0,100,10,0,
441.771,29.118953704833984,-2.7979283332824707,84.125,3.121299982070923,0,0,100,10,0,
441.781,29.11748695373535,-2.7954139709472656,84.125,3.121299982070923,0,0,100,10,0,
441.791,29.123268127441406,-2.779024124145508,84.125,3.121299982070923,0,0,100,10,0,
441.801,29.11358070373535,-2.776884078979492,84.125,3.121299982070923,0,0,100,10,0,
441.811,29.11103057861328,-2.755315065383911,84.125,3.121299982070923,0,0,100,10,0,
441.821,29.11103057861328,-2.755315065383911,84.125,3.121299982070923,0,0,100,10,0,
441.831,29.11654281616211,-2.7367312908172607,84.125,3.121299982070923,0,0,100,10,0,
441.841,29.111080169677734,-2.73525071144104,84.125,3.121299982070923,0,0,100,10,0,
441.851,29.114961624145508,-2.7274980545043945,84.125,3.121299982070923,0,0,100,10,0,
441.861,29.11793327331543,-2.720339298248291,84.125,3.121299982070923,0,0,100,10,0,
441.871,29.11793327331543,-2.720339298248291,84.125,3.121299982070923,0,0,100,10,0,
441.881,29.111000061035156,-2.727384328842163,84.125,3.121299982070923,0,0,100,10,0,
441.891,29.099796295166016,-2.7370355129241943,84.125,3.121299982070923,0,0,100,10,0,
441.901,29.097532272338867,-2.7429957389831543,84.125,3.121299982070923,0,0,100,10,0,
441.911,29.08856773376465,-2.743640422821045,84.125,3.121299982070923,0,0,100,10,0,
441.921,29.08856773376465,-2.743640422821045,84.125,3.121299982070923,0,0,100,10,0,
441.931,29.080018997192383,-2.754020929336548,84.125,3.121299982070923,0,0,100,10,0,
441.941,29.076358795166016,-2.755324125289917,84.125,3.121299982070923,0,0,100,10,0,
441.951,29.07213592529297,-2.751981735229492,84.125,3.121299982070923,0,0,100,10,0,
441.961,29.07344627380371,-2.7433319091796875,84.125,3.121299982070923,0,0,100,10,0,
441.971,29.07344627380371,-2.7433319091796875,84.125,3.121299982070923,0,0,100,10,0,
441.981,29.077091217041016,-2.7455954551696777,84.125,3.121299982070923,0,0,100,10,0,
441.991,29.083629608154297,-2.7469427585601807,84.125,3.121299982070923,0,0,100,10,0,
442.001,29.097665786743164,-2.7431395053863525,84.125,3.121299982070923,0,0,100,10,0,
442.011,29.087238311767578,-2.7342653274536133,84.125,3.121299982070923,0,0,100,10,0,
442.021,29.087238311767578,-2.7342653274536133,84.125,3.121299982070923,0,0,100,10,0,
442.031,29.079980850219727,-2.73311448097229,84.125,3.121299982070923,0,0,100,10,0,
442.041,29.07761001586914,-2.7287776470184326,84.125,3.121299982070923,0,0,100,10,0,
442.051,29.071056365966797,-2.727041482925415,84.125,3.121299982070923,0,0,100,10,0,
442.061,29.060152053833008,-2.7311155796051025,84.125,3.121299982070923,0,0,100,10,0,
442.071,29.060152053833008,-2.7311155796051025,84.125,3.121299982070923,0,0,100,10,0,
442.081,29.05175018310547,-2.7306151390075684,84.125,3.121299982070923,0,0,100,10,0,
442.091,29.05263328552246,-2.730649948120117,84.125,3.121299982070923,0,0,100,10,0,
442.101,29.04941749572754,-2.731117010116577,84.125,3.121299982070923,0,0,100,10,0,
442.111,29.06865692138672,-2.7213263511657715,84.125,3.121299982070923,0,0,100,10,0,
442.121,29.06865692138672,-2.7213263511657715,84.125,3.121299982070923,0,0,100,10,0,
442.131,29.08051872253418,-2.721839666366577,84.125,3.121299982070923,0,0,100,10,0,
442.141,29.07672119140625,-2.721703052520752,84.125,3.121299982070923,0,0,100,10,0,
442.151,29.08608627319336,-2.7145638465881348,84.125,3.121299982070923,0,0,100,10,0,
442.161,29.109092712402344,-2.692863702774048,84.125,3.121299982070923,0,0,100,10,0,
442.171,29.109092712402344,-2.692863702774048,84.125,3.121299982070923,0,0,100,10,0,
442.181,29.10946273803711,-2.6801302433013916,84.125,3.121299982070923,0,0,100,10,0,
442.191,29.10946273803711,-2.6801302433013916,84.125,3.121299982070923,0,0,100,10,0,
442.201,29.112201690673828,-2.673184394836426,84.125,3.121299982070923,0,0,100,10,0,
442.211,29.119075775146484,-2.6712822914123535,84.125,3.121299982070923,0,0,100,10,0,
442.221,29.119075775146484,-2.6712822914123535,84.125,3.121299982070923,0,0,100,10,0,
442.231,29.107789993286133,-2.671597957611084,84.125,3.121299982070923,0,0,100,10,0,
442.241,29.10795783996582,-2.6660280227661133,84.125,3.121299982070923,0,0,100,10,0,
442.251,29.11823844909668,-2.668062686920166,84.125,3.121299982070923,0,0,100,10,0,
442.261,29.12465476989746,-2.665630340576172,84.125,3.121299982070923,0,0,100,10,0,
442.271,29.13512420654297,-2.660442590713501,84.125,3.121299982070923,0,0,100,10,0,
442.281,29.14692497253418,-2.656630754470825,84.125,3.121299982070923,0,0,100,10,0,
442.291,29.150558471679688,-2.658095359802246,84.125,3.121299982070923,0,0,100,10,0,
442.301,29.153366088867188,-2.6554811000823975,84.125,3.121299982070923,0,0,100,10,0,
442.311,29.145050048828125,-2.651160478591919,84.125,3.121299982070923,0,0,100,10,0,
442.321,29.145145416259766,-2.6475799083709717,84.125,3.121299982070923,0,0,100,10,0,
442.331,29.14130210876465,-2.650141716003418,84.125,3.121299982070923,0,0,100,10,0,
442.341,29.140155792236328,-2.654585361480713,84.125,3.121299982070923,0,0,100,10,0,
442.351,29.133214950561523,-2.652339220046997,84.125,3.121299982070923,0,0,100,10,0,
442.361,29.13023567199707,-2.647200345993042,84.125,3.121299982070923,0,0,100,10,0,
442.371,29.124286651611328,-2.6512084007263184,84.125,3.121299982070923,0,0,100,10,0,
442.381,29.12343406677246,-2.661263942718506,84.125,3.121299982070923,0,0,100,10,0,
442.391,29.117938995361328,-2.663177490234375,84.125,3.121299982070923,0,0,100,10,0,
442.401,29.11769676208496,-2.6638846397399902,84.125,3.121299982070923,0,0,100,10,0,
442.411,29.11838722229004,-2.6581661701202393,84.125,3.121299982070923,0,0,100,10,0,
442.421,29.116458892822266,-2.658426523208618,84.125,3.121299982070923,0,0,100,10,0,
442.431,29.118268966674805,-2.6548662185668945,84.125,3.121299982070923,0,0,100,10,0,
442.441,29.11325454711914,-2.6474897861480713,84.125,3.121299982070923,0,0,100,10,0,
442.451,29.11165428161621,-2.6370108127593994,84.125,3.121299982070923,0,0,100,10,0,
442.461,29.10699462890625,-2.632890462875366,84.125,3.121299982070923,0,0,100,10,0,
442.471,29.10563087463379,-2.6390228271484375,84.125,3.121299982070923,0,0,100,10,0,
442.481,29.096288681030273,-2.643794536590576,84.125,3.121299982070923,0,0,100,10,0,
442.491,29.091489791870117,-2.6483004093170166,84.125,3.121299982070923,0,0,100,10,0,
442.501,29.094890594482422,-2.6543641090393066,84.125,3.121299982070923,0,0,100,10,0,
442.511,29.102195739746094,-2.6659369468688965,84.125,3.121299982070923,0,0,100,10,0,
442.521,29.1021785736084,-2.6640281677246094,84.125,3.121299982070923,0,0,100,10,0,
442.531,29.106172561645508,-2.665769577026367,84.125,3.121299982070923,0,0,100,10,0,
442.541,29.113176345825195,-2.6642684936523438,84.125,3.121299982070923,0,0,100,10,0,
442.551,29.12187385559082,-2.670003652572632,84.125,3.121299982070923,0,0,100,10,0,
442.561,29.123497009277344,-2.66082763671875,84.125,3.121299982070923,0,0,100,10,0,
442.571,29.119388580322266,-2.6509339809417725,84.125,3.121299982070923,0,0,100,10,0,
442.581,29.1169490814209,-2.639733076095581,84.125,3.121299982070923,0,0,100,10,0,
442.591,29.115182876586914,-2.6338627338409424,84.125,3.121299982070923,0,0,100,10,0,
442.601,29.112567901611328,-2.6382687091827393,84.125,3.121299982070923,0,0,100,10,0,
442.611,29.114669799804688,-2.633697271347046,84.125,3.121299982070923,0,0,100,10,0,
442.621,29.119260787963867,-2.628835439682007,84.125,3.121299982070923,0,0,100,10,0,
442.631,29.12630844116211,-2.6320858001708984,84.125,3.121299982070923,0,0,100,10,0,
442.641,29.133014678955078,-2.6400222778320312,84.125,3.121299982070923,0,0,100,10,0,
442.651,29.136877059936523,-2.630964756011963,84.125,3.121299982070923,0,0,100,10,0,
442.661,29.13983154296875,-2.630580425262451,84.125,3.121299982070923,0,0,100,10,0,
442.671,29.136022567749023,-2.6290974617004395,84.125,3.121299982070923,0,0,100,10,0,
442.681,29.135147094726562,-2.6324753761291504,84.125,3.121299982070923,0,0,100,10,0,
442.691,29.129230499267578,-2.623699426651001,84.125,3.121299982070923,0,0,100,10,0,
442.701,29.12624740600586,-2.6110928058624268,84.125,3.121299982070923,0,0,100,10,0,
442.711,29.121501922607422,-2.6008870601654053,84.125,3.121299982070923,0,0,100,10,0,
442.721,29.1232967376709,-2.6027638912200928,84.125,3.121299982070923,0,0,100,10,0,
442.731,29.11823272705078,-2.5928118228912354,84.125,3.121299982070923,0,0,100,10,0,
442.741,29.113792419433594,-2.5775482654571533,84.125,3.121299982070923,0,0,100,10,0,
442.751,29.106685638427734,-2.5706419944763184,84.125,3.121299982070923,0,0,100,10,0,
442.761,29.11029815673828,-2.567742347717285,84.125,3.121299982070923,0,0,100,10,0,
442.771,29.113985061645508,-2.5707945823669434,84.125,3.121299982070923,0,0,100,10,0,
442.781,29.110109329223633,-2.5669023990631104,84.125,3.121299982070923,0,0,100,10,0,
442.791,29.1081600189209,-2.572308301925659,84.125,3.121299982070923,0,0,100,10,0,
442.801,29.104290008544922,-2.5752110481262207,84.125,3.121299982070923,0,0,100,10,0,
442.811,29.107160568237305,-2.5797200202941895,84.125,3.121299982070923,0,0,100,10,0,
442.821,29.10287857055664,-2.5754168033599854,84.125,3.121299982070923,0,0,100,10,0,
442.831,29.099695205688477,-2.575119972229004,84.125,3.121299982070923,0,0,100,10,0,
442.841,29.095401763916016,-2.57733416557312,84.125,3.121299982070923,0,0,100,10,0,
442.851,29.102365493774414,-2.5796468257904053,84.125,3.121299982070923,0,0,100,10,0,
442.861,29.102230072021484,-2.5783236026763916,84.125,3.121299982070923,0,0,100,10,0,
442.871,29.104145050048828,-2.5694851875305176,84.125,3.121299982070923,0,0,100,10,0,
442.881,29.10125160217285,-2.5639023780822754,84.125,3.121299982070923,0,0,100,10,0,
442.891,29.107534408569336,-2.5601816177368164,84.125,3.121299982070923,0,0,100,10,0,
442.901,29.121925354003906,-2.561614513397217,84.125,3.121299982070923,0,0,100,10,0,
442.911,29.128204345703125,-2.5585744380950928,84.125,3.121299982070923,0,0,100,10,0,
442.921,29.126863479614258,-2.5600321292877197,84.125,3.121299982070923,0,0,100,10,0,
442.931,29.120344161987305,-2.5560755729675293,84.125,3.121299982070923,0,0,100,10,0,
442.941,29.12653923034668,-2.54888653755188,84.125,3.121299982070923,0,0,100,10,0,
442.951,29.12136459350586,-2.539809226989746,84.125,3.121299982070923,0,0,100,10,0,
442.961,29.11815071105957,-2.533825397491455,84.125,3.121299982070923,0,0,100,10,0,
442.971,29.115636825561523,-2.5356571674346924,84.125,3.121299982070923,0,0,100,10,0,
442.981,29.121606826782227,-2.535247564315796,84.125,3.121299982070923,0,0,100,10,0,
442.991,29.120281219482422,-2.5327675342559814,84.125,3.121299982070923,0,0,100,10,0,
443.001,29.114151000976562,-2.523202419281006,84.125,3.121299982070923,0,0,100,10,0,
443.011,29.105026245117188,-2.5226972103118896,84.125,3.121299982070923,0,0,100,10,0,
443.021,29.101882934570312,-2.5257551670074463,84.125,3.121299982070923,0,0,100,10,0,
443.031,29.10769271850586,-2.5300726890563965,84.125,3.121299982070923,0,0,100,10,0,
443.041,29.10834503173828,-2.5246920585632324,84.125,3.121299982070923,0,0,100,10,0,
443.051,29.107847213745117,-2.5226144790649414,84.125,3.121299982070923,0,0,100,10,0,
443.061,29.103727340698242,-2.5174906253814697,84.125,3.121299982070923,0,0,100,10,0,
443.071,29.099008560180664,-2.520341157913208,84.125,3.121299982070923,0,0,100,10,0,
443.081,29.088939666748047,-2.518522262573242,84.125,3.121299982070923,0,0,100,10,0,
443.091,29.09234046936035,-2.520035743713379,84.125,3.121299982070923,0,0,100,10,0,
443.101,29.091705322265625,-2.5256311893463135,84.125,3.121299982070923,0,0,100,10,0,
443.111,29.098648071289062,-2.533834934234619,84.125,3.121299982070923,0,0,100,10,0,
443.121,29.090415954589844,-2.538203716278076,84.125,3.121299982070923,0,0,100,10,0,
443.131,29.080373764038086,-2.535820722579956,84.125,3.121299982070923,0,0,100,10,0,
443.141,29.075441360473633,-2.5365548133850098,84.125,3.121299982070923,0,0,100,10,0,
443.151,29.078861236572266,-2.538789749145508,84.125,3.121299982070923,0,0,100,10,0,
443.161,29.088577270507812,-2.5416500568389893,84.125,3.121299982070923,0,0,100,10,0,
443.171,29.100980758666992,-2.5521841049194336,84.125,3.121299982070923,0,0,100,10,0,
443.181,29.10015296936035,-2.5541603565216064,84.125,3.121299982070923,0,0,100,10,0,
443.191,29.103160858154297,-2.55429744720459,84.125,3.121299982070923,0,0,100,10,0,
443.201,29.097015380859375,-2.5501527786254883,84.125,3.121299982070923,0,0,100,10,0,
443.211,29.097015380859375,-2.5501527786254883,84.125,3.121299982070923,0,0,100,10,0,
443.221,29.10164451599121,-2.5511744022369385,84.125,3.121299982070923,0,0,100,10,0,
443.231,29.106170654296875,-2.5571157932281494,84.125,3.121299982070923,0,0,100,10,0,
443.241,29.1057186126709,-2.5604567527770996,84.125,3.121299982070923,0,0,100,10,0,
443.251,29.112768173217773,-2.562837600708008,84.125,3.121299982070923,0,0,100,10,0,
443.261,29.112768173217773,-2.562837600708008,84.125,3.121299982070923,0,0,100,10,0,
443.271,29.11105728149414,-2.554558753967285,84.125,3.121299982070923,0,0,100,10,0,
443.281,29.11105728149414,-2.554558753967285,84.125,3.121299982070923,0,0,100,10,0,
443.291,29.10959243774414,-2.5569348335266113,84.125,3.121299982070923,0,0,100,10,0,
443.301,29.108747482299805,-2.5575013160705566,84.125,3.121299982070923,0,0,100,10,0,
443.311,29.12291717529297,-2.5537309646606445,84.125,3.121299982070923,0,0,100,10,0,
443.321,29.125329971313477,-2.5474278926849365,84.125,3.121299982070923,0,0,100,10,0,
443.331,29.127504348754883,-2.541745185852051,84.125,3.121299982070923,0,0,100,10,0,
443.341,29.12758445739746,-2.540210247039795,84.125,3.121299982070923,0,0,100,10,0,
443.351,29.130645751953125,-2.5400450229644775,84.125,3.121299982070923,0,0,100,10,0,
443.361,29.132198333740234,-2.534679651260376,84.125,3.121299982070923,0,0,100,10,0,
443.371,29.132537841796875,-2.5324056148529053,84.125,3.121299982070923,0,0,100,10,0,
443.381,29.130157470703125,-2.529420852661133,84.125,3.121299982070923,0,0,100,10,0,
443.391,29.127233505249023,-2.525178909301758,84.125,3.121299982070923,0,0,100,10,0,
443.401,29.11777114868164,-2.5233230590820312,84.125,3.121299982070923,0,0,100,10,0,
443.411,29.11585235595703,-2.5204641819000244,84.125,3.121299982070923,0,0,100,10,0,
443.421,29.11447525024414,-2.5156044960021973,84.125,3.121299982070923,0,0,100,10,0,
443.431,29.113950729370117,-2.5165114402770996,84.125,3.121299982070923,0,0,100,10,0,
443.441,29.11917495727539,-2.5170705318450928,84.125,3.121299982070923,0,0,100,10,0,
443.451,29.115665435791016,-2.514467716217041,84.125,3.121299982070923,0,0,100,10,0,
443.461,29.114572525024414,-2.514967918395996,84.125,3.121299982070923,0,0,100,10,0,
443.471,29.11590003967285,-2.5128977298736572,84.125,3.121299982070923,0,0,100,10,0,
443.481,29.11851692199707,-2.5141477584838867,84.125,3.121299982070923,0,0,100,10,0,
443.491,29.115543365478516,-2.5170798301696777,84.125,3.121299982070923,0,0,100,10,0,
443.501,29.115449905395508,-2.522160530090332,84.125,3.121299982070923,0,0,100,10,0,
443.511,29.116931915283203,-2.525355100631714,84.125,3.121299982070923,0,0,100,10,0,
443.521,29.125356674194336,-2.5276806354522705,84.125,3.121299982070923,0,0,100,10,0,
443.531,29.125356674194336,-2.5276806354522705,84.125,3.121299982070923,0,0,100,10,0,
443.541,29.124290466308594,-2.5255391597747803,84.125,3.121299982070923,0,0,100,10,0,
443.551,29.11903953552246,-2.5254435539245605,84.125,3.121299982070923,0,0,100,10,0,
443.561,29.119873046875,-2.524415969848633,84.125,3.121299982070923,0,0,100,10,0,
443.571,29.1234073638916,-2.5268964767456055,84.125,3.121299982070923,0,0,100,10,0,
443.581,29.12387466430664,-2.532384157180786,84.125,3.121299982070923,0,0,100,10,0,
443.591,29.12069320678711,-2.537022113800049,84.125,3.121299982070923,0,0,100,10,0,
443.601,29.11989974975586,-2.54286527633667,84.125,3.121299982070923,0,0,100,10,0,
443.611,29.12421417236328,-2.5470259189605713,84.125,3.121299982070923,0,0,100,10,0,
443.621,29.126707077026367,-2.5424752235412598,84.125,3.121299982070923,0,0,100,10,0,
443.631,29.126707077026367,-2.5424752235412598,84.125,3.121299982070923,0,0,100,10,0,
443.641,29.120954513549805,-2.5390725135803223,84.125,3.121299982070923,0,0,100,10,0,
443.651,29.124277114868164,-2.535660743713379,84.125,3.121299982070923,0,0,100,10,0,
443.661,29.12093162536621,-2.528467893600464,84.125,3.121299982070923,0,0,100,10,0,
443.671,29.124910354614258,-2.521191358566284,84.125,3.121299982070923,0,0,100,10,0,
443.681,29.124910354614258,-2.521191358566284,84.125,3.121299982070923,0,0,100,10,0,
443.691,29.123184204101562,-2.51566481590271,84.125,3.121299982070923,0,0,100,10,0,
443.701,29.125484466552734,-2.514740228652954,84.125,3.121299982070923,0,0,100,10,0,
443.711,29.128692626953125,-2.514765977859497,84.125,3.121299982070923,0,0,100,10,0,
443.721,29.138235092163086,-2.5191893577575684,84.125,3.121299982070923,0,0,100,10,0,
443.731,29.138235092163086,-2.5191893577575684,84.125,3.121299982070923,0,0,100,10,0,
443.741,29.147775650024414,-2.5223171710968018,84.125,3.121299982070923,0,0,100,10,0,
443.751,29.14576530456543,-2.527087688446045,84.125,3.121299982070923,0,0,100,10,0,
443.761,29.147539138793945,-2.5274484157562256,84.125,3.121299982070923,0,0,100,10,0,
443.771,29.15290641784668,-2.5252153873443604,84.125,3.121299982070923,0,0,100,10,0,
443.781,29.15290641784668,-2.5252153873443604,84.125,3.121299982070923,0,0,100,10,0,
443.791,29.150667190551758,-2.53426456451416,84.125,3.121299982070923,0,0,100,10,0,
443.801,29.143295288085938,-2.5388071537017822,84.125,3.121299982070923,0,0,100,10,0,
443.811,29.13934326171875,-2.530636787414551,84.125,3.121299982070923,0,0,100,10,0,
443.821,29.12952995300293,-2.517313003540039,84.125,3.121299982070923,0,0,100,10,0,
443.831,29.12952995300293,-2.517313003540039,84.125,3.121299982070923,0,0,100,10,0,
443.841,29.126022338867188,-2.5222268104553223,84.125,3.121299982070923,0,0,100,10,0,
443.851,29.12450408935547,-2.5273873805999756,84.125,3.121299982070923,0,0,100,10,0,
443.861,29.12717056274414,-2.5403599739074707,84.125,3.121299982070923,0,0,100,10,0,
443.871,29.11609649658203,-2.55704927444458,84.125,3.121299982070923,0,0,100,10,0,
443.881,29.11609649658203,-2.55704927444458,84.125,3.121299982070923,0,0,100,10,0,
443.891,29.109766006469727,-2.5615508556365967,84.125,3.121299982070923,0,0,100,10,0,
443.901,29.10182762145996,-2.5583553314208984,84.125,3.121299982070923,0,0,100,10,0,
443.911,29.103361129760742,-2.5556161403656006,84.125,3.121299982070923,0,0,100,10,0,
443.921,29.105422973632812,-2.557126045227051,84.125,3.121299982070923,0,0,100,10,0,
443.931,29.105422973632812,-2.557126045227051,84.125,3.121299982070923,0,0,100,10,0,
443.941,29.10098648071289,-2.5545220375061035,84.125,3.121299982070923,0,0,100,10,0,
443.951,29.09769058227539,-2.5600297451019287,84.125,3.121299982070923,0,0,100,10,0,
443.961,29.09253692626953,-2.560128688812256,84.125,3.121299982070923,0,0,100,10,0,
443.971,29.09390640258789,-2.56895112991333,84.125,3.121299982070923,0,0,100,10,0,
443.981,29.09390640258789,-2.56895112991333,84.125,3.121299982070923,0,0,100,10,0,
443.991,29.107017517089844,-2.569502830505371,84.125,3.121299982070923,0,0,100,10,0,
444.001,29.111183166503906,-2.562990665435791,84.125,3.121299982070923,0,0,100,10,0,
444.011,29.11286163330078,-2.561270236968994,84.125,3.121299982070923,0,0,100,10,0,
444.021,29.12286949157715,-2.540537118911743,84.125,3.121299982070923,0,0,100,10,0,
444.031,29.12286949157715,-2.540537118911743,84.125,3.121299982070923,0,0,100,10,0,
444.041,29.132810592651367,-2.5364365577697754,84.125,3.121299982070923,0,0,100,10,0,
444.051,29.13617515563965,-2.5361297130584717,84.125,3.121299982070923,0,0,100,10,0,
444.061,29.137407302856445,-2.5463993549346924,84.125,3.121299982070923,0,0,100,10,0,
444.071,29.142488479614258,-2.530313014984131,84.125,3.121299982070923,0,0,100,10,0,
444.081,29.142488479614258,-2.530313014984131,84.125,3.121299982070923,0,0,100,10,0,
444.091,29.143129348754883,-2.527787446975708,84.125,3.121299982070923,0,0,100,10,0,
444.101,29.136823654174805,-2.537285327911377,84.125,3.121299982070923,0,0,100,10,0,
444.111,29.135833740234375,-2.5294735431671143,84.125,3.121299982070923,0,0,100,10,0,
444.121,29.130395889282227,-2.532616376876831,84.125,3.121299982070923,0,0,100,10,0,
444.131,29.130395889282227,-2.532616376876831,84.125,3.121299982070923,0,0,100,10,0,
444.141,29.129980087280273,-2.5413081645965576,84.125,3.121299982070923,0,0,100,10,0,
444.151,29.129016876220703,-2.5363004207611084,84.125,3.121299982070923,0,0,100,10,0,
444.161,29.128616333007812,-2.51572585105896,84.125,3.121299982070923,0,0,100,10,0,
444.171,29.1341552734375,-2.503909111022949,84.125,3.121299982070923,0,0,100,10,0,
444.181,29.1341552734375,-2.503909111022949,84.125,3.121299982070923,0,0,100,10,0,
444.191,29.137020111083984,-2.490550994873047,84.125,3.121299982070923,0,0,100,10,0,
444.201,29.1370849609375,-2.460280656814575,84.125,3.121299982070923,0,0,100,10,0,
444.211,29.13528060913086,-2.4553911685943604,84.125,3.121299982070923,0,0,100,10,0,
444.221,29.127172470092773,-2.4564309120178223,84.125,3.121299982070923,0,0,100,10,0,
444.231,29.127172470092773,-2.4564309120178223,84.125,3.121299982070923,0,0,100,10,0,
444.241,29.13018226623535,-2.438689708709717,84.125,3.121299982070923,0,0,100,10,0,
444.251,29.128416061401367,-2.445608139038086,84.125,3.121299982070923,0,0,100,10,0,
444.261,29.120656967163086,-2.453190803527832,84.125,3.121299982070923,0,0,100,10,0,
444.271,29.112741470336914,-2.4564337730407715,84.125,3.121299982070923,0,0,100,10,0,
444.281,29.112741470336914,-2.4564337730407715,84.125,3.121299982070923,0,0,100,10,0,
444.291,29.115345001220703,-2.426999568939209,84.125,3.121299982070923,0,0,100,10,0,
444.301,29.108137130737305,-2.4205379486083984,84.125,3.121299982070923,0,0,100,10,0,
444.311,29.10851287841797,-2.416133403778076,84.125,3.121299982070923,0,0,100,10,0,
444.321,29.120372772216797,-2.36720871925354,84.125,3.121299982070923,0,0,100,10,0,
444.331,29.120372772216797,-2.36720871925354,84.125,3.121299982070923,0,0,100,10,0,
444.341,29.13279151916504,-2.3553695678710938,84.125,3.121299982070923,0,0,100,10,0,
444.351,29.131925582885742,-2.3588669300079346,84.125,3.121299982070923,0,0,100,10,0,
444.361,29.135101318359375,-2.3418195247650146,84.125,3.121299982070923,0,0,100,10,0,
444.371,29.135026931762695,-2.3578803539276123,84.125,3.121299982070923,0,0,100,10,0,
444.381,29.127286911010742,-2.3813045024871826,84.125,3.121299982070923,0,0,100,10,0,
444.391,29.126548767089844,-2.3978793621063232,84.125,3.121299982070923,0,0,100,10,0,
444.401,29.135156631469727,-2.3954250812530518,84.125,3.121299982070923,0,0,100,10,0,
444.411,29.131397247314453,-2.4198391437530518,84.125,3.121299982070923,0,0,100,10,0,
444.421,29.120620727539062,-2.4542574882507324,84.125,3.121299982070923,0,0,100,10,0,
444.431,29.117218017578125,-2.4671902656555176,84.125,3.121299982070923,0,0,100,10,0,
444.441,29.117218017578125,-2.4671902656555176,84.125,3.121299982070923,0,0,100,10,0,
444.451,29.114412307739258,-2.4698245525360107,84.125,3.121299982070923,0,0,100,10,0,
444.461,29.109481811523438,-2.4647350311279297,84.125,3.121299982070923,0,0,100,10,0,
444.471,29.11946678161621,-2.456691265106201,84.125,3.121299982070923,0,0,100,10,0,
444.481,29.125579833984375,-2.457280397415161,84.125,3.121299982070923,0,0,100,10,0,
444.491,29.134376525878906,-2.4341695308685303,84.125,3.121299982070923,0,0,100,10,0,
444.501,29.133602142333984,-2.4468400478363037,84.125,3.121299982070923,0,0,100,10,0,
444.511,29.118318557739258,-2.475473403930664,84.125,3.121299982070923,0,0,100,10,0,
444.521,29.110965728759766,-2.4827404022216797,84.125,3.121299982070923,0,0,100,10,0,
444.531,29.110300064086914,-2.478804349899292,84.125,3.121299982070923,0,0,100,10,0,
444.541,29.09640121459961,-2.493680238723755,84.125,3.121299982070923,0,0,100,10,0,
444.551,29.08052635192871,-2.5250613689422607,84.125,3.121299982070923,0,0,100,10,0,
444.561,29.077836990356445,-2.5368196964263916,84.125,3.121299982070923,0,0,100,10,0,
444.571,29.07731819152832,-2.5454089641571045,84.125,3.121299982070923,0,0,100,10,0,
444.581,29.088247299194336,-2.5224392414093018,84.125,3.121299982070923,0,0,100,10,0,
444.591,29.083948135375977,-2.5287842750549316,84.125,3.121299982070923,0,0,100,10,0,
444.601,29.09614372253418,-2.5099217891693115,84.125,3.121299982070923,0,0,100,10,0,
444.611,29.10472869873047,-2.5032804012298584,84.125,3.121299982070923,0,0,100,10,0,
444.621,29.11028289794922,-2.4897284507751465,84.125,3.121299982070923,0,0,100,10,0,
444.631,29.112232208251953,-2.507265090942383,84.125,3.121299982070923,0,0,100,10,0,
444.641,29.103879928588867,-2.5322887897491455,84.125,3.121299982070923,0,0,100,10,0,
444.651,29.1051082611084,-2.539303779602051,84.125,3.121299982070923,0,0,100,10,0,
444.661,29.09947967529297,-2.5475759506225586,84.125,3.121299982070923,0,0,100,10,0,
444.671,29.09511375427246,-2.5802831649780273,84.125,3.121299982070923,0,0,100,10,0,
444.681,29.084794998168945,-2.6163389682769775,84.125,3.121299982070923,0,0,100,10,0,
444.691,29.091350555419922,-2.614210605621338,84.125,3.121299982070923,0,0,100,10,0,
444.701,29.09566879272461,-2.6103217601776123,84.125,3.121299982070923,0,0,100,10,0,
444.711,29.092697143554688,-2.6050004959106445,84.125,3.121299982070923,0,0,100,10,0,
444.721,29.086105346679688,-2.6299426555633545,84.125,3.121299982070923,0,0,100,10,0,
444.731,29.094480514526367,-2.6310555934906006,84.125,3.121299982070923,0,0,100,10,0,
444.741,29.104583740234375,-2.6215853691101074,84.125,3.121299982070923,0,0,100,10,0,
444.751,29.10948371887207,-2.600874423980713,84.125,3.121299982070923,0,0,100,10,1,
444.761,29.10746955871582,-2.601146936416626,84.125,3.121299982070923,0,0,100,10,1,
444.771,29.107059478759766,-2.583327054977417,84.125,3.121299982070923,0,0,100,10,1,
444.781,29.122495651245117,-2.6016619205474854,84.0625,3.121299982070923,0,0,100,10,1,
444.791,28.999290466308594,-2.534118890762329,83.9375,3.121299982070923,0,0,100,10,1,
444.801,28.936809539794922,-2.378847122192383,83.6875,3.121299982070923,0,0,100,10,1,
444.811,28.921300888061523,-1.9908503293991089,83.5625,3.121299982070923,0,0,100,10,1,
444.821,29.04973030090332,-1.6445286273956299,83.5625,3.121299982070923,0,0,100,10,1,
444.831,28.87858009338379,-1.44290030002594,83.6875,3.121299982070923,0,0,100,10,1,
444.841,28.504785537719727,-1.195069432258606,83.75,3.121299982070923,0,0,100,10,1,
444.851,28.314659118652344,-0.9041142463684082,83.625,3.121299982070923,0,0,100,10,1,
444.861,28.16521453857422,-0.3147020936012268,83.5625,3.121299982070923,0,0,100,10,1,
444.871,28.422962188720703,0.13106629252433777,83.5625,3.121299982070923,0,0,100,10,1,
444.881,28.6689395904541,0.5958160758018494,83.625,3.121299982070923,0,0,100,10,1,
444.891,29.236215591430664,1.2772732973098755,83.6875,3.121299982070923,0,0,100,10,1,
444.901,29.513187408447266,2.0214107036590576,83.6875,3.121299982070923,0,0,100,10,1,
444.911,29.649240493774414,2.4198830127716064,83.5625,3.121299982070923,0,0,100,10,1,
444.921,30.180639266967773,2.6350746154785156,83.25,3.121299982070923,0,0,100,10,1,
444.931,30.64752197265625,2.7196953296661377,82.8125,3.121299982070923,0,0,100,10,1,
444.941,30.509431838989258,3.0528924465179443,82.375,3.121299982070923,0,0,100,10,1,
444.951,29.851547241210938,3.582554817199707,81.875,3.121299982070923,0,0,100,10,1,
444.961,28.92913055419922,4.316540241241455,81.5625,3.121299982070923,0,0,100,10,1,
444.971,28.402603149414062,4.955456256866455,81.25,3.121299982070923,0,0,100,10,1,
444.981,27.721899032592773,5.792718410491943,80.9375,3.121299982070923,0,0,100,10,1,
444.991,27.2388916015625,6.962535858154297,80.5,3.121299982070923,0,0,100,10,1,
445.001,26.444223403930664,8.635934829711914,80.0625,3.121299982070923,0,0,100,10,1,
445.011,25.332901000976562,10.675477027893066,79.6875,3.121299982070923,0,0,100,10,1,
445.021,24.19002914428711,12.834756851196289,79.375,3.121299982070923,0,0,100,10,1,
445.031,23.172607421875,15.058753967285156,79.1875,3.121299982070923,0,0,100,10,1,
445.041,21.970247268676758,17.1563777923584,79.0625,3.121299982070923,0,0,100,10,1,
445.051,21.970247268676758,17.1563777923584,78.9375,3.121299982070923,0,0,100,10,1,
445.061,18.923770904541016,21.20619773864746,78.6875,3.121299982070923,0,0,100,10,1,
445.071,18.923770904541016,21.20619773864746,78.6875,3.121299982070923,0,0,100,10,1,
445.081,17.86220359802246,22.65998077392578,77.8125,3.121299982070923,0,0,100,10,1,
445.091,16.9278564453125,23.591951370239258,77.8125,3.121299982070923,0,0,100,10,1,
445.101,15.820337295532227,23.749996185302734,77.0625,3.121299982070923,0,0,100,10,1,
445.111,14.71025562286377,22.980937957763672,76.3125,3.121299982070923,0,0,100,10,1,
445.121,14.052989959716797,21.945232391357422,75.4375,3.121299982070923,0,0,100,10,1,
445.131,13.284530639648438,20.3765926361084,74.625,3.121299982070923,0,0,100,10,1,
445.141,12.477523803710938,18.65939712524414,73.75,3.121299982070923,0,0,100,10,1,
445.151,11.565799713134766,17.269411087036133,73,3.121299982070923,0,0,100,10,1,
445.161,10.631999969482422,15.772041320800781,72.3125,3.121299982070923,0,0,100,10,1,
445.171,9.79487419128418,13.844963073730469,71.6875,3.121299982070923,0,0,100,10,1,
445.181,8.948784828186035,11.871557235717773,71.125,3.121299982070923,0,0,100,10,1,
445.191,8.107941627502441,9.988038063049316,70.625,3.121299982070923,0,0,100,10,1,
445.201,7.18995475769043,8.19321060180664,70.1875,3.121299982070923,0,0,100,10,1,
445.211,6.281422138214111,6.575817584991455,69.75,3.121299982070923,0,0,100,10,1,
445.221,5.527754306793213,5.308362007141113,69.375,3.121299982070923,0,0,100,10,1,
445.231,4.769326210021973,3.9353349208831787,69.0625,3.121299982070923,0,0,100,10,1,
445.241,4.08227014541626,2.3475992679595947,68.6875,3.121299982070923,0,0,100,10,1,
445.251,3.5495660305023193,0.870704174041748,68.4375,3.121299982070923,0,0,100,10,1,
445.261,2.998788833618164,-0.09786063432693481,68.1875,3.121299982070923,0,0,100,10,1,
445.271,2.618006944656372,-0.8382890820503235,67.9375,3.121299982070923,0,0,100,10,1,
445.281,2.3751885890960693,-1.3742339611053467,67.6875,3.121299982070923,0,0,100,10,1,
445.291,2.0133931636810303,-2.099764108657837,67.6875,3.121299982070923,0,0,100,10,1,
445.301,1.7547146081924438,-2.6667540073394775,67.5,3.121299982070923,0,0,100,10,1,
445.311,1.5814446210861206,-3.063976526260376,67.125,3.121299982070923,0,0,100,10,1,
445.321,1.5124579668045044,-3.134774684906006,66.9375,3.121299982070923,0,0,100,10,1,
445.331,1.0693399906158447,-3.3446457386016846,66.75,3.121299982070923,0,0,100,10,1,
445.341,0.9452941417694092,-3.496227741241455,66.625,3.121299982070923,0,0,100,10,1,
445.351,0.9452941417694092,-3.496227741241455,66.625,3.121299982070923,0,0,100,10,1,
445.361,0.863042414188385,-3.5449602603912354,66.4375,3.121299982070923,0,0,100,10,1,
445.371,0.9845923781394958,-3.4429259300231934,66.375,3.121299982070923,0,0,100,10,1,
445.381,0.8860995769500732,-3.2190210819244385,66.3125,3.121299982070923,0,0,100,10,1,
445.391,0.8860995769500732,-3.070122003555298,66.3125,3.121299982070923,0,0,100,10,1,
445.401,0.8977081775665283,-3.070122003555298,66.3125,3.121299982070923,0,0,100,10,1,
445.411,0.8670129776000977,-2.84883189201355,66.3125,3.121299982070923,0,0,100,10,1,
445.421,1.0504010915756226,-2.5357344150543213,66.3125,3.121299982070923,0,0,100,10,1,
445.431,1.3360908031463623,-2.172323703765869,66.375,3.121299982070923,0,0,100,10,1,
445.441,1.685477614402771,-1.6314893960952759,66.4375,3.121299982070923,0,0,100,10,1,
445.451,1.965933084487915,-1.6314893960952759,66.4375,3.121299982070923,0,0,100,10,1,
445.461,2.1749536991119385,-1.5813719034194946,66.625,3.121299982070923,0,0,100,10,1,
445.471,2.286632537841797,-1.4948240518569946,66.6875,3.121299982070923,0,0,100,10,1,
445.481,2.62198805809021,-1.3031208515167236,66.8125,3.121299982070923,0,0,100,10,1,
445.491,2.62198805809021,-1.2996772527694702,66.9375,3.121299982070923,0,0,100,10,1,
445.501,2.726121425628662,-1.2996772527694702,66.9375,3.121299982070923,0,0,100,10,1,
445.511,2.7035446166992188,-1.3739871978759766,67.25,3.121299982070923,0,0,100,10,1,
445.521,2.5474746227264404,-1.5075650215148926,67.4375,3.121299982070923,0,0,100,10,1,
445.531,2.490727663040161,-1.7661267518997192,67.5625,3.121299982070923,0,0,100,10,1,
445.541,2.3123133182525635,-1.996241569519043,67.75,3.121299982070923,0,0,100,10,1,
445.551,2.3123133182525635,-1.996241569519043,67.75,3.121299982070923,0,0,100,10,1,
445.561,2.0619678497314453,-2.3327739238739014,68.125,3.121299982070923,0,0,100,10,1,
445.571,1.7134205102920532,-2.693787097930908,68.375,3.121299982070923,0,0,100,10,1,
445.581,1.3676989078521729,-3.094667673110962,68.625,3.121299982070923,0,0,100,10,1,
445.591,1.1237940788269043,-3.4810791015625,68.625,3.121299982070923,0,0,100,10,1,
445.601,0.865660548210144,-3.8257172107696533,68.8125,3.121299982070923,0,0,100,10,1,
445.611,0.6699068546295166,-4.139567852020264,69.3125,3.121299982070923,0,0,100,10,1,
445.621,0.4774268567562103,-4.398782253265381,69.5625,3.121299982070923,0,0,100,10,1,
445.631,0.31796693801879883,-4.629123210906982,69.875,3.121299982070923,0,0,100,10,1,
445.641,0.1534970998764038,-4.8526291847229,69.875,3.121299982070923,0,0,100,10,1,
445.651,-0.06847647577524185,-5.062673568725586,70.1875,3.121299982070923,0,0,100,10,1,
445.661,-0.3200863003730774,-5.2527008056640625,70.75,3.121299982070923,0,0,100,10,1,
445.671,-0.4078047573566437,-5.366480350494385,71.125,3.121299982070923,0,0,100,10,1,
445.681,-0.5301874876022339,-5.501847267150879,71.4375,3.121299982070923,0,0,100,10,1,
445.691,-0.7460234761238098,-5.71660852432251,71.4375,3.121299982070923,0,0,100,10,1,
445.701,-0.9354516863822937,-5.803112506866455,71.75,3.121299982070923,0,0,100,10,1,
445.711,-1.1197848320007324,-5.87830924987793,72.4375,3.121299982070923,0,0,100,10,1,
445.721,-1.2729099988937378,-5.914480209350586,72.8125,3.121299982070923,0,0,100,10,1,
445.731,-1.366111397743225,-5.86533784866333,73.1875,3.121299982070923,0,0,100,10,1,
445.741,-1.4662665128707886,-5.870050430297852,73.1875,3.121299982070923,0,0,100,10,1,
445.751,-1.602882981300354,-5.861151218414307,73.5625,3.121299982070923,0,0,100,10,1,
445.761,-1.6707271337509155,-5.806251525878906,74.3125,3.121299982070923,0,0,100,10,1,
445.771,-1.6452481746673584,-5.683168888092041,74.75,3.121299982070923,0,0,100,10,1,
445.781,-1.6191461086273193,-5.662574291229248,75.1875,3.121299982070923,0,0,100,10,1,
445.791,-1.5988881587982178,-5.579338550567627,75.1875,3.121299982070923,0,0,100,10,1,
445.801,-1.5592527389526367,-5.534580707550049,75.5625,3.121299982070923,0,0,100,10,1,
445.811,-1.4270012378692627,-5.476768493652344,76.3125,3.121299982070923,0,0,100,10,1,
445.821,-1.3951451778411865,-5.440690994262695,76.75,3.121299982070923,0,0,100,10,1,
445.831,-1.3523441553115845,-5.410059452056885,77.1875,3.121299982070923,0,0,100,10,1,
445.841,-1.2279417514801025,-5.5022454261779785,77.1875,3.121299982070923,0,0,100,10,1,
445.851,-1.119202733039856,-5.510764122009277,77.5625,3.121299982070923,0,0,100,10,1,
445.861,-0.9660530090332031,-5.510395526885986,78.3125,3.121299982070923,0,0,100,10,1,
445.871,-0.9343780875205994,-5.553493499755859,78.75,3.121299982070923,0,0,100,10,1,
445.881,-0.895397424697876,-5.623326301574707,79.125,3.121299982070923,0,0,100,10,1,
445.891,-0.860152006149292,-5.692850112915039,79.125,3.121299982070923,0,0,100,10,1,
445.901,-0.7257552146911621,-5.7276692390441895,79.5,3.121299982070923,0,0,100,10,1,
445.911,-0.6880085468292236,-5.780973434448242,80.25,3.121299982070923,0,0,100,10,1,
445.921,-0.6954342126846313,-5.840884685516357,80.5625,3.121299982070923,0,0,100,10,1,
445.931,-0.7340437769889832,-5.951191425323486,80.9375,3.121299982070923,0,0,100,10,1,
445.941,-0.7485285997390747,-6.059299945831299,80.9375,3.121299982070923,0,0,100,10,1,
445.951,-0.8523484468460083,-6.0975422859191895,81.25,3.121299982070923,0,0,100,10,1,
445.961,-0.8162544369697571,-6.1768879890441895,81.875,3.121299982070923,0,0,100,10,1,
445.971,-0.7913445234298706,-6.23134183883667,82.25,3.121299982070923,0,0,100,10,1,
445.981,-0.856924831867218,-6.327579975128174,82.5625,3.121299982070923,0,0,100,10,1,
445.991,-0.9190993905067444,-6.3812336921691895,82.5625,3.121299982070923,0,0,100,10,1,
446.001,-0.9531291723251343,-6.455611228942871,82.8125,3.121299982070923,0,0,100,10,1,
446.011,-0.9212856888771057,-6.523769855499268,83.375,3.121299982070923,0,0,100,10,1,
446.021,-1.0749858617782593,-6.550687313079834,83.625,3.121299982070923,0,0,100,10,1,
446.031,-1.1281927824020386,-6.54439115524292,83.875,3.121299982070923,0,0,100,10,1,
446.041,-1.1009576320648193,-6.545879364013672,83.875,3.121299982070923,0,0,100,10,1,
446.051,-1.1237207651138306,-6.485995292663574,84.125,3.121299982070923,0,0,100,10,1,
446.061,-1.2239686250686646,-6.435113430023193,84.5625,3.121299982070923,0,0,100,10,1,
446.071,-1.4420125484466553,-6.320340156555176,84.75,3.121299982070923,0,0,100,10,1,
446.081,-1.5651265382766724,-6.132237434387207,84.9375,3.121299982070923,0,0,100,10,1,
446.091,-1.629470705986023,-5.967774868011475,84.9375,3.121299982070923,0,0,100,10,1,
446.101,-1.5856965780258179,-5.738964557647705,85.125,3.121299982070923,0,0,100,10,1,
446.111,-1.6752337217330933,-5.513282299041748,85.4375,3.121299982070923,0,0,100,10,1,
446.121,-1.63986337184906,-5.284656524658203,85.5625,3.121299982070923,0,0,100,10,1,
446.131,-1.6279091835021973,-5.046285629272461,85.75,3.121299982070923,0,0,100,10,1,
446.141,-1.7524619102478027,-4.8293867111206055,85.75,3.121299982070923,0,0,100,10,1,
446.151,-1.737226128578186,-4.577451705932617,85.875,3.121299982070923,0,0,100,10,1,
446.161,-1.6927270889282227,-4.373656272888184,86.0625,3.121299982070923,0,0,100,10,1,
446.171,-1.7804750204086304,-4.179574489593506,86.1875,3.121299982070923,0,0,100,10,1,
446.181,-1.9134447574615479,-4.014739036560059,86.3125,3.121299982070923,0,0,100,10,1,
446.191,-1.940551519393921,-3.839826822280884,86.3125,3.121299982070923,0,0,100,10,1,
446.201,-1.827051043510437,-3.6089913845062256,86.375,3.121299982070923,0,0,100,10,1,
446.211,-1.804254412651062,-3.4272043704986572,86.5,3.121299982070923,0,0,100,10,1,
446.221,-1.790513277053833,-3.2930655479431152,86.5625,3.121299982070923,0,0,100,10,1,
446.231,-1.7924211025238037,-3.120377540588379,86.625,3.121299982070923,0,0,100,10,1,
446.241,-1.694117546081543,-2.916139841079712,86.625,3.121299982070923,0,0,100,10,1,
446.251,-1.76292884349823,-2.805957078933716,86.6875,3.121299982070923,0,0,100,10,1,
446.261,-1.7519845962524414,-2.6720125675201416,86.75,3.121299982070923,0,0,100,10,1,
446.271,-1.881213665008545,-2.55001163482666,86.75,3.121299982070923,0,0,100,10,1,
446.281,-1.8479193449020386,-2.4099998474121094,86.8125,3.121299982070923,0,0,100,10,1,
446.291,-1.9912004470825195,-2.3223822116851807,86.8125,3.121299982070923,0,0,100,10,1,
446.301,-2.0857350826263428,-2.2458817958831787,86.8125,3.121299982070923,0,0,100,10,1,
446.311,-2.208411455154419,-2.187467575073242,86.8125,3.121299982070923,0,0,100,10,1,
446.321,-2.2637763023376465,-2.09252667427063,86.8125,3.121299982070923,0,0,100,10,1,
446.331,-2.4844672679901123,-2.063258647918701,86.8125,3.121299982070923,0,0,100,10,1,
446.341,-2.794721841812134,-2.082441806793213,86.8125,3.121299982070923,0,0,100,10,1,
446.351,-2.939927816390991,-1.9850760698318481,86.75,3.121299982070923,0,0,100,10,1,
446.361,-2.9406657218933105,-1.8988921642303467,86.75,3.121299982070923,0,0,100,10,1,
446.371,-2.7785935401916504,-1.8061834573745728,86.6875,3.121299982070923,0,0,100,10,1,
446.381,-2.906525135040283,-1.782588243484497,86.6875,3.121299982070923,0,0,100,10,1,
446.391,-2.8585004806518555,-1.7409034967422485,86.625,3.121299982070923,0,0,100,10,1,
446.401,-2.790642023086548,-1.7224420309066772,86.5625,3.121299982070923,0,0,100,10,1,
446.411,-2.7470216751098633,-1.7721737623214722,86.5625,3.121299982070923,0,0,100,10,1,
446.421,-2.7865519523620605,-1.8157426118850708,86.5,3.121299982070923,0,0,100,10,1,
446.431,-3.0458273887634277,-1.9650766849517822,86.4375,3.121299982070923,0,0,100,10,1,
446.441,-3.2200241088867188,-2.112623691558838,86.375,3.121299982070923,0,0,100,10,1,
446.451,-3.493953227996826,-2.2545971870422363,86.3125,3.121299982070923,0,0,100,10,1,
446.461,-3.5974979400634766,-2.3735668659210205,86.25,3.121299982070923,0,0,100,10,1,
446.471,-3.7524781227111816,-2.4920246601104736,86.1875,3.121299982070923,0,0,100,10,1,
446.481,-3.8927512168884277,-2.610380172729492,86.125,3.121299982070923,0,0,100,10,1,
446.491,-3.9789023399353027,-2.7220141887664795,86,3.121299982070923,0,0,100,10,1,
446.501,-4.14409875869751,-2.860772132873535,85.9375,3.121299982070923,0,0,100,10,1,
446.511,-4.161877632141113,-2.954930067062378,85.875,3.121299982070923,0,0,100,10,1,
446.521,-4.191450119018555,-3.0458385944366455,85.75,3.121299982070923,0,0,100,10,1,
446.531,-4.24531364440918,-3.1384968757629395,85.6875,3.121299982070923,0,0,100,10,1,
446.541,-4.3054728507995605,-3.181307554244995,85.625,3.121299982070923,0,0,100,10,1,
446.551,-4.138619899749756,-3.2430179119110107,85.5,3.121299982070923,0,0,100,10,1,
446.561,-4.029114723205566,-3.3841419219970703,85.4375,3.121299982070923,0,0,100,10,1,
446.571,-3.8783819675445557,-3.4131929874420166,85.375,3.121299982070923,0,0,100,10,1,
446.581,-3.765218734741211,-3.440237045288086,85.25,3.121299982070923,0,0,100,10,1,
446.591,-3.6073360443115234,-3.3859548568725586,85.1875,3.121299982070923,0,0,100,10,1,
446.601,-3.3505125045776367,-3.3438315391540527,85.0625,3.121299982070923,0,0,100,10,1,
446.611,-3.162806749343872,-3.254612445831299,85,3.121299982070923,0,0,100,10,1,
446.621,-2.892073154449463,-3.2573702335357666,84.875,3.121299982070923,0,0,100,10,1,
446.631,-2.6557576656341553,-3.2076079845428467,84.8125,3.121299982070923,0,0,100,10,1,
446.641,-2.5239171981811523,-3.2043051719665527,84.6875,3.121299982070923,0,0,100,10,1,
446.651,-2.2982354164123535,-3.0253992080688477,84.625,3.121299982070923,0,0,100,10,1,
446.661,-2.097299337387085,-2.8439860343933105,84.5,3.121299982070923,0,0,100,10,1,
446.671,-1.709830403327942,-2.6163060665130615,84.4375,3.121299982070923,0,0,100,10,1,
446.681,-1.3921310901641846,-2.4481923580169678,84.3125,3.121299982070923,0,0,100,10,1,
446.691,-1.167972445487976,-2.2693569660186768,84.25,3.121299982070923,0,0,100,10,1,
446.701,-0.8649043440818787,-2.133810520172119,84.1875,3.121299982070923,0,0,100,10,1,
446.711,-0.673371434211731,-2.0856220722198486,84.0625,3.121299982070923,0,0,100,10,1,
446.721,-0.562351405620575,-2.134464740753174,84,3.121299982070923,0,0,100,10,1,
446.731,-0.43999576568603516,-2.194483757019043,83.875,3.121299982070923,0,0,100,10,1,
446.741,-0.3022839426994324,-2.1787776947021484,83.8125,3.121299982070923,0,0,100,10,1,
446.751,-0.1689833700656891,-2.14933705329895,83.75,3.121299982070923,0,0,100,10,1,
446.761,-0.1714579164981842,-2.189488172531128,83.625,3.121299982070923,0,0,100,10,1,
446.771,-0.23568716645240784,-2.132160186767578,83.5625,3.121299982070923,0,0,100,10,1,
446.781,-0.3107142150402069,-2.148728847503662,83.5,3.121299982070923,0,0,100,10,1,
446.791,-0.4284183382987976,-2.169679880142212,83.4375,3.121299982070923,0,0,100,10,1,
446.801,-0.5634720921516418,-2.1672203540802,83.3125,3.121299982070923,0,0,100,10,1,
446.811,-0.758054792881012,-2.1454546451568604,83.25,3.121299982070923,0,0,100,10,1,
446.821,-1.0457532405853271,-2.153968334197998,83.1875,3.121299982070923,0,0,100,10,1,
446.831,-1.2712794542312622,-2.122270345687866,83.125,3.121299982070923,0,0,100,10,1,
446.841,-1.4499754905700684,-2.1201772689819336,83.0625,3.121299982070923,0,0,100,10,1,
446.851,-1.7310762405395508,-2.0398194789886475,83,3.121299982070923,0,0,100,10,1,
446.861,-2.144426107406616,-1.9205904006958008,82.9375,3.121299982070923,0,0,100,10,1,
446.871,-2.562241792678833,-1.9202672243118286,82.875,3.121299982070923,0,0,100,10,1,
446.881,-2.862408399581909,-1.9276350736618042,82.875,3.121299982070923,0,0,100,10,1,
446.891,-3.0690808296203613,-1.9256269931793213,82.8125,3.121299982070923,0,0,100,10,1,
446.901,-3.2846717834472656,-1.827130675315857,82.75,3.121299982070923,0,0,100,10,1,
446.911,-3.41005277633667,-1.7664084434509277,82.6875,3.121299982070923,0,0,100,10,1,
446.921,-3.5422143936157227,-1.7250683307647705,82.6875,3.121299982070923,0,0,100,10,1,
446.931,-3.635929822921753,-1.678727388381958,82.625,3.121299982070923,0,0,100,10,1,
446.941,-3.52575421333313,-1.5845026969909668,82.625,3.121299982070923,0,0,100,10,1,
446.951,-3.342451333999634,-1.470610499382019,82.5625,3.121299982070923,0,0,100,10,1,
446.961,-3.1962833404541016,-1.3549201488494873,82.5625,3.121299982070923,0,0,100,10,1,
446.971,-3.033888816833496,-1.2814065217971802,82.5625,3.121299982070923,0,0,100,10,1,
446.981,-2.913689613342285,-1.1963497400283813,82.5625,3.121299982070923,0,0,100,10,1,
446.991,-2.756869077682495,-1.0938849449157715,82.5625,3.121299982070923,0,0,100,10,1,
447.001,-2.5349528789520264,-1.007770299911499,82.5625,3.121299982070923,0,0,100,10,1,
447.011,-2.415510892868042,-0.9300721287727356,82.5625,3.121299982070923,0,0,100,10,1,
447.021,-2.3293256759643555,-0.8855023980140686,82.5625,3.121299982070923,0,0,100,10,1,
447.031,-2.22265887260437,-0.8681132793426514,82.5625,3.121299982070923,0,0,100,10,1,
447.041,-2.136810541152954,-0.8905099630355835,82.5625,3.121299982070923,0,0,100,10,1,
447.051,-2.0604474544525146,-0.9347898364067078,82.5625,3.121299982070923,0,0,100,10,1,
447.061,-1.9173448085784912,-0.9432159066200256,82.625,3.121299982070923,0,0,100,10,1,
447.071,-1.7739943265914917,-0.9708492159843445,82.625,3.121299982070923,0,0,100,10,1,
447.081,-1.660072684288025,-1.0017765760421753,82.6875,3.121299982070923,0,0,100,10,1,
447.091,-1.5305973291397095,-1.0404411554336548,82.6875,3.121299982070923,0,0,100,10,1,
447.101,-1.3876566886901855,-1.0837887525558472,82.75,3.121299982070923,0,0,100,10,1,
447.111,-1.3444100618362427,-1.1415468454360962,82.8125,3.121299982070923,0,0,100,10,1,
447.121,-1.2525659799575806,-1.185279369354248,82.8125,3.121299982070923,0,0,100,10,1,
447.131,-1.1437417268753052,-1.185804843902588,82.875,3.121299982070923,0,0,100,10,1,
447.141,-1.07296884059906,-1.227919340133667,82.9375,3.121299982070923,0,0,100,10,1,
447.151,-0.9581819176673889,-1.2908612489700317,83,3.121299982070923,0,0,100,10,1,
447.161,-0.815774142742157,-1.3675501346588135,83.0625,3.121299982070923,0,0,100,10,1,
447.171,-0.8065738081932068,-1.4340227842330933,83.125,3.121299982070923,0,0,100,10,1,
447.181,-0.8157739639282227,-1.5669143199920654,83.1875,3.121299982070923,0,0,100,10,1,
447.191,-0.805197536945343,-1.6033251285552979,83.25,3.121299982070923,0,0,100,10,1,
447.201,-0.7898464798927307,-1.574808955192566,83.3125,3.121299982070923,0,0,100,10,1,
447.211,-0.7725783586502075,-1.5607250928878784,83.375,3.121299982070923,0,0,100,10,1,
447.221,-0.7741680145263672,-1.5210398435592651,83.4375,3.121299982070923,0,0,100,10,1,
447.231,-0.9051473736763,-1.4841233491897583,83.5625,3.121299982070923,0,0,100,10,1,
447.241,-1.0372288227081299,-1.5195772647857666,83.625,3.121299982070923,0,0,100,10,1,
447.251,-1.1687711477279663,-1.604350209236145,83.6875,3.121299982070923,0,0,100,10,1,
447.261,-1.2294355630874634,-1.6407729387283325,83.75,3.121299982070923,0,0,100,10,1,
447.271,-1.3432269096374512,-1.6209286451339722,83.875,3.121299982070923,0,0,100,10,1,
447.281,-1.330456256866455,-1.6422760486602783,83.9375,3.121299982070923,0,0,100,10,1,
447.291,-1.3636635541915894,-1.6602532863616943,84.0625,3.121299982070923,0,0,100,10,1,
447.301,-1.4345285892486572,-1.678205966949463,84.0625,3.121299982070923,0,0,100,10,1,
447.311,-1.2852777242660522,-1.6443132162094116,84.125,3.121299982070923,0,0,100,10,1,
447.321,-1.1520015001296997,-1.5682111978530884,84.375,3.121299982070923,0,0,100,10,1,
447.331,-1.0019620656967163,-1.5263217687606812,84.5,3.121299982070923,0,0,100,10,1,
447.341,-0.9094047546386719,-1.4610583782196045,84.5625,3.121299982070923,0,0,100,10,1,
447.351,-0.9202948808670044,-1.3960881233215332,84.5625,3.121299982070923,0,0,100,10,1,
447.361,-0.7544125318527222,-1.3189160823822021,84.6875,3.121299982070923,0,0,100,10,1,
447.371,-0.5970739722251892,-1.2120139598846436,84.875,3.121299982070923,0,0,100,10,1,
447.381,-0.5311211347579956,-1.1123390197753906,85,3.121299982070923,0,0,100,10,1,
447.391,-0.4550444781780243,-1.0501033067703247,85.125,3.121299982070923,0,0,100,10,1,
447.401,-0.43329092860221863,-0.9786529541015625,85.125,3.121299982070923,0,0,100,10,1,
447.411,-0.48410525918006897,-0.8789111971855164,85.1875,3.121299982070923,0,0,100,10,1,
447.421,-0.5338436961174011,-0.7938470840454102,85.375,3.121299982070923,0,0,100,10,1,
447.431,-0.5468429327011108,-0.7522927522659302,85.5,3.121299982070923,0,0,100,10,1,
447.441,-0.5828011631965637,-0.7481626272201538,85.625,3.121299982070923,0,0,100,10,1,
447.451,-0.7384094595909119,-0.7566477060317993,85.625,3.121299982070923,0,0,100,10,1,
447.461,-0.8902779817581177,-0.7647939324378967,85.75,3.121299982070923,0,0,100,10,1,
447.471,-0.9717143774032593,-0.7938058972358704,85.9375,3.121299982070923,0,0,100,10,1,
447.481,-1.0420078039169312,-0.7198856472969055,86.0625,3.121299982070923,0,0,100,10,1,
447.491,-1.088587999343872,-0.7120712399482727,86.1875,3.121299982070923,0,0,100,10,1,
447.501,-1.216111421585083,-0.749634325504303,86.1875,3.121299982070923,0,0,100,10,1,
447.511,-1.303931474685669,-0.7605533599853516,86.25,3.121299982070923,0,0,100,10,1,
447.521,-1.2824889421463013,-0.7854744791984558,86.4375,3.121299982070923,0,0,100,10,1,
447.531,-1.2092171907424927,-0.7522043585777283,86.5625,3.121299982070923,0,0,100,10,1,
447.541,-1.1318520307540894,-0.7541162967681885,86.6875,3.121299982070923,0,0,100,10,1,
447.551,-1.0132359266281128,-0.8077181577682495,86.6875,3.121299982070923,0,0,100,10,1,
447.561,-0.9409094452857971,-0.8498570322990417,86.75,3.121299982070923,0,0,100,10,1,
447.571,-0.8673697113990784,-0.9413144588470459,86.9375,3.121299982070923,0,0,100,10,1,
447.581,-0.7497705221176147,-0.9660562872886658,87.0625,3.121299982070923,0,0,100,10,1,
447.591,-0.7156926393508911,-0.9524469971656799,87.1875,3.121299982070923,0,0,100,10,1,
447.601,-0.6092771291732788,-0.992163360118866,87.1875,3.121299982070923,0,0,100,10,1,
447.611,-0.513516902923584,-1.0295169353485107,87.25,3.121299982070923,0,0,100,10,1,
447.621,-0.40257319808006287,-1.0181299448013306,87.4375,3.121299982070923,0,0,100,10,1,
447.631,-0.2639846205711365,-1.0115927457809448,87.5625,3.121299982070923,0,0,100,10,1,
447.641,-0.21637751162052155,-0.9676650762557983,87.625,3.121299982070923,0,0,100,10,1,
447.651,-0.14212515950202942,-0.9013439416885376,87.625,3.121299982070923,0,0,100,10,1,
447.661,-0.08592814207077026,-0.893950343132019,87.6875,3.121299982070923,0,0,100,10,1,
447.671,-0.04677346348762512,-0.9027966856956482,87.875,3.121299982070923,0,0,100,10,1,
447.681,0.10061009228229523,-0.9283485412597656,87.9375,3.121299982070923,0,0,100,10,1,
447.691,0.18584083020687103,-0.9496709108352661,88,3.121299982070923,0,0,100,10,1,
447.701,0.18785305321216583,-0.9024063944816589,88,3.121299982070923,0,0,100,10,1,
447.711,0.24407121539115906,-0.9092625975608826,88.0625,3.121299982070923,0,0,100,10,1,
447.721,0.2929342985153198,-0.9440705180168152,88.1875,3.121299982070923,0,0,100,10,1,
447.731,0.34835493564605713,-0.9626830816268921,88.3125,3.121299982070923,0,0,100,10,1,
447.741,0.46581757068634033,-0.9446337819099426,88.3125,3.121299982070923,0,0,100,10,1,
447.751,0.5375909805297852,-0.9668954610824585,88.3125,3.121299982070923,0,0,100,10,1,
447.761,0.5635949969291687,-0.9309497475624084,88.375,3.121299982070923,0,0,100,10,1,
447.771,0.5459446907043457,-0.9130178093910217,88.5,3.121299982070923,0,0,100,10,1,
447.781,0.44973883032798767,-0.869406521320343,88.5,3.121299982070923,0,0,100,10,1,
447.791,0.3805820345878601,-0.7909701466560364,88.5625,3.121299982070923,0,0,100,10,1,
447.801,0.35062068700790405,-0.7372134327888489,88.5625,3.121299982070923,0,0,100,10,1,
447.811,0.29545164108276367,-0.6854965686798096,88.625,3.121299982070923,0,0,100,10,1,
447.821,0.14561444520950317,-0.5850249528884888,88.6875,3.121299982070923,0,0,100,10,1,
447.831,0.03769581392407417,-0.4838030934333801,88.75,3.121299982070923,0,0,100,10,1,
447.841,-0.002358250319957733,-0.3182441294193268,88.75,3.121299982070923,0,0,100,10,1,
447.851,-0.027904026210308075,-0.20173153281211853,88.75,3.121299982070923,0,0,100,10,1,
447.861,-0.09982866048812866,-0.060700222849845886,88.8125,3.121299982070923,0,0,100,10,1,
447.871,-0.16331414878368378,0.014478057622909546,88.875,3.121299982070923,0,0,100,10,1,
447.881,-0.15012210607528687,0.1731545627117157,88.875,3.121299982070923,0,0,100,10,1,
447.891,-0.18659479916095734,0.29422590136528015,88.9375,3.121299982070923,0,0,100,10,1,
447.901,-0.223322331905365,0.34916257858276367,88.9375,3.121299982070923,0,0,100,10,1,
447.911,-0.25016269087791443,0.42504748702049255,88.9375,3.121299982070923,0,0,100,10,1,
447.921,-0.3061625063419342,0.5007634162902832,89.0625,3.121299982070923,0,0,100,10,1,
447.931,-0.3892022669315338,0.5211028456687927,89.0625,3.121299982070923,0,0,100,10,1,
447.941,-0.38772305846214294,0.5584577322006226,89.125,3.121299982070923,0,0,100,10,1,
447.951,-0.4368569552898407,0.5846482515335083,89.125,3.121299982070923,0,0,100,10,1,
447.961,-0.4479811489582062,0.6251766085624695,89.125,3.121299982070923,0,0,100,10,1,
447.971,-0.40117132663726807,0.6331019401550293,89.1875,3.121299982070923,0,0,100,10,1,
447.981,-0.33442848920822144,0.6438107490539551,89.25,3.121299982070923,0,0,100,10,1,
447.991,-0.21735456585884094,0.6646448373794556,89.25,3.121299982070923,0,0,100,10,1,
448.001,-0.10883498191833496,0.6886058449745178,89.25,3.121299982070923,0,0,100,10,1,
448.011,-0.02106316387653351,0.6852511763572693,89.3125,3.121299982070923,0,0,100,10,1,
448.021,0.04649040102958679,0.6726900935173035,89.375,3.121299982070923,0,0,100,10,1,
448.031,0.1477573662996292,0.6254495978355408,89.375,3.121299982070923,0,0,100,10,1,
448.041,0.20114736258983612,0.6263704299926758,89.4375,3.121299982070923,0,0,100,10,1,
448.051,0.22913190722465515,0.6714826226234436,89.4375,3.121299982070923,0,0,100,10,1,
448.061,0.3123829662799835,0.6880178451538086,89.4375,3.121299982070923,0,0,100,10,1,
448.071,0.3893345892429352,0.6927762627601624,89.5,3.121299982070923,0,0,100,10,1,
448.081,0.4541100263595581,0.7292943596839905,89.5625,3.121299982070923,0,0,100,10,1,
448.091,0.4436861574649811,0.7668413519859314,89.5625,3.121299982070923,0,0,100,10,1,
448.101,0.4091094136238098,0.7954199314117432,89.5625,3.121299982070923,0,0,100,10,1,
448.111,0.4654577374458313,0.8781135678291321,89.625,3.121299982070923,0,0,100,10,1,
448.121,0.5917587876319885,0.849527895450592,89.6875,3.121299982070923,0,0,100,10,1,
448.131,0.5304869413375854,0.8061270117759705,89.6875,3.121299982070923,0,0,100,10,1,
448.141,0.5320128202438354,0.8088992238044739,89.75,3.121299982070923,0,0,100,10,1,
448.151,0.5437279939651489,0.7989895343780518,89.75,3.121299982070923,0,0,100,10,1,
448.161,0.519648551940918,0.7600229978561401,89.75,3.121299982070923,0,0,100,10,1,
448.171,0.43661895394325256,0.7738017439842224,89.8125,3.121299982070923,0,0,100,10,1,
448.181,0.3264871835708618,0.7733706831932068,89.875,3.121299982070923,0,0,100,10,1,
448.191,0.27999556064605713,0.7729597687721252,89.9375,3.121299982070923,0,0,100,10,1,
448.201,0.22607621550559998,0.782826840877533,89.9375,3.121299982070923,0,0,100,10,1,
448.211,0.2489449679851532,0.7714325785636902,89.9375,3.121299982070923,0,0,100,10,1,
448.221,0.2502782940864563,0.7384119033813477,90,3.121299982070923,0,0,100,10,1,
448.231,0.26956233382225037,0.7506315112113953,90,3.121299982070923,0,0,100,10,1,
448.241,0.23542116582393646,0.8024856448173523,90.0625,3.121299982070923,0,0,100,10,1,
448.251,0.29004204273223877,0.7934444546699524,90.0625,3.121299982070923,0,0,100,10,1,
448.261,0.29204070568084717,0.8180558085441589,90.125,3.121299982070923,0,0,100,10,1,
448.271,0.3074978291988373,0.8532357811927795,90.125,3.121299982070923,0,0,100,10,1,
448.281,0.26464563608169556,0.8605545163154602,90.1875,3.121299982070923,0,0,100,10,1,
448.291,0.3039582371711731,0.8973796963691711,90.1875,3.121299982070923,0,0,100,10,1,
448.301,0.33753910660743713,0.9777005910873413,90.1875,3.121299982070923,0,0,100,10,1,
448.311,0.3497757017612457,0.9938526749610901,90.1875,3.121299982070923,0,0,100,10,1,
448.321,0.3303929567337036,0.9722805619239807,90.25,3.121299982070923,0,0,100,10,1,
448.331,0.31501320004463196,1.0045286417007446,90.25,3.121299982070923,0,0,100,10,1,
448.341,0.2441253513097763,1.0329959392547607,90.25,3.121299982070923,0,0,100,10,1,
448.351,0.3239739239215851,1.1115559339523315,90.25,3.121299982070923,0,0,100,10,1,
448.361,0.47320646047592163,1.1999841928482056,90.3125,3.121299982070923,0,0,100,10,1,
448.371,0.4956308603286743,1.2223347425460815,90.3125,3.121299982070923,0,0,100,10,1,
448.381,0.5471608638763428,1.3360342979431152,90.3125,3.121299982070923,0,0,100,10,1,
448.391,0.6391655206680298,1.4216409921646118,90.375,3.121299982070923,0,0,100,10,1,
448.401,0.5716537833213806,1.5059322118759155,90.375,3.121299982070923,0,0,100,10,1,
448.411,0.5721334218978882,1.6209031343460083,90.375,3.121299982070923,0,0,100,10,1,
448.421,0.6319806575775146,1.6843229532241821,90.375,3.121299982070923,0,0,100,10,1,
448.431,0.5140053629875183,1.7902581691741943,90.375,3.121299982070923,0,0,100,10,1,
448.441,0.39492127299308777,1.884052038192749,90.375,3.121299982070923,0,0,100,10,1,
448.451,0.34928739070892334,1.9476945400238037,90.4375,3.121299982070923,0,0,100,10,1,
448.461,0.2192508429288864,2.0444250106811523,90.4375,3.121299982070923,0,0,100,10,1,
448.471,0.14922621846199036,2.133378028869629,90.4375,3.121299982070923,0,0,100,10,1,
448.481,0.03999324142932892,2.279914140701294,90.4375,3.121299982070923,0,0,100,10,1,
448.491,0.017490210011601448,2.415635347366333,90.4375,3.121299982070923,0,0,100,10,1,
448.501,-0.10953040421009064,2.4877054691314697,90.4375,3.121299982070923,0,0,100,10,1,
448.511,-0.28443852066993713,2.5037927627563477,90.4375,3.121299982070923,0,0,100,10,1,
448.521,-0.3318319618701935,2.560558319091797,90.4375,3.121299982070923,0,0,100,10,1,
448.531,-0.34555432200431824,2.581254482269287,90.4375,3.121299982070923,0,0,100,10,1,
448.541,-0.36790013313293457,2.6052777767181396,90.4375,3.121299982070923,0,0,100,10,1,
448.551,-0.3099289834499359,2.646777629852295,90.4375,3.121299982070923,0,0,100,10,1,
448.561,-0.26646339893341064,2.72015380859375,90.4375,3.121299982070923,0,0,100,10,1,
448.571,-0.18903964757919312,2.748457908630371,90.4375,3.121299982070923,0,0,100,10,1,
448.581,-0.10417040437459946,2.775071382522583,90.4375,3.121299982070923,0,0,100,10,1,
448.591,-0.06518562138080597,2.7338569164276123,90.4375,3.121299982070923,0,0,100,10,1,
448.601,-0.04844943434000015,2.6508712768554688,90.4375,3.121299982070923,0,0,100,10,1,
448.611,-0.061107560992240906,2.557074546813965,90.4375,3.121299982070923,0,0,100,10,1,
448.621,-0.09369294345378876,2.497668504714966,90.4375,3.121299982070923,0,0,100,10,1,
448.631,-0.1294635832309723,2.4421868324279785,90.4375,3.121299982070923,0,0,100,10,1,
448.641,-0.21613019704818726,2.4501216411590576,90.4375,3.121299982070923,0,0,100,10,1,
448.651,-0.39626678824424744,2.366511344909668,90.5,3.121299982070923,0,0,100,10,1,
448.661,-0.5600529909133911,2.3102550506591797,90.5,3.121299982070923,0,0,100,10,1,
448.671,-0.6743661761283875,2.186389207839966,90.5,3.121299982070923,0,0,100,10,1,
448.681,-0.8119412660598755,2.1522738933563232,90.5,3.121299982070923,0,0,100,10,1,
448.691,-0.9048591256141663,2.1432526111602783,90.5,3.121299982070923,0,0,100,10,1,
448.701,-1.0959752798080444,2.1550536155700684,90.5625,3.121299982070923,0,0,100,10,1,
448.711,-1.3348650932312012,2.1585772037506104,90.5625,3.121299982070923,0,0,100,10,1,
448.721,-1.3448915481567383,2.170140504837036,90.5625,3.121299982070923,0,0,100,10,1,
448.731,-1.3199657201766968,2.1803059577941895,90.625,3.121299982070923,0,0,100,10,1,
448.741,-1.3270933628082275,2.2559280395507812,90.625,3.121299982070923,0,0,100,10,1,
448.751,-1.1321367025375366,2.3387303352355957,90.6875,3.121299982070923,0,0,100,10,1,
448.761,-0.9758490920066833,2.4752602577209473,90.6875,3.121299982070923,0,0,100,10,1,
448.771,-0.7754387259483337,2.5922863483428955,90.75,3.121299982070923,0,0,100,10,1,
448.781,-0.52778160572052,2.801170825958252,90.75,3.121299982070923,0,0,100,10,1,
448.791,-0.30663782358169556,2.876399278640747,90.8125,3.121299982070923,0,0,100,10,1,
448.801,-0.11843672394752502,2.9944381713867188,90.8125,3.121299982070923,0,0,100,10,1,
448.811,0.10220818221569061,3.1063263416290283,90.875,3.121299982070923,0,0,100,10,1,
448.821,0.2876514494419098,3.308300256729126,90.9375,3.121299982070923,0,0,100,10,1,
448.831,0.5408468842506409,3.4843595027923584,91,3.121299982070923,0,0,100,10,1,
448.841,0.7766565680503845,3.5823819637298584,91.0625,3.121299982070923,0,0,100,10,1,
448.851,0.8778092861175537,3.649785041809082,91.125,3.121299982070923,0,0,100,10,1,
448.861,1.0023367404937744,3.6989786624908447,91.1875,3.121299982070923,0,0,100,10,1,
448.871,1.0221664905548096,3.6717114448547363,91.25,3.121299982070923,0,0,100,10,1,
448.881,1.089984655380249,3.6070165634155273,91.3125,3.121299982070923,0,0,100,10,1,
448.891,1.0578230619430542,3.565079927444458,91.4375,3.121299982070923,0,0,100,10,1,
448.901,0.9941418170928955,3.4660966396331787,91.5,3.121299982070923,0,0,100,10,1,
448.911,0.8258981108665466,3.319810628890991,91.625,3.121299982070923,0,0,100,10,1,
448.921,0.7681739330291748,3.1647887229919434,91.6875,3.121299982070923,0,0,100,10,1,
448.931,0.733694851398468,3.0811898708343506,91.8125,3.121299982070923,0,0,100,10,1,
448.941,0.7553325295448303,2.9300172328948975,91.9375,3.121299982070923,0,0,100,10,1,
448.951,0.6683509349822998,2.7138044834136963,92,3.121299982070923,0,0,100,10,1,
448.961,0.6295997500419617,2.6274304389953613,92.125,3.121299982070923,0,0,100,10,1,
448.971,0.4848141670227051,2.499300479888916,92.25,3.121299982070923,0,0,100,10,1,
448.981,0.45736631751060486,2.354738235473633,92.3125,3.121299982070923,0,0,100,10,1,
448.991,0.6250884532928467,2.2840607166290283,92.4375,3.121299982070923,0,0,100,10,1,
449.001,0.4425310492515564,2.1766269207000732,92.5625,3.121299982070923,0,0,100,10,1,
449.011,0.4352898597717285,2.072807550430298,92.6875,3.121299982070923,0,0,100,10,1,
449.021,0.42075785994529724,1.9509602785110474,92.75,3.121299982070923,0,0,100,10,1,
449.031,0.44482260942459106,1.9569545984268188,92.875,3.121299982070923,0,0,100,10,1,
449.041,0.5476013422012329,1.898136854171753,93,3.121299982070923,0,0,100,10,1,
449.051,0.4316691756248474,1.7947800159454346,93.125,3.121299982070923,0,0,100,10,1,
449.061,0.18139225244522095,1.6656060218811035,93.25,3.121299982070923,0,0,100,10,1,
449.071,-0.008804097771644592,1.5911574363708496,93.3125,3.121299982070923,0,0,100,10,1,
449.081,-0.11779090762138367,1.5288749933242798,93.4375,3.121299982070923,0,0,100,10,1,
449.091,-0.15454363822937012,1.4864312410354614,93.5625,3.121299982070923,0,0,100,10,1,
449.101,-0.35937222838401794,1.4899392127990723,93.625,3.121299982070923,0,0,100,10,1,
449.111,-0.6812681555747986,1.5475890636444092,93.75,3.121299982070923,0,0,100,10,1,
449.121,-0.8338648676872253,1.4977725744247437,93.8125,3.121299982070923,0,0,100,10,1,
449.131,-0.9679663181304932,1.4948296546936035,93.9375,3.121299982070923,0,0,100,10,1,
449.141,-1.0245373249053955,1.5065749883651733,94,3.121299982070923,0,0,100,10,1,
449.151,-1.0074338912963867,1.4705394506454468,94.125,3.121299982070923,0,0,100,10,1,
449.161,-0.9607320427894592,1.4061344861984253,94.1875,3.121299982070923,0,0,100,10,1,
449.171,-0.9478397369384766,1.422849178314209,94.3125,3.121299982070923,0,0,100,10,1,
449.181,-0.7511091232299805,1.4623955488204956,94.375,3.121299982070923,0,0,100,10,1,
449.191,-0.5159911513328552,1.432297945022583,94.4375,3.121299982070923,0,0,100,10,1,
449.201,-0.1955312192440033,1.3799004554748535,94.5625,3.121299982070923,0,0,100,10,1,
449.211,0.18046829104423523,1.3497499227523804,94.625,3.121299982070923,0,0,100,10,1,
449.221,0.49292224645614624,1.2979170083999634,94.6875,3.121299982070923,0,0,100,10,1,
449.231,0.8507485389709473,1.2615106105804443,94.75,3.121299982070923,0,0,100,10,1,
449.241,1.238222599029541,1.2214775085449219,94.875,3.121299982070923,0,0,100,10,1,
449.251,1.6043193340301514,1.208743929862976,94.9375,3.121299982070923,0,0,100,10,1,
449.261,1.9611256122589111,1.2056944370269775,95,3.121299982070923,0,0,100,10,1,
449.271,2.2183756828308105,1.22598135471344,95.0625,3.121299982070923,0,0,100,10,1,
449.281,2.503276824951172,1.1723883152008057,95.125,3.121299982070923,0,0,100,10,1,
449.291,2.62856388092041,1.1360924243927002,95.1875,3.121299982070923,0,0,100,10,1,
449.301,2.7126705646514893,1.0813546180725098,95.25,3.121299982070923,0,0,100,10,1,
449.311,2.8704674243927,1.0214649438858032,95.25,3.121299982070923,0,0,100,10,1,
449.321,2.9533803462982178,1.0387628078460693,95.3125,3.121299982070923,0,0,100,10,1,
449.331,2.9073708057403564,1.0257223844528198,95.4375,3.121299982070923,0,0,100,10,1,
449.341,2.900538682937622,0.9552964568138123,95.4375,3.121299982070923,0,0,100,10,1,
449.351,2.8126907348632812,0.8483652472496033,95.5,3.121299982070923,0,0,100,10,1,
449.361,2.7583699226379395,0.7676353454589844,95.5,3.121299982070923,0,0,100,10,1,
449.371,2.6840627193450928,0.6164392828941345,95.5625,3.121299982070923,0,0,100,10,1,
449.381,2.4752800464630127,0.473655641078949,95.625,3.121299982070923,0,0,100,10,1,
449.391,2.2824156284332275,0.3274005949497223,95.625,3.121299982070923,0,0,100,10,1,
449.401,2.0507073402404785,0.19807152450084686,95.6875,3.121299982070923,0,0,100,10,1,
449.411,1.8866491317749023,0.051425766199827194,95.6875,3.121299982070923,0,0,100,10,1,
449.421,1.7030092477798462,-0.04395338147878647,95.6875,3.121299982070923,0,0,100,10,1,
449.431,1.5179866552352905,-0.1394452452659607,95.75,3.121299982070923,0,0,100,10,1,
449.441,1.3922545909881592,-0.1941870003938675,95.75,3.121299982070923,0,0,100,10,1,
449.451,1.3691129684448242,-0.2448166012763977,95.75,3.121299982070923,0,0,100,10,1,
449.461,1.371550440788269,-0.26954182982444763,95.75,3.121299982070923,0,0,100,10,1,
449.471,1.2969578504562378,-0.28528672456741333,95.75,3.121299982070923,0,0,100,10,1,
449.481,1.2789968252182007,-0.25300776958465576,95.75,3.121299982070923,0,0,100,10,1,
449.491,1.2485250234603882,-0.184549942612648,95.6875,3.121299982070923,0,0,100,10,1,
449.501,1.3333333730697632,-0.13791857659816742,95.6875,3.121299982070923,0,0,100,10,1,
449.511,1.4566103219985962,-0.09987354278564453,95.6875,3.121299982070923,0,0,100,10,1,
449.521,1.5098904371261597,-0.07420065253973007,95.6875,3.121299982070923,0,0,100,10,1,
449.531,1.585447072982788,-0.0074965693056583405,95.625,3.121299982070923,0,0,100,10,1,
449.541,1.6334319114685059,0.1091461330652237,95.5625,3.121299982070923,0,0,100,10,1,
449.551,1.6122703552246094,0.20137424767017365,95.5,3.121299982070923,0,0,100,10,1,
449.561,1.6222777366638184,0.318832665681839,95.5,3.121299982070923,0,0,100,10,1,
449.571,1.6650750637054443,0.41286325454711914,95.5,3.121299982070923,0,0,100,10,1,
449.581,1.6965893507003784,0.4940282702445984,95.375,3.121299982070923,0,0,100,10,1,
449.591,1.8315000534057617,0.6274007558822632,95.3125,3.121299982070923,0,0,100,10,1,
449.601,1.8529942035675049,0.7853350639343262,95.25,3.121299982070923,0,0,100,10,1,
449.611,1.85590398311615,0.9256941080093384,95.25,3.121299982070923,0,0,100,10,1,
449.621,1.8856847286224365,0.9876598715782166,95.1875,3.121299982070923,0,0,100,10,1,
449.631,1.8677046298980713,1.0352067947387695,95.0625,3.121299982070923,0,0,100,10,1,
449.641,1.896898865699768,1.1057084798812866,95,3.121299982070923,0,0,100,10,1,
449.651,1.8095920085906982,1.1556884050369263,94.875,3.121299982070923,0,0,100,10,1,
449.661,1.7865217924118042,1.1897408962249756,94.875,3.121299982070923,0,0,100,10,1,
449.671,1.781761646270752,1.1848649978637695,94.8125,3.121299982070923,0,0,100,10,1,
449.681,1.7974082231521606,1.2001378536224365,94.625,3.121299982070923,0,0,100,10,1,
449.691,1.6920801401138306,1.2360553741455078,94.5625,3.121299982070923,0,0,100,10,1,
449.701,1.506970763206482,1.189221978187561,94.4375,3.121299982070923,0,0,100,10,1,
449.711,1.437102198600769,1.1800649166107178,94.4375,3.121299982070923,0,0,100,10,1,
449.721,1.3897929191589355,1.1621859073638916,94.3125,3.121299982070923,0,0,100,10,1,
449.731,1.3284167051315308,1.1352965831756592,94.125,3.121299982070923,0,0,100,10,1,
449.741,1.270837664604187,1.083533763885498,94,3.121299982070923,0,0,100,10,1,
449.751,1.2794100046157837,1.1104130744934082,93.9375,3.121299982070923,0,0,100,10,1,
449.761,1.2257286310195923,1.1163924932479858,93.9375,3.121299982070923,0,0,100,10,1,
449.771,1.2719954252243042,1.049863576889038,93.8125,3.121299982070923,0,0,100,10,1,
449.781,1.1718040704727173,1.0268750190734863,93.5625,3.121299982070923,0,0,100,10,1,
449.791,1.0322484970092773,1.057389259338379,93.4375,3.121299982070923,0,0,100,10,1,
449.801,1.0674809217453003,0.98741614818573,93.375,3.121299982070923,0,0,100,10,1,
449.811,0.9605658054351807,0.9809869527816772,93.375,3.121299982070923,0,0,100,10,1,
449.821,0.9415204524993896,0.9403063654899597,93.25,3.121299982070923,0,0,100,10,1,
449.831,0.9179203510284424,0.9208863377571106,93,3.121299982070923,0,0,100,10,1,
449.841,0.8260107040405273,0.9738219976425171,92.9375,3.121299982070923,0,0,100,10,1,
449.851,0.6566751003265381,1.0283325910568237,92.8125,3.121299982070923,0,0,100,10,1,
449.861,0.4505428075790405,1.0849685668945312,92.8125,3.121299982070923,0,0,100,10,1,
449.871,0.26421457529067993,1.1473722457885742,92.6875,3.121299982070923,0,0,100,10,1,
449.881,0.1253732442855835,1.1723861694335938,92.5,3.121299982070923,0,0,100,10,1,
449.891,-0.028235703706741333,1.2839791774749756,92.375,3.121299982070923,0,0,100,10,1,
449.901,-0.1692701280117035,1.316727876663208,92.3125,3.121299982070923,0,0,100,10,1,
449.911,-0.2972714900970459,1.4499493837356567,92.3125,3.121299982070923,0,0,100,10,1,
449.921,-0.4762424826622009,1.538205862045288,92.1875,3.121299982070923,0,0,100,10,1,
449.931,-0.5866799354553223,1.598238468170166,92,3.121299982070923,0,0,100,10,1,
449.941,-0.7291930913925171,1.5921413898468018,91.9375,3.121299982070923,0,0,100,10,1,
449.951,-0.8715653419494629,1.6450189352035522,91.8125,3.121299982070923,0,0,100,10,1,
449.961,-0.8667317628860474,1.6471325159072876,91.8125,3.121299982070923,0,0,100,10,1,
449.971,-0.8314159512519836,1.6189414262771606,91.75,3.121299982070923,0,0,100,10,1,
449.981,-0.7715772986412048,1.5714796781539917,91.5625,3.121299982070923,0,0,100,10,1,
449.991,-0.5905643701553345,1.60685396194458,91.5,3.121299982070923,0,0,100,10,1,
450.001,-0.4600708782672882,1.5997129678726196,91.375,3.121299982070923,0,0,100,10,1,
450.011,-0.20395074784755707,1.61742103099823,91.375,3.121299982070923,0,0,100,10,1,
450.021,0.1384720504283905,1.5341919660568237,91.3125,3.121299982070923,0,0,100,10,1,
450.031,0.38634613156318665,1.4721845388412476,91.125,3.121299982070923,0,0,100,10,1,
450.041,0.7141484618186951,1.3484545946121216,91.0625,3.121299982070923,0,0,100,10,1,
450.051,1.1194732189178467,1.2802168130874634,91,3.121299982070923,0,0,100,10,1,
450.061,1.358583927154541,1.193939208984375,91,3.121299982070923,0,0,100,10,1,
450.071,1.5486271381378174,1.1116890907287598,90.9375,3.121299982070923,0,0,100,10,1,
450.081,1.7059657573699951,0.9793874621391296,90.75,3.121299982070923,0,0,100,10,1,
450.091,1.8448377847671509,0.9354631900787354,90.6875,3.121299982070923,0,0,100,10,1,
450.101,1.9251978397369385,0.9080920219421387,90.625,3.121299982070923,0,0,100,10,1,
450.111,1.9709051847457886,0.8933426737785339,90.625,3.121299982070923,0,0,100,10,1,
450.121,1.963621735572815,0.9234218001365662,90.625,3.121299982070923,0,0,100,10,1,
450.131,1.8665708303451538,1.024213194847107,90.5,3.121299982070923,0,0,100,10,1,
450.141,1.7711403369903564,1.0723789930343628,90.4375,3.121299982070923,0,0,100,10,1,
450.151,1.7046740055084229,1.2379125356674194,90.375,3.121299982070923,0,0,100,10,1,
450.161,1.6674636602401733,1.31434965133667,90.375,3.121299982070923,0,0,100,10,1,
450.171,1.6321841478347778,1.3135204315185547,90.375,3.121299982070923,0,0,100,10,1,
450.181,1.5955226421356201,1.2084221839904785,90.3125,3.121299982070923,0,0,100,10,1,
450.191,1.4242777824401855,1.2624591588974,90.25,3.121299982070923,0,0,100,10,1,
450.201,1.344083309173584,1.1613397598266602,90.25,3.121299982070923,0,0,100,10,1,
450.211,1.2595564126968384,1.132644534111023,90.25,3.121299982070923,0,0,100,10,1,
450.221,1.1339199542999268,1.0585228204727173,90.25,3.121299982070923,0,0,100,10,1,
450.231,0.9261165857315063,1.037166714668274,90.25,3.121299982070923,0,0,100,10,1,
450.241,0.7386239171028137,0.9564606547355652,90.25,3.121299982070923,0,0,100,10,1,
450.251,0.6163374185562134,0.9183447957038879,90.25,3.121299982070923,0,0,100,10,1,
450.261,0.46846047043800354,0.8812227845191956,90.3125,3.121299982070923,0,0,100,10,1,
450.271,0.4224432110786438,0.9320758581161499,90.3125,3.121299982070923,0,0,100,10,1,
450.281,0.1950424611568451,0.8968912959098816,90.375,3.121299982070923,0,0,100,10,1,
450.291,0.03533206880092621,0.9808050990104675,90.4375,3.121299982070923,0,0,100,10,1,
450.301,-0.25321149826049805,0.9461024403572083,90.4375,3.121299982070923,0,0,100,10,1,
450.311,-0.5176838040351868,0.9520652294158936,90.5,3.121299982070923,0,0,100,10,1,
450.321,-0.7302297353744507,0.8550878167152405,90.5625,3.121299982070923,0,0,100,10,1,
450.331,-0.9069531559944153,0.872040331363678,90.625,3.121299982070923,0,0,100,10,1,
450.341,-1.1228585243225098,0.7953150868415833,90.625,3.121299982070923,0,0,100,10,1,
450.351,-1.2886556386947632,0.7756980061531067,90.6875,3.121299982070923,0,0,100,10,1,
450.361,-1.426399827003479,0.7225313186645508,90.75,3.121299982070923,0,0,100,10,1,
450.371,-1.516500473022461,0.6941941976547241,90.75,3.121299982070923,0,0,100,10,1,
450.381,-1.6252857446670532,0.5759791135787964,90.8125,3.121299982070923,0,0,100,10,1,
450.391,-1.679138422012329,0.6875288486480713,90.8125,3.121299982070923,0,0,100,10,1,
450.401,-1.5798782110214233,0.7260273098945618,90.875,3.121299982070923,0,0,100,10,1,
450.411,-1.5386790037155151,0.7344583868980408,90.9375,3.121299982070923,0,0,100,10,1,
450.421,-1.4263935089111328,0.7964742183685303,90.9375,3.121299982070923,0,0,100,10,1,
450.431,-1.344175100326538,0.9768133759498596,91,3.121299982070923,0,0,100,10,1,
450.441,-1.3402752876281738,1.03239905834198,91,3.121299982070923,0,0,100,10,1,
450.451,-1.2233541011810303,1.223342776298523,91.0625,3.121299982070923,0,0,100,10,1,
450.461,-1.1462664604187012,1.2880185842514038,91.125,3.121299982070923,0,0,100,10,1,
450.471,-1.1533018350601196,1.3954918384552002,91.1875,3.121299982070923,0,0,100,10,1,
450.481,-1.1690988540649414,1.4780102968215942,91.1875,3.121299982070923,0,0,100,10,1,
450.491,-1.094407558441162,1.5754672288894653,91.25,3.121299982070923,0,0,100,10,1,
450.501,-1.0913715362548828,1.590318202972412,91.3125,3.121299982070923,0,0,100,10,1,
450.511,-1.1197667121887207,1.6131678819656372,91.375,3.121299982070923,0,0,100,10,1,
450.521,-1.046499490737915,1.6180099248886108,91.4375,3.121299982070923,0,0,100,10,1,
450.531,-0.9728364944458008,1.7182414531707764,91.5,3.121299982070923,0,0,100,10,1,
450.541,-0.9348079562187195,1.7351669073104858,91.5625,3.121299982070923,0,0,100,10,1,
450.551,-0.9621182680130005,1.7733596563339233,91.625,3.121299982070923,0,0,100,10,1,
450.561,-0.9377561807632446,1.6241896152496338,91.6875,3.121299982070923,0,0,100,10,1,
450.571,-0.9422580599784851,1.5966800451278687,91.75,3.121299982070923,0,0,100,10,1,
450.581,-0.9959882497787476,1.5230406522750854,91.8125,3.121299982070923,0,0,100,10,1,
450.591,-1.0068397521972656,1.4454388618469238,91.9375,3.121299982070923,0,0,100,10,1,
450.601,-1.0884082317352295,1.3029228448867798,92,3.121299982070923,0,0,100,10,1,
450.611,-1.178664207458496,1.2255470752716064,92.125,3.121299982070923,0,0,100,10,1,
450.621,-1.1224640607833862,1.0199583768844604,92.25,3.121299982070923,0,0,100,10,1,
450.631,-1.1348308324813843,0.8956577777862549,92.3125,3.121299982070923,0,0,100,10,1,
450.641,-1.0442874431610107,0.7763352394104004,92.4375,3.121299982070923,0,0,100,10,1,
450.651,-1.0330294370651245,0.6697062253952026,92.5,3.121299982070923,0,0,100,10,1,
450.661,-1.0086251497268677,0.4233851730823517,92.625,3.121299982070923,0,0,100,10,1,
450.671,-1.0757691860198975,0.2946687340736389,92.75,3.121299982070923,0,0,100,10,1,
450.681,-1.167699933052063,0.12822869420051575,92.875,3.121299982070923,0,0,100,10,1,
450.691,-1.209191918373108,-0.032827116549015045,93,3.121299982070923,0,0,100,10,1,
450.701,-1.416546106338501,-0.2814349830150604,93.125,3.121299982070923,0,0,100,10,1,
450.711,-1.5369057655334473,-0.4873795807361603,93.25,3.121299982070923,0,0,100,10,1,
450.721,-1.7286893129348755,-0.713204026222229,93.375,3.121299982070923,0,0,100,10,1,
450.731,-1.7470096349716187,-0.8018519282341003,93.5,3.121299982070923,0,0,100,10,1,
450.741,-1.8316938877105713,-0.8856143355369568,93.625,3.121299982070923,0,0,100,10,1,
450.751,-1.9932243824005127,-0.951493501663208,93.6875,3.121299982070923,0,0,100,10,1,
450.761,-1.9772672653198242,-1.0714430809020996,93.8125,3.121299982070923,0,0,100,10,1,
450.771,-1.9102970361709595,-1.1219854354858398,93.9375,3.121299982070923,0,0,100,10,1,
450.781,-1.6690454483032227,-1.1800528764724731,94.0625,3.121299982070923,0,0,100,10,1,
450.791,-1.6229217052459717,-1.1597545146942139,94.125,3.121299982070923,0,0,100,10,1,
450.801,-1.484082818031311,-1.2203296422958374,94.25,3.121299982070923,0,0,100,10,1,
450.811,-1.233912706375122,-1.2781569957733154,94.375,3.121299982070923,0,0,100,10,1,
450.821,-1.0919444561004639,-1.253619909286499,94.4375,3.121299982070923,0,0,100,10,1,
450.831,-0.8587257862091064,-1.2400498390197754,94.5625,3.121299982070923,0,0,100,10,1,
450.841,-0.6386249661445618,-1.188813328742981,94.6875,3.121299982070923,0,0,100,10,1,
450.851,-0.43713057041168213,-1.1418812274932861,94.8125,3.121299982070923,0,0,100,10,1,
450.861,-0.31162208318710327,-1.1111584901809692,94.9375,3.121299982070923,0,0,100,10,1,
450.871,-0.16686569154262543,-1.060309648513794,95.0625,3.121299982070923,0,0,100,10,1,
450.881,-0.0055063217878341675,-1.005836009979248,95.1875,3.121299982070923,0,0,100,10,1,
450.891,0.14230969548225403,-0.9341380000114441,95.25,3.121299982070923,0,0,100,10,1,
450.901,0.17015440762043,-0.8011090755462646,95.375,3.121299982070923,0,0,100,10,1,
450.911,0.2223898321390152,-0.7203354239463806,95.5,3.121299982070923,0,0,100,10,1,
450.921,0.3029119670391083,-0.7007771730422974,95.625,3.121299982070923,0,0,100,10,1,
450.931,0.3255319893360138,-0.6236031651496887,95.6875,3.121299982070923,0,0,100,10,1,
450.941,0.2519926428794861,-0.528531014919281,95.8125,3.121299982070923,0,0,100,10,1,
450.951,0.19379442930221558,-0.4653192460536957,95.9375,3.121299982070923,0,0,100,10,1,
450.961,0.10417164117097855,-0.4193519949913025,96.0625,3.121299982070923,0,0,100,10,1,
450.971,0.0019397307187318802,-0.4076286256313324,96.1875,3.121299982070923,0,0,100,10,1,
450.981,-0.13566124439239502,-0.35846200585365295,96.3125,3.121299982070923,0,0,100,10,1,
450.991,-0.21734069287776947,-0.33341294527053833,96.4375,3.121299982070923,0,0,100,10,1,
451.001,-0.30732473731040955,-0.23430371284484863,96.5,3.121299982070923,0,0,100,10,1,
451.011,-0.4046989977359772,-0.12644433975219727,96.625,3.121299982070923,0,0,100,10,1,
451.021,-0.44909393787384033,-0.08290989696979523,96.75,3.121299982070923,0,0,100,10,1,
451.031,-0.5299356579780579,-0.023426994681358337,96.875,3.121299982070923,0,0,100,10,1,
451.041,-0.6366411447525024,0.013937339186668396,97,3.121299982070923,0,0,100,10,1,
451.051,-0.6944372057914734,0.06089410558342934,97.0625,3.121299982070923,0,0,100,10,1,
451.061,-0.6445904970169067,0.2030806690454483,97.1875,3.121299982070923,0,0,100,10,1,
451.071,-0.717433512210846,0.265402615070343,97.3125,3.121299982070923,0,0,100,10,1,
451.081,-0.7106670141220093,0.35152268409729004,97.375,3.121299982070923,0,0,100,10,1,
451.091,-0.6623387932777405,0.443638414144516,97.5,3.121299982070923,0,0,100,10,1,
451.101,-0.5173661708831787,0.5378602743148804,97.5625,3.121299982070923,0,0,100,10,1,
451.111,-0.3194376826286316,0.6154380440711975,97.6875,3.121299982070923,0,0,100,10,1,
451.121,-0.08583252131938934,0.6615400910377502,97.75,3.121299982070923,0,0,100,10,1,
451.131,0.10381636768579483,0.6788049936294556,97.875,3.121299982070923,0,0,100,10,1,
451.141,0.2198328971862793,0.6891071796417236,97.9375,3.121299982070923,0,0,100,10,1,
451.151,0.24810996651649475,0.6621830463409424,98,3.121299982070923,0,0,100,10,1,
451.161,0.2267545759677887,0.625087320804596,98.125,3.121299982070923,0,0,100,10,1,
451.171,0.18166932463645935,0.5723302364349365,98.1875,3.121299982070923,0,0,100,10,1,
451.181,0.22745275497436523,0.5526022911071777,98.25,3.121299982070923,0,0,100,10,1,
451.191,0.04554136097431183,0.44084298610687256,98.3125,3.121299982070923,0,0,100,10,1,
451.201,-0.07983018457889557,0.29254022240638733,98.375,3.121299982070923,0,0,100,10,1,
451.211,-0.24855868518352509,0.12419641017913818,98.5,3.121299982070923,0,0,100,10,1,
451.221,-0.4531763195991516,-0.05120042711496353,98.5625,3.121299982070923,0,0,100,10,1,
451.231,-0.5651045441627502,-0.23273584246635437,98.625,3.121299982070923,0,0,100,10,1,
451.241,-0.7044280767440796,-0.40619874000549316,98.6875,3.121299982070923,0,0,100,10,1,
451.251,-0.778753399848938,-0.5980327725410461,98.75,3.121299982070923,0,0,100,10,1,
451.261,-0.8181476593017578,-0.7690462470054626,98.8125,3.121299982070923,0,0,100,10,1,
451.271,-0.6840295791625977,-0.9292219877243042,98.8125,3.121299982070923,0,0,100,10,1,
451.281,-0.6919163465499878,-1.1283700466156006,98.875,3.121299982070923,0,0,100,10,1,
451.291,-0.6146849989891052,-1.2656413316726685,99,3.121299982070923,0,0,100,10,1,
451.301,-0.545134961605072,-1.3634469509124756,99.0625,3.121299982070923,0,0,100,10,1,
451.311,-0.2978517413139343,-1.447711706161499,99.125,3.121299982070923,0,0,100,10,1,
451.321,-0.25721755623817444,-1.5708686113357544,99.125,3.121299982070923,0,0,100,10,1,
451.331,-0.08672820031642914,-1.6632148027420044,99.125,3.121299982070923,0,0,100,10,1,
451.341,0.06339014321565628,-1.7113697528839111,99.25,3.121299982070923,0,0,100,10,1,
451.351,0.2871258854866028,-1.7439730167388916,99.3125,3.121299982070923,0,0,100,10,1,
451.361,0.40853285789489746,-1.7363163232803345,99.3125,3.121299982070923,0,0,100,10,1,
451.371,0.44762730598449707,-1.6695460081100464,99.3125,3.121299982070923,0,0,100,10,1,
451.381,0.541299045085907,-1.6746679544448853,99.375,3.121299982070923,0,0,100,10,1,
451.391,0.614111065864563,-1.6606673002243042,99.4375,3.121299982070923,0,0,100,10,1,
451.401,0.7619531154632568,-1.590841293334961,99.5,3.121299982070923,0,0,100,10,1,
451.411,0.6905875205993652,-1.5439473390579224,99.5625,3.121299982070923,0,0,100,10,1,
451.421,0.7455047965049744,-1.4395174980163574,99.5625,3.121299982070923,0,0,100,10,1,
451.431,0.7697570323944092,-1.4382696151733398,99.625,3.121299982070923,0,0,100,10,1,
451.441,0.770277202129364,-1.4607391357421875,99.6875,3.121299982070923,0,0,100,10,1,
451.451,0.8648649454116821,-1.4881339073181152,99.75,3.121299982070923,0,0,100,10,1,
451.461,0.8723094463348389,-1.4941245317459106,99.75,3.121299982070923,0,0,100,10,1,
451.471,0.8632662892341614,-1.5557568073272705,99.75,3.121299982070923,0,0,100,10,1,
451.481,0.8539374470710754,-1.6280637979507446,99.8125,3.121299982070923,0,0,100,10,1,
451.491,0.7673751711845398,-1.748658299446106,99.875,3.121299982070923,0,0,100,10,1,
451.501,0.7158660888671875,-1.822818636894226,99.875,3.121299982070923,0,0,100,10,1,
451.511,0.5708574652671814,-1.9833322763442993,99.9375,3.121299982070923,0,0,100,10,1,
451.521,0.4006243348121643,-2.098937749862671,99.9375,3.121299982070923,0,0,100,10,1,
451.531,0.2743614912033081,-2.2007577419281006,100,3.121299982070923,0,0,100,10,1,
451.541,0.34039393067359924,-2.263087749481201,100.0625,3.121299982070923,0,0,100,10,1,
451.551,0.33884701132774353,-2.3586833477020264,100.125,3.121299982070923,0,0,100,10,1,
451.561,0.27021318674087524,-2.5175583362579346,100.125,3.121299982070923,0,0,100,10,1,
451.571,0.11825017631053925,-2.6859986782073975,100.125,3.121299982070923,0,0,100,10,1,
451.581,0.16325704753398895,-2.78878116607666,100.1875,3.121299982070923,0,0,100,10,1,
451.591,0.17434605956077576,-2.8832802772521973,100.25,3.121299982070923,0,0,100,10,1,
451.601,0.19788391888141632,-2.960265874862671,100.25,3.121299982070923,0,0,100,10,1,
451.611,0.22805288434028625,-3.025601863861084,100.25,3.121299982070923,0,0,100,10,1,
451.621,0.33223769068717957,-3.0479652881622314,100.25,3.121299982070923,0,0,100,10,1,
451.631,0.5220363736152649,-3.047551393508911,100.3125,3.121299982070923,0,0,100,10,1,
451.641,0.6570850610733032,-3.098520278930664,100.375,3.121299982070923,0,0,100,10,1,
451.651,0.9475802183151245,-2.9980714321136475,100.375,3.121299982070923,0,0,100,10,1,
451.661,1.1466426849365234,-2.9864821434020996,100.4375,3.121299982070923,0,0,100,10,1,
451.671,1.4016996622085571,-2.9808337688446045,100.4375,3.121299982070923,0,0,100,10,1,
451.681,1.427738904953003,-2.9531972408294678,100.4375,3.121299982070923,0,0,100,10,1,
451.691,1.736161708831787,-2.85674786567688,100.5,3.121299982070923,0,0,100,10,1,
451.701,1.8193109035491943,-2.8087501525878906,100.5,3.121299982070923,0,0,100,10,1,
451.711,2.1359341144561768,-2.806267738342285,100.5,3.121299982070923,0,0,100,10,1,
451.721,2.172217607498169,-2.7891688346862793,100.5,3.121299982070923,0,0,100,10,1,
451.731,2.2581191062927246,-2.704026937484741,100.5,3.121299982070923,0,0,100,10,1,
451.741,2.3245584964752197,-2.6699039936065674,100.5,3.121299982070923,0,0,100,10,1,
451.751,2.372722625732422,-2.64115047454834,100.5,3.121299982070923,0,0,100,10,1,
451.761,2.4219887256622314,-2.5955255031585693,100.5,3.121299982070923,0,0,100,10,1,
451.771,2.4444446563720703,-2.505876064300537,100.5,3.121299982070923,0,0,100,10,1,
451.781,2.565484046936035,-2.457249402999878,100.5,3.121299982070923,0,0,100,10,1,
451.791,2.476560115814209,-2.4074654579162598,100.5,3.121299982070923,0,0,100,10,1,
451.801,2.316392660140991,-2.491429567337036,100.4375,3.121299982070923,0,0,100,10,1,
451.811,2.1547508239746094,-2.5232667922973633,100.4375,3.121299982070923,0,0,100,10,1,
451.821,2.3473236560821533,-2.621396064758301,100.4375,3.121299982070923,0,0,100,10,1,
451.831,2.4157910346984863,-2.6409356594085693,100.4375,3.121299982070923,0,0,100,10,1,
451.841,2.4361765384674072,-2.681147336959839,100.375,3.121299982070923,0,0,100,10,1,
451.851,2.3379323482513428,-2.7407965660095215,100.375,3.121299982070923,0,0,100,10,1,
451.861,2.358095645904541,-2.8157052993774414,100.3125,3.121299982070923,0,0,100,10,1,
451.871,2.4072885513305664,-2.863719940185547,100.3125,3.121299982070923,0,0,100,10,1,
451.881,2.5031380653381348,-2.9190871715545654,100.25,3.121299982070923,0,0,100,10,1,
451.891,2.6097536087036133,-2.973362445831299,100.1875,3.121299982070923,0,0,100,10,1,
451.901,2.6872644424438477,-2.980536460876465,100.0625,3.121299982070923,0,0,100,10,1,
451.911,2.798431873321533,-2.9737207889556885,100,3.121299982070923,0,0,100,10,1,
451.921,2.9549717903137207,-2.992436170578003,100,3.121299982070923,0,0,100,10,1,
451.931,3.2351930141448975,-2.99726939201355,99.875,3.121299982070923,0,0,100,10,1,
451.941,3.477482795715332,-3.02498197555542,99.75,3.121299982070923,0,0,100,10,1,
451.951,3.671694278717041,-3.0798845291137695,99.625,3.121299982070923,0,0,100,10,1,
451.961,3.848503828048706,-3.1263153553009033,99.5625,3.121299982070923,0,0,100,10,1,
451.971,4.036306858062744,-3.129746198654175,99.5625,3.121299982070923,0,0,100,10,1,
451.981,4.291083812713623,-3.1080329418182373,99.4375,3.121299982070923,0,0,100,10,1,
451.991,4.537823677062988,-3.0425796508789062,99.25,3.121299982070923,0,0,100,10,1,
452.001,4.707672119140625,-2.957807779312134,99.125,3.121299982070923,0,0,100,10,1,
452.011,4.842177867889404,-2.880951166152954,99,3.121299982070923,0,0,100,10,1,
452.021,4.862267971038818,-2.8191308975219727,99,3.121299982070923,0,0,100,10,1,
452.031,4.834775447845459,-2.7239747047424316,98.9375,3.121299982070923,0,0,100,10,1,
452.041,4.7512640953063965,-2.616652250289917,98.6875,3.121299982070923,0,0,100,10,1,
452.051,4.6670660972595215,-2.456005096435547,98.5625,3.121299982070923,0,0,100,10,1,
452.061,4.474632740020752,-2.339439630508423,98.4375,3.121299982070923,0,0,100,10,1,
452.071,4.231413841247559,-2.225895643234253,98.4375,3.121299982070923,0,0,100,10,1,
452.081,4.0246734619140625,-2.0513296127319336,98.25,3.121299982070923,0,0,100,10,1,
452.091,3.819746255874634,-1.8418903350830078,98,3.121299982070923,0,0,100,10,1,
452.101,3.538344621658325,-1.6849279403686523,97.875,3.121299982070923,0,0,100,10,1,
452.111,3.206378698348999,-1.5571608543395996,97.6875,3.121299982070923,0,0,100,10,1,
452.121,2.8784120082855225,-1.391400694847107,97.6875,3.121299982070923,0,0,100,10,1,
452.131,2.534541606903076,-1.2672760486602783,97.5625,3.121299982070923,0,0,100,10,1,
452.141,2.2037651538848877,-1.1424795389175415,97.25,3.121299982070923,0,0,100,10,1,
452.151,1.8421235084533691,-1.0886024236679077,97.125,3.121299982070923,0,0,100,10,1,
452.161,1.4661599397659302,-1.012068748474121,97,3.121299982070923,0,0,100,10,1,
452.171,1.1415965557098389,-0.9140875339508057,97,3.121299982070923,0,0,100,10,1,
452.181,0.8892002105712891,-0.8442406058311462,96.8125,3.121299982070923,0,0,100,10,1,
452.191,0.5697863101959229,-0.8185569643974304,96.5,3.121299982070923,0,0,100,10,1,
452.201,0.30784904956817627,-0.8577405214309692,96.375,3.121299982070923,0,0,100,10,1,
452.211,0.08440899103879929,-0.8875139951705933,96.25,3.121299982070923,0,0,100,10,1,
452.221,-0.07431000471115112,-0.904006838798523,96.25,3.121299982070923,0,0,100,10,1,
452.231,-0.2855786979198456,-0.9623955488204956,96.0625,3.121299982070923,0,0,100,10,1,
452.241,-0.48648151755332947,-1.0165374279022217,95.9375,3.121299982070923,0,0,100,10,1,
452.251,-0.590117335319519,-1.0823636054992676,95.8125,3.121299982070923,0,0,100,10,1,
452.261,-0.6912663578987122,-1.1019368171691895,95.6875,3.121299982070923,0,0,100,10,1,
452.271,-0.7677302360534668,-1.1190731525421143,95.5,3.121299982070923,0,0,100,10,1,
452.281,-0.8414824604988098,-1.1930979490280151,95.375,3.121299982070923,0,0,100,10,1,
452.291,-0.8359216451644897,-1.2394545078277588,95.25,3.121299982070923,0,0,100,10,1,
452.301,-0.867805540561676,-1.3584201335906982,94.9375,3.121299982070923,0,0,100,10,1,
452.311,-0.9059146046638489,-1.4518821239471436,94.9375,3.121299982070923,0,0,100,10,1,
452.321,-0.8657304644584656,-1.4587680101394653,94.8125,3.121299982070923,0,0,100,10,1,
452.331,-0.7172019481658936,-1.472825288772583,94.6875,3.121299982070923,0,0,100,10,1,
452.341,-0.608650267124176,-1.4895585775375366,94.5625,3.121299982070923,0,0,100,10,1,
452.351,-0.5589051246643066,-1.587760329246521,94.4375,3.121299982070923,0,0,100,10,1,
452.361,-0.391602098941803,-1.6098134517669678,94.3125,3.121299982070923,0,0,100,10,1,
452.371,-0.21314044296741486,-1.611889362335205,94.1875,3.121299982070923,0,0,100,10,1,
452.381,0.0015390440821647644,-1.5904427766799927,94,3.121299982070923,0,0,100,10,1,
452.391,0.0718504935503006,-1.6827796697616577,93.875,3.121299982070923,0,0,100,10,1,
452.401,0.16881534457206726,-1.713701605796814,93.75,3.121299982070923,0,0,100,10,1,
452.411,0.33359256386756897,-1.7184407711029053,93.625,3.121299982070923,0,0,100,10,1,
452.421,0.47907891869544983,-1.6810342073440552,93.5,3.121299982070923,0,0,100,10,1,
452.431,0.5172460675239563,-1.7351726293563843,93.375,3.121299982070923,0,0,100,10,1,
452.441,0.5212804675102234,-1.7992751598358154,93.25,3.121299982070923,0,0,100,10,1,
452.451,0.5909731984138489,-1.811261773109436,93.125,3.121299982070923,0,0,100,10,1,
452.461,0.6641135811805725,-1.7694649696350098,93,3.121299982070923,0,0,100,10,1,
452.471,0.6487552523612976,-1.7753435373306274,92.875,3.121299982070923,0,0,100,10,1,
452.481,0.5729076266288757,-1.8012921810150146,92.8125,3.121299982070923,0,0,100,10,1,
452.491,0.5695310831069946,-1.7793296575546265,92.6875,3.121299982070923,0,0,100,10,1,
452.501,0.5427152514457703,-1.6833332777023315,92.5625,3.121299982070923,0,0,100,10,1,
452.511,0.40166863799095154,-1.6442508697509766,92.4375,3.121299982070923,0,0,100,10,1,
452.521,0.3391541838645935,-1.5582597255706787,92.375,3.121299982070923,0,0,100,10,1,
452.531,0.3308401107788086,-1.419497013092041,92.25,3.121299982070923,0,0,100,10,1,
452.541,0.28352493047714233,-1.2589541673660278,92.125,3.121299982070923,0,0,100,10,1,
452.551,0.14114569127559662,-1.1061466932296753,92.0625,3.121299982070923,0,0,100,10,1,
452.561,0.015523549169301987,-0.9375372529029846,91.9375,3.121299982070923,0,0,100,10,1,
452.571,-0.04042547196149826,-0.7437253594398499,91.875,3.121299982070923,0,0,100,10,1,
452.581,-0.22888639569282532,-0.6523310542106628,91.75,3.121299982070923,0,0,100,10,1,
452.591,-0.4446909427642822,-0.5509846806526184,91.6875,3.121299982070923,0,0,100,10,1,
452.601,-0.5427664518356323,-0.42609328031539917,91.5625,3.121299982070923,0,0,100,10,1,
452.611,-0.6044384241104126,-0.3002880811691284,91.5,3.121299982070923,0,0,100,10,1,
452.621,-0.7459406852722168,-0.27058932185173035,91.4375,3.121299982070923,0,0,100,10,1,
452.631,-0.8648263216018677,-0.2607589364051819,91.3125,3.121299982070923,0,0,100,10,1,
452.641,-0.8694908022880554,-0.20577704906463623,91.25,3.121299982070923,0,0,100,10,1,
452.651,-0.9702509045600891,-0.18486839532852173,91.1875,3.121299982070923,0,0,100,10,1,
452.661,-1.117901086807251,-0.2124047875404358,91.0625,3.121299982070923,0,0,100,10,1,
452.671,-1.138675570487976,-0.21200022101402283,91,3.121299982070923,0,0,100,10,1,
452.681,-1.2481544017791748,-0.25427883863449097,90.875,3.121299982070923,0,0,100,10,1,
452.691,-1.415234923362732,-0.34505221247673035,90.8125,3.121299982070923,0,0,100,10,1,
452.701,-1.5344204902648926,-0.4172838628292084,90.75,3.121299982070923,0,0,100,10,1,
452.711,-1.6387816667556763,-0.48876458406448364,90.625,3.121299982070923,0,0,100,10,1,
452.721,-1.7264107465744019,-0.5900202989578247,90.5625,3.121299982070923,0,0,100,10,1,
452.731,-1.843658447265625,-0.6735990643501282,90.5,3.121299982070923,0,0,100,10,1,
452.741,-1.8201334476470947,-0.6493829488754272,90.4375,3.121299982070923,0,0,100,10,1,
452.751,-1.91739821434021,-0.7034959197044373,90.3125,3.121299982070923,0,0,100,10,1,
452.761,-1.9376590251922607,-0.6921637654304504,90.25,3.121299982070923,0,0,100,10,1,
452.771,-1.930623173713684,-0.6793522834777832,90.1875,3.121299982070923,0,0,100,10,1,
452.781,-2.0960288047790527,-0.7566936016082764,90.125,3.121299982070923,0,0,100,10,1,
452.791,-2.145461320877075,-0.805967390537262,90.0625,3.121299982070923,0,0,100,10,1,
452.801,-2.218468189239502,-0.8364778161048889,89.9375,3.121299982070923,0,0,100,10,1,
452.811,-2.382884979248047,-0.9171026349067688,89.875,3.121299982070923,0,0,100,10,1,
452.821,-2.412947416305542,-0.9784494638442993,89.8125,3.121299982070923,0,0,100,10,1,
452.831,-2.452918529510498,-1.015938401222229,89.75,3.121299982070923,0,0,100,10,1,
452.841,-2.490654706954956,-1.008313536643982,89.625,3.121299982070923,0,0,100,10,1,
452.851,-2.429783821105957,-0.9865694642066956,89.5625,3.121299982070923,0,0,100,10,1,
452.861,-2.3596291542053223,-0.9715807437896729,89.5,3.121299982070923,0,0,100,10,1,
452.871,-2.3361892700195312,-0.9708486199378967,89.375,3.121299982070923,0,0,100,10,1,
452.881,-2.247612476348877,-0.9497083425521851,89.25,3.121299982070923,0,0,100,10,1,
452.891,-2.182432174682617,-0.9670844674110413,89.1875,3.121299982070923,0,0,100,10,1,
452.901,-2.1254873275756836,-1.009069561958313,89.0625,3.121299982070923,0,0,100,10,1,
452.911,-1.9939624071121216,-0.9653743505477905,89,3.121299982070923,0,0,100,10,1,
452.921,-1.9267209768295288,-1.035948395729065,88.875,3.121299982070923,0,0,100,10,1,
452.931,-1.824371099472046,-1.0883874893188477,88.75,3.121299982070923,0,0,100,10,1,
452.941,-1.6603182554244995,-1.065354824066162,88.6875,3.121299982070923,0,0,100,10,1,
452.951,-1.5974509716033936,-1.171721339225769,88.5625,3.121299982070923,0,0,100,10,1,
452.961,-1.3947420120239258,-1.1804062128067017,88.4375,3.121299982070923,0,0,100,10,1,
452.971,-1.2440026998519897,-1.238768458366394,88.3125,3.121299982070923,0,0,100,10,1,
452.981,-1.125562310218811,-1.3223419189453125,88.1875,3.121299982070923,0,0,100,10,1,
452.991,-0.9389866590499878,-1.3742103576660156,88.0625,3.121299982070923,0,0,100,10,1,
453.001,-0.8052288293838501,-1.4132113456726074,87.9375,3.121299982070923,0,0,100,10,1,
453.011,-0.6020441651344299,-1.415210247039795,87.8125,3.121299982070923,0,0,100,10,1,
453.021,-0.44676870107650757,-1.4345356225967407,87.75,3.121299982070923,0,0,100,10,1,
453.031,-0.33630692958831787,-1.4603344202041626,87.625,3.121299982070923,0,0,100,10,1,
453.041,-0.18852433562278748,-1.4737383127212524,87.5,3.121299982070923,0,0,100,10,1,
453.051,-0.14890404045581818,-1.4953924417495728,87.375,3.121299982070923,0,0,100,10,1,
453.061,-0.26042500138282776,-1.5923399925231934,87.25,3.121299982070923,0,0,100,10,1,
453.071,-0.36546602845191956,-1.650160551071167,87.125,3.121299982070923,0,0,100,10,1,
453.081,-0.4815289080142975,-1.7406305074691772,87,3.121299982070923,0,0,100,10,1,
453.091,-0.6109606027603149,-1.8331431150436401,86.875,3.121299982070923,0,0,100,10,1,
453.101,-0.6733975410461426,-1.8832015991210938,86.8125,3.121299982070923,0,0,100,10,1,
453.111,-0.8086636066436768,-1.9582291841506958,86.6875,3.121299982070923,0,0,100,10,1,
453.121,-0.855180025100708,-1.9923981428146362,86.5625,3.121299982070923,0,0,100,10,1,
453.131,-0.8725504875183105,-1.9740175008773804,86.5,3.121299982070923,0,0,100,10,1,
453.141,-0.8665339946746826,-1.9272091388702393,86.375,3.121299982070923,0,0,100,10,1,
453.151,-0.8626521825790405,-1.9127020835876465,86.3125,3.121299982070923,0,0,100,10,1,
453.161,-0.8531700968742371,-1.9399842023849487,86.1875,3.121299982070923,0,0,100,10,1,
453.171,-0.8701926469802856,-1.9798023700714111,86.125,3.121299982070923,0,0,100,10,1,
453.181,-0.8929700255393982,-2.02919864654541,86,3.121299982070923,0,0,100,10,1,
453.191,-0.8797883987426758,-2.0679006576538086,85.875,3.121299982070923,0,0,100,10,1,
453.201,-0.8897751569747925,-2.110086679458618,85.8125,3.121299982070923,0,0,100,10,1,
453.211,-0.8582240343093872,-2.17863130569458,85.6875,3.121299982070923,0,0,100,10,1,
453.221,-0.805008053779602,-2.2237091064453125,85.625,3.121299982070923,0,0,100,10,1,
453.231,-0.7433340549468994,-2.255096435546875,85.5625,3.121299982070923,0,0,100,10,1,
453.241,-0.7311712503433228,-2.3819286823272705,85.4375,3.121299982070923,0,0,100,10,1,
453.251,-0.7794275879859924,-2.5216331481933594,85.375,3.121299982070923,0,0,100,10,1,
453.261,-0.8625950813293457,-2.6679770946502686,85.3125,3.121299982070923,0,0,100,10,1,
453.271,-0.8246720433235168,-2.692812204360962,85.1875,3.121299982070923,0,0,100,10,1,
453.281,-0.7854759693145752,-2.7535574436187744,85.1875,3.121299982070923,0,0,100,10,1,
453.291,-0.7043420076370239,-2.743908405303955,85.125,3.121299982070923,0,0,100,10,1,
453.301,-0.6695024371147156,-2.6555702686309814,85,3.121299982070923,0,0,100,10,1,
453.311,-0.6453379392623901,-2.517512559890747,84.875,3.121299982070923,0,0,100,10,1,
453.321,-0.6362891793251038,-2.3749990463256836,84.8125,3.121299982070923,0,0,100,10,1,
453.331,-0.5294463634490967,-2.2370734214782715,84.75,3.121299982070923,0,0,100,10,1,
453.341,-0.48987749218940735,-2.102555513381958,84.75,3.121299982070923,0,0,100,10,1,
453.351,-0.3519846796989441,-1.8708189725875854,84.5625,3.121299982070923,0,0,100,10,1,
453.361,-0.26479122042655945,-1.6957335472106934,84.5,3.121299982070923,0,0,100,10,1,
453.371,-0.2996572256088257,-1.682142972946167,84.4375,3.121299982070923,0,0,100,10,1,
453.381,-0.42261824011802673,-1.684100866317749,84.4375,3.121299982070923,0,0,100,10,1,
453.391,-0.5615134835243225,-1.778610110282898,84.3125,3.121299982070923,0,0,100,10,1,
453.401,-0.6147817373275757,-1.7838521003723145,84.1875,3.121299982070923,0,0,100,10,1,
453.411,-0.7655394673347473,-1.8743571043014526,84.125,3.121299982070923,0,0,100,10,1,
453.421,-0.775249719619751,-1.8352739810943604,84.0625,3.121299982070923,0,0,100,10,1,
453.431,-0.8491446375846863,-1.81912362575531,84.0625,3.121299982070923,0,0,100,10,1,
453.441,-0.8603660464286804,-1.7452805042266846,84,3.121299982070923,0,0,100,10,1,
453.451,-0.854742169380188,-1.6436891555786133,83.8125,3.121299982070923,0,0,100,10,1,
453.461,-0.8695104122161865,-1.4892431497573853,83.75,3.121299982070923,0,0,100,10,1,
453.471,-0.8755638599395752,-1.276870846748352,83.6875,3.121299982070923,0,0,100,10,1,
453.481,-0.8409532904624939,-1.0101873874664307,83.6875,3.121299982070923,0,0,100,10,1,
453.491,-0.8389454483985901,-0.7332406044006348,83.625,3.121299982070923,0,0,100,10,1,
453.501,-0.8104197978973389,-0.5155187845230103,83.5,3.121299982070923,0,0,100,10,1,
453.511,-0.7596840262413025,-0.2832600772380829,83.4375,3.121299982070923,0,0,100,10,1,
453.521,-0.669914960861206,-0.06951779127120972,83.375,3.121299982070923,0,0,100,10,1,
453.531,-0.5924460887908936,0.15447841584682465,83.375,3.121299982070923,0,0,100,10,1,
453.541,-0.5255724787712097,0.3899497389793396,83.375,3.121299982070923,0,0,100,10,1,
453.551,-0.45028629899024963,0.5974859595298767,83.3125,3.121299982070923,0,0,100,10,1,
453.561,-0.35492295026779175,0.7813466787338257,83.25,3.121299982070923,0,0,100,10,1,
453.571,-0.22586150467395782,0.922319769859314,83.25,3.121299982070923,0,0,100,10,1,
453.581,-0.09985004365444183,1.017652153968811,83.25,3.121299982070923,0,0,100,10,1,
453.591,0.05288095772266388,1.1653982400894165,83.25,3.121299982070923,0,0,100,10,1,
453.601,0.18752634525299072,1.3171231746673584,83.1875,3.121299982070923,0,0,100,10,1,
453.611,0.35728272795677185,1.4394118785858154,83.1875,3.121299982070923,0,0,100,10,1,
453.621,0.5104044675827026,1.378111720085144,83.1875,3.121299982070923,0,0,100,10,1,
453.631,0.4840751588344574,1.160485863685608,83.1875,3.121299982070923,0,0,100,10,1,
453.641,0.3163785934448242,0.8791083097457886,83.1875,3.121299982070923,0,0,100,10,1,
453.651,0.12513022124767303,0.5990263223648071,83.1875,3.121299982070923,0,0,100,10,1,
453.661,-0.0030276402831077576,0.44898608326911926,83.25,3.121299982070923,0,0,100,10,1,
453.671,-0.009495273232460022,0.38950446248054504,83.25,3.121299982070923,0,0,100,10,1,
453.681,-0.024893805384635925,0.3369925320148468,83.25,3.121299982070923,0,0,100,10,1,
453.691,-0.06936317682266235,0.32055822014808655,83.3125,3.121299982070923,0,0,100,10,1,
453.701,-0.0012554079294204712,0.4204566776752472,83.375,3.121299982070923,0,0,100,10,1,
453.711,0.03476536273956299,0.5321158766746521,83.375,3.121299982070923,0,0,100,10,1,
453.721,0.11191248893737793,0.6868871450424194,83.4375,3.121299982070923,0,0,100,10,1,
453.731,0.08330045640468597,0.7842400670051575,83.4375,3.121299982070923,0,0,100,10,1,
453.741,0.05569334328174591,0.8933126330375671,83.4375,3.121299982070923,0,0,100,10,1,
453.751,-0.07203653454780579,0.9843236207962036,83.5625,3.121299982070923,0,0,100,10,1,
453.761,-0.08965558558702469,1.1240465641021729,83.625,3.121299982070923,0,0,100,10,1,
453.771,-0.16592136025428772,1.2539653778076172,83.625,3.121299982070923,0,0,100,10,1,
453.781,-0.17194481194019318,1.4234614372253418,83.625,3.121299982070923,0,0,100,10,1,
453.791,-0.25905895233154297,1.6082570552825928,83.6875,3.121299982070923,0,0,100,10,1,
453.801,-0.323386013507843,1.8162554502487183,83.8125,3.121299982070923,0,0,100,10,1,
453.811,-0.3800424337387085,2.0230796337127686,83.875,3.121299982070923,0,0,100,10,1,
453.821,-0.38039150834083557,2.2756857872009277,83.9375,3.121299982070923,0,0,100,10,1,
453.831,-0.4139576554298401,2.438145637512207,83.9375,3.121299982070923,0,0,100,10,1,
453.841,-0.43731677532196045,2.6048903465270996,84,3.121299982070923,0,0,100,10,1,
453.851,-0.4453597962856293,2.7699878215789795,84.1875,3.121299982070923,0,0,100,10,1,
453.861,-0.4639648199081421,2.9401562213897705,84.25,3.121299982070923,0,0,100,10,1,
453.871,-0.423201322555542,3.0785906314849854,84.375,3.121299982070923,0,0,100,10,1,
453.881,-0.4329248070716858,3.1357576847076416,84.375,3.121299982070923,0,0,100,10,1,
453.891,-0.37378787994384766,3.191875696182251,84.4375,3.121299982070923,0,0,100,10,1,
453.901,-0.4254785180091858,2.9870150089263916,84.625,3.121299982070923,0,0,100,10,1,
453.911,-0.4466424584388733,2.784553050994873,84.6875,3.121299982070923,0,0,100,10,1,
453.921,-0.6107051372528076,2.4673616886138916,84.8125,3.121299982070923,0,0,100,10,1,
453.931,-0.8002693057060242,2.023890256881714,84.8125,3.121299982070923,0,0,100,10,1,
453.941,-1.024427056312561,1.7118210792541504,84.9375,3.121299982070923,0,0,100,10,1,
453.951,-1.175796389579773,1.4854471683502197,85.125,3.121299982070923,0,0,100,10,1,
453.961,-1.331007719039917,1.3237335681915283,85.25,3.121299982070923,0,0,100,10,1,
453.971,-1.3862340450286865,1.3018956184387207,85.375,3.121299982070923,0,0,100,10,1,
453.981,-1.537259578704834,1.2334004640579224,85.375,3.121299982070923,0,0,100,10,1,
453.991,-1.677835464477539,1.1092450618743896,85.4375,3.121299982070923,0,0,100,10,1,
454.001,-1.8034539222717285,0.9760374426841736,85.6875,3.121299982070923,0,0,100,10,1,
454.011,-1.882722020149231,0.9485160708427429,85.75,3.121299982070923,0,0,100,10,1,
454.021,-1.9514925479888916,0.934001624584198,85.875,3.121299982070923,0,0,100,10,1,
454.031,-1.9579724073410034,1.0473164319992065,85.875,3.121299982070923,0,0,100,10,1,
454.041,-1.895244836807251,1.2339017391204834,86,3.121299982070923,0,0,100,10,1,
454.051,-1.824629306793213,1.448179841041565,86.25,3.121299982070923,0,0,100,10,1,
454.061,-1.784264326095581,1.6865136623382568,86.375,3.121299982070923,0,0,100,10,1,
454.071,-1.7137104272842407,1.9095107316970825,86.5,3.121299982070923,0,0,100,10,1,
454.081,-1.5701918601989746,2.151606798171997,86.5,3.121299982070923,0,0,100,10,1,
454.091,-1.3883438110351562,2.3724026679992676,86.625,3.121299982070923,0,0,100,10,1,
454.101,-1.1975220441818237,2.582690715789795,86.875,3.121299982070923,0,0,100,10,1,
454.111,-0.9664576649665833,2.847756862640381,87,3.121299982070923,0,0,100,10,1,
454.121,-0.7108340263366699,3.08821439743042,87.125,3.121299982070923,0,0,100,10,1,
454.131,-0.44023367762565613,3.171581983566284,87.125,3.121299982070923,0,0,100,10,1,
454.141,-0.29583540558815,3.1034321784973145,87.25,3.121299982070923,0,0,100,10,1,
454.151,-0.40016108751296997,2.8927152156829834,87.5,3.121299982070923,0,0,100,10,1,
454.161,-0.5467878580093384,2.8208138942718506,87.625,3.121299982070923,0,0,100,10,1,
454.171,-0.5467878580093384,2.8208138942718506,87.8125,3.121299982070923,0,0,100,10,1,
454.181,-0.6055691838264465,2.653418779373169,87.8125,3.121299982070923,0,0,100,10,1,
454.191,-0.6363224983215332,2.619507312774658,87.9375,3.121299982070923,0,0,100,10,1,
454.201,-0.6363224983215332,2.6562740802764893,88.1875,3.121299982070923,0,0,100,10,1,
454.211,-0.6020561456680298,2.7050578594207764,88.375,3.121299982070923,0,0,100,10,1,
454.221,-0.6034212112426758,2.7050578594207764,88.375,3.121299982070923,0,0,100,10,1,
454.231,-0.7095930576324463,2.5238800048828125,88.5,3.121299982070923,0,0,100,10,1,
454.241,-0.7656601071357727,2.367457866668701,88.6875,3.121299982070923,0,0,100,10,1,
454.251,-0.7656601071357727,2.367457866668701,88.6875,3.121299982070923,0,0,100,10,1,
454.261,-0.8429213166236877,2.1563665866851807,89,3.121299982070923,0,0,100,10,1,
454.271,-0.9356256127357483,1.9621692895889282,89,3.121299982070923,0,0,100,10,1,
454.281,-1.2342445850372314,1.431973934173584,89.3125,3.121299982070923,0,0,100,10,1,
454.291,-1.3833837509155273,1.219368815422058,89.4375,3.121299982070923,0,0,100,10,1,
454.301,-1.4799771308898926,1.0828914642333984,89.625,3.121299982070923,0,0,100,10,1,
454.311,-1.4799771308898926,1.0828914642333984,89.625,3.121299982070923,0,0,100,10,1,
454.321,-1.4478400945663452,1.0774623155593872,89.8125,3.121299982070923,0,0,100,10,1,
454.331,-1.3098938465118408,1.0723627805709839,90.1875,3.121299982070923,0,0,100,10,1,
454.341,-1.2459791898727417,1.1796905994415283,90.375,3.121299982070923,0,0,100,10,1,
454.351,-1.2459791898727417,1.1796905994415283,90.375,3.121299982070923,0,0,100,10,1,
454.361,-1.1184169054031372,1.6033320426940918,90.75,3.121299982070923,0,0,100,10,1,
454.371,-1.1223242282867432,1.8456438779830933,90.9375,3.121299982070923,0,0,100,10,1,
454.381,-1.1138776540756226,2.1391665935516357,91.125,3.121299982070923,0,0,100,10,1,
454.391,-1.095702886581421,2.4804933071136475,91.3125,3.121299982070923,0,0,100,10,1,
454.401,-1.0660356283187866,2.838897466659546,91.5,3.121299982070923,0,0,100,10,1,
454.411,-1.0758988857269287,3.2600669860839844,91.6875,3.121299982070923,0,0,100,10,1,
454.421,-1.0738765001296997,3.75103759765625,91.875,3.121299982070923,0,0,100,10,1,
454.431,-0.9902057647705078,4.175535202026367,92.0625,3.121299982070923,0,0,100,10,1,
454.441,-0.8294681310653687,4.46171236038208,92.25,3.121299982070923,0,0,100,10,1,
454.451,-0.7413029074668884,4.699178695678711,92.4375,3.121299982070923,0,0,100,10,1,
454.461,-0.6784034967422485,5.049946308135986,92.625,3.121299982070923,0,0,100,10,1,
454.471,-0.7033359408378601,5.409161567687988,92.8125,3.121299982070923,0,0,100,10,1,
454.481,-0.7796400785446167,5.71450662612915,93,3.121299982070923,0,0,100,10,1,
454.491,-0.8414572477340698,5.9594597816467285,93.1875,3.121299982070923,0,0,100,10,1,
454.501,-0.9445632696151733,6.050025939941406,93.4375,3.121299982070923,0,0,100,10,1,
454.511,-1.1039103269577026,6.153955936431885,93.625,3.121299982070923,0,0,100,10,1,
454.521,-1.2479877471923828,6.191512107849121,93.875,3.121299982070923,0,0,100,10,1,
454.531,-1.3400505781173706,6.188283920288086,94.0625,3.121299982070923,0,0,100,10,1,
454.541,-1.4261771440505981,6.235002517700195,94.3125,3.121299982070923,0,0,100,10,1,
454.551,-1.4909136295318604,6.273637294769287,94.5,3.121299982070923,0,0,100,10,1,
454.561,-1.5236083269119263,6.146962642669678,94.75,3.121299982070923,0,0,100,10,1,
454.571,-1.5249866247177124,5.853541374206543,94.9375,3.121299982070923,0,0,100,10,1,
454.581,-1.5743393898010254,5.399113178253174,95.1875,3.121299982070923,0,0,100,10,1,
454.591,-1.5755506753921509,5.06032133102417,95.375,3.121299982070923,0,0,100,10,1,
454.601,-1.7403160333633423,4.725337982177734,95.5625,0.1886499971151352,0,0,100,10,1,
454.611,-1.8733584880828857,4.422234058380127,95.75,0.1886499971151352,0,0,100,10,1,
454.621,-2.049201011657715,4.079361915588379,96,0.1886499971151352,0,0,100,10,1,
454.631,-2.2055985927581787,3.7677865028381348,96.1875,0.1886499971151352,0,0,100,10,1,
454.641,-2.3071868419647217,3.4633357524871826,96.375,0.1886499971151352,0,0,100,10,1,
454.651,-2.435988187789917,3.112145185470581,96.5625,0.1886499971151352,0,0,100,10,1,
454.661,-2.5684962272644043,2.7414841651916504,96.8125,2.5553500652313232,0,0,100,10,1,
454.671,-2.730090618133545,2.3567042350769043,96.9375,2.5553500652313232,0,0,100,10,1,
454.681,-2.7923789024353027,1.9949889183044434,97.125,2.5553500652313232,0,0,100,10,1,
454.691,-2.9484994411468506,1.6284183263778687,97.25,2.5553500652313232,0,0,100,10,1,
454.701,-2.9569547176361084,1.3769090175628662,97.375,2.5553500652313232,0,0,100,10,1,
454.711,-2.933243989944458,1.2166084051132202,97.5,2.5553500652313232,0,0,100,10,1,
454.721,-2.8937528133392334,1.072666049003601,97.625,4.733399868011475,0,0,100,10,1,
454.731,-2.7546353340148926,0.9277515411376953,97.75,4.733399868011475,0,0,100,10,1,
454.741,-2.554238796234131,0.7848806977272034,97.875,4.733399868011475,0,0,100,10,1,
454.751,-2.4110031127929688,0.44567251205444336,98,4.733399868011475,0,0,100,10,1,
454.761,-2.1646766662597656,0.25421857833862305,98.0625,4.733399868011475,0,0,100,10,1,
454.771,-1.913159966468811,0.027567952871322632,98.1875,4.733399868011475,0,0,100,10,1,
454.781,-1.7568259239196777,-0.21377767622470856,98.3125,8.111949920654297,0,0,100,10,1,
454.791,-1.6275384426116943,-0.3514578342437744,98.375,8.111949920654297,0,0,100,10,1,
454.801,-1.494827151298523,-0.3634992241859436,98.5,8.111949920654297,0,0,100,10,1,
454.811,-1.4503401517868042,-0.3781517446041107,98.625,8.111949920654297,0,0,100,10,1,
454.821,-1.290329098701477,-0.22290852665901184,98.6875,8.111949920654297,0,0,100,10,1,
454.831,-1.0954140424728394,-0.07658237963914871,98.8125,8.111949920654297,0,0,100,10,1,
454.841,-0.7516275644302368,0.12500685453414917,98.875,9.878399848937988,0,0,100,10,1,
454.851,-0.3428272306919098,0.4401021897792816,99.0625,9.878399848937988,0,0,100,10,1,
454.861,0.01186913251876831,0.7353352308273315,99.25,9.878399848937988,0,0,100,10,1,
454.871,0.24824121594429016,0.8834574222564697,99.375,9.878399848937988,0,0,100,10,1,
454.881,0.6618884205818176,1.2987849712371826,99.4375,9.878399848937988,0,0,100,10,1,
454.891,0.820493221282959,1.9701647758483887,99.375,9.878399848937988,0,0,100,10,1,
454.901,0.9829362630844116,2.597855806350708,99.1875,11.319000244140625,0,0,100,10,1,
454.911,0.9152575731277466,3.27628231048584,99.0625,11.319000244140625,0,0,100,10,1,
454.921,0.644582211971283,3.679335594177246,99,11.319000244140625,0,0,100,10,1,
454.931,0.40370720624923706,3.8664021492004395,99.0625,11.319000244140625,0,0,100,10,1,
454.941,0.4735812842845917,3.9277079105377197,99.25,11.319000244140625,0,0,100,10,1,
454.951,0.664665699005127,3.794931411743164,99.4375,11.319000244140625,0,0,100,10,1,
454.961,0.7475329041481018,3.5629279613494873,99.5,12.022150039672852,0,0,100,10,1,
454.971,0.9598050713539124,3.1495463848114014,99.5625,12.022150039672852,0,0,100,10,1,
454.981,0.8648451566696167,2.791029930114746,99.5625,12.022150039672852,0,0,100,10,1,
454.991,0.43132680654525757,2.390735387802124,99.5625,12.022150039672852,0,0,100,10,1,
455.001,-0.2518694996833801,2.1373748779296875,99.625,12.022150039672852,0,0,100,10,1,
455.011,-0.9066016674041748,1.9148558378219604,99.75,12.022150039672852,0,0,100,10,1,
455.021,-1.5992960929870605,1.735715627670288,99.875,11.902099609375,0,0,100,10,1,
455.031,-2.251309394836426,1.5031315088272095,100,11.902099609375,0,0,100,10,1,
455.041,-2.701732873916626,1.2510665655136108,100.125,11.902099609375,0,0,100,10,1,
455.051,-2.8703722953796387,0.9033135771751404,100.25,11.902099609375,0,0,100,10,1,
455.061,-2.8412654399871826,0.5253695249557495,100.375,11.902099609375,0,0,100,10,1,
455.071,-2.8683624267578125,0.07397150993347168,100.4375,11.902099609375,0,0,100,10,1,
455.081,-2.8237063884735107,-0.3103712499141693,100.5625,11.078899383544922,0,0,100,10,1,
455.091,-2.7931435108184814,-0.5810467004776001,100.6875,11.078899383544922,0,0,100,10,1,
455.101,-2.8924190998077393,-0.7298896908760071,100.8125,11.078899383544922,0,0,100,10,1,
455.111,-3.147191047668457,-0.6569939851760864,100.9375,11.078899383544922,0,0,100,10,1,
455.121,-3.516935348510742,-0.5393891334533691,101,11.078899383544922,0,0,100,10,1,
455.131,-3.70664381980896,-0.28650200366973877,101.125,11.078899383544922,0,0,100,10,1,
455.141,-3.7745871543884277,-0.0001477329060435295,101.25,3.6872498989105225,0,0,100,10,1,
455.151,-3.7368178367614746,0.13633884489536285,101.3125,3.6872498989105225,0,0,100,10,1,
455.161,-3.4862375259399414,0.15820778906345367,101.4375,3.6872498989105225,0,0,100,10,1,
455.171,-3.079347848892212,0.0769396424293518,101.5,3.6872498989105225,0,0,100,10,1,
455.181,-2.784195899963379,-0.019707828760147095,101.5625,3.6872498989105225,0,0,100,10,1,
455.191,-2.5950891971588135,-0.06491105258464813,101.625,3.6872498989105225,0,0,100,10,1,
455.201,-2.344309091567993,-0.1866965889930725,101.6875,7.717499732971191,0,0,100,10,1,
455.211,-2.1716792583465576,-0.1997256875038147,101.75,7.717499732971191,0,0,100,10,1,
455.221,-2.026362895965576,-0.003540322184562683,101.8125,7.717499732971191,0,0,100,10,1,
455.231,-1.9874303340911865,0.24122470617294312,101.9375,7.717499732971191,0,0,100,10,1,
455.241,-2.1826584339141846,0.45982277393341064,102.0625,7.717499732971191,0,0,100,10,1,
455.251,-2.2516956329345703,0.6467341184616089,102.1875,7.717499732971191,0,0,100,10,1,
455.261,-2.3054850101470947,0.7481124997138977,102.25,6.945749759674072,0,0,100,10,1,
455.271,-2.3416194915771484,0.7440623641014099,102.3125,6.945749759674072,0,0,100,10,1,
455.281,-2.1612355709075928,0.5836818814277649,102.375,6.945749759674072,0,0,100,10,1,
455.291,-1.8717906475067139,0.3928607702255249,102.375,6.945749759674072,0,0,100,10,1,
455.301,-1.5500614643096924,0.14785446226596832,102.4375,6.945749759674072,0,0,100,10,1,
455.311,-1.1594805717468262,-0.08943181484937668,102.4375,6.945749759674072,0,0,100,10,1,
455.321,-1.0715619325637817,-0.3772036135196686,102.375,6.945749759674072,0,0,100,10,1,
455.331,-1.0235323905944824,-0.6167105436325073,102.375,6.945749759674072,0,0,100,10,1,
455.341,-0.9660449028015137,-0.7494779825210571,102.375,6.945749759674072,0,0,100,10,1,
455.351,-1.0605058670043945,-0.8103531002998352,102.375,6.945749759674072,0,0,100,10,1,
455.361,-1.4966065883636475,-0.9011127352714539,102.25,6.945749759674072,0,0,100,10,1,
455.371,-2.1647653579711914,-1.200243353843689,102.25,6.945749759674072,0,0,100,10,1,
455.381,-2.8152570724487305,-1.5572386980056763,102.1875,6.945749759674072,0,0,100,10,1,
455.391,-3.3894412517547607,-2.0043439865112305,102.1875,6.945749759674072,0,0,100,10,1,
455.401,-3.994044065475464,-2.5264928340911865,102.125,6.945749759674072,0,0,100,10,1,
455.411,-4.533091068267822,-2.986654758453369,101.9375,6.945749759674072,0,0,100,10,1,
455.421,-4.915329456329346,-3.1137828826904297,101.8125,6.945749759674072,0,0,100,10,1,
455.431,-5.133512496948242,-2.9897103309631348,101.6875,6.945749759674072,0,0,100,10,1,
455.441,-5.238539218902588,-2.743767738342285,101.6875,6.945749759674072,0,0,100,10,1,
455.451,-5.210962772369385,-2.49149751663208,101.5625,6.945749759674072,0,0,100,10,1,
455.461,-5.1381378173828125,-2.1618847846984863,101.3125,6.945749759674072,0,0,100,10,1,
455.471,-5.146978855133057,-2.012758255004883,101.125,6.945749759674072,0,0,100,10,1,
455.481,-5.19941520690918,-1.9309170246124268,101,6.945749759674072,0,0,100,10,1,
455.491,-5.312026500701904,-1.9032540321350098,101,6.945749759674072,0,0,100,10,1,
455.501,-5.589270114898682,-1.850939393043518,100.875,11.507649421691895,0,0,100,10,1,
455.511,-5.626989841461182,-1.6933692693710327,100.5,11.507649421691895,0,0,100,10,1,
455.521,-5.4344916343688965,-1.480112910270691,100.3125,11.507649421691895,0,0,100,10,1,
455.531,-5.2104082107543945,-1.2997843027114868,100.1875,11.507649421691895,0,0,100,10,1,
455.541,-4.92462158203125,-1.0670725107192993,100.1875,11.507649421691895,0,0,100,10,1,
455.551,-4.497622489929199,-0.8239099979400635,100.0625,11.507649421691895,0,0,100,10,1,
455.561,-4.1927924156188965,-0.7616991996765137,99.875,11.027449607849121,0,0,100,10,1,
455.571,-3.9994914531707764,-0.8190479874610901,99.8125,11.027449607849121,0,0,100,10,1,
455.581,-3.859334945678711,-0.940316915512085,99.6875,11.027449607849121,0,0,100,10,1,
455.591,-3.7276906967163086,-1.0214909315109253,99.6875,11.027449607849121,0,0,100,10,1,
455.601,-3.685669183731079,-1.1057579517364502,99.625,11.027449607849121,0,0,100,10,1,
455.611,-3.6265571117401123,-1.1464879512786865,99.4375,11.027449607849121,0,0,100,10,1,
455.621,-3.5706658363342285,-1.0980415344238281,99.375,11.027449607849121,0,0,100,10,1,
455.631,-3.41263484954834,-1.1103261709213257,99.25,11.027449607849121,0,0,100,10,1,
455.641,-3.2935657501220703,-1.0529834032058716,99.25,11.027449607849121,0,0,100,10,1,
455.651,-3.164848804473877,-0.9312266111373901,99.1875,11.027449607849121,0,0,100,10,1,
455.661,-2.943523406982422,-0.7177164554595947,99,11.027449607849121,0,0,100,10,1,
455.671,-2.6982944011688232,-0.588822603225708,98.9375,11.027449607849121,0,0,100,10,1,
455.681,-2.41133451461792,-0.5070260763168335,98.8125,11.027449607849121,0,0,100,10,1,
455.691,-2.2743406295776367,-0.5282946825027466,98.8125,11.027449607849121,0,0,100,10,1,
455.701,-2.2090492248535156,-0.6485785245895386,98.6875,11.027449607849121,0,0,100,10,1,
455.711,-2.3773231506347656,-0.8095111846923828,98.5625,11.027449607849121,0,0,100,10,1,
455.721,-2.646083354949951,-0.9456819295883179,98.4375,11.027449607849121,0,0,100,10,1,
455.731,-3.003809690475464,-0.980193018913269,98.375,11.027449607849121,0,0,100,10,1,
455.741,-3.2608633041381836,-0.938776433467865,98.375,11.027449607849121,0,0,100,10,1,
455.751,-3.3521618843078613,-0.8606626987457275,98.3125,11.027449607849121,0,0,100,10,1,
455.761,-3.366044044494629,-0.7007765173912048,98.1875,11.027449607849121,0,0,100,10,1,
455.771,-3.229574203491211,-0.5417014956474304,98.125,11.027449607849121,0,0,100,10,1,
455.781,-3.021245241165161,-0.4835491180419922,98,11.027449607849121,0,0,100,10,1,
455.791,-2.8715434074401855,-0.5299838781356812,98,11.027449607849121,0,0,100,10,1,
455.801,-2.618256092071533,-0.5962523221969604,97.9375,10.427200317382812,0,0,100,10,1,
455.811,-2.398303985595703,-0.7022824287414551,97.8125,10.427200317382812,0,0,100,10,1,
455.821,-2.1987080574035645,-0.8398389220237732,97.6875,10.427200317382812,0,0,100,10,1,
455.831,-2.0492234230041504,-0.8450633883476257,97.625,10.427200317382812,0,0,100,10,1,
455.841,-1.9933816194534302,-0.7657111287117004,97.625,10.427200317382812,0,0,100,10,1,
455.851,-1.9727082252502441,-0.624782383441925,97.5625,10.427200317382812,0,0,100,10,1,
455.861,-1.912602424621582,-0.3767545521259308,97.375,10.46150016784668,0,0,100,10,1,
455.871,-1.938983678817749,-0.1501900851726532,97.25,10.46150016784668,0,0,100,10,1,
455.881,-2.003420352935791,0.010408776812255383,97.1875,10.46150016784668,0,0,100,10,1,
455.891,-2.0186188220977783,0.04313892126083374,97.1875,10.46150016784668,0,0,100,10,1,
455.901,-2.038222312927246,0.046170756220817566,97.125,10.46150016784668,0,0,100,10,1,
455.911,-1.97539484500885,0.14227809011936188,96.9375,10.46150016784668,0,0,100,10,1,
455.921,-1.83798348903656,0.2570691406726837,96.8125,10.46150016784668,0,0,100,10,1,
455.931,-1.643127679824829,0.3974827229976654,96.75,10.46150016784668,0,0,100,10,1,
455.941,-1.5761892795562744,0.45288199186325073,96.75,10.46150016784668,0,0,100,10,1,
455.951,-1.5307751893997192,0.47742655873298645,96.6875,10.46150016784668,0,0,100,10,1,
455.961,-1.331149935722351,0.5481248497962952,96.5,10.46150016784668,0,0,100,10,1,
455.971,-1.1082305908203125,0.5928311944007874,96.4375,10.46150016784668,0,0,100,10,1,
455.981,-1.1082305908203125,0.5928311944007874,96.4375,10.46150016784668,0,0,100,10,1,
455.991,-0.5865417718887329,0.7487832307815552,96.3125,10.46150016784668,0,0,100,10,1,
456.001,-0.5371659994125366,0.7360957860946655,96.25,10.46150016784668,0,0,100,10,1,
456.011,-0.5371659994125366,0.7360957860946655,96.25,10.46150016784668,0,0,100,10,1,
456.021,-0.39290758967399597,0.851083517074585,96.125,10.46150016784668,0,0,100,10,1,
456.031,-0.2319629192352295,0.9639928340911865,96,10.46150016784668,0,0,100,10,1,
456.041,0.13804973661899567,1.2619245052337646,95.9375,10.46150016784668,0,0,100,10,1,
456.051,0.29476428031921387,1.3184025287628174,95.875,10.46150016784668,0,0,100,10,1,
456.061,0.29476428031921387,1.3184025287628174,95.875,10.46150016784668,0,0,100,10,1,
456.071,0.47978049516677856,1.421204686164856,95.6875,10.46150016784668,0,0,100,10,1,
456.081,0.7397390604019165,1.5910418033599854,95.625,10.46150016784668,0,0,100,10,1,
456.091,1.2598850727081299,2.026865243911743,95.5625,10.46150016784668,0,0,100,10,1,
456.101,1.4854316711425781,2.2653732299804688,95.4375,10.71875,0,0,100,10,1,
456.111,1.4854316711425781,2.2653732299804688,95.4375,10.71875,0,0,100,10,1,
456.121,1.6959413290023804,2.497965097427368,95.3125,10.71875,0,0,100,10,1,
456.131,1.8563311100006104,2.762054681777954,95.1875,10.71875,0,0,100,10,1,
456.141,1.9246397018432617,3.1193082332611084,95.125,10.71875,0,0,100,10,1,
456.151,2.0068249702453613,3.3311543464660645,95.0625,10.71875,0,0,100,10,1,
456.161,2.0068249702453613,3.3311543464660645,95.0625,10.530099868774414,0,0,100,10,1,
456.171,2.108551025390625,3.5503427982330322,94.9375,10.530099868774414,0,0,100,10,1,
456.181,2.224621057510376,3.7784621715545654,94.9375,10.530099868774414,0,0,100,10,1,
456.191,2.4469001293182373,4.124166488647461,94.875,10.530099868774414,0,0,100,10,1,
456.201,2.5118982791900635,4.321564674377441,94.8125,10.530099868774414,0,0,100,10,1,
456.211,2.5118982791900635,4.321564674377441,94.8125,10.530099868774414,0,0,100,10,1,
456.221,2.4962005615234375,4.492987155914307,94.75,10.530099868774414,0,0,100,10,1,
456.231,2.4687585830688477,4.660667896270752,94.6875,10.530099868774414,0,0,100,10,1,
456.241,2.2787868976593018,4.792732238769531,94.625,10.530099868774414,0,0,100,10,1,
456.251,2.1519417762756348,4.784956932067871,94.625,10.530099868774414,0,0,100,10,1,
456.261,2.1519417762756348,4.784956932067871,94.625,10.530099868774414,0,0,100,10,1,
456.271,1.958446741104126,4.751673698425293,94.5625,10.530099868774414,0,0,100,10,1,
456.281,1.729325532913208,4.803642272949219,94.5,10.530099868774414,0,0,100,10,1,
456.291,1.3204104900360107,4.886270523071289,94.5,10.530099868774414,0,0,100,10,1,
456.301,1.1525659561157227,4.9629292488098145,94.5,10.530099868774414,0,0,100,10,1,
456.311,1.1525659561157227,4.9629292488098145,94.5,10.530099868774414,0,0,100,10,1,
456.321,0.9289771914482117,5.04501485824585,94.5,10.530099868774414,0,0,100,10,1,
456.331,0.8158034086227417,5.060741424560547,94.5,10.530099868774414,0,0,100,10,1,
456.341,0.3624862730503082,4.6353960037231445,94.5,10.530099868774414,0,0,100,10,1,
456.351,0.20190386474132538,4.5419230461120605,94.5,10.530099868774414,0,0,100,10,1,
456.361,0.20190386474132538,4.5419230461120605,94.5,10.530099868774414,0,0,100,10,1,
456.371,0.06711000204086304,4.492456912994385,94.5,10.530099868774414,0,0,100,10,1,
456.381,-0.02859364077448845,4.505992889404297,94.5,10.530099868774414,0,0,100,10,1,
456.391,-0.3895114064216614,4.544139385223389,94.5,10.530099868774414,0,0,100,10,1,
456.401,-0.47811412811279297,4.49408483505249,94.5625,10.51294994354248,0,0,100,10,1,
456.411,-0.4124182462692261,4.467185974121094,94.5625,10.51294994354248,0,0,100,10,1,
456.421,-0.340300589799881,4.438318252563477,94.625,10.51294994354248,0,0,100,10,1,
456.431,-0.24890010058879852,4.3284125328063965,94.625,10.51294994354248,0,0,100,10,1,
456.441,-0.12834098935127258,4.147500038146973,94.625,10.51294994354248,0,0,100,10,1,
456.451,0.03541634976863861,4.0152740478515625,94.6875,10.51294994354248,0,0,100,10,1,
456.461,0.1682390421628952,3.976938486099243,94.6875,10.067049980163574,0,0,100,10,1,
456.471,0.4422873258590698,4.043179988861084,94.6875,10.067049980163574,0,0,100,10,1,
456.481,0.5694978833198547,4.131169319152832,94.75,10.067049980163574,0,0,100,10,1,
456.491,0.8014759421348572,4.3185014724731445,94.8125,10.067049980163574,0,0,100,10,1,
456.501,1.0243040323257446,4.470814228057861,94.8125,10.067049980163574,0,0,100,10,1,
456.511,1.2135127782821655,4.646798133850098,94.875,10.067049980163574,0,0,100,10,1,
456.521,1.4661288261413574,4.825315952301025,94.875,10.135649681091309,0,0,100,10,1,
456.531,1.6620653867721558,4.905026912689209,94.875,10.135649681091309,0,0,100,10,1,
456.541,1.8680065870285034,5.066995143890381,94.9375,10.135649681091309,0,0,100,10,1,
456.551,1.9915592670440674,5.3408203125,94.9375,10.135649681091309,0,0,100,10,1,
456.561,2.07745623588562,5.732663631439209,94.9375,10.135649681091309,0,0,100,10,1,
456.571,2.2430269718170166,6.1204328536987305,95,10.135649681091309,0,0,100,10,1,
456.581,2.323946237564087,6.459097385406494,95,10.46150016784668,0,0,100,10,1,
456.591,2.398738384246826,6.732375621795654,95.0625,10.46150016784668,0,0,100,10,1,
456.601,2.5069382190704346,7.043144702911377,95.0625,10.46150016784668,0,0,100,10,1,
456.611,2.528686285018921,7.217986106872559,95.125,10.46150016784668,0,0,100,10,1,
456.621,2.517667770385742,7.437115669250488,95.125,10.46150016784668,0,0,100,10,1,
456.631,2.4160585403442383,7.8746232986450195,95.1875,10.46150016784668,0,0,100,10,1,
456.641,2.3995554447174072,8.161026954650879,95.25,10.084199905395508,0,0,100,10,1,
456.651,2.3778769969940186,8.409710884094238,95.3125,10.084199905395508,0,0,100,10,1,
456.661,2.3215861320495605,8.665042877197266,95.375,10.084199905395508,0,0,100,10,1,
456.671,2.423922538757324,8.769765853881836,95.375,10.084199905395508,0,0,100,10,1,
456.681,2.428788661956787,8.679964065551758,95.4375,10.084199905395508,0,0,100,10,1,
456.691,2.430216073989868,8.65837574005127,95.5,10.084199905395508,0,0,100,10,1,
456.701,2.405200719833374,8.533634185791016,95.5625,10.478650093078613,0,0,100,10,1,
456.711,2.352754831314087,8.377105712890625,95.625,10.478650093078613,0,0,100,10,1,
456.721,2.2828240394592285,8.295734405517578,95.6875,10.478650093078613,0,0,100,10,1,
456.731,2.208946466445923,8.098483085632324,95.75,10.478650093078613,0,0,100,10,1,
456.741,2.1526575088500977,7.874253749847412,95.8125,10.478650093078613,0,0,100,10,1,
456.751,2.108798027038574,7.654247760772705,95.9375,10.478650093078613,0,0,100,10,1,
456.761,2.0115530490875244,7.423037052154541,96,10.495800018310547,0,0,100,10,1,
456.771,1.8370333909988403,7.104672431945801,96.0625,10.495800018310547,0,0,100,10,1,
456.781,1.654160737991333,6.826611518859863,96.125,10.495800018310547,0,0,100,10,1,
456.791,1.4274200201034546,6.624917030334473,96.25,10.495800018310547,0,0,100,10,1,
456.801,1.2315601110458374,6.405974388122559,96.3125,10.495800018310547,0,0,100,10,1,
456.811,1.0152662992477417,6.250040531158447,96.375,10.495800018310547,0,0,100,10,1,
456.821,0.7775901556015015,6.126309394836426,96.5,10.392899513244629,0,0,100,10,1,
456.831,0.6989679932594299,6.050230503082275,96.5625,10.392899513244629,0,0,100,10,1,
456.841,0.5458213686943054,5.936133861541748,96.625,10.392899513244629,0,0,100,10,1,
456.851,0.4093512296676636,5.7766242027282715,96.75,10.392899513244629,0,0,100,10,1,
456.861,0.35884523391723633,5.670141220092773,96.8125,10.392899513244629,0,0,100,10,1,
456.871,0.2797619104385376,5.459170818328857,96.875,10.392899513244629,0,0,100,10,1,
456.881,0.19118887186050415,5.29047966003418,96.9375,10.032750129699707,0,0,100,10,1,
456.891,0.1684364527463913,5.168515205383301,97,10.032750129699707,0,0,100,10,1,
456.901,0.1991332769393921,5.145572662353516,97.0625,10.032750129699707,0,0,100,10,1,
456.911,0.18754592537879944,5.151364326477051,97.125,10.032750129699707,0,0,100,10,1,
456.921,0.163714200258255,5.141734600067139,97.1875,10.032750129699707,0,0,100,10,1,
456.931,0.1449449062347412,5.1010613441467285,97.25,10.032750129699707,0,0,100,10,1,
456.941,0.14243870973587036,5.103051662445068,97.3125,9.99845027923584,0,0,100,10,1,
456.951,0.0767614096403122,5.054401397705078,97.375,9.99845027923584,0,0,100,10,1,
456.961,0.0033024847507476807,5.00396203994751,97.4375,9.99845027923584,0,0,100,10,1,
456.971,0.08972512185573578,5.006329536437988,97.5,9.99845027923584,0,0,100,10,1,
456.981,0.17420154809951782,5.169137001037598,97.5,9.99845027923584,0,0,100,10,1,
456.991,0.3539643883705139,5.397314071655273,97.5625,9.99845027923584,0,0,100,10,1,
457.001,0.5547479391098022,5.535637855529785,97.625,10.307149887084961,0,0,100,10,1,
457.011,0.7152789235115051,5.686468124389648,97.6875,10.307149887084961,0,0,100,10,1,
457.021,0.9926153421401978,5.834643363952637,97.75,10.307149887084961,0,0,100,10,1,
457.031,1.1772583723068237,5.869455337524414,97.8125,10.307149887084961,0,0,100,10,1,
457.041,1.4096382856369019,5.907580852508545,97.875,10.307149887084961,0,0,100,10,1,
457.051,1.6190072298049927,6.03542423248291,97.875,10.307149887084961,0,0,100,10,1,
457.061,1.7479326725006104,5.953038215637207,97.9375,10.410049438476562,0,0,100,10,1,
457.071,1.9082990884780884,5.957279682159424,98,10.410049438476562,0,0,100,10,1,
457.081,2.0206491947174072,5.900235176086426,98.0625,10.410049438476562,0,0,100,10,1,
457.091,2.1136772632598877,5.7168192863464355,98.125,10.410049438476562,0,0,100,10,1,
457.101,2.1992714405059814,5.577094554901123,98.1875,10.410049438476562,0,0,100,10,1,
457.111,2.26224946975708,5.390439987182617,98.25,10.410049438476562,0,0,100,10,1,
457.121,2.261162519454956,5.074338436126709,98.3125,9.689749717712402,0,0,100,10,1,
457.131,2.2596609592437744,4.791805744171143,98.375,9.689749717712402,0,0,100,10,1,
457.141,2.2009241580963135,4.554355144500732,98.4375,9.689749717712402,0,0,100,10,1,
457.151,2.1037395000457764,4.350815296173096,98.5,9.689749717712402,0,0,100,10,1,
457.161,2.00286602973938,4.143743991851807,98.5625,9.689749717712402,0,0,100,10,1,
457.171,1.8581507205963135,4.03617525100708,98.625,9.689749717712402,0,0,100,10,1,
457.181,1.8073989152908325,3.9542315006256104,98.6875,5.144999980926514,0,0,100,10,1,
457.191,1.7712808847427368,3.8248918056488037,98.75,5.144999980926514,0,0,100,10,1,
457.201,1.7599562406539917,3.6773452758789062,98.75,5.144999980926514,0,0,100,10,1,
457.211,1.668087363243103,3.512449026107788,98.8125,5.144999980926514,0,0,100,10,1,
457.221,1.4970214366912842,3.419718027114868,98.8125,5.144999980926514,0,0,100,10,1,
457.231,1.2829924821853638,3.255528211593628,98.8125,5.144999980926514,0,0,100,10,1,
457.241,1.097152829170227,3.174013137817383,98.875,1.0633000135421753,0,0,100,10,1,
457.251,0.9455816149711609,3.1346662044525146,98.875,1.0633000135421753,0,0,100,10,1,
457.261,0.8062701225280762,3.1494147777557373,98.875,1.0633000135421753,0,0,100,10,1,
457.271,0.6525473594665527,3.1239776611328125,98.9375,1.0633000135421753,0,0,100,10,1,
457.281,0.5542093515396118,2.9698426723480225,98.9375,1.0633000135421753,0,0,100,10,1,
457.291,0.530876636505127,2.860410213470459,98.9375,1.0633000135421753,0,0,100,10,1,
457.301,0.5355607271194458,2.7871289253234863,98.9375,1.0633000135421753,0,0,100,10,1,
457.311,0.3995588719844818,2.6877424716949463,98.9375,1.0633000135421753,0,0,100,10,1,
457.321,0.41104742884635925,2.533308744430542,98.9375,1.0633000135421753,0,0,100,10,1,
457.331,0.4036279320716858,2.47804594039917,98.9375,1.0633000135421753,0,0,100,10,1,
457.341,0.4428075850009918,2.4627130031585693,98.875,1.0633000135421753,0,0,100,10,1,
457.351,0.4337911307811737,2.4573936462402344,98.875,1.0633000135421753,0,0,100,10,1,
457.361,0.401773065328598,2.4233617782592773,98.875,5.710949897766113,0,0,100,10,1,
457.371,0.31197217106819153,2.2908849716186523,98.8125,5.710949897766113,0,0,100,10,1,
457.381,0.3482852578163147,2.1842942237854004,98.8125,5.710949897766113,0,0,100,10,1,
457.391,0.3390848636627197,1.9897639751434326,98.75,5.710949897766113,0,0,100,10,1,
457.401,0.08553126454353333,1.6304293870925903,98.75,5.710949897766113,0,0,100,10,1,
457.411,0.014382310211658478,1.3017507791519165,98.625,5.710949897766113,0,0,100,10,1,
457.421,-0.026624999940395355,1.001140832901001,98.5,6.877150058746338,0,0,100,10,1,
457.431,-0.059048816561698914,0.7348082065582275,98.375,6.877150058746338,0,0,100,10,1,
457.441,-0.04057839512825012,0.5857362151145935,98.3125,6.877150058746338,0,0,100,10,1,
457.451,0.03594273328781128,0.3987649083137512,98.3125,6.877150058746338,0,0,100,10,1,
457.461,0.12380009889602661,0.21909156441688538,98.25,6.877150058746338,0,0,100,10,1,
457.471,0.4129481017589569,0.2815326750278473,98.125,6.877150058746338,0,0,100,10,1,
457.481,0.7098057270050049,0.3259764313697815,98.0625,6.877150058746338,0,0,100,10,1,
457.491,0.909621000289917,0.23041102290153503,98,6.877150058746338,0,0,100,10,1,
457.501,1.2667031288146973,0.18397286534309387,98,6.877150058746338,0,0,100,10,1,
457.511,1.5752460956573486,0.022602379322052002,97.9375,6.877150058746338,0,0,100,10,1,
457.521,1.7789829969406128,-0.27677032351493835,97.6875,6.877150058746338,0,0,100,10,1,
457.531,1.8896844387054443,-0.4859315752983093,97.625,6.877150058746338,0,0,100,10,1,
457.541,1.991695761680603,-0.6441099047660828,97.5,6.877150058746338,0,0,100,10,1,
457.551,2.172231674194336,-0.6985272169113159,97.5,6.877150058746338,0,0,100,10,1,
457.561,2.2415008544921875,-0.8070010542869568,97.375,6.877150058746338,0,0,100,10,1,
457.571,2.305558204650879,-0.9376287460327148,97.0625,6.877150058746338,0,0,100,10,1,
457.581,2.6959118843078613,-0.9097571969032288,96.9375,6.877150058746338,0,0,100,10,1,
457.591,3.207322120666504,-0.7364531755447388,96.75,6.877150058746338,0,0,100,10,1,
457.601,3.7466201782226562,-0.5165457129478455,96.75,6.877150058746338,0,0,100,10,1,
457.611,4.2424397468566895,-0.3210791349411011,96.625,6.877150058746338,0,0,100,10,1,
457.621,4.683899402618408,-0.16253527998924255,96.3125,6.877150058746338,0,0,100,10,1,
457.631,4.68051815032959,-0.1779979020357132,96.125,6.877150058746338,0,0,100,10,1,
457.641,4.551121234893799,-0.19485190510749817,95.9375,6.877150058746338,0,0,100,10,1,
457.651,4.441234588623047,-0.2524147033691406,95.9375,6.877150058746338,0,0,100,10,1,
457.661,4.403964996337891,-0.3041817843914032,95.75,10.427200317382812,0,0,100,10,1,
457.671,4.389914035797119,-0.5042818784713745,95.375,10.427200317382812,0,0,100,10,1,
457.681,4.47312593460083,-0.6762853860855103,95.1875,10.427200317382812,0,0,100,10,1,
457.691,4.47312593460083,-0.6762853860855103,94.9375,10.427200317382812,0,0,100,10,1,
457.701,4.598840713500977,-0.832310676574707,94.9375,10.427200317382812,0,0,100,10,1,
457.711,4.654191017150879,-0.6881114840507507,94.75,10.427200317382812,0,0,100,10,1,
457.721,4.68643045425415,-0.4195220470428467,94.4375,10.735899925231934,0,0,100,10,1,
457.731,4.68643045425415,-0.4195220470428467,94.4375,10.735899925231934,0,0,100,10,1,
457.741,4.68826150894165,-0.08507388085126877,94.3125,10.735899925231934,0,0,100,10,1,
457.751,4.640000343322754,0.31643012166023254,94.1875,10.735899925231934,0,0,100,10,1,
457.761,4.697324275970459,0.3655719459056854,94.0625,10.735899925231934,0,0,100,10,1,
457.771,4.697324275970459,0.3655719459056854,94.0625,10.735899925231934,0,0,100,10,1,
457.781,4.552770614624023,0.18232205510139465,93.75,10.735899925231934,0,0,100,10,1,
457.791,4.48982048034668,-0.05871275067329407,93.625,10.735899925231934,0,0,100,10,1,
457.801,4.466422080993652,-0.2200971096754074,93.5,10.735899925231934,0,0,100,10,1,
457.811,4.289041996002197,-0.20075619220733643,93.375,10.735899925231934,0,0,100,10,1,
457.821,4.289041996002197,-0.20075619220733643,93.375,10.735899925231934,0,0,100,10,1,
457.831,4.222206115722656,-0.0741104781627655,93.0625,10.735899925231934,0,0,100,10,1,
457.841,4.102264404296875,0.23240651190280914,92.9375,10.735899925231934,0,0,100,10,1,
457.851,4.192488670349121,0.9433642625808716,92.75,10.735899925231934,0,0,100,10,1,
457.861,4.402687072753906,1.3509849309921265,92.625,10.735899925231934,0,0,100,10,1,
457.871,4.402687072753906,1.3509849309921265,92.625,10.735899925231934,0,0,100,10,1,
457.881,4.536251544952393,1.6791878938674927,92.3125,10.735899925231934,0,0,100,10,1,
457.891,4.583011627197266,1.9456391334533691,92.1875,10.735899925231934,0,0,100,10,1,
457.901,4.304041862487793,2.2864468097686768,92,10.735899925231934,0,0,100,10,1,
457.911,4.086765289306641,2.3870089054107666,91.875,10.735899925231934,0,0,100,10,1,
457.921,4.086765289306641,2.3870089054107666,91.875,10.735899925231934,0,0,100,10,1,
457.931,3.624593734741211,2.6752769947052,91.625,10.735899925231934,0,0,100,10,1,
457.941,3.2027649879455566,3.011111259460449,91.5,10.735899925231934,0,0,100,10,1,
457.951,2.2149837017059326,3.550372838973999,91.3125,10.735899925231934,0,0,100,10,1,
457.961,1.6507601737976074,3.533721923828125,91.1875,9.706899642944336,0,0,100,10,1,
457.971,1.6507601737976074,3.533721923828125,91.1875,9.706899642944336,0,0,100,10,1,
457.981,1.1546640396118164,3.4267590045928955,91,9.706899642944336,0,0,100,10,1,
457.991,0.6504533886909485,3.3347442150115967,90.875,9.706899642944336,0,0,100,10,1,
458.001,-0.13156768679618835,3.154174327850342,90.75,9.706899642944336,0,0,100,10,1,
458.011,-0.540276825428009,3.1669561862945557,90.625,9.706899642944336,0,0,100,10,1,
458.021,-0.540276825428009,3.1669561862945557,90.625,10.615849494934082,0,0,100,10,1,
458.031,-1.14207923412323,3.0767226219177246,90.4375,10.615849494934082,0,0,100,10,1,
458.041,-1.7266746759414673,3.0137338638305664,90.3125,10.615849494934082,0,0,100,10,1,
458.051,-3.0217628479003906,2.8755221366882324,90.1875,10.615849494934082,0,0,100,10,1,
458.061,-3.656733274459839,2.7809929847717285,90.125,10.615849494934082,0,0,100,10,1,
458.071,-3.656733274459839,2.7809929847717285,90.125,10.615849494934082,0,0,100,10,1,
458.081,-4.297240257263184,2.4613263607025146,90,10.615849494934082,0,0,100,10,1,
458.091,-4.6244401931762695,2.0584559440612793,89.9375,10.615849494934082,0,0,100,10,1,
458.101,-5.337596416473389,1.1005985736846924,89.875,10.615849494934082,0,0,100,10,1,
458.111,-5.602390766143799,0.6947135925292969,89.8125,10.615849494934082,0,0,100,10,1,
458.121,-5.602390766143799,0.6947135925292969,89.8125,10.615849494934082,0,0,100,10,1,
458.131,-5.745891094207764,0.3165068030357361,89.6875,10.615849494934082,0,0,100,10,1,
458.141,-5.856379508972168,0.06867623329162598,89.625,10.615849494934082,0,0,100,10,1,
458.151,-5.658952236175537,-0.2507171928882599,89.5625,10.615849494934082,0,0,100,10,1,
458.161,-5.492334365844727,-0.4354737401008606,89.5,10.615849494934082,0,0,100,10,1,
458.171,-5.492334365844727,-0.4354737401008606,89.5,10.615849494934082,0,0,100,10,1,
458.181,-5.127922534942627,-0.60872882604599,89.375,10.615849494934082,0,0,100,10,1,
458.191,-4.825140476226807,-0.7626376748085022,89.3125,10.615849494934082,0,0,100,10,1,
458.201,-3.9670469760894775,-0.7604286670684814,89.25,10.615849494934082,0,0,100,10,1,
458.211,-3.6229050159454346,-0.6048628091812134,89.25,10.615849494934082,0,0,100,10,1,
458.221,-3.6229050159454346,-0.6048628091812134,89.25,10.615849494934082,0,0,100,10,1,
458.231,-3.2037103176116943,-0.28020739555358887,89.125,10.615849494934082,0,0,100,10,1,
458.241,-2.7884275913238525,0.1050024926662445,89.125,10.615849494934082,0,0,100,10,1,
458.251,-1.970206379890442,0.6994302272796631,89.0625,10.615849494934082,0,0,100,10,1,
458.261,-1.6242026090621948,0.8997141718864441,89.0625,10.169949531555176,0,0,100,10,1,
458.271,-1.6242026090621948,0.8997141718864441,89.0625,10.169949531555176,0,0,100,10,1,
458.281,-1.3448578119277954,1.0809274911880493,89,10.169949531555176,0,0,100,10,1,
458.291,-1.0664368867874146,1.117724061012268,89,10.169949531555176,0,0,100,10,1,
458.301,-0.32568788528442383,1.1905670166015625,89,10.169949531555176,0,0,100,10,1,
458.311,0.18880903720855713,1.4055346250534058,88.9375,10.169949531555176,0,0,100,10,1,
458.321,0.18880903720855713,1.4055346250534058,88.9375,10.444350242614746,0,0,100,10,1,
458.331,0.7774540185928345,1.7597720623016357,88.9375,10.444350242614746,0,0,100,10,1,
458.341,1.3577712774276733,2.0802717208862305,88.9375,10.444350242614746,0,0,100,10,1,
458.351,2.3351612091064453,2.358956813812256,88.9375,10.444350242614746,0,0,100,10,1,
458.361,2.449207067489624,2.271134614944458,88.9375,10.444350242614746,0,0,100,10,1,
458.371,2.449207067489624,2.271134614944458,88.9375,10.444350242614746,0,0,100,10,1,
458.381,2.467808723449707,2.060584783554077,88.9375,10.444350242614746,0,0,100,10,1,
458.391,2.4739716053009033,1.7785859107971191,88.9375,10.444350242614746,0,0,100,10,1,
458.401,2.088238477706909,1.2385891675949097,89,10.444350242614746,0,0,100,10,1,
458.411,2.0041213035583496,0.9122125506401062,89,10.444350242614746,0,0,100,10,1,
458.421,1.6740729808807373,0.5658555626869202,89,10.444350242614746,0,0,100,10,1,
458.431,1.6740729808807373,0.5658555626869202,89,10.444350242614746,0,0,100,10,1,
458.441,1.2979605197906494,0.0997285470366478,89.0625,10.444350242614746,0,0,100,10,1,
458.451,1.1556808948516846,-0.10419591516256332,89.0625,10.444350242614746,0,0,100,10,1,
458.461,1.061150312423706,-0.14186254143714905,89.125,10.444350242614746,0,0,100,10,1,
458.471,1.061150312423706,-0.14186254143714905,89.125,10.444350242614746,0,0,100,10,1,
458.481,0.7671456336975098,-0.07473433017730713,89.1875,10.444350242614746,0,0,100,10,1,
458.491,0.6258333921432495,-0.0845373347401619,89.1875,10.444350242614746,0,0,100,10,1,
458.501,0.19444864988327026,-0.30114227533340454,89.1875,10.444350242614746,0,0,100,10,1,
458.511,-0.16442520916461945,-0.5730593800544739,89.25,10.444350242614746,0,0,100,10,1,
458.521,-0.5116279125213623,-0.8559302091598511,89.25,10.444350242614746,0,0,100,10,1,
458.531,-0.7954697608947754,-1.2214103937149048,89.3125,10.444350242614746,0,0,100,10,1,
458.541,-1.1733258962631226,-1.5781946182250977,89.3125,10.444350242614746,0,0,100,10,1,
458.551,-1.497161865234375,-1.813499927520752,89.375,10.444350242614746,0,0,100,10,1,
458.561,-1.7487698793411255,-1.937099814414978,89.375,9.964149475097656,0,0,100,10,1,
458.571,-2.0239622592926025,-2.1149659156799316,89.4375,9.964149475097656,0,0,100,10,1,
458.581,-2.0780093669891357,-2.2955095767974854,89.4375,9.964149475097656,0,0,100,10,1,
458.591,-2.086463212966919,-2.409130573272705,89.5,9.964149475097656,0,0,100,10,1,
458.601,-2.1884219646453857,-2.555504560470581,89.5,9.964149475097656,0,0,100,10,1,
458.611,-2.0519907474517822,-2.6008708477020264,89.5625,9.964149475097656,0,0,100,10,1,
458.621,-1.9664897918701172,-2.60270094871521,89.5625,9.895549774169922,0,0,100,10,1,
458.631,-1.8635284900665283,-2.6485233306884766,89.625,9.895549774169922,0,0,100,10,1,
458.641,-1.6196982860565186,-2.533646821975708,89.625,9.895549774169922,0,0,100,10,1,
458.651,-1.4226038455963135,-2.4000024795532227,89.6875,9.895549774169922,0,0,100,10,1,
458.661,-1.2660049200057983,-2.1743881702423096,89.75,9.895549774169922,0,0,100,10,1,
458.671,-1.0650867223739624,-1.8605921268463135,89.75,9.895549774169922,0,0,100,10,1,
458.681,-0.9300748109817505,-1.5424292087554932,89.8125,9.449649810791016,0,0,100,10,1,
458.691,-0.6598823666572571,-1.1723754405975342,89.8125,9.449649810791016,0,0,100,10,1,
458.701,-0.3052862286567688,-0.8656233549118042,89.875,9.449649810791016,0,0,100,10,1,
458.711,-0.060829535126686096,-0.6450158953666687,89.875,9.449649810791016,0,0,100,10,1,
458.721,0.141786128282547,-0.5441957116127014,89.9375,9.449649810791016,0,0,100,10,1,
458.731,0.3476872742176056,-0.455404669046402,89.9375,9.449649810791016,0,0,100,10,1,
458.741,0.5283971428871155,-0.46557897329330444,89.9375,9.861249923706055,0,0,100,10,1,
458.751,0.7383424043655396,-0.47663578391075134,90,9.861249923706055,0,0,100,10,1,
458.761,0.9294722676277161,-0.3987504243850708,90,9.861249923706055,0,0,100,10,1,
458.771,1.2395964860916138,-0.23986272513866425,90.0625,9.861249923706055,0,0,100,10,1,
458.781,1.5728431940078735,-0.06584104895591736,90.0625,9.861249923706055,0,0,100,10,1,
458.791,1.8102383613586426,0.09201397001743317,90.125,9.861249923706055,0,0,100,10,1,
458.801,1.8843858242034912,0.1645433008670807,90.1875,9.79265022277832,0,0,100,10,1,
458.811,1.873824119567871,0.20550143718719482,90.25,9.79265022277832,0,0,100,10,1,
458.821,1.892573595046997,0.20798638463020325,90.25,9.79265022277832,0,0,100,10,1,
458.831,1.7337158918380737,0.05805760622024536,90.3125,9.79265022277832,0,0,100,10,1,
458.841,1.6285282373428345,-0.04640202224254608,90.375,9.79265022277832,0,0,100,10,1,
458.851,1.4948183298110962,-0.16638605296611786,90.4375,9.79265022277832,0,0,100,10,1,
458.861,1.3453295230865479,-0.2801058292388916,90.5,9.826950073242188,0,0,100,10,1,
458.871,1.16818106174469,-0.4158409535884857,90.5625,9.826950073242188,0,0,100,10,1,
458.881,1.0050029754638672,-0.5843713879585266,90.625,9.826950073242188,0,0,100,10,1,
458.891,0.9187698364257812,-0.5771784782409668,90.625,9.826950073242188,0,0,100,10,1,
458.901,0.7270424365997314,-0.5802149772644043,90.6875,9.826950073242188,0,0,100,10,1,
458.911,0.4220099151134491,-0.7134060859680176,90.75,9.826950073242188,0,0,100,10,1,
458.921,0.2487485408782959,-0.8713081479072571,90.875,9.79265022277832,0,0,100,10,1,
458.931,0.10042019188404083,-1.0852564573287964,90.9375,9.79265022277832,0,0,100,10,1,
458.941,-0.09030649811029434,-1.286302924156189,91,9.79265022277832,0,0,100,10,1,
458.951,-0.1114385575056076,-1.4237828254699707,91.0625,9.79265022277832,0,0,100,10,1,
458.961,-0.1149234026670456,-1.537979006767273,91.125,9.79265022277832,0,0,100,10,1,
458.971,-0.17249828577041626,-1.639237880706787,91.1875,9.79265022277832,0,0,100,10,1,
458.981,-0.18650470674037933,-1.6702909469604492,91.3125,10.135649681091309,0,0,100,10,1,
458.991,-0.2097824215888977,-1.7028074264526367,91.375,10.135649681091309,0,0,100,10,1,
459.001,-0.246413916349411,-1.7311818599700928,91.4375,10.135649681091309,0,0,100,10,1,
459.011,-0.29137831926345825,-1.7917872667312622,91.5625,10.135649681091309,0,0,100,10,1,
459.021,-0.1849578320980072,-1.7074506282806396,91.625,10.135649681091309,0,0,100,10,1,
459.031,-0.12949120998382568,-1.5845651626586914,91.75,10.135649681091309,0,0,100,10,1,
459.041,-0.06948952376842499,-1.4848101139068604,91.8125,9.243849754333496,0,0,100,10,1,
459.051,0.007816396653652191,-1.2509362697601318,91.9375,9.243849754333496,0,0,100,10,1,
459.061,0.09208288788795471,-0.9328657984733582,92,9.243849754333496,0,0,100,10,1,
459.071,0.19898681342601776,-0.7810509204864502,92.125,9.243849754333496,0,0,100,10,1,
459.081,0.3586548864841461,-0.64256352186203,92.1875,9.243849754333496,0,0,100,10,1,
459.091,0.5628450512886047,-0.6332936882972717,92.3125,9.243849754333496,0,0,100,10,1,
459.101,0.6770536303520203,-0.6575452089309692,92.375,10.118499755859375,0,0,100,10,1,
459.111,0.8546715974807739,-0.6946817636489868,92.5,10.118499755859375,0,0,100,10,1,
459.121,1.0953432321548462,-0.7370745539665222,92.625,10.118499755859375,0,0,100,10,1,
459.131,1.3916690349578857,-0.6452713012695312,92.75,10.118499755859375,0,0,100,10,1,
459.141,1.6653715372085571,-0.42602553963661194,92.875,10.118499755859375,0,0,100,10,1,
459.151,1.8389655351638794,-0.24371501803398132,92.9375,10.118499755859375,0,0,100,10,1,
459.161,2.0252089500427246,-0.07087375223636627,93.0625,3.5500500202178955,0,0,100,10,1,
459.171,2.2805657386779785,0.06548575311899185,93.1875,3.5500500202178955,0,0,100,10,1,
459.181,2.545865774154663,0.10688336938619614,93.3125,3.5500500202178955,0,0,100,10,1,
459.191,2.7294392585754395,-0.011440981179475784,93.4375,3.5500500202178955,0,0,100,10,1,
459.201,2.7764313220977783,-0.27695292234420776,93.5625,3.5500500202178955,0,0,100,10,1,
459.211,2.826788902282715,-0.5432698130607605,93.6875,3.5500500202178955,0,0,100,10,1,
459.221,2.8179779052734375,-0.748349666595459,93.875,4.819149971008301,0,0,100,10,1,
459.231,2.876984119415283,-0.864425539970398,94.0625,4.819149971008301,0,0,100,10,1,
459.241,2.910644769668579,-0.9675928354263306,94.25,4.819149971008301,0,0,100,10,1,
459.251,2.9743125438690186,-1.0232212543487549,94.375,4.819149971008301,0,0,100,10,1,
459.261,3.070385694503784,-1.0642491579055786,94.5625,4.819149971008301,0,0,100,10,1,
459.271,3.0461349487304688,-1.0479023456573486,94.6875,4.819149971008301,0,0,100,10,1,
459.281,2.965409517288208,-0.9947781562805176,94.75,1.8865000009536743,0,0,100,10,1,
459.291,2.7037529945373535,-1.135770320892334,94.875,1.8865000009536743,0,0,100,10,1,
459.301,2.321488857269287,-1.387481927871704,95,1.8865000009536743,0,0,100,10,1,
459.311,2.0688462257385254,-1.734033465385437,95,1.8865000009536743,0,0,100,10,1,
459.321,1.723602533340454,-2.120924949645996,95.125,1.8865000009536743,0,0,100,10,1,
459.331,1.482649564743042,-2.328852653503418,95.3125,1.8865000009536743,0,0,100,10,1,
459.341,1.2482693195343018,-2.410954713821411,95.375,1.8865000009536743,0,0,100,10,1,
459.351,1.1264256238937378,-2.338303565979004,95.5,1.8865000009536743,0,0,100,10,1,
459.361,0.9257990121841431,-2.23525333404541,95.5625,1.8865000009536743,0,0,100,10,1,
459.371,0.8242901563644409,-2.018497943878174,95.5625,1.8865000009536743,0,0,100,10,1,
459.381,0.7222146391868591,-1.7354522943496704,95.75,1.8865000009536743,0,0,100,10,1,
459.391,0.6451245546340942,-1.496741771697998,95.8125,1.8865000009536743,0,0,100,10,1,
459.401,0.5343388915061951,-1.2955074310302734,95.8125,1.8865000009536743,0,0,100,10,1,
459.411,0.4649145305156708,-1.0956120491027832,95.8125,1.8865000009536743,0,0,100,10,1,
459.421,0.3409874141216278,-0.9025340676307678,95.875,1.8865000009536743,0,0,100,10,1,
459.431,0.16408750414848328,-0.8212379217147827,95.9375,1.8865000009536743,0,0,100,10,1,
459.441,-0.016177574172616005,-0.8068745136260986,95.9375,1.8865000009536743,0,0,100,10,1,
459.451,-0.016177574172616005,-0.8068745136260986,95.9375,1.8865000009536743,0,0,100,10,1,
459.461,-0.33546847105026245,-0.7475430369377136,95.9375,1.8865000009536743,0,0,100,10,1,
459.471,-0.4855233430862427,-0.6098520755767822,95.875,1.8865000009536743,0,0,100,10,1,
459.481,-0.5528169870376587,-0.4312240779399872,95.75,1.8865000009536743,0,0,100,10,1,
459.491,-0.5417795777320862,-0.22967007756233215,95.625,1.8865000009536743,0,0,100,10,1,
459.501,-0.5417795777320862,-0.22967007756233215,95.625,1.8865000009536743,0,0,100,10,1,
459.511,-0.428589403629303,0.2509371042251587,95.5625,1.8865000009536743,0,0,100,10,1,
459.521,-0.3149411082267761,0.45173031091690063,95.4375,11.507649421691895,0,0,100,10,1,
459.531,-0.3149411082267761,0.45173031091690063,95.4375,11.507649421691895,0,0,100,10,1,
459.541,-0.21654123067855835,0.5764921307563782,95.125,11.507649421691895,0,0,100,10,1,
459.551,-0.13620193302631378,0.5993373394012451,95.125,11.507649421691895,0,0,100,10,1,
459.561,0.04188227280974388,0.4926304519176483,95.0625,11.507649421691895,0,0,100,10,1,
459.571,0.0613304004073143,0.40503376722335815,94.9375,11.507649421691895,0,0,100,10,1,
459.581,0.0613304004073143,0.40503376722335815,94.9375,12.399449348449707,0,0,100,10,1,
459.591,-0.17875558137893677,0.14290949702262878,94.9375,12.399449348449707,0,0,100,10,1,
459.601,-0.6241722702980042,-0.25743991136550903,95,12.399449348449707,0,0,100,10,1,
459.611,-1.2495155334472656,-0.9388303160667419,95,12.399449348449707,0,0,100,10,1,
459.621,-1.2508423328399658,-0.9129762053489685,95,12.399449348449707,0,0,100,10,1,
459.631,-1.2508423328399658,-0.9129762053489685,95,12.399449348449707,0,0,100,10,1,
459.641,-1.0422924757003784,-0.7979466915130615,95.0625,12.399449348449707,0,0,100,10,1,
459.651,-0.7834224700927734,-0.8061351776123047,95.0625,12.399449348449707,0,0,100,10,1,
459.661,-0.41709935665130615,-0.8621448278427124,95.0625,12.399449348449707,0,0,100,10,1,
459.671,-0.11703740060329437,-0.7122011184692383,95.1875,12.399449348449707,0,0,100,10,1,
459.681,-0.11703740060329437,-0.7122011184692383,95.1875,12.399449348449707,0,0,100,10,1,
459.691,0.03747498244047165,-0.474356472492218,95.375,12.399449348449707,0,0,100,10,1,
459.701,-0.34926092624664307,-0.5477994680404663,95.4375,12.399449348449707,0,0,100,10,1,
459.711,-1.8500334024429321,-1.2012523412704468,95.4375,12.399449348449707,0,0,100,10,1,
459.721,-2.501210927963257,-1.5378642082214355,95.5,12.399449348449707,0,0,100,10,1,
459.731,-2.501210927963257,-1.5378642082214355,95.5,12.399449348449707,0,0,100,10,1,
459.741,-3.114283561706543,-1.8411307334899902,95.625,12.399449348449707,0,0,100,10,1,
459.751,-3.6137261390686035,-1.9978293180465698,95.6875,12.399449348449707,0,0,100,10,1,
459.761,-3.99308180809021,-1.8003145456314087,95.75,12.399449348449707,0,0,100,20,1,
459.771,-3.850637912750244,-1.4011292457580566,95.8125,12.399449348449707,0,0,100,20,1,
459.781,-3.850637912750244,-1.4011292457580566,95.8125,12.399449348449707,0,0,100,20,1,
459.791,-3.482175588607788,-0.8022792935371399,95.9375,12.399449348449707,0,0,100,20,1,
459.801,-3.0882537364959717,-0.24023525416851044,96,12.399449348449707,0,0,100,20,1,
459.811,-2.0598599910736084,0.7630423903465271,96.125,12.399449348449707,0,0,100,20,1,
459.821,-1.6355571746826172,1.1140146255493164,96.125,13.82289981842041,0,0,100,20,1,
459.831,-1.6355571746826172,1.1140146255493164,96.125,13.82289981842041,0,0,100,20,1,
459.841,-1.3563954830169678,1.4550861120224,96.25,13.82289981842041,0,0,100,20,1,
459.851,-1.2467793226242065,1.6846529245376587,96.25,13.82289981842041,0,0,100,20,1,
459.861,-1.5010672807693481,1.6523468494415283,96.25,13.82289981842041,0,0,100,20,1,
459.871,-1.757699966430664,1.3051596879959106,96.3125,13.82289981842041,0,0,100,20,1,
459.881,-1.757699966430664,1.3051596879959106,96.3125,12.982549667358398,0,0,100,20,1,
459.891,-2.100208282470703,0.8224676847457886,96.375,12.982549667358398,0,0,100,20,1,
459.901,-2.3364505767822266,0.25788429379463196,96.375,12.982549667358398,0,0,100,20,1,
459.911,-2.8558144569396973,-0.43002280592918396,96.4375,12.982549667358398,0,0,100,20,1,
459.921,-2.898540496826172,-0.6345701813697815,96.4375,12.982549667358398,0,0,100,20,1,
459.931,-2.898540496826172,-0.6345701813697815,96.4375,12.982549667358398,0,0,100,20,1,
459.941,-2.7493584156036377,-0.7801944017410278,96.4375,12.982549667358398,0,0,100,20,1,
459.951,-2.5976545810699463,-0.909863293170929,96.375,12.982549667358398,0,0,100,20,1,
459.961,-2.019556999206543,-1.4485528469085693,96.375,12.982549667358398,0,0,100,20,1,
459.971,-1.6912879943847656,-2.0889763832092285,96.3125,12.982549667358398,0,0,100,20,1,
459.981,-1.6912879943847656,-2.0889763832092285,96.3125,12.982549667358398,0,0,100,20,1,
459.991,-1.9080113172531128,-2.9561684131622314,96.1875,12.982549667358398,0,0,100,20,1,
460.001,-2.5808773040771484,-3.9715211391448975,96.0625,12.982549667358398,0,0,100,20,1,
460.011,-4.4426727294921875,-5.689356803894043,96,12.982549667358398,0,0,100,20,1,
460.021,-5.152122497558594,-6.015071392059326,95.875,12.982549667358398,0,0,100,20,1,
460.031,-5.152122497558594,-6.015071392059326,95.875,12.982549667358398,0,0,100,20,1,
460.041,-5.593006610870361,-6.056045055389404,95.625,12.982549667358398,0,0,100,20,1,
460.051,-5.692811489105225,-5.839822292327881,95.5,12.982549667358398,0,0,100,20,1,
460.061,-5.097519397735596,-5.299583911895752,95.3125,12.982549667358398,0,0,100,20,1,
460.071,-4.576473236083984,-5.034082412719727,95.1875,12.982549667358398,0,0,100,20,1,
460.081,-4.576473236083984,-5.034082412719727,95.1875,12.982549667358398,0,0,100,20,1,
460.091,-4.31648588180542,-4.651362895965576,94.8125,12.982549667358398,0,0,100,20,1,
460.101,-4.265239715576172,-4.208236217498779,94.625,12.982549667358398,0,0,100,20,1,
460.111,-4.729352951049805,-3.2151501178741455,94.4375,12.982549667358398,0,0,100,20,1,
460.121,-4.808412075042725,-2.6353728771209717,94.25,13.719999313354492,0,0,100,20,1,
460.131,-4.808412075042725,-2.6353728771209717,94.25,13.719999313354492,0,0,100,20,1,
460.141,-4.730372428894043,-2.0649096965789795,93.8125,13.719999313354492,0,0,100,20,1,
460.151,-4.501618385314941,-1.4804965257644653,93.625,13.719999313354492,0,0,100,20,1,
460.161,-3.6089911460876465,-0.5167130827903748,93.4375,13.719999313354492,0,0,100,20,1,
460.171,-3.0029337406158447,-0.20336097478866577,93.25,13.719999313354492,0,0,100,20,1,
460.181,-3.0029337406158447,-0.20336097478866577,93.25,13.840049743652344,0,0,100,20,1,
460.191,-2.4148082733154297,0.14517194032669067,92.875,13.840049743652344,0,0,100,20,1,
460.201,-1.888035774230957,0.665865957736969,92.6875,13.840049743652344,0,0,100,20,1,
460.211,-1.256176471710205,1.9737846851348877,92.5,13.840049743652344,0,0,100,20,1,
460.221,-1.1525517702102661,2.6276416778564453,92.3125,13.840049743652344,0,0,100,20,1,
460.231,-1.1525517702102661,2.6276416778564453,92.3125,13.840049743652344,0,0,100,20,1,
460.241,-1.0994004011154175,3.1746420860290527,92,13.840049743652344,0,0,100,20,1,
460.251,-1.1278527975082397,3.428950548171997,91.875,13.840049743652344,0,0,100,20,1,
460.261,-1.2433313131332397,3.222674608230591,91.6875,13.840049743652344,0,0,100,20,1,
460.271,-1.2734055519104004,2.7000741958618164,91.5625,13.840049743652344,0,0,100,20,1,
460.281,-1.2734055519104004,2.7000741958618164,91.5625,13.840049743652344,0,0,100,20,1,
460.291,-1.3212084770202637,2.094871997833252,91.3125,13.840049743652344,0,0,100,20,1,
460.301,-1.3707141876220703,1.544501543045044,91.3125,13.840049743652344,0,0,100,20,1,
460.311,-1.6518235206604004,0.76519775390625,91,13.840049743652344,0,0,100,20,1,
460.321,-1.8868486881256104,0.43759849667549133,90.8125,13.840049743652344,0,0,100,20,1,
460.331,-1.8868486881256104,0.43759849667549133,90.8125,13.840049743652344,0,0,100,20,1,
460.341,-2.140129566192627,0.17309749126434326,90.6875,13.840049743652344,0,0,100,20,1,
460.351,-2.331982135772705,-0.07873056083917618,90.3125,13.840049743652344,0,0,100,20,1,
460.361,-2.751819372177124,-0.4168742895126343,90.125,13.840049743652344,0,0,100,20,1,
460.371,-2.878957986831665,-0.8138517737388611,90,13.840049743652344,0,0,100,20,1,
460.381,-2.878957986831665,-0.8138517737388611,90,13.840049743652344,0,0,100,20,1,
460.391,-3.2764341831207275,-1.4552547931671143,89.8125,13.840049743652344,0,0,100,20,1,
460.401,-4.1188859939575195,-2.2873153686523438,89.625,13.840049743652344,0,0,100,20,1,
460.411,-5.970846176147461,-3.972208261489868,89.25,13.840049743652344,0,0,100,20,1,
460.421,-6.7824273109436035,-4.519302845001221,89.0625,15.795149803161621,0,0,100,20,1,
460.431,-7.218578338623047,-4.795083522796631,88.875,15.795149803161621,0,0,100,20,1,
460.441,-7.218578338623047,-4.795083522796631,88.875,15.795149803161621,0,0,100,20,1,
460.451,-7.352909088134766,-4.793499946594238,88.625,15.795149803161621,0,0,100,20,1,
460.461,-7.093925476074219,-4.2792792320251465,88.25,15.795149803161621,0,0,100,20,1,
460.471,-7.148169040679932,-4.021819114685059,88.0625,15.795149803161621,0,0,100,20,1,
460.481,-7.148169040679932,-4.021819114685059,88.0625,14.80044937133789,0,0,100,20,1,
460.491,-7.794373035430908,-3.6373772621154785,87.6875,14.80044937133789,0,0,100,20,1,
460.501,-8.154427528381348,-3.411257266998291,87.5,14.80044937133789,0,0,100,20,1,
460.511,-8.245229721069336,-3.0885021686553955,87.3125,14.80044937133789,0,0,100,20,1,
460.521,-8.000554084777832,-2.747025728225708,87.125,14.80044937133789,0,0,100,20,1,
460.531,-7.480440139770508,-2.385070562362671,87,14.80044937133789,0,0,100,20,1,
460.541,-6.786750316619873,-1.9858083724975586,86.8125,15.726550102233887,0,0,100,20,1,
460.551,-5.9512834548950195,-1.5017882585525513,86.625,15.726550102233887,0,0,100,20,1,
460.561,-5.126583099365234,-1.0216612815856934,86.5,15.726550102233887,0,0,100,20,1,
460.571,-4.378156661987305,-0.5050234794616699,86.3125,15.726550102233887,0,0,100,20,1,
460.581,-3.7631983757019043,-0.028850018978118896,86.1875,15.726550102233887,0,0,100,20,1,
460.591,-3.2950563430786133,0.3903583288192749,86.0625,15.726550102233887,0,0,100,20,1,
460.601,-2.9423747062683105,0.7362655401229858,86,15.709400177001953,0,0,100,20,1,
460.611,-2.5514791011810303,1.0437343120574951,85.875,15.709400177001953,0,0,100,20,1,
460.621,-2.2098562717437744,1.2786693572998047,85.8125,15.709400177001953,0,0,100,20,1,
460.631,-1.7378038167953491,1.4678105115890503,85.75,15.709400177001953,0,0,100,20,1,
460.641,-1.0089130401611328,1.6100796461105347,85.625,15.709400177001953,0,0,100,20,1,
460.651,-0.06540638208389282,1.8063578605651855,85.5625,15.709400177001953,0,0,100,20,1,
460.661,0.8307177424430847,2.0001895427703857,85.5,15.332099914550781,0,0,100,20,1,
460.671,1.5297755002975464,2.0963692665100098,85.4375,15.332099914550781,0,0,100,20,1,
460.681,1.984699010848999,2.006899118423462,85.4375,15.332099914550781,0,0,100,20,1,
460.691,2.215081214904785,1.880618929862976,85.375,15.332099914550781,0,0,100,20,1,
460.701,2.1999144554138184,1.6448974609375,85.3125,15.332099914550781,0,0,100,20,1,
460.711,1.9916044473648071,1.3360024690628052,85.3125,15.332099914550781,0,0,100,20,1,
460.721,1.5989515781402588,1.0004955530166626,85.25,16.618349075317383,0,0,100,20,1,
460.731,1.1623245477676392,0.6947845816612244,85.25,16.618349075317383,0,0,100,20,1,
460.741,0.6931008100509644,0.414455771446228,85.1875,16.618349075317383,0,0,100,20,1,
460.751,0.24636831879615784,0.152948796749115,85.1875,16.618349075317383,0,0,100,20,1,
460.761,-0.12338826060295105,-0.07115482538938522,85.1875,16.618349075317383,0,0,100,20,1,
460.771,-0.3982779085636139,-0.15211354196071625,85.1875,16.618349075317383,0,0,100,20,1,
460.781,-0.6467905044555664,-0.2623364329338074,85.25,16.481149673461914,0,0,100,20,1,
460.791,-0.798159122467041,-0.3420522212982178,85.25,16.481149673461914,0,0,100,20,1,
460.801,-1.1996076107025146,-0.4677172899246216,85.3125,16.481149673461914,0,0,100,20,1,
460.811,-2.0340678691864014,-0.7679703235626221,85.3125,16.481149673461914,0,0,100,20,1,
460.821,-3.0621705055236816,-1.1869966983795166,85.3125,16.481149673461914,0,0,100,20,1,
460.831,-4.286894798278809,-1.5448280572891235,85.375,16.481149673461914,0,0,100,20,1,
460.841,-5.38889741897583,-1.880374789237976,85.375,15.74370002746582,0,0,100,20,1,
460.851,-6.106767654418945,-2.1162478923797607,85.375,15.74370002746582,0,0,100,20,1,
460.861,-6.4534382820129395,-2.3140835762023926,85.4375,15.74370002746582,0,0,100,20,1,
460.871,-6.42465877532959,-2.2648754119873047,85.4375,15.74370002746582,0,0,100,20,1,
460.881,-6.324100971221924,-2.104679584503174,85.5,15.74370002746582,0,0,100,20,1,
460.891,-6.274343490600586,-1.7726126909255981,85.5,15.74370002746582,0,0,100,20,1,
460.901,-6.3485283851623535,-1.4385281801223755,85.5,15.74370002746582,0,0,100,20,1,
460.911,-6.594703674316406,-1.1057281494140625,85.5625,15.74370002746582,0,0,100,20,1,
460.921,-6.962779521942139,-0.9325452446937561,85.5625,15.74370002746582,0,0,100,20,1,
460.931,-7.096648216247559,-0.8125087022781372,85.5625,15.74370002746582,0,0,100,20,1,
460.941,-7.00119161605835,-0.7216523885726929,85.625,15.74370002746582,0,0,100,20,1,
460.951,-6.62899112701416,-0.6069251894950867,85.625,15.74370002746582,0,0,100,20,1,
460.961,-6.100050926208496,-0.5065994262695312,85.6875,15.812299728393555,0,0,100,20,1,
460.971,-5.655101776123047,-0.37618088722229004,85.6875,15.812299728393555,0,0,100,20,1,
460.981,-5.2256083488464355,-0.18901826441287994,85.75,15.812299728393555,0,0,100,20,1,
460.991,-5.007645130157471,0.04341264069080353,85.75,15.812299728393555,0,0,100,20,1,
461.001,-4.914412498474121,0.27584922313690186,85.8125,15.812299728393555,0,0,100,20,1,
461.011,-4.804624557495117,0.552992582321167,85.875,15.812299728393555,0,0,100,20,1,
461.021,-4.748128414154053,0.7765955328941345,85.875,16.018098831176758,0,0,100,20,1,
461.031,-4.610222339630127,1.0079604387283325,85.9375,16.018098831176758,0,0,100,20,1,
461.041,-4.391529083251953,1.2136211395263672,86,16.018098831176758,0,0,100,20,1,
461.051,-4.127181053161621,1.368882656097412,86.0625,16.018098831176758,0,0,100,20,1,
461.061,-3.8080806732177734,1.374144196510315,86.125,16.018098831176758,0,0,100,20,1,
461.071,-3.4200825691223145,1.3606430292129517,86.1875,16.018098831176758,0,0,100,20,1,
461.081,-2.99484920501709,1.220828890800476,86.25,16.309650421142578,0,0,100,20,1,
461.091,-2.5741050243377686,1.0886173248291016,86.3125,16.309650421142578,0,0,100,20,1,
461.101,-2.1885766983032227,0.9830440878868103,86.375,16.309650421142578,0,0,100,20,1,
461.111,-1.9070507287979126,0.8823531866073608,86.5,16.309650421142578,0,0,100,20,1,
461.121,-1.6430743932724,0.7869358062744141,86.5625,16.309650421142578,0,0,100,20,1,
461.131,-1.4596400260925293,0.6890046000480652,86.625,16.309650421142578,0,0,100,20,1,
461.141,-1.3520028591156006,0.6641877889633179,86.75,15.777999877929688,0,0,100,20,1,
461.151,-1.3295737504959106,0.6055494546890259,86.8125,15.777999877929688,0,0,100,20,1,
461.161,-1.373328685760498,0.42028841376304626,86.9375,15.777999877929688,0,0,100,20,1,
461.171,-1.452033519744873,0.2757028341293335,87,15.777999877929688,0,0,100,20,1,
461.181,-1.571853518486023,0.0726122111082077,87.125,15.777999877929688,0,0,100,20,1,
461.191,-1.6970808506011963,-0.041783273220062256,87.1875,15.777999877929688,0,0,100,20,1,
461.201,-1.8545849323272705,-0.08215880393981934,87.25,10.478650093078613,0,0,100,20,1,
461.211,-2.026434898376465,-0.17044350504875183,87.375,10.478650093078613,0,0,100,20,1,
461.221,-2.195291042327881,-0.28678208589553833,87.4375,10.478650093078613,0,0,100,20,1,
461.231,-2.4272537231445312,-0.35403820872306824,87.5625,10.478650093078613,0,0,100,20,1,
461.241,-2.7622287273406982,-0.4943287670612335,87.6875,10.478650093078613,0,0,100,20,1,
461.251,-2.7622287273406982,-0.4943287670612335,87.6875,10.478650093078613,0,0,100,20,1,
461.261,-3.194533348083496,-0.609107494354248,87.8125,7.048649787902832,0,0,100,20,1,
461.271,-4.156741142272949,-0.8635888695716858,88.0625,7.048649787902832,0,0,100,20,1,
461.281,-4.452632904052734,-0.9924379587173462,88.1875,7.048649787902832,0,0,100,20,1,
461.291,-4.452632904052734,-0.9924379587173462,88.1875,7.048649787902832,0,0,100,20,1,
461.301,-4.6162824630737305,-1.0874453783035278,88.3125,7.048649787902832,0,0,100,20,1,
461.311,-4.631939888000488,-1.1397792100906372,88.4375,7.048649787902832,0,0,100,20,1,
461.321,-4.760180950164795,-1.3739111423492432,88.5625,7.048649787902832,0,0,100,20,1,
461.331,-4.8580169677734375,-1.3748549222946167,88.6875,7.048649787902832,0,0,100,20,1,
461.341,-4.8580169677734375,-1.3748549222946167,88.6875,7.048649787902832,0,0,100,20,1,
461.351,-4.889885425567627,-1.2132371664047241,88.9375,7.048649787902832,0,0,100,20,1,
461.361,-4.913308143615723,-1.0053294897079468,89.0625,7.048649787902832,0,0,100,20,1,
461.371,-4.561938285827637,-0.5998513102531433,89.25,7.048649787902832,0,0,100,20,1,
461.381,-4.17765998840332,-0.41270530223846436,89.375,12.673850059509277,0,0,100,20,1,
461.391,-4.17765998840332,-0.41270530223846436,89.375,12.673850059509277,0,0,100,20,1,
461.401,-3.7697858810424805,-0.3550805449485779,89.6875,12.673850059509277,0,0,100,20,1,
461.411,-3.396624803543091,-0.373061865568161,89.8125,12.673850059509277,0,0,100,20,1,
461.421,-2.723071575164795,-0.5578922033309937,90,12.673850059509277,0,0,100,20,1,
461.431,-2.4765090942382812,-0.7795262932777405,90.125,12.673850059509277,0,0,100,20,1,
461.441,-2.4765090942382812,-0.7795262932777405,90.125,12.399449348449707,0,0,100,20,1,
461.451,-2.337360143661499,-0.9509136080741882,90.5,12.399449348449707,0,0,100,20,1,
461.461,-2.2655208110809326,-1.114851713180542,90.6875,12.399449348449707,0,0,100,20,1,
461.471,-2.1016485691070557,-1.1036909818649292,90.875,12.399449348449707,0,0,100,20,1,
461.481,-1.92676842212677,-0.9315924644470215,91.0625,12.399449348449707,0,0,100,20,1,
461.491,-1.92676842212677,-0.9315924644470215,91.0625,12.399449348449707,0,0,100,20,1,
461.501,-1.6862809658050537,-0.5743627548217773,91.4375,12.399449348449707,0,0,100,20,1,
461.511,-1.3268158435821533,-0.15848727524280548,91.625,12.399449348449707,0,0,100,20,1,
461.521,-0.320158451795578,0.49106618762016296,91.8125,12.399449348449707,0,0,100,20,1,
461.531,0.1030273586511612,0.6310263872146606,92,12.399449348449707,0,0,100,20,1,
461.541,0.1030273586511612,0.6310263872146606,92,12.399449348449707,0,0,100,20,1,
461.551,0.36647307872772217,0.5685212016105652,92.25,12.399449348449707,0,0,100,20,1,
461.561,0.5003393888473511,0.4707098603248596,92.375,12.399449348449707,0,0,100,20,1,
461.571,0.4341118335723877,0.2161756157875061,92.5,12.399449348449707,0,0,100,20,1,
461.581,0.2915422022342682,0.0811104029417038,92.625,12.399449348449707,0,0,100,20,1,
461.591,0.2915422022342682,0.0811104029417038,92.625,12.399449348449707,0,0,100,20,1,
461.601,-0.030308028683066368,-0.09907759726047516,92.875,12.399449348449707,0,0,100,20,1,
461.611,-0.3628503978252411,-0.22128728032112122,92.9375,12.399449348449707,0,0,100,20,1,
461.621,-0.9283232688903809,-0.32365739345550537,93.0625,12.399449348449707,0,0,100,20,1,
461.631,-1.1173354387283325,-0.26197153329849243,93.125,12.399449348449707,0,0,100,20,1,
461.641,-1.1173354387283325,-0.26197153329849243,93.125,12.399449348449707,0,0,100,20,1,
461.651,-1.227927803993225,-0.1169719249010086,93.3125,12.399449348449707,0,0,100,20,1,
461.661,-1.2258251905441284,0.007477179169654846,93.375,12.399449348449707,0,0,100,20,1,
461.671,-1.0859718322753906,0.18117009103298187,93.4375,12.399449348449707,0,0,100,20,1,
461.681,-0.990574836730957,0.23748987913131714,93.5,20.957300186157227,0,0,100,20,1,
461.691,-0.990574836730957,0.23748987913131714,93.5,20.957300186157227,0,0,100,20,1,
461.701,-0.9469451904296875,0.19666661322116852,93.5625,20.957300186157227,0,0,100,20,1,
461.711,-0.9961490035057068,0.15535292029380798,93.625,20.957300186157227,0,0,100,20,1,
461.721,-1.6596345901489258,0.08361005783081055,93.6875,20.957300186157227,0,0,100,20,1,
461.731,-2.265746831893921,0.091734379529953,93.875,20.957300186157227,0,0,100,20,1,
461.741,-2.265746831893921,0.091734379529953,93.875,22.36359977722168,0,0,100,20,1,
461.751,-3.1366934776306152,0.15708893537521362,94.3125,22.36359977722168,0,0,100,20,1,
461.761,-3.9715328216552734,0.30151113867759705,94.5,22.36359977722168,0,0,100,20,1,
461.771,-5.121148586273193,0.384485125541687,94.6875,22.36359977722168,0,0,100,20,1,
461.781,-5.233072757720947,0.45207858085632324,94.875,22.36359977722168,0,0,100,20,1,
461.791,-5.233072757720947,0.45207858085632324,94.875,22.36359977722168,0,0,100,20,1,
461.801,-5.13932466506958,0.1737530529499054,95.25,22.36359977722168,0,0,100,20,1,
461.811,-4.989076614379883,-0.08563466370105743,95.5,22.36359977722168,0,0,100,20,1,
461.821,-4.5079569816589355,-0.4484485387802124,95.6875,22.36359977722168,0,0,100,20,1,
461.831,-4.726447582244873,-0.5132678747177124,95.875,22.36359977722168,0,0,100,20,1,
461.841,-4.726447582244873,-0.5132678747177124,95.875,22.36359977722168,0,0,100,20,1,
461.851,-5.053461074829102,-0.4543857276439667,96.1875,22.36359977722168,0,0,100,20,1,
461.861,-5.84525728225708,-0.17751272022724152,96.375,22.36359977722168,0,0,100,20,1,
461.871,-6.8982977867126465,0.5891457796096802,96.5,22.36359977722168,0,0,100,20,1,
461.881,-7.103792667388916,1.0562019348144531,96.6875,22.36359977722168,0,0,100,20,1,
461.891,-7.103792667388916,1.0562019348144531,96.6875,22.36359977722168,0,0,100,20,1,
461.901,-7.021697521209717,1.495245337486267,97.0625,22.36359977722168,0,0,100,20,1,
461.911,-6.935390472412109,1.7945107221603394,97.25,22.36359977722168,0,0,100,20,1,
461.921,-6.884443759918213,2.4124341011047363,97.5,22.36359977722168,0,0,100,20,1,
461.931,-7.211790084838867,2.7490217685699463,97.6875,22.36359977722168,0,0,100,20,1,
461.941,-7.211790084838867,2.7490217685699463,97.6875,22.36359977722168,0,0,100,20,1,
461.951,-7.560257434844971,3.091994524002075,98.1875,22.36359977722168,0,0,100,20,1,
461.961,-7.991759777069092,3.478710412979126,98.5,22.36359977722168,0,0,100,20,1,
461.971,-8.562201499938965,3.998809576034546,98.75,22.36359977722168,0,0,100,20,1,
461.981,-8.492185592651367,4.374853610992432,99.0625,21.471799850463867,0,0,100,20,1,
461.991,-8.492185592651367,4.374853610992432,99.0625,21.471799850463867,0,0,100,20,1,
462.001,-8.26585578918457,4.744445323944092,99.5625,21.471799850463867,0,0,100,20,1,
462.011,-7.999411106109619,5.105630874633789,99.875,21.471799850463867,0,0,100,20,1,
462.021,-7.422472953796387,5.892533302307129,100.125,21.471799850463867,0,0,100,20,1,
462.031,-7.256747245788574,6.140386581420898,100.375,21.471799850463867,0,0,100,20,1,
462.041,-7.256747245788574,6.140386581420898,100.375,20.66575050354004,0,0,100,20,1,
462.051,-7.048460960388184,6.280208110809326,100.9375,20.66575050354004,0,0,100,20,1,
462.061,-6.786739826202393,6.328165531158447,101.1875,20.66575050354004,0,0,100,20,1,
462.071,-6.103517532348633,5.97521448135376,101.5,20.66575050354004,0,0,100,20,1,
462.081,-5.730771541595459,5.695584297180176,101.75,20.66575050354004,0,0,100,20,1,
462.091,-5.730771541595459,5.695584297180176,101.75,20.66575050354004,0,0,100,20,1,
462.101,-5.38052225112915,5.192866325378418,102.375,20.66575050354004,0,0,100,20,1,
462.111,-5.345765113830566,4.673277378082275,102.6875,20.66575050354004,0,0,100,20,1,
462.121,-5.07383394241333,3.6168713569641113,103,20.66575050354004,0,0,100,20,1,
462.131,-4.684497833251953,2.920936107635498,103.25,20.66575050354004,0,0,100,20,1,
462.141,-4.684497833251953,2.920936107635498,103.25,20.66575050354004,0,0,100,20,1,
462.151,-4.456143856048584,2.2767317295074463,103.875,20.66575050354004,0,0,100,20,1,
462.161,-4.241469383239746,1.6442404985427856,104.1875,20.66575050354004,0,0,100,20,1,
462.171,-3.785574436187744,0.5410438776016235,104.4375,20.66575050354004,0,0,100,20,1,
462.181,-3.5453402996063232,0.0907852053642273,104.6875,20.66575050354004,0,0,100,20,1,
462.191,-3.5453402996063232,0.0907852053642273,104.6875,20.66575050354004,0,0,100,20,1,
462.201,-3.3007662296295166,-0.3402855098247528,105.25,20.66575050354004,0,0,100,20,1,
462.211,-3.0058717727661133,-0.7573896646499634,105.5,20.66575050354004,0,0,100,20,1,
462.221,-2.8742661476135254,-2.029555320739746,105.75,20.66575050354004,0,0,100,20,1,
462.231,-2.775111436843872,-2.6413960456848145,105.9375,20.66575050354004,0,0,100,20,1,
462.241,-2.775111436843872,-2.6413960456848145,105.9375,20.66575050354004,0,0,100,20,1,
462.251,-2.6748600006103516,-3.245877504348755,106.375,20.66575050354004,0,0,100,20,1,
462.261,-2.6176328659057617,-3.7643158435821533,106.625,20.66575050354004,0,0,100,20,1,
462.271,-2.5907857418060303,-4.3383402824401855,106.8125,20.66575050354004,0,0,100,20,1,
462.281,-2.3514716625213623,-4.424374103546143,107,20.734350204467773,0,0,100,20,1,
462.291,-2.3514716625213623,-4.424374103546143,107,20.734350204467773,0,0,100,20,1,
462.301,-2.2128467559814453,-4.386115550994873,107.125,20.734350204467773,0,0,100,20,1,
462.311,-2.150440216064453,-4.345991611480713,107.5,20.734350204467773,0,0,100,20,1,
462.321,-2.22755765914917,-4.380317211151123,107.6875,20.734350204467773,0,0,100,20,1,
462.331,-2.2943782806396484,-4.380317211151123,107.6875,20.734350204467773,0,0,100,20,1,
462.341,-2.3421807289123535,-4.356586456298828,107.8125,20.802949905395508,0,0,100,20,1,
462.351,-2.331834316253662,-4.358863830566406,107.9375,20.802949905395508,0,0,100,20,1,
462.361,-2.2377336025238037,-4.250795841217041,108.1875,20.802949905395508,0,0,100,20,1,
462.371,-2.26119327545166,-4.213152885437012,108.1875,20.802949905395508,0,0,100,20,1,
462.381,-2.1189944744110107,-4.136654853820801,108.3125,20.802949905395508,0,0,100,20,1,
462.391,-1.9544044733047485,-3.9493303298950195,108.4375,20.802949905395508,0,0,100,20,1,
462.401,-1.7056655883789062,-3.737536668777466,108.5625,20.802949905395508,0,0,100,20,1,
462.411,-1.3659173250198364,-3.419013023376465,108.75,20.802949905395508,0,0,100,20,1,
462.421,-1.1521894931793213,-3.140408754348755,108.875,20.802949905395508,0,0,100,20,1,
462.431,-0.8888116478919983,-2.888012647628784,109,20.802949905395508,0,0,100,20,1,
462.441,-0.5983798503875732,-2.7094149589538574,109.125,20.802949905395508,0,0,100,20,1,
462.451,-0.270103394985199,-2.5729589462280273,109.1875,20.802949905395508,0,0,100,20,1,
462.461,-0.01704825460910797,-2.562692880630493,109.3125,20.802949905395508,0,0,100,20,1,
462.471,0.355153888463974,-2.469364643096924,109.4375,20.802949905395508,0,0,100,20,1,
462.481,0.7271285057067871,-2.4008424282073975,109.5,20.802949905395508,0,0,100,20,1,
462.491,0.9598812460899353,-2.380535840988159,109.625,20.802949905395508,0,0,100,20,1,
462.501,1.1751515865325928,-2.352762222290039,109.6875,20.802949905395508,0,0,100,20,1,
462.511,1.501050591468811,-2.1801607608795166,109.8125,20.802949905395508,0,0,100,20,1,
462.521,1.8057907819747925,-2.0182507038116455,109.875,14.508899688720703,0,0,100,20,1,
462.531,1.928227424621582,-1.958528757095337,110,14.508899688720703,0,0,100,20,1,
462.541,2.1357762813568115,-1.9498372077941895,110.0625,14.508899688720703,0,0,100,20,1,
462.551,2.3708765506744385,-1.98056960105896,110.125,14.508899688720703,0,0,100,20,1,
462.561,2.515319585800171,-2.1204490661621094,110.1875,14.508899688720703,0,0,100,20,1,
462.571,2.6294045448303223,-2.323131561279297,110.25,14.508899688720703,0,0,100,20,1,
462.581,2.7690086364746094,-2.5430047512054443,110.3125,20.837249755859375,0,0,100,20,1,
462.591,3.0149359703063965,-2.7245566844940186,110.4375,20.837249755859375,0,0,100,20,1,
462.601,3.209512233734131,-2.810765504837036,110.5625,20.837249755859375,0,0,100,20,1,
462.611,3.1749651432037354,-2.9825234413146973,110.625,20.837249755859375,0,0,100,20,1,
462.621,3.1678354740142822,-3.142390012741089,110.6875,20.837249755859375,0,0,100,20,1,
462.631,3.1357436180114746,-3.3103647232055664,110.75,20.837249755859375,0,0,100,20,1,
462.641,3.113962411880493,-3.3235995769500732,110.8125,20.785799026489258,0,0,100,20,1,
462.651,3.1329705715179443,-3.259279489517212,110.875,20.785799026489258,0,0,100,20,1,
462.661,3.046241044998169,-3.1779351234436035,110.875,20.785799026489258,0,0,100,20,1,
462.671,2.903799057006836,-3.062743902206421,110.875,20.785799026489258,0,0,100,20,1,
462.681,2.671743392944336,-2.9375951290130615,110.875,20.785799026489258,0,0,100,20,1,
462.691,2.424407720565796,-2.812741279602051,110.875,20.785799026489258,0,0,100,20,1,
462.701,2.172830581665039,-2.7107861042022705,110.875,19.84255027770996,0,0,100,20,1,
462.711,2.0535244941711426,-2.615642786026001,110.9375,19.84255027770996,0,0,100,20,1,
462.721,1.9184341430664062,-2.6179516315460205,110.9375,19.84255027770996,0,0,100,20,1,
462.731,1.8198802471160889,-2.5541722774505615,110.9375,19.84255027770996,0,0,100,20,1,
462.741,1.7311091423034668,-2.579834222793579,110.9375,19.84255027770996,0,0,100,20,1,
462.751,1.59933602809906,-2.540497303009033,110.9375,19.84255027770996,0,0,100,20,1,
462.761,1.4692835807800293,-2.5545520782470703,110.9375,20.37419891357422,0,0,100,20,1,
462.771,1.3420404195785522,-2.4459006786346436,110.875,20.37419891357422,0,0,100,20,1,
462.781,1.2725975513458252,-2.296842575073242,110.875,20.37419891357422,0,0,100,20,1,
462.791,1.1182657480239868,-2.217824935913086,110.875,20.37419891357422,0,0,100,20,1,
462.801,1.0647773742675781,-2.1128995418548584,110.875,20.37419891357422,0,0,100,20,1,
462.811,0.9401707649230957,-1.993272066116333,110.875,20.37419891357422,0,0,100,20,1,
462.821,0.6354706287384033,-2.03301739692688,110.875,20.442800521850586,0,0,100,20,1,
462.831,0.41428595781326294,-2.0810513496398926,110.875,20.442800521850586,0,0,100,20,1,
462.841,0.2647417187690735,-2.0964996814727783,110.875,20.442800521850586,0,0,100,20,1,
462.851,0.1366695612668991,-2.1392581462860107,110.875,20.442800521850586,0,0,100,20,1,
462.861,-0.05563037097454071,-2.2791976928710938,110.875,20.442800521850586,0,0,100,20,1,
462.871,-0.06266345083713531,-2.30509614944458,110.875,20.442800521850586,0,0,100,20,1,
462.881,-0.006587132811546326,-2.3200645446777344,110.9375,20.459949493408203,0,0,100,20,1,
462.891,0.01995423436164856,-2.371971368789673,110.875,20.459949493408203,0,0,100,20,1,
462.901,0.19816690683364868,-2.348285675048828,110.875,20.459949493408203,0,0,100,20,1,
462.911,0.3915333151817322,-2.359867572784424,110.875,20.459949493408203,0,0,100,20,1,
462.921,0.5220779180526733,-2.405768632888794,110.875,20.459949493408203,0,0,100,20,1,
462.931,0.7256965637207031,-2.4395432472229004,110.875,20.459949493408203,0,0,100,20,1,
462.941,1.0936897993087769,-2.4167234897613525,110.8125,20.33989906311035,0,0,100,20,1,
462.951,1.3116222620010376,-2.473133087158203,110.8125,20.33989906311035,0,0,100,20,1,
462.961,1.488095760345459,-2.4979519844055176,110.75,20.33989906311035,0,0,100,20,1,
462.971,1.7914663553237915,-2.4385881423950195,110.75,20.33989906311035,0,0,100,20,1,
462.981,2.0206680297851562,-2.377795457839966,110.6875,20.33989906311035,0,0,100,20,1,
462.991,2.1171271800994873,-2.383519172668457,110.625,20.33989906311035,0,0,100,20,1,
463.001,2.2309978008270264,-2.346012592315674,110.625,20.39134979248047,0,0,100,20,1,
463.011,2.4409942626953125,-2.301734209060669,110.5625,20.39134979248047,0,0,100,20,1,
463.021,2.5956175327301025,-2.2850942611694336,110.5,20.39134979248047,0,0,100,20,1,
463.031,2.720637321472168,-2.3361902236938477,110.4375,20.39134979248047,0,0,100,20,1,
463.041,2.920154094696045,-2.3834939002990723,110.375,20.39134979248047,0,0,100,20,1,
463.051,3.1561717987060547,-2.3829104900360107,110.3125,20.39134979248047,0,0,100,20,1,
463.061,3.3323965072631836,-2.4002256393432617,110.1875,21.248849868774414,0,0,100,20,1,
463.071,3.4562559127807617,-2.4230220317840576,110.125,21.248849868774414,0,0,100,20,1,
463.081,3.6584134101867676,-2.331907033920288,110,21.248849868774414,0,0,100,20,1,
463.091,3.892693519592285,-2.1537442207336426,109.9375,21.248849868774414,0,0,100,20,1,
463.101,4.026306629180908,-1.9911510944366455,109.8125,21.248849868774414,0,0,100,20,1,
463.111,4.162670135498047,-1.8323993682861328,109.75,21.248849868774414,0,0,100,20,1,
463.121,4.310810089111328,-1.6634023189544678,109.625,20.322750091552734,0,0,100,20,1,
463.131,4.462668418884277,-1.5693074464797974,109.5625,20.322750091552734,0,0,100,20,1,
463.141,4.563984394073486,-1.5024700164794922,109.4375,20.322750091552734,0,0,100,20,1,
463.151,4.700497627258301,-1.3837496042251587,109.3125,20.322750091552734,0,0,100,20,1,
463.161,4.724328517913818,-1.4127494096755981,109.1875,20.322750091552734,0,0,100,20,1,
463.171,4.635322093963623,-1.3959105014801025,109.0625,20.322750091552734,0,0,100,20,1,
463.181,4.630799293518066,-1.3784090280532837,108.9375,14.02869987487793,0,0,100,20,1,
463.191,4.573816776275635,-1.328203797340393,108.8125,14.02869987487793,0,0,100,20,1,
463.201,4.556601047515869,-1.285634160041809,108.75,14.02869987487793,0,0,100,20,1,
463.211,4.62194299697876,-1.2082188129425049,108.5625,14.02869987487793,0,0,100,20,1,
463.221,4.745015621185303,-1.1534128189086914,108.4375,14.02869987487793,0,0,100,20,1,
463.231,4.811995506286621,-1.0898911952972412,108.3125,14.02869987487793,0,0,100,20,1,
463.241,4.852365493774414,-1.096081018447876,108.0625,16.39539909362793,0,0,100,20,1,
463.251,4.893219470977783,-1.1981678009033203,107.875,16.39539909362793,0,0,100,20,1,
463.261,4.893335342407227,-1.4329086542129517,107.625,16.39539909362793,0,0,100,20,1,
463.271,4.84662389755249,-1.6553465127944946,107.4375,16.39539909362793,0,0,100,20,1,
463.281,4.737959384918213,-1.865450143814087,107.3125,16.39539909362793,0,0,100,20,1,
463.291,4.633979320526123,-2.010782241821289,107.1875,16.39539909362793,0,0,100,20,1,
463.301,4.502849102020264,-2.2218751907348633,107,12.725299835205078,0,0,100,20,1,
463.311,4.377010822296143,-2.5853028297424316,106.875,12.725299835205078,0,0,100,20,1,
463.321,4.154684066772461,-3.079587459564209,106.6875,12.725299835205078,0,0,100,20,1,
463.331,3.9091222286224365,-3.61458420753479,106.5,12.725299835205078,0,0,100,20,1,
463.341,3.7712392807006836,-4.153184413909912,106.5,12.725299835205078,0,0,100,20,1,
463.351,3.6742169857025146,-4.634424686431885,106.3125,12.725299835205078,0,0,100,20,1,
463.361,3.657238245010376,-4.9486775398254395,106,4.853449821472168,0,0,100,20,1,
463.371,3.7319791316986084,-5.125209331512451,105.875,4.853449821472168,0,0,100,20,1,
463.381,3.8122498989105225,-5.282069206237793,105.75,4.853449821472168,0,0,100,20,1,
463.391,3.720525026321411,-5.612659931182861,105.625,4.853449821472168,0,0,100,20,1,
463.401,3.564018726348877,-5.887734889984131,105.5,4.853449821472168,0,0,100,20,1,
463.411,3.27047061920166,-6.274811744689941,105.3125,4.853449821472168,0,0,100,20,1,
463.421,3.066344976425171,-6.550084114074707,105.1875,1.354849934577942,0,0,100,20,1,
463.431,2.8544108867645264,-6.663828372955322,105,1.354849934577942,0,0,100,20,1,
463.441,2.6777243614196777,-6.724902153015137,105,1.354849934577942,0,0,100,20,1,
463.451,2.653393507003784,-6.579722881317139,104.75,1.354849934577942,0,0,100,20,1,
463.461,2.6740341186523438,-6.330968856811523,104.375,1.354849934577942,0,0,100,20,1,
463.471,2.767717123031616,-5.915969371795654,104.1875,1.354849934577942,0,0,100,20,1,
463.481,2.866647720336914,-5.3529534339904785,104.0625,1.354849934577942,0,0,100,20,1,
463.491,3.003243923187256,-4.859155654907227,104.0625,1.354849934577942,0,0,100,20,1,
463.501,3.256620407104492,-4.2421159744262695,103.9375,1.354849934577942,0,0,100,20,1,
463.511,3.488988161087036,-3.758383274078369,103.6875,1.354849934577942,0,0,100,20,1,
463.521,3.8406970500946045,-3.4106252193450928,103.5,1.354849934577942,0,0,100,20,1,
463.531,4.203686237335205,-3.202427625656128,103.3125,1.354849934577942,0,0,100,20,1,
463.541,4.592209339141846,-3.017157793045044,103.3125,20.871549606323242,0,0,100,20,1,
463.551,4.863122463226318,-2.8809821605682373,103.125,20.871549606323242,0,0,100,20,1,
463.561,5.044580936431885,-2.8911497592926025,102.75,20.871549606323242,0,0,100,20,1,
463.571,5.187177658081055,-2.8882453441619873,102.5,20.871549606323242,0,0,100,20,1,
463.581,5.312564373016357,-2.802581787109375,102.25,20.871549606323242,0,0,100,20,1,
463.591,5.61215877532959,-2.5808825492858887,102.25,20.871549606323242,0,0,100,20,1,
463.601,6.036459445953369,-2.0688953399658203,102.0625,20.820098876953125,0,0,100,20,1,
463.611,6.331408500671387,-1.5308403968811035,101.625,20.820098876953125,0,0,100,20,1,
463.621,6.307882785797119,-0.8349483013153076,101.5,20.820098876953125,0,0,100,20,1,
463.631,6.136836528778076,-0.27281755208969116,101.3125,20.820098876953125,0,0,100,20,1,
463.641,5.987957000732422,0.23642687499523163,101.3125,20.820098876953125,0,0,100,20,1,
463.651,5.741380214691162,0.5480102300643921,101.125,20.820098876953125,0,0,100,20,1,
463.661,5.538539886474609,0.6105822324752808,100.875,20.820098876953125,0,0,100,20,1,
463.671,5.129395484924316,0.6675308346748352,100.8125,20.820098876953125,0,0,100,20,1,
463.681,4.451042175292969,0.6856878995895386,100.8125,20.820098876953125,0,0,100,20,1,
463.691,3.8398916721343994,0.638978123664856,100.8125,20.820098876953125,0,0,100,20,1,
463.701,3.1780917644500732,0.5595691800117493,100.8125,20.820098876953125,0,0,100,20,1,
463.711,2.6157917976379395,0.5570303201675415,100.75,20.820098876953125,0,0,100,20,1,
463.721,2.1231491565704346,0.767607569694519,100.6875,20.820098876953125,0,0,100,20,1,
463.731,1.8642425537109375,1.0372661352157593,100.625,20.820098876953125,0,0,100,20,1,
463.741,1.691641092300415,1.2544203996658325,100.625,20.820098876953125,0,0,100,20,1,
463.751,1.4046818017959595,1.3224490880966187,100.5625,20.820098876953125,0,0,100,20,1,
463.761,1.2011253833770752,1.1807684898376465,100.3125,20.820098876953125,0,0,100,20,1,
463.771,0.9172946214675903,1.0941760540008545,100.25,20.820098876953125,0,0,100,20,1,
463.781,0.435628205537796,1.117065191268921,100.25,20.820098876953125,0,0,100,20,1,
463.791,-0.18028022348880768,1.1108285188674927,100.25,20.820098876953125,0,0,100,20,1,
463.801,-0.9179720282554626,1.1014518737792969,100.25,20.820098876953125,0,0,100,20,1,
463.811,-1.7455402612686157,1.0152297019958496,100.1875,20.820098876953125,0,0,100,20,1,
463.821,-2.6183834075927734,0.9409165382385254,100.125,20.820098876953125,0,0,100,20,1,
463.831,-3.337686538696289,0.8547234535217285,100.0625,20.820098876953125,0,0,100,20,1,
463.841,-3.9140193462371826,0.7572848200798035,100.0625,20.92300033569336,0,0,100,20,1,
463.851,-4.284776210784912,0.7093807458877563,99.9375,20.92300033569336,0,0,100,20,1,
463.861,-4.565788269042969,0.600231409072876,99.75,20.92300033569336,0,0,100,20,1,
463.871,-4.895233154296875,0.49359744787216187,99.625,20.92300033569336,0,0,100,20,1,
463.881,-5.230536937713623,0.2830941677093506,99.5,20.92300033569336,0,0,100,20,1,
463.891,-5.687979698181152,-0.10071194171905518,99.5,20.92300033569336,0,0,100,20,1,
463.901,-6.107186317443848,-0.5013793706893921,99.375,20.871549606323242,0,0,100,20,1,
463.911,-6.3090715408325195,-0.8914676308631897,99.125,20.871549606323242,0,0,100,20,1,
463.921,-6.383077144622803,-1.1573693752288818,98.9375,20.871549606323242,0,0,100,20,1,
463.931,-6.287883281707764,-1.3044471740722656,98.8125,20.871549606323242,0,0,100,20,1,
463.941,-5.995196342468262,-1.253827452659607,98.8125,20.871549606323242,0,0,100,20,1,
463.951,-5.577716827392578,-1.1542900800704956,98.625,20.871549606323242,0,0,100,20,1,
463.961,-5.215502738952637,-1.0469330549240112,98.3125,20.871549606323242,0,0,100,20,1,
463.971,-4.85871696472168,-0.8940023183822632,98.1875,20.871549606323242,0,0,100,20,1,
463.981,-4.533035755157471,-0.7827497720718384,98,20.871549606323242,0,0,100,20,1,
463.991,-4.073979377746582,-0.6636924743652344,98,20.871549606323242,0,0,100,20,1,
464.001,-3.631985902786255,-0.5927824378013611,97.875,20.871549606323242,0,0,100,20,1,
464.011,-3.126155138015747,-0.593433141708374,97.5,20.871549606323242,0,0,100,20,1,
464.021,-2.585613965988159,-0.5529170036315918,97.375,20.871549606323242,0,0,100,20,1,
464.031,-2.1711552143096924,-0.6342827081680298,97.1875,20.871549606323242,0,0,100,20,1,
464.041,-1.711175560951233,-0.7651039361953735,97.1875,20.871549606323242,0,0,100,20,1,
464.051,-1.292594313621521,-0.8658702373504639,97,20.871549606323242,0,0,100,20,1,
464.061,-0.8858867883682251,-0.9344375133514404,96.6875,20.871549606323242,0,0,100,20,1,
464.071,-0.5599633455276489,-0.904802143573761,96.5,20.871549606323242,0,0,100,20,1,
464.081,-0.34683018922805786,-0.8692050576210022,96.3125,20.871549606323242,0,0,100,20,1,
464.091,-0.03962039202451706,-0.6678547859191895,96.3125,20.871549606323242,0,0,100,20,1,
464.101,0.1899997591972351,-0.4811157286167145,96.1875,20.871549606323242,0,0,100,20,1,
464.111,0.5020735263824463,-0.24850869178771973,95.8125,20.871549606323242,0,0,100,20,1,
464.121,0.763941764831543,-0.04422621801495552,95.6875,20.871549606323242,0,0,100,20,1,
464.131,1.0245167016983032,0.11442308872938156,95.5,20.871549606323242,0,0,100,20,1,
464.141,1.3966907262802124,0.21865496039390564,95.5,20.802949905395508,0,0,100,20,1,
464.151,1.7957203388214111,0.2927299439907074,95.3125,20.802949905395508,0,0,100,20,1,
464.161,2.2052865028381348,0.30781543254852295,94.9375,20.802949905395508,0,0,100,20,1,
464.171,2.583425998687744,0.3029107451438904,94.75,20.802949905395508,0,0,100,20,1,
464.181,2.762568473815918,0.2534111440181732,94.625,20.802949905395508,0,0,100,20,1,
464.191,2.7217843532562256,0.01905497908592224,94.625,20.802949905395508,0,0,100,20,1,
464.201,2.530547857284546,-0.0880914255976677,94.4375,20.39134979248047,0,0,100,20,1,
464.211,2.311962366104126,-0.032159000635147095,94.125,20.39134979248047,0,0,100,20,1,
464.221,2.186115264892578,0.1613823026418686,94,20.39134979248047,0,0,100,20,1,
464.231,2.1031956672668457,0.4477193355560303,93.8125,20.39134979248047,0,0,100,20,1,
464.241,1.9966027736663818,0.6267970204353333,93.8125,20.39134979248047,0,0,100,20,1,
464.251,1.9443966150283813,0.8126600980758667,93.6875,20.39134979248047,0,0,100,20,1,
464.261,1.9012080430984497,0.9131982922554016,93.3125,20.39134979248047,0,0,100,20,1,
464.271,1.893370270729065,0.9173101186752319,93.1875,20.39134979248047,0,0,100,20,1,
464.281,1.7418439388275146,0.8020966053009033,93,20.39134979248047,0,0,100,20,1,
464.291,1.507375955581665,0.49667486548423767,93,20.39134979248047,0,0,100,20,1,
464.301,1.163455605506897,0.15471535921096802,92.8125,20.39134979248047,0,0,100,20,1,
464.311,0.6943112015724182,-0.1989876627922058,92.5,20.39134979248047,0,0,100,20,1,
464.321,0.3912200331687927,-0.36598068475723267,92.375,20.39134979248047,0,0,100,20,1,
464.331,0.036734431982040405,-0.45540499687194824,92.375,20.39134979248047,0,0,100,20,1,
464.341,-0.2606081962585449,-0.4783512353897095,92.25,20.39134979248047,0,0,100,20,1,
464.351,-0.5216684341430664,-0.4796561300754547,92.0625,20.39134979248047,0,0,100,20,1,
464.361,-0.6430909037590027,-0.3796440660953522,91.9375,20.39134979248047,0,0,100,20,1,
464.371,-0.6777816414833069,-0.24311551451683044,91.8125,20.39134979248047,0,0,100,20,1,
464.381,-0.729684054851532,-0.0885089635848999,91.5625,20.39134979248047,0,0,100,20,1,
464.391,-0.7085052132606506,0.11981266736984253,91.5625,20.39134979248047,0,0,100,20,1,
464.401,-0.7196428179740906,0.3027805685997009,91.4375,20.39134979248047,0,0,100,20,1,
464.411,-0.6544389724731445,0.5014957189559937,91.3125,20.39134979248047,0,0,100,20,1,
464.421,-0.6536718606948853,0.5643710494041443,91.1875,20.39134979248047,0,0,100,20,1,
464.431,-0.5230880975723267,0.6165744662284851,91,20.39134979248047,0,0,100,20,1,
464.441,-0.48976534605026245,0.6648634076118469,90.875,20.219850540161133,0,0,100,20,1,
464.451,-0.547324001789093,0.6444807052612305,90.8125,20.219850540161133,0,0,100,20,1,
464.461,-0.657442569732666,0.702027440071106,90.6875,20.219850540161133,0,0,100,20,1,
464.471,-0.7072387337684631,0.8265005350112915,90.5625,20.219850540161133,0,0,100,20,1,
464.481,-0.7310960292816162,0.8821084499359131,90.5,20.219850540161133,0,0,100,20,1,
464.491,-0.7413618564605713,0.9149947762489319,90.375,20.219850540161133,0,0,100,20,1,
464.501,-0.6992424130439758,0.8826959133148193,90.25,20.219850540161133,0,0,100,20,1,
464.511,-0.7357354164123535,0.7688493132591248,90.125,20.37419891357422,0,0,100,20,1,
464.521,-0.606924295425415,0.6577727794647217,90,20.37419891357422,0,0,100,20,1,
464.531,-0.3622552752494812,0.45983171463012695,89.875,20.37419891357422,0,0,100,20,1,
464.541,-0.05535928159952164,0.24933871626853943,89.75,20.37419891357422,0,0,100,20,1,
464.551,0.19893914461135864,0.05665326118469238,89.625,20.37419891357422,0,0,100,20,1,
464.561,0.45255762338638306,-0.050790563225746155,89.5,20.37419891357422,0,0,100,20,1,
464.571,0.7260602712631226,-0.12152071297168732,89.375,20.37419891357422,0,0,100,20,1,
464.581,1.0553514957427979,-0.11432157456874847,89.25,20.37419891357422,0,0,100,20,1,
464.591,1.4477472305297852,-0.0767919272184372,89.125,20.37419891357422,0,0,100,20,1,
464.601,1.8175960779190063,-0.07646048069000244,89,20.37419891357422,0,0,100,20,1,
464.611,2.1111807823181152,-0.10560131072998047,88.8125,20.37419891357422,0,0,100,20,1,
464.621,2.4971349239349365,-0.06591883301734924,88.6875,20.37419891357422,0,0,100,20,1,
464.631,2.754918098449707,0.004508793354034424,88.5625,20.75149917602539,0,0,100,20,1,
464.641,3.0830070972442627,0.22798670828342438,88.4375,20.75149917602539,0,0,100,20,1,
464.651,3.2511959075927734,0.677531361579895,88.3125,20.75149917602539,0,0,100,20,1,
464.661,3.479971408843994,1.260427474975586,88.1875,20.75149917602539,0,0,100,20,1,
464.671,3.754094123840332,1.9965128898620605,88.0625,20.75149917602539,0,0,100,20,1,
464.681,3.9394469261169434,2.768568277359009,88,20.75149917602539,0,0,100,20,1,
464.691,4.059948921203613,3.4943342208862305,87.875,20.37419891357422,0,0,100,20,1,
464.701,4.073705673217773,4.199994087219238,87.8125,20.37419891357422,0,0,100,20,1,
464.711,4.247140407562256,4.943202018737793,87.6875,20.37419891357422,0,0,100,20,1,
464.721,4.349034309387207,5.65435791015625,87.625,20.37419891357422,0,0,100,20,1,
464.731,4.392728805541992,6.400859832763672,87.5,20.37419891357422,0,0,100,20,1,
464.741,4.4675445556640625,7.1297383308410645,87.4375,20.37419891357422,0,0,100,20,1,
464.751,4.534959316253662,7.848719596862793,87.375,20.288450241088867,0,0,100,20,1,
464.761,4.57974910736084,8.55179500579834,87.3125,20.288450241088867,0,0,100,20,1,
464.771,4.612784385681152,9.069591522216797,87.25,20.288450241088867,0,0,100,10,1,
464.781,4.572150707244873,9.427253723144531,87.125,20.288450241088867,0,0,100,10,1,
464.791,4.4405646324157715,9.647242546081543,87.125,20.288450241088867,0,0,100,10,1,
464.801,4.336060047149658,9.823022842407227,87.0625,20.288450241088867,0,0,100,10,1,
464.811,4.075010299682617,9.970770835876465,87,20.425649642944336,0,0,100,10,1,
464.821,3.8054707050323486,10.011512756347656,87,20.425649642944336,0,0,100,10,1,
464.831,3.4919700622558594,10.031770706176758,87.0625,20.425649642944336,0,0,100,10,1,
464.841,3.176163673400879,9.982457160949707,87.125,20.425649642944336,0,0,100,10,1,
464.851,2.740216016769409,9.832636833190918,87.1875,20.425649642944336,0,0,100,10,1,
464.861,2.2621910572052,9.52206802368164,87.3125,20.425649642944336,0,0,100,10,1,
464.871,1.8995193243026733,9.304555892944336,87.4375,20.477100372314453,0,0,100,10,1,
464.881,1.3917607069015503,9.159465789794922,87.5625,20.477100372314453,0,0,100,10,1,
464.891,1.0041230916976929,8.786940574645996,87.75,20.477100372314453,0,0,100,10,1,
464.901,0.6124686002731323,8.5181245803833,87.875,20.477100372314453,0,0,100,10,1,
464.911,0.1928517073392868,8.35953426361084,88.0625,20.477100372314453,0,0,100,10,1,
464.921,-0.1677393913269043,8.215963363647461,88.1875,20.477100372314453,0,0,100,10,1,
464.931,-0.599432647228241,8.14283275604248,88.375,20.717199325561523,0,0,100,10,1,
464.941,-1.0245310068130493,8.112140655517578,88.5625,20.717199325561523,0,0,100,10,1,
464.951,-1.4059947729110718,8.031064987182617,88.75,20.717199325561523,0,0,100,10,1,
464.961,-1.8029919862747192,7.890854358673096,89,20.717199325561523,0,0,100,10,1,
464.971,-2.1370224952697754,7.696146011352539,89.1875,20.717199325561523,0,0,100,10,1,
464.981,-2.35292911529541,7.547721862792969,89.375,20.717199325561523,0,0,100,10,1,
464.991,-2.4907023906707764,7.473806858062744,89.625,20.1169490814209,0,0,100,10,1,
465.001,-2.6398332118988037,7.443401336669922,89.8125,20.1169490814209,0,0,100,10,1,
465.011,-2.698145866394043,7.482809066772461,90.0625,20.1169490814209,0,0,100,10,1,
465.021,-2.7387826442718506,7.605188846588135,90.25,20.1169490814209,0,0,100,10,1,
465.031,-2.776662588119507,7.824545383453369,90.5,20.1169490814209,0,0,100,10,1,
465.041,-2.811908006668091,8.117493629455566,90.75,20.1169490814209,0,0,100,10,1,
465.051,-2.8224246501922607,8.425042152404785,91,19.84255027770996,0,0,100,10,1,
465.061,-2.848627805709839,8.726682662963867,91.3125,19.84255027770996,0,0,100,10,1,
465.071,-2.8298356533050537,9.159782409667969,91.5625,19.84255027770996,0,0,100,10,1,
465.081,-2.8402976989746094,9.501810073852539,91.875,19.84255027770996,0,0,100,10,1,
465.091,-2.9349021911621094,9.694360733032227,92.125,19.84255027770996,0,0,100,10,1,
465.101,-2.979107141494751,9.773204803466797,92.4375,19.84255027770996,0,0,100,10,1,
465.111,-2.9481122493743896,9.809874534606934,92.75,19.756799697875977,0,0,100,10,1,
465.121,-2.9614033699035645,9.846055030822754,93.0625,19.756799697875977,0,0,100,10,1,
465.131,-2.8775527477264404,9.989058494567871,93.375,19.756799697875977,0,0,100,10,1,
465.141,-2.7949471473693848,10.218549728393555,93.75,19.756799697875977,0,0,100,10,1,
465.151,-2.6499571800231934,10.330265998840332,94.0625,19.756799697875977,0,0,100,10,1,
465.161,-2.5310726165771484,10.319488525390625,94.375,19.756799697875977,0,0,100,10,1,
465.171,-2.4120171070098877,10.234063148498535,94.75,19.671049118041992,0,0,100,10,1,
465.181,-2.204702615737915,9.928848266601562,95.0625,19.671049118041992,0,0,100,10,1,
465.191,-1.944185733795166,9.466474533081055,95.4375,19.671049118041992,0,0,100,10,1,
465.201,-1.6676698923110962,8.904476165771484,95.75,19.671049118041992,0,0,100,10,1,
465.211,-1.315803050994873,8.545166969299316,96.125,19.671049118041992,0,0,100,10,1,
465.221,-0.9725737571716309,8.148905754089355,96.5,19.671049118041992,0,0,100,10,1,
465.231,-0.6799495220184326,7.872701644897461,96.875,16.618349075317383,0,0,100,10,1,
465.241,-0.43149441480636597,7.665616989135742,97.1875,16.618349075317383,0,0,100,10,1,
465.251,-0.23120634257793427,7.494568347930908,97.5625,16.618349075317383,0,0,100,10,1,
465.261,-0.07472088932991028,7.251897811889648,97.9375,16.618349075317383,0,0,100,10,1,
465.271,-0.09253569692373276,6.968290328979492,98.3125,16.618349075317383,0,0,100,10,1,
465.281,-0.16551095247268677,6.677115440368652,98.625,16.618349075317383,0,0,100,10,1,
465.291,-0.3772982954978943,6.212018013000488,98.9375,11.833499908447266,0,0,100,10,1,
465.301,-0.609417200088501,5.721922874450684,99.25,11.833499908447266,0,0,100,10,1,
465.311,-0.7710092663764954,5.372310638427734,99.5625,11.833499908447266,0,0,100,10,1,
465.321,-0.7406996488571167,5.037610054016113,99.875,11.833499908447266,0,0,100,10,1,
465.331,-0.761664867401123,4.8505754470825195,100.1875,11.833499908447266,0,0,100,10,1,
465.341,-0.3460333049297333,4.8119940757751465,100.4375,11.833499908447266,0,0,100,10,1,
465.351,0.471648246049881,4.861238479614258,100.625,2.469599962234497,0,0,100,10,1,
465.361,1.0456030368804932,4.623095512390137,100.875,2.469599962234497,0,0,100,10,1,
465.371,1.7144798040390015,4.324359893798828,101.0625,2.469599962234497,0,0,100,10,1,
465.381,2.0834155082702637,3.919624090194702,101.25,2.469599962234497,0,0,100,10,1,
465.391,2.466603994369507,3.5545804500579834,101.5,2.469599962234497,0,0,100,10,1,
465.401,2.7517802715301514,3.180959463119507,101.75,2.469599962234497,0,0,100,10,1,
465.411,2.831753730773926,2.7792513370513916,102,14.440299987792969,0,0,100,10,1,
465.421,2.7729742527008057,2.3125181198120117,102.1875,14.440299987792969,0,0,100,10,1,
465.431,2.668700695037842,1.8799781799316406,102.375,14.440299987792969,0,0,100,10,1,
465.441,2.691260814666748,1.5148857831954956,102.5625,14.440299987792969,0,0,100,10,1,
465.451,2.911101818084717,1.115216851234436,102.5625,14.440299987792969,0,0,100,10,1,
465.461,3.3492891788482666,0.7394272685050964,102.75,14.440299987792969,0,0,100,10,1,
465.471,4.107592582702637,0.42735305428504944,103.0625,13.582799911499023,0,0,100,10,1,
465.481,4.892099857330322,0.20340420305728912,103.1875,13.582799911499023,0,0,100,10,1,
465.491,5.485823154449463,0.030278578400611877,103.3125,13.582799911499023,0,0,100,10,1,
465.501,5.850688457489014,-0.148513525724411,103.3125,13.582799911499023,0,0,100,10,1,
465.511,5.8761420249938965,-0.289691686630249,103.4375,13.582799911499023,0,0,100,10,1,
465.521,5.6047444343566895,-0.40447160601615906,103.625,13.582799911499023,0,0,100,10,1,
465.531,5.269900798797607,-0.5226978063583374,103.75,13.582799911499023,0,0,100,10,1,
465.541,4.795037269592285,-0.7169838547706604,103.8125,13.582799911499023,0,0,100,10,1,
465.551,4.432284832000732,-0.9074161052703857,103.8125,13.582799911499023,0,0,100,10,1,
465.561,4.242946624755859,-1.1773806810379028,103.875,13.582799911499023,0,0,100,10,1,
465.571,4.213227272033691,-1.535352349281311,104,13.582799911499023,0,0,100,10,1,
465.581,4.35896635055542,-2.025853395462036,104.0625,13.582799911499023,0,0,100,10,1,
465.591,4.398111820220947,-2.4374749660491943,104.0625,13.582799911499023,0,0,100,10,1,
465.601,4.397368907928467,-2.852351665496826,104.0625,13.582799911499023,0,0,100,10,1,
465.611,4.459211826324463,-3.155327320098877,104.125,13.582799911499023,0,0,100,10,1,
465.621,4.452460765838623,-3.358999729156494,104.125,13.582799911499023,0,0,100,10,1,
465.631,4.298327922821045,-3.3708553314208984,104.125,13.582799911499023,0,0,100,10,1,
465.641,4.100296974182129,-3.3535451889038086,104.125,13.582799911499023,0,0,100,10,1,
465.651,3.857576370239258,-3.371264696121216,104.125,13.582799911499023,0,0,100,10,1,
465.661,3.7473042011260986,-3.34350323677063,104.125,13.582799911499023,0,0,100,10,1,
465.671,3.6922361850738525,-3.304689645767212,104.125,13.582799911499023,0,0,100,10,1,
465.681,3.8498106002807617,-3.383993625640869,104.0625,13.582799911499023,0,0,100,10,1,
465.691,3.94757080078125,-3.685713529586792,104.0625,13.582799911499023,0,0,100,10,1,
465.701,3.8850369453430176,-4.123557090759277,104.0625,13.582799911499023,0,0,100,10,1,
465.711,3.80257511138916,-4.704351902008057,104,17.921749114990234,0,0,100,10,1,
465.721,3.6013927459716797,-5.257013320922852,103.875,17.921749114990234,0,0,100,10,1,
465.731,3.3453025817871094,-5.634344577789307,103.8125,17.921749114990234,0,0,100,10,1,
465.741,3.0826377868652344,-5.816751003265381,103.75,17.921749114990234,0,0,100,10,1,
465.751,2.771216869354248,-6.00996208190918,103.75,17.921749114990234,0,0,100,10,1,
465.761,2.4261298179626465,-6.173285961151123,103.6875,17.921749114990234,0,0,100,10,1,
465.771,2.212902069091797,-6.167160511016846,103.5625,17.372949600219727,0,0,100,10,1,
465.781,2.104893922805786,-6.227297306060791,103.5,17.372949600219727,0,0,100,10,1,
465.791,2.1522409915924072,-6.396109580993652,103.4375,17.372949600219727,0,0,100,10,1,
465.801,2.1416969299316406,-6.622555732727051,103.4375,17.372949600219727,0,0,100,10,1,
465.811,2.2842657566070557,-6.839430809020996,103.375,17.372949600219727,0,0,100,10,1,
465.821,2.5775094032287598,-6.942914009094238,103.25,17.372949600219727,0,0,100,10,1,
465.831,2.8475100994110107,-6.907805919647217,103.25,17.372949600219727,0,0,100,10,1,
465.841,3.0792908668518066,-6.772143363952637,103.1875,17.372949600219727,0,0,100,10,1,
465.851,3.1941378116607666,-6.604989051818848,103.1875,17.372949600219727,0,0,100,10,1,
465.861,3.29994535446167,-6.301080703735352,103.1875,17.372949600219727,0,0,100,10,1,
465.871,3.401406764984131,-6.003512859344482,103.125,17.372949600219727,0,0,100,10,1,
465.881,3.5626752376556396,-5.826859474182129,103.125,17.372949600219727,0,0,100,10,1,
465.891,3.743849039077759,-5.778113842010498,103.125,17.372949600219727,0,0,100,10,1,
465.901,3.9597208499908447,-5.881267070770264,103.125,17.372949600219727,0,0,100,10,1,
465.911,4.2643537521362305,-6.0177531242370605,103.125,17.372949600219727,0,0,100,10,1,
465.921,4.663735389709473,-6.186016082763672,103.0625,17.372949600219727,0,0,100,10,1,
465.931,5.020327091217041,-6.123413562774658,103.0625,17.372949600219727,0,0,100,10,1,
465.941,5.26762056350708,-6.151046276092529,103,17.372949600219727,0,0,100,10,1,
465.951,5.45167350769043,-6.139355659484863,103,17.372949600219727,0,0,100,10,1,
465.961,5.581434726715088,-6.0553154945373535,103,17.372949600219727,0,0,100,10,1,
465.971,5.614611625671387,-5.898646831512451,103,17.372949600219727,0,0,100,10,1,
465.981,5.643633842468262,-5.72291374206543,103,17.372949600219727,0,0,100,10,1,
465.991,5.706598281860352,-5.567921161651611,103,17.372949600219727,0,0,100,10,1,
466.001,5.892971992492676,-5.406675338745117,103,17.372949600219727,0,0,100,10,1,
466.011,6.139001846313477,-5.258552551269531,103.0625,14.148749351501465,0,0,100,10,1,
466.021,6.493401527404785,-5.155350685119629,103.0625,14.148749351501465,0,0,100,10,1,
466.031,6.808593273162842,-5.075691223144531,103.0625,14.148749351501465,0,0,100,10,1,
466.041,7.029648780822754,-5.045618534088135,103.0625,14.148749351501465,0,0,100,10,1,
466.051,7.105576515197754,-4.96022367477417,103.0625,14.148749351501465,0,0,100,10,1,
466.061,7.0219831466674805,-5.008342742919922,103.0625,14.148749351501465,0,0,100,10,1,
466.071,6.815128326416016,-5.03570032119751,103.0625,12.965399742126465,0,0,100,10,1,
466.081,6.6081037521362305,-5.154564380645752,103,12.965399742126465,0,0,100,10,1,
466.091,6.464072227478027,-5.363750457763672,103,12.965399742126465,0,0,100,10,1,
466.101,6.328768253326416,-5.651368618011475,103,12.965399742126465,0,0,100,10,1,
466.111,6.214621543884277,-6.011877059936523,103.0625,12.965399742126465,0,0,100,10,1,
466.121,6.183498859405518,-6.413948059082031,103.0625,12.965399742126465,0,0,100,10,1,
466.131,6.149871349334717,-6.741650581359863,103,12.965399742126465,0,0,100,10,1,
466.141,6.062383651733398,-7.022227764129639,102.9375,12.965399742126465,0,0,100,10,1,
466.151,5.922839164733887,-7.3520379066467285,102.9375,12.965399742126465,0,0,100,10,1,
466.161,5.610990524291992,-7.6518425941467285,102.875,12.965399742126465,0,0,100,10,1,
466.171,5.350467205047607,-8.074556350708008,102.875,12.965399742126465,0,0,100,10,1,
466.181,5.162472724914551,-8.439695358276367,102.9375,12.965399742126465,0,0,100,10,1,
466.191,4.8847432136535645,-8.821435928344727,102.9375,12.965399742126465,0,0,100,10,1,
466.201,4.596310138702393,-9.287656784057617,102.9375,12.965399742126465,0,0,100,10,1,
466.211,4.482722759246826,-9.62908935546875,103,12.965399742126465,0,0,100,10,1,
466.221,4.3527421951293945,-9.933256149291992,103,12.965399742126465,0,0,100,10,1,
466.231,4.118352890014648,-10.045973777770996,103.0625,12.965399742126465,0,0,100,10,1,
466.241,3.9470949172973633,-9.996305465698242,103.0625,12.965399742126465,0,0,100,10,1,
466.251,3.916433334350586,-9.681061744689941,103.0625,12.965399742126465,0,0,100,10,1,
466.261,3.95806622505188,-9.178789138793945,103.125,12.965399742126465,0,0,100,10,1,
466.271,4.1742048263549805,-8.847278594970703,103.1875,12.965399742126465,0,0,100,10,1,
466.281,4.536985874176025,-8.548666954040527,103.1875,12.965399742126465,0,0,100,10,1,
466.291,5.140202045440674,-8.386146545410156,103.25,12.965399742126465,0,0,100,10,1,
466.301,5.895389080047607,-8.337576866149902,103.25,12.965399742126465,0,0,100,10,1,
466.311,6.442068576812744,-8.341440200805664,103.25,7.4430999755859375,0,0,100,10,1,
466.321,6.8757100105285645,-8.115452766418457,103.25,7.4430999755859375,0,0,100,10,1,
466.331,7.268500328063965,-7.70501708984375,103.25,7.4430999755859375,0,0,100,10,1,
466.341,7.5148820877075195,-7.195056915283203,103.25,7.4430999755859375,0,0,100,10,1,
466.351,7.6612348556518555,-6.6942830085754395,103.25,7.4430999755859375,0,0,100,10,1,
466.361,7.953104496002197,-6.207083225250244,103.1875,7.4430999755859375,0,0,100,10,1,
466.371,8.539637565612793,-5.834124565124512,103.1875,5.968199729919434,0,0,100,10,1,
466.381,9.336019515991211,-5.491915225982666,103.1875,5.968199729919434,0,0,100,10,1,
466.391,10.106049537658691,-5.210327625274658,103.125,5.968199729919434,0,0,100,10,1,
466.401,10.511680603027344,-4.813928604125977,103.125,5.968199729919434,0,0,100,10,1,
466.411,10.3856840133667,-4.612236499786377,103,5.968199729919434,0,0,100,10,1,
466.421,10.250356674194336,-4.345649719238281,102.8125,5.968199729919434,0,0,100,10,1,
466.431,9.98003101348877,-4.111936569213867,102.8125,5.968199729919434,0,0,100,10,1,
466.441,9.655294418334961,-3.9533839225769043,102.6875,5.968199729919434,0,0,100,10,1,
466.451,9.325736045837402,-3.778031349182129,102.5,5.968199729919434,0,0,100,10,1,
466.461,9.263711929321289,-3.7210803031921387,102.25,5.968199729919434,0,0,100,10,1,
466.471,8.892827987670898,-3.687487840652466,102.0625,5.968199729919434,0,0,100,10,1,
466.481,8.259123802185059,-3.718522787094116,101.8125,5.968199729919434,0,0,100,10,1,
466.491,7.499443054199219,-3.6172754764556885,101.625,5.968199729919434,0,0,100,10,1,
466.501,6.335362911224365,-3.774949073791504,101.375,5.968199729919434,0,0,100,10,1,
466.511,5.098086833953857,-3.9491825103759766,101.1875,5.968199729919434,0,0,100,10,1,
466.521,3.7492096424102783,-4.224188327789307,100.9375,5.968199729919434,0,0,100,10,1,
466.531,2.241736888885498,-4.563806056976318,100.75,5.968199729919434,0,0,100,10,1,
466.541,0.7941451072692871,-4.72950553894043,100.5,5.968199729919434,0,0,100,10,1,
466.551,-0.4584423899650574,-4.822345733642578,100.25,5.968199729919434,0,0,100,10,1,
466.561,-1.4467374086380005,-4.735477447509766,100.0625,5.968199729919434,0,0,100,10,1,
466.571,-2.4064178466796875,-4.4662628173828125,99.8125,5.968199729919434,0,0,100,10,1,
466.581,-3.3357372283935547,-4.131496906280518,99.625,5.968199729919434,0,0,100,10,1,
466.591,-4.224004745483398,-3.6895575523376465,99.4375,5.968199729919434,0,0,100,10,1,
466.601,-4.911540985107422,-3.2569289207458496,99.1875,5.968199729919434,0,0,100,10,1,
466.611,-5.380084037780762,-2.8631699085235596,99,6.002500057220459,0,0,100,10,1,
466.621,-5.566859722137451,-2.411306619644165,98.8125,6.002500057220459,0,0,100,10,1,
466.631,-5.599956512451172,-1.9320757389068604,98.5625,6.002500057220459,0,0,100,10,1,
466.641,-5.39036226272583,-1.357833981513977,98.375,6.002500057220459,0,0,100,10,1,
466.651,-5.119210720062256,-0.7193548083305359,98.1875,6.002500057220459,0,0,100,10,1,
466.661,-4.785679817199707,0.0005103014409542084,98,6.002500057220459,0,0,100,10,1,
466.671,-4.337298393249512,0.7896702885627747,97.8125,6.499849796295166,0,0,100,10,1,
466.681,-3.918097496032715,1.4457207918167114,97.5625,6.499849796295166,0,0,100,10,1,
466.691,-3.408871650695801,2.0543036460876465,97.375,6.499849796295166,0,0,100,10,1,
466.701,-2.900766611099243,2.6367318630218506,97.1875,6.499849796295166,0,0,100,10,1,
466.711,-2.4002685546875,3.1664257049560547,96.9375,6.499849796295166,0,0,100,10,1,
466.721,-1.8918068408966064,3.665419101715088,96.75,6.499849796295166,0,0,100,10,1,
466.731,-1.4646841287612915,4.132667541503906,96.5625,5.968199729919434,0,0,100,10,1,
466.741,-0.9451755881309509,4.505463123321533,96.3125,5.968199729919434,0,0,100,10,1,
466.751,-0.19540604948997498,4.729701995849609,96.125,5.968199729919434,0,0,100,10,1,
466.761,0.6957035660743713,4.836155891418457,95.9375,5.968199729919434,0,0,100,10,1,
466.771,1.5538830757141113,4.817926406860352,95.6875,5.968199729919434,0,0,100,10,1,
466.781,2.369187355041504,4.66318416595459,95.5,5.968199729919434,0,0,100,10,1,
466.791,2.907773971557617,4.5767412185668945,95.25,5.6595001220703125,0,0,100,10,1,
466.801,3.2262115478515625,4.486131191253662,95.0625,5.6595001220703125,0,0,100,10,1,
466.811,3.3099617958068848,4.301447868347168,94.875,5.6595001220703125,0,0,100,10,1,
466.821,3.158921241760254,4.095508098602295,94.6875,5.6595001220703125,0,0,100,10,1,
466.831,3.0824925899505615,3.7348127365112305,94.5,5.6595001220703125,0,0,100,10,1,
466.841,2.983804702758789,3.2797389030456543,94.3125,5.6595001220703125,0,0,100,10,1,
466.851,2.9992923736572266,2.851262092590332,94.125,5.985350131988525,0,0,100,10,1,
466.861,2.9832816123962402,2.478153944015503,93.9375,5.985350131988525,0,0,100,10,1,
466.871,2.8412280082702637,2.1973342895507812,93.75,5.985350131988525,0,0,100,10,1,
466.881,2.582002639770508,2.0278542041778564,93.5625,5.985350131988525,0,0,100,10,1,
466.891,2.183929204940796,1.832111120223999,93.375,5.985350131988525,0,0,100,10,1,
466.901,1.6990597248077393,1.5505620241165161,93.1875,5.985350131988525,0,0,100,10,1,
466.911,1.2134920358657837,1.2752912044525146,93.0625,6.3454999923706055,0,0,100,10,1,
466.921,0.6489822268486023,0.9795533418655396,92.875,6.3454999923706055,0,0,100,10,1,
466.931,0.02187049388885498,0.5714552402496338,92.6875,6.3454999923706055,0,0,100,10,1,
466.941,-0.6827180981636047,0.12096032500267029,92.5,6.3454999923706055,0,0,100,10,1,
466.951,-1.3755286931991577,-0.3106284737586975,92.3125,6.3454999923706055,0,0,100,10,1,
466.961,-2.0751867294311523,-0.6136589050292969,92.125,6.3454999923706055,0,0,100,10,1,
466.971,-2.751410961151123,-0.7527779340744019,91.9375,6.5169997215271,0,0,100,10,1,
466.981,-3.4771251678466797,-0.8008584976196289,91.6875,6.5169997215271,0,0,100,10,1,
466.991,-4.2114081382751465,-0.940814733505249,91.5,6.5169997215271,0,0,100,10,1,
467.001,-4.7420268058776855,-1.0260390043258667,91.25,6.5169997215271,0,0,100,10,1,
467.011,-5.080130100250244,-0.9857203960418701,91,6.5169997215271,0,0,100,10,1,
467.021,-5.212655544281006,-0.8392748832702637,90.75,6.5169997215271,0,0,100,10,1,
467.031,-5.263323783874512,-0.7105216383934021,90.5,7.065799713134766,0,0,100,10,1,
467.041,-5.265907287597656,-0.6660988926887512,90.1875,7.065799713134766,0,0,100,10,1,
467.051,-5.193887233734131,-0.503490149974823,89.9375,7.065799713134766,0,0,100,10,1,
467.061,-5.174834728240967,-0.20313775539398193,89.625,7.065799713134766,0,0,100,10,1,
467.071,-5.014344215393066,0.2628849446773529,89.3125,7.065799713134766,0,0,100,10,1,
467.081,-4.829065799713135,0.7988423705101013,89,7.065799713134766,0,0,100,10,1,
467.091,-4.5280442237854,1.2189165353775024,88.75,7.288749694824219,0,0,100,10,1,
467.101,-4.069159030914307,1.6330825090408325,88.4375,7.288749694824219,0,0,100,10,1,
467.111,-3.5088682174682617,2.093116521835327,88.125,7.288749694824219,0,0,100,10,1,
467.121,-2.901620864868164,2.570420026779175,87.8125,7.288749694824219,0,0,100,10,1,
467.131,-2.3686611652374268,3.0192275047302246,87.5,7.288749694824219,0,0,100,10,1,
467.141,-1.7870780229568481,3.469817638397217,87.1875,7.288749694824219,0,0,100,10,1,
467.151,-1.1391804218292236,3.9115006923675537,86.875,7.546000003814697,0,0,100,10,1,
467.161,-0.4741380214691162,4.343288421630859,86.5625,7.546000003814697,0,0,100,10,1,
467.171,0.2576783001422882,4.767745494842529,86.25,7.546000003814697,0,0,100,10,1,
467.181,0.8615921139717102,5.131909370422363,86,7.546000003814697,0,0,100,10,1,
467.191,1.2661166191101074,5.403139591217041,85.6875,7.546000003814697,0,0,100,10,1,
467.201,1.460349202156067,5.507491588592529,85.4375,7.546000003814697,0,0,100,10,1,
467.211,1.4618452787399292,5.405351161956787,85.25,3.241349935531616,0,0,100,10,1,
467.221,1.399653673171997,5.24027156829834,85,3.241349935531616,0,0,100,10,1,
467.231,1.2665693759918213,4.904342174530029,84.75,3.241349935531616,0,0,100,10,1,
467.241,1.1618843078613281,4.606198310852051,84.5625,3.241349935531616,0,0,100,10,1,
467.251,1.0873888731002808,4.360876083374023,84.375,3.241349935531616,0,0,100,10,1,
467.261,0.9285847544670105,4.144075870513916,84.1875,3.241349935531616,0,0,100,10,1,
467.271,0.7249336838722229,3.9093079566955566,84.0625,4.116000175476074,0,0,100,10,1,
467.281,0.4350791871547699,3.7231976985931396,83.875,4.116000175476074,0,0,100,10,1,
467.291,0.04806041717529297,3.477402687072754,83.75,4.116000175476074,0,0,100,10,1,
467.301,-0.30093061923980713,3.0908362865448,83.5625,4.116000175476074,0,0,100,10,1,
467.311,-0.6121490597724915,2.6171600818634033,83.4375,4.116000175476074,0,0,100,10,1,
467.321,-0.9194628000259399,2.1629717350006104,83.25,4.116000175476074,0,0,100,10,1,
467.331,-1.3130526542663574,1.939652919769287,83.125,4.133150100708008,0,0,100,10,1,
467.341,-1.7684247493743896,1.7771215438842773,82.9375,4.133150100708008,0,0,100,10,1,
467.351,-2.2869784832000732,1.6920212507247925,82.75,4.133150100708008,0,0,100,10,1,
467.361,-2.84255051612854,1.608336091041565,82.5625,4.133150100708008,0,0,100,10,1,
467.371,-3.3728039264678955,1.545166254043579,82.3125,4.133150100708008,0,0,100,10,1,
467.381,-3.738739252090454,1.4309275150299072,82.125,4.133150100708008,0,0,100,10,1,
467.391,-3.9725687503814697,1.2539135217666626,81.875,4.133150100708008,0,0,100,10,1,
467.401,-4.054211616516113,1.0388376712799072,81.625,4.133150100708008,0,0,100,10,1,
467.411,-4.118195533752441,0.8799877762794495,81.625,4.133150100708008,0,0,100,10,1,
467.421,-4.226522922515869,0.7995173931121826,81.375,4.133150100708008,0,0,100,10,1,
467.431,-4.383399486541748,0.8362452983856201,80.875,4.133150100708008,0,0,100,10,1,
467.441,-4.490685939788818,1.0150361061096191,80.625,4.133150100708008,0,0,100,10,1,
467.451,-4.554399013519287,1.258933424949646,80.375,4.133150100708008,0,0,100,10,1,
467.461,-4.477831840515137,1.4098998308181763,80.375,4.133150100708008,0,0,100,10,1,
467.471,-4.322463512420654,1.4776992797851562,80.125,4.133150100708008,0,0,100,10,1,
467.481,-4.03650426864624,1.4527055025100708,79.5625,4.133150100708008,0,0,100,10,1,
467.491,-3.7461705207824707,1.4312118291854858,79.3125,4.133150100708008,0,0,100,10,1,
467.501,-3.4687204360961914,1.3947807550430298,79.0625,4.133150100708008,0,0,100,10,1,
467.511,-3.243239641189575,1.358870506286621,79.0625,4.133150100708008,0,0,100,10,1,
467.521,-3.05216121673584,1.368816614151001,78.75,4.133150100708008,0,0,100,10,1,
467.531,-2.954434394836426,1.3487640619277954,78.25,4.133150100708008,0,0,100,10,1,
467.541,-2.9031901359558105,1.3029675483703613,77.9375,4.133150100708008,0,0,100,10,1,
467.551,-2.8469398021698,1.3009710311889648,77.6875,4.133150100708008,0,0,100,10,1,
467.561,-2.749990224838257,1.3183367252349854,77.6875,4.133150100708008,0,0,100,10,1,
467.571,-2.6317145824432373,1.3496346473693848,77.4375,13.737150192260742,0,0,100,10,1,
467.581,-2.5277111530303955,1.3594449758529663,76.875,13.737150192260742,0,0,100,10,1,
467.591,-2.4714744091033936,1.3882501125335693,76.5625,13.737150192260742,0,0,100,10,1,
467.601,-2.4475252628326416,1.496758222579956,76.3125,13.737150192260742,0,0,100,10,1,
467.611,-2.500056743621826,1.6690659523010254,76.3125,13.737150192260742,0,0,100,10,1,
467.621,-2.577195167541504,1.8942760229110718,76.0625,13.737150192260742,0,0,100,10,1,
467.631,-2.4072062969207764,2.178999185562134,75.75,13.119750022888184,0,0,100,10,1,
467.641,-2.17755389213562,2.443732976913452,75.5625,13.119750022888184,0,0,100,10,1,
467.651,-1.885178804397583,2.611987352371216,75.375,13.119750022888184,0,0,100,10,1,
467.661,-1.7774512767791748,2.4665424823760986,75.375,13.119750022888184,0,0,100,10,1,
467.671,-1.6074333190917969,2.403423547744751,75.125,13.119750022888184,0,0,100,10,1,
467.681,-1.6847667694091797,2.142029047012329,74.625,13.119750022888184,0,0,100,10,1,
467.691,-2.1432034969329834,1.8492491245269775,74.5,13.119750022888184,0,0,100,10,1,
467.701,-3.0268971920013428,1.4346727132797241,74.5625,13.119750022888184,0,0,100,10,1,
467.711,-3.568938970565796,0.9305336475372314,74.5625,13.119750022888184,0,0,100,10,1,
467.721,-3.8312923908233643,0.30383557081222534,74.6875,13.119750022888184,0,0,100,10,1,
467.731,-3.280811071395874,-0.2176569700241089,74.875,13.119750022888184,0,0,100,10,1,
467.741,-2.6484951972961426,-0.4212191104888916,75,13.119750022888184,0,0,100,10,1,
467.751,-1.7669919729232788,-0.2540854215621948,75.125,13.119750022888184,0,0,100,10,1,
467.761,-1.321994423866272,-0.400667667388916,75.125,13.119750022888184,0,0,100,10,1,
467.771,-1.1576577425003052,-0.36502355337142944,75.1875,13.119750022888184,0,0,100,10,1,
467.781,-2.141334056854248,-0.3263987600803375,75.25,13.119750022888184,0,0,100,10,1,
467.791,-3.9129021167755127,-0.7154523730278015,75.3125,13.119750022888184,0,0,100,10,1,
467.801,-6.11441707611084,-1.7267320156097412,75.375,13.119750022888184,0,0,100,10,1,
467.811,-8.173270225524902,-2.9301257133483887,75.375,13.119750022888184,0,0,100,10,1,
467.821,-9.690229415893555,-4.397354602813721,75.375,13.119750022888184,0,0,100,10,1,
467.831,-10.429817199707031,-5.747453212738037,75.5625,13.119750022888184,0,0,100,10,1,
467.841,-10.824382781982422,-6.512416362762451,75.625,13.119750022888184,0,0,100,10,1,
467.851,-10.922447204589844,-6.754861354827881,75.6875,13.119750022888184,0,0,100,10,1,
467.861,-11.382933616638184,-6.84869384765625,75.6875,13.119750022888184,0,0,100,10,1,
467.871,-12.053474426269531,-6.379660129547119,75.75,14.045849800109863,0,0,100,10,1,
467.881,-12.623682975769043,-5.45902681350708,75.8125,14.045849800109863,0,0,100,10,1,
467.891,-13.471291542053223,-4.101796627044678,75.75,14.045849800109863,0,0,100,10,1,
467.901,-14.330574035644531,-3.23528790473938,75.75,14.045849800109863,0,0,100,10,1,
467.911,-14.992732048034668,-2.645369052886963,75.75,14.045849800109863,0,0,100,10,1,
467.921,-14.950325965881348,-2.2226150035858154,75.6875,14.045849800109863,0,0,100,10,1,
467.931,-14.550216674804688,-1.9300287961959839,75.6875,13.840049743652344,0,0,100,10,1,
467.941,-13.803216934204102,-1.4970557689666748,75.75,13.840049743652344,0,0,100,10,1,
467.951,-12.74905014038086,-0.9741237759590149,75.75,13.840049743652344,0,0,100,10,1,
467.961,-12.08581256866455,0.03912314772605896,75.75,13.840049743652344,0,0,100,10,1,
467.971,-11.75737190246582,1.5155670642852783,75.8125,13.840049743652344,0,0,100,10,1,
467.981,-11.187520980834961,3.2339749336242676,76,13.840049743652344,0,0,100,10,1,
467.991,-10.69996166229248,5.396243572235107,76.125,13.840049743652344,0,0,100,10,1,
468.001,-10.316071510314941,7.21782112121582,76.25,13.840049743652344,0,0,100,10,1,
468.011,-9.931877136230469,8.91900634765625,76.25,13.840049743652344,0,0,100,10,1,
468.021,-9.270170211791992,9.938275337219238,76.375,13.840049743652344,0,0,100,10,1,
468.031,-8.400504112243652,10.569092750549316,76.75,13.840049743652344,0,0,100,10,1,
468.041,-7.307547092437744,10.643186569213867,76.9375,13.840049743652344,0,0,100,10,1,
468.051,-6.1160688400268555,10.719135284423828,77.25,13.840049743652344,0,0,100,10,1,
468.061,-4.929907321929932,10.89063549041748,77.25,13.840049743652344,0,0,100,10,1,
468.071,-3.9484546184539795,11.085613250732422,77.5,13.840049743652344,0,0,100,10,1,
468.081,-3.102233648300171,11.143195152282715,78.1875,13.840049743652344,0,0,100,10,1,
468.091,-2.4517431259155273,11.151641845703125,78.5625,13.840049743652344,0,0,100,10,1,
468.101,-1.949537754058838,10.88200569152832,79,13.840049743652344,0,0,100,10,1,
468.111,-1.5764466524124146,10.237205505371094,79,13.840049743652344,0,0,100,10,1,
468.121,-1.2557178735733032,9.244067192077637,79.4375,13.840049743652344,0,0,100,10,1,
468.131,-0.9629993438720703,8.057621002197266,80.3125,13.840049743652344,0,0,100,10,1,
468.141,-0.803647518157959,6.558867454528809,80.75,13.840049743652344,0,0,100,10,1,
468.151,-0.7911339998245239,4.880807876586914,81.25,13.840049743652344,0,0,100,10,1,
468.161,-0.8893016576766968,3.2068252563476562,81.25,13.840049743652344,0,0,100,10,1,
468.171,-1.0425962209701538,1.6019328832626343,81.6875,13.960100173950195,0,0,100,10,1,
468.181,-1.333860993385315,0.1386752426624298,82.625,13.960100173950195,0,0,100,10,1,
468.191,-1.5670017004013062,-1.0795007944107056,83.125,13.960100173950195,0,0,100,10,1,
468.201,-1.827904462814331,-2.113906145095825,83.625,13.960100173950195,0,0,100,10,1,
468.211,-2.025179386138916,-2.8687620162963867,83.625,13.960100173950195,0,0,100,10,1,
468.221,-2.195582389831543,-3.4167680740356445,84.0625,13.960100173950195,0,0,100,10,1,
468.231,-2.435455083847046,-4.301159858703613,85,13.702849388122559,0,0,100,10,1,
468.241,-2.7211430072784424,-5.359575271606445,85.4375,13.702849388122559,0,0,100,10,1,
468.251,-3.001206159591675,-6.655419826507568,85.875,13.702849388122559,0,0,100,10,1,
468.261,-3.499856948852539,-8.058281898498535,85.875,13.702849388122559,0,0,100,10,1,
468.271,-3.951625108718872,-9.234414100646973,86.3125,13.702849388122559,0,0,100,10,1,
468.281,-4.207556247711182,-9.972554206848145,87.125,13.702849388122559,0,0,100,10,1,
468.291,-4.1740498542785645,-10.162276268005371,87.5625,13.702849388122559,0,0,100,10,1,
468.301,-4.112735748291016,-10.073209762573242,88,13.702849388122559,0,0,100,10,1,
468.311,-3.8790283203125,-9.696556091308594,88,13.702849388122559,0,0,100,10,1,
468.321,-3.3531806468963623,-9.31282901763916,88.4375,13.702849388122559,0,0,100,10,1,
468.331,-2.5689311027526855,-9.085193634033203,89.375,13.702849388122559,0,0,100,10,1,
468.341,-1.9246642589569092,-8.955225944519043,89.8125,13.702849388122559,0,0,100,10,1,
468.351,-1.534916639328003,-8.92331600189209,89.8125,13.702849388122559,0,0,100,10,1,
468.361,-1.2911105155944824,-8.863473892211914,90.3125,13.702849388122559,0,0,100,10,1,
468.371,-1.0729649066925049,-8.46728515625,90.6875,13.702849388122559,0,0,100,10,1,
468.381,-0.6651595830917358,-7.95717191696167,91.125,13.702849388122559,0,0,100,10,1,
468.391,-0.4082661271095276,-7.42598819732666,91.5625,13.702849388122559,0,0,100,10,1,
468.401,-0.07593268156051636,-6.944451332092285,92.4375,13.702849388122559,0,0,100,10,1,
468.411,0.741517961025238,-6.344327449798584,92.4375,13.702849388122559,0,0,100,10,1,
468.421,1.9241394996643066,-5.6781182289123535,92.875,13.702849388122559,0,0,100,10,1,
468.431,3.3698489665985107,-5.162533283233643,93.3125,13.702849388122559,0,0,100,10,1,
468.441,5.1776652336120605,-4.543869972229004,93.75,13.702849388122559,0,0,100,10,1,
468.451,7.125235080718994,-4.002233028411865,94.25,13.702849388122559,0,0,100,10,1,
468.461,8.536975860595703,-3.5882091522216797,94.625,13.702849388122559,0,0,100,10,1,
468.471,9.411828994750977,-3.103280544281006,95,13.788599967956543,0,0,100,10,1,
468.481,9.913366317749023,-2.49760365486145,95.375,13.788599967956543,0,0,100,10,1,
468.491,10.330492973327637,-1.8506863117218018,95.6875,13.788599967956543,0,0,100,10,1,
468.501,10.735796928405762,-1.243827223777771,96.0625,13.788599967956543,0,0,100,10,1,
468.511,11.516921043395996,-0.6958001255989075,96.4375,13.788599967956543,0,0,100,10,1,
468.521,12.40938663482666,-0.34513092041015625,96.8125,13.788599967956543,0,0,100,10,1,
468.531,13.454593658447266,-0.14734742045402527,97.1875,13.719999313354492,0,0,100,10,1,
468.541,14.086173057556152,-0.05427510291337967,97.5,13.719999313354492,0,0,100,10,1,
468.551,14.365891456604004,-0.005321890115737915,97.875,13.719999313354492,0,0,100,10,1,
468.561,14.177629470825195,-0.10352537035942078,98.1875,13.719999313354492,0,0,100,10,1,
468.571,13.668319702148438,-0.2619186043739319,98.5,13.719999313354492,0,0,100,10,1,
468.581,13.14146900177002,-0.4187920093536377,98.8125,13.719999313354492,0,0,100,10,1,
468.591,12.687480926513672,-0.6088392734527588,99.1875,13.754300117492676,0,0,100,10,1,
468.601,12.317258834838867,-0.8958047032356262,99.5,13.754300117492676,0,0,100,10,1,
468.611,12.188692092895508,-1.2525907754898071,99.8125,13.754300117492676,0,0,100,10,1,
468.621,11.955546379089355,-1.6806446313858032,100.125,13.754300117492676,0,0,100,10,1,
468.631,11.49032211303711,-2.0918591022491455,100.4375,13.754300117492676,0,0,100,10,1,
468.641,10.776928901672363,-2.3894031047821045,100.75,13.754300117492676,0,0,100,10,1,
468.651,9.816514015197754,-2.572046995162964,101.0625,13.188349723815918,0,0,100,10,1,
468.661,8.863506317138672,-2.65000057220459,101.375,13.188349723815918,0,0,100,10,1,
468.671,7.737868785858154,-2.651832342147827,101.6875,13.188349723815918,0,0,100,10,1,
468.681,6.552802085876465,-2.740567207336426,102,13.188349723815918,0,0,100,10,1,
468.691,5.312593460083008,-2.9773173332214355,102.3125,13.188349723815918,0,0,100,10,1,
468.701,4.2218523025512695,-3.428903102874756,102.5625,13.188349723815918,0,0,100,10,1,
468.711,3.221120595932007,-4.02103853225708,102.875,13.205499649047852,0,0,100,10,1,
468.721,2.2114059925079346,-4.5982465744018555,103.1875,13.205499649047852,0,0,100,10,1,
468.731,1.3854305744171143,-4.916677474975586,103.4375,13.205499649047852,0,0,100,10,1,
468.741,0.3881572484970093,-4.9577155113220215,103.75,13.205499649047852,0,0,100,10,1,
468.751,-0.6052161455154419,-4.799347400665283,104,13.205499649047852,0,0,100,10,1,
468.761,-1.5060316324234009,-4.4194464683532715,104.3125,13.205499649047852,0,0,100,10,1,
468.771,-2.1634624004364014,-3.920550584793091,104.5625,13.599949836730957,0,0,100,10,1,
468.781,-2.739455461502075,-3.435356378555298,104.875,13.599949836730957,0,0,100,10,1,
468.791,-3.0368669033050537,-3.051403760910034,105.125,13.599949836730957,0,0,100,10,1,
468.801,-2.998039484024048,-2.7140471935272217,105.375,13.599949836730957,0,0,100,10,1,
468.811,-2.9426779747009277,-2.4180431365966797,105.625,13.599949836730957,0,0,100,10,1,
468.821,-2.7025065422058105,-2.107084035873413,105.875,13.599949836730957,0,0,100,10,1,
468.831,-2.3692686557769775,-1.675790786743164,106.125,13.599949836730957,0,0,100,10,1,
468.841,-2.09855580329895,-1.1530812978744507,106.375,13.599949836730957,0,0,100,10,1,
468.851,-1.7437187433242798,-0.6372338533401489,106.625,13.599949836730957,0,0,100,10,1,
468.861,-1.3310991525650024,-0.06710690259933472,106.875,13.599949836730957,0,0,100,10,1,
468.871,-1.0116475820541382,0.4488738775253296,107.125,13.599949836730957,0,0,100,10,1,
468.881,-0.610371470451355,0.8570025563240051,107.375,13.599949836730957,0,0,100,10,1,
468.891,-0.03920666500926018,1.2391384840011597,107.625,12.982549667358398,0,0,100,10,1,
468.901,0.8405282497406006,1.6437301635742188,107.8125,12.982549667358398,0,0,100,10,1,
468.911,1.9782896041870117,2.002870798110962,108.0625,12.982549667358398,0,0,100,10,1,
468.921,3.3188343048095703,2.314495801925659,108.25,12.982549667358398,0,0,100,10,1,
468.931,4.694818019866943,2.6295766830444336,108.4375,12.982549667358398,0,0,100,10,1,
468.941,5.96643590927124,2.8368589878082275,108.625,12.982549667358398,0,0,100,10,1,
468.951,6.990032196044922,2.9943950176239014,108.8125,12.965399742126465,0,0,100,10,1,
468.961,7.550400257110596,3.031032085418701,108.9375,12.965399742126465,0,0,100,10,1,
468.971,7.939283847808838,2.969724655151367,109.125,12.965399742126465,0,0,100,10,1,
468.981,8.150403022766113,2.8113768100738525,109.25,12.965399742126465,0,0,100,10,1,
468.991,8.2872953414917,2.6791012287139893,109.375,12.965399742126465,0,0,100,10,1,
469.001,8.439586639404297,2.45735764503479,109.5,12.965399742126465,0,0,100,10,1,
469.011,8.628340721130371,2.203803062438965,109.625,13.376999855041504,0,0,100,10,1,
469.021,8.931570053100586,1.9711345434188843,109.75,13.376999855041504,0,0,100,10,1,
469.031,9.061684608459473,1.6851162910461426,109.875,13.376999855041504,0,0,100,10,1,
469.041,8.89620590209961,1.3119868040084839,110,13.376999855041504,0,0,100,10,1,
469.051,8.506538391113281,0.947594404220581,110.125,13.376999855041504,0,0,100,10,1,
469.061,7.999595642089844,0.5998218655586243,110.25,13.376999855041504,0,0,100,10,1,
469.071,7.34169864654541,0.3020774722099304,110.375,13.685699462890625,0,0,100,10,1,
469.081,6.648914337158203,0.050692640244960785,110.4375,13.685699462890625,0,0,100,10,1,
469.091,5.907705783843994,-0.18152034282684326,110.5625,13.685699462890625,0,0,100,10,1,
469.101,5.17619514465332,-0.4389362335205078,110.625,13.685699462890625,0,0,100,10,1,
469.111,4.526870250701904,-0.7259966135025024,110.75,13.685699462890625,0,0,100,10,1,
469.121,3.928161382675171,-0.9501771926879883,110.8125,13.685699462890625,0,0,100,10,1,
469.131,3.2920565605163574,-1.1181048154830933,110.875,13.10260009765625,0,0,100,10,1,
469.141,2.820180654525757,-1.1668407917022705,110.9375,13.10260009765625,0,0,100,10,1,
469.151,2.2985072135925293,-1.1699538230895996,111,13.10260009765625,0,0,100,10,1,
469.161,1.6739985942840576,-1.1044211387634277,111.0625,13.10260009765625,0,0,100,10,1,
469.171,1.0334594249725342,-1.062560796737671,111.125,13.10260009765625,0,0,100,10,1,
469.181,0.2420262098312378,-1.035291314125061,111.1875,13.10260009765625,0,0,100,10,1,
469.191,-0.6042293310165405,-1.0058362483978271,111.1875,12.999699592590332,0,0,100,10,1,
469.201,-1.4058551788330078,-0.8640870451927185,111.25,12.999699592590332,0,0,100,10,1,
469.211,-2.1524317264556885,-0.5882934331893921,111.25,12.999699592590332,0,0,100,10,1,
469.221,-2.8213465213775635,-0.227865070104599,111.25,12.999699592590332,0,0,100,10,1,
469.231,-3.2722737789154053,0.1285255253314972,111.3125,12.999699592590332,0,0,100,10,1,
469.241,-3.522334098815918,0.4989135265350342,111.3125,12.999699592590332,0,0,100,10,1,
469.251,-3.5337605476379395,0.794832170009613,111.3125,10.787349700927734,0,0,100,10,1,
469.261,-3.445211410522461,1.1263502836227417,111.25,10.787349700927734,0,0,100,10,1,
469.271,-3.2773869037628174,1.4557305574417114,111.25,10.787349700927734,0,0,100,10,1,
469.281,-3.019052743911743,1.8158957958221436,111.25,10.787349700927734,0,0,100,10,1,
469.291,-2.9322469234466553,2.155891180038452,111.25,10.787349700927734,0,0,100,10,1,
469.301,-2.8618650436401367,2.526028633117676,111.25,10.787349700927734,0,0,100,10,1,
469.311,-2.751819610595703,2.960256814956665,111.3125,6.7571001052856445,0,0,100,10,1,
469.321,-2.557445526123047,3.47615385055542,111.3125,6.7571001052856445,0,0,100,10,1,
469.331,-2.3387651443481445,3.9822778701782227,111.3125,6.7571001052856445,0,0,100,10,1,
469.341,-1.9632278680801392,4.442587375640869,111.3125,6.7571001052856445,0,0,100,10,1,
469.351,-1.4747166633605957,4.749390602111816,111.3125,6.7571001052856445,0,0,100,10,1,
469.361,-0.958316445350647,4.750809192657471,111.3125,6.7571001052856445,0,0,100,10,1,
469.371,-0.4296630918979645,4.445678234100342,111.25,6.7571001052856445,0,0,100,10,1,
469.381,0.13608314096927643,4.003857135772705,111.125,6.7571001052856445,0,0,100,10,1,
469.391,0.6382912397384644,3.551025390625,111,6.7571001052856445,0,0,100,10,1,
469.401,1.0121673345565796,3.215043306350708,110.9375,6.7571001052856445,0,0,100,10,1,
469.411,1.1221073865890503,3.0994200706481934,110.9375,6.7571001052856445,0,0,100,10,1,
469.421,1.206254005432129,2.9035286903381348,110.9375,6.7571001052856445,0,0,100,10,1,
469.431,1.0084822177886963,2.7310614585876465,110.875,8.180549621582031,0,0,100,10,1,
469.441,0.6359840035438538,2.5118937492370605,110.8125,8.180549621582031,0,0,100,10,1,
469.451,0.10689345747232437,2.078748941421509,110.75,8.180549621582031,0,0,100,10,1,
469.461,-0.17464019358158112,1.577689528465271,110.625,8.180549621582031,0,0,100,10,1,
469.471,-0.3057180941104889,1.0341541767120361,110.625,8.180549621582031,0,0,100,10,1,
469.481,-0.39338916540145874,0.48192864656448364,110.5625,8.180549621582031,0,0,100,10,1,
469.491,-0.4463499188423157,0.09443287551403046,110.375,8.746500015258789,0,0,100,10,1,
469.501,-0.5072751045227051,-0.19449953734874725,110.25,8.746500015258789,0,0,100,10,1,
469.511,-0.5043553709983826,-0.2820342779159546,110.125,8.746500015258789,0,0,100,10,1,
469.521,-0.7144522070884705,-0.3580058217048645,110.125,8.746500015258789,0,0,100,10,1,
469.531,-0.9164470434188843,-0.15727311372756958,110,8.746500015258789,0,0,100,10,1,
469.541,-1.2164407968521118,0.1983419507741928,109.75,8.746500015258789,0,0,100,10,1,
469.551,-1.6560333967208862,0.5101923942565918,109.625,8.746500015258789,0,0,100,10,1,
469.561,-2.407902956008911,0.5674513578414917,109.5,8.746500015258789,0,0,100,10,1,
469.571,-3.0676231384277344,0.43784099817276,109.5,8.746500015258789,0,0,100,10,1,
469.581,-3.561495780944824,0.15283861756324768,109.375,8.746500015258789,0,0,100,10,1,
469.591,-3.9982383251190186,-0.38950684666633606,109.125,8.746500015258789,0,0,100,10,1,
469.601,-4.229410648345947,-0.7068226337432861,109,8.746500015258789,0,0,100,10,1,
469.611,-4.41389274597168,-0.7455353736877441,108.8125,8.746500015258789,0,0,100,10,1,
469.621,-4.742068767547607,-0.6844545602798462,108.8125,8.746500015258789,0,0,100,10,1,
469.631,-4.873667240142822,-0.3969312012195587,108.6875,8.746500015258789,0,0,100,10,1,
469.641,-4.778044700622559,-0.022779569029808044,108.4375,8.746500015258789,0,0,100,10,1,
469.651,-4.670567035675049,0.29670479893684387,108.25,8.746500015258789,0,0,100,10,1,
469.661,-4.417812824249268,0.4925294816493988,108.125,8.746500015258789,0,0,100,10,1,
469.671,-4.172153472900391,0.647207498550415,108.125,8.746500015258789,0,0,100,10,1,
469.681,-3.8470869064331055,0.646156907081604,108,8.746500015258789,0,0,100,10,1,
469.691,-3.4957733154296875,0.5032694935798645,107.6875,8.746500015258789,0,0,100,10,1,
469.701,-3.4050862789154053,0.3304956555366516,107.5,8.746500015258789,0,0,100,10,1,
469.711,-3.4548325538635254,0.2823159992694855,107.375,8.746500015258789,0,0,100,10,1,
469.721,-3.4842662811279297,0.38606324791908264,107.375,8.746500015258789,0,0,100,10,1,
469.731,-3.5766689777374268,0.47236743569374084,107.25,12.673850059509277,0,0,100,10,1,
469.741,-3.651747465133667,0.5847762823104858,107,12.673850059509277,0,0,100,10,1,
469.751,-3.5093305110931396,0.7300524115562439,106.875,12.673850059509277,0,0,100,10,1,
469.761,-3.361514091491699,0.7815113663673401,106.75,12.673850059509277,0,0,100,10,1,
469.771,-3.2189791202545166,0.7880140542984009,106.75,12.673850059509277,0,0,200,10,1,
469.781,-2.9857466220855713,0.7724751830101013,106.625,12.673850059509277,0,0,200,10,1,
469.791,-2.631843328475952,0.7454138994216919,106.4375,12.931099891662598,0,0,200,10,1,
469.801,-2.304360866546631,0.6548242568969727,106.375,12.931099891662598,0,0,200,10,1,
469.811,-1.967613697052002,0.5144541263580322,106.375,12.931099891662598,0,0,200,10,1,
469.821,-1.7248176336288452,0.48585233092308044,106.375,12.931099891662598,0,0,200,10,1,
469.831,-1.542170524597168,0.40260761976242065,106.4375,12.931099891662598,0,0,200,10,1,
469.841,-1.4888904094696045,0.3573068678379059,106.6875,12.931099891662598,0,0,200,10,1,
469.851,-1.3505818843841553,0.36441174149513245,106.875,12.931099891662598,0,0,200,10,1,
469.861,-1.053432583808899,0.45499587059020996,107.125,12.931099891662598,0,0,200,10,1,
469.871,-0.9003230333328247,0.6038072109222412,107.125,12.931099891662598,0,0,200,10,1,
469.881,-0.7429611086845398,0.6737513542175293,107.375,12.931099891662598,0,0,200,10,1,
469.891,-0.4868677258491516,0.7836015224456787,108,12.931099891662598,0,0,200,10,1,
469.901,-0.3805891275405884,0.8751346468925476,108.375,12.931099891662598,0,0,200,10,1,
469.911,-0.28715017437934875,0.9244495630264282,108.6875,12.931099891662598,0,0,200,10,1,
469.921,-0.1630277782678604,1.1400443315505981,108.6875,12.931099891662598,0,0,200,10,1,
469.931,-0.2665902376174927,1.3020457029342651,109.0625,12.931099891662598,0,0,200,10,1,
469.941,-0.7293463349342346,1.1726999282836914,109.875,12.931099891662598,0,0,200,10,1,
469.951,-1.060039758682251,1.0024641752243042,110.3125,12.931099891662598,0,0,200,10,1,
469.961,-1.2920880317687988,0.7771188020706177,110.8125,12.931099891662598,0,0,200,10,1,
469.971,-1.473650574684143,0.5132707953453064,110.8125,12.931099891662598,0,0,200,10,1,
469.981,-1.5587377548217773,0.26530227065086365,111.25,12.931099891662598,0,0,200,10,1,
469.991,-1.5510880947113037,0.0590403787791729,112.3125,12.931099891662598,0,0,200,10,1,
470.001,-1.5543122291564941,-0.11853250116109848,112.8125,12.931099891662598,0,0,200,10,1,
470.011,-1.4330912828445435,-0.1819649338722229,113.4375,12.931099891662598,0,0,200,10,1,
470.021,-1.2867497205734253,-0.20979255437850952,113.4375,12.931099891662598,0,0,200,10,1,
470.031,-1.0503811836242676,-0.1858481615781784,114,9.895549774169922,0,0,200,10,1,
470.041,-0.8343895673751831,-0.11691604554653168,115.25,9.895549774169922,0,0,200,10,1,
470.051,-0.5192466974258423,-0.051561251282691956,115.875,9.895549774169922,0,0,200,10,1,
470.061,-0.1411449909210205,-0.1163526177406311,116.5625,9.895549774169922,0,0,200,10,1,
470.071,0.031133681535720825,-0.3877936601638794,116.5625,9.895549774169922,0,0,200,10,1,
470.081,0.02510400116443634,-0.8684694766998291,117.25,9.895549774169922,0,0,200,10,1,
470.091,-0.16637824475765228,-1.3464716672897339,118.625,9.758349418640137,0,0,200,10,1,
470.101,-0.28716713190078735,-1.710462212562561,119.375,9.758349418640137,0,0,200,10,1,
470.111,-0.3190684914588928,-2.011350393295288,120.125,9.758349418640137,0,0,200,10,1,
470.121,-0.184856578707695,-2.209975481033325,120.125,9.758349418640137,0,0,200,10,1,
470.131,-0.06874290853738785,-2.377314805984497,120.9375,9.758349418640137,0,0,200,10,1,
470.141,0.10754097998142242,-2.5352461338043213,122.5625,9.758349418640137,0,0,200,10,1,
470.151,0.3188827633857727,-2.700042247772217,123.4375,9.758349418640137,0,0,200,10,1,
470.161,0.6278844475746155,-2.8565571308135986,124.3125,9.758349418640137,0,0,200,10,1,
470.171,1.0518656969070435,-2.98357892036438,124.3125,9.758349418640137,0,0,200,10,1,
470.181,1.5317412614822388,-3.1320900917053223,125.1875,9.758349418640137,0,0,200,10,1,
470.191,1.9254695177078247,-3.292320966720581,127,9.758349418640137,0,0,200,10,1,
470.201,2.2966017723083496,-3.4281303882598877,127.875,9.758349418640137,0,0,200,10,1,
470.211,2.5186643600463867,-3.493091344833374,128.8125,9.758349418640137,0,0,200,10,1,
470.221,2.714223861694336,-3.5201025009155273,128.8125,9.758349418640137,0,0,200,10,1,
470.231,2.883092164993286,-3.4693551063537598,129.75,9.758349418640137,0,0,200,10,1,
470.241,3.066941022872925,-3.423576831817627,131.6875,9.758349418640137,0,0,200,10,1,
470.251,3.4184088706970215,-3.4114720821380615,132.625,9.758349418640137,0,0,200,10,1,
470.261,3.8346142768859863,-3.460836410522461,133.5625,9.758349418640137,0,0,200,10,1,
470.271,4.3618879318237305,-3.4263968467712402,133.5625,9.758349418640137,0,0,200,10,1,
470.281,4.987124919891357,-3.361912965774536,134.5625,9.758349418640137,0,0,200,10,1,
470.291,5.5927205085754395,-3.2434210777282715,136.5,9.758349418640137,0,0,200,10,1,
470.301,5.796541690826416,-3.295537233352661,137.5,9.758349418640137,0,0,200,10,1,
470.311,5.622973442077637,-3.535645008087158,138.5,9.758349418640137,0,0,200,10,1,
470.321,5.289531230926514,-3.7685234546661377,138.5,9.758349418640137,0,0,200,10,1,
470.331,4.921459674835205,-3.956613540649414,139.5625,8.746500015258789,0,0,200,10,1,
470.341,4.708912372589111,-4.15201473236084,141.5625,8.746500015258789,0,0,200,10,1,
470.351,4.683224678039551,-4.307668685913086,142.5625,8.746500015258789,0,0,200,10,1,
470.361,4.7852067947387695,-4.386666774749756,143.625,8.746500015258789,0,0,200,10,1,
470.371,4.988423824310303,-4.392739772796631,143.625,8.746500015258789,0,0,200,10,1,
470.381,5.212787628173828,-4.301316738128662,144.625,8.746500015258789,0,0,200,10,1,
470.391,5.376518726348877,-4.202040195465088,145.6875,8.317749977111816,0,0,200,10,1,
470.401,5.467906951904297,-4.140079498291016,147.8125,8.317749977111816,0,0,200,10,1,
470.411,5.454267501831055,-4.103876113891602,148.875,8.317749977111816,0,0,200,10,1,
470.421,5.4057488441467285,-4.0737786293029785,148.875,8.317749977111816,0,0,200,10,1,
470.431,5.397397994995117,-4.063534736633301,149.9375,8.317749977111816,0,0,200,10,1,
470.441,5.397397994995117,-3.969902753829956,151,8.317749977111816,0,0,200,10,1,
470.451,5.235639572143555,-3.9708402156829834,152,8.317749977111816,0,0,200,10,1,
470.461,5.235639572143555,-3.9708402156829834,152,8.317749977111816,0,0,200,10,1,
470.471,4.57184362411499,-4.0921783447265625,154.0625,8.317749977111816,0,0,200,10,1,
470.481,4.157327175140381,-4.2393107414245605,155.0625,8.317749977111816,0,0,200,10,1,
470.491,3.618060350418091,-4.392704486846924,156.125,8.317749977111816,0,0,200,10,1,
470.501,3.618060350418091,-4.392704486846924,156.125,8.317749977111816,0,0,200,10,1,
470.511,2.450312376022339,-4.5767717361450195,158.1875,8.317749977111816,0,0,200,10,1,
470.521,1.9220032691955566,-4.742228031158447,159.25,8.317749977111816,0,0,200,10,1,
470.531,1.3470314741134644,-5.070536136627197,160.3125,8.317749977111816,0,0,200,10,1,
470.541,0.9866635799407959,-5.3413872718811035,161.4375,8.317749977111816,0,0,200,10,1,
470.551,0.941265344619751,-5.584097862243652,162.5,8.317749977111816,0,0,200,10,1,
470.561,1.0433635711669922,-5.77728271484375,163.625,8.317749977111816,0,0,200,10,1,
470.571,1.306898832321167,-5.903944969177246,164.6875,8.317749977111816,0,0,200,10,1,
470.581,1.7847925424575806,-6.05040979385376,165.8125,8.317749977111816,0,0,200,10,1,
470.591,2.390791177749634,-6.119019985198975,166.9375,8.317749977111816,0,0,200,10,1,
470.601,3.081190586090088,-6.104666709899902,168.125,8.317749977111816,0,0,200,10,1,
470.611,3.7499759197235107,-6.093716621398926,169.25,8.317749977111816,0,0,200,10,1,
470.621,4.148978233337402,-6.1749701499938965,170.4375,8.317749977111816,0,0,200,10,1,
470.631,4.529111385345459,-6.251648902893066,171.625,8.763649940490723,0,0,200,10,1,
470.641,4.88038969039917,-6.432547092437744,172.8125,8.763649940490723,0,0,200,10,1,
470.651,5.316185474395752,-6.604058742523193,174,8.763649940490723,0,0,200,10,1,
470.661,5.613343715667725,-6.77768087387085,175.125,8.763649940490723,0,0,200,10,1,
470.671,5.923481464385986,-6.862766265869141,176.3125,8.763649940490723,0,0,200,10,1,
470.681,6.084799766540527,-6.9224982261657715,177.5,8.763649940490723,0,0,200,10,1,
470.691,6.415862083435059,-6.849621295928955,178.6875,8.763649940490723,0,0,200,10,1,
470.701,6.727527618408203,-6.755749225616455,179.875,8.763649940490723,0,0,200,10,1,
470.711,7.299083709716797,-6.6331658363342285,181.0625,8.763649940490723,0,0,200,10,1,
470.721,8.098138809204102,-6.514833927154541,182.25,8.763649940490723,0,0,200,10,1,
470.731,9.067228317260742,-6.373054027557373,183.4375,8.763649940490723,0,0,200,10,1,
470.741,10.171955108642578,-6.156522274017334,184.625,8.763649940490723,0,0,200,10,1,
470.751,11.29120922088623,-5.986640930175781,185.8125,8.317749977111816,0,0,200,10,1,
470.761,12.318204879760742,-5.929296970367432,186.9375,8.317749977111816,0,0,200,10,1,
470.771,13.356518745422363,-5.879774570465088,188.0625,8.317749977111816,0,0,200,10,1,
470.781,14.362739562988281,-5.767942905426025,189.1875,8.317749977111816,0,0,200,10,1,
470.791,15.07461929321289,-5.697206020355225,190.3125,8.317749977111816,0,0,200,10,1,
470.801,15.717546463012695,-5.672959327697754,191.4375,8.317749977111816,0,0,200,10,1,
470.811,16.503572463989258,-5.727499485015869,192.5,8.832249641418457,0,0,200,10,1,
470.821,17.360193252563477,-5.826429843902588,193.5,8.832249641418457,0,0,200,10,1,
470.831,18.161115646362305,-5.850655555725098,194.5,8.832249641418457,0,0,200,10,1,
470.841,18.83697509765625,-5.874222755432129,195.5,8.832249641418457,0,0,200,10,1,
470.851,19.314863204956055,-5.908778190612793,196.4375,8.832249641418457,0,0,200,10,1,
470.861,19.622133255004883,-5.872494697570801,197.375,8.832249641418457,0,0,200,10,1,
470.871,19.7510986328125,-5.846418857574463,198.25,8.300600051879883,0,0,200,10,1,
470.881,19.764860153198242,-5.851312637329102,199.0625,8.300600051879883,0,0,200,10,1,
470.891,19.647939682006836,-5.854584693908691,199.875,8.300600051879883,0,0,200,10,1,
470.901,19.429513931274414,-5.880242824554443,200.6875,8.300600051879883,0,0,200,10,1,
470.911,18.95762062072754,-6.015166759490967,201.4375,8.300600051879883,0,0,200,10,1,
470.921,18.53986358642578,-6.086592674255371,202.125,8.300600051879883,0,0,200,10,1,
470.931,17.96973991394043,-6.208726406097412,202.8125,8.249150276184082,0,0,200,10,1,
470.941,17.224727630615234,-6.341594696044922,203.4375,8.249150276184082,0,0,200,10,1,
470.951,16.444082260131836,-6.401946067810059,204.0625,8.249150276184082,0,0,200,10,1,
470.961,15.54724407196045,-6.478613376617432,204.6875,8.249150276184082,0,0,200,10,1,
470.971,14.6419095993042,-6.588103771209717,205.25,8.249150276184082,0,0,200,10,1,
470.981,13.83863639831543,-6.707276344299316,205.8125,8.249150276184082,0,0,200,10,1,
470.991,13.115053176879883,-6.860466957092285,206.3125,9.123800277709961,0,0,200,10,1,
471.001,12.411538124084473,-6.975813388824463,206.8125,9.123800277709961,0,0,200,10,1,
471.011,11.528459548950195,-7.007898807525635,207.3125,9.123800277709961,0,0,200,10,1,
471.021,10.751713752746582,-6.940090179443359,207.75,9.123800277709961,0,0,200,10,1,
471.031,9.7777738571167,-6.772177219390869,208.1875,9.123800277709961,0,0,200,10,1,
471.041,8.948040962219238,-6.5677666664123535,208.625,9.123800277709961,0,0,200,10,1,
471.051,8.221461296081543,-6.265714645385742,209.0625,8.677900314331055,0,0,200,10,1,
471.061,7.512603282928467,-5.926431179046631,209.4375,8.677900314331055,0,0,200,10,1,
471.071,6.790393352508545,-5.691396236419678,209.875,8.677900314331055,0,0,200,10,1,
471.081,6.137558937072754,-5.508132457733154,210.25,8.677900314331055,0,0,200,10,1,
471.091,5.57077693939209,-5.325020790100098,210.5625,8.677900314331055,0,0,200,10,1,
471.101,5.0231852531433105,-5.1518235206604,210.875,8.677900314331055,0,0,200,10,1,
471.111,4.576420783996582,-4.884824752807617,211.1875,9.089499473571777,0,0,200,10,1,
471.121,4.301910400390625,-4.5556640625,211.5,9.089499473571777,0,0,200,10,1,
471.131,4.112284183502197,-4.248530387878418,211.75,9.089499473571777,0,0,200,10,1,
471.141,3.9430172443389893,-4.0175957679748535,212,9.089499473571777,0,0,200,10,1,
471.151,3.9293758869171143,-3.8428688049316406,212.25,9.089499473571777,0,0,200,10,1,
471.161,3.9878084659576416,-3.6884512901306152,212.4375,9.089499473571777,0,0,200,10,1,
471.171,4.0445170402526855,-3.5675578117370605,212.625,9.175250053405762,0,0,200,10,1,
471.181,4.015847682952881,-3.566373586654663,212.8125,9.175250053405762,0,0,200,10,1,
471.191,3.9827094078063965,-3.616269826889038,213,9.175250053405762,0,0,200,10,1,
471.201,4.015475273132324,-3.6075165271759033,213.125,9.175250053405762,0,0,200,10,1,
471.211,4.154514312744141,-3.6163628101348877,213.1875,9.175250053405762,0,0,200,10,1,
471.221,4.34682035446167,-3.6431448459625244,213.3125,9.175250053405762,0,0,200,10,1,
471.231,4.566370010375977,-3.6625752449035645,213.375,5.59089994430542,0,0,200,10,1,
471.241,4.736931800842285,-3.692533016204834,213.375,5.59089994430542,0,0,200,10,1,
471.251,4.919400691986084,-3.681865692138672,213.4375,5.59089994430542,0,0,200,10,1,
471.261,5.103443145751953,-3.656616687774658,213.4375,5.59089994430542,0,0,200,10,1,
471.271,5.183516025543213,-3.6472930908203125,213.4375,5.59089994430542,0,0,200,10,1,
471.281,5.316830635070801,-3.604273557662964,213.4375,5.59089994430542,0,0,200,10,1,
471.291,5.417033672332764,-3.529820442199707,213.4375,6.362649917602539,0,0,200,10,1,
471.301,5.510036945343018,-3.420567274093628,213.4375,6.362649917602539,0,0,200,10,1,
471.311,5.573041915893555,-3.3068594932556152,213.375,6.362649917602539,0,0,200,10,1,
471.321,5.558952808380127,-3.214174509048462,213.3125,6.362649917602539,0,0,200,10,1,
471.331,5.484852313995361,-3.136863946914673,213.1875,6.362649917602539,0,0,200,10,1,
471.341,5.241728782653809,-3.078136682510376,213.125,6.362649917602539,0,0,200,10,1,
471.351,4.86162805557251,-3.0200088024139404,213,1.5091999769210815,0,0,200,10,1,
471.361,4.581767559051514,-2.887896776199341,212.8125,1.5091999769210815,0,0,200,10,1,
471.371,4.216490268707275,-2.669344663619995,212.625,1.5091999769210815,0,0,200,10,1,
471.381,3.828382730484009,-2.406026601791382,212.4375,1.5091999769210815,0,0,200,10,1,
471.391,3.443905830383301,-2.1908249855041504,212.25,1.5091999769210815,0,0,200,10,1,
471.401,3.125861167907715,-1.8687667846679688,212.0625,1.5091999769210815,0,0,200,10,1,
471.411,2.775179386138916,-1.643676996231079,211.875,1.5091999769210815,0,0,200,10,1,
471.421,2.4152185916900635,-1.5065414905548096,211.6875,1.5091999769210815,0,0,200,10,1,
471.431,1.955549716949463,-1.280638337135315,211.6875,1.5091999769210815,0,0,200,10,1,
471.441,1.5115920305252075,-1.039699673652649,211.4375,1.5091999769210815,0,0,200,10,1,
471.451,1.1734874248504639,-0.8713169097900391,211,1.5091999769210815,0,0,200,10,1,
471.461,0.8270476460456848,-0.7252662777900696,210.75,1.5091999769210815,0,0,200,10,1,
471.471,0.5554643869400024,-0.5986605286598206,210.5,1.5091999769210815,0,0,200,10,1,
471.481,0.35773202776908875,-0.4445418417453766,210.25,1.5091999769210815,0,0,200,10,1,
471.491,0.15457171201705933,-0.26859813928604126,210.25,1.5091999769210815,0,0,200,10,1,
471.501,0.007781835272908211,-0.26037025451660156,209.75,1.5091999769210815,0,0,200,10,1,
471.511,-0.13356773555278778,-0.2429737150669098,209.5,1.5091999769210815,0,0,200,10,1,
471.521,-0.24420687556266785,-0.31223201751708984,209.25,1.5091999769210815,0,0,200,10,1,
471.531,-0.3277440071105957,-0.3317718505859375,209.25,1.5091999769210815,0,0,200,10,1,
471.541,-0.32928985357284546,-0.34350675344467163,208.9375,1.5091999769210815,0,0,200,10,1,
471.551,-0.32612162828445435,-0.3117556869983673,208.3125,1.5091999769210815,0,0,200,10,1,
471.561,-0.37484437227249146,-0.3057132363319397,208,1.5091999769210815,0,0,200,10,1,
471.571,-0.38366979360580444,-0.2847280204296112,207.625,1.5091999769210815,0,0,200,10,1,
471.581,-0.39190083742141724,-0.2066611349582672,207.625,1.5091999769210815,0,0,200,10,1,
471.591,-0.40464434027671814,-0.1136004775762558,207.3125,10.51294994354248,0,0,200,10,1,
471.601,-0.43221184611320496,0.03435323014855385,206.625,10.51294994354248,0,0,200,10,1,
471.611,-0.4545140266418457,0.16915491223335266,206.25,10.51294994354248,0,0,200,10,1,
471.621,-0.46067917346954346,0.32230260968208313,205.875,10.51294994354248,0,0,200,10,1,
471.631,-0.42728951573371887,0.49588966369628906,205.875,10.51294994354248,0,0,200,10,1,
471.641,-0.41582199931144714,0.6609796285629272,205.5625,10.51294994354248,0,0,200,10,1,
471.651,-0.518275797367096,0.7961059808731079,204.875,11.833499908447266,0,0,200,10,1,
471.661,-0.5333521366119385,0.8681771755218506,204.5625,11.833499908447266,0,0,200,10,1,
471.671,-0.5824601054191589,0.914325475692749,204.25,11.833499908447266,0,0,200,10,1,
471.681,-0.6006526350975037,0.9670827388763428,204.25,11.833499908447266,0,0,200,10,1,
471.691,-0.5905449390411377,1.0178306102752686,203.9375,11.833499908447266,0,0,200,10,1,
471.701,-0.5380985140800476,1.0784529447555542,203.3125,11.833499908447266,0,0,200,10,1,
471.711,-0.46453505754470825,1.1844542026519775,203,11.833499908447266,0,0,200,10,1,
471.721,-0.24060624837875366,1.343191146850586,202.625,11.833499908447266,0,0,200,10,1,
471.731,-0.00535506010055542,1.5024762153625488,202.625,11.833499908447266,0,0,200,10,1,
471.741,0.06489572674036026,1.6031455993652344,202.25,11.833499908447266,0,0,200,10,1,
471.751,-0.08946689963340759,1.538332462310791,201.5625,11.833499908447266,0,0,200,10,1,
471.761,-0.2591456174850464,1.6569550037384033,201.25,11.833499908447266,0,0,200,10,1,
471.771,-0.5695022344589233,1.9224375486373901,201,11.833499908447266,0,0,200,10,1,
471.781,-1.0159025192260742,2.2028603553771973,201,11.833499908447266,0,0,200,10,1,
471.791,-1.4129639863967896,2.5622949600219727,200.75,11.833499908447266,0,0,200,10,1,
471.801,-1.6636056900024414,2.8174805641174316,200.3125,11.833499908447266,0,0,200,10,1,
471.811,-1.7189302444458008,3.1466362476348877,200.0625,11.833499908447266,0,0,200,10,1,
471.821,-1.5521912574768066,3.3893563747406006,199.875,11.833499908447266,0,0,200,10,1,
471.831,-1.3115090131759644,3.575568437576294,199.875,11.833499908447266,0,0,200,10,1,
471.841,-0.7763733863830566,3.7186472415924072,199.625,11.833499908447266,0,0,200,10,1,
471.851,-0.2370183914899826,3.6404268741607666,199.3125,11.833499908447266,0,0,200,10,1,
471.861,0.5852037668228149,3.5949928760528564,199.125,11.833499908447266,0,0,200,10,1,
471.871,1.2024612426757812,3.513880729675293,198.9375,11.833499908447266,0,0,200,10,1,
471.881,1.799591064453125,3.423985004425049,198.9375,11.833499908447266,0,0,200,10,1,
471.891,2.2605395317077637,3.234121322631836,198.75,12.176499366760254,0,0,200,10,1,
471.901,2.3736016750335693,2.939466714859009,198.4375,12.176499366760254,0,0,200,10,1,
471.911,2.6347572803497314,2.6652188301086426,198.3125,12.176499366760254,0,0,200,10,1,
471.921,2.764857530593872,2.454454183578491,198.125,12.176499366760254,0,0,200,10,1,
471.931,3.0905933380126953,2.225234031677246,198.125,12.176499366760254,0,0,200,10,1,
471.941,3.319244384765625,1.996071696281433,198,12.176499366760254,0,0,200,10,1,
471.951,3.5772736072540283,1.8321762084960938,197.75,12.673850059509277,0,0,200,10,1,
471.961,3.733232021331787,1.6062363386154175,197.625,12.673850059509277,0,0,200,10,1,
471.971,3.7521817684173584,1.3680546283721924,197.5,12.673850059509277,0,0,200,10,1,
471.981,3.5662405490875244,1.1354621648788452,197.5,12.673850059509277,0,0,200,10,1,
471.991,3.180777072906494,0.9093414545059204,197.4375,12.673850059509277,0,0,200,10,1,
472.001,2.6937172412872314,0.6342310309410095,197.3125,12.673850059509277,0,0,200,10,1,
472.011,2.193075180053711,0.38578081130981445,197.1875,12.673850059509277,0,0,200,10,1,
472.021,1.8600130081176758,0.22476238012313843,197.125,12.673850059509277,0,0,200,10,1,
472.031,1.6385283470153809,0.09449543058872223,197.125,12.673850059509277,0,0,200,10,1,
472.041,1.31830894947052,-0.007667336612939835,197.0625,12.673850059509277,0,0,200,10,1,
472.051,0.91700279712677,-0.035191453993320465,197,12.673850059509277,0,0,200,10,1,
472.061,0.5865960121154785,0.18481099605560303,196.9375,12.673850059509277,0,0,200,10,1,
472.071,0.28368061780929565,0.42179396748542786,196.875,12.673850059509277,0,0,200,10,1,
472.081,-0.03895656764507294,0.5711832046508789,196.875,12.673850059509277,0,0,200,10,1,
472.091,-0.48009878396987915,0.6547756195068359,196.8125,12.673850059509277,0,0,200,10,1,
472.101,-0.8328232765197754,0.8386865854263306,196.75,12.673850059509277,0,0,200,10,1,
472.111,-1.0843862295150757,0.9810618162155151,196.75,12.673850059509277,0,0,200,10,1,
472.121,-1.3287502527236938,1.1086803674697876,196.6875,12.673850059509277,0,0,200,10,1,
472.131,-1.6257814168930054,1.1997079849243164,196.6875,12.673850059509277,0,0,200,10,1,
472.141,-1.826445460319519,1.3348450660705566,196.6875,12.673850059509277,0,0,200,10,1,
472.151,-2.077639579772949,1.43641996383667,196.6875,12.673850059509277,0,0,200,10,1,
472.161,-2.4773550033569336,1.5370595455169678,196.6875,12.673850059509277,0,0,200,10,1,
472.171,-2.4773550033569336,1.5370595455169678,196.6875,12.673850059509277,0,0,200,10,1,
472.181,-3.3890762329101562,1.5708426237106323,196.625,12.673850059509277,0,0,200,10,1,
472.191,-3.7923545837402344,1.7339701652526855,196.625,12.36514949798584,0,0,200,10,1,
472.201,-4.064938545227051,1.9982727766036987,196.625,12.36514949798584,0,0,200,10,1,
472.211,-4.286151885986328,2.1681740283966064,196.625,12.36514949798584,0,0,200,10,1,
472.221,-4.286151885986328,2.1681740283966064,196.625,12.36514949798584,0,0,200,10,1,
472.231,-4.405460834503174,2.2902486324310303,196.625,12.36514949798584,0,0,200,10,1,
472.241,-4.373028755187988,2.3086459636688232,196.625,12.36514949798584,0,0,200,10,1,
472.251,-4.373028755187988,2.3086459636688232,196.625,12.330849647521973,0,0,200,10,1,
472.261,-4.38169002532959,2.252164125442505,196.625,12.330849647521973,0,0,200,10,1,
472.271,-4.339061260223389,2.174736738204956,196.625,12.330849647521973,0,0,200,10,1,
472.281,-4.5750555992126465,1.8716740608215332,196.625,12.330849647521973,0,0,200,10,1,
472.291,-4.736522197723389,1.6097357273101807,196.625,12.330849647521973,0,0,200,10,1,
472.301,-4.736522197723389,1.6097357273101807,196.625,12.330849647521973,0,0,200,10,1,
472.311,-4.777647018432617,1.34675133228302,196.625,12.330849647521973,0,0,200,10,1,
472.321,-4.671225070953369,1.1916613578796387,196.625,12.330849647521973,0,0,200,10,1,
472.331,-4.277096748352051,1.067556381225586,196.625,12.330849647521973,0,0,200,10,1,
472.341,-4.096386432647705,0.9786686301231384,196.625,12.330849647521973,0,0,200,10,1,
472.351,-4.096386432647705,0.9786686301231384,196.625,12.330849647521973,0,0,200,10,1,
472.361,-3.8021273612976074,0.9313872456550598,196.625,12.330849647521973,0,0,200,10,1,
472.371,-3.5837221145629883,0.8988429307937622,196.625,12.330849647521973,0,0,200,10,1,
472.381,-3.4159088134765625,0.5914906859397888,196.625,12.330849647521973,0,0,200,10,1,
472.391,-3.454343795776367,0.33242809772491455,196.625,12.330849647521973,0,0,200,10,1,
472.401,-3.454343795776367,0.33242809772491455,196.625,12.330849647521973,0,0,200,10,1,
472.411,-3.609722375869751,0.011274725198745728,196.625,12.330849647521973,0,0,200,10,1,
472.421,-3.6091582775115967,-0.20968599617481232,196.6875,12.330849647521973,0,0,200,10,1,
472.431,-3.4832370281219482,-0.4867365062236786,196.6875,12.330849647521973,0,0,200,10,1,
472.441,-3.4384801387786865,-0.49606019258499146,196.75,12.330849647521973,0,0,200,10,1,
472.451,-3.4384801387786865,-0.49606019258499146,196.75,12.330849647521973,0,0,200,10,1,
472.461,-3.268517255783081,-0.42342162132263184,196.75,12.330849647521973,0,0,200,10,1,
472.471,-3.033267021179199,-0.268543004989624,196.8125,12.330849647521973,0,0,200,10,1,
472.481,-2.7437727451324463,-0.10297732800245285,196.875,12.330849647521973,0,0,200,10,1,
472.491,-2.7467563152313232,-0.12501920759677887,196.875,11.97070026397705,0,0,200,10,1,
472.501,-2.7073683738708496,-0.2676369547843933,196.9375,11.97070026397705,0,0,200,10,1,
472.511,-2.7073683738708496,-0.2676369547843933,196.9375,11.97070026397705,0,0,200,10,1,
472.521,-2.6611135005950928,-0.3615832030773163,196.9375,11.97070026397705,0,0,200,10,1,
472.531,-2.6654016971588135,-0.5623354315757751,197,11.97070026397705,0,0,200,10,1,
472.541,-2.585293769836426,-0.697466254234314,197.0625,11.97070026397705,0,0,200,10,1,
472.551,-2.585293769836426,-0.697466254234314,197.0625,11.43904972076416,0,0,200,10,1,
472.561,-2.453057289123535,-0.7265236973762512,197.125,11.43904972076416,0,0,200,10,1,
472.571,-2.407949447631836,-0.5398191809654236,197.1875,11.43904972076416,0,0,200,10,1,
472.581,-2.2557754516601562,-0.31691884994506836,197.1875,11.43904972076416,0,0,200,10,1,
472.591,-2.062572717666626,-0.11002282053232193,197.25,11.43904972076416,0,0,200,10,1,
472.601,-2.019869089126587,0.1629854142665863,197.3125,11.43904972076416,0,0,200,10,1,
472.611,-1.9575546979904175,0.44636455178260803,197.3125,10.650150299072266,0,0,200,10,1,
472.621,-1.768593430519104,0.7769238352775574,197.375,10.650150299072266,0,0,200,10,1,
472.631,-1.6462570428848267,0.9971842765808105,197.4375,10.650150299072266,0,0,200,10,1,
472.641,-1.6838874816894531,1.1407078504562378,197.4375,10.650150299072266,0,0,200,10,1,
472.651,-1.6930207014083862,1.169081449508667,197.5,10.650150299072266,0,0,200,10,1,
472.661,-1.727129578590393,1.2227139472961426,197.5,10.650150299072266,0,0,200,10,1,
472.671,-1.6561170816421509,1.3022276163101196,197.5625,10.530099868774414,0,0,200,10,1,
472.681,-1.5024998188018799,1.3835029602050781,197.625,10.530099868774414,0,0,200,10,1,
472.691,-1.293090581893921,1.510146975517273,197.625,10.530099868774414,0,0,200,10,1,
472.701,-1.1252392530441284,1.7247076034545898,197.6875,10.530099868774414,0,0,200,10,1,
472.711,-0.9322671294212341,1.9496515989303589,197.75,10.530099868774414,0,0,200,10,1,
472.721,-0.7946388721466064,2.157421350479126,197.8125,10.530099868774414,0,0,200,10,1,
472.731,-0.7056090831756592,2.319040060043335,197.875,10.530099868774414,0,0,200,10,1,
472.741,-0.7135249376296997,2.2351174354553223,197.9375,10.530099868774414,0,0,200,10,1,
472.751,-0.7048132419586182,2.1416187286376953,198,10.530099868774414,0,0,200,10,1,
472.761,-0.798724889755249,1.9808108806610107,198,10.530099868774414,0,0,200,10,1,
472.771,-0.95382159948349,1.822072982788086,198.0625,10.530099868774414,0,0,200,10,1,
472.781,-1.0758459568023682,1.6564933061599731,198.125,10.530099868774414,0,0,200,10,1,
472.791,-1.0493659973144531,1.4884121417999268,198.1875,10.958849906921387,0,0,200,10,1,
472.801,-0.9118375182151794,1.3542534112930298,198.1875,10.958849906921387,0,0,200,10,1,
472.811,-0.8658120036125183,1.2766166925430298,198.25,10.958849906921387,0,0,200,10,1,
472.821,-0.8096380829811096,1.2644670009613037,198.3125,10.958849906921387,0,0,200,10,1,
472.831,-0.6541884541511536,1.2846500873565674,198.375,10.958849906921387,0,0,200,10,1,
472.841,-0.4232275187969208,1.3061168193817139,198.375,10.958849906921387,0,0,200,10,1,
472.851,-0.343845933675766,1.2001917362213135,198.4375,10.753049850463867,0,0,200,10,1,
472.861,-0.23812541365623474,1.091290831565857,198.5,10.753049850463867,0,0,200,10,1,
472.871,-0.07303959131240845,0.9262447953224182,198.5625,10.753049850463867,0,0,200,10,1,
472.881,-0.10632625222206116,0.6934311985969543,198.625,10.753049850463867,0,0,200,10,1,
472.891,-0.02688296139240265,0.42187997698783875,198.6875,10.753049850463867,0,0,200,10,1,
472.901,-0.01665269024670124,0.10513962805271149,198.75,10.753049850463867,0,0,200,10,1,
472.911,0.11563751101493835,0.000634755939245224,198.8125,11.198949813842773,0,0,200,10,1,
472.921,0.1960989385843277,-0.048563554883003235,198.875,11.198949813842773,0,0,200,10,1,
472.931,0.3079550862312317,0.021060094237327576,198.9375,11.198949813842773,0,0,200,10,1,
472.941,0.21745486557483673,0.002210944890975952,199,11.198949813842773,0,0,200,10,1,
472.951,0.13102832436561584,0.13327693939208984,199.0625,11.198949813842773,0,0,200,10,1,
472.961,0.12630170583724976,0.19432097673416138,199.1875,11.198949813842773,0,0,200,10,1,
472.971,-0.0018758028745651245,0.28799188137054443,199.25,10.735899925231934,0,0,200,10,1,
472.981,-0.07957018166780472,0.2779116928577423,199.3125,10.735899925231934,0,0,200,10,1,
472.991,-0.12289155274629593,0.22287814319133759,199.375,10.735899925231934,0,0,200,10,1,
473.001,-0.0949893593788147,0.1604301929473877,199.4375,10.735899925231934,0,0,200,10,1,
473.011,-0.1109623908996582,0.10091807693243027,199.5,10.735899925231934,0,0,200,10,1,
473.021,-0.059659771621227264,0.02991311624646187,199.5,10.735899925231934,0,0,200,10,1,
473.031,-0.020437434315681458,-0.011295804753899574,199.5625,11.18179988861084,0,0,200,10,1,
473.041,0.11696683615446091,0.040728747844696045,199.625,11.18179988861084,0,0,200,10,1,
473.051,0.11708682030439377,-0.016733575612306595,199.6875,11.18179988861084,0,0,200,10,1,
473.061,0.17961183190345764,0.05210048705339432,199.75,11.18179988861084,0,0,200,10,1,
473.071,0.11277399957180023,0.08556033670902252,199.8125,11.18179988861084,0,0,200,10,1,
473.081,0.16126304864883423,0.23471450805664062,199.875,11.18179988861084,0,0,200,10,1,
473.091,0.14329299330711365,0.3522109389305115,199.9375,10.238550186157227,0,0,200,10,1,
473.101,0.08081874996423721,0.42449942231178284,200,10.238550186157227,0,0,200,10,1,
473.111,-0.02277832105755806,0.4622410535812378,200,10.238550186157227,0,0,200,10,1,
473.121,-0.06003193184733391,0.38248181343078613,200.0625,10.238550186157227,0,0,200,10,1,
473.131,-0.029286548495292664,0.37946540117263794,200.125,10.238550186157227,0,0,200,10,1,
473.141,-0.07009762525558472,0.39631253480911255,200.1875,10.238550186157227,0,0,200,10,1,
473.151,-0.1097336933016777,0.38168060779571533,200.1875,11.061749458312988,0,0,200,10,1,
473.161,-0.1407139003276825,0.3753621578216553,200.25,11.061749458312988,0,0,200,10,1,
473.171,-0.2902178168296814,0.4048885703086853,200.3125,11.061749458312988,0,0,200,10,1,
473.181,-0.4681006371974945,0.39563310146331787,200.3125,11.061749458312988,0,0,200,10,1,
473.191,-0.6745178699493408,0.36937811970710754,200.375,11.061749458312988,0,0,200,10,1,
473.201,-0.7991007566452026,0.3410815894603729,200.375,11.061749458312988,0,0,200,10,1,
473.211,-0.976662278175354,0.2633032202720642,200.4375,10.18709945678711,0,0,200,10,1,
473.221,-1.1504912376403809,0.2263820469379425,200.4375,10.18709945678711,0,0,200,10,1,
473.231,-1.1579625606536865,0.19353844225406647,200.5,10.18709945678711,0,0,200,10,1,
473.241,-1.0352193117141724,0.18386046588420868,200.5,10.18709945678711,0,0,200,10,1,
473.251,-1.0039564371109009,0.1407557725906372,200.5,10.18709945678711,0,0,200,10,1,
473.261,-0.9295440912246704,0.13765838742256165,200.5,10.18709945678711,0,0,200,10,1,
473.271,-0.9274415373802185,0.1278134286403656,200.5,9.672599792480469,0,0,200,10,1,
473.281,-0.7129981517791748,0.17346498370170593,200.5,9.672599792480469,0,0,200,10,1,
473.291,-0.3620396852493286,0.256803959608078,200.5,9.672599792480469,0,0,200,10,1,
473.301,-0.2201732099056244,0.246093288064003,200.5,9.672599792480469,0,0,200,10,1,
473.311,-0.09426242113113403,0.32813742756843567,200.4375,9.672599792480469,0,0,200,10,1,
473.321,0.20252032577991486,0.4227970540523529,200.4375,9.672599792480469,0,0,200,10,1,
473.331,0.40865352749824524,0.5369192361831665,200.4375,4.253200054168701,0,0,200,10,1,
473.341,0.5650102496147156,0.6503224968910217,200.4375,4.253200054168701,0,0,200,10,1,
473.351,0.7528810501098633,0.7507966160774231,200.4375,4.253200054168701,0,0,200,10,1,
473.361,0.9658215045928955,0.7833460569381714,200.4375,4.253200054168701,0,0,200,10,1,
473.371,1.0746350288391113,0.8486400842666626,200.375,4.253200054168701,0,0,200,10,1,
473.381,1.0894254446029663,0.8546388149261475,200.4375,4.253200054168701,0,0,200,10,1,
473.391,0.9777671694755554,0.8913359642028809,200.5625,4.253200054168701,0,0,200,10,1,
473.401,0.6022546291351318,0.9255920052528381,200.75,4.253200054168701,0,0,200,10,1,
473.411,0.2916026711463928,0.9698412418365479,200.875,4.253200054168701,0,0,200,10,1,
473.421,0.034076131880283356,1.0247468948364258,200.9375,4.253200054168701,0,0,200,10,1,
473.431,-0.13515840470790863,1.0533233880996704,201,4.253200054168701,0,0,200,10,1,
473.441,-0.14449167251586914,1.0774716138839722,201,4.253200054168701,0,0,200,10,1,
473.451,-0.2507392168045044,0.950473427772522,201,5.9510498046875,0,0,200,10,1,
473.461,-0.23609112203121185,0.8491933345794678,201.0625,5.9510498046875,0,0,200,10,1,
473.471,-0.2313336431980133,0.7667405605316162,201.0625,5.9510498046875,0,0,200,10,1,
473.481,-0.31402286887168884,0.7393935322761536,201.0625,5.9510498046875,0,0,200,10,1,
473.491,-0.42091840505599976,0.7062517404556274,201.0625,5.9510498046875,0,0,200,10,1,
473.501,-0.5222043991088867,0.7488697171211243,201.125,5.9510498046875,0,0,200,10,1,
473.511,-0.6738598942756653,0.8501319885253906,201.125,6.431250095367432,0,0,200,10,1,
473.521,-0.9103298187255859,1.0106040239334106,201.1875,6.431250095367432,0,0,200,10,1,
473.531,-1.2400484085083008,1.191483974456787,201.1875,6.431250095367432,0,0,200,10,1,
473.541,-1.6841723918914795,1.3450576066970825,201.1875,6.431250095367432,0,0,200,10,1,
473.551,-2.1783690452575684,1.561333179473877,201.1875,6.431250095367432,0,0,200,10,1,
473.561,-2.3890106678009033,1.8062806129455566,201.25,6.431250095367432,0,0,200,10,1,
473.571,-2.632256507873535,2.0537326335906982,201.25,6.431250095367432,0,0,200,10,1,
473.581,-2.748755693435669,2.3216536045074463,201.3125,6.431250095367432,0,0,200,10,1,
473.591,-2.916619300842285,2.5736773014068604,201.3125,6.431250095367432,0,0,200,10,1,
473.601,-3.153581142425537,2.67175030708313,201.375,6.431250095367432,0,0,200,10,1,
473.611,-3.284944772720337,2.669222593307495,201.4375,6.431250095367432,0,0,200,10,1,
473.621,-3.5378947257995605,2.5632245540618896,201.5,6.431250095367432,0,0,200,10,1,
473.631,-3.608654737472534,2.513796091079712,201.625,6.431250095367432,0,0,200,10,1,
473.641,-3.9131808280944824,2.5091772079467773,201.625,6.431250095367432,0,0,200,10,1,
473.651,-4.020810604095459,2.612922191619873,201.6875,6.431250095367432,0,0,200,10,1,
473.661,-4.142735004425049,2.7623655796051025,201.8125,6.431250095367432,0,0,200,10,1,
473.671,-4.350005149841309,2.8205690383911133,201.9375,6.431250095367432,0,0,200,10,1,
473.681,-4.44830846786499,2.927280902862549,202,6.431250095367432,0,0,200,10,1,
473.691,-4.603913307189941,2.978699207305908,202,6.431250095367432,0,0,200,10,1,
473.701,-4.490938663482666,3.0654656887054443,202.125,6.431250095367432,0,0,200,10,1,
473.711,-4.386027812957764,3.045360565185547,202.375,6.431250095367432,0,0,200,10,1,
473.721,-3.9786627292633057,3.1224935054779053,202.5,6.431250095367432,0,0,200,10,1,
473.731,-3.5684826374053955,3.1162428855895996,202.6875,6.431250095367432,0,0,200,10,1,
473.741,-3.1076667308807373,3.1147565841674805,202.6875,6.431250095367432,0,0,200,10,1,
473.751,-2.7128734588623047,3.0205299854278564,202.8125,11.730599403381348,0,0,200,10,1,
473.761,-2.1762917041778564,2.677184581756592,203.125,11.730599403381348,0,0,200,10,1,
473.771,-1.4538277387619019,2.2848546504974365,203.25,11.730599403381348,0,0,200,10,1,
473.781,-0.6372121572494507,1.8109811544418335,203.4375,11.730599403381348,0,0,200,10,1,
473.791,0.24092638492584229,1.3405563831329346,203.4375,11.730599403381348,0,0,200,10,1,
473.801,1.2851502895355225,0.7405388355255127,203.5625,11.730599403381348,0,0,200,10,1,
473.811,2.1753926277160645,-0.15340453386306763,203.6875,11.370450019836426,0,0,200,10,1,
473.821,2.934603214263916,-1.0982023477554321,203.75,11.370450019836426,0,0,200,10,1,
473.831,3.261826992034912,-1.934956669807434,203.8125,11.370450019836426,0,0,200,10,1,
473.841,3.6051621437072754,-2.6986653804779053,203.8125,11.370450019836426,0,0,200,10,1,
473.851,4.007278919219971,-3.33212947845459,204,11.370450019836426,0,0,200,10,1,
473.861,4.337324619293213,-3.5655553340911865,204.4375,11.370450019836426,0,0,200,10,1,
473.871,4.872834205627441,-3.7048325538635254,204.6875,11.370450019836426,0,0,200,10,1,
473.881,5.359498977661133,-3.8026676177978516,204.875,11.370450019836426,0,0,200,10,1,
473.891,5.6765570640563965,-4.03287410736084,204.875,11.370450019836426,0,0,200,10,1,
473.901,5.645840167999268,-4.4066948890686035,205.125,11.370450019836426,0,0,200,10,1,
473.911,5.350446701049805,-4.976412773132324,205.5625,11.370450019836426,0,0,200,10,1,
473.921,4.726407051086426,-5.636239051818848,205.75,11.370450019836426,0,0,200,10,1,
473.931,4.726407051086426,-5.636239051818848,205.75,11.370450019836426,0,0,200,10,1,
473.941,3.7959508895874023,-6.766782283782959,206,11.370450019836426,0,0,200,10,1,
473.951,3.8376922607421875,-7.15615701675415,206.1875,11.370450019836426,0,0,200,10,1,
473.961,4.0110297203063965,-7.101346492767334,206.5625,11.370450019836426,0,0,200,10,1,
473.971,4.0110297203063965,-6.801993370056152,206.8125,11.370450019836426,0,0,200,10,1,
473.981,4.058891296386719,-6.801993370056152,206.8125,11.370450019836426,0,0,200,10,1,
473.991,3.4913978576660156,-5.7868123054504395,207.0625,11.370450019836426,0,0,200,10,1,
474.001,2.898465871810913,-5.372524261474609,207.25,11.370450019836426,0,0,200,10,1,
474.011,2.898465871810913,-5.372524261474609,207.25,11.370450019836426,0,0,200,10,1,
474.021,2.261448860168457,-5.061587810516357,207.6875,11.370450019836426,0,0,200,10,1,
474.031,1.7202330827713013,-4.8262128829956055,207.875,11.370450019836426,0,0,200,10,1,
474.041,1.1150288581848145,-4.278943061828613,208.0625,11.370450019836426,0,0,200,10,1,
474.051,1.0955594778060913,-3.8531200885772705,208.25,11.9535493850708,0,0,200,10,1,
474.061,1.0955594778060913,-3.8531200885772705,208.25,11.9535493850708,0,0,200,10,1,
474.071,1.0765172243118286,-3.2558624744415283,208.625,11.9535493850708,0,0,200,10,1,
474.081,0.9442799091339111,-2.603699207305908,208.8125,11.9535493850708,0,0,200,10,1,
474.091,0.8051391243934631,-1.1715515851974487,208.9375,11.9535493850708,0,0,200,10,1,
474.101,0.46590107679367065,-0.4640049338340759,209.125,11.9535493850708,0,0,200,10,1,
474.111,0.46590107679367065,-0.4640049338340759,209.125,12.279399871826172,0,0,200,10,1,
474.121,-0.0036669671535491943,0.22750505805015564,209.4375,12.279399871826172,0,0,200,10,1,
474.131,-0.5235931277275085,0.8853906989097595,209.625,12.279399871826172,0,0,200,10,1,
474.141,-1.35456120967865,2.0752570629119873,209.75,12.279399871826172,0,0,200,10,1,
474.151,-1.6701157093048096,2.596524953842163,209.9375,12.279399871826172,0,0,200,10,1,
474.161,-1.6701157093048096,2.596524953842163,209.9375,12.279399871826172,0,0,200,10,1,
474.171,-1.8458958864212036,3.0173115730285645,210.25,12.279399871826172,0,0,200,10,1,
474.181,-1.8554134368896484,3.3701486587524414,210.375,12.279399871826172,0,0,200,10,1,
474.191,-1.8437954187393188,3.7187845706939697,210.5625,12.279399871826172,0,0,200,10,1,
474.201,-1.940018892288208,3.77042818069458,210.6875,12.279399871826172,0,0,200,10,1,
474.211,-1.940018892288208,3.77042818069458,210.6875,12.279399871826172,0,0,200,10,1,
474.221,-2.160438060760498,3.7749979496002197,211,12.279399871826172,0,0,200,10,1,
474.231,-2.503181219100952,3.6695425510406494,211.125,12.279399871826172,0,0,200,10,1,
474.241,-2.915233612060547,3.318382740020752,211.25,12.279399871826172,0,0,200,10,1,
474.251,-2.8936588764190674,3.138780117034912,211.375,12.279399871826172,0,0,200,10,1,
474.261,-2.8936588764190674,3.138780117034912,211.375,12.279399871826172,0,0,200,10,1,
474.271,-2.7592215538024902,2.9028127193450928,211.625,12.279399871826172,0,0,200,10,1,
474.281,-2.6083996295928955,2.6339597702026367,211.6875,12.279399871826172,0,0,200,10,1,
474.291,-2.073331594467163,1.835433840751648,211.75,12.279399871826172,0,0,200,10,1,
474.301,-1.8796426057815552,1.4000754356384277,211.8125,12.279399871826172,0,0,200,10,1,
474.311,-1.8796426057815552,1.4000754356384277,211.8125,12.279399871826172,0,0,200,10,1,
474.321,-1.720560908317566,0.9011746644973755,211.9375,12.279399871826172,0,0,200,10,1,
474.331,-1.642417073249817,0.46097230911254883,212,12.279399871826172,0,0,200,10,1,
474.341,-1.7725443840026855,-0.4127670228481293,212.0625,12.279399871826172,0,0,200,10,1,
474.351,-1.8945633172988892,-0.8054400682449341,212.0625,11.679149627685547,0,0,200,10,1,
474.361,-1.8945633172988892,-0.8054400682449341,212.0625,11.679149627685547,0,0,200,10,1,
474.371,-1.9172426462173462,-1.116982102394104,212.0625,11.679149627685547,0,0,200,10,1,
474.381,-1.729366660118103,-1.4050195217132568,212.0625,11.679149627685547,0,0,200,10,1,
474.391,-1.0426145792007446,-2.0064857006073,212,11.679149627685547,0,0,200,10,1,
474.401,-0.6915234327316284,-2.337848424911499,211.9375,11.679149627685547,0,0,200,10,1,
474.411,-0.6915234327316284,-2.337848424911499,211.9375,12.399449348449707,0,0,200,10,1,
474.421,-0.4158945381641388,-2.6123337745666504,211.875,12.399449348449707,0,0,200,10,1,
474.431,-0.20061808824539185,-2.843285083770752,211.8125,12.399449348449707,0,0,200,10,1,
474.441,-0.04970991611480713,-2.8938722610473633,211.625,12.399449348449707,0,0,200,10,1,
474.451,-0.02695436030626297,-2.7459235191345215,211.5,12.399449348449707,0,0,200,10,1,
474.461,-0.02695436030626297,-2.7459235191345215,211.5,12.399449348449707,0,0,200,10,1,
474.471,0.06611859053373337,-2.467954158782959,211.3125,12.399449348449707,0,0,200,10,1,
474.481,0.25080856680870056,-2.074148654937744,211.3125,12.399449348449707,0,0,200,10,1,
474.491,0.8343682289123535,-1.13246750831604,211.0625,12.399449348449707,0,0,200,10,1,
474.501,1.1453332901000977,-0.650187611579895,210.9375,12.399449348449707,0,0,200,10,1,
474.511,1.395603895187378,-0.2253546118736267,210.75,12.399449348449707,0,0,200,10,1,
474.521,1.395603895187378,-0.2253546118736267,210.75,12.399449348449707,0,0,200,10,1,
474.531,1.5391533374786377,0.10025709122419357,210.625,12.399449348449707,0,0,200,10,1,
474.541,1.593369960784912,0.5969386100769043,210.25,12.399449348449707,0,0,200,10,1,
474.551,1.573596477508545,0.8242610096931458,210.0625,12.399449348449707,0,0,200,10,1,
474.561,1.573596477508545,0.8242610096931458,210.0625,12.399449348449707,0,0,200,10,1,
474.571,1.658413290977478,1.096246600151062,209.8125,12.399449348449707,0,0,200,10,1,
474.581,1.7265779972076416,1.3720568418502808,209.625,12.399449348449707,0,0,200,10,1,
474.591,1.9476112127304077,2.02146315574646,209.1875,12.399449348449707,0,0,200,10,1,
474.601,1.9802395105361938,2.3892791271209717,208.9375,12.399449348449707,0,0,200,10,1,
474.611,1.951759934425354,2.735934257507324,208.75,12.399449348449707,0,0,200,10,1,
474.621,1.7323439121246338,3.0064971446990967,208.5,12.399449348449707,0,0,200,10,1,
474.631,1.3396151065826416,3.1807446479797363,208.25,12.399449348449707,0,0,200,10,1,
474.641,0.9371728897094727,3.3235530853271484,208,12.399449348449707,0,0,200,10,1,
474.651,0.5342980623245239,3.3946118354797363,207.75,11.69629955291748,0,0,200,10,1,
474.661,0.1917424201965332,3.392664670944214,207.5,11.69629955291748,0,0,200,10,1,
474.671,-0.07998302578926086,3.3250820636749268,207.1875,11.69629955291748,0,0,200,10,1,
474.681,-0.27827346324920654,3.219473123550415,206.9375,11.69629955291748,0,0,200,10,1,
474.691,-0.3692946434020996,3.150420665740967,206.625,11.69629955291748,0,0,200,10,1,
474.701,-0.44199883937835693,3.0624780654907227,206.3125,11.69629955291748,0,0,200,10,1,
474.711,-0.5424340963363647,2.997910499572754,206.0625,10.701600074768066,0,0,200,10,1,
474.721,-0.7834209203720093,2.878497362136841,205.75,10.701600074768066,0,0,200,10,1,
474.731,-1.1337577104568481,2.7001755237579346,205.4375,10.701600074768066,0,0,200,10,1,
474.741,-1.5351979732513428,2.555596113204956,205.125,10.701600074768066,0,0,200,10,1,
474.751,-1.8791717290878296,2.463371992111206,204.8125,10.701600074768066,0,0,200,10,1,
474.761,-2.0784242153167725,2.32919979095459,204.5,10.701600074768066,0,0,200,10,1,
474.771,-2.1154439449310303,2.159708261489868,204.1875,11.284699440002441,0,0,100,10,1,
474.781,-2.1974146366119385,1.944838523864746,203.875,11.284699440002441,0,0,100,10,1,
474.791,-2.213334083557129,1.7981802225112915,203.5625,11.284699440002441,0,0,100,10,1,
474.801,-2.1967382431030273,1.775709629058838,203.1875,11.284699440002441,0,0,100,10,1,
474.811,-1.913735032081604,1.7708555459976196,202.75,11.284699440002441,0,0,100,10,1,
474.821,-1.7524340152740479,1.7280144691467285,201.9375,11.284699440002441,0,0,100,10,1,
474.831,-1.6782313585281372,1.6381868124008179,200.9375,10.615849494934082,0,0,100,10,1,
474.841,-1.6251269578933716,1.5688064098358154,199.75,10.615849494934082,0,0,100,10,1,
474.851,-1.663039207458496,1.519904375076294,198.4375,10.615849494934082,0,0,100,10,1,
474.861,-1.6934318542480469,1.4691160917282104,197,10.615849494934082,0,0,100,10,1,
474.871,-1.7654509544372559,1.4443328380584717,195.5,10.615849494934082,0,0,100,10,1,
474.881,-1.6424952745437622,1.394843578338623,193.9375,10.615849494934082,0,0,100,10,1,
474.891,-1.567733645439148,1.3354170322418213,192.3125,10.890250205993652,0,0,100,10,1,
474.901,-1.4860923290252686,1.308011531829834,190.5625,10.890250205993652,0,0,100,10,1,
474.911,-1.3340133428573608,1.3010680675506592,188.8125,10.890250205993652,0,0,100,10,1,
474.921,-1.2718117237091064,1.309498906135559,187,10.890250205993652,0,0,100,10,1,
474.931,-1.120950698852539,1.3793296813964844,185.125,10.890250205993652,0,0,100,10,1,
474.941,-0.9772108197212219,1.4043774604797363,183.1875,10.890250205993652,0,0,100,10,1,
474.951,-0.8261489868164062,1.3971248865127563,181.25,10.907400131225586,0,0,100,10,1,
474.961,-0.7340474724769592,1.3535223007202148,179.25,10.907400131225586,0,0,100,10,1,
474.971,-0.6497021317481995,1.3452128171920776,177.25,10.907400131225586,0,0,100,10,1,
474.981,-0.5532077550888062,1.3689645528793335,175.125,10.907400131225586,0,0,100,10,1,
474.991,-0.5708605051040649,1.39588463306427,173.0625,10.907400131225586,0,0,100,10,1,
475.001,-0.551525890827179,1.452079176902771,170.9375,10.907400131225586,0,0,100,10,1,
475.011,-0.5625068545341492,1.4866783618927002,168.8125,10.907400131225586,0,0,100,10,1,
475.021,-0.5208808183670044,1.5533359050750732,166.625,10.907400131225586,0,0,100,10,1,
475.031,-0.5620020031929016,1.669032096862793,164.4375,10.907400131225586,0,0,100,10,1,
475.041,-0.6060167551040649,1.8147218227386475,162.25,10.907400131225586,0,0,100,10,1,
475.051,-0.679931104183197,2.0042524337768555,160.0625,10.907400131225586,0,0,100,10,1,
475.061,-0.7865102291107178,2.1479909420013428,157.875,10.907400131225586,0,0,100,10,1,
475.071,-0.9071698188781738,2.3227806091308594,155.625,10.598699569702148,0,0,100,10,1,
475.081,-0.8755711913108826,2.604391574859619,153.4375,10.598699569702148,0,0,100,10,1,
475.091,-1.1830016374588013,2.7073934078216553,151.1875,10.598699569702148,0,0,100,10,1,
475.101,-1.442679762840271,2.8967068195343018,149,10.598699569702148,0,0,100,10,1,
475.111,-1.74063241481781,2.8925106525421143,146.75,10.598699569702148,0,0,100,10,1,
475.121,-2.061418056488037,2.8936376571655273,144.5625,10.598699569702148,0,0,100,10,1,
475.131,-2.4143929481506348,3.0572993755340576,142.375,10.92455005645752,0,0,100,10,1,
475.141,-2.778867244720459,3.213634490966797,140.1875,10.92455005645752,0,0,100,10,1,
475.151,-3.2976765632629395,3.354187488555908,137.9375,10.92455005645752,0,0,100,10,1,
475.161,-3.9314050674438477,3.4636058807373047,135.8125,10.92455005645752,0,0,100,10,1,
475.171,-4.6651411056518555,3.5049092769622803,133.625,10.92455005645752,0,0,100,10,1,
475.181,-5.327561855316162,3.466150999069214,131.4375,10.92455005645752,0,0,100,10,1,
475.191,-5.972024917602539,3.3681955337524414,129.3125,10.46150016784668,0,0,100,10,1,
475.201,-6.543386936187744,3.2369234561920166,127.1875,10.46150016784668,0,0,100,10,1,
475.211,-7.064733505249023,3.136045217514038,125.0625,10.46150016784668,0,0,100,10,1,
475.221,-7.477543830871582,3.12149977684021,123,10.46150016784668,0,0,100,10,1,
475.231,-7.787256240844727,3.189406633377075,120.9375,10.46150016784668,0,0,100,10,1,
475.241,-8.019376754760742,3.2561917304992676,118.875,10.46150016784668,0,0,100,10,1,
475.251,-8.279256820678711,3.2365903854370117,116.8125,9.449649810791016,0,0,100,10,1,
475.261,-8.529199600219727,3.180288791656494,114.8125,9.449649810791016,0,0,100,10,1,
475.271,-8.889116287231445,3.0252602100372314,112.8125,9.449649810791016,0,0,100,10,1,
475.281,-9.152522087097168,2.905858278274536,110.875,9.449649810791016,0,0,100,10,1,
475.291,-9.392481803894043,2.7453949451446533,109,9.449649810791016,0,0,100,10,1,
475.301,-9.741817474365234,2.4228672981262207,107.125,9.449649810791016,0,0,100,10,1,
475.311,-9.915597915649414,2.2568795680999756,105.3125,9.895549774169922,0,0,100,10,1,
475.321,-10.003410339355469,2.110126495361328,103.5,9.895549774169922,0,0,100,10,1,
475.331,-9.97468090057373,2.04573917388916,101.6875,9.895549774169922,0,0,100,10,1,
475.341,-9.853992462158203,1.902256965637207,99.9375,9.895549774169922,0,0,100,10,1,
475.351,-9.691271781921387,1.6941587924957275,98.25,9.895549774169922,0,0,100,10,1,
475.361,-9.580233573913574,1.5246226787567139,96.5625,9.895549774169922,0,0,100,10,1,
475.371,-9.38424301147461,1.3798000812530518,95,6.276899814605713,0,0,100,10,1,
475.381,-9.123533248901367,1.201526403427124,93.375,6.276899814605713,0,0,100,10,1,
475.391,-8.902936935424805,1.0858832597732544,91.875,6.276899814605713,0,0,100,10,1,
475.401,-8.690373420715332,1.0301101207733154,90.375,6.276899814605713,0,0,100,10,1,
475.411,-8.300516128540039,1.0746889114379883,88.9375,6.276899814605713,0,0,100,10,1,
475.421,-7.85463285446167,1.159677267074585,87.5625,6.276899814605713,0,0,100,10,1,
475.431,-7.3793864250183105,1.3744473457336426,86.1875,1.5778000354766846,0,0,100,10,1,
475.441,-6.953774929046631,1.5510302782058716,84.9375,1.5778000354766846,0,0,100,10,1,
475.451,-6.565525531768799,1.703704595565796,84.9375,1.5778000354766846,0,0,100,10,1,
475.461,-6.124504089355469,1.8669065237045288,82.5,1.5778000354766846,0,0,100,10,1,
475.471,-5.850998401641846,1.889677882194519,81.375,1.5778000354766846,0,0,100,10,1,
475.481,-5.630229473114014,1.6937192678451538,80.25,1.5778000354766846,0,0,100,10,1,
475.491,-5.503998756408691,1.3558895587921143,79.125,1.5778000354766846,0,0,100,10,1,
475.501,-5.3856072425842285,0.9786194562911987,77.875,1.5778000354766846,0,0,100,10,1,
475.511,-5.273894786834717,0.44474759697914124,76.6875,1.5778000354766846,0,0,100,10,1,
475.521,-5.1662092208862305,0.13569211959838867,75.5625,1.5778000354766846,0,0,100,10,1,
475.531,-5.024785041809082,0.045820802450180054,74.4375,1.5778000354766846,0,0,100,10,1,
475.541,-4.9212565422058105,0.06032443046569824,73.3125,1.5778000354766846,0,0,100,10,1,
475.551,-4.714349269866943,0.044251590967178345,73.3125,1.5778000354766846,0,0,100,10,1,
475.561,-4.447580337524414,0.04379577934741974,72.3125,1.5778000354766846,0,0,100,10,1,
475.571,-4.016330718994141,0.10504481196403503,70.25,1.5778000354766846,0,0,100,10,1,
475.581,-3.540766954421997,-0.01585102453827858,69.25,1.5778000354766846,0,0,100,10,1,
475.591,-3.1080374717712402,-0.45677274465560913,68.25,1.5778000354766846,0,0,100,10,1,
475.601,-3.067856788635254,-1.0964553356170654,68.25,1.5778000354766846,0,0,100,10,1,
475.611,-3.324620246887207,-1.9912352561950684,67.3125,10.46150016784668,0,0,100,10,1,
475.621,-3.818481206893921,-2.985419511795044,65.5625,10.46150016784668,0,0,100,10,1,
475.631,-4.343916416168213,-3.864459276199341,64.75,10.46150016784668,0,0,100,10,1,
475.641,-4.714838027954102,-4.435895919799805,63.9375,10.46150016784668,0,0,100,10,1,
475.651,-4.90468692779541,-4.869602680206299,63.9375,10.46150016784668,0,0,100,10,1,
475.661,-4.852701663970947,-4.929450035095215,63.25,10.46150016784668,0,0,100,10,1,
475.671,-4.482115745544434,-4.4789557456970215,61.875,10.478650093078613,0,0,100,10,1,
475.681,-3.973409652709961,-3.8138155937194824,61.3125,10.478650093078613,0,0,100,10,1,
475.691,-3.5015790462493896,-3.1104984283447266,60.75,10.478650093078613,0,0,100,10,1,
475.701,-3.2861905097961426,-2.643862724304199,60.75,10.478650093078613,0,0,100,10,1,
475.711,-3.1655893325805664,-2.4133458137512207,60.1875,10.478650093078613,0,0,100,10,1,
475.721,-3.3972737789154053,-2.4683783054351807,59,10.478650093078613,0,0,100,10,1,
475.731,-3.788213014602661,-2.8085758686065674,58.5,10.478650093078613,0,0,100,10,1,
475.741,-3.788213014602661,-2.8085758686065674,58.5,10.478650093078613,0,0,100,10,1,
475.751,-3.4676642417907715,-3.265421152114868,58,10.478650093078613,0,0,100,10,1,
475.761,-2.4831948280334473,-3.0640709400177,57.5625,10.478650093078613,0,0,100,10,1,
475.771,-2.4831948280334473,-3.0640709400177,57.5625,10.478650093078613,0,0,100,10,1,
475.781,-1.0401413440704346,-2.104041337966919,56.875,10.478650093078613,0,0,100,10,1,
475.791,0.14711648225784302,-0.9354101419448853,56.5625,10.478650093078613,0,0,100,10,1,
475.801,0.8974289894104004,1.4467602968215942,56.25,10.478650093078613,0,0,100,10,1,
475.811,0.6016217470169067,2.4250895977020264,56,10.478650093078613,0,0,100,10,1,
475.821,0.6016217470169067,2.4250895977020264,56,10.478650093078613,0,0,100,10,1,
475.831,-0.03425443172454834,2.771207571029663,55.5,10.478650093078613,0,0,100,10,1,
475.841,-0.6545547842979431,2.6986629962921143,55.25,10.478650093078613,0,0,100,10,1,
475.851,-1.1367418766021729,1.4138352870941162,55.0625,10.478650093078613,0,0,100,10,1,
475.861,-1.0290507078170776,0.6662949323654175,54.875,10.478650093078613,0,0,100,10,1,
475.871,-1.0290507078170776,0.6662949323654175,54.875,10.478650093078613,0,0,100,10,1,
475.881,-0.800835907459259,-0.10001194477081299,54.625,10.478650093078613,0,0,100,10,1,
475.891,-0.7685112953186035,-0.43861711025238037,54.5,10.478650093078613,0,0,100,10,1,
475.901,-1.4402174949645996,-0.08472096920013428,54.4375,10.478650093078613,0,0,100,10,1,
475.911,-2.09145450592041,0.4376389980316162,54.375,10.152799606323242,0,0,100,10,1,
475.921,-2.09145450592041,0.4376389980316162,54.375,10.152799606323242,0,0,100,10,1,
475.931,-2.7219903469085693,1.1284372806549072,54.375,10.152799606323242,0,0,100,10,1,
475.941,-3.121084690093994,1.75840163230896,54.375,10.152799606323242,0,0,100,10,1,
475.951,-3.419828414916992,2.3147480487823486,54.375,10.152799606323242,0,0,100,10,1,
475.961,-3.667959451675415,2.2308433055877686,54.375,10.152799606323242,0,0,100,10,1,
475.971,-3.667959451675415,2.2308433055877686,54.375,10.444350242614746,0,0,100,10,1,
475.981,-4.035392761230469,1.5403594970703125,54.5,10.444350242614746,0,0,100,10,1,
475.991,-4.541760444641113,0.9576388001441956,54.5625,10.444350242614746,0,0,100,10,1,
476.001,-5.838606834411621,-0.5609207153320312,54.625,10.444350242614746,0,0,100,10,1,
476.011,-6.454512596130371,-1.021296739578247,54.75,10.444350242614746,0,0,100,10,1,
476.021,-6.454512596130371,-1.021296739578247,54.75,10.444350242614746,0,0,100,10,1,
476.031,-6.855521202087402,-1.075108289718628,55,10.444350242614746,0,0,100,10,1,
476.041,-7.241968631744385,-0.784243106842041,55.125,10.444350242614746,0,0,100,10,1,
476.051,-7.376087665557861,0.7006595134735107,55.25,10.444350242614746,0,0,100,10,1,
476.061,-6.972270488739014,1.5991522073745728,55.4375,10.444350242614746,0,0,100,10,1,
476.071,-6.972270488739014,1.5991522073745728,55.4375,10.444350242614746,0,0,100,10,1,
476.081,-6.442966938018799,2.40213942527771,55.75,10.444350242614746,0,0,100,10,1,
476.091,-5.823741436004639,3.1439077854156494,55.9375,10.444350242614746,0,0,100,10,1,
476.101,-5.095862865447998,4.159486770629883,56.125,10.444350242614746,0,0,100,10,1,
476.111,-4.865087509155273,4.339731693267822,56.3125,10.444350242614746,0,0,100,10,1,
476.121,-4.865087509155273,4.339731693267822,56.3125,10.444350242614746,0,0,100,10,1,
476.131,-4.809023380279541,4.430944442749023,56.8125,10.444350242614746,0,0,100,10,1,
476.141,-4.8474297523498535,4.468916893005371,57.125,10.444350242614746,0,0,100,10,1,
476.151,-4.146282196044922,5.270781517028809,57.5,10.444350242614746,0,0,100,10,1,
476.161,-3.4043235778808594,5.90200662612915,57.8125,10.444350242614746,0,0,100,10,1,
476.171,-3.4043235778808594,5.90200662612915,57.8125,10.444350242614746,0,0,100,10,1,
476.181,-2.4326226711273193,6.5210957527160645,58.5625,10.444350242614746,0,0,100,10,1,
476.191,-1.5280407667160034,7.041445255279541,58.9375,10.444350242614746,0,0,100,10,1,
476.201,-0.8327088952064514,7.260784149169922,59.375,10.444350242614746,0,0,100,10,1,
476.211,-0.9381526708602905,7.19151496887207,59.8125,10.392899513244629,0,0,100,10,1,
476.221,-0.9381526708602905,7.19151496887207,59.8125,10.392899513244629,0,0,100,10,1,
476.231,-1.2103348970413208,6.821643352508545,60.75,10.392899513244629,0,0,100,10,1,
476.241,-1.7945594787597656,6.280363082885742,61.25,10.392899513244629,0,0,100,10,1,
476.251,-2.9379048347473145,5.18451452255249,61.8125,10.392899513244629,0,0,100,10,1,
476.261,-3.2897355556488037,4.645740985870361,62.375,10.392899513244629,0,0,100,10,1,
476.271,-3.2897355556488037,4.645740985870361,62.375,10.358599662780762,0,0,100,10,1,
476.281,-3.359238624572754,4.26140022277832,63.5,10.358599662780762,0,0,100,10,1,
476.291,-3.4124755859375,4.058791637420654,64.0625,10.358599662780762,0,0,100,10,1,
476.301,-3.6954939365386963,3.7251861095428467,64.625,10.358599662780762,0,0,100,10,1,
476.311,-3.832218647003174,3.6893622875213623,65.1875,10.358599662780762,0,0,100,10,1,
476.321,-3.832218647003174,3.6893622875213623,65.1875,10.358599662780762,0,0,100,10,1,
476.331,-4.3554182052612305,3.513336181640625,66.3125,10.358599662780762,0,0,100,10,1,
476.341,-5.105489730834961,3.2155137062072754,66.9375,10.358599662780762,0,0,100,10,1,
476.351,-6.882748603820801,2.4854652881622314,67.5,10.358599662780762,0,0,100,10,1,
476.361,-7.564964771270752,2.0704424381256104,68.0625,10.358599662780762,0,0,100,10,1,
476.371,-7.564964771270752,2.0704424381256104,68.0625,10.358599662780762,0,0,100,10,1,
476.381,-7.831613063812256,1.7099260091781616,69.25,10.358599662780762,0,0,100,10,1,
476.391,-7.8827128410339355,1.3472936153411865,69.875,10.358599662780762,0,0,100,10,1,
476.401,-7.588551044464111,0.8736363053321838,70.4375,10.358599662780762,0,0,100,10,1,
476.411,-7.578103065490723,0.8507294654846191,71,10.358599662780762,0,0,100,10,1,
476.421,-7.578103065490723,0.8507294654846191,71,10.358599662780762,0,0,100,10,1,
476.431,-7.701116561889648,0.9811512231826782,72.1875,10.358599662780762,0,0,100,10,1,
476.441,-7.859306335449219,1.2664715051651,72.75,10.358599662780762,0,0,100,10,1,
476.451,-8.031213760375977,1.7402245998382568,73.3125,10.358599662780762,0,0,100,10,1,
476.461,-7.742214202880859,2.043196201324463,73.875,10.358599662780762,0,0,100,10,1,
476.471,-7.742214202880859,2.043196201324463,73.875,10.358599662780762,0,0,100,10,1,
476.481,-7.2642927169799805,2.383328914642334,75,10.358599662780762,0,0,100,10,1,
476.491,-6.630956172943115,2.6266207695007324,75,10.358599662780762,0,0,100,10,1,
476.501,-5.235552787780762,3.128434896469116,76.0625,10.358599662780762,0,0,100,10,1,
476.511,-4.553043842315674,3.416794538497925,76.5625,10.427200317382812,0,0,100,10,1,
476.521,-4.553043842315674,3.416794538497925,76.5625,10.427200317382812,0,0,100,10,1,
476.531,-4.001199245452881,3.798729658126831,77.125,10.427200317382812,0,0,100,10,1,
476.541,-3.583946466445923,4.30211877822876,78.25,10.427200317382812,0,0,100,10,1,
476.551,-2.8224713802337646,5.2741923332214355,78.8125,10.427200317382812,0,0,100,10,1,
476.561,-2.287696123123169,5.5046491622924805,79.3125,10.427200317382812,0,0,100,10,1,
476.571,-2.287696123123169,5.5046491622924805,79.3125,10.410049438476562,0,0,100,10,1,
476.581,-1.6747455596923828,5.651475429534912,79.875,10.410049438476562,0,0,100,10,1,
476.591,-0.9707837700843811,5.674063205718994,80.3125,10.410049438476562,0,0,100,10,1,
476.601,0.5097701549530029,5.672262668609619,81.1875,10.410049438476562,0,0,100,10,1,
476.611,0.9702423810958862,5.787516117095947,81.5625,10.410049438476562,0,0,100,10,1,
476.621,1.2739813327789307,5.848106384277344,82,10.410049438476562,0,0,100,10,1,
476.631,1.2739813327789307,5.848106384277344,82,10.375749588012695,0,0,100,10,1,
476.641,1.4864176511764526,5.784243583679199,82.4375,10.375749588012695,0,0,100,10,1,
476.651,1.4478754997253418,5.029841423034668,83.4375,10.375749588012695,0,0,100,10,1,
476.661,1.3269152641296387,4.356308937072754,83.9375,10.375749588012695,0,0,100,10,1,
476.671,1.2407798767089844,3.5537612438201904,84.5,10.375749588012695,0,0,100,10,1,
476.681,1.0331352949142456,2.6328604221343994,85.0625,10.375749588012695,0,0,100,10,1,
476.691,0.7700598835945129,1.7730321884155273,85.625,10.375749588012695,0,0,100,10,1,
476.701,0.5464640259742737,0.9300452470779419,86.1875,10.375749588012695,0,0,100,10,1,
476.711,0.2697686553001404,0.2986224293708801,86.75,10.375749588012695,0,0,100,10,1,
476.721,-0.09647338092327118,-0.3790154457092285,87.3125,10.375749588012695,0,0,100,10,1,
476.731,-0.5194052457809448,-0.844439685344696,87.875,10.375749588012695,0,0,100,10,1,
476.741,-0.8639919757843018,-0.9828160405158997,88.4375,10.375749588012695,0,0,100,10,1,
476.751,-1.0104897022247314,-0.9725733995437622,89,10.04990005493164,0,0,100,10,1,
476.761,-1.3136943578720093,-1.1311900615692139,89.5625,10.04990005493164,0,0,100,10,1,
476.771,-1.8741008043289185,-1.4408522844314575,90.0625,10.04990005493164,0,0,100,10,1,
476.781,-2.442436933517456,-1.931534767150879,90.625,10.04990005493164,0,0,100,10,1,
476.791,-3.1252241134643555,-2.469444990158081,91.125,10.04990005493164,0,0,100,10,1,
476.801,-3.5753133296966553,-2.912790060043335,91.625,10.04990005493164,0,0,100,10,1,
476.811,-3.9169490337371826,-3.227205753326416,92.125,10.118499755859375,0,0,100,10,1,
476.821,-4.056319713592529,-3.2992780208587646,92.625,10.118499755859375,0,0,100,10,1,
476.831,-4.064622402191162,-3.259862184524536,93.125,10.118499755859375,0,0,100,10,1,
476.841,-3.9338536262512207,-3.0104641914367676,93.625,10.118499755859375,0,0,100,10,1,
476.851,-3.6230742931365967,-2.5667567253112793,94.0625,10.118499755859375,0,0,100,10,1,
476.861,-3.2488834857940674,-2.1054162979125977,94.5625,10.118499755859375,0,0,100,10,1,
476.871,-2.877859115600586,-1.647804617881775,95,10.392899513244629,0,0,100,10,1,
476.881,-2.613882303237915,-1.3035898208618164,95.4375,10.392899513244629,0,0,100,10,1,
476.891,-2.39792799949646,-0.9931058883666992,95.875,10.392899513244629,0,0,100,10,1,
476.901,-2.3159902095794678,-0.6993592977523804,96.25,10.392899513244629,0,0,100,10,1,
476.911,-2.294971466064453,-0.4655534327030182,96.6875,10.392899513244629,0,0,100,10,1,
476.921,-2.2645788192749023,-0.2161484807729721,97.0625,10.392899513244629,0,0,100,10,1,
476.931,-2.335742473602295,-0.07100419700145721,97.4375,10.341449737548828,0,0,100,10,1,
476.941,-2.2745654582977295,0.04073420166969299,97.8125,10.341449737548828,0,0,100,10,1,
476.951,-2.148106813430786,0.26027220487594604,98.1875,10.341449737548828,0,0,100,10,1,
476.961,-1.896570086479187,0.7465032339096069,98.5625,10.341449737548828,0,0,100,10,1,
476.971,-1.5382189750671387,1.2747581005096436,98.9375,10.341449737548828,0,0,100,10,1,
476.981,-1.2111319303512573,1.7828466892242432,99.25,10.341449737548828,0,0,100,10,1,
476.991,-0.7717492580413818,2.3040480613708496,99.625,10.410049438476562,0,0,100,10,1,
477.001,-0.29849010705947876,2.8271396160125732,99.9375,10.410049438476562,0,0,100,10,1,
477.011,0.21702733635902405,3.1997039318084717,100.3125,10.410049438476562,0,0,100,10,1,
477.021,0.7010034322738647,3.4023032188415527,100.625,10.410049438476562,0,0,100,10,1,
477.031,1.0585002899169922,3.510638475418091,100.9375,10.410049438476562,0,0,100,10,1,
477.041,1.2862907648086548,3.7162139415740967,101.25,10.410049438476562,0,0,100,10,1,
477.051,1.4642044305801392,3.973809242248535,101.5625,10.392899513244629,0,0,100,10,1,
477.061,1.5814403295516968,4.405584812164307,101.875,10.392899513244629,0,0,100,10,1,
477.071,1.5516564846038818,4.931824207305908,102.1875,10.392899513244629,0,0,100,10,1,
477.081,1.5504556894302368,5.378523826599121,102.5,10.392899513244629,0,0,100,10,1,
477.091,1.5844529867172241,5.607397556304932,102.8125,10.392899513244629,0,0,100,10,1,
477.101,1.617014765739441,5.748104572296143,103.125,10.392899513244629,0,0,100,10,1,
477.111,1.6295149326324463,5.71318244934082,103.375,11.301849365234375,0,0,100,10,1,
477.121,1.645721673965454,5.645575523376465,103.6875,11.301849365234375,0,0,100,10,1,
477.131,1.6146992444992065,5.569054126739502,104,11.301849365234375,0,0,100,10,1,
477.141,1.5670965909957886,5.682258129119873,104.25,11.301849365234375,0,0,100,10,1,
477.151,1.5014981031417847,5.7829060554504395,104.5625,11.301849365234375,0,0,100,10,1,
477.161,1.4383968114852905,5.895806312561035,104.875,11.301849365234375,0,0,100,10,1,
477.171,1.3455796241760254,5.80668306350708,105.1875,9.912699699401855,0,0,100,10,1,
477.181,1.1473236083984375,5.494845390319824,105.4375,9.912699699401855,0,0,100,10,1,
477.191,0.9416525363922119,5.079709053039551,105.75,9.912699699401855,0,0,100,10,1,
477.201,0.7371373176574707,4.598057746887207,106,9.912699699401855,0,0,100,10,1,
477.211,0.5432321429252625,4.157780647277832,106.3125,9.912699699401855,0,0,100,10,1,
477.221,0.3778495192527771,3.802334785461426,106.5625,9.912699699401855,0,0,100,10,1,
477.231,0.26217326521873474,3.546489715576172,106.8125,9.861249923706055,0,0,100,10,1,
477.241,0.18109002709388733,3.387178897857666,107.0625,9.861249923706055,0,0,100,10,1,
477.251,0.1477104276418686,3.2773349285125732,107.25,9.861249923706055,0,0,100,10,1,
477.261,0.1842157244682312,3.1372458934783936,107.5,9.861249923706055,0,0,100,10,1,
477.271,0.21202804148197174,2.966736316680908,107.75,9.861249923706055,0,0,100,10,1,
477.281,0.2639029622077942,2.7484917640686035,107.9375,9.861249923706055,0,0,100,10,1,
477.291,0.3585283160209656,2.472590684890747,108.125,10.238550186157227,0,0,100,10,1,
477.301,0.4260791838169098,2.2303831577301025,108.3125,10.238550186157227,0,0,100,10,1,
477.311,0.4656265377998352,2.029290199279785,108.5,10.238550186157227,0,0,100,10,1,
477.321,0.49266552925109863,1.8092944622039795,108.6875,10.238550186157227,0,0,100,10,1,
477.331,0.5583354830741882,1.6589186191558838,108.8125,10.238550186157227,0,0,100,10,1,
477.341,0.644141435623169,1.6131846904754639,109,10.238550186157227,0,0,100,10,1,
477.351,0.7987992167472839,1.582595705986023,109.125,9.192399978637695,0,0,100,10,1,
477.361,0.9976664781570435,1.5291632413864136,109.25,9.192399978637695,0,0,100,10,1,
477.371,1.2167621850967407,1.550112009048462,109.375,9.192399978637695,0,0,100,10,1,
477.381,1.422756552696228,1.5753039121627808,109.5,9.192399978637695,0,0,100,10,1,
477.391,1.6767024993896484,1.5955454111099243,109.5625,9.192399978637695,0,0,100,10,1,
477.401,1.951470971107483,1.6106191873550415,109.6875,9.192399978637695,0,0,100,10,1,
477.411,2.2229228019714355,1.6081420183181763,109.75,0.7374500036239624,0,0,100,10,1,
477.421,2.4905714988708496,1.584352970123291,109.8125,0.7374500036239624,0,0,100,10,1,
477.431,2.683154344558716,1.6032382249832153,109.875,0.7374500036239624,0,0,100,10,1,
477.441,2.7671055793762207,1.631014108657837,109.9375,0.7374500036239624,0,0,100,10,1,
477.451,2.863361358642578,1.7415730953216553,109.9375,0.7374500036239624,0,0,100,10,1,
477.461,2.9452614784240723,1.91731858253479,110,0.7374500036239624,0,0,100,10,1,
477.471,2.990967273712158,2.116708517074585,110.0625,5.728099822998047,0,0,100,10,1,
477.481,2.9788925647735596,2.249828577041626,110.125,5.728099822998047,0,0,100,10,1,
477.491,2.8770551681518555,2.3148021697998047,110.1875,5.728099822998047,0,0,100,10,1,
477.501,2.6256933212280273,2.2428977489471436,110.25,5.728099822998047,0,0,100,10,1,
477.511,2.293123960494995,2.1055290699005127,110.25,5.728099822998047,0,0,100,10,1,
477.521,1.937933325767517,1.9594229459762573,110.25,5.728099822998047,0,0,100,10,1,
477.531,1.5867416858673096,1.8342374563217163,110.3125,5.573750019073486,0,0,100,10,1,
477.541,1.1884562969207764,1.7887219190597534,110.3125,5.573750019073486,0,0,100,10,1,
477.551,1.1884562969207764,1.7887219190597534,110.3125,5.573750019073486,0,0,100,10,1,
477.561,0.3784641623497009,1.7205523252487183,110.25,5.573750019073486,0,0,100,10,1,
477.571,0.016884712502360344,1.6120200157165527,110.1875,5.573750019073486,0,0,100,10,1,
477.581,0.016884712502360344,1.6120200157165527,110.1875,5.573750019073486,0,0,100,10,1,
477.591,-0.279942125082016,1.5644410848617554,110.1875,5.573750019073486,0,0,100,10,1,
477.601,-0.5389202237129211,1.5184063911437988,110.125,5.573750019073486,0,0,100,10,1,
477.611,-1.2143876552581787,1.3365421295166016,110,5.573750019073486,0,0,100,10,1,
477.621,-1.7776280641555786,1.3382030725479126,109.9375,5.573750019073486,0,0,100,10,1,
477.631,-1.7776280641555786,1.3382030725479126,109.9375,5.573750019073486,0,0,100,10,1,
477.641,-2.2947325706481934,1.2784171104431152,109.75,5.573750019073486,0,0,100,10,1,
477.651,-2.8552615642547607,1.114508032798767,109.625,5.573750019073486,0,0,100,10,1,
477.661,-3.8590118885040283,0.5380780696868896,109.4375,5.573750019073486,0,0,100,10,1,
477.671,-4.271536827087402,0.2011135071516037,109.3125,5.573750019073486,0,0,100,10,1,
477.681,-4.271536827087402,0.2011135071516037,109.3125,5.573750019073486,0,0,100,10,1,
477.691,-4.4365434646606445,-0.00659004645422101,109,5.573750019073486,0,0,100,10,1,
477.701,-4.540844440460205,-0.30380621552467346,108.8125,5.573750019073486,0,0,100,10,1,
477.711,-4.675670623779297,-0.5228232741355896,108.6875,5.573750019073486,0,0,100,10,1,
477.721,-4.644242763519287,-0.5343807935714722,108.5,5.573750019073486,0,0,100,10,1,
477.731,-4.644242763519287,-0.5343807935714722,108.5,5.573750019073486,0,0,100,10,1,
477.741,-4.477355480194092,-0.47115203738212585,108.125,5.573750019073486,0,0,100,10,1,
477.751,-4.233631134033203,-0.4390750229358673,107.875,5.573750019073486,0,0,100,10,1,
477.761,-3.6434614658355713,-0.5798193216323853,107.6875,5.573750019073486,0,0,100,10,1,
477.771,-3.401981830596924,-0.6502177119255066,107.4375,10.118499755859375,0,0,100,10,1,
477.781,-3.401981830596924,-0.6502177119255066,107.4375,10.118499755859375,0,0,100,10,1,
477.791,-3.2600207328796387,-0.6812765002250671,106.9375,10.118499755859375,0,0,100,10,1,
477.801,-3.1651077270507812,-0.62519371509552,106.75,10.118499755859375,0,0,100,10,1,
477.811,-3.0251317024230957,-0.36777612566947937,106.5,10.118499755859375,0,0,100,10,1,
477.821,-2.846273422241211,-0.17339256405830383,106.375,10.118499755859375,0,0,100,10,1,
477.831,-2.846273422241211,-0.17339256405830383,106.375,10.015600204467773,0,0,100,10,1,
477.841,-2.63794207572937,0.4090918004512787,106.25,10.015600204467773,0,0,100,10,1,
477.851,-2.3578507900238037,0.890666127204895,106,10.015600204467773,0,0,100,10,1,
477.861,-1.3136751651763916,1.6734774112701416,105.8125,10.015600204467773,0,0,100,10,1,
477.871,-0.8218605518341064,1.8337286710739136,105.5625,10.015600204467773,0,0,100,10,1,
477.881,-0.8218605518341064,1.8337286710739136,105.5625,10.015600204467773,0,0,100,10,1,
477.891,-0.3726794719696045,1.8149391412734985,105.1875,10.015600204467773,0,0,100,10,1,
477.901,-0.09099975228309631,1.7254672050476074,105,10.015600204467773,0,0,100,10,1,
477.911,0.12460270524024963,1.9581855535507202,104.8125,10.015600204467773,0,0,100,10,1,
477.921,0.24017897248268127,2.3497672080993652,104.625,10.015600204467773,0,0,100,10,1,
477.931,0.24017897248268127,2.3497672080993652,104.625,10.015600204467773,0,0,100,10,1,
477.941,0.2991679608821869,2.9486818313598633,104.375,10.015600204467773,0,0,100,10,1,
477.951,0.4658493995666504,3.4315690994262695,104.25,10.015600204467773,0,0,100,10,1,
477.961,1.3722608089447021,3.4746756553649902,104.0625,10.015600204467773,0,0,100,10,1,
477.971,2.043696641921997,3.1876604557037354,103.9375,10.015600204467773,0,0,100,10,1,
477.981,2.043696641921997,3.1876604557037354,103.9375,10.015600204467773,0,0,100,10,1,
477.991,2.7326955795288086,2.7648308277130127,103.625,10.015600204467773,0,0,100,10,1,
478.001,3.2006936073303223,2.509467124938965,103.4375,10.015600204467773,0,0,100,10,1,
478.011,3.5031466484069824,2.737168312072754,103.3125,10.015600204467773,0,0,100,10,1,
478.021,3.4682021141052246,2.9957196712493896,103.1875,10.015600204467773,0,0,100,10,1,
478.031,3.4682021141052246,2.9957196712493896,103.1875,10.015600204467773,0,0,100,10,1,
478.041,3.2544655799865723,3.150547504425049,102.9375,10.015600204467773,0,0,100,10,1,
478.051,2.819350004196167,3.1610922813415527,102.8125,10.015600204467773,0,0,100,10,1,
478.061,2.3379628658294678,2.805206537246704,102.75,10.015600204467773,0,0,100,10,1,
478.071,2.131742238998413,2.3873088359832764,102.625,10.307149887084961,0,0,100,10,1,
478.081,2.131742238998413,2.3873088359832764,102.625,10.307149887084961,0,0,100,10,1,
478.091,1.9322258234024048,1.9592885971069336,102.4375,10.307149887084961,0,0,100,10,1,
478.101,1.7689805030822754,1.4862215518951416,102.3125,10.307149887084961,0,0,100,10,1,
478.111,1.2545297145843506,0.9103189706802368,102.1875,10.307149887084961,0,0,100,10,1,
478.121,1.020573616027832,0.9488357901573181,102.0625,10.307149887084961,0,0,100,10,1,
478.131,1.020573616027832,0.9488357901573181,102.0625,10.444350242614746,0,0,100,10,1,
478.141,0.7510371208190918,1.1869051456451416,101.875,10.444350242614746,0,0,100,10,1,
478.151,0.39726895093917847,1.4522489309310913,101.75,10.444350242614746,0,0,100,10,1,
478.161,-0.4279647469520569,1.871768593788147,101.6875,10.444350242614746,0,0,100,10,1,
478.171,-0.8356046080589294,1.9094884395599365,101.625,10.444350242614746,0,0,100,10,1,
478.181,-0.8356046080589294,1.9094884395599365,101.625,10.444350242614746,0,0,100,10,1,
478.191,-1.225891351699829,1.744014024734497,101.4375,10.444350242614746,0,0,100,10,1,
478.201,-1.7012054920196533,1.4413158893585205,101.375,10.444350242614746,0,0,100,10,1,
478.211,-2.667184829711914,0.7259389758110046,101.3125,10.444350242614746,0,0,100,10,1,
478.221,-3.2042770385742188,0.4398825764656067,101.1875,10.444350242614746,0,0,100,10,1,
478.231,-3.2042770385742188,0.4398825764656067,101.1875,10.444350242614746,0,0,100,10,1,
478.241,-3.6117348670959473,0.17486518621444702,101.0625,10.444350242614746,0,0,100,10,1,
478.251,-3.876143455505371,-0.048482540994882584,101,10.444350242614746,0,0,100,10,1,
478.261,-4.094700336456299,-0.39320191740989685,100.9375,10.444350242614746,0,0,100,10,1,
478.271,-3.8538243770599365,-0.49825915694236755,100.875,10.444350242614746,0,0,100,10,1,
478.281,-3.8538243770599365,-0.49825915694236755,100.875,10.444350242614746,0,0,100,10,1,
478.291,-3.5323922634124756,-0.47151774168014526,100.75,10.444350242614746,0,0,100,10,1,
478.301,-3.2265419960021973,-0.4268917739391327,100.6875,10.444350242614746,0,0,100,10,1,
478.311,-2.7277050018310547,-0.3890620768070221,100.625,10.444350242614746,0,0,100,10,1,
478.321,-2.579907178878784,-0.5060263276100159,100.5625,10.444350242614746,0,0,100,10,1,
478.331,-2.579907178878784,-0.5060263276100159,100.5625,10.444350242614746,0,0,100,10,1,
478.341,-2.4267098903656006,-0.7410058379173279,100.375,10.444350242614746,0,0,100,10,1,
478.351,-2.2719571590423584,-1.0225350856781006,100.3125,10.444350242614746,0,0,100,10,1,
478.361,-1.6836745738983154,-1.362087368965149,100.25,10.444350242614746,0,0,100,10,1,
478.371,-1.2111107110977173,-1.437516689300537,100.1875,9.99845027923584,0,0,100,10,1,
478.381,-1.2111107110977173,-1.437516689300537,100.1875,9.99845027923584,0,0,100,10,1,
478.391,-0.768302857875824,-1.406592845916748,100,9.99845027923584,0,0,100,10,1,
478.401,-0.4437979757785797,-1.446225643157959,99.9375,9.99845027923584,0,0,100,10,1,
478.411,0.39457809925079346,-1.3730427026748657,99.875,9.99845027923584,0,0,100,10,1,
478.421,0.9465247392654419,-1.2960504293441772,99.75,9.99845027923584,0,0,100,10,1,
478.431,0.9465247392654419,-1.2960504293441772,99.75,10.341449737548828,0,0,100,10,1,
478.441,1.592570185661316,-1.1972280740737915,99.625,10.341449737548828,0,0,100,10,1,
478.451,2.1460649967193604,-1.2039891481399536,99.5625,10.341449737548828,0,0,100,10,1,
478.461,3.0942893028259277,-1.0379374027252197,99.4375,10.341449737548828,0,0,100,10,1,
478.471,3.3994925022125244,-0.921789824962616,99.375,10.341449737548828,0,0,100,10,1,
478.481,3.3994925022125244,-0.921789824962616,99.375,10.341449737548828,0,0,100,10,1,
478.491,3.5835533142089844,-0.7952605485916138,99.25,10.341449737548828,0,0,100,10,1,
478.501,3.608037233352661,-0.6086831092834473,99.1875,10.341449737548828,0,0,100,10,1,
478.511,3.588939666748047,-0.18751689791679382,99.0625,10.341449737548828,0,0,100,10,1,
478.521,3.6036741733551025,-0.027836568653583527,99,10.341449737548828,0,0,100,10,1,
478.531,3.6036741733551025,-0.027836568653583527,99,10.341449737548828,0,0,100,10,1,
478.541,3.641852617263794,0.12383145093917847,98.9375,10.341449737548828,0,0,100,10,1,
478.551,3.720334053039551,0.2055455893278122,98.75,10.341449737548828,0,0,100,10,1,
478.561,3.8258309364318848,0.4771888852119446,98.6875,10.341449737548828,0,0,100,10,1,
478.571,3.785538673400879,0.5982334613800049,98.625,10.341449737548828,0,0,100,10,1,
478.581,3.785538673400879,0.5982334613800049,98.625,10.341449737548828,0,0,100,10,1,
478.591,3.628138303756714,0.7137923836708069,98.4375,10.341449737548828,0,0,100,10,1,
478.601,3.3716344833374023,0.7977895736694336,98.4375,10.341449737548828,0,0,100,10,1,
478.611,2.6059582233428955,0.8368158936500549,98.3125,10.341449737548828,0,0,100,10,1,
478.621,2.292313814163208,0.7747746109962463,98.25,10.341449737548828,0,0,100,10,1,
478.631,2.292313814163208,0.7747746109962463,98.25,10.341449737548828,0,0,100,10,1,
478.641,2.0037484169006348,0.6795532703399658,98.125,10.341449737548828,0,0,100,10,1,
478.651,1.8041800260543823,0.5542794466018677,98.0625,10.341449737548828,0,0,100,10,1,
478.661,1.5261681079864502,0.27643996477127075,97.875,10.341449737548828,0,0,100,10,1,
478.671,1.433045506477356,0.1994924247264862,97.8125,10.46150016784668,0,0,100,10,1,
478.681,1.433045506477356,0.1994924247264862,97.8125,10.46150016784668,0,0,100,10,1,
478.691,1.388025164604187,0.15948356688022614,97.75,10.46150016784668,0,0,100,10,1,
478.701,1.3838493824005127,0.1394548863172531,97.6875,10.46150016784668,0,0,100,10,1,
478.711,1.2892093658447266,0.19371910393238068,97.5625,10.46150016784668,0,0,100,10,1,
478.721,1.284165620803833,0.20112687349319458,97.5,10.46150016784668,0,0,100,10,1,
478.731,1.3403183221817017,0.20535150170326233,97.4375,9.912699699401855,0,0,100,10,1,
478.741,1.3403183221817017,0.20535150170326233,97.4375,9.912699699401855,0,0,100,10,1,
478.751,1.3810224533081055,0.1395687609910965,97.375,9.912699699401855,0,0,100,10,1,
478.761,1.5055345296859741,0.015609599649906158,97.25,9.912699699401855,0,0,100,10,1,
478.771,1.4964234828948975,-0.06834607571363449,97.1875,9.912699699401855,0,0,100,10,1,
478.781,1.586287498474121,-0.22685611248016357,97.125,9.912699699401855,0,0,100,10,1,
478.791,1.7055935859680176,-0.4154661297798157,97.125,10.375749588012695,0,0,100,10,1,
478.801,1.894116759300232,-0.6394354701042175,97.0625,10.375749588012695,0,0,100,10,1,
478.811,1.9454755783081055,-0.8339992165565491,97,10.375749588012695,0,0,100,10,1,
478.821,1.883040189743042,-1.0856332778930664,96.9375,10.375749588012695,0,0,100,10,1,
478.831,1.8323595523834229,-1.2577639818191528,96.875,10.375749588012695,0,0,100,10,1,
478.841,1.874781608581543,-1.3657954931259155,96.8125,10.375749588012695,0,0,100,10,1,
478.851,2.0248947143554688,-1.3705352544784546,96.8125,10.341449737548828,0,0,100,10,1,
478.861,2.18951416015625,-1.4128717184066772,96.75,10.341449737548828,0,0,100,10,1,
478.871,2.460675001144409,-1.3246272802352905,96.6875,10.341449737548828,0,0,100,10,1,
478.881,2.6575753688812256,-1.2484955787658691,96.6875,10.341449737548828,0,0,100,10,1,
478.891,2.8902628421783447,-1.126765251159668,96.625,10.341449737548828,0,0,100,10,1,
478.901,2.9216020107269287,-1.1109484434127808,96.5625,10.341449737548828,0,0,100,10,1,
478.911,2.981411933898926,-1.0603373050689697,96.5,9.98129940032959,0,0,100,10,1,
478.921,3.007439613342285,-0.9677214622497559,96.5,9.98129940032959,0,0,100,10,1,
478.931,2.9879775047302246,-0.8940480351448059,96.4375,9.98129940032959,0,0,100,10,1,
478.941,3.0164802074432373,-0.8355887532234192,96.375,9.98129940032959,0,0,100,10,1,
478.951,2.9960319995880127,-0.7983046770095825,96.3125,9.98129940032959,0,0,100,10,1,
478.961,2.9602863788604736,-0.7390809655189514,96.3125,9.98129940032959,0,0,100,10,1,
478.971,2.8545072078704834,-0.7846511006355286,96.25,9.946999549865723,0,0,100,10,1,
478.981,2.8827290534973145,-0.7322707176208496,96.1875,9.946999549865723,0,0,100,10,1,
478.991,2.847022294998169,-0.6555080413818359,96.125,9.946999549865723,0,0,100,10,1,
479.001,2.796607255935669,-0.5295671820640564,96.0625,9.946999549865723,0,0,100,10,1,
479.011,2.7071056365966797,-0.4079116880893707,96,9.946999549865723,0,0,100,10,1,
479.021,2.5655577182769775,-0.2791508436203003,96,9.946999549865723,0,0,100,10,1,
479.031,2.5716772079467773,-0.12577995657920837,95.9375,10.392899513244629,0,0,100,10,1,
479.041,2.5580384731292725,-0.019262034446001053,95.875,10.392899513244629,0,0,100,10,1,
479.051,2.52479887008667,0.05415220186114311,95.875,10.392899513244629,0,0,100,10,1,
479.061,2.52479887008667,0.05415220186114311,95.875,10.392899513244629,0,0,100,10,1,
479.071,2.4166314601898193,-0.0058289095759391785,95.8125,10.392899513244629,0,0,100,10,1,
479.081,2.4166314601898193,-0.0058289095759391785,95.75,10.392899513244629,0,0,100,10,1,
479.091,2.310687780380249,-0.22849616408348083,95.75,10.358599662780762,0,0,100,10,1,
479.101,2.2946906089782715,-0.2745133936405182,95.75,10.358599662780762,0,0,100,10,1,
479.111,2.223613977432251,-0.35154634714126587,95.6875,10.358599662780762,0,0,100,10,1,
479.121,2.1110689640045166,-0.43463751673698425,95.6875,10.358599662780762,0,0,100,10,1,
479.131,2.1110689640045166,-0.451360285282135,95.6875,10.358599662780762,0,0,100,10,1,
479.141,2.1466891765594482,-0.451360285282135,95.625,10.358599662780762,0,0,100,10,1,
479.151,2.2296900749206543,-0.4522566497325897,95.625,9.99845027923584,0,0,100,10,1,
479.161,2.2296900749206543,-0.4649134874343872,95.625,9.99845027923584,0,0,100,10,1,
479.171,2.242433547973633,-0.5121358633041382,95.5625,9.99845027923584,0,0,100,10,1,
479.181,2.239621877670288,-0.5121358633041382,95.5625,9.99845027923584,0,0,100,10,1,
479.191,2.292368173599243,-0.5317860245704651,95.5625,9.99845027923584,0,0,100,10,1,
479.201,2.239579916000366,-0.5280501246452332,95.5,9.99845027923584,0,0,100,10,1,
479.211,2.2658286094665527,-0.49640101194381714,95.5,10.392899513244629,0,0,100,10,1,
479.221,2.2477734088897705,-0.524644136428833,95.4375,10.392899513244629,0,0,100,10,1,
479.231,2.2477734088897705,-0.524644136428833,95.4375,10.392899513244629,0,0,100,10,1,
479.241,2.24566912651062,-0.46972405910491943,95.4375,10.392899513244629,0,0,100,10,1,
479.251,2.1950085163116455,-0.3964163362979889,95.375,10.392899513244629,0,0,100,10,1,
479.261,2.2355074882507324,-0.3964163362979889,95.375,10.392899513244629,0,0,100,10,1,
479.271,2.1680245399475098,-0.44551903009414673,95.375,11.18179988861084,0,0,100,10,1,
479.281,2.1232683658599854,-0.440355122089386,95.3125,11.18179988861084,0,0,100,10,1,
479.291,2.1782212257385254,-0.42903363704681396,95.3125,11.18179988861084,0,0,100,10,1,
479.301,2.128507137298584,-0.4755038022994995,95.25,11.18179988861084,0,0,100,10,1,
479.311,2.067596435546875,-0.5143270492553711,95.25,11.18179988861084,0,0,100,10,1,
479.321,2.0079920291900635,-0.5701989531517029,95.25,11.18179988861084,0,0,100,10,1,
479.331,1.9288232326507568,-0.6702881455421448,95.25,9.964149475097656,0,0,100,10,1,
479.341,1.8917027711868286,-0.9398950338363647,95.25,9.964149475097656,0,0,100,10,1,
479.351,1.8149462938308716,-1.3776196241378784,95.25,9.964149475097656,0,0,100,10,1,
479.361,1.8149462938308716,-1.3776196241378784,95.25,9.964149475097656,0,0,100,10,1,
479.371,1.775303602218628,-1.483401894569397,95.25,9.964149475097656,0,0,100,10,1,
479.381,1.6100828647613525,-1.6736671924591064,95.25,9.964149475097656,0,0,100,10,1,
479.391,1.4663883447647095,-1.8590455055236816,95.3125,9.929849624633789,0,0,100,10,1,
479.401,1.3360546827316284,-1.9922142028808594,95.3125,9.929849624633789,0,0,100,10,1,
479.411,1.3585039377212524,-2.117777109146118,95.3125,9.929849624633789,0,0,100,10,1,
479.421,1.3065285682678223,-2.2969071865081787,95.375,9.929849624633789,0,0,100,10,1,
479.431,1.1945098638534546,-2.5302209854125977,95.375,9.929849624633789,0,0,100,10,1,
479.441,1.2199238538742065,-2.7485268115997314,95.375,9.929849624633789,0,0,100,10,1,
479.451,1.2461175918579102,-2.9493472576141357,95.4375,6.379799842834473,0,0,100,10,1,
479.461,1.0968668460845947,-3.188082456588745,95.4375,6.379799842834473,0,0,100,10,1,
479.471,1.035843014717102,-3.3423900604248047,95.4375,6.379799842834473,0,0,100,10,1,
479.481,1.0214534997940063,-3.3923823833465576,95.4375,6.379799842834473,0,0,100,10,1,
479.491,1.013319730758667,-3.3029768466949463,95.5,6.379799842834473,0,0,100,10,1,
479.501,0.9811457991600037,-3.2190024852752686,95.5,6.379799842834473,0,0,100,10,1,
479.511,0.9720577001571655,-3.112288236618042,95.5,1.097599983215332,0,0,100,10,1,
479.521,0.9324159622192383,-2.9591012001037598,95.5625,1.097599983215332,0,0,100,10,1,
479.531,0.8596924543380737,-2.800845146179199,95.5625,1.097599983215332,0,0,100,10,1,
479.541,0.6556107997894287,-2.721367597579956,95.5625,1.097599983215332,0,0,100,10,1,
479.551,0.4822869598865509,-2.561582088470459,95.625,1.097599983215332,0,0,100,10,1,
479.561,0.3319891691207886,-2.345970869064331,95.5625,1.097599983215332,0,0,100,10,1,
479.571,0.11187057197093964,-2.2537357807159424,95.5,1.097599983215332,0,0,100,10,1,
479.581,-0.18398475646972656,-2.189180850982666,95.4375,1.097599983215332,0,0,100,10,1,
479.591,-0.30723828077316284,-2.156552314758301,95.4375,1.097599983215332,0,0,100,10,1,
479.601,-0.22654300928115845,-2.134911298751831,95.5,1.097599983215332,0,0,100,10,1,
479.611,-0.08335968852043152,-1.992058277130127,95.5625,1.097599983215332,0,0,100,10,1,
479.621,0.0011565536260604858,-1.8917640447616577,95.625,1.097599983215332,0,0,100,10,1,
479.631,0.06342780590057373,-1.8436179161071777,95.6875,5.59089994430542,0,0,100,10,1,
479.641,0.18109028041362762,-1.8053532838821411,95.6875,5.59089994430542,0,0,100,10,1,
479.651,0.29938948154449463,-1.64146888256073,95.8125,5.59089994430542,0,0,100,10,1,
479.661,0.3368726968765259,-1.5380982160568237,95.8125,5.59089994430542,0,0,100,10,1,
479.671,0.453220009803772,-1.4393893480300903,95.875,5.59089994430542,0,0,100,10,1,
479.681,0.7254780530929565,-1.4127700328826904,95.875,5.59089994430542,0,0,100,10,1,
479.691,1.1232459545135498,-1.5654501914978027,95.9375,5.642349720001221,0,0,100,10,1,
479.701,1.7766809463500977,-1.8568891286849976,96,5.642349720001221,0,0,100,10,1,
479.711,2.493175983428955,-2.1316521167755127,96,5.642349720001221,0,0,100,10,1,
479.721,3.017961025238037,-2.408175230026245,96,5.642349720001221,0,0,100,10,1,
479.731,3.342775821685791,-2.632035493850708,96,5.642349720001221,0,0,100,10,1,
479.741,3.4589357376098633,-2.867182493209839,95.9375,5.642349720001221,0,0,100,10,1,
479.751,3.33746075630188,-2.825385808944702,95.9375,5.642349720001221,0,0,100,10,1,
479.761,3.2068874835968018,-2.5637006759643555,96,5.642349720001221,0,0,100,10,1,
479.771,3.1643013954162598,-2.208364486694336,95.9375,5.642349720001221,0,0,100,10,1,
479.781,3.209813356399536,-1.9901851415634155,95.9375,5.642349720001221,10,0,100,10,1,
479.791,3.3985257148742676,-1.6408636569976807,95.9375,5.642349720001221,10,0,100,10,1,
479.801,3.577244520187378,-1.3051908016204834,95.875,5.642349720001221,10,0,100,10,1,
479.811,3.5532751083374023,-1.0441620349884033,95.8125,5.642349720001221,10,0,100,10,1,
479.821,3.5011000633239746,-0.7110245823860168,95.75,5.642349720001221,10,0,100,10,1,
479.831,3.3259332180023193,-0.35545843839645386,95.75,5.642349720001221,10,0,100,10,1,
479.841,3.1595726013183594,0.16277611255645752,95.6875,5.642349720001221,10,0,100,10,1,
479.851,2.8488566875457764,0.6640812754631042,95.5625,5.642349720001221,10,0,100,10,1,
479.861,2.5821151733398438,1.2503987550735474,95.5,5.642349720001221,10,0,100,10,1,
479.871,2.3856730461120605,1.7998329401016235,95.4375,5.642349720001221,10,0,100,10,1,
479.881,2.1782658100128174,2.3119266033172607,95.4375,5.642349720001221,10,0,100,10,1,
479.891,2.1180946826934814,2.722646951675415,95.375,5.642349720001221,10,0,100,10,1,
479.901,2.170802116394043,3.0462865829467773,95.25,5.642349720001221,10,0,100,10,1,
479.911,2.3685734272003174,3.281761407852173,95.125,5.642349720001221,10,0,100,10,1,
479.921,2.6069788932800293,3.54726243019104,95.0625,5.642349720001221,10,0,100,10,1,
479.931,2.8033082485198975,3.8306214809417725,95.0625,10.650150299072266,10,0,100,10,1,
479.941,3.03487491607666,4.202884197235107,94.9375,10.650150299072266,10,0,100,10,1,
479.951,3.3275363445281982,4.520551681518555,94.75,10.650150299072266,10,0,100,10,1,
479.961,3.6357433795928955,4.677211284637451,94.625,10.650150299072266,10,0,100,10,1,
479.971,3.963080883026123,4.7095160484313965,94.5,10.650150299072266,10,0,100,10,1,
479.981,4.246348857879639,4.516555309295654,94.5,10.650150299072266,10,0,100,10,1,
479.991,4.647052764892578,4.141326427459717,94.375,10.632999420166016,10,0,100,10,1,
480.001,5.326694488525391,3.7589876651763916,94.1875,10.632999420166016,10,0,100,10,1,
480.011,6.038213729858398,3.4620273113250732,94.125,10.632999420166016,10,0,100,10,1,
480.021,6.803025245666504,3.2285265922546387,94.0625,10.632999420166016,10,0,100,10,1,
480.031,7.671832084655762,2.9740145206451416,94.0625,10.632999420166016,10,0,100,10,1,
480.041,8.39136791229248,2.850951910018921,94,10.632999420166016,10,0,100,10,1,
480.051,8.992606163024902,2.537944793701172,93.75,10.632999420166016,10,0,100,10,1,
480.061,9.703105926513672,2.201826810836792,93.6875,10.632999420166016,10,0,100,10,1,
480.071,10.385146141052246,1.798789143562317,93.5625,10.632999420166016,10,0,100,10,1,
480.081,11.255180358886719,1.400290846824646,93.5625,10.632999420166016,10,0,100,10,1,
480.091,12.193618774414062,1.1146464347839355,93.5,10.632999420166016,10,0,100,10,1,
480.101,13.24400806427002,0.8813568353652954,93.375,10.632999420166016,10,0,100,10,1,
480.111,14.249687194824219,0.615728497505188,93.375,10.632999420166016,10,0,100,10,1,
480.121,15.203898429870605,0.3813508152961731,93.3125,10.632999420166016,10,0,100,10,1,
480.131,16.011333465576172,0.06876297295093536,93.3125,10.632999420166016,10,0,100,10,1,
480.141,16.743934631347656,-0.2861872911453247,93.3125,10.632999420166016,10,0,100,10,1,
480.151,17.27093505859375,-0.7171658873558044,93.25,10.632999420166016,10,0,100,10,1,
480.161,17.647642135620117,-1.0923335552215576,93.1875,10.632999420166016,10,0,100,10,1,
480.171,18.124359130859375,-1.4873931407928467,93.125,10.632999420166016,10,0,100,10,1,
480.181,18.486547470092773,-1.930647373199463,93.125,10.632999420166016,10,0,100,10,1,
480.191,18.86646270751953,-2.2951338291168213,93.125,10.632999420166016,10,0,100,10,1,
480.201,19.13981819152832,-2.58708119392395,93.125,10.632999420166016,10,0,100,10,1,
480.211,19.3548583984375,-2.7438690662384033,93.125,10.632999420166016,10,0,100,10,1,
480.221,19.45808219909668,-2.854031562805176,93.125,10.632999420166016,10,0,100,10,1,
480.231,19.441944122314453,-2.9850196838378906,93.125,10.564399719238281,10,0,100,10,1,
480.241,19.332426071166992,-3.103320598602295,93.1875,10.564399719238281,10,0,100,10,1,
480.251,19.1942081451416,-3.2533202171325684,93.1875,10.564399719238281,10,0,100,10,1,
480.261,19.06977081298828,-3.3462436199188232,93.25,10.564399719238281,10,0,100,10,1,
480.271,18.846420288085938,-3.3670411109924316,93.25,10.564399719238281,10,0,100,10,1,
480.281,18.541336059570312,-3.4190433025360107,93.25,10.564399719238281,10,0,100,10,1,
480.291,18.144811630249023,-3.422844648361206,93.3125,10.221400260925293,10,0,100,10,1,
480.301,17.7155818939209,-3.440152883529663,93.375,10.221400260925293,10,0,100,10,1,
480.311,17.385141372680664,-3.403507709503174,93.375,10.221400260925293,10,0,100,10,1,
480.321,17.165790557861328,-3.243924617767334,93.4375,10.221400260925293,10,0,100,10,1,
480.331,17.03247833251953,-3.1022727489471436,93.4375,10.221400260925293,10,0,100,10,1,
480.341,16.806325912475586,-2.9606821537017822,93.4375,10.221400260925293,10,0,100,10,1,
480.351,16.6986026763916,-2.7871131896972656,93.5,10.221400260925293,10,0,100,10,1,
480.361,16.565427780151367,-2.5803067684173584,93.5625,10.221400260925293,10,0,100,10,1,
480.371,16.449228286743164,-2.3382515907287598,93.5625,10.221400260925293,10,0,100,10,1,
480.381,16.298316955566406,-2.133820056915283,93.5625,10.221400260925293,10,0,100,10,1,
480.391,16.388216018676758,-1.9134949445724487,93.625,10.221400260925293,10,0,100,10,1,
480.401,16.502532958984375,-1.7167818546295166,93.6875,10.221400260925293,10,0,100,10,1,
480.411,16.622941970825195,-1.5171035528182983,93.6875,10.221400260925293,10,0,100,10,1,
480.421,16.737462997436523,-1.35158371925354,93.6875,10.221400260925293,10,0,100,10,1,
480.431,17.025482177734375,-1.1761460304260254,93.6875,10.221400260925293,10,0,100,10,1,
480.441,17.44210433959961,-0.8804222345352173,93.75,10.221400260925293,10,0,100,10,1,
480.451,17.755901336669922,-0.6322795152664185,93.75,10.221400260925293,10,0,100,10,1,
480.461,18.11101722717285,-0.38964319229125977,93.75,10.221400260925293,10,0,100,10,1,
480.471,18.43853759765625,-0.22031627595424652,93.75,10.221400260925293,10,0,100,10,1,
480.481,18.71034049987793,-0.14723505079746246,93.75,10.221400260925293,10,0,100,10,1,
480.491,18.998369216918945,-0.13700450956821442,93.75,10.221400260925293,10,0,100,10,1,
480.501,19.376066207885742,-0.09009067714214325,93.6875,10.221400260925293,10,0,100,10,1,
480.511,19.783653259277344,-0.00869317352771759,93.625,10.221400260925293,10,0,100,10,1,
480.521,20.08683967590332,0.03254615515470505,93.625,10.221400260925293,10,0,100,10,1,
480.531,20.325342178344727,0.0834268182516098,93.625,10.753049850463867,10,0,100,10,1,
480.541,20.412771224975586,0.0938454195857048,93.5625,10.753049850463867,10,0,100,10,1,
480.551,20.565185546875,0.03054030053317547,93.5,10.753049850463867,10,0,100,10,1,
480.561,20.619768142700195,-0.10445484519004822,93.4375,10.753049850463867,10,0,100,10,1,
480.571,20.802385330200195,-0.15012198686599731,93.4375,10.753049850463867,10,0,100,10,1,
480.581,21.016929626464844,-0.26340216398239136,93.4375,10.753049850463867,10,0,100,10,1,
480.591,21.08907127380371,-0.3083025813102722,93.375,10.598699569702148,10,0,100,10,1,
480.601,21.11358642578125,-0.39510011672973633,93.3125,10.598699569702148,10,0,100,10,1,
480.611,20.94639778137207,-0.4418058693408966,93.3125,10.598699569702148,10,0,100,10,1,
480.621,20.751266479492188,-0.5567647814750671,93.3125,10.598699569702148,10,0,100,10,1,
480.631,20.445356369018555,-0.7533426880836487,93.3125,10.598699569702148,10,0,100,10,1,
480.641,20.2540340423584,-0.8657460808753967,93.25,10.598699569702148,10,0,100,10,1,
480.651,20.105138778686523,-0.944434404373169,93.25,10.598699569702148,10,0,100,10,1,
480.661,19.941543579101562,-0.9852154850959778,93.1875,10.598699569702148,10,0,100,10,1,
480.671,19.780378341674805,-1.0360304117202759,93.1875,10.598699569702148,10,0,100,10,1,
480.681,19.532285690307617,-1.1071228981018066,93.1875,10.598699569702148,10,0,100,10,1,
480.691,19.29068946838379,-1.1557643413543701,93.125,10.598699569702148,10,0,100,10,1,
480.701,19.128250122070312,-1.2119675874710083,93.125,10.598699569702148,10,0,100,10,1,
480.711,18.877023696899414,-1.1614152193069458,93.125,10.598699569702148,10,0,100,10,1,
480.721,18.569320678710938,-1.1518532037734985,93.125,10.598699569702148,10,0,100,10,1,
480.731,18.240041732788086,-1.226133942604065,93.125,10.598699569702148,10,0,100,10,1,
480.741,18.01217269897461,-1.2243156433105469,93.0625,10.598699569702148,10,0,100,10,1,
480.751,17.747488021850586,-1.2057896852493286,93.0625,10.598699569702148,10,0,100,10,1,
480.761,17.449626922607422,-1.1381072998046875,93.0625,10.598699569702148,10,0,100,10,1,
480.771,17.236326217651367,-1.122686505317688,93.0625,10.598699569702148,10,0,100,10,1,
480.781,17.071041107177734,-1.060915231704712,93.0625,10.598699569702148,10,0,100,10,1,
480.791,16.924251556396484,-0.8813413977622986,93.0625,10.598699569702148,10,0,100,10,1,
480.801,16.70892906188965,-0.7629889845848083,93.0625,10.598699569702148,10,0,100,10,1,
480.811,16.47587013244629,-0.6794654130935669,93.125,10.598699569702148,10,0,100,10,1,
480.821,16.285675048828125,-0.6406956911087036,93.125,10.598699569702148,10,0,100,10,1,
480.831,16.246305465698242,-0.6399649381637573,93.125,10.650150299072266,10,0,100,10,1,
480.841,16.098657608032227,-0.63779616355896,93.125,10.650150299072266,10,0,100,10,1,
480.851,15.935247421264648,-0.702946126461029,93.125,10.650150299072266,10,0,100,10,1,
480.861,15.697065353393555,-0.7888799905776978,93.1875,10.650150299072266,10,0,100,10,1,
480.871,15.523916244506836,-0.8147215247154236,93.1875,10.650150299072266,10,0,100,10,1,
480.881,15.362504005432129,-0.8541427254676819,93.25,10.650150299072266,10,0,100,10,1,
480.891,15.170351028442383,-0.9350045919418335,93.3125,10.753049850463867,10,0,100,10,1,
480.901,15.056015968322754,-1.0067518949508667,93.375,10.753049850463867,10,0,100,10,1,
480.911,15.058195114135742,-1.1129698753356934,93.375,10.753049850463867,10,0,100,10,1,
480.921,15.109579086303711,-1.1690293550491333,93.4375,10.753049850463867,10,0,100,10,1,
480.931,15.079572677612305,-1.2593270540237427,93.5,10.753049850463867,10,0,100,10,1,
480.941,15.047991752624512,-1.3866177797317505,93.5625,10.753049850463867,10,0,100,10,1,
480.951,15.04478645324707,-1.4959315061569214,93.625,10.684450149536133,10,0,100,10,1,
480.961,15.149928092956543,-1.5808780193328857,93.6875,10.684450149536133,10,0,100,10,1,
480.971,15.204964637756348,-1.6780120134353638,93.8125,10.684450149536133,10,0,100,10,1,
480.981,15.280165672302246,-1.800931692123413,93.875,10.684450149536133,10,0,100,10,1,
480.991,15.338591575622559,-2.008718967437744,93.9375,10.684450149536133,10,0,100,10,1,
481.001,15.405108451843262,-2.2675998210906982,94,10.684450149536133,10,0,100,10,1,
481.011,15.440023422241211,-2.4175233840942383,94.125,10.564399719238281,10,0,100,10,1,
481.021,15.412081718444824,-2.6002659797668457,94.1875,10.564399719238281,10,0,100,10,1,
481.031,15.377799034118652,-2.775040864944458,94.3125,10.564399719238281,10,0,100,10,1,
481.041,15.246840476989746,-2.98268985748291,94.375,10.564399719238281,10,0,100,10,1,
481.051,15.261621475219727,-3.148615598678589,94.5,10.564399719238281,10,0,100,10,1,
481.061,15.274374961853027,-3.2904131412506104,94.625,10.564399719238281,10,0,100,10,1,
481.071,15.260213851928711,-3.4010026454925537,94.75,10.615849494934082,10,0,100,10,1,
481.081,15.26352310180664,-3.552748203277588,94.875,10.615849494934082,10,0,100,10,1,
481.091,15.290116310119629,-3.7149507999420166,95,10.615849494934082,10,0,100,10,1,
481.101,15.387025833129883,-3.7468113899230957,95.0625,10.615849494934082,10,0,100,10,1,
481.111,15.47348690032959,-3.793091058731079,95.1875,10.615849494934082,10,0,100,10,1,
481.121,15.422858238220215,-3.8947811126708984,95.3125,10.615849494934082,10,0,100,10,1,
481.131,15.386075019836426,-3.9906156063079834,95.4375,10.221400260925293,10,0,100,10,1,
481.141,15.344743728637695,-4.067948341369629,95.5625,10.221400260925293,10,0,100,10,1,
481.151,15.266108512878418,-4.1445207595825195,95.6875,10.221400260925293,10,0,100,10,1,
481.161,15.227871894836426,-4.2166008949279785,95.8125,10.221400260925293,10,0,100,10,1,
481.171,15.218764305114746,-4.3310770988464355,95.9375,10.221400260925293,10,0,100,10,1,
481.181,15.250487327575684,-4.397303581237793,96.0625,10.221400260925293,10,0,100,10,1,
481.191,15.23861026763916,-4.337834358215332,96.1875,10.650150299072266,10,0,100,10,1,
481.201,15.221257209777832,-4.320342540740967,96.25,10.650150299072266,10,0,100,10,1,
481.211,15.085102081298828,-4.40955924987793,96.375,10.650150299072266,10,0,100,10,1,
481.221,15.066307067871094,-4.407406806945801,96.5,10.650150299072266,10,0,100,10,1,
481.231,15.104889869689941,-4.368728160858154,96.625,10.650150299072266,10,0,100,10,1,
481.241,15.080740928649902,-4.351438045501709,96.75,10.650150299072266,10,0,100,10,1,
481.251,15.019501686096191,-4.355984687805176,96.875,10.650150299072266,10,0,100,10,1,
481.261,14.849873542785645,-4.354518890380859,97,10.084199905395508,10,0,100,10,1,
481.271,14.69815444946289,-4.310726642608643,97.125,10.084199905395508,10,0,100,10,1,
481.281,14.532763481140137,-4.216288089752197,97.1875,10.084199905395508,10,0,100,10,1,
481.291,14.32898235321045,-4.168623924255371,97.3125,10.084199905395508,10,0,100,10,1,
481.301,14.212309837341309,-4.105334758758545,97.4375,10.084199905395508,10,0,100,10,1,
481.311,14.163918495178223,-4.054278373718262,97.5,10.324299812316895,10,0,100,10,1,
481.321,14.22176742553711,-3.9042317867279053,97.625,10.324299812316895,10,0,100,10,1,
481.331,14.151972770690918,-3.793407917022705,97.75,10.324299812316895,10,0,100,10,1,
481.341,13.966607093811035,-3.7625603675842285,97.8125,10.324299812316895,10,0,100,10,1,
481.351,13.694400787353516,-3.741860866546631,97.9375,10.324299812316895,10,0,100,10,1,
481.361,13.476887702941895,-3.7259199619293213,98,10.324299812316895,10,0,100,10,1,
481.371,13.250578880310059,-3.669084072113037,98.0625,10.6673002243042,10,0,100,10,1,
481.381,13.034855842590332,-3.621580123901367,98.1875,10.6673002243042,10,0,100,10,1,
481.391,12.87067985534668,-3.5983691215515137,98.25,10.6673002243042,10,0,100,10,1,
481.401,12.674137115478516,-3.545048236846924,98.3125,10.6673002243042,10,0,100,10,1,
481.411,12.546771049499512,-3.4183967113494873,98.375,10.6673002243042,10,0,100,10,1,
481.421,12.32522964477539,-3.2694923877716064,98.5,10.6673002243042,10,0,100,10,1,
481.431,12.106371879577637,-3.1711390018463135,98.5625,10.6673002243042,10,0,100,10,1,
481.441,11.904370307922363,-3.1053757667541504,98.625,10.598699569702148,10,0,100,10,1,
481.451,11.561222076416016,-3.157822370529175,98.6875,10.598699569702148,10,0,100,10,1,
481.461,11.404566764831543,-3.12536883354187,98.8125,10.598699569702148,10,0,100,10,1,
481.471,11.318202018737793,-3.043081045150757,98.875,10.598699569702148,10,0,100,10,1,
481.481,11.183591842651367,-2.994246244430542,98.9375,10.598699569702148,10,0,100,10,1,
481.491,11.023080825805664,-2.969465494155884,98.9375,10.598699569702148,10,0,100,10,1,
481.501,10.91757583618164,-2.9021856784820557,99,10.427200317382812,10,0,100,10,1,
481.511,10.845136642456055,-2.7985739707946777,99.0625,10.427200317382812,10,0,100,10,1,
481.521,10.66792106628418,-2.736764669418335,99.0625,10.427200317382812,10,0,100,10,1,
481.531,10.516181945800781,-2.727952003479004,99.125,10.427200317382812,10,0,100,10,1,
481.541,10.38284969329834,-2.7528393268585205,99.125,10.427200317382812,10,0,100,10,1,
481.551,10.430831909179688,-2.760915756225586,99.1875,10.427200317382812,10,0,100,10,1,
481.561,10.408300399780273,-2.790280818939209,99.1875,6.139699935913086,10,0,100,10,1,
481.571,10.3254976272583,-2.786433696746826,99.1875,6.139699935913086,10,0,100,10,1,
481.581,10.267979621887207,-2.7523691654205322,99.1875,6.139699935913086,10,0,100,10,1,
481.591,10.206646919250488,-2.688880443572998,99.1875,6.139699935913086,10,0,100,10,1,
481.601,10.177787780761719,-2.549069881439209,99.1875,6.139699935913086,10,0,100,10,1,
481.611,10.041608810424805,-2.5446176528930664,99.1875,6.139699935913086,10,0,100,10,1,
481.621,9.999532699584961,-2.5977835655212402,99.1875,0.9603999853134155,10,0,100,10,1,
481.631,10.041707038879395,-2.735537052154541,99.1875,0.9603999853134155,10,0,100,10,1,
481.641,10.124130249023438,-2.904348850250244,99.125,0.9603999853134155,10,0,100,10,1,
481.651,10.053332328796387,-2.973879098892212,99.125,0.9603999853134155,10,0,100,10,1,
481.661,9.932140350341797,-2.8919408321380615,99.0625,0.9603999853134155,10,0,100,10,1,
481.671,9.737123489379883,-2.785132884979248,99,0.9603999853134155,10,0,100,10,1,
481.681,9.526405334472656,-2.683335781097412,98.9375,0.9603999853134155,10,0,100,10,1,
481.691,9.287779808044434,-2.5910747051239014,98.9375,0.9603999853134155,10,0,100,10,1,
481.701,9.082552909851074,-2.5736241340637207,98.875,0.9603999853134155,10,0,100,10,1,
481.711,8.735420227050781,-2.777796983718872,98.8125,0.9603999853134155,10,0,100,10,1,
481.721,8.40457820892334,-3.155991554260254,98.75,0.9603999853134155,10,0,100,10,1,
481.731,8.069474220275879,-3.4907736778259277,98.6875,0.9603999853134155,10,0,100,10,1,
481.741,7.623569488525391,-3.853264331817627,98.6875,0.9603999853134155,10,0,100,10,1,
481.751,7.155106544494629,-4.259695529937744,98.625,0.9603999853134155,10,0,100,10,1,
481.761,6.705166816711426,-4.450716018676758,98.375,0.9603999853134155,10,0,100,10,1,
481.771,6.257517337799072,-4.543338775634766,98.3125,0.9603999853134155,10,0,100,10,1,
481.781,5.953460216522217,-4.555454730987549,98.1875,0.9603999853134155,10,0,100,10,1,
481.791,5.738033294677734,-4.520440101623535,98.1875,0.9603999853134155,10,0,100,10,1,
481.801,5.716066837310791,-4.4710235595703125,98.125,6.105400085449219,10,0,100,10,1,
481.811,5.911525249481201,-4.360561370849609,97.875,6.105400085449219,10,0,100,10,1,
481.821,6.126677989959717,-4.324429035186768,97.75,6.105400085449219,10,0,100,10,1,
481.831,6.202672958374023,-4.324938774108887,97.625,6.105400085449219,10,0,100,10,1,
481.841,6.1575822830200195,-4.211010932922363,97.625,6.105400085449219,10,0,100,10,1,
481.851,6.129762172698975,-4.088615894317627,97.5625,6.105400085449219,10,0,100,10,1,
481.861,5.900990962982178,-3.78598690032959,97.4375,10.735899925231934,10,0,100,10,1,
481.871,5.764132499694824,-3.4648797512054443,97.375,10.735899925231934,10,0,100,10,1,
481.881,5.929602146148682,-3.1335411071777344,97.3125,10.735899925231934,10,0,100,10,1,
481.891,6.288707256317139,-2.800337553024292,97.3125,10.735899925231934,10,0,100,10,1,
481.901,6.739775657653809,-2.542409896850586,97.1875,10.735899925231934,10,0,100,10,1,
481.911,7.262009143829346,-2.360156536102295,96.875,10.735899925231934,10,0,100,10,1,
481.921,7.560964584350586,-2.109227180480957,96.75,10.735899925231934,10,0,100,10,1,
481.931,7.8184895515441895,-1.6890537738800049,96.75,10.735899925231934,10,0,100,10,1,
481.941,8.050450325012207,-1.1556123495101929,96.75,10.735899925231934,10,0,100,10,1,
481.951,8.28548526763916,-0.24676555395126343,96.8125,10.735899925231934,10,0,100,10,1,
481.961,8.775026321411133,0.6189303398132324,96.75,10.735899925231934,10,0,100,10,1,
481.971,9.216736793518066,1.0166046619415283,96.6875,10.735899925231934,10,0,100,10,1,
481.981,9.688730239868164,1.1772290468215942,96.625,10.735899925231934,10,0,100,10,1,
481.991,10.140607833862305,1.3145219087600708,96.625,10.735899925231934,10,0,100,10,1,
482.001,10.51168441772461,1.3666576147079468,96.5625,10.735899925231934,10,0,100,10,1,
482.011,10.508383750915527,1.3934881687164307,96.4375,10.735899925231934,10,0,100,10,1,
482.021,10.464820861816406,1.557802438735962,96.4375,10.735899925231934,10,0,100,10,1,
482.031,10.3626708984375,1.7897281646728516,96.375,10.735899925231934,10,0,100,10,1,
482.041,10.422456741333008,1.9998564720153809,96.375,10.735899925231934,10,0,100,10,1,
482.051,10.642742156982422,2.0879364013671875,96.375,10.735899925231934,10,0,100,10,1,
482.061,11.086189270019531,1.9620163440704346,96.3125,10.735899925231934,10,0,100,10,1,
482.071,11.411765098571777,1.6239351034164429,96.3125,10.735899925231934,10,0,100,10,1,
482.081,11.433370590209961,1.1321830749511719,96.25,10.735899925231934,10,0,100,10,1,
482.091,11.278132438659668,0.6849350929260254,96.25,10.735899925231934,10,0,100,10,1,
482.101,10.754717826843262,0.2627662420272827,96.1875,11.164649963378906,10,0,100,10,1,
482.111,10.049833297729492,-0.20012760162353516,96.125,11.164649963378906,10,0,100,10,1,
482.121,9.501523971557617,-0.621518611907959,96.0625,11.164649963378906,10,0,100,10,1,
482.131,9.25200366973877,-0.9741175770759583,96.0625,11.164649963378906,10,0,100,10,1,
482.141,9.039252281188965,-1.3641701936721802,96.0625,11.164649963378906,10,0,100,10,1,
482.151,8.93882942199707,-1.837051510810852,96.0625,11.164649963378906,10,0,100,10,1,
482.161,8.827905654907227,-2.1320912837982178,96.1875,10.6673002243042,10,0,100,10,1,
482.171,8.703807830810547,-2.4089744091033936,96.25,10.6673002243042,10,0,100,10,1,
482.181,8.342438697814941,-2.6367318630218506,96.375,10.6673002243042,10,0,100,10,1,
482.191,7.995533466339111,-2.885700225830078,96.375,10.6673002243042,10,0,100,10,1,
482.201,7.597322940826416,-3.2904279232025146,96.4375,10.6673002243042,10,0,100,10,1,
482.211,7.235564231872559,-3.710043430328369,96.5625,10.6673002243042,10,0,100,10,1,
482.221,6.789387226104736,-4.286506652832031,96.5625,10.6673002243042,10,0,100,10,1,
482.231,6.278930187225342,-4.73258113861084,96.625,10.6673002243042,10,0,100,10,1,
482.241,5.938941478729248,-4.960537910461426,96.625,10.6673002243042,10,0,100,10,1,
482.251,5.5552263259887695,-5.02357292175293,96.6875,10.6673002243042,10,0,100,10,1,
482.261,5.28612756729126,-4.967424392700195,96.75,10.6673002243042,10,0,100,10,1,
482.271,5.222023010253906,-4.770167827606201,96.8125,10.6673002243042,10,0,100,10,1,
482.281,5.473729610443115,-4.431018352508545,96.9375,10.6673002243042,10,0,100,10,1,
482.291,5.94833517074585,-3.9903180599212646,96.9375,10.6673002243042,10,0,100,10,1,
482.301,6.418777942657471,-3.596972942352295,97,10.6673002243042,10,0,100,10,1,
482.311,6.946861267089844,-3.273818016052246,97.125,10.6673002243042,10,0,100,10,1,
482.321,7.4509124755859375,-2.9647324085235596,97.1875,10.6673002243042,10,0,100,10,1,
482.331,7.788784027099609,-2.662609338760376,97.25,10.6673002243042,10,0,100,10,1,
482.341,8.009156227111816,-2.361300468444824,97.25,10.6673002243042,10,0,100,10,1,
482.351,8.287189483642578,-2.0051262378692627,97.3125,10.6673002243042,10,0,100,10,1,
482.361,8.681020736694336,-1.7657703161239624,97.375,10.6673002243042,10,0,100,10,1,
482.371,9.190595626831055,-1.6218645572662354,97.4375,10.6673002243042,10,0,100,10,1,
482.381,9.904178619384766,-1.5495206117630005,97.4375,10.6673002243042,10,0,100,10,1,
482.391,10.743163108825684,-1.4532214403152466,97.4375,10.6673002243042,10,0,100,10,1,
482.401,11.567495346069336,-1.096339464187622,97.5,10.753049850463867,10,0,100,10,1,
482.411,12.18282413482666,-0.6122581362724304,97.5625,10.753049850463867,10,0,100,10,1,
482.421,12.645028114318848,-0.04086226224899292,97.625,10.753049850463867,10,0,100,10,1,
482.431,12.931807518005371,0.4333702325820923,97.625,10.753049850463867,10,0,100,10,1,
482.441,13.013885498046875,0.7157983779907227,97.625,10.753049850463867,10,0,100,10,1,
482.451,13.170370101928711,0.8336628079414368,97.6875,10.753049850463867,10,0,100,10,1,
482.461,13.340740203857422,0.6850873231887817,97.6875,10.25570011138916,10,0,100,10,1,
482.471,13.508891105651855,0.45484375953674316,97.6875,10.25570011138916,10,0,100,10,1,
482.481,13.651874542236328,0.2791554927825928,97.6875,10.25570011138916,10,0,100,10,1,
482.491,13.652042388916016,0.2476194202899933,97.6875,10.25570011138916,10,0,100,10,1,
482.501,13.54626178741455,0.41018247604370117,97.6875,10.25570011138916,10,0,100,10,1,
482.511,13.347618103027344,0.6844374537467957,97.6875,10.25570011138916,10,0,100,10,1,
482.521,13.158757209777832,0.9551106691360474,97.6875,10.25570011138916,10,0,100,10,1,
482.531,13.013630867004395,1.0139374732971191,97.6875,10.25570011138916,10,0,100,10,1,
482.541,12.786568641662598,0.8462327718734741,97.6875,10.25570011138916,10,0,100,10,1,
482.551,12.60300350189209,0.5908706784248352,97.6875,10.25570011138916,10,0,100,10,1,
482.561,12.274825096130371,0.2957257330417633,97.6875,10.25570011138916,10,0,100,10,1,
482.571,11.783066749572754,-0.002652682363986969,97.6875,10.25570011138916,10,0,100,10,1,
482.581,11.199889183044434,-0.2285822629928589,97.625,10.25570011138916,10,0,100,10,1,
482.591,10.518248558044434,-0.37210625410079956,97.625,10.25570011138916,10,0,100,10,1,
482.601,10.000828742980957,-0.4774423837661743,97.625,10.25570011138916,10,0,100,10,1,
482.611,9.655967712402344,-0.4648555517196655,97.5625,10.25570011138916,10,0,100,10,1,
482.621,9.44228458404541,-0.48087674379348755,97.5625,10.25570011138916,10,0,100,10,1,
482.631,9.345566749572754,-0.5451589822769165,97.5,10.25570011138916,10,0,100,10,1,
482.641,9.269647598266602,-0.5462077856063843,97.5,10.25570011138916,10,0,100,10,1,
482.651,9.09325885772705,-0.5089254379272461,97.5,10.25570011138916,10,0,100,10,1,
482.661,8.922188758850098,-0.39516133069992065,97.5,10.25570011138916,10,0,100,10,1,
482.671,8.706496238708496,-0.23610050976276398,97.4375,10.25570011138916,10,0,100,10,1,
482.681,8.323529243469238,-0.07279091328382492,97.375,10.25570011138916,10,0,100,10,1,
482.691,8.066988945007324,0.06205514073371887,97.375,10.25570011138916,10,0,100,10,1,
482.701,7.99951696395874,0.19705191254615784,97.375,10.118499755859375,10,0,100,10,1,
482.711,7.9517645835876465,0.2418365776538849,97.3125,10.118499755859375,10,0,100,10,1,
482.721,7.969427108764648,0.18841803073883057,97.25,10.118499755859375,10,0,100,10,1,
482.731,8.170801162719727,0.14512433111667633,97.25,10.118499755859375,10,0,100,10,1,
482.741,8.305399894714355,0.10115016251802444,97.1875,10.118499755859375,10,0,100,10,1,
482.751,8.315068244934082,-0.004830310121178627,97.125,10.118499755859375,10,0,100,10,1,
482.761,8.37692928314209,0.023126207292079926,97.125,10.735899925231934,10,0,100,10,1,
482.771,8.446735382080078,0.1533900946378708,97.0625,10.735899925231934,10,0,100,10,1,
482.781,8.503647804260254,0.2962194085121155,97,10.735899925231934,10,0,100,10,1,
482.791,8.74615478515625,0.42967626452445984,97,10.735899925231934,10,0,100,10,1,
482.801,9.245235443115234,0.5797443389892578,96.9375,10.735899925231934,10,0,100,10,1,
482.811,9.719039916992188,0.6746808886528015,96.9375,10.735899925231934,10,0,100,10,1,
482.821,10.023855209350586,0.6906028389930725,96.9375,10.735899925231934,10,0,100,10,1,
482.831,10.204534530639648,0.6770128607749939,96.875,10.735899925231934,10,0,100,10,1,
482.841,10.277348518371582,0.6359367966651917,96.875,10.735899925231934,10,0,100,10,1,
482.851,10.307124137878418,0.6760907173156738,96.875,10.735899925231934,10,0,100,10,1,
482.861,10.330415725708008,0.7349215149879456,96.8125,10.735899925231934,10,0,100,10,1,
482.871,10.427499771118164,0.7654369473457336,96.8125,10.735899925231934,10,0,100,10,1,
482.881,10.46938419342041,0.7494586706161499,96.75,10.735899925231934,10,0,100,10,1,
482.891,10.617348670959473,0.7183582782745361,96.75,10.735899925231934,10,0,100,10,1,
482.901,10.862077713012695,0.8220323920249939,96.6875,10.735899925231934,10,0,100,10,1,
482.911,10.906018257141113,0.851039469242096,96.6875,10.735899925231934,10,0,100,10,1,
482.921,10.756170272827148,0.8289482593536377,96.6875,10.735899925231934,10,0,100,10,1,
482.931,10.493355751037598,0.7966481447219849,96.6875,10.735899925231934,10,0,100,10,1,
482.941,10.291672706604004,0.7559152841567993,96.625,10.632999420166016,10,0,100,10,1,
482.951,10.124845504760742,0.6562604308128357,96.625,10.632999420166016,10,0,100,10,1,
482.961,9.998929977416992,0.5447275638580322,96.625,10.632999420166016,10,0,100,10,1,
482.971,9.943775177001953,0.39217692613601685,96.5625,10.632999420166016,10,0,100,10,1,
482.981,9.860908508300781,0.1374243050813675,96.5625,10.632999420166016,10,0,100,10,1,
482.991,9.745685577392578,-0.02951754629611969,96.5,10.632999420166016,10,0,100,10,1,
483.001,9.516098022460938,-0.1962721049785614,96.5,10.221400260925293,10,0,100,10,1,
483.011,9.199831008911133,-0.32876652479171753,96.4375,10.221400260925293,10,0,100,10,1,
483.021,9.031983375549316,-0.2829628884792328,96.4375,10.221400260925293,10,0,100,10,1,
483.031,8.807137489318848,-0.30611008405685425,96.4375,10.221400260925293,10,0,100,10,1,
483.041,8.709060668945312,-0.27937495708465576,96.4375,10.221400260925293,10,0,100,10,1,
483.051,8.80147933959961,-0.13851508498191833,96.4375,10.221400260925293,10,0,100,10,1,
483.061,8.8659086227417,-0.052085645496845245,96.375,10.598699569702148,10,0,100,10,1,
483.071,8.938366889953613,0.021774128079414368,96.375,10.598699569702148,10,0,100,10,1,
483.081,9.028514862060547,0.16189949214458466,96.375,10.598699569702148,10,0,100,10,1,
483.091,9.012642860412598,0.322304368019104,96.375,10.598699569702148,10,0,100,10,1,
483.101,8.99984359741211,0.33917805552482605,96.375,10.598699569702148,10,0,100,10,1,
483.111,8.837695121765137,0.2710363268852234,96.375,10.598699569702148,10,0,100,10,1,
483.121,8.821220397949219,0.3433037996292114,96.375,11.610549926757812,10,0,100,10,1,
483.131,8.885385513305664,0.4048466086387634,96.375,11.610549926757812,10,0,100,10,1,
483.141,9.028120040893555,0.49573978781700134,96.375,11.610549926757812,10,0,100,10,1,
483.151,9.33435344696045,0.7177845239639282,96.375,11.610549926757812,10,0,100,10,1,
483.161,9.727599143981934,1.0218162536621094,96.4375,11.610549926757812,10,0,100,10,1,
483.171,10.117095947265625,1.3728874921798706,96.4375,11.610549926757812,10,0,100,10,1,
483.181,10.46687126159668,1.7106059789657593,96.5,10.25570011138916,10,0,100,10,1,
483.191,10.797914505004883,2.001469850540161,96.5625,10.25570011138916,10,0,100,10,1,
483.201,10.958568572998047,2.2446463108062744,96.5625,10.25570011138916,10,0,100,10,1,
483.21,11.053847312927246,2.3640196323394775,96.625,10.25570011138916,10,0,100,10,1,
483.22,11.124482154846191,2.4050216674804688,96.6875,10.25570011138916,10,0,100,10,1,
483.23,11.227309226989746,2.422661542892456,96.6875,10.25570011138916,10,0,100,10,1,
483.24,11.420829772949219,2.549109935760498,96.75,10.684450149536133,10,0,100,10,1,
483.25,11.517451286315918,2.694239854812622,96.75,10.684450149536133,10,0,100,10,1,
483.26,11.564872741699219,2.8721563816070557,96.8125,10.684450149536133,10,0,100,10,1,
483.27,11.57096004486084,2.9850051403045654,96.875,10.684450149536133,10,0,100,10,1,
483.28,11.462507247924805,3.014742374420166,96.9375,10.684450149536133,10,0,100,10,1,
483.29,11.289098739624023,2.961883544921875,97,10.684450149536133,10,0,100,10,1,
483.3,11.091763496398926,2.821720600128174,97.0625,9.99845027923584,10,0,100,10,1,
483.31,10.779309272766113,2.6559393405914307,97.1875,9.99845027923584,10,0,100,10,1,
483.32,10.492790222167969,2.441159248352051,97.25,9.99845027923584,10,0,100,10,1,
483.33,10.234101295471191,2.236124038696289,97.3125,9.99845027923584,10,0,100,10,1,
483.34,9.90962028503418,2.067991018295288,97.375,9.99845027923584,10,0,100,10,1,
483.35,9.734094619750977,2.028993844985962,97.5,9.99845027923584,10,0,100,10,1,
483.36,9.526185035705566,1.9666564464569092,97.5625,11.38759994506836,10,0,100,10,1,
483.37,9.338333129882812,1.8538991212844849,97.6875,11.38759994506836,10,0,100,10,1,
483.38,9.186495780944824,1.6998800039291382,97.8125,11.38759994506836,10,0,100,10,1,
483.39,9.105140686035156,1.5847177505493164,97.9375,11.38759994506836,10,0,100,10,1,
483.4,9.02394962310791,1.482597827911377,98.0625,11.38759994506836,10,0,100,10,1,
483.41,8.865604400634766,1.390181541442871,98.1875,11.38759994506836,10,0,100,10,1,
483.42,8.745630264282227,1.309553861618042,98.3125,10.530099868774414,10,0,100,10,1,
483.43,8.67061996459961,1.3186479806900024,98.5,10.530099868774414,10,0,100,10,1,
483.44,8.513138771057129,1.3323078155517578,98.625,10.530099868774414,10,0,100,10,1,
483.45,8.435697555541992,1.4276831150054932,98.8125,10.530099868774414,10,0,100,10,1,
483.46,8.397016525268555,1.5241546630859375,98.9375,10.530099868774414,10,0,100,10,1,
483.47,8.450547218322754,1.548438310623169,99.0625,10.530099868774414,10,0,100,10,1,
483.48,8.579388618469238,1.6137785911560059,99.25,10.18709945678711,10,0,100,10,1,
483.49,8.674044609069824,1.6852812767028809,99.375,10.18709945678711,10,0,100,10,1,
483.5,8.830449104309082,1.7701612710952759,99.5,10.18709945678711,10,0,100,10,1,
483.51,8.855430603027344,1.7092472314834595,99.625,10.18709945678711,10,0,100,10,1,
483.52,8.945146560668945,1.6879712343215942,99.75,10.18709945678711,10,0,100,10,1,
483.53,9.066344261169434,1.7255288362503052,99.9375,10.18709945678711,10,0,100,10,1,
483.54,9.181952476501465,1.7639484405517578,100.0625,9.946999549865723,10,0,100,10,1,
483.55,9.342652320861816,1.8091961145401,100.1875,9.946999549865723,10,0,100,10,1,
483.56,9.45345687866211,1.8799078464508057,100.3125,9.946999549865723,10,0,100,10,1,
483.57,9.555070877075195,1.9429731369018555,100.4375,9.946999549865723,10,0,100,10,1,
483.58,9.727410316467285,2.0372469425201416,100.5,9.946999549865723,10,0,100,10,1,
483.59,9.857704162597656,2.1704885959625244,100.625,9.946999549865723,10,0,100,10,1,
483.6,9.955545425415039,2.334123134613037,100.75,2.4524500370025635,10,0,100,10,1,
483.61,10.037530899047852,2.476823568344116,100.875,2.4524500370025635,10,0,100,10,1,
483.62,10.086694717407227,2.5913634300231934,100.9375,2.4524500370025635,10,0,100,10,1,
483.63,10.163541793823242,2.6853997707366943,101,2.4524500370025635,10,0,100,10,1,
483.64,10.379962921142578,2.9025919437408447,101.125,2.4524500370025635,10,0,100,10,1,
483.65,10.684237480163574,3.2157161235809326,101.1875,2.4524500370025635,10,0,100,10,1,
483.66,10.874155044555664,3.4819605350494385,101.3125,6.791399955749512,10,0,100,10,1,
483.67,10.99155330657959,3.609537363052368,101.375,6.791399955749512,10,0,100,10,1,
483.68,11.027192115783691,3.6663265228271484,101.4375,6.791399955749512,10,0,100,10,1,
483.69,11.021262168884277,3.693746566772461,101.5,6.791399955749512,10,0,100,10,1,
483.7,11.056304931640625,3.6986727714538574,101.5,6.791399955749512,10,0,100,10,1,
483.71,11.089714050292969,3.672325611114502,101.5,6.791399955749512,10,0,100,10,1,
483.72,11.027584075927734,3.5036118030548096,101.5,8.009049415588379,10,0,100,10,1,
483.73,10.722846031188965,3.257737874984741,101.5,8.009049415588379,10,0,100,10,1,
483.74,10.264174461364746,2.9487550258636475,101.4375,8.009049415588379,10,0,100,10,1,
483.75,9.484442710876465,2.547468900680542,101.4375,8.009049415588379,10,0,100,10,1,
483.76,8.72842788696289,2.2560412883758545,101.4375,8.009049415588379,10,0,100,10,1,
483.77,8.029537200927734,2.1107370853424072,101.375,8.009049415588379,10,0,100,10,1,
483.78,7.395097255706787,2.0134360790252686,101.375,8.009049415588379,10,0,100,10,1,
483.79,6.861980438232422,1.9238648414611816,101.3125,8.009049415588379,10,0,100,10,1,
483.8,6.400386810302734,1.8714104890823364,101.3125,8.009049415588379,10,0,100,10,1,
483.81,5.854897499084473,1.737067699432373,101.3125,8.009049415588379,10,0,100,10,1,
483.82,5.554999828338623,1.7769304513931274,101.1875,8.009049415588379,10,0,100,10,1,
483.83,5.182912826538086,1.8221405744552612,101.125,8.009049415588379,10,0,100,10,1,
483.84,4.943331718444824,1.908955693244934,101,8.009049415588379,10,0,100,10,1,
483.85,4.661137104034424,1.9627459049224854,101,8.009049415588379,10,0,100,10,1,
483.86,4.338859558105469,2.033642053604126,100.9375,8.009049415588379,10,0,100,10,1,
483.87,4.071900844573975,2.0355143547058105,100.75,8.009049415588379,10,0,100,10,1,
483.88,3.7344741821289062,1.9862693548202515,100.625,8.009049415588379,10,0,100,10,1,
483.89,3.402114152908325,1.876767873764038,100.4375,8.009049415588379,10,0,100,10,1,
483.9,3.1218132972717285,1.804085373878479,100.4375,8.009049415588379,10,0,100,10,1,
483.91,2.8315017223358154,1.5933492183685303,100.3125,8.009049415588379,10,0,100,10,1,
483.92,2.744976758956909,1.4194899797439575,100,8.009049415588379,10,0,100,10,1,
483.93,2.7058064937591553,1.2451138496398926,99.8125,8.009049415588379,10,0,100,10,1,
483.94,2.714993715286255,1.0910967588424683,99.6875,8.009049415588379,10,0,100,10,1,
483.95,2.814993381500244,0.9780590534210205,99.6875,8.009049415588379,10,0,100,10,1,
483.96,2.8838512897491455,0.9248188138008118,99.5,11.18179988861084,10,0,100,10,1,
483.97,3.1076247692108154,0.9464972615242004,99.1875,11.18179988861084,10,0,100,10,1,
483.98,3.4642577171325684,0.9376419186592102,99.0625,11.18179988861084,10,0,100,10,1,
483.99,4.012310981750488,1.0255032777786255,98.875,11.18179988861084,10,0,100,10,1,
484,4.779222011566162,1.0471742153167725,98.875,11.18179988861084,10,0,100,10,1,
484.01,5.679493427276611,1.0580164194107056,98.75,11.18179988861084,10,0,100,10,1,
484.02,6.464208126068115,0.9850932955741882,98.5625,10.97599983215332,10,0,100,10,1,
484.03,7.104454040527344,0.9613626003265381,98.5,10.97599983215332,10,0,100,10,1,
484.04,7.595533847808838,1.0707340240478516,98.4375,10.97599983215332,10,0,100,10,1,
484.05,8.10606861114502,1.1940932273864746,98.4375,10.97599983215332,10,0,100,10,1,
484.06,8.508007049560547,1.2132915258407593,98.3125,10.97599983215332,10,0,100,10,1,
484.07,8.897393226623535,1.210386037826538,98.1875,10.97599983215332,10,0,100,10,1,
484.08,9.359777450561523,1.0613359212875366,98.125,10.97599983215332,10,0,100,10,1,
484.09,9.850912094116211,0.8309032917022705,98,10.97599983215332,10,0,100,10,1,
484.1,10.2958984375,0.6058145761489868,98,10.97599983215332,10,0,100,10,1,
484.11,10.476556777954102,0.39642322063446045,97.9375,10.97599983215332,10,0,100,10,1,
484.12,10.413037300109863,0.26234006881713867,97.8125,10.97599983215332,10,0,100,10,1,
484.13,10.294020652770996,0.13712279498577118,97.75,10.97599983215332,10,0,100,10,1,
484.14,10.167154312133789,-0.057566385716199875,97.6875,10.97599983215332,10,0,100,10,1,
484.15,10.196914672851562,-0.13700759410858154,97.6875,10.97599983215332,10,0,100,10,1,
484.16,10.2783842086792,-0.30271533131599426,97.625,10.97599983215332,10,0,100,10,1,
484.17,10.39075756072998,-0.5589683651924133,97.5625,10.97599983215332,10,0,100,10,1,
484.18,10.389275550842285,-0.8004761934280396,97.5,10.97599983215332,10,0,100,10,1,
484.19,10.305800437927246,-0.9784791469573975,97.4375,10.97599983215332,10,0,100,10,1,
484.2,10.185214042663574,-1.037420392036438,97.4375,10.97599983215332,10,0,100,10,1,
484.21,9.929465293884277,-1.0284827947616577,97.4375,10.97599983215332,10,0,100,10,1,
484.22,9.623899459838867,-1.0445408821105957,97.375,10.97599983215332,10,0,100,10,1,
484.23,9.418784141540527,-1.0326390266418457,97.3125,10.97599983215332,10,0,100,10,1,
484.24,9.3075590133667,-1.0494530200958252,97.3125,10.97599983215332,10,0,100,10,1,
484.25,9.213233947753906,-1.1124099493026733,97.3125,10.97599983215332,10,0,100,10,1,
484.26,9.14685344696045,-1.1404600143432617,97.3125,10.787349700927734,10,0,100,10,1,
484.27,9.117659568786621,-1.0371196269989014,97.25,10.787349700927734,10,0,100,10,1,
484.28,9.045822143554688,-0.9726865291595459,97.25,10.787349700927734,10,0,100,10,1,
484.29,8.78713607788086,-0.885200560092926,97.25,10.787349700927734,10,0,100,10,1,
484.3,8.614218711853027,-0.757224977016449,97.25,10.787349700927734,10,0,100,10,1,
484.31,8.622307777404785,-0.5934996008872986,97.25,10.787349700927734,10,0,100,10,1,
484.32,8.639741897583008,-0.49068716168403625,97.25,10.701600074768066,10,0,100,10,1,
484.33,8.695615768432617,-0.4125087857246399,97.25,10.701600074768066,10,0,100,10,1,
484.34,8.915186882019043,-0.3073505163192749,97.25,10.701600074768066,10,0,100,10,1,
484.35,9.22632884979248,-0.16950537264347076,97.25,10.701600074768066,10,0,100,10,1,
484.36,9.414709091186523,-0.015441223978996277,97.25,10.701600074768066,10,0,100,10,1,
484.37,9.613568305969238,0.14301186800003052,97.25,10.701600074768066,10,0,100,10,1,
484.38,9.772427558898926,0.2967357635498047,97.25,10.701600074768066,10,0,100,10,1,
484.39,10.021821975708008,0.5092930793762207,97.3125,10.701600074768066,10,0,100,10,1,
484.4,10.313750267028809,0.6634464263916016,97.3125,10.701600074768066,10,0,100,10,1,
484.41,10.582930564880371,0.7181833386421204,97.3125,10.701600074768066,10,0,100,10,1,
484.42,10.771557807922363,0.6194093823432922,97.375,10.701600074768066,10,0,100,10,1,
484.43,11.030350685119629,0.5765518546104431,97.375,10.701600074768066,10,0,100,10,1,
484.44,11.172974586486816,0.549194872379303,97.375,10.701600074768066,10,0,100,10,1,
484.45,11.33680534362793,0.578992486000061,97.375,10.701600074768066,10,0,100,10,1,
484.46,11.446066856384277,0.6227527856826782,97.4375,10.701600074768066,10,0,100,10,1,
484.47,11.497332572937012,0.6240994930267334,97.5,10.701600074768066,10,0,100,10,1,
484.48,11.727763175964355,0.6775979399681091,97.5,10.701600074768066,10,0,100,10,1,
484.49,11.986411094665527,0.6549844145774841,97.5625,10.701600074768066,10,0,100,10,1,
484.5,12.21760368347168,0.5898942947387695,97.5625,10.701600074768066,10,0,100,10,1,
484.51,12.343440055847168,0.47823095321655273,97.5625,10.701600074768066,10,0,100,10,1,
484.52,12.324542045593262,0.32718801498413086,97.625,10.701600074768066,10,0,100,10,1,
484.53,12.336814880371094,0.26377689838409424,97.625,10.701600074768066,10,0,100,10,1,
484.54,12.332146644592285,0.23217865824699402,97.6875,10.701600074768066,10,0,100,10,1,
484.55,12.242837905883789,0.18879172205924988,97.6875,10.701600074768066,10,0,100,10,1,
484.56,12.190201759338379,0.09901832789182663,97.6875,11.113200187683105,10,0,100,10,1,
484.57,12.12446117401123,-0.05336564779281616,97.75,11.113200187683105,10,0,100,10,1,
484.58,12.10926342010498,-0.24031870067119598,97.75,11.113200187683105,10,0,100,10,1,
484.59,12.09782600402832,-0.347554087638855,97.8125,11.113200187683105,10,0,100,10,1,
484.6,11.95823860168457,-0.4344714283943176,97.8125,11.113200187683105,10,0,100,10,1,
484.61,11.777508735656738,-0.43613243103027344,97.8125,11.113200187683105,10,0,100,10,1,
484.62,11.37081527709961,-0.5698869824409485,97.9375,10.392899513244629,10,0,100,10,1,
484.63,11.123238563537598,-0.6032150983810425,97.9375,10.392899513244629,10,0,100,10,1,
484.64,10.89045238494873,-0.6875581741333008,98,10.392899513244629,10,0,100,10,1,
484.65,10.784802436828613,-0.7223169803619385,98,10.392899513244629,10,0,100,10,1,
484.66,10.634490013122559,-0.7654017210006714,98,10.392899513244629,10,0,100,10,1,
484.67,10.608266830444336,-0.7487512826919556,98.0625,10.392899513244629,10,0,100,10,1,
484.68,10.552984237670898,-0.7271319627761841,98.0625,10.392899513244629,10,0,100,10,1,
484.69,10.44614028930664,-0.7383557558059692,98.0625,10.392899513244629,10,0,100,10,1,
484.7,10.319656372070312,-0.7346106767654419,98.0625,10.392899513244629,10,0,100,10,1,
484.71,10.355292320251465,-0.7161845564842224,98.0625,10.392899513244629,10,0,100,10,1,
484.72,10.448197364807129,-0.6946777701377869,98.0625,10.392899513244629,10,0,100,10,1,
484.73,10.488917350769043,-0.689336359500885,98.0625,10.392899513244629,10,0,100,10,1,
484.74,10.533712387084961,-0.705141544342041,98.0625,10.392899513244629,10,0,100,10,1,
484.75,10.653940200805664,-0.6862366199493408,98,10.392899513244629,10,0,100,10,1,
484.76,10.759099006652832,-0.6360889673233032,98,10.392899513244629,10,0,100,10,1,
484.77,10.700492858886719,-0.6402910351753235,97.9375,10.392899513244629,10,0,100,10,1,
484.78,10.734062194824219,-0.5703951716423035,97.875,10.392899513244629,-10,0,100,10,1,
484.79,10.631559371948242,-0.6026647686958313,97.875,10.392899513244629,-10,0,100,10,1,
484.8,10.657294273376465,-0.5905091166496277,97.875,10.392899513244629,-10,0,100,10,1,
484.81,10.613593101501465,-0.613767683506012,97.8125,10.392899513244629,-10,0,100,10,1,
484.82,10.612300872802734,-0.648101806640625,97.8125,10.392899513244629,-10,0,100,10,1,
484.83,10.53056812286377,-0.7012580633163452,97.75,10.392899513244629,-10,0,100,10,1,
484.84,10.400890350341797,-0.7707019448280334,97.75,10.392899513244629,-10,0,100,10,1,
484.85,10.284557342529297,-0.7816300392150879,97.6875,10.392899513244629,-10,0,100,10,1,
484.86,10.123815536499023,-0.7953031659126282,97.625,10.838799476623535,-10,0,100,10,1,
484.87,10.04494571685791,-0.7918701767921448,97.625,10.838799476623535,-10,0,100,10,1,
484.88,9.957185745239258,-0.7859587669372559,97.5625,10.838799476623535,-10,0,100,10,1,
484.89,9.772540092468262,-0.7480560541152954,97.5,10.838799476623535,-10,0,100,10,1,
484.9,9.386430740356445,-0.6772804856300354,97.5,10.838799476623535,-10,0,100,10,1,
484.91,8.835763931274414,-0.5843814611434937,97.4375,10.838799476623535,-10,0,100,10,1,
484.92,8.114811897277832,-0.4352380633354187,97.375,10.821649551391602,-10,0,100,10,1,
484.93,7.2207441329956055,-0.2984426021575928,97.375,10.821649551391602,-10,0,100,10,1,
484.94,6.237876892089844,-0.16555547714233398,97.3125,10.821649551391602,-10,0,100,10,1,
484.95,5.107641220092773,-0.08222275227308273,97.25,10.821649551391602,-10,0,100,10,1,
484.96,3.9118547439575195,-0.01272672414779663,97.1875,10.821649551391602,-10,0,100,10,1,
484.97,2.555856466293335,-0.0011257454752922058,97.1875,10.821649551391602,-10,0,100,10,1,
484.98,1.1502161026000977,0.0040344372391700745,97.125,11.301849365234375,-10,0,100,10,1,
484.99,-0.29190850257873535,0.08379305899143219,97.125,11.301849365234375,-10,0,100,10,1,
485,-1.6945894956588745,0.17536941170692444,97.0625,11.301849365234375,-10,0,100,10,1,
485.01,-3.1719565391540527,0.3567273020744324,97,11.301849365234375,-10,0,100,10,1,
485.02,-4.669975757598877,0.6159295439720154,97,11.301849365234375,-10,0,100,10,1,
485.03,-6.380593299865723,1.004259467124939,96.9375,11.301849365234375,-10,0,100,10,1,
485.04,-8.443207740783691,1.4185515642166138,96.9375,10.907400131225586,-10,0,100,10,1,
485.05,-10.97298526763916,1.7061587572097778,96.875,10.907400131225586,-10,0,100,10,1,
485.06,-13.46058464050293,1.8705915212631226,96.875,10.907400131225586,-10,0,100,10,1,
485.07,-15.600522994995117,1.8871126174926758,96.8125,10.907400131225586,-10,0,100,10,1,
485.08,-17.635150909423828,1.6513793468475342,96.8125,10.907400131225586,-10,0,100,10,1,
485.09,-19.398664474487305,1.53441321849823,96.8125,10.907400131225586,-10,0,100,10,1,
485.1,-20.99247932434082,1.587336540222168,96.75,10.907400131225586,-10,0,100,10,1,
485.11,-22.462791442871094,1.7015923261642456,96.75,10.907400131225586,-10,0,100,10,1,
485.12,-24.113500595092773,1.8787620067596436,96.625,10.907400131225586,-10,0,100,10,1,
485.13,-25.764659881591797,2.1545908451080322,96.5625,10.907400131225586,-10,0,100,10,1,
485.14,-27.350563049316406,2.3605544567108154,96.4375,10.907400131225586,-10,0,100,10,1,
485.15,-28.685382843017578,2.443471908569336,96.3125,10.907400131225586,-10,0,100,10,1,
485.16,-29.81775665283203,2.471270799636841,96.1875,10.92455005645752,-10,0,100,10,1,
485.17,-30.45148277282715,2.4375345706939697,96.125,10.92455005645752,-10,0,100,10,1,
485.18,-30.605905532836914,2.4527134895324707,96,10.92455005645752,-10,0,100,10,1,
485.19,-30.716171264648438,2.623530387878418,95.9375,10.92455005645752,-10,0,100,10,1,
485.2,-30.65304183959961,3.0379576683044434,95.875,10.92455005645752,-10,0,100,10,1,
485.21,-30.47397232055664,3.4959142208099365,95.8125,10.92455005645752,-10,0,100,10,1,
485.22,-30.172658920288086,3.7830450534820557,95.75,10.821649551391602,-10,0,100,10,1,
485.23,-29.75072479248047,3.9359230995178223,95.6875,10.821649551391602,-10,0,100,10,1,
485.24,-29.146780014038086,3.9547641277313232,95.6875,10.821649551391602,-10,0,100,10,1,
485.25,-28.376630783081055,3.726133346557617,95.625,10.821649551391602,-10,0,100,10,1,
485.26,-27.500896453857422,3.3994407653808594,95.625,10.821649551391602,-10,0,100,10,1,
485.27,-26.638383865356445,3.128603219985962,95.625,10.821649551391602,-10,0,100,10,1,
485.28,-25.988815307617188,3.020963191986084,95.6875,10.941699981689453,-10,0,100,10,1,
485.29,-25.624746322631836,3.0092759132385254,95.75,10.941699981689453,-10,0,100,10,1,
485.3,-25.138975143432617,3.0500361919403076,95.75,10.941699981689453,-10,0,100,10,1,
485.31,-24.829185485839844,3.1268820762634277,95.8125,10.941699981689453,-10,0,100,10,1,
485.32,-24.67578887939453,3.0073094367980957,95.875,10.941699981689453,-10,0,100,10,1,
485.33,-24.38892936706543,2.7722508907318115,95.9375,10.941699981689453,-10,0,100,10,1,
485.34,-24.280561447143555,2.4559361934661865,96,10.427200317382812,-10,0,100,10,1,
485.35,-24.464868545532227,2.0771734714508057,96.0625,10.427200317382812,-10,0,100,10,1,
485.36,-25.016355514526367,1.9979047775268555,96.1875,10.427200317382812,-10,0,100,10,1,
485.37,-25.596416473388672,2.034646987915039,96.3125,10.427200317382812,-10,0,100,10,1,
485.38,-26.076404571533203,2.091299295425415,96.4375,10.427200317382812,-10,0,100,10,1,
485.39,-26.488719940185547,2.210393190383911,96.5,10.427200317382812,-10,0,100,10,1,
485.4,-26.8232479095459,2.31154727935791,96.625,10.941699981689453,-10,0,100,10,1,
485.41,-27.263715744018555,2.2222161293029785,96.75,10.941699981689453,-10,0,100,10,1,
485.42,-27.779312133789062,2.112623691558838,96.8125,10.941699981689453,-10,0,100,10,1,
485.43,-28.453182220458984,1.8815029859542847,96.9375,10.941699981689453,-10,0,100,10,1,
485.44,-28.75441551208496,1.809966802597046,97.0625,10.941699981689453,-10,0,100,10,1,
485.45,-29.20136260986328,1.795938491821289,97.125,10.941699981689453,-10,0,100,10,1,
485.46,-29.70741081237793,1.9328923225402832,97.125,10.821649551391602,-10,0,100,10,1,
485.47,-30.138822555541992,2.0273842811584473,97.0625,10.821649551391602,-10,0,100,10,1,
485.48,-30.138120651245117,2.0977258682250977,97,10.821649551391602,-10,0,100,10,1,
485.49,-29.813108444213867,2.119755983352661,97,10.821649551391602,-10,0,100,10,1,
485.5,-29.225881576538086,2.1328485012054443,96.9375,10.821649551391602,-10,0,100,10,1,
485.51,-28.16633415222168,2.0870869159698486,96.9375,10.821649551391602,-10,0,100,10,1,
485.52,-27.07783317565918,2.148019790649414,96.9375,10.495800018310547,-10,0,100,10,1,
485.53,-26.19456672668457,2.2939515113830566,96.9375,10.495800018310547,-10,0,100,10,1,
485.54,-25.576702117919922,2.505826234817505,96.9375,10.495800018310547,-10,0,100,10,1,
485.55,-25.18779754638672,2.6711294651031494,96.9375,10.495800018310547,-10,0,100,10,1,
485.56,-24.75713348388672,2.741927146911621,97,10.495800018310547,-10,0,100,10,1,
485.57,-24.491741180419922,2.76027512550354,97,10.495800018310547,-10,0,100,10,1,
485.58,-24.274099349975586,2.55962872505188,97.0625,10.855949401855469,-10,0,100,10,1,
485.59,-23.846935272216797,2.2513089179992676,97.125,10.855949401855469,-10,0,100,10,1,
485.6,-23.29904556274414,2.01055908203125,97.25,10.855949401855469,-10,0,100,10,1,
485.61,-22.94563102722168,1.8707380294799805,97.3125,10.855949401855469,-10,0,100,10,1,
485.62,-22.9591007232666,1.8473855257034302,97.4375,10.855949401855469,-10,0,100,10,1,
485.63,-23.101299285888672,1.9484453201293945,97.5625,10.855949401855469,-10,0,100,10,1,
485.64,-23.759868621826172,2.0199694633483887,97.625,6.8942999839782715,-10,0,100,10,1,
485.65,-24.189056396484375,1.9392420053482056,97.75,6.8942999839782715,-10,0,100,10,1,
485.66,-24.44696617126465,1.7297700643539429,97.8125,6.8942999839782715,-10,0,100,10,1,
485.67,-24.488815307617188,1.4613173007965088,97.9375,6.8942999839782715,-10,0,100,10,1,
485.68,-24.551069259643555,1.2209142446517944,98.0625,6.8942999839782715,-10,0,100,10,1,
485.69,-24.84565544128418,1.1070441007614136,98.1875,6.8942999839782715,-10,0,100,10,1,
485.7,-25.346702575683594,1.1310895681381226,98.3125,4.544749736785889,-10,0,100,10,1,
485.71,-25.957420349121094,1.170372486114502,98.4375,4.544749736785889,-10,0,100,10,1,
485.72,-26.46733283996582,1.3339800834655762,98.5625,4.544749736785889,-10,0,100,10,1,
485.73,-26.91437339782715,1.3098399639129639,98.625,4.544749736785889,-10,0,100,10,1,
485.74,-27.228342056274414,1.341821551322937,98.625,4.544749736785889,-10,0,100,10,1,
485.75,-27.573266983032227,1.3535743951797485,98.6875,4.544749736785889,-10,0,100,10,1,
485.76,-27.96843147277832,1.3829904794692993,98.6875,4.544749736785889,-10,0,100,10,1,
485.77,-28.391199111938477,1.5626952648162842,98.6875,4.544749736785889,-10,0,100,10,1,
485.78,-28.63282585144043,1.8875912427902222,98.75,4.544749736785889,-10,0,100,10,1,
485.79,-28.838245391845703,2.2258989810943604,98.8125,4.544749736785889,-10,0,100,10,1,
485.8,-28.991647720336914,2.5683765411376953,98.75,4.544749736785889,-10,0,100,10,1,
485.81,-29.090370178222656,2.9315526485443115,98.75,4.544749736785889,-10,0,100,10,1,
485.82,-28.964563369750977,3.259127616882324,98.75,6.448400020599365,-10,0,100,10,1,
485.83,-28.716096878051758,3.3537259101867676,98.75,6.448400020599365,-10,0,100,10,1,
485.84,-28.364748001098633,3.3255841732025146,98.75,6.448400020599365,-10,0,100,10,1,
485.85,-27.964061737060547,3.4308524131774902,98.75,6.448400020599365,-10,0,100,10,1,
485.86,-27.660903930664062,3.617964506149292,98.75,6.448400020599365,-10,0,100,10,1,
485.87,-27.475799560546875,3.7019429206848145,98.75,6.448400020599365,-10,0,100,10,1,
485.88,-27.139984130859375,3.8122918605804443,98.8125,6.396949768066406,-10,0,100,10,1,
485.89,-26.64717674255371,3.772783041000366,98.875,6.396949768066406,-10,0,100,10,1,
485.9,-26.063838958740234,3.4925642013549805,98.9375,6.396949768066406,-10,0,100,10,1,
485.91,-25.448394775390625,2.9951560497283936,98.9375,6.396949768066406,-10,0,100,10,1,
485.92,-24.864639282226562,2.2714734077453613,99,6.396949768066406,-10,0,100,10,1,
485.93,-24.367963790893555,1.4524506330490112,99.1875,6.396949768066406,-10,0,100,10,1,
485.94,-23.92302894592285,0.8097410202026367,99.25,6.396949768066406,-10,0,100,10,1,
485.95,-23.548860549926758,0.3068692088127136,99.375,6.396949768066406,-10,0,100,10,1,
485.96,-23.18895721435547,-0.15921339392662048,99.375,6.396949768066406,-10,0,100,10,1,
485.97,-22.7706241607666,-0.6457610726356506,99.4375,6.396949768066406,-10,0,100,10,1,
485.98,-22.273130416870117,-1.1394479274749756,99.5,6.396949768066406,-10,0,100,10,1,
485.99,-21.74688720703125,-1.7293871641159058,99.5,6.396949768066406,-10,0,100,10,1,
486,-21.355073928833008,-2.4081778526306152,99.5625,6.396949768066406,-10,0,100,10,1,
486.01,-20.995262145996094,-2.9878389835357666,99.5625,6.396949768066406,-10,0,100,10,1,
486.02,-20.836997985839844,-3.441148281097412,99.5625,6.396949768066406,-10,0,100,10,1,
486.03,-20.899011611938477,-3.637799024581909,99.5,6.396949768066406,-10,0,100,10,1,
486.04,-21.022781372070312,-3.726555109024048,99.4375,6.396949768066406,-10,0,100,10,1,
486.05,-21.079679489135742,-3.804941415786743,99.3125,6.396949768066406,-10,0,100,10,1,
486.06,-21.058170318603516,-3.946169853210449,99.3125,6.396949768066406,-10,0,100,10,1,
486.07,-21.043766021728516,-4.148005962371826,99.25,6.396949768066406,-10,0,100,10,1,
486.08,-21.19219398498535,-4.347373962402344,99,6.396949768066406,-10,0,100,10,1,
486.09,-21.45402717590332,-4.4323930740356445,98.875,6.396949768066406,-10,0,100,10,1,
486.1,-21.690692901611328,-4.353073596954346,98.75,6.396949768066406,-10,0,100,10,1,
486.11,-22.036521911621094,-4.194944381713867,98.75,6.396949768066406,-10,0,100,10,1,
486.12,-22.28348159790039,-3.9726905822753906,98.625,11.336150169372559,-10,0,100,10,1,
486.13,-22.37582778930664,-3.6336257457733154,98.25,11.336150169372559,-10,0,100,10,1,
486.14,-22.461702346801758,-3.4236929416656494,98.0625,11.336150169372559,-10,0,100,10,1,
486.15,-22.48845100402832,-3.2567477226257324,97.9375,11.336150169372559,-10,0,100,10,1,
486.16,-22.690929412841797,-3.10376238822937,97.9375,11.336150169372559,-10,0,100,10,1,
486.17,-22.941978454589844,-2.997213840484619,97.8125,11.336150169372559,-10,0,100,10,1,
486.18,-23.218036651611328,-2.7694833278656006,97.625,10.530099868774414,-10,0,100,10,1,
486.19,-23.36216926574707,-2.380892753601074,97.5625,10.530099868774414,-10,0,100,10,1,
486.2,-23.443828582763672,-1.9172474145889282,97.4375,10.530099868774414,-10,0,100,10,1,
486.21,-23.449796676635742,-1.55671226978302,97.4375,10.530099868774414,-10,0,100,10,1,
486.22,-23.217174530029297,-1.1611894369125366,97.3125,10.530099868774414,-10,0,100,10,1,
486.23,-23.18292999267578,-0.7910454869270325,97,10.530099868774414,-10,0,100,10,1,
486.24,-23.337968826293945,-0.4860471487045288,96.9375,10.530099868774414,-10,0,100,10,1,
486.25,-23.621145248413086,-0.11961601674556732,96.8125,10.530099868774414,-10,0,100,10,1,
486.26,-23.88646697998047,0.21811442077159882,96.8125,10.530099868774414,-10,0,100,10,1,
486.27,-24.122060775756836,0.41043925285339355,96.75,10.530099868774414,-10,0,100,10,1,
486.28,-24.118310928344727,0.6741305589675903,96.625,10.530099868774414,-10,0,100,10,1,
486.29,-23.810829162597656,0.9263538122177124,96.5625,10.530099868774414,-10,0,100,10,1,
486.3,-23.37258529663086,1.098353624343872,96.5,10.530099868774414,-10,0,100,10,1,
486.31,-23.185754776000977,1.2078050374984741,96.5,10.530099868774414,-10,0,100,10,1,
486.32,-23.173059463500977,1.3145980834960938,96.5,10.530099868774414,-10,0,100,10,1,
486.33,-23.299570083618164,1.3885964155197144,96.4375,10.530099868774414,-10,0,100,10,1,
486.34,-23.380359649658203,1.4914851188659668,96.4375,10.530099868774414,-10,0,100,10,1,
486.35,-23.31529998779297,1.5806689262390137,96.4375,10.530099868774414,-10,0,100,10,1,
486.36,-23.03546714782715,1.5972466468811035,96.4375,10.530099868774414,-10,0,100,10,1,
486.37,-22.55913734436035,1.6400824785232544,96.4375,10.530099868774414,-10,0,100,10,1,
486.38,-22.189048767089844,1.3831920623779297,96.4375,10.530099868774414,-10,0,100,10,1,
486.39,-21.734575271606445,1.2002193927764893,96.4375,10.530099868774414,-10,0,100,10,1,
486.4,-21.454137802124023,1.0639747381210327,96.5,10.530099868774414,-10,0,100,10,1,
486.41,-21.237348556518555,0.9775211215019226,96.5,10.530099868774414,-10,0,100,10,1,
486.42,-21.145784378051758,0.8522768616676331,96.5,10.907400131225586,-10,0,100,10,1,
486.43,-21.092998504638672,0.5241551399230957,96.5,10.907400131225586,-10,0,100,10,1,
486.44,-20.842609405517578,0.2282262146472931,96.5,10.907400131225586,-10,0,100,10,1,
486.45,-20.418487548828125,-0.11121372133493423,96.5,10.907400131225586,-10,0,100,10,1,
486.46,-19.93381118774414,-0.3437124192714691,96.5,10.907400131225586,-10,0,100,10,1,
486.47,-19.545246124267578,-0.6052383780479431,96.5625,10.907400131225586,-10,0,100,10,1,
486.48,-19.241716384887695,-0.7177028059959412,96.5625,11.044599533081055,-10,0,100,10,1,
486.49,-19.081119537353516,-0.8150198459625244,96.5625,11.044599533081055,-10,0,100,10,1,
486.5,-19.03373146057129,-1.0943070650100708,96.5625,11.044599533081055,-10,0,100,10,1,
486.51,-18.89012908935547,-1.3274799585342407,96.5625,11.044599533081055,-10,0,100,10,1,
486.52,-18.587730407714844,-1.6138757467269897,96.5625,11.044599533081055,-10,0,100,10,1,
486.53,-18.065401077270508,-1.836251974105835,96.5625,11.044599533081055,-10,0,100,10,1,
486.54,-17.627782821655273,-2.10848331451416,96.5625,11.044599533081055,-10,0,100,10,1,
486.55,-17.204721450805664,-2.235813856124878,96.5625,11.044599533081055,-10,0,100,10,1,
486.56,-16.854692459106445,-2.2483301162719727,96.5625,11.044599533081055,-10,0,100,10,1,
486.57,-16.408540725708008,-2.2071454524993896,96.5625,11.044599533081055,-10,0,100,10,1,
486.58,-16.088043212890625,-2.2317299842834473,96.5,11.044599533081055,-10,0,100,10,1,
486.59,-15.677902221679688,-2.2868263721466064,96.5,11.044599533081055,-10,0,100,10,1,
486.6,-15.211121559143066,-2.3403127193450928,96.5,11.044599533081055,-10,0,100,10,1,
486.61,-14.803183555603027,-2.4475350379943848,96.5,11.044599533081055,-10,0,100,10,1,
486.62,-14.386272430419922,-2.5921647548675537,96.5,11.044599533081055,-10,0,100,10,1,
486.63,-13.88772964477539,-2.663975715637207,96.5,11.044599533081055,-10,0,100,10,1,
486.64,-13.38951587677002,-2.6327109336853027,96.5,11.044599533081055,-10,0,100,10,1,
486.65,-12.992732048034668,-2.4732933044433594,96.5,11.044599533081055,-10,0,100,10,1,
486.66,-12.593734741210938,-2.318033218383789,96.5,11.044599533081055,-10,0,100,10,1,
486.67,-12.085225105285645,-2.227330446243286,96.4375,11.044599533081055,-10,0,100,10,1,
486.68,-11.543858528137207,-2.1650543212890625,96.4375,11.044599533081055,-10,0,100,10,1,
486.69,-10.918428421020508,-2.2150161266326904,96.4375,11.044599533081055,-10,0,100,10,1,
486.7,-10.446725845336914,-2.2989962100982666,96.375,11.044599533081055,-10,0,100,10,1,
486.71,-10.085833549499512,-2.289031982421875,96.375,11.044599533081055,-10,0,100,10,1,
486.72,-9.936076164245605,-2.2783563137054443,96.375,11.010299682617188,-10,0,100,10,1,
486.73,-9.74935531616211,-2.1965715885162354,96.3125,11.010299682617188,-10,0,100,10,1,
486.74,-9.395710945129395,-2.0580251216888428,96.3125,11.010299682617188,-10,0,100,10,1,
486.75,-9.196646690368652,-1.9226200580596924,96.25,11.010299682617188,-10,0,100,10,1,
486.76,-8.884321212768555,-1.7800633907318115,96.25,11.010299682617188,-10,0,100,10,1,
486.77,-8.543828964233398,-1.6751062870025635,96.25,11.010299682617188,-10,0,100,10,1,
486.78,-8.260883331298828,-1.6586579084396362,96.25,10.873100280761719,-10,0,100,10,1,
486.79,-8.174300193786621,-1.6525096893310547,96.1875,10.873100280761719,-10,0,100,10,1,
486.8,-8.213587760925293,-1.5559531450271606,96.125,10.873100280761719,-10,0,100,10,1,
486.81,-8.270120620727539,-1.5099154710769653,96.125,10.873100280761719,-10,0,100,10,1,
486.82,-8.46803092956543,-1.4347838163375854,96.125,10.873100280761719,-10,0,100,10,1,
486.83,-8.558070182800293,-1.3320292234420776,96.0625,10.873100280761719,-10,0,100,10,1,
486.84,-8.53996467590332,-1.2324187755584717,96.0625,10.873100280761719,-10,0,100,10,1,
486.85,-8.527534484863281,-1.2396355867385864,96,10.873100280761719,-10,0,100,10,1,
486.86,-8.475400924682617,-1.3652153015136719,96,10.873100280761719,-10,0,100,10,1,
486.87,-8.285882949829102,-1.5141303539276123,96,10.873100280761719,-10,0,100,10,1,
486.88,-8.227904319763184,-1.675688624382019,95.9375,10.873100280761719,-10,0,100,10,1,
486.89,-8.366109848022461,-1.914193034172058,95.9375,10.873100280761719,-10,0,100,10,1,
486.9,-8.659501075744629,-2.078615665435791,95.9375,10.873100280761719,-10,0,100,10,1,
486.91,-8.87731647491455,-2.3555526733398438,95.875,10.873100280761719,-10,0,100,10,1,
486.92,-9.169647216796875,-2.641211986541748,95.875,10.873100280761719,-10,0,100,10,1,
486.93,-9.4342622756958,-2.9319393634796143,95.8125,10.873100280761719,-10,0,100,10,1,
486.94,-9.61226749420166,-3.1793830394744873,95.8125,10.873100280761719,-10,0,100,10,1,
486.95,-9.795432090759277,-3.3593950271606445,95.8125,10.873100280761719,-10,0,100,10,1,
486.96,-9.881853103637695,-3.5127742290496826,95.75,10.873100280761719,-10,0,100,10,1,
486.97,-10.034276962280273,-3.6547141075134277,95.75,10.873100280761719,-10,0,100,10,1,
486.98,-10.390779495239258,-3.791085720062256,95.75,10.873100280761719,-10,0,100,10,1,
486.99,-10.714929580688477,-3.9609837532043457,95.6875,10.873100280761719,-10,0,100,10,1,
487,-10.934707641601562,-4.140964031219482,95.6875,10.873100280761719,-10,0,100,10,1,
487.01,-11.068448066711426,-4.2789483070373535,95.6875,10.873100280761719,-10,0,100,10,1,
487.02,-11.041105270385742,-4.349106788635254,95.625,11.38759994506836,-10,0,100,10,1,
487.03,-11.104138374328613,-4.505486965179443,95.625,11.38759994506836,-10,0,100,10,1,
487.04,-11.118471145629883,-4.566433906555176,95.5625,11.38759994506836,-10,0,100,10,1,
487.05,-11.17604923248291,-4.605580806732178,95.5625,11.38759994506836,-10,0,100,10,1,
487.06,-11.310843467712402,-4.7193756103515625,95.5,11.38759994506836,-10,0,100,10,1,
487.07,-11.403450965881348,-4.781019687652588,95.5,11.38759994506836,-10,0,100,10,1,
487.08,-11.394952774047852,-4.818362712860107,95.5,12.673850059509277,-10,0,100,10,1,
487.09,-11.212469100952148,-4.850857257843018,95.5,12.673850059509277,-10,0,100,10,1,
487.1,-11.060391426086426,-4.960913181304932,95.4375,12.673850059509277,-10,0,100,10,1,
487.11,-10.868130683898926,-5.029730319976807,95.4375,12.673850059509277,-10,0,100,10,1,
487.12,-10.66610050201416,-5.028575420379639,95.4375,12.673850059509277,-10,0,100,10,1,
487.13,-10.426576614379883,-4.939743518829346,95.4375,12.673850059509277,-10,0,100,10,1,
487.14,-10.245125770568848,-4.880397796630859,95.4375,10.51294994354248,-10,0,100,10,1,
487.15,-10.052188873291016,-4.837185382843018,95.4375,10.51294994354248,-10,0,100,10,1,
487.16,-9.732097625732422,-4.7870073318481445,95.5,10.51294994354248,-10,0,100,10,1,
487.17,-9.262605667114258,-4.786229610443115,95.5625,10.51294994354248,-10,0,100,10,1,
487.18,-8.847518920898438,-5.085615634918213,95.625,10.51294994354248,-10,0,100,10,1,
487.19,-8.427831649780273,-5.288104057312012,95.6875,10.51294994354248,-10,0,100,10,1,
487.2,-7.983236789703369,-5.451419353485107,95.75,10.478650093078613,-10,0,100,10,1,
487.21,-7.628780364990234,-5.577791213989258,95.875,10.478650093078613,-10,0,100,10,1,
487.22,-7.18682861328125,-5.609814167022705,95.9375,10.478650093078613,-10,0,100,10,1,
487.23,-6.916472911834717,-5.6324567794799805,96.0625,10.478650093078613,-10,0,100,10,1,
487.24,-6.568614482879639,-5.652716636657715,96.1875,10.478650093078613,-10,0,100,10,1,
487.25,-6.238735675811768,-5.727663516998291,96.3125,10.478650093078613,-10,0,100,10,1,
487.26,-6.150087356567383,-5.941853046417236,96.375,10.581549644470215,-10,0,100,10,1,
487.27,-5.921597003936768,-6.1543354988098145,96.5,10.581549644470215,-10,0,100,10,1,
487.28,-5.761596202850342,-6.2813720703125,96.625,10.581549644470215,-10,0,100,10,1,
487.29,-5.6848626136779785,-6.4241719245910645,96.75,10.581549644470215,-10,0,100,10,1,
487.3,-5.563599109649658,-6.411114692687988,96.875,10.581549644470215,-10,0,100,10,1,
487.31,-5.441893100738525,-6.369042873382568,97,10.581549644470215,-10,0,100,10,1,
487.32,-5.23914909362793,-6.275876998901367,97.125,11.284699440002441,-10,0,100,10,1,
487.33,-5.114363670349121,-6.164017200469971,97.25,11.284699440002441,-10,0,100,10,1,
487.34,-4.909337997436523,-6.033873081207275,97.375,11.284699440002441,-10,0,100,10,1,
487.35,-4.923797130584717,-6.037570476531982,97.5625,11.284699440002441,-10,0,100,10,1,
487.36,-4.958695888519287,-5.993077278137207,97.75,11.284699440002441,-10,0,100,10,1,
487.37,-5.055643081665039,-5.8377203941345215,97.875,11.284699440002441,-10,0,100,10,1,
487.38,-5.124115467071533,-5.679462909698486,98.0625,11.267549514770508,-10,0,100,10,1,
487.39,-5.099748134613037,-5.362618446350098,98.25,11.267549514770508,-10,0,100,10,1,
487.4,-5.213149070739746,-5.041917324066162,98.4375,11.267549514770508,-10,0,100,10,1,
487.41,-5.32094144821167,-4.775283336639404,98.625,11.267549514770508,-10,0,100,10,1,
487.42,-5.390907287597656,-4.58920955657959,98.8125,11.267549514770508,-10,0,100,10,1,
487.43,-5.450195789337158,-4.427696228027344,99.0625,11.267549514770508,-10,0,100,10,1,
487.44,-5.542341709136963,-4.332488059997559,99.25,10.890250205993652,-10,0,100,10,1,
487.45,-5.844290733337402,-4.247037410736084,99.5,10.890250205993652,-10,0,100,10,1,
487.46,-6.051534175872803,-4.062067985534668,99.75,10.890250205993652,-10,0,100,10,1,
487.47,-6.364187717437744,-3.720874309539795,100,10.890250205993652,-10,0,100,10,1,
487.48,-6.629834175109863,-3.3581113815307617,100.25,10.890250205993652,-10,0,100,10,1,
487.49,-6.687638759613037,-2.9365530014038086,100.5,10.890250205993652,-10,0,100,10,1,
487.5,-6.715860366821289,-2.5208072662353516,100.75,10.92455005645752,-10,0,100,10,1,
487.51,-6.884997367858887,-2.369466543197632,101,10.92455005645752,-10,0,100,10,1,
487.52,-6.957647323608398,-2.1509721279144287,101.3125,10.92455005645752,-10,0,100,10,1,
487.53,-7.03745698928833,-1.8758128881454468,101.5625,10.92455005645752,-10,0,100,10,1,
487.54,-7.214353561401367,-1.5998488664627075,101.875,10.92455005645752,-10,0,100,10,1,
487.55,-7.448505878448486,-1.2408502101898193,102.1875,10.92455005645752,-10,0,100,10,1,
487.56,-7.552323818206787,-0.8277385830879211,102.5,10.993149757385254,-10,0,100,10,1,
487.57,-7.614099979400635,-0.46614977717399597,102.8125,10.993149757385254,-10,0,100,10,1,
487.58,-7.687065601348877,-0.1254355013370514,103.125,10.993149757385254,-10,0,100,10,1,
487.59,-7.735592842102051,0.21576887369155884,103.4375,10.993149757385254,-10,0,100,10,1,
487.6,-7.683523654937744,0.5858681201934814,103.75,10.993149757385254,-10,0,100,10,1,
487.61,-7.5918684005737305,0.9772998094558716,104.125,10.993149757385254,-10,0,100,10,1,
487.62,-7.532735824584961,1.3294203281402588,104.4375,9.861249923706055,-10,0,100,10,1,
487.63,-7.583327770233154,1.5611733198165894,104.8125,9.861249923706055,-10,0,100,10,1,
487.64,-7.687334060668945,1.7342448234558105,105.125,9.861249923706055,-10,0,100,10,1,
487.65,-7.733158588409424,1.907954216003418,105.5,9.861249923706055,-10,0,100,10,1,
487.66,-7.692142009735107,2.061142683029175,105.875,9.861249923706055,-10,0,100,10,1,
487.67,-7.589658260345459,2.2142081260681152,106.1875,9.861249923706055,-10,0,100,10,1,
487.68,-7.414959907531738,2.3838014602661133,106.5625,10.272850036621094,-10,0,100,10,1,
487.69,-7.318164825439453,2.546433925628662,106.9375,10.272850036621094,-10,0,100,10,1,
487.7,-7.159653186798096,2.7724714279174805,107.25,10.272850036621094,-10,0,100,10,1,
487.71,-7.006101131439209,3.017909288406372,107.625,10.272850036621094,-10,0,100,10,1,
487.72,-6.852281093597412,3.2743263244628906,108,10.272850036621094,-10,0,100,10,1,
487.73,-6.754361629486084,3.4401402473449707,108.3125,10.272850036621094,-10,0,100,10,1,
487.74,-6.701825141906738,3.510878801345825,108.6875,3.944499969482422,-10,0,100,10,1,
487.75,-6.662430286407471,3.5181899070739746,109,3.944499969482422,-10,0,100,10,1,
487.76,-6.658617973327637,3.476130247116089,109.375,3.944499969482422,-10,0,100,10,1,
487.77,-6.66152286529541,3.420219659805298,109.375,3.944499969482422,-10,0,100,10,1,
487.78,-6.705381393432617,3.3845107555389404,109.6875,3.944499969482422,-10,0,100,10,1,
487.79,-6.762146472930908,3.2687790393829346,110.3125,3.944499969482422,-10,0,100,10,1,
487.8,-6.816600322723389,3.2325310707092285,110.6875,3.944499969482422,-10,0,100,10,1,
487.81,-6.865231513977051,3.2128498554229736,111,3.944499969482422,-10,0,100,10,1,
487.82,-6.89214563369751,3.1897456645965576,111.3125,3.944499969482422,-10,0,100,10,1,
487.83,-6.867215156555176,3.2089056968688965,111.625,3.944499969482422,-10,0,100,10,1,
487.84,-6.771274566650391,3.2090344429016113,111.9375,3.944499969482422,-10,0,100,10,1,
487.85,-6.6682610511779785,3.211911201477051,112.1875,3.944499969482422,-10,0,100,10,1,
487.86,-6.72394323348999,3.2060434818267822,112.5,3.944499969482422,-10,0,100,10,1,
487.87,-6.818285942077637,3.13260555267334,112.5,3.944499969482422,-10,0,100,10,1,
487.88,-6.832840442657471,3.091557502746582,112.75,3.944499969482422,-10,0,100,10,1,
487.89,-7.0030646324157715,3.0293192863464355,113.25,3.944499969482422,-10,0,100,10,1,
487.9,-7.184051990509033,2.9614086151123047,113.5,3.944499969482422,-10,0,100,10,1,
487.91,-7.547397613525391,2.8486831188201904,113.75,3.944499969482422,-10,0,100,10,1,
487.92,-7.899924278259277,2.767542600631714,113.75,3.944499969482422,-10,0,100,10,1,
487.93,-8.141575813293457,2.6646413803100586,113.9375,3.944499969482422,-10,0,100,10,1,
487.94,-8.295974731445312,2.5907723903656006,114.3125,3.944499969482422,-10,0,100,10,1,
487.95,-8.400360107421875,2.609037399291992,114.4375,3.944499969482422,-10,0,100,10,1,
487.96,-8.558512687683105,2.661419630050659,114.5625,3.944499969482422,-10,0,100,10,1,
487.97,-8.758203506469727,2.7994637489318848,114.5625,3.944499969482422,-10,0,100,10,1,
487.98,-8.816754341125488,3.0750534534454346,114.6875,10.084199905395508,-10,0,100,10,1,
487.99,-8.848963737487793,3.37530517578125,114.875,10.084199905395508,-10,0,100,10,1,
488,-9.019410133361816,3.5395538806915283,114.9375,10.084199905395508,-10,0,100,10,1,
488.01,-9.091898918151855,3.7203803062438965,115.0625,10.084199905395508,-10,0,100,10,1,
488.02,-9.307585716247559,3.8419463634490967,115.0625,10.084199905395508,-10,0,100,10,1,
488.03,-9.37933349609375,3.9402434825897217,115.125,10.084199905395508,-10,0,100,10,1,
488.04,-9.58287239074707,4.088329792022705,115.4375,10.907400131225586,-10,0,100,10,1,
488.05,-9.755413055419922,4.278925895690918,115.5,10.907400131225586,-10,0,100,10,1,
488.06,-9.828561782836914,4.345606803894043,115.625,10.907400131225586,-10,0,100,10,1,
488.07,-9.831843376159668,4.458892345428467,115.625,10.907400131225586,-10,0,100,10,1,
488.08,-9.842942237854004,4.643377304077148,115.6875,10.907400131225586,-10,0,100,10,1,
488.09,-9.962760925292969,4.806930065155029,115.8125,10.907400131225586,-10,0,100,10,1,
488.1,-10.294271469116211,4.993368625640869,115.875,10.907400131225586,-10,0,100,10,1,
488.11,-10.723859786987305,5.1243577003479,115.9375,10.907400131225586,-10,0,100,10,1,
488.12,-11.251593589782715,5.153435230255127,115.9375,10.907400131225586,-10,0,100,10,1,
488.13,-11.942757606506348,5.171161651611328,116,10.907400131225586,-10,0,100,10,1,
488.14,-12.597424507141113,5.02437162399292,116.0625,10.907400131225586,-10,0,100,10,1,
488.15,-13.05125617980957,4.872661113739014,116.125,10.907400131225586,-10,0,100,10,1,
488.16,-13.307673454284668,4.6890668869018555,116.125,10.907400131225586,-10,0,100,10,1,
488.17,-13.567523956298828,4.646299839019775,116.125,10.907400131225586,-10,0,100,10,1,
488.18,-13.762187004089355,4.681854724884033,116.1875,10.907400131225586,-10,0,100,10,1,
488.19,-13.878711700439453,4.6480865478515625,116.1875,10.907400131225586,-10,0,100,10,1,
488.2,-14.124497413635254,4.627076625823975,116.25,10.907400131225586,-10,0,100,10,1,
488.21,-14.367233276367188,4.495030879974365,116.25,10.907400131225586,-10,0,100,10,1,
488.22,-14.573068618774414,4.1717000007629395,116.25,10.907400131225586,-10,0,100,10,1,
488.23,-14.633485794067383,3.7778382301330566,116.25,10.907400131225586,-10,0,100,10,1,
488.24,-14.448646545410156,3.3344013690948486,116.25,10.907400131225586,-10,0,100,10,1,
488.25,-14.09608268737793,3.1454782485961914,116.1875,10.907400131225586,-10,0,100,10,1,
488.26,-13.672730445861816,3.110380172729492,116.1875,10.907400131225586,-10,0,100,10,1,
488.27,-13.21442699432373,3.0721282958984375,116.1875,10.907400131225586,-10,0,100,10,1,
488.28,-12.901532173156738,2.963141441345215,116.125,10.581549644470215,-10,0,100,10,1,
488.29,-12.65572452545166,2.829051971435547,116.0625,10.581549644470215,-10,0,100,10,1,
488.3,-12.437989234924316,2.5775835514068604,116,10.581549644470215,-10,0,100,10,1,
488.31,-12.161128044128418,2.2248408794403076,115.9375,10.581549644470215,-10,0,100,10,1,
488.32,-11.832634925842285,1.8634928464889526,115.9375,10.581549644470215,-10,0,100,10,1,
488.33,-11.447025299072266,1.5213617086410522,115.8125,10.581549644470215,-10,0,100,10,1,
488.34,-11.034139633178711,1.2866829633712769,115.6875,10.873100280761719,-10,0,100,10,1,
488.35,-10.600910186767578,1.1795382499694824,115.5625,10.873100280761719,-10,0,100,10,1,
488.36,-10.175183296203613,1.1333701610565186,115.5,10.873100280761719,-10,0,100,10,1,
488.37,-9.805130004882812,1.1016936302185059,115.5,10.873100280761719,-10,0,100,10,1,
488.38,-9.454586029052734,1.0124397277832031,115.375,10.873100280761719,-10,0,100,10,1,
488.39,-9.108637809753418,0.881690502166748,115.125,10.873100280761719,-10,0,100,10,1,
488.4,-8.82625675201416,0.8132784366607666,115,10.873100280761719,-10,0,100,10,1,
488.41,-8.552728652954102,0.8239304423332214,114.875,10.873100280761719,-10,0,100,10,1,
488.42,-8.260497093200684,0.9260184168815613,114.875,10.873100280761719,-10,0,100,10,1,
488.43,-8.073189735412598,1.1676223278045654,114.75,10.873100280761719,-10,0,100,10,1,
488.44,-7.918202877044678,1.5577480792999268,114.5,10.873100280761719,-10,0,100,10,1,
488.45,-7.666331768035889,1.9168243408203125,114.3125,10.873100280761719,-10,0,100,10,1,
488.46,-7.420750141143799,2.2681760787963867,114.1875,10.873100280761719,-10,0,100,10,1,
488.47,-7.127722263336182,2.548252582550049,114.1875,10.873100280761719,-10,0,100,10,1,
488.48,-6.882350921630859,2.7752182483673096,114,10.873100280761719,-10,0,100,10,1,
488.49,-6.805272579193115,2.9443624019622803,113.75,10.873100280761719,-10,0,100,10,1,
488.5,-6.916956901550293,3.0666937828063965,113.5625,10.873100280761719,-10,0,100,10,1,
488.51,-7.026679515838623,3.179901123046875,113.4375,10.873100280761719,-10,0,100,10,1,
488.52,-7.247871398925781,3.3456554412841797,113.4375,10.873100280761719,-10,0,100,10,1,
488.53,-7.469349384307861,3.4911561012268066,113.3125,10.873100280761719,-10,0,100,10,1,
488.54,-7.701804161071777,3.5945346355438232,113.0625,10.873100280761719,-10,0,100,10,1,
488.55,-7.930709362030029,3.716127634048462,112.9375,10.873100280761719,-10,0,100,10,1,
488.56,-8.17963981628418,3.6958696842193604,112.8125,10.873100280761719,-10,0,100,10,1,
488.57,-8.464500427246094,3.6158947944641113,112.8125,10.873100280761719,-10,0,100,10,1,
488.58,-8.75715446472168,3.5392181873321533,112.6875,10.51294994354248,-10,0,100,10,1,
488.59,-9.045249938964844,3.386143445968628,112.5,10.51294994354248,-10,0,100,10,1,
488.6,-9.347766876220703,3.248206615447998,112.375,10.51294994354248,-10,0,100,10,1,
488.61,-9.76908016204834,3.1130011081695557,112.25,10.51294994354248,-10,0,100,10,1,
488.62,-10.136207580566406,2.8504605293273926,112.25,10.51294994354248,-10,0,100,10,1,
488.63,-10.357375144958496,2.473489999771118,112.1875,10.51294994354248,-10,0,100,10,1,
488.64,-10.540327072143555,2.0474565029144287,111.9375,10.92455005645752,-10,0,100,10,1,
488.65,-10.733297348022461,1.6007297039031982,111.8125,10.92455005645752,-10,0,100,10,1,
488.66,-10.733297348022461,1.2266517877578735,111.75,10.92455005645752,-10,0,100,10,1,
488.67,-10.961470603942871,0.935013473033905,111.75,10.92455005645752,-10,0,100,10,1,
488.68,-11.035585403442383,0.6814008951187134,111.625,10.92455005645752,-10,0,100,10,1,
488.69,-11.035585403442383,0.4743843972682953,111.375,10.92455005645752,-10,0,100,10,1,
488.7,-11.089940071105957,0.4743843972682953,111.375,10.92455005645752,-10,0,100,10,1,
488.71,-11.229907989501953,0.22998732328414917,111.1875,10.92455005645752,-10,0,100,10,1,
488.72,-11.307235717773438,-0.1398419439792633,111.0625,10.92455005645752,-10,0,100,10,1,
488.73,-11.329743385314941,-0.2764599621295929,110.875,10.92455005645752,-10,0,100,10,1,
488.74,-11.329743385314941,-0.2764599621295929,110.875,10.92455005645752,-10,0,100,10,1,
488.75,-11.247175216674805,-0.3363800346851349,110.5625,10.92455005645752,-10,0,100,10,1,
488.76,-11.247340202331543,-0.31175267696380615,110.375,10.92455005645752,-10,0,100,10,1,
488.77,-11.05739974975586,0.05333062261343002,110.25,10.92455005645752,-10,0,100,10,1,
488.78,-10.852636337280273,0.2497144192457199,110.0625,10.92455005645752,-10,0,100,10,1,
488.79,-10.852636337280273,0.2497144192457199,110.0625,10.92455005645752,-10,0,100,10,1,
488.8,-10.687705039978027,0.3784901797771454,109.6875,10.92455005645752,-10,0,100,10,1,
488.81,-10.583782196044922,0.39952823519706726,109.4375,10.92455005645752,-10,0,100,10,1,
488.82,-10.174585342407227,0.69636070728302,109.25,10.92455005645752,-10,0,100,10,1,
488.83,-10.020618438720703,0.9109521508216858,109.0625,10.92455005645752,-10,0,100,10,1,
488.84,-10.020618438720703,0.9109521508216858,109.0625,10.92455005645752,-10,0,100,10,1,
488.85,-9.84874439239502,1.131677269935608,108.6875,10.92455005645752,-10,0,100,10,1,
488.86,-9.625533103942871,1.3674750328063965,108.6875,10.92455005645752,-10,0,100,10,1,
488.87,-9.220473289489746,1.9180606603622437,108.25,10.92455005645752,-10,0,100,10,1,
488.88,-9.000117301940918,2.2077252864837646,108.0625,10.427200317382812,-10,0,100,10,1,
488.89,-8.787177085876465,2.4924867153167725,107.875,10.427200317382812,-10,0,100,10,1,
488.9,-8.787177085876465,2.4924867153167725,107.875,10.427200317382812,-10,0,100,10,1,
488.91,-8.681438446044922,2.7335619926452637,107.6875,10.427200317382812,-10,0,100,10,1,
488.92,-8.622556686401367,3.193972587585449,107.25,10.427200317382812,-10,0,100,10,1,
488.93,-8.56493091583252,3.3863582611083984,107.0625,10.427200317382812,-10,0,100,10,1,
488.94,-8.56493091583252,3.3863582611083984,107.0625,11.301849365234375,-10,0,100,10,1,
488.95,-8.530078887939453,3.5399837493896484,106.8125,11.301849365234375,-10,0,100,10,1,
488.96,-8.645509719848633,3.568777561187744,106.4375,11.301849365234375,-10,0,100,10,1,
488.97,-8.75650405883789,3.5699057579040527,106.25,11.301849365234375,-10,0,100,10,1,
488.98,-8.872400283813477,3.6073176860809326,106,11.301849365234375,-10,0,100,10,1,
488.99,-9.018342018127441,3.663388967514038,105.875,11.301849365234375,-10,0,100,10,1,
489,-9.162384986877441,3.6521852016448975,105.6875,4.287499904632568,-10,0,100,10,1,
489.01,-9.33056926727295,3.5842771530151367,105.5,4.287499904632568,-10,0,100,10,1,
489.02,-9.563474655151367,3.510542631149292,105.375,4.287499904632568,-10,0,100,10,1,
489.03,-9.74113655090332,3.3876307010650635,105.1875,4.287499904632568,-10,0,100,10,1,
489.04,-9.973160743713379,3.2116572856903076,105.0625,4.287499904632568,-10,0,100,10,1,
489.05,-10.350414276123047,3.079725503921509,104.875,4.287499904632568,-10,0,100,10,1,
489.06,-10.695178985595703,2.838850259780884,104.75,4.287499904632568,-10,0,100,10,1,
489.07,-11.079421997070312,2.6116673946380615,104.625,4.287499904632568,-10,0,100,10,1,
489.08,-11.414350509643555,2.4233641624450684,104.5,4.287499904632568,-10,0,100,10,1,
489.09,-11.75548267364502,2.2035250663757324,104.375,4.287499904632568,-10,0,100,10,1,
489.1,-11.960302352905273,2.059983015060425,104.25,4.287499904632568,-10,0,100,10,1,
489.11,-12.104842185974121,1.9682716131210327,104.125,4.287499904632568,-10,0,100,10,1,
489.12,-12.14688777923584,1.905463457107544,104,10.7701997756958,-10,0,100,10,1,
489.13,-12.131685256958008,1.941023349761963,103.875,10.7701997756958,-10,0,100,10,1,
489.14,-12.190396308898926,2.006767749786377,103.75,10.7701997756958,-10,0,100,10,1,
489.15,-12.431516647338867,1.9396826028823853,103.625,10.7701997756958,-10,0,100,10,1,
489.16,-12.715904235839844,1.8362462520599365,103.5625,10.7701997756958,-10,0,100,10,1,
489.17,-12.856125831604004,1.8339546918869019,103.5,10.7701997756958,-10,0,100,10,1,
489.18,-12.710480690002441,1.7844525575637817,103.4375,10.907400131225586,-10,0,100,10,1,
489.19,-12.2766752243042,1.7607460021972656,103.375,10.907400131225586,-10,0,100,10,1,
489.2,-11.87282657623291,1.7898585796356201,103.1875,10.907400131225586,-10,0,100,10,1,
489.21,-11.6848783493042,1.888340711593628,103.0625,10.907400131225586,-10,0,100,10,1,
489.22,-11.562335968017578,2.0290632247924805,103,10.907400131225586,-10,0,100,10,1,
489.23,-11.226265907287598,2.1700713634490967,102.875,10.907400131225586,-10,0,100,10,1,
489.24,-10.812419891357422,2.3286123275756836,102.8125,10.495800018310547,-10,0,100,10,1,
489.25,-10.318924903869629,2.4526467323303223,102.8125,10.495800018310547,-10,0,100,10,1,
489.26,-9.609987258911133,2.5381217002868652,102.75,10.495800018310547,-10,0,100,10,1,
489.27,-8.78651237487793,2.5789196491241455,102.75,10.495800018310547,-10,0,100,10,1,
489.28,-7.970592498779297,2.5021002292633057,102.75,10.495800018310547,-10,0,100,10,1,
489.29,-7.2898850440979,2.3235175609588623,102.75,10.495800018310547,-10,0,100,10,1,
489.3,-6.616959095001221,2.39007568359375,102.75,10.821649551391602,-10,0,100,10,1,
489.31,-6.040168762207031,2.603072166442871,102.75,10.821649551391602,-10,0,100,10,1,
489.32,-5.530152797698975,2.9420390129089355,102.75,10.821649551391602,-10,0,100,10,1,
489.33,-5.097809314727783,3.339158773422241,102.75,10.821649551391602,-10,0,100,10,1,
489.34,-4.7020182609558105,3.7750017642974854,102.75,10.821649551391602,-10,0,100,10,1,
489.35,-4.372401237487793,4.0684027671813965,102.8125,10.821649551391602,-10,0,100,10,1,
489.36,-4.17629861831665,4.102470874786377,102.875,10.427200317382812,-10,0,100,10,1,
489.37,-3.9418163299560547,4.059562683105469,102.9375,10.427200317382812,-10,0,100,10,1,
489.38,-3.7675116062164307,3.961397647857666,103,10.427200317382812,-10,0,100,10,1,
489.39,-3.5859031677246094,3.810987710952759,103.125,10.427200317382812,-10,0,100,10,1,
489.4,-3.418470859527588,3.7832565307617188,103.1875,10.427200317382812,-10,0,100,10,1,
489.41,-3.2875852584838867,3.8269684314727783,103.3125,10.427200317382812,-10,0,100,10,1,
489.42,-3.2412493228912354,3.9605910778045654,103.4375,11.576250076293945,-10,0,100,10,1,
489.43,-3.2354040145874023,4.083711624145508,103.5625,11.576250076293945,-10,0,100,10,1,
489.44,-3.3145196437835693,4.130111217498779,103.6875,11.576250076293945,-10,0,100,10,1,
489.45,-3.4651472568511963,4.094703197479248,103.8125,11.576250076293945,-10,0,100,10,1,
489.46,-3.6918447017669678,3.9246623516082764,103.9375,11.576250076293945,-10,0,100,10,1,
489.47,-4.033623695373535,3.6660025119781494,104.125,11.576250076293945,-10,0,100,10,1,
489.48,-4.408087730407715,3.434516668319702,104.25,10.358599662780762,-10,0,100,10,1,
489.49,-4.9373064041137695,3.3287084102630615,104.4375,10.358599662780762,-10,0,100,10,1,
489.5,-5.53757381439209,3.286051034927368,104.5625,10.358599662780762,-10,0,100,10,1,
489.51,-6.139128684997559,3.2740652561187744,104.75,10.358599662780762,-10,0,100,10,1,
489.52,-6.719629764556885,3.250256061553955,104.875,10.358599662780762,-10,0,100,10,1,
489.53,-7.185027599334717,3.1662542819976807,105,10.358599662780762,-10,0,100,10,1,
489.54,-7.519995212554932,2.9771621227264404,105.1875,10.821649551391602,-10,0,100,10,1,
489.55,-7.808143615722656,2.7561042308807373,105.25,10.821649551391602,-10,0,100,10,1,
489.56,-8.069742202758789,2.57600998878479,105.375,10.821649551391602,-10,0,100,10,1,
489.57,-8.305620193481445,2.4151415824890137,105.5,10.821649551391602,-10,0,100,10,1,
489.581,-8.689888954162598,2.2473673820495605,105.625,10.821649551391602,-10,0,100,10,1,
489.59,-9.104001998901367,2.015716314315796,105.75,10.821649551391602,-10,0,100,10,1,
489.6,-9.437125205993652,1.8118356466293335,105.8125,10.821649551391602,-10,0,100,10,1,
489.61,-9.789212226867676,1.584313154220581,105.9375,10.821649551391602,-10,0,100,10,1,
489.62,-10.019326210021973,1.3860149383544922,106.0625,10.821649551391602,-10,0,100,10,1,
489.63,-10.041425704956055,1.2213345766067505,106.125,10.821649551391602,-10,0,100,10,1,
489.64,-9.978313446044922,1.016822099685669,106.25,10.821649551391602,-10,0,100,10,1,
489.65,-9.862215995788574,0.944731593132019,106.3125,10.821649551391602,-10,0,100,10,1,
489.66,-10.014066696166992,0.8139146566390991,106.4375,10.821649551391602,-10,0,100,10,1,
489.67,-10.163446426391602,0.8073948621749878,106.5,10.821649551391602,-10,0,100,10,1,
489.68,-10.290188789367676,0.7914925813674927,106.5625,10.821649551391602,-10,0,100,10,1,
489.69,-10.410096168518066,0.7569180727005005,106.625,10.821649551391602,-10,0,100,10,1,
489.7,-10.447366714477539,0.6636158227920532,106.75,10.821649551391602,-10,0,100,10,1,
489.71,-10.547478675842285,0.44849658012390137,106.8125,10.821649551391602,-10,0,100,10,1,
489.72,-10.496064186096191,0.3685840666294098,106.8125,9.99845027923584,-10,0,100,10,1,
489.73,-10.342148780822754,0.3747018873691559,106.875,9.99845027923584,-10,0,100,10,1,
489.74,-10.20068359375,0.4549610912799835,106.9375,9.99845027923584,-10,0,100,10,1,
489.75,-10.117738723754883,0.5927446484565735,106.9375,9.99845027923584,-10,0,100,10,1,
489.76,-10.054937362670898,0.7986986041069031,107,9.99845027923584,-10,0,100,10,1,
489.77,-10.08090877532959,0.932532548904419,107,9.99845027923584,-10,0,100,10,1,
489.78,-10.148780822753906,1.0114015340805054,107.0625,2.469599962234497,0,10,100,10,1,
489.79,-10.184597969055176,1.0401772260665894,107.0625,2.469599962234497,0,10,100,10,1,
489.8,-10.141234397888184,0.9964118599891663,107.0625,2.469599962234497,0,10,100,10,1,
489.81,-10.05253791809082,0.975540041923523,107.0625,2.469599962234497,0,10,100,10,1,
489.82,-10.012543678283691,0.9370603561401367,107,2.469599962234497,0,10,100,10,1,
489.83,-10.013179779052734,0.9444947242736816,107,2.469599962234497,0,10,100,10,1,
489.84,-9.859575271606445,0.981265664100647,106.875,6.962899684906006,0,10,100,10,1,
489.85,-9.658384323120117,1.1148499250411987,106.8125,6.962899684906006,0,10,100,10,1,
489.86,-9.310937881469727,1.3114069700241089,106.75,6.962899684906006,0,10,100,10,1,
489.87,-8.913066864013672,1.490185260772705,106.75,6.962899684906006,0,10,100,10,1,
489.88,-8.521461486816406,1.5982304811477661,106.6875,6.962899684906006,0,10,100,10,1,
489.89,-8.015612602233887,1.5956553220748901,106.625,6.962899684906006,0,10,100,10,1,
489.9,-7.490036487579346,1.4572995901107788,106.5625,6.602749824523926,0,10,100,10,1,
489.91,-6.789654731750488,1.3605871200561523,106.4375,6.602749824523926,0,10,100,10,1,
489.92,-6.261992454528809,1.3783020973205566,106.375,6.602749824523926,0,10,100,10,1,
489.93,-5.740426540374756,1.520810842514038,106.375,6.602749824523926,0,10,100,10,1,
489.94,-5.107419490814209,1.7880516052246094,106.25,6.602749824523926,0,10,100,10,1,
489.95,-4.373630046844482,2.1822166442871094,105.9375,6.602749824523926,0,10,100,10,1,
489.96,-3.521651029586792,2.710587501525879,105.8125,6.602749824523926,0,10,100,10,1,
489.97,-2.6182668209075928,3.365731716156006,105.625,6.602749824523926,0,10,100,10,1,
489.98,-1.8003826141357422,3.9241960048675537,105.625,6.602749824523926,0,10,100,10,1,
489.99,-1.0436739921569824,4.474345684051514,105.4375,6.602749824523926,0,10,100,10,1,
490,-0.33642613887786865,5.011664867401123,105.0625,6.602749824523926,0,10,100,10,1,
490.01,0.25328588485717773,5.445199012756348,104.875,6.602749824523926,0,10,100,10,1,
490.02,0.6863886117935181,5.8329315185546875,104.6875,6.602749824523926,0,10,100,10,1,
490.03,1.0908089876174927,6.457241058349609,104.6875,6.602749824523926,0,10,100,10,1,
490.04,1.5085728168487549,7.288216590881348,104.5,6.602749824523926,0,10,100,10,1,
490.05,1.9821091890335083,8.432851791381836,104.1875,6.602749824523926,0,10,100,10,1,
490.06,2.9025661945343018,9.687549591064453,104,6.602749824523926,0,10,100,10,1,
490.07,4.035680770874023,10.820817947387695,103.8125,6.602749824523926,0,10,100,10,1,
490.08,5.154973983764648,11.854382514953613,103.8125,6.602749824523926,0,10,100,10,1,
490.09,6.038835525512695,12.622653007507324,103.625,6.602749824523926,0,10,100,10,1,
490.1,6.650763988494873,13.191912651062012,103.25,6.602749824523926,0,10,100,10,1,
490.11,6.8755950927734375,13.794978141784668,103.0625,6.602749824523926,0,10,100,10,1,
490.12,6.966217517852783,14.607912063598633,102.875,6.602749824523926,0,10,100,10,1,
490.13,7.155412673950195,15.638765335083008,102.875,6.602749824523926,0,10,100,10,1,
490.14,7.402958393096924,16.61704444885254,102.75,10.855949401855469,0,10,100,10,1,
490.15,7.866945743560791,17.424522399902344,102.4375,10.855949401855469,0,10,100,10,1,
490.161,8.544254302978516,17.826171875,102.3125,10.855949401855469,0,10,100,10,1,
490.17,9.097474098205566,18.020503997802734,102.1875,10.855949401855469,0,10,100,10,1,
490.18,9.51463794708252,18.235082626342773,102.1875,10.855949401855469,0,10,100,10,1,
490.19,9.516219139099121,18.39328384399414,102.0625,10.855949401855469,0,10,100,10,1,
490.2,9.00427532196045,18.580150604248047,101.875,11.027449607849121,0,10,100,10,1,
490.21,8.40648365020752,18.846643447875977,101.875,11.027449607849121,0,10,100,10,1,
490.22,7.862800121307373,19.099645614624023,101.8125,11.027449607849121,0,10,100,10,1,
490.23,7.539494514465332,19.282575607299805,101.8125,11.027449607849121,0,10,100,10,1,
490.24,7.395648002624512,19.20701789855957,101.875,11.027449607849121,0,10,100,10,1,
490.25,7.32641077041626,18.80596160888672,102,11.027449607849121,0,10,100,10,1,
490.26,7.122067451477051,18.37141227722168,102,11.027449607849121,0,10,100,10,1,
490.27,6.719701766967773,17.95003890991211,102.0625,11.027449607849121,0,10,100,10,1,
490.28,6.1790313720703125,17.669822692871094,102.0625,11.027449607849121,0,10,100,10,1,
490.29,5.508713722229004,17.494359970092773,102.0625,11.027449607849121,0,10,100,10,1,
490.3,4.754058837890625,17.156326293945312,102.125,11.027449607849121,0,10,100,10,1,
490.31,4.104717254638672,16.711759567260742,102.125,11.027449607849121,0,10,100,10,1,
490.32,3.6114842891693115,16.26691246032715,102.0625,11.027449607849121,0,10,100,10,1,
490.33,3.094709873199463,15.875136375427246,102.0625,11.027449607849121,0,10,100,10,1,
490.34,2.7377777099609375,15.5836820602417,102,11.027449607849121,0,10,100,10,1,
490.35,2.667593240737915,15.200061798095703,101.875,11.027449607849121,0,10,100,10,1,
490.36,2.5836689472198486,14.923720359802246,101.75,11.027449607849121,0,10,100,10,1,
490.37,2.5608670711517334,14.714987754821777,101.625,11.027449607849121,0,10,100,10,1,
490.38,2.4522950649261475,14.42872142791748,101.625,11.027449607849121,0,10,100,10,1,
490.39,2.404773235321045,14.045367240905762,101.5625,11.027449607849121,0,10,100,10,1,
490.4,2.485962390899658,13.734696388244629,101.375,11.027449607849121,0,10,100,10,1,
490.41,2.628622055053711,13.420191764831543,101.25,11.027449607849121,0,10,100,10,1,
490.42,2.9098315238952637,13.259415626525879,101.125,11.027449607849121,0,10,100,10,1,
490.43,3.1877713203430176,13.151666641235352,101.125,11.027449607849121,0,10,100,10,1,
490.44,3.3751745223999023,13.183320999145508,101.0625,11.404749870300293,0,10,100,10,1,
490.45,3.6470370292663574,13.29274845123291,100.8125,11.404749870300293,0,10,100,10,1,
490.46,4.056925296783447,13.47201156616211,100.6875,11.404749870300293,0,10,100,10,1,
490.47,4.726067066192627,13.817984580993652,100.5625,11.404749870300293,0,10,100,10,1,
490.48,5.661343574523926,14.203411102294922,100.5625,11.404749870300293,0,10,100,10,1,
490.49,6.603482723236084,14.600058555603027,100.4375,11.404749870300293,0,10,100,10,1,
490.5,6.603482723236084,14.941842079162598,100.1875,10.941699981689453,0,10,100,10,1,
490.51,7.417744159698486,14.941842079162598,100.0625,10.941699981689453,0,10,100,10,1,
490.52,8.062105178833008,15.285213470458984,100.0625,10.941699981689453,0,10,100,10,1,
490.53,8.876951217651367,16.270858764648438,99.9375,10.941699981689453,0,10,100,10,1,
490.54,9.20408821105957,16.830978393554688,99.8125,10.941699981689453,0,10,100,10,1,
490.55,9.20408821105957,16.830978393554688,99.8125,10.941699981689453,0,10,100,10,1,
490.56,9.674745559692383,17.33536720275879,99.6875,10.941699981689453,0,10,100,10,1,
490.57,10.356744766235352,17.86919593811035,99.625,10.941699981689453,0,10,100,10,1,
490.58,11.846399307250977,18.72422218322754,99.625,10.941699981689453,0,10,100,10,1,
490.59,12.240955352783203,19.13414192199707,99.5625,10.941699981689453,0,10,100,10,1,
490.6,12.240955352783203,19.13414192199707,99.5625,10.941699981689453,0,10,100,10,1,
490.61,12.3305082321167,19.600467681884766,99.5,10.941699981689453,0,10,100,10,1,
490.62,12.30367374420166,20.11235237121582,99.5,10.941699981689453,0,10,100,10,1,
490.63,12.579212188720703,20.95416259765625,99.5,10.941699981689453,0,10,100,10,1,
490.64,12.852537155151367,21.194705963134766,99.5,10.941699981689453,0,10,100,10,1,
490.65,12.852537155151367,21.194705963134766,99.5,10.941699981689453,0,10,100,10,1,
490.66,13.02498722076416,21.325969696044922,99.5625,10.941699981689453,0,10,100,10,1,
490.67,12.919464111328125,21.46781349182129,99.625,10.941699981689453,0,10,100,10,1,
490.68,12.336386680603027,21.737701416015625,99.625,10.941699981689453,0,10,100,10,1,
490.69,11.988677978515625,21.81100082397461,99.6875,10.941699981689453,0,10,100,10,1,
490.7,11.988677978515625,21.81100082397461,99.6875,10.941699981689453,0,10,100,10,1,
490.71,11.656954765319824,21.80046272277832,99.875,10.941699981689453,0,10,100,10,1,
490.72,11.447128295898438,21.708093643188477,99.9375,10.941699981689453,0,10,100,10,1,
490.73,10.98159122467041,21.409252166748047,100.0625,10.941699981689453,0,10,100,10,1,
490.74,10.595551490783691,21.199052810668945,100.125,11.319000244140625,0,10,100,10,1,
490.75,10.595551490783691,21.199052810668945,100.125,11.319000244140625,0,10,100,10,1,
490.76,10.049053192138672,21.002416610717773,100.25,11.319000244140625,0,10,100,10,1,
490.77,9.421221733093262,20.845285415649414,100.375,11.319000244140625,0,10,100,10,1,
490.78,8.197237014770508,20.460020065307617,100.4375,11.319000244140625,0,10,100,10,1,
490.79,7.771204948425293,20.189367294311523,100.5625,11.319000244140625,0,10,100,10,1,
490.8,7.771204948425293,20.189367294311523,100.5625,10.907400131225586,0,10,100,10,1,
490.81,7.455354690551758,19.901979446411133,100.6875,10.907400131225586,0,10,100,10,1,
490.82,7.141002178192139,19.607181549072266,100.75,10.907400131225586,0,10,100,10,1,
490.83,6.475636959075928,19.236862182617188,100.8125,10.907400131225586,0,10,100,10,1,
490.84,6.050630569458008,19.168380737304688,100.8125,10.907400131225586,0,10,100,10,1,
490.85,6.050630569458008,19.168380737304688,100.8125,10.907400131225586,0,10,100,10,1,
490.86,5.53373908996582,19.03200912475586,100.9375,10.907400131225586,0,10,100,10,1,
490.87,5.1661810874938965,18.960676193237305,100.9375,10.907400131225586,0,10,100,10,1,
490.88,4.7676849365234375,18.783952713012695,100.9375,10.907400131225586,0,10,100,10,1,
490.89,4.738593578338623,18.62763023376465,100.9375,10.907400131225586,0,10,100,10,1,
490.9,4.738593578338623,18.62763023376465,100.9375,10.907400131225586,0,10,100,10,1,
490.91,4.754624366760254,18.489032745361328,100.9375,10.907400131225586,0,10,100,10,1,
490.92,4.900738716125488,18.34330177307129,100.9375,10.907400131225586,0,10,100,10,1,
490.93,4.98708963394165,18.072490692138672,100.875,10.907400131225586,0,10,100,10,1,
490.94,5.050579071044922,17.948015213012695,100.875,10.907400131225586,0,10,100,10,1,
490.95,5.050579071044922,17.948015213012695,100.875,10.907400131225586,0,10,100,10,1,
490.96,5.214992046356201,17.794479370117188,100.75,10.907400131225586,0,10,100,10,1,
490.97,5.311287879943848,17.58992576599121,100.75,10.907400131225586,0,10,100,10,1,
490.98,5.616519451141357,17.227197647094727,100.6875,10.907400131225586,0,10,100,10,1,
490.99,5.779892444610596,17.11577033996582,100.625,10.907400131225586,0,10,100,10,1,
491,5.779892444610596,17.11577033996582,100.625,10.907400131225586,0,10,100,10,1,
491.01,5.941890239715576,17.08077049255371,100.5625,10.907400131225586,0,10,100,10,1,
491.02,6.144404888153076,17.11467742919922,100.5,10.907400131225586,0,10,100,10,1,
491.03,6.547067642211914,17.16537857055664,100.375,10.907400131225586,0,10,100,10,1,
491.04,6.772499084472656,17.16156005859375,100.375,11.301849365234375,0,10,100,10,1,
491.05,6.772499084472656,17.16156005859375,100.375,11.301849365234375,0,10,100,10,1,
491.06,7.112532138824463,17.18008041381836,100.25,11.301849365234375,0,10,100,10,1,
491.07,7.308944225311279,17.207618713378906,100.1875,11.301849365234375,0,10,100,10,1,
491.08,7.469278812408447,17.26310157775879,100.125,11.301849365234375,0,10,100,10,1,
491.09,7.629565715789795,17.42070770263672,100.0625,11.301849365234375,0,10,100,10,1,
491.1,7.755692958831787,17.5140323638916,100,10.993149757385254,0,10,100,10,1,
491.11,7.767421245574951,17.508514404296875,99.9375,10.993149757385254,0,10,100,10,1,
491.12,7.794893264770508,17.468042373657227,99.8125,10.993149757385254,0,10,100,10,1,
491.13,7.738395690917969,17.326740264892578,99.75,10.993149757385254,0,10,100,10,1,
491.14,7.722275733947754,17.22119903564453,99.6875,10.993149757385254,0,10,100,10,1,
491.15,7.691497325897217,17.120824813842773,99.625,10.993149757385254,0,10,100,10,1,
491.16,7.6409196853637695,16.995615005493164,99.5625,11.713449478149414,0,10,100,10,1,
491.17,7.576603412628174,16.86330223083496,99.5,11.713449478149414,0,10,100,10,1,
491.18,7.469242095947266,16.614404678344727,99.4375,11.713449478149414,0,10,100,10,1,
491.19,7.354766368865967,16.310789108276367,99.375,11.713449478149414,0,10,100,10,1,
491.2,7.195721626281738,16.048870086669922,99.3125,11.713449478149414,0,10,100,10,1,
491.21,7.028780460357666,15.757803916931152,99.25,11.713449478149414,0,10,100,10,1,
491.22,6.813107490539551,15.419397354125977,99.1875,10.890250205993652,0,10,100,10,1,
491.23,6.599507808685303,15.218542098999023,99.125,10.890250205993652,0,10,100,10,1,
491.24,6.434223651885986,14.995201110839844,99.0625,10.890250205993652,0,10,100,10,1,
491.25,6.235983848571777,14.6953763961792,99,10.890250205993652,0,10,100,10,1,
491.26,5.964113235473633,14.449586868286133,98.9375,10.890250205993652,0,10,100,10,1,
491.27,5.7098541259765625,14.22400188446045,98.875,10.890250205993652,0,10,100,10,1,
491.28,5.480011463165283,14.096388816833496,98.8125,10.615849494934082,0,10,100,10,1,
491.29,5.136723041534424,13.938793182373047,98.75,10.615849494934082,0,10,100,10,1,
491.3,4.80150842666626,13.854434967041016,98.6875,10.615849494934082,0,10,100,10,1,
491.31,4.495675086975098,13.89795207977295,98.625,10.615849494934082,0,10,100,10,1,
491.32,4.080622673034668,13.872413635253906,98.5625,10.615849494934082,0,10,100,10,1,
491.33,3.7192094326019287,13.86301040649414,98.5,10.615849494934082,0,10,100,10,1,
491.34,3.426961898803711,13.85084342956543,98.375,11.198949813842773,0,10,100,10,1,
491.35,3.205636501312256,13.908967971801758,98.3125,11.198949813842773,0,10,100,10,1,
491.36,3.025022029876709,13.944269180297852,98.1875,11.198949813842773,0,10,100,10,1,
491.37,2.917950391769409,14.060256004333496,98.125,11.198949813842773,0,10,100,10,1,
491.38,2.9257187843322754,14.246349334716797,98,11.198949813842773,0,10,100,10,1,
491.39,2.780973196029663,14.406157493591309,97.875,11.198949813842773,0,10,100,10,1,
491.4,2.635002613067627,14.601165771484375,97.8125,11.044599533081055,0,10,100,10,1,
491.41,2.5116560459136963,14.770500183105469,97.6875,11.044599533081055,0,10,100,10,1,
491.42,2.382046937942505,14.98941421508789,97.5625,11.044599533081055,0,10,100,10,1,
491.43,2.371065378189087,15.205692291259766,97.4375,11.044599533081055,0,10,100,10,1,
491.44,2.314800500869751,15.399653434753418,97.3125,11.044599533081055,0,10,100,10,1,
491.45,2.3649039268493652,15.591222763061523,97.125,11.044599533081055,0,10,100,10,1,
491.46,2.490140914916992,15.831012725830078,97,11.284699440002441,0,10,100,10,1,
491.47,2.6426684856414795,16.013734817504883,96.875,11.284699440002441,0,10,100,10,1,
491.48,2.7832469940185547,16.118865966796875,96.75,11.284699440002441,0,10,100,10,1,
491.49,2.9877102375030518,16.218889236450195,96.5625,11.284699440002441,0,10,100,10,1,
491.5,3.019659996032715,16.2623348236084,96.4375,11.284699440002441,0,10,100,10,1,
491.51,3.0981228351593018,16.22254180908203,96.3125,11.284699440002441,0,10,100,10,1,
491.52,3.2553229331970215,16.202150344848633,96.125,10.92455005645752,0,10,100,10,1,
491.53,3.414142370223999,16.192901611328125,96,10.92455005645752,0,10,100,10,1,
491.54,3.5612125396728516,16.15522003173828,95.875,10.92455005645752,0,10,100,10,1,
491.55,3.6969103813171387,16.005905151367188,95.75,10.92455005645752,0,10,100,10,1,
491.56,3.783846616744995,15.891242980957031,95.625,10.92455005645752,0,10,100,10,1,
491.57,3.841846227645874,15.789105415344238,95.5,10.92455005645752,0,10,100,10,1,
491.58,3.7860910892486572,15.647563934326172,95.375,10.907400131225586,0,10,100,10,1,
491.59,3.7231638431549072,15.4386568069458,95.3125,10.907400131225586,0,10,100,10,1,
491.6,3.5762858390808105,15.21802806854248,95.1875,10.907400131225586,0,10,100,10,1,
491.61,3.4158248901367188,14.990829467773438,95.125,10.907400131225586,0,10,100,10,1,
491.62,3.3134517669677734,14.919756889343262,95.0625,10.907400131225586,0,10,100,10,1,
491.63,3.2206509113311768,14.836057662963867,95,10.907400131225586,0,10,100,10,1,
491.64,3.161942481994629,14.869928359985352,94.9375,10.855949401855469,0,10,100,10,1,
491.65,3.0366313457489014,14.8878173828125,94.875,10.855949401855469,0,10,100,10,1,
491.66,2.938178539276123,14.94817066192627,94.8125,10.855949401855469,0,10,100,10,1,
491.67,2.824310779571533,15.019701957702637,94.75,10.855949401855469,0,10,100,10,1,
491.68,2.763183116912842,15.030734062194824,94.75,10.855949401855469,0,10,100,10,1,
491.69,2.578545331954956,15.001508712768555,94.6875,10.855949401855469,0,10,100,10,1,
491.7,2.367372751235962,14.955135345458984,94.6875,11.370450019836426,0,10,100,10,1,
491.71,2.1551690101623535,14.924195289611816,94.625,11.370450019836426,0,10,100,10,1,
491.72,2.012904644012451,14.964680671691895,94.625,11.370450019836426,0,10,100,10,1,
491.73,1.9029533863067627,14.961185455322266,94.5625,11.370450019836426,0,10,100,10,1,
491.74,1.8164891004562378,14.928742408752441,94.625,11.370450019836426,0,10,100,10,1,
491.75,1.8147326707839966,14.899699211120605,94.5625,11.370450019836426,0,10,100,10,1,
491.76,1.9108142852783203,14.807482719421387,94.5625,10.958849906921387,0,10,100,10,1,
491.77,1.9670029878616333,14.758550643920898,94.625,10.958849906921387,0,10,100,10,1,
491.78,2.0088119506835938,14.705668449401855,94.625,10.958849906921387,0,10,100,10,1,
491.79,2.0848631858825684,14.670805931091309,94.625,10.958849906921387,0,10,100,10,1,
491.8,2.089479684829712,14.531440734863281,94.625,10.958849906921387,0,10,100,10,1,
491.81,2.1050641536712646,14.436477661132812,94.6875,10.958849906921387,0,10,100,10,1,
491.82,2.1633481979370117,14.294692993164062,94.6875,6.482699871063232,0,10,100,10,1,
491.83,2.2234692573547363,14.144205093383789,94.75,6.482699871063232,0,10,100,10,1,
491.84,2.2798781394958496,14.053359985351562,94.75,6.482699871063232,0,10,100,10,1,
491.85,2.307636260986328,13.951885223388672,94.8125,6.482699871063232,0,10,100,10,1,
491.86,2.4140167236328125,13.954242706298828,94.8125,6.482699871063232,0,10,100,10,1,
491.87,2.4468531608581543,13.901179313659668,94.875,6.482699871063232,0,10,100,10,1,
491.88,2.470961809158325,13.87998104095459,94.9375,1.2176499366760254,0,10,100,10,1,
491.89,2.489888906478882,13.879310607910156,94.9375,1.2176499366760254,0,10,100,10,1,
491.9,2.5511088371276855,13.945664405822754,95,1.2176499366760254,0,10,100,10,1,
491.91,2.661574363708496,13.990175247192383,95.0625,1.2176499366760254,0,10,100,10,1,
491.92,2.73180890083313,14.023508071899414,95.125,1.2176499366760254,0,10,100,10,1,
491.93,2.6913387775421143,14.043526649475098,95.125,1.2176499366760254,0,10,100,10,1,
491.94,2.551413059234619,14.08933162689209,94.9375,1.2176499366760254,0,10,100,10,1,
491.95,2.6359376907348633,13.912858009338379,94.6875,1.2176499366760254,0,10,100,10,1,
491.96,2.725648880004883,13.822938919067383,94.625,1.2176499366760254,0,10,100,10,1,
491.97,2.721268653869629,13.67235279083252,94.625,1.2176499366760254,0,10,100,10,1,
491.98,2.68556547164917,13.46450138092041,94.625,1.2176499366760254,0,10,100,10,1,
491.99,2.7731099128723145,13.034123420715332,94.625,1.2176499366760254,0,10,100,10,1,
492,3.1112709045410156,12.392786979675293,94.625,6.602749824523926,0,10,100,10,1,
492.01,3.504230260848999,11.611684799194336,94.5625,6.602749824523926,0,10,100,10,1,
492.02,3.8782148361206055,10.853680610656738,94.5625,6.602749824523926,0,10,100,10,1,
492.03,4.402111053466797,10.386247634887695,94.5625,6.602749824523926,0,10,100,10,1,
492.04,4.8598103523254395,10.09015941619873,94.5625,6.602749824523926,0,10,100,10,1,
492.05,5.202198505401611,10.006424903869629,94.5625,6.602749824523926,0,10,100,10,1,
492.06,5.21073055267334,9.872781753540039,94.6875,6.637049674987793,0,10,100,10,1,
492.07,5.29627799987793,9.58463191986084,94.75,6.637049674987793,0,10,100,10,1,
492.08,5.491292953491211,9.229896545410156,94.75,6.637049674987793,0,10,100,10,1,
492.09,5.697366714477539,8.733501434326172,94.75,6.637049674987793,0,10,100,10,1,
492.1,5.816468238830566,8.251618385314941,94.875,6.637049674987793,0,10,100,10,1,
492.11,5.7917160987854,7.903652191162109,95,6.637049674987793,0,10,100,10,1,
492.12,5.865381717681885,7.971831798553467,95.0625,6.637049674987793,0,10,100,10,1,
492.13,5.873318195343018,8.254046440124512,95.1875,6.637049674987793,0,10,100,10,1,
492.14,5.873830318450928,8.444364547729492,95.1875,6.637049674987793,0,10,100,10,1,
492.15,5.863738059997559,8.66782283782959,95.25,6.637049674987793,0,10,100,10,1,
492.16,5.822577953338623,8.684075355529785,95.375,6.637049674987793,0,10,100,10,1,
492.17,5.635892391204834,8.393997192382812,95.4375,6.637049674987793,0,10,100,10,1,
492.18,5.277185916900635,7.910033226013184,95.4375,6.637049674987793,0,10,100,10,1,
492.19,4.919791221618652,7.544663429260254,95.4375,6.637049674987793,0,10,100,10,1,
492.2,4.590921878814697,7.430265426635742,95.5,6.637049674987793,0,10,100,10,1,
492.21,4.271751880645752,7.6111226081848145,95.5625,6.637049674987793,0,10,100,10,1,
492.22,4.14875602722168,8.055219650268555,95.625,6.637049674987793,0,10,100,10,1,
492.23,4.197971343994141,8.515569686889648,95.6875,6.637049674987793,0,10,100,10,1,
492.24,4.272814750671387,8.85813045501709,95.6875,6.637049674987793,0,10,100,10,1,
492.25,4.225500106811523,8.905609130859375,95.75,6.637049674987793,0,10,100,10,1,
492.26,4.13334846496582,8.657556533813477,95.75,6.637049674987793,0,10,100,10,1,
492.27,3.9455246925354004,8.442428588867188,95.75,6.637049674987793,0,10,100,10,1,
492.28,3.9455246925354004,8.442428588867188,95.75,6.637049674987793,0,10,100,10,1,
492.29,3.206496238708496,8.609503746032715,95.75,6.637049674987793,0,10,100,10,1,
492.3,2.8799400329589844,8.827320098876953,95.8125,10.51294994354248,0,10,100,10,1,
492.31,2.8799400329589844,8.827320098876953,95.8125,10.51294994354248,0,10,100,10,1,
492.32,2.7269115447998047,9.27419662475586,95.875,10.51294994354248,0,10,100,10,1,
492.33,2.8991270065307617,9.71744155883789,95.875,10.51294994354248,0,10,100,10,1,
492.34,3.6304445266723633,10.320294380187988,95.875,10.51294994354248,0,10,100,10,1,
492.35,3.889927625656128,10.479851722717285,95.9375,10.51294994354248,0,10,100,10,1,
492.36,3.889927625656128,10.479851722717285,95.9375,11.301849365234375,0,10,100,10,1,
492.37,3.873117208480835,10.81002426147461,96.25,11.301849365234375,0,10,100,10,1,
492.38,3.7226176261901855,11.225929260253906,96.375,11.301849365234375,0,10,100,10,1,
492.39,3.154665946960449,12.339892387390137,96.5,11.301849365234375,0,10,100,10,1,
492.4,3.1258797645568848,12.899240493774414,96.6875,11.301849365234375,0,10,100,10,1,
492.41,3.1258797645568848,12.899240493774414,96.6875,11.301849365234375,0,10,100,10,1,
492.42,3.308286666870117,13.464805603027344,97,11.301849365234375,0,10,100,10,1,
492.43,3.541510581970215,13.880011558532715,97.125,11.301849365234375,0,10,100,10,1,
492.44,3.704878807067871,14.753714561462402,97.25,11.301849365234375,0,10,100,10,1,
492.45,3.653717517852783,15.180093765258789,97.4375,11.301849365234375,0,10,100,10,1,
492.46,3.653717517852783,15.180093765258789,97.4375,11.301849365234375,0,10,100,10,1,
492.47,3.493184804916382,15.641441345214844,97.75,11.301849365234375,0,10,100,10,1,
492.48,3.2290561199188232,16.044700622558594,97.9375,11.301849365234375,0,10,100,10,1,
492.49,2.52054500579834,16.55075454711914,98.125,11.301849365234375,0,10,100,10,1,
492.5,2.261652946472168,16.608631134033203,98.3125,11.301849365234375,0,10,100,10,1,
492.51,2.261652946472168,16.608631134033203,98.3125,11.301849365234375,0,10,100,10,1,
492.52,2.2049171924591064,16.532697677612305,98.6875,11.301849365234375,0,10,100,10,1,
492.53,2.292201042175293,16.354286193847656,98.9375,11.301849365234375,0,10,100,10,1,
492.54,2.562350034713745,16.082565307617188,99.125,11.301849365234375,0,10,100,10,1,
492.55,2.534993886947632,15.941727638244629,99.25,11.301849365234375,0,10,100,10,1,
492.56,2.534993886947632,15.941727638244629,99.25,11.301849365234375,0,10,100,10,1,
492.57,2.4528610706329346,15.674097061157227,99.625,11.301849365234375,0,10,100,10,1,
492.58,2.175050735473633,15.174613952636719,99.875,11.301849365234375,0,10,100,10,1,
492.59,1.395850419998169,13.808430671691895,100.0625,11.301849365234375,0,10,100,10,1,
492.6,0.9505847692489624,12.993720054626465,100.25,11.216099739074707,0,10,100,10,1,
492.61,0.9505847692489624,12.993720054626465,100.25,11.216099739074707,0,10,100,10,1,
492.62,0.5035277605056763,12.207893371582031,100.6875,11.216099739074707,0,10,100,10,1,
492.63,0.1561301350593567,11.49977970123291,100.9375,11.216099739074707,0,10,100,10,1,
492.64,-0.4731660485267639,10.324188232421875,101.125,11.216099739074707,0,10,100,10,1,
492.65,-0.644614040851593,9.677596092224121,101.3125,11.216099739074707,0,10,100,10,1,
492.66,-0.644614040851593,9.677596092224121,101.3125,10.993149757385254,0,10,100,10,1,
492.67,-0.7388876676559448,9.126998901367188,101.625,10.993149757385254,0,10,100,10,1,
492.68,-0.7183632850646973,8.65141773223877,101.8125,10.993149757385254,0,10,100,10,1,
492.69,-0.6604953408241272,7.919713973999023,102,10.993149757385254,0,10,100,10,1,
492.7,-0.7216417789459229,7.68813943862915,102.125,10.993149757385254,0,10,100,10,1,
492.71,-0.7216417789459229,7.68813943862915,102.125,10.993149757385254,0,10,100,10,1,
492.72,-0.814158022403717,7.587944030761719,102.4375,10.993149757385254,0,10,100,10,1,
492.73,-0.9298832416534424,7.517622947692871,102.5625,10.993149757385254,0,10,100,10,1,
492.74,-1.3208181858062744,7.748974323272705,102.6875,10.993149757385254,0,10,100,10,1,
492.75,-1.5188721418380737,7.944601535797119,102.8125,10.993149757385254,0,10,100,10,1,
492.76,-1.5188721418380737,7.944601535797119,102.8125,10.993149757385254,0,10,100,10,1,
492.77,-1.6995373964309692,8.101712226867676,103.0625,10.993149757385254,0,10,100,10,1,
492.78,-1.7965543270111084,8.324090003967285,103.1875,10.993149757385254,0,10,100,10,1,
492.79,-1.72725248336792,8.768328666687012,103.3125,10.993149757385254,0,10,100,10,1,
492.8,-1.5942516326904297,9.200972557067871,103.4375,10.993149757385254,0,10,100,10,1,
492.81,-1.5942516326904297,9.200972557067871,103.4375,10.993149757385254,0,10,100,10,1,
492.82,-1.404361605644226,9.609140396118164,103.6875,10.993149757385254,0,10,100,10,1,
492.83,-1.125207781791687,9.969603538513184,103.8125,10.993149757385254,0,10,100,10,1,
492.84,-0.6136522889137268,10.419049263000488,103.9375,10.993149757385254,0,10,100,10,1,
492.85,-0.2647055983543396,10.561768531799316,104.0625,10.993149757385254,0,10,100,10,1,
492.86,-0.2647055983543396,10.561768531799316,104.0625,10.993149757385254,0,10,100,10,1,
492.87,0.07680413126945496,10.677103996276855,104.25,10.993149757385254,0,10,100,10,1,
492.88,0.33634886145591736,10.685012817382812,104.375,10.993149757385254,0,10,100,10,1,
492.89,0.7274832725524902,10.928288459777832,104.5,10.993149757385254,0,10,100,10,1,
492.9,0.81963050365448,10.972444534301758,104.625,10.821649551391602,0,10,100,10,1,
492.91,0.81963050365448,10.972444534301758,104.625,10.821649551391602,0,10,100,10,1,
492.92,0.921877920627594,10.977313041687012,104.875,10.821649551391602,0,10,100,10,1,
492.93,1.0125705003738403,10.955126762390137,105.0625,10.821649551391602,0,10,100,10,1,
492.94,1.0500949621200562,10.762519836425781,105.1875,10.821649551391602,0,10,100,10,1,
492.95,1.0351039171218872,10.669648170471191,105.3125,10.821649551391602,0,10,100,10,1,
492.96,1.0351039171218872,10.669648170471191,105.3125,10.873100280761719,0,10,100,10,1,
492.97,0.9277340769767761,10.673528671264648,105.4375,10.873100280761719,0,10,100,10,1,
492.98,0.7708649039268494,10.599357604980469,105.75,10.873100280761719,0,10,100,10,1,
492.99,0.2730957865715027,10.484609603881836,105.9375,10.873100280761719,0,10,100,10,1,
493,-0.005914371460676193,10.408777236938477,106.0625,10.873100280761719,0,10,100,10,1,
493.01,-0.005914371460676193,10.408777236938477,106.0625,10.873100280761719,0,10,100,10,1,
493.02,-0.3362901210784912,10.2633638381958,106.1875,10.873100280761719,0,10,100,10,1,
493.03,-0.6015011668205261,10.111583709716797,106.375,10.873100280761719,0,10,100,10,1,
493.04,-1.140950322151184,9.835888862609863,106.625,10.873100280761719,0,10,100,10,1,
493.05,-1.4862874746322632,9.68250560760498,106.75,10.873100280761719,0,10,100,10,1,
493.06,-1.4862874746322632,9.68250560760498,106.75,10.873100280761719,0,10,100,10,1,
493.07,-1.7959703207015991,9.495664596557617,106.875,10.873100280761719,0,10,100,10,1,
493.08,-2.079418420791626,9.330045700073242,107,10.873100280761719,0,10,100,10,1,
493.09,-2.4699299335479736,9.194507598876953,107.1875,10.873100280761719,0,10,100,10,1,
493.1,-2.733060836791992,9.186277389526367,107.3125,10.873100280761719,0,10,100,10,1,
493.11,-2.900801658630371,9.121256828308105,107.375,10.873100280761719,0,10,100,10,1,
493.12,-2.900801658630371,9.121256828308105,107.375,10.873100280761719,0,10,100,10,1,
493.13,-3.030791997909546,9.091839790344238,107.4375,10.873100280761719,0,10,100,10,1,
493.14,-3.016078472137451,9.076388359069824,107.5625,10.873100280761719,0,10,100,10,1,
493.15,-2.927231788635254,9.092403411865234,107.625,10.873100280761719,0,10,100,10,1,
493.16,-2.7550604343414307,9.155749320983887,107.625,10.873100280761719,0,10,100,10,1,
493.17,-2.617048501968384,9.281476974487305,107.6875,10.873100280761719,0,10,100,10,1,
493.18,-2.405013084411621,9.414973258972168,107.6875,10.873100280761719,0,10,100,10,1,
493.19,-2.232558250427246,9.560102462768555,107.6875,10.873100280761719,0,10,100,10,1,
493.2,-2.0935513973236084,9.619083404541016,107.6875,10.890250205993652,0,10,100,10,1,
493.21,-2.0321245193481445,9.5908203125,107.6875,10.890250205993652,0,10,100,10,1,
493.22,-1.879987120628357,9.642101287841797,107.6875,10.890250205993652,0,10,100,10,1,
493.23,-1.7792704105377197,9.72851848602295,107.6875,10.890250205993652,0,10,100,10,1,
493.24,-1.6645017862319946,9.77143383026123,107.6875,10.890250205993652,0,10,100,10,1,
493.25,-1.6536513566970825,9.838479042053223,107.6875,10.890250205993652,0,10,100,10,1,
493.26,-1.6594005823135376,9.764603614807129,107.75,10.410049438476562,0,10,100,10,1,
493.27,-1.636892318725586,9.737310409545898,107.75,10.410049438476562,0,10,100,10,1,
493.28,-1.5710221529006958,9.729482650756836,107.6875,10.410049438476562,0,10,100,10,1,
493.29,-1.4923148155212402,9.732454299926758,107.6875,10.410049438476562,0,10,100,10,1,
493.3,-1.4790443181991577,9.657540321350098,107.6875,10.410049438476562,0,10,100,10,1,
493.31,-1.4371031522750854,9.60729694366455,107.6875,10.410049438476562,0,10,100,10,1,
493.32,-1.3517661094665527,9.640092849731445,107.625,10.993149757385254,0,10,100,10,1,
493.33,-1.2933151721954346,9.67750358581543,107.625,10.993149757385254,0,10,100,10,1,
493.34,-1.2266979217529297,9.636404991149902,107.625,10.993149757385254,0,10,100,10,1,
493.35,-1.3128421306610107,9.518939018249512,107.5625,10.993149757385254,0,10,100,10,1,
493.36,-1.3632770776748657,9.378857612609863,107.5625,10.993149757385254,0,10,100,10,1,
493.37,-1.4203155040740967,9.275283813476562,107.5,10.993149757385254,0,10,100,10,1,
493.38,-1.4838813543319702,9.187834739685059,107.5,11.627699851989746,0,10,100,10,1,
493.39,-1.5701215267181396,9.101801872253418,107.4375,11.627699851989746,0,10,100,10,1,
493.4,-1.7127692699432373,8.995965957641602,107.4375,11.627699851989746,0,10,100,10,1,
493.41,-1.8139256238937378,8.85875129699707,107.375,11.627699851989746,0,10,100,10,1,
493.42,-1.928338885307312,8.819043159484863,107.3125,11.627699851989746,0,10,100,10,1,
493.43,-2.0022127628326416,8.866913795471191,107.3125,11.627699851989746,0,10,100,10,1,
493.44,-2.0106067657470703,8.90601634979248,107.25,11.18179988861084,0,10,100,10,1,
493.45,-2.028588056564331,8.93762493133545,107.1875,11.18179988861084,0,10,100,10,1,
493.46,-2.058880090713501,8.931440353393555,107.125,11.18179988861084,0,10,100,10,1,
493.47,-2.0808322429656982,8.90351676940918,107.0625,11.18179988861084,0,10,100,10,1,
493.48,-2.113377094268799,8.873273849487305,107,11.18179988861084,0,10,100,10,1,
493.49,-2.164060115814209,8.810648918151855,106.9375,11.18179988861084,0,10,100,10,1,
493.5,-2.204490900039673,8.849894523620605,106.8125,10.821649551391602,0,10,100,10,1,
493.51,-2.3108575344085693,8.901875495910645,106.75,10.821649551391602,0,10,100,10,1,
493.52,-2.349144458770752,8.979558944702148,106.6875,10.821649551391602,0,10,100,10,1,
493.53,-2.3400533199310303,9.0532865524292,106.625,10.821649551391602,0,10,100,10,1,
493.54,-2.308027982711792,9.033966064453125,106.5625,10.821649551391602,0,10,100,10,1,
493.55,-2.2544331550598145,8.93122673034668,106.5,10.821649551391602,0,10,100,10,1,
493.56,-2.242318630218506,8.925981521606445,106.375,10.821649551391602,0,10,100,10,1,
493.57,-2.1162824630737305,8.962130546569824,106.3125,10.821649551391602,0,10,100,10,1,
493.58,-1.9106124639511108,9.029147148132324,106.25,10.821649551391602,0,10,100,10,1,
493.59,-1.6884511709213257,9.091874122619629,106.125,10.821649551391602,0,10,100,10,1,
493.6,-1.5812385082244873,9.086891174316406,106.0625,10.821649551391602,0,10,100,10,1,
493.61,-1.4697611331939697,9.087918281555176,105.9375,10.821649551391602,0,10,100,10,1,
493.62,-1.3513022661209106,9.009105682373047,105.875,11.198949813842773,0,10,100,10,1,
493.63,-1.1957921981811523,8.893659591674805,105.75,11.198949813842773,0,10,100,10,1,
493.64,-1.0812222957611084,8.80067253112793,105.6875,11.198949813842773,0,10,100,10,1,
493.65,-1.0711151361465454,8.624598503112793,105.5625,11.198949813842773,0,10,100,10,1,
493.66,-1.0193899869918823,8.50733470916748,105.4375,11.198949813842773,0,10,100,10,1,
493.67,-0.9048938155174255,8.438716888427734,105.375,11.198949813842773,0,10,100,10,1,
493.68,-0.8139731287956238,8.357854843139648,105.25,10.410049438476562,0,10,100,10,1,
493.69,-0.7539859414100647,8.307269096374512,105.125,10.410049438476562,0,10,100,10,1,
493.7,-0.7701311111450195,8.164825439453125,105.0625,10.410049438476562,0,10,100,10,1,
493.71,-0.7492428421974182,7.996753215789795,104.9375,10.410049438476562,0,10,100,10,1,
493.72,-0.7794942855834961,7.901270389556885,104.8125,10.410049438476562,0,10,100,10,1,
493.73,-0.827080249786377,7.82507848739624,104.6875,10.410049438476562,0,10,100,10,1,
493.74,-0.8926102519035339,7.748883247375488,104.5625,10.51294994354248,0,10,100,10,1,
493.75,-0.990149974822998,7.659793376922607,104.4375,10.51294994354248,0,10,100,10,1,
493.76,-1.0405081510543823,7.58115816116333,104.3125,10.51294994354248,0,10,100,10,1,
493.77,-1.11187744140625,7.558533191680908,104.1875,10.51294994354248,0,10,100,10,1,
493.78,-1.1357831954956055,7.555672645568848,104.0625,10.51294994354248,0,10,100,10,1,
493.79,-1.1183552742004395,7.572430610656738,103.9375,10.51294994354248,0,10,100,10,1,
493.8,-1.1753207445144653,7.541618824005127,103.8125,10.632999420166016,0,10,100,10,1,
493.81,-1.2706103324890137,7.497592926025391,103.6875,10.632999420166016,0,10,100,10,1,
493.82,-1.4470100402832031,7.516838073730469,103.5625,10.632999420166016,0,10,100,10,1,
493.83,-1.6147103309631348,7.56995153427124,103.4375,10.632999420166016,0,10,100,10,1,
493.84,-1.7610509395599365,7.670175552368164,103.3125,10.632999420166016,0,10,100,10,1,
493.85,-1.8828543424606323,7.795536518096924,103.1875,10.632999420166016,0,10,100,10,1,
493.86,-1.877432107925415,7.8196120262146,103.0625,11.198949813842773,0,10,100,10,1,
493.87,-1.842110514640808,7.885561466217041,102.9375,11.198949813842773,0,10,100,10,1,
493.88,-1.7171192169189453,7.938826560974121,102.8125,11.198949813842773,0,10,100,10,1,
493.89,-1.5102497339248657,7.997934818267822,102.625,11.198949813842773,0,10,100,10,1,
493.9,-1.254696011543274,8.07887077331543,102.5,11.198949813842773,0,10,100,10,1,
493.91,-1.1733914613723755,8.134140014648438,102.375,11.198949813842773,0,10,100,10,1,
493.92,-1.1480684280395508,8.20502758026123,102.25,6.7056498527526855,0,10,100,10,1,
493.93,-1.1153934001922607,8.297013282775879,102.125,6.7056498527526855,0,10,100,10,1,
493.94,-1.1122850179672241,8.354316711425781,102,6.7056498527526855,0,10,100,10,1,
493.95,-1.1199167966842651,8.381268501281738,101.875,6.7056498527526855,0,10,100,10,1,
493.96,-1.0598112344741821,8.3860445022583,101.75,6.7056498527526855,0,10,100,10,1,
493.97,-0.8333624005317688,8.4070405960083,101.5625,6.7056498527526855,0,10,100,10,1,
493.98,-0.4766513705253601,8.460041046142578,101.4375,1.5606499910354614,0,10,100,10,1,
493.99,-0.10032273828983307,8.456250190734863,101.3125,1.5606499910354614,0,10,100,10,1,
494,0.22250977158546448,8.457481384277344,101.1875,1.5606499910354614,0,10,100,10,1,
494.01,0.5894216895103455,8.463349342346191,101.0625,1.5606499910354614,0,10,100,10,1,
494.02,0.8405556082725525,8.537873268127441,101,1.5606499910354614,0,10,100,10,1,
494.03,0.7648307681083679,8.447189331054688,101,1.5606499910354614,0,10,100,10,1,
494.04,0.5775610208511353,8.236390113830566,101.0625,1.5606499910354614,0,10,100,10,1,
494.05,0.46442797780036926,7.986905574798584,101.0625,1.5606499910354614,0,10,100,10,1,
494.06,0.47860604524612427,7.650763034820557,101.0625,1.5606499910354614,0,10,100,10,1,
494.07,0.5535409450531006,7.304039478302002,101.0625,1.5606499910354614,0,10,100,10,1,
494.08,0.8093026876449585,7.125914573669434,101.0625,1.5606499910354614,0,10,100,10,1,
494.09,0.8093026876449585,7.125914573669434,101.0625,1.5606499910354614,0,10,100,10,1,
494.1,1.646059513092041,7.248734474182129,101,1.5606499910354614,0,10,100,10,1,
494.11,1.966686725616455,7.503865718841553,100.9375,1.5606499910354614,0,10,100,10,1,
494.12,1.966686725616455,7.503865718841553,100.9375,1.5606499910354614,0,10,100,10,1,
494.13,2.2315664291381836,7.925116062164307,100.875,1.5606499910354614,0,10,100,10,1,
494.14,2.1690871715545654,8.163334846496582,100.8125,1.5606499910354614,0,10,100,10,1,
494.15,1.8113528490066528,8.523934364318848,100.75,1.5606499910354614,0,10,100,10,1,
494.16,1.5884850025177002,8.645723342895508,100.75,10.495800018310547,0,10,100,10,1,
494.17,1.5884850025177002,8.645723342895508,100.75,10.495800018310547,0,10,100,10,1,
494.18,1.2843363285064697,8.844491958618164,100.625,10.495800018310547,0,10,100,10,1,
494.19,0.9313662052154541,9.168023109436035,100.5625,10.495800018310547,0,10,100,10,1,
494.2,0.2118205726146698,10.227635383605957,100.5,10.495800018310547,0,10,100,10,1,
494.21,0.1470484435558319,10.736106872558594,100.5,10.495800018310547,0,10,100,10,1,
494.22,0.1470484435558319,10.736106872558594,100.5,10.51294994354248,0,10,100,10,1,
494.23,0.028691992163658142,11.174592971801758,100.5625,10.51294994354248,0,10,100,10,1,
494.24,0.14343072474002838,11.520515441894531,100.625,10.51294994354248,0,10,100,10,1,
494.25,0.12400896847248077,11.647310256958008,100.625,10.51294994354248,0,10,100,10,1,
494.26,-0.031668491661548615,11.674077033996582,100.5625,10.51294994354248,0,10,100,10,1,
494.27,-0.031668491661548615,11.674077033996582,100.5625,10.51294994354248,0,10,100,10,1,
494.28,-0.44814014434814453,11.781110763549805,100.5625,10.51294994354248,0,10,100,10,1,
494.29,-0.882719874382019,12.15656566619873,100.625,10.51294994354248,0,10,100,10,1,
494.3,-1.7924691438674927,12.922340393066406,100.625,10.51294994354248,0,10,100,10,1,
494.31,-2.278493642807007,12.894059181213379,100.6875,10.51294994354248,0,10,100,10,1,
494.32,-2.278493642807007,12.894059181213379,100.6875,10.51294994354248,0,10,100,10,1,
494.33,-2.659566879272461,12.440003395080566,100.75,10.51294994354248,0,10,100,10,1,
494.34,-2.9926817417144775,11.69859790802002,100.8125,10.51294994354248,0,10,100,10,1,
494.35,-4.069278717041016,10.668416976928711,100.875,10.51294994354248,0,10,100,10,1,
494.36,-4.817439556121826,10.378188133239746,100.9375,10.51294994354248,0,10,100,10,1,
494.37,-4.817439556121826,10.378188133239746,100.9375,10.51294994354248,0,10,100,10,1,
494.38,-5.42039155960083,10.448358535766602,101,10.51294994354248,0,10,100,10,1,
494.39,-5.7996907234191895,10.69504165649414,101.0625,10.51294994354248,0,10,100,10,1,
494.4,-5.875560283660889,10.59460163116455,101.0625,10.51294994354248,0,10,100,10,1,
494.41,-5.567399024963379,10.385644912719727,101,10.51294994354248,0,10,100,10,1,
494.42,-5.567399024963379,10.385644912719727,101,10.51294994354248,0,10,100,10,1,
494.43,-5.0154643058776855,10.14067554473877,100.9375,10.51294994354248,0,10,100,10,1,
494.44,-4.607252597808838,9.898029327392578,100.8125,10.51294994354248,0,10,100,10,1,
494.45,-4.3242692947387695,10.124090194702148,100.75,10.51294994354248,0,10,100,10,1,
494.46,-4.09266996383667,10.414297103881836,100.6875,10.787349700927734,0,10,100,10,1,
494.47,-4.09266996383667,10.414297103881836,100.6875,10.787349700927734,0,10,100,10,1,
494.48,-3.7824997901916504,10.784629821777344,100.5625,10.787349700927734,0,10,100,10,1,
494.49,-3.345310926437378,11.120393753051758,100.5,10.787349700927734,0,10,100,10,1,
494.5,-1.9352704286575317,11.303479194641113,100.4375,10.787349700927734,0,10,100,10,1,
494.51,-1.0333137512207031,11.326408386230469,100.375,10.787349700927734,0,10,100,10,1,
494.52,-1.0333137512207031,11.326408386230469,100.375,10.392899513244629,0,10,100,10,1,
494.53,0.0023120343685150146,11.441082954406738,100.1875,10.392899513244629,0,10,100,10,1,
494.54,0.9690966606140137,11.607925415039062,100.125,10.392899513244629,0,10,100,10,1,
494.55,2.421602487564087,12.19011116027832,100.0625,10.392899513244629,0,10,100,10,1,
494.56,2.981107473373413,12.45347785949707,100,10.392899513244629,0,10,100,10,1,
494.57,2.981107473373413,12.45347785949707,100,10.392899513244629,0,10,100,10,1,
494.58,3.4542858600616455,12.641796112060547,99.9375,10.392899513244629,0,10,100,10,1,
494.59,3.8230390548706055,12.692970275878906,100,10.392899513244629,0,10,100,10,1,
494.6,4.546721458435059,12.477095603942871,99.9375,10.392899513244629,0,10,100,10,1,
494.61,4.946828365325928,12.469071388244629,100,10.392899513244629,0,10,100,10,1,
494.62,4.946828365325928,12.469071388244629,100,10.392899513244629,0,10,100,10,1,
494.63,5.322458744049072,12.51584243774414,100.0625,10.392899513244629,0,10,100,10,1,
494.64,5.472580432891846,12.615917205810547,100.0625,10.392899513244629,0,10,100,10,1,
494.65,5.168598651885986,12.759820938110352,100.125,10.392899513244629,0,10,100,10,1,
494.66,4.750925540924072,12.614411354064941,100.1875,10.392899513244629,0,10,100,10,1,
494.67,4.750925540924072,12.614411354064941,100.1875,10.392899513244629,0,10,100,10,1,
494.68,4.208919525146484,12.39663028717041,100.375,10.392899513244629,0,10,100,10,1,
494.69,3.64503812789917,12.092269897460938,100.4375,10.392899513244629,0,10,100,10,1,
494.7,2.3926453590393066,11.56661319732666,100.5625,10.392899513244629,0,10,100,10,1,
494.71,1.837996482849121,11.474149703979492,100.6875,10.392899513244629,0,10,100,10,1,
494.72,1.837996482849121,11.474149703979492,100.6875,10.392899513244629,0,10,100,10,1,
494.73,1.3376078605651855,11.4672212600708,100.875,10.392899513244629,0,10,100,10,1,
494.74,0.8941348195075989,11.469537734985352,101,10.392899513244629,0,10,100,10,1,
494.75,0.1983763575553894,11.080361366271973,101.0625,10.392899513244629,0,10,100,10,1,
494.76,-0.02545669674873352,10.895859718322754,101.1875,10.804499626159668,0,10,100,10,1,
494.77,-0.02545669674873352,10.895859718322754,101.1875,10.804499626159668,0,10,100,10,1,
494.78,-0.22841614484786987,10.742401123046875,101.3125,10.804499626159668,0,10,100,10,1,
494.79,-0.6493231058120728,10.60430908203125,101.375,10.804499626159668,0,-10,100,10,1,
494.8,-2.0525639057159424,10.4501314163208,101.5,10.804499626159668,0,-10,100,10,1,
494.81,-2.726624011993408,10.50285530090332,101.5625,10.804499626159668,0,-10,100,10,1,
494.82,-2.726624011993408,10.50285530090332,101.5625,10.71875,0,-10,100,10,1,
494.83,-3.1289656162261963,10.50154972076416,101.75,10.71875,0,-10,100,10,1,
494.84,-3.408855676651001,10.374905586242676,101.8125,10.71875,0,-10,100,10,1,
494.85,-3.3975989818573,9.69704532623291,101.875,10.71875,0,-10,100,10,1,
494.86,-3.3474836349487305,9.455968856811523,101.9375,10.71875,0,-10,100,10,1,
494.87,-3.3474836349487305,9.455968856811523,101.9375,10.71875,0,-10,100,10,1,
494.88,-3.2615270614624023,9.321609497070312,102.0625,10.71875,0,-10,100,10,1,
494.89,-3.2220072746276855,9.245325088500977,102.125,10.71875,0,-10,100,10,1,
494.9,-2.9341323375701904,8.389579772949219,102.1875,10.71875,0,-10,100,10,1,
494.91,-2.741133213043213,7.569049835205078,102.25,10.71875,0,-10,100,10,1,
494.92,-2.741133213043213,7.569049835205078,102.25,10.71875,0,-10,100,10,1,
494.93,-2.675706624984741,6.439393043518066,102.3125,10.71875,0,-10,100,10,1,
494.94,-2.5727460384368896,5.073598861694336,102.375,10.71875,0,-10,100,10,1,
494.95,-2.3557240962982178,2.4325342178344727,102.4375,10.71875,0,-10,100,10,1,
494.96,-2.2339589595794678,1.1323707103729248,102.5,10.71875,0,-10,100,10,1,
494.97,-2.2339589595794678,1.1323707103729248,102.5,10.71875,0,-10,100,10,1,
494.98,-2.0944268703460693,-0.11823901534080505,102.625,10.71875,0,-10,100,10,1,
494.99,-1.9498908519744873,-1.4296257495880127,102.625,10.71875,0,-10,100,10,1,
495,-1.5914201736450195,-4.25617790222168,102.6875,10.71875,0,-10,100,10,1,
495.01,-1.290556788444519,-6.010988235473633,102.75,10.71875,0,-10,100,10,1,
495.02,-1.290556788444519,-6.010988235473633,102.75,10.71875,0,-10,100,10,1,
495.03,-0.927026093006134,-7.962453842163086,102.8125,10.71875,0,-10,100,10,1,
495.04,-0.4481314718723297,-10.232521057128906,102.875,10.71875,0,-10,100,10,1,
495.05,0.13562965393066406,-14.9876127243042,102.875,10.71875,0,-10,100,10,1,
495.06,0.15558812022209167,-17.080028533935547,102.875,11.147500038146973,0,-10,100,10,1,
495.07,0.15558812022209167,-17.080028533935547,102.875,11.147500038146973,0,-10,100,10,1,
495.08,0.10446556657552719,-18.736026763916016,102.8125,11.147500038146973,0,-10,100,10,1,
495.09,-0.03554856777191162,-20.149385452270508,102.8125,11.147500038146973,0,-10,100,10,1,
495.1,-0.3508126437664032,-23.191476821899414,102.75,11.147500038146973,0,-10,100,10,1,
495.11,-0.3505783677101135,-24.720375061035156,102.6875,11.147500038146973,0,-10,100,10,1,
495.12,-0.3505783677101135,-24.720375061035156,102.6875,10.7701997756958,0,-10,100,10,1,
495.13,-0.4457697868347168,-26.182233810424805,102.625,10.7701997756958,0,-10,100,10,1,
495.14,-0.49312886595726013,-27.40749740600586,102.5625,10.7701997756958,0,-10,100,10,1,
495.15,-0.40876534581184387,-28.745880126953125,102.4375,10.7701997756958,0,-10,100,10,1,
495.16,-0.22615432739257812,-28.87126350402832,102.4375,10.7701997756958,0,-10,100,10,1,
495.17,-0.22615432739257812,-28.87126350402832,102.4375,10.7701997756958,0,-10,100,10,1,
495.18,-0.09508489072322845,-28.810039520263672,102.375,10.7701997756958,0,-10,100,10,1,
495.19,-0.13153907656669617,-28.77988052368164,102.3125,10.7701997756958,0,-10,100,10,1,
495.2,-0.3184778392314911,-28.944869995117188,102.1875,10.7701997756958,0,-10,100,10,1,
495.21,-0.49598997831344604,-29.0496768951416,102.125,10.7701997756958,0,-10,100,10,1,
495.22,-0.5010370016098022,-29.024433135986328,102.0625,10.7701997756958,0,-10,100,10,1,
495.23,-0.5010370016098022,-29.024433135986328,102.0625,10.7701997756958,0,-10,100,10,1,
495.24,-0.3192964196205139,-28.236888885498047,101.9375,10.7701997756958,0,-10,100,10,1,
495.25,-0.07314484566450119,-27.786075592041016,101.875,10.7701997756958,0,-10,100,10,1,
495.26,0.21116146445274353,-27.439685821533203,101.8125,10.7701997756958,0,-10,100,10,1,
495.27,0.6388983130455017,-27.216672897338867,101.8125,10.7701997756958,0,-10,100,10,1,
495.28,1.0717483758926392,-27.207386016845703,101.75,10.7701997756958,0,-10,100,10,1,
495.29,1.5031394958496094,-27.362281799316406,101.75,10.7701997756958,0,-10,100,10,1,
495.3,2.106549024581909,-27.594593048095703,101.6875,10.324299812316895,0,-10,100,10,1,
495.31,2.659095287322998,-27.82878303527832,101.625,10.324299812316895,0,-10,100,10,1,
495.32,3.096864938735962,-27.93958854675293,101.5625,10.324299812316895,0,-10,100,10,1,
495.33,3.500009059906006,-27.93572998046875,101.5,10.324299812316895,0,-10,100,10,1,
495.34,3.988645553588867,-27.897798538208008,101.375,10.324299812316895,0,-10,100,10,1,
495.35,4.563909530639648,-27.921945571899414,101.25,10.324299812316895,0,-10,100,10,1,
495.36,5.215973854064941,-28.02254867553711,101.125,10.307149887084961,0,-10,100,10,1,
495.37,5.865138053894043,-28.176559448242188,101,10.307149887084961,0,-10,100,10,1,
495.38,6.304898262023926,-28.36620330810547,100.8125,10.307149887084961,0,-10,100,10,1,
495.39,6.53139591217041,-28.42154312133789,100.625,10.307149887084961,0,-10,100,10,1,
495.4,6.5352373123168945,-28.31519889831543,100.4375,10.307149887084961,0,-10,100,10,1,
495.41,6.2252349853515625,-28.00597381591797,100.1875,10.307149887084961,0,-10,100,10,1,
495.42,5.914281368255615,-27.671579360961914,99.9375,10.289999961853027,0,-10,100,10,1,
495.43,5.60312557220459,-27.229537963867188,99.6875,10.289999961853027,0,-10,100,10,1,
495.44,5.436041355133057,-26.818376541137695,99.4375,10.289999961853027,0,-10,100,10,1,
495.45,5.330571174621582,-26.50220489501953,99.125,10.289999961853027,0,-10,100,10,1,
495.46,5.0929460525512695,-26.398290634155273,98.9375,10.289999961853027,0,-10,100,10,1,
495.47,4.98677921295166,-26.332902908325195,98.6875,10.289999961853027,0,-10,100,10,1,
495.48,4.710264682769775,-26.25950050354004,98.4375,10.6673002243042,0,-10,100,10,1,
495.49,4.432511329650879,-26.009611129760742,98.1875,10.6673002243042,0,-10,100,10,1,
495.5,4.0396246910095215,-25.72162437438965,98,10.6673002243042,0,-10,100,10,1,
495.51,3.478045701980591,-25.517498016357422,97.75,10.6673002243042,0,-10,100,10,1,
495.52,3.001702308654785,-25.41360092163086,97.5625,10.6673002243042,0,-10,100,10,1,
495.53,2.5665178298950195,-25.434572219848633,97.3125,10.6673002243042,0,-10,100,10,1,
495.54,2.2954049110412598,-25.558469772338867,97.125,10.735899925231934,0,-10,100,10,1,
495.55,2.2542707920074463,-25.68660545349121,96.9375,10.735899925231934,0,-10,100,10,1,
495.56,2.28192138671875,-25.862491607666016,96.75,10.735899925231934,0,-10,100,10,1,
495.57,2.3044164180755615,-25.993017196655273,96.5625,10.735899925231934,0,-10,100,10,1,
495.58,2.4224846363067627,-26.015958786010742,96.4375,10.735899925231934,0,-10,100,10,1,
495.59,2.6092071533203125,-26.037565231323242,96.3125,10.735899925231934,0,-10,100,10,1,
495.6,2.679769277572632,-26.1252384185791,96.125,10.307149887084961,0,-10,100,10,1,
495.61,2.8269882202148438,-26.287845611572266,96,10.307149887084961,0,-10,100,10,1,
495.62,3.1157422065734863,-26.661211013793945,95.875,10.307149887084961,0,-10,100,10,1,
495.63,3.361130952835083,-27.075502395629883,95.75,10.307149887084961,0,-10,100,10,1,
495.64,3.3793206214904785,-27.53731346130371,95.625,10.307149887084961,0,-10,100,10,1,
495.65,3.474080801010132,-27.781734466552734,95.5,10.307149887084961,0,-10,100,10,1,
495.66,3.5903046131134033,-27.8410587310791,95.375,10.701600074768066,0,-10,100,10,1,
495.67,3.613389015197754,-27.77203941345215,95.25,10.701600074768066,0,-10,100,10,1,
495.68,3.8040783405303955,-27.664506912231445,95.125,10.701600074768066,0,-10,100,10,1,
495.69,4.106914520263672,-27.619220733642578,95,10.701600074768066,0,-10,100,10,1,
495.7,4.151150703430176,-27.709035873413086,94.875,10.701600074768066,0,-10,100,10,1,
495.71,4.291056156158447,-27.7342529296875,94.8125,10.701600074768066,0,-10,100,10,1,
495.72,4.375114917755127,-27.629405975341797,94.6875,10.71875,0,-10,100,10,1,
495.73,4.361862659454346,-27.442686080932617,94.5625,10.71875,0,-10,100,10,1,
495.74,4.317647933959961,-27.2082462310791,94.4375,10.71875,0,-10,100,10,1,
495.75,4.3425445556640625,-26.949819564819336,94.375,10.71875,0,-10,100,10,1,
495.76,4.426868438720703,-26.785276412963867,94.25,10.71875,0,-10,100,10,1,
495.77,4.237980842590332,-26.836057662963867,94.125,10.71875,0,-10,100,10,1,
495.78,4.284895896911621,-26.91551399230957,94.0625,10.735899925231934,0,-10,100,10,1,
495.79,4.379363536834717,-26.976890563964844,93.9375,10.735899925231934,0,-10,100,10,1,
495.8,4.474700450897217,-26.90639305114746,93.875,10.735899925231934,0,-10,100,10,1,
495.81,4.784578800201416,-26.76082420349121,93.8125,10.735899925231934,0,-10,100,10,1,
495.82,4.959922790527344,-26.411949157714844,93.75,10.735899925231934,0,-10,100,10,1,
495.83,5.187778949737549,-26.051441192626953,93.625,10.735899925231934,0,-10,100,10,1,
495.84,5.498752117156982,-25.77315330505371,93.5625,10.289999961853027,0,-10,100,10,1,
495.85,5.857329845428467,-25.56560707092285,93.5,10.289999961853027,0,-10,100,10,1,
495.86,6.174200057983398,-25.48681640625,93.4375,10.289999961853027,0,-10,100,10,1,
495.87,6.303340911865234,-25.467464447021484,93.375,10.289999961853027,0,-10,100,10,1,
495.88,6.501590728759766,-25.456459045410156,93.25,10.289999961853027,0,-10,100,10,1,
495.89,6.501590728759766,-25.382110595703125,93.1875,10.289999961853027,0,-10,100,10,1,
495.9,6.742568016052246,-25.382110595703125,93.1875,9.535399436950684,0,-10,100,10,1,
495.91,7.1006388664245605,-24.942543029785156,93,9.535399436950684,0,-10,100,10,1,
495.92,7.1006388664245605,-24.942543029785156,93,9.535399436950684,0,-10,100,10,1,
495.93,7.1461639404296875,-24.57975196838379,92.9375,9.535399436950684,0,-10,100,10,1,
495.94,7.242425918579102,-24.22162437438965,92.8125,9.535399436950684,0,-10,100,10,1,
495.95,7.07952880859375,-23.89874839782715,92.6875,9.535399436950684,0,-10,100,10,1,
495.96,6.874696254730225,-23.506990432739258,92.625,1.972249984741211,0,-10,100,10,1,
495.97,6.63675594329834,-23.09616470336914,92.5,1.972249984741211,0,-10,100,10,1,
495.98,6.234679222106934,-22.635581970214844,92.375,1.972249984741211,0,-10,100,10,1,
495.99,5.859813690185547,-22.05373764038086,92.3125,1.972249984741211,0,-10,100,10,1,
496,5.454120635986328,-21.506553649902344,92.1875,1.972249984741211,0,-10,100,10,1,
496.01,5.1059250831604,-20.881175994873047,92.125,1.972249984741211,0,-10,100,10,1,
496.02,4.804369926452637,-20.19596290588379,92.0625,6.396949768066406,0,-10,100,10,1,
496.03,4.445285320281982,-19.675830841064453,91.9375,6.396949768066406,0,-10,100,10,1,
496.04,3.941927671432495,-19.52048683166504,91.9375,6.396949768066406,0,-10,100,10,1,
496.05,3.4361016750335693,-19.396881103515625,91.875,6.396949768066406,0,-10,100,10,1,
496.06,2.9312376976013184,-19.404247283935547,91.875,6.396949768066406,0,-10,100,10,1,
496.07,2.436336040496826,-19.446352005004883,91.875,6.396949768066406,0,-10,100,10,1,
496.08,2.0239744186401367,-19.473459243774414,91.875,6.276899814605713,0,-10,100,10,1,
496.09,1.6391760110855103,-19.49373435974121,91.9375,6.276899814605713,0,-10,100,10,1,
496.1,1.1613599061965942,-19.640146255493164,91.9375,6.276899814605713,0,-10,100,10,1,
496.11,0.8153630495071411,-19.870027542114258,91.9375,6.276899814605713,0,-10,100,10,1,
496.12,0.267730176448822,-20.276504516601562,92,6.276899814605713,0,-10,100,10,1,
496.13,-0.2975758910179138,-20.719392776489258,92,6.276899814605713,0,-10,100,10,1,
496.14,-0.8165007829666138,-21.096773147583008,92,6.276899814605713,0,-10,100,10,1,
496.15,-1.3399063348770142,-21.378583908081055,92.0625,6.276899814605713,0,-10,100,10,1,
496.16,-1.7898828983306885,-21.53021240234375,92.0625,6.276899814605713,0,-10,100,10,1,
496.17,-2.1714487075805664,-21.61762237548828,92.0625,6.276899814605713,0,-10,100,10,1,
496.18,-2.4404914379119873,-21.649524688720703,92.125,6.276899814605713,0,-10,100,10,1,
496.19,-2.53251314163208,-21.629377365112305,92.25,6.276899814605713,0,-10,100,10,1,
496.2,-2.698517084121704,-21.730396270751953,92.375,6.276899814605713,0,-10,100,10,1,
496.21,-2.737645387649536,-21.798072814941406,92.5,6.276899814605713,0,-10,100,10,1,
496.22,-2.8233706951141357,-21.88523292541504,92.5,6.276899814605713,0,-10,100,10,1,
496.23,-2.9753267765045166,-21.84579849243164,92.625,6.276899814605713,0,-10,100,10,1,
496.24,-2.9810335636138916,-21.66535186767578,92.875,6.276899814605713,0,-10,100,10,1,
496.25,-2.9010698795318604,-21.338638305664062,93,6.276899814605713,0,-10,100,10,1,
496.26,-2.7266037464141846,-21.027910232543945,93.125,6.276899814605713,0,-10,100,10,1,
496.27,-2.5738816261291504,-20.822998046875,93.125,6.276899814605713,0,-10,100,10,1,
496.28,-2.361421585083008,-20.65957260131836,93.3125,6.276899814605713,0,-10,100,10,1,
496.29,-2.264177083969116,-20.5800724029541,93.5625,6.276899814605713,0,-10,100,10,1,
496.3,-2.1542890071868896,-20.430021286010742,93.75,6.276899814605713,0,-10,100,10,1,
496.31,-2.0267231464385986,-20.229001998901367,93.875,6.276899814605713,0,-10,100,10,1,
496.32,-1.8857855796813965,-19.987356185913086,93.875,10.787349700927734,0,-10,100,10,1,
496.33,-1.7188715934753418,-19.730125427246094,94,10.787349700927734,0,-10,100,10,1,
496.34,-1.4900765419006348,-19.4973087310791,94.25,10.787349700927734,0,-10,100,10,1,
496.35,-1.276587724685669,-19.34901237487793,94.375,10.787349700927734,0,-10,100,10,1,
496.36,-1.075671672821045,-19.325820922851562,94.5625,10.787349700927734,0,-10,100,10,1,
496.37,-0.85032057762146,-19.291845321655273,94.5625,10.787349700927734,0,-10,100,10,1,
496.38,-0.7682516574859619,-19.362966537475586,94.6875,10.615849494934082,0,-10,100,10,1,
496.39,-0.7577143311500549,-19.293434143066406,95.0625,10.615849494934082,0,-10,100,10,1,
496.4,-0.7588784694671631,-19.128047943115234,95.25,10.615849494934082,0,-10,100,10,1,
496.41,-0.663395881652832,-19.021995544433594,95.4375,10.615849494934082,0,-10,100,10,1,
496.42,-0.45847654342651367,-18.926149368286133,95.4375,10.615849494934082,0,-10,100,10,1,
496.43,-0.3257017433643341,-18.83395004272461,95.625,10.615849494934082,0,-10,100,10,1,
496.44,-0.09214995056390762,-18.843685150146484,96.0625,10.615849494934082,0,-10,100,10,1,
496.45,0.14065757393836975,-18.967313766479492,96.3125,10.615849494934082,0,-10,100,10,1,
496.46,0.29482516646385193,-19.17469024658203,96.5,10.615849494934082,0,-10,100,10,1,
496.47,0.25217628479003906,-19.34415626525879,96.5,10.615849494934082,0,-10,100,10,1,
496.48,0.12807443737983704,-19.449785232543945,96.75,10.615849494934082,0,-10,100,10,1,
496.49,0.021580517292022705,-19.429954528808594,97.25,10.615849494934082,0,-10,100,10,1,
496.5,-0.05219614505767822,-19.418123245239258,97.5,10.615849494934082,0,-10,100,10,1,
496.51,-0.03578239679336548,-19.386863708496094,97.75,10.615849494934082,0,-10,100,10,1,
496.52,-0.03773874789476395,-19.53971290588379,97.75,10.615849494934082,0,-10,100,10,1,
496.53,0.12434511631727219,-19.64379119873047,98,10.615849494934082,0,-10,100,10,1,
496.54,0.2075934112071991,-19.809282302856445,98.5625,10.615849494934082,0,-10,100,10,1,
496.55,0.10268154740333557,-19.98958396911621,98.875,10.615849494934082,0,-10,100,10,1,
496.56,-0.10352610051631927,-20.139253616333008,99.125,10.615849494934082,0,-10,100,10,1,
496.57,-0.18581166863441467,-20.213973999023438,99.125,10.615849494934082,0,-10,100,10,1,
496.58,-0.312430739402771,-20.1975154876709,99.375,10.615849494934082,0,-10,100,10,1,
496.59,-0.35698843002319336,-20.156450271606445,99.875,10.615849494934082,0,-10,100,10,1,
496.6,-0.36513733863830566,-19.977022171020508,100.125,10.615849494934082,0,-10,100,10,1,
496.61,-0.3894481658935547,-19.850116729736328,100.4375,10.615849494934082,0,-10,100,10,1,
496.62,-0.4336112141609192,-19.76828384399414,100.4375,10.598699569702148,0,-10,100,10,1,
496.63,-0.4308135509490967,-19.730331420898438,100.6875,10.598699569702148,0,-10,100,10,1,
496.64,-0.5933708548545837,-19.76218032836914,101.25,10.598699569702148,0,-10,100,10,1,
496.65,-0.755973219871521,-19.674278259277344,101.5625,10.598699569702148,0,-10,100,10,1,
496.66,-0.9931377172470093,-19.48419761657715,101.8125,10.598699569702148,0,-10,100,10,1,
496.67,-1.1561833620071411,-19.13825035095215,101.8125,10.598699569702148,0,-10,100,10,1,
496.68,-1.2073293924331665,-18.71953582763672,102.125,10.684450149536133,0,-10,100,10,1,
496.69,-1.2516030073165894,-18.168306350708008,102.625,10.684450149536133,0,-10,100,10,1,
496.7,-1.33004891872406,-17.693302154541016,102.875,10.684450149536133,0,-10,100,10,1,
496.71,-1.3614988327026367,-17.13650131225586,103.1875,10.684450149536133,0,-10,100,10,1,
496.72,-1.3685179948806763,-16.558027267456055,103.1875,10.684450149536133,0,-10,100,10,1,
496.73,-1.2637463808059692,-15.950127601623535,103.4375,10.684450149536133,0,-10,100,10,1,
496.74,-1.062493920326233,-15.29373836517334,103.9375,10.684450149536133,0,-10,100,10,1,
496.75,-0.8546010255813599,-14.557775497436523,104.1875,10.684450149536133,0,-10,100,10,1,
496.76,-0.6754396557807922,-13.89139461517334,104.5,10.684450149536133,0,-10,100,10,1,
496.77,-0.659884512424469,-13.340092658996582,104.5,10.684450149536133,0,-10,100,10,1,
496.78,-0.6207306385040283,-12.78272533416748,104.75,10.684450149536133,0,-10,100,10,1,
496.79,-0.6008520126342773,-12.23918342590332,105.1875,10.684450149536133,0,-10,100,10,1,
496.8,-0.5924214124679565,-11.747572898864746,105.4375,10.684450149536133,0,-10,100,10,1,
496.81,-0.5791863203048706,-11.309897422790527,105.6875,10.684450149536133,0,-10,100,10,1,
496.82,-0.629377543926239,-10.964437484741211,105.6875,10.684450149536133,0,-10,100,10,1,
496.83,-0.5697247385978699,-10.631714820861816,105.9375,10.684450149536133,0,-10,100,10,1,
496.84,-0.48555222153663635,-10.271074295043945,106.375,10.684450149536133,0,-10,100,10,1,
496.85,-0.31923532485961914,-9.929636001586914,106.625,10.684450149536133,0,-10,100,10,1,
496.86,-0.09381338953971863,-9.63687801361084,106.875,10.684450149536133,0,-10,100,10,1,
496.87,0.11593776196241379,-9.483111381530762,106.875,10.684450149536133,0,-10,100,10,1,
496.88,0.2377759963274002,-9.384241104125977,107.0625,10.684450149536133,0,-10,100,10,1,
496.89,0.37239301204681396,-9.296605110168457,107.5,10.684450149536133,0,-10,100,10,1,
496.9,0.3829430639743805,-9.236814498901367,107.75,10.684450149536133,0,-10,100,10,1,
496.91,0.37138575315475464,-9.180449485778809,108,10.684450149536133,0,-10,100,10,1,
496.92,0.32041803002357483,-9.183795928955078,108,10.7701997756958,0,-10,100,10,1,
496.93,0.19429366290569305,-9.200472831726074,108.1875,10.7701997756958,0,-10,100,10,1,
496.94,0.058070793747901917,-9.172802925109863,108.625,10.7701997756958,0,-10,100,10,1,
496.95,0.001336934044957161,-9.144105911254883,108.8125,10.7701997756958,0,-10,100,10,1,
496.96,0.006621010601520538,-9.156632423400879,109,10.7701997756958,0,-10,100,10,1,
496.97,0.05355025455355644,-9.171401023864746,109,10.7701997756958,0,-10,100,10,1,
496.98,0.09682489931583405,-9.237311363220215,109.1875,11.164649963378906,0,-10,100,10,1,
496.99,0.07112865149974823,-9.356363296508789,109.625,11.164649963378906,0,-10,100,10,1,
497,-0.03764217719435692,-9.49848461151123,109.8125,11.164649963378906,0,-10,100,10,1,
497.01,-0.17719078063964844,-9.657586097717285,110,11.164649963378906,0,-10,100,10,1,
497.02,-0.34576481580734253,-9.76902961730957,110,11.164649963378906,0,-10,100,10,1,
497.03,-0.49412575364112854,-9.825501441955566,110.1875,11.164649963378906,0,-10,100,10,1,
497.04,-0.6674696207046509,-9.8621826171875,110.5625,11.164649963378906,0,-10,100,10,1,
497.05,-0.779110312461853,-9.851216316223145,110.75,11.164649963378906,0,-10,100,10,1,
497.06,-0.874172031879425,-9.79576587677002,110.875,11.164649963378906,0,-10,100,10,1,
497.07,-0.9128980040550232,-9.713987350463867,110.875,11.164649963378906,0,-10,100,10,1,
497.08,-0.9244470596313477,-9.604736328125,111,11.164649963378906,0,-10,100,10,1,
497.09,-0.97087562084198,-9.420458793640137,111.1875,11.164649963378906,0,-10,100,10,1,
497.1,-0.9826610684394836,-9.21430492401123,111.375,11.164649963378906,0,-10,100,10,1,
497.11,-0.9968731999397278,-8.963545799255371,111.5,11.164649963378906,0,-10,100,10,1,
497.12,-0.9476342797279358,-8.690034866333008,111.5,11.164649963378906,0,-10,100,10,1,
497.13,-0.8264345526695251,-8.358922004699707,111.625,11.164649963378906,0,-10,100,10,1,
497.14,-0.7150253653526306,-7.98303747177124,111.6875,11.164649963378906,0,-10,100,10,1,
497.15,-0.5842910408973694,-7.624823570251465,111.875,11.164649963378906,0,-10,100,10,1,
497.16,-0.5021165013313293,-7.301980495452881,111.875,11.164649963378906,0,-10,100,10,1,
497.17,-0.51960688829422,-6.981598377227783,111.875,11.164649963378906,0,-10,100,10,1,
497.18,-0.39761683344841003,-6.708227634429932,111.9375,11.164649963378906,0,-10,100,10,1,
497.19,-0.16731002926826477,-6.480679035186768,111.9375,11.164649963378906,0,-10,100,10,1,
497.2,0.05293504148721695,-6.287494659423828,112,11.164649963378906,0,-10,100,10,1,
497.21,0.18989187479019165,-6.1876420974731445,111.9375,11.164649963378906,0,-10,100,10,1,
497.22,0.2367614358663559,-6.100303649902344,111.9375,11.18179988861084,0,-10,100,10,1,
497.23,0.2754600942134857,-6.045283794403076,111.9375,11.18179988861084,0,-10,100,10,1,
497.24,0.3471563458442688,-5.963484287261963,111.875,11.18179988861084,0,-10,100,10,1,
497.25,0.43049708008766174,-5.895051956176758,111.8125,11.18179988861084,0,-10,100,10,1,
497.261,0.4954177141189575,-5.863940715789795,111.75,11.18179988861084,0,-10,100,10,1,
497.27,0.47535720467567444,-5.878585338592529,111.6875,11.18179988861084,0,-10,100,10,1,
497.28,0.43270188570022583,-5.981447696685791,111.625,10.701600074768066,0,-10,100,10,1,
497.29,0.33192548155784607,-6.161594390869141,111.5625,10.701600074768066,0,-10,100,10,1,
497.3,0.22212760150432587,-6.334253311157227,111.4375,10.701600074768066,0,-10,100,10,1,
497.31,0.13865144550800323,-6.479294776916504,111.3125,10.701600074768066,0,-10,100,10,1,
497.32,0.04406303912401199,-6.591292858123779,111.1875,10.701600074768066,0,-10,100,10,1,
497.33,-0.02873414009809494,-6.744786262512207,111.0625,10.701600074768066,0,-10,100,10,1,
497.34,-0.13048133254051208,-6.890381813049316,110.9375,10.701600074768066,0,-10,100,10,1,
497.35,-0.26922354102134705,-7.09697961807251,110.75,10.701600074768066,0,-10,100,10,1,
497.36,-0.471885085105896,-7.2644782066345215,110.625,10.701600074768066,0,-10,100,10,1,
497.37,-0.692122757434845,-7.52528715133667,110.4375,10.701600074768066,0,-10,100,10,1,
497.38,-1.0035154819488525,-7.841507911682129,110.25,10.701600074768066,0,-10,100,10,1,
497.39,-1.34763503074646,-8.208045959472656,110.0625,10.701600074768066,0,-10,100,10,1,
497.4,-1.6610031127929688,-8.513334274291992,109.875,10.701600074768066,0,-10,100,10,1,
497.41,-1.9927674531936646,-8.82976245880127,109.625,10.701600074768066,0,-10,100,10,1,
497.42,-2.2745697498321533,-8.982150077819824,109.4375,10.701600074768066,0,-10,100,10,1,
497.43,-2.456105947494507,-9.094544410705566,109.1875,10.701600074768066,0,-10,100,10,1,
497.44,-2.5690953731536865,-9.141694068908691,109,10.701600074768066,0,-10,100,10,1,
497.45,-2.6371991634368896,-9.093938827514648,108.75,10.701600074768066,0,-10,100,10,1,
497.46,-2.7501449584960938,-9.047289848327637,108.5,11.061749458312988,0,-10,100,10,1,
497.47,-2.777467966079712,-8.965079307556152,108.25,11.061749458312988,0,-10,100,10,1,
497.48,-2.8112621307373047,-8.793012619018555,107.9375,11.061749458312988,0,-10,100,10,1,
497.49,-2.860428810119629,-8.62325382232666,107.6875,11.061749458312988,0,-10,100,10,1,
497.5,-2.8486580848693848,-8.330856323242188,107.375,11.061749458312988,0,-10,100,10,1,
497.51,-2.7841455936431885,-8.06308364868164,107.125,11.061749458312988,0,-10,100,10,1,
497.52,-2.798633098602295,-7.822345733642578,106.8125,10.804499626159668,0,-10,100,10,1,
497.53,-2.7737905979156494,-7.6251091957092285,106.5,10.804499626159668,0,-10,100,10,1,
497.54,-2.74973464012146,-7.498569488525391,106.25,10.804499626159668,0,-10,100,10,1,
497.55,-2.678299903869629,-7.379888534545898,105.9375,10.804499626159668,0,-10,100,10,1,
497.56,-2.5220298767089844,-7.268731117248535,105.5625,10.804499626159668,0,-10,100,10,1,
497.57,-2.373556137084961,-7.187659740447998,105.25,10.804499626159668,0,-10,100,10,1,
497.58,-2.069532871246338,-7.078556060791016,104.9375,10.7701997756958,0,-10,100,10,1,
497.59,-1.7068628072738647,-7.023736476898193,104.625,10.7701997756958,0,-10,100,10,1,
497.6,-1.4614217281341553,-7.050465106964111,104.25,10.7701997756958,0,-10,100,10,1,
497.61,-1.240912675857544,-7.097863674163818,103.9375,10.7701997756958,0,-10,100,10,1,
497.62,-0.9989267587661743,-7.1370625495910645,103.5625,10.7701997756958,0,-10,100,10,1,
497.63,-0.7515958547592163,-7.147030353546143,103.25,10.7701997756958,0,-10,100,10,1,
497.64,-0.4818479120731354,-7.198153018951416,102.875,10.735899925231934,0,-10,100,10,1,
497.65,-0.2872105538845062,-7.274050712585449,102.5,10.735899925231934,0,-10,100,10,1,
497.66,-0.0797424465417862,-7.336355209350586,102.1875,10.735899925231934,0,-10,100,10,1,
497.67,0.13242338597774506,-7.388079643249512,101.8125,10.735899925231934,0,-10,100,10,1,
497.68,0.36943694949150085,-7.461004257202148,101.5,10.735899925231934,0,-10,100,10,1,
497.69,0.46777474880218506,-7.513341903686523,101.125,10.735899925231934,0,-10,100,10,1,
497.7,0.48502451181411743,-7.5585503578186035,100.8125,10.684450149536133,0,-10,100,10,1,
497.71,0.42624586820602417,-7.593206405639648,100.4375,10.684450149536133,0,-10,100,10,1,
497.72,0.3617751896381378,-7.654409885406494,100.0625,10.684450149536133,0,-10,100,10,1,
497.73,0.23391176760196686,-7.697828769683838,99.75,10.684450149536133,0,-10,100,10,1,
497.74,0.039543330669403076,-7.738584041595459,99.375,10.684450149536133,0,-10,100,10,1,
497.75,-0.10145799815654755,-7.732852458953857,99.0625,10.684450149536133,0,-10,100,10,1,
497.76,-0.4751315116882324,-7.7328782081604,98.6875,10.701600074768066,0,-10,100,10,1,
497.77,-0.8399969339370728,-7.868406772613525,98.375,10.701600074768066,0,-10,100,10,1,
497.78,-1.130082368850708,-7.918887615203857,98,10.701600074768066,0,-10,100,10,1,
497.79,-1.4999374151229858,-7.951919078826904,97.6875,10.701600074768066,0,-10,100,10,1,
497.8,-1.7508524656295776,-7.926791191101074,97.375,10.701600074768066,0,-10,100,10,1,
497.81,-2.151460647583008,-8.068472862243652,97.0625,10.701600074768066,0,-10,100,10,1,
497.82,-2.5226004123687744,-8.20188045501709,96.75,11.216099739074707,0,-10,100,10,1,
497.83,-2.9533309936523438,-8.275960922241211,96.4375,11.216099739074707,0,-10,100,10,1,
497.84,-3.3618216514587402,-8.288589477539062,96.1875,11.216099739074707,0,-10,100,10,1,
497.85,-3.83383846282959,-8.355812072753906,95.9375,11.216099739074707,0,-10,100,10,1,
497.86,-4.164366722106934,-8.396904945373535,95.625,11.216099739074707,0,-10,100,10,1,
497.87,-4.466887950897217,-8.474442481994629,95.375,11.216099739074707,0,-10,100,10,1,
497.88,-4.721470832824707,-8.536965370178223,95.1875,11.130350112915039,0,-10,100,10,1,
497.89,-4.743161678314209,-8.593929290771484,94.9375,11.130350112915039,0,-10,100,10,1,
497.9,-4.837615489959717,-8.628238677978516,94.75,11.130350112915039,0,-10,100,10,1,
497.91,-4.843474388122559,-8.49277114868164,94.5625,11.130350112915039,0,-10,100,10,1,
497.92,-4.813368320465088,-8.41211986541748,94.4375,11.130350112915039,0,-10,100,10,1,
497.93,-4.776284217834473,-8.380545616149902,94.3125,11.130350112915039,0,-10,100,10,1,
497.94,-4.679215908050537,-8.330801010131836,94.1875,11.078899383544922,0,-10,100,10,1,
497.95,-4.660209655761719,-8.410361289978027,94.0625,11.078899383544922,0,-10,100,10,1,
497.96,-4.601757049560547,-8.501315116882324,94,11.078899383544922,0,-10,100,10,1,
497.97,-4.5589280128479,-8.548574447631836,93.875,11.078899383544922,0,-10,100,10,1,
497.98,-4.532731533050537,-8.551825523376465,93.8125,11.078899383544922,0,-10,100,10,1,
497.99,-4.342522144317627,-8.516709327697754,93.8125,11.078899383544922,0,-10,100,10,1,
498,-4.010619640350342,-8.39992904663086,93.75,8.352049827575684,0,-10,100,10,1,
498.01,-3.762661933898926,-8.276938438415527,93.75,8.352049827575684,0,-10,100,10,1,
498.02,-3.433695077896118,-8.228967666625977,93.75,8.352049827575684,0,-10,100,10,1,
498.03,-3.061471462249756,-8.219728469848633,93.75,8.352049827575684,0,-10,100,10,1,
498.04,-2.62361478805542,-8.202535629272461,93.75,8.352049827575684,0,-10,100,10,1,
498.05,-2.452223300933838,-8.262497901916504,93.8125,8.352049827575684,0,-10,100,10,1,
498.06,-2.591759443283081,-8.424164772033691,93.875,4.5619001388549805,0,-10,100,10,1,
498.07,-2.7554538249969482,-8.62813663482666,94,4.5619001388549805,0,-10,100,10,1,
498.08,-2.9796440601348877,-8.919955253601074,94.0625,4.5619001388549805,0,-10,100,10,1,
498.09,-3.1165597438812256,-9.089985847473145,94.1875,4.5619001388549805,0,-10,100,10,1,
498.1,-3.0717310905456543,-9.252214431762695,94.3125,4.5619001388549805,0,-10,100,10,1,
498.11,-2.935126304626465,-9.331571578979492,94.4375,4.5619001388549805,0,-10,100,10,1,
498.12,-2.8073086738586426,-9.396453857421875,94.5,4.5619001388549805,0,-10,100,10,1,
498.13,-2.730590343475342,-9.495487213134766,94.625,4.5619001388549805,0,-10,100,10,1,
498.14,-2.700417995452881,-9.624493598937988,94.75,4.5619001388549805,0,-10,100,10,1,
498.15,-2.7855846881866455,-9.693958282470703,94.875,4.5619001388549805,0,-10,100,10,1,
498.16,-3.01253604888916,-9.675251960754395,95,4.5619001388549805,0,-10,100,10,1,
498.17,-3.3456525802612305,-9.626763343811035,95.125,4.5619001388549805,0,-10,100,10,1,
498.18,-3.807856559753418,-9.555442810058594,95.125,6.808549880981445,0,-10,100,10,1,
498.19,-4.22842264175415,-9.502738952636719,95.375,6.808549880981445,0,-10,100,10,1,
498.2,-4.362088203430176,-9.492319107055664,95.5,6.808549880981445,0,-10,100,10,1,
498.21,-4.221127510070801,-9.397648811340332,95.625,6.808549880981445,0,-10,100,10,1,
498.22,-4.087741374969482,-9.421255111694336,95.75,6.808549880981445,0,-10,100,10,1,
498.23,-4.060402870178223,-9.384024620056152,95.875,6.808549880981445,0,-10,100,10,1,
498.24,-4.095176696777344,-9.308062553405762,96.0625,6.877150058746338,0,-10,100,10,1,
498.25,-4.217723369598389,-9.145350456237793,96.1875,6.877150058746338,0,-10,100,10,1,
498.26,-4.357204437255859,-8.968257904052734,96.3125,6.877150058746338,0,-10,100,10,1,
498.27,-4.483197212219238,-8.956725120544434,96.4375,6.877150058746338,0,-10,100,10,1,
498.28,-4.311724662780762,-8.818665504455566,96.4375,6.877150058746338,0,-10,100,10,1,
498.29,-4.1357340812683105,-8.774428367614746,96.5625,6.877150058746338,0,-10,100,10,1,
498.3,-3.815858840942383,-8.79082202911377,96.8125,6.877150058746338,0,-10,100,10,1,
498.31,-3.4649367332458496,-8.775036811828613,96.9375,6.877150058746338,0,-10,100,10,1,
498.32,-3.0964643955230713,-8.742843627929688,97.0625,6.877150058746338,0,-10,100,10,1,
498.33,-2.637174606323242,-8.596559524536133,97.0625,6.877150058746338,0,-10,100,10,1,
498.34,-2.319912910461426,-8.470685958862305,97.1875,6.877150058746338,0,-10,100,10,1,
498.35,-2.082246780395508,-8.411821365356445,97.4375,6.877150058746338,0,-10,100,10,1,
498.36,-1.9088845252990723,-8.348097801208496,97.5625,6.877150058746338,0,-10,100,10,1,
498.37,-1.75788152217865,-8.325094223022461,97.6875,6.877150058746338,0,-10,100,10,1,
498.38,-1.737910509109497,-8.495024681091309,97.6875,6.877150058746338,0,-10,100,10,1,
498.39,-1.6029291152954102,-8.65003776550293,97.75,6.877150058746338,0,-10,100,10,1,
498.4,-1.4931204319000244,-8.691935539245605,97.9375,6.877150058746338,0,-10,100,10,1,
498.41,-1.389850378036499,-8.69659423828125,98.0625,6.877150058746338,0,-10,100,10,1,
498.42,-1.1707897186279297,-8.534709930419922,98.125,6.877150058746338,0,-10,100,10,1,
498.43,-0.9257612228393555,-8.404670715332031,98.125,6.877150058746338,0,-10,100,10,1,
498.44,-0.6698865294456482,-8.315359115600586,98.1875,6.877150058746338,0,-10,100,10,1,
498.45,-0.2955961227416992,-8.216727256774902,98.375,6.877150058746338,0,-10,100,10,1,
498.46,0.05936107039451599,-8.0825834274292,98.4375,6.877150058746338,0,-10,100,10,1,
498.47,0.33805859088897705,-7.975585460662842,98.5,6.877150058746338,0,-10,100,10,1,
498.48,0.6074161529541016,-7.831659317016602,98.5,6.877150058746338,0,-10,100,10,1,
498.49,0.796116054058075,-7.647458076477051,98.5625,10.873100280761719,0,-10,100,10,1,
498.5,0.7919182181358337,-7.529658317565918,98.6875,10.873100280761719,0,-10,100,10,1,
498.51,0.6393027305603027,-7.456486225128174,98.75,10.873100280761719,0,-10,100,10,1,
498.52,0.4662192165851593,-7.447092056274414,98.8125,10.873100280761719,0,-10,100,10,1,
498.53,0.26341724395751953,-7.548689365386963,98.8125,10.873100280761719,0,-10,100,10,1,
498.54,0.10420776903629303,-7.613681316375732,98.875,10.873100280761719,0,-10,100,10,1,
498.55,0.17304179072380066,-7.735891342163086,98.875,10.341449737548828,0,-10,100,10,1,
498.56,0.3248721659183502,-7.774107456207275,98.875,10.341449737548828,0,-10,100,10,1,
498.57,0.4246861934661865,-7.751221179962158,98.9375,10.341449737548828,0,-10,100,10,1,
498.58,0.5464292764663696,-7.676213264465332,98.9375,10.341449737548828,0,-10,100,10,1,
498.59,0.6015082001686096,-7.570357799530029,99,10.341449737548828,0,-10,100,10,1,
498.601,0.6918290257453918,-7.518645763397217,99.1875,10.341449737548828,0,-10,100,10,1,
498.61,0.784443736076355,-7.453097343444824,99.3125,10.341449737548828,0,-10,100,10,1,
498.62,0.8281441926956177,-7.531334400177002,99.375,10.341449737548828,0,-10,100,10,1,
498.63,0.9779464602470398,-7.637494087219238,99.375,10.341449737548828,0,-10,100,10,1,
498.64,1.0419570207595825,-7.826911449432373,99.5,10.341449737548828,0,-10,100,10,1,
498.65,0.9910964965820312,-8.125070571899414,99.75,10.341449737548828,0,-10,100,10,1,
498.66,0.9293006658554077,-8.302253723144531,99.8125,10.341449737548828,0,-10,100,10,1,
498.67,0.8899562954902649,-8.396087646484375,99.9375,10.341449737548828,0,-10,100,10,1,
498.68,0.9391033053398132,-8.425708770751953,99.9375,10.341449737548828,0,-10,100,10,1,
498.69,0.9820184111595154,-8.34548568725586,100.0625,10.341449737548828,0,-10,100,10,1,
498.7,1.2464107275009155,-8.245670318603516,100.25,10.341449737548828,0,-10,100,10,1,
498.71,1.6625323295593262,-8.101696014404297,100.3125,10.341449737548828,0,-10,100,10,1,
498.72,1.9440182447433472,-8.175667762756348,100.4375,10.341449737548828,0,-10,100,10,1,
498.73,2.203596830368042,-8.2720947265625,100.4375,10.341449737548828,0,-10,100,10,1,
498.74,2.3785488605499268,-8.38501262664795,100.5,10.341449737548828,0,-10,100,10,1,
498.75,2.4910664558410645,-8.48112678527832,100.5625,10.341449737548828,0,-10,100,10,1,
498.76,2.427567720413208,-8.560698509216309,100.625,10.341449737548828,0,-10,100,10,1,
498.77,2.3068933486938477,-8.564112663269043,100.6875,10.341449737548828,0,-10,100,10,1,
498.78,2.1017754077911377,-8.431013107299805,100.6875,10.341449737548828,0,-10,100,10,1,
498.79,1.8373554944992065,-8.280135154724121,100.6875,10.615849494934082,0,-10,100,10,1,
498.8,1.4806535243988037,-8.252372741699219,100.75,10.615849494934082,0,-10,100,10,1,
498.81,1.2793326377868652,-8.32585334777832,100.75,10.615849494934082,0,-10,100,10,1,
498.82,1.2801334857940674,-8.458675384521484,100.75,10.615849494934082,0,-10,100,10,1,
498.83,1.413491129875183,-8.574078559875488,100.75,10.615849494934082,0,-10,100,10,1,
498.84,1.6110827922821045,-8.713125228881836,100.75,10.615849494934082,0,-10,100,10,1,
498.85,1.7545020580291748,-8.71384334564209,100.75,10.701600074768066,0,-10,100,10,1,
498.86,1.8586134910583496,-8.654794692993164,100.75,10.701600074768066,0,-10,100,10,1,
498.87,1.8394103050231934,-8.548099517822266,100.6875,10.701600074768066,0,-10,100,10,1,
498.88,1.8099164962768555,-8.456685066223145,100.6875,10.701600074768066,0,-10,100,10,1,
498.89,1.7593752145767212,-8.46203899383545,100.6875,10.701600074768066,0,-10,100,10,1,
498.9,1.725637674331665,-8.553884506225586,100.625,10.701600074768066,0,-10,100,10,1,
498.91,1.6661739349365234,-8.802789688110352,100.5625,10.701600074768066,0,-10,100,10,1,
498.92,1.5724105834960938,-9.025345802307129,100.5,10.701600074768066,0,-10,100,10,1,
498.93,1.3461883068084717,-9.32764720916748,100.5,10.701600074768066,0,-10,100,10,1,
498.94,1.1585791110992432,-9.555644989013672,100.5,10.701600074768066,0,-10,100,10,1,
498.95,1.130262017250061,-9.67540168762207,100.3125,10.701600074768066,0,-10,100,10,1,
498.96,1.1976159811019897,-9.663471221923828,100.25,10.701600074768066,0,-10,100,10,1,
498.97,1.2812310457229614,-9.622557640075684,100.1875,10.701600074768066,0,-10,100,10,1,
498.98,1.356197714805603,-9.699348449707031,100.1875,10.701600074768066,0,-10,100,10,1,
498.99,1.4410340785980225,-9.909541130065918,100.125,10.701600074768066,0,-10,100,10,1,
499,1.580380916595459,-10.173351287841797,99.9375,10.701600074768066,0,-10,100,10,1,
499.01,1.837744951248169,-10.458112716674805,99.8125,10.701600074768066,0,-10,100,10,1,
499.02,1.9621652364730835,-10.625092506408691,99.6875,10.701600074768066,0,-10,100,10,1,
499.03,1.9455310106277466,-10.785623550415039,99.6875,10.701600074768066,0,-10,100,10,1,
499.04,1.8329532146453857,-10.811898231506348,99.5625,10.701600074768066,0,-10,100,10,1,
499.05,1.7747092247009277,-10.800979614257812,99.25,10.701600074768066,0,-10,100,10,1,
499.06,1.851166009902954,-10.751620292663574,99.125,10.701600074768066,0,-10,100,10,1,
499.07,1.809748649597168,-10.807886123657227,99,10.701600074768066,0,-10,100,10,1,
499.08,1.7669932842254639,-10.962019920349121,99,10.701600074768066,0,-10,100,10,1,
499.09,1.7011401653289795,-11.137533187866211,98.8125,10.581549644470215,0,-10,100,10,1,
499.1,1.7240749597549438,-11.321414947509766,98.5,10.581549644470215,0,-10,100,10,1,
499.11,1.8514643907546997,-11.375412940979004,98.3125,10.581549644470215,0,-10,100,10,1,
499.12,1.8466124534606934,-11.356708526611328,98.125,10.581549644470215,0,-10,100,10,1,
499.13,1.8209747076034546,-11.220227241516113,98.125,10.581549644470215,0,-10,100,10,1,
499.14,1.810308575630188,-11.071807861328125,97.9375,10.581549644470215,0,-10,100,10,1,
499.15,1.874950647354126,-10.994400978088379,97.8125,10.787349700927734,0,-10,100,10,1,
499.16,1.8194239139556885,-10.9612455368042,97.625,10.787349700927734,0,-10,100,10,1,
499.17,1.7609903812408447,-11.04808521270752,97.25,10.787349700927734,0,-10,100,10,1,
499.18,1.6568424701690674,-11.195385932922363,97.25,10.787349700927734,0,-10,100,10,1,
499.19,1.5707341432571411,-11.274630546569824,97.0625,10.787349700927734,0,-10,100,10,1,
499.2,1.466926097869873,-11.183213233947754,96.875,10.787349700927734,0,-10,100,10,1,
499.21,1.3514231443405151,-10.987584114074707,96.6875,10.787349700927734,0,-10,100,10,1,
499.22,1.2205837965011597,-10.751989364624023,96.5,10.787349700927734,0,-10,100,10,1,
499.23,1.0161473751068115,-10.531608581542969,96.3125,10.787349700927734,0,-10,100,10,1,
499.24,0.9613823294639587,-10.268433570861816,96.125,10.787349700927734,0,-10,100,10,1,
499.25,0.8922175765037537,-10.09742546081543,96,10.787349700927734,0,-10,100,10,1,
499.26,0.8882657289505005,-9.997807502746582,95.8125,10.787349700927734,0,-10,100,10,1,
499.27,0.7169003486633301,-10.086053848266602,95.625,10.787349700927734,0,-10,100,10,1,
499.28,0.37897002696990967,-10.026043891906738,95.5,10.787349700927734,0,-10,100,10,1,
499.29,0.049054160714149475,-10.056490898132324,95.3125,10.787349700927734,0,-10,100,10,1,
499.3,-0.1514207124710083,-10.002466201782227,95.1875,10.787349700927734,0,-10,100,10,1,
499.31,-0.2686753273010254,-9.902897834777832,95,10.787349700927734,0,-10,100,10,1,
499.32,-0.406078577041626,-9.749073028564453,94.875,10.787349700927734,0,-10,100,10,1,
499.33,-0.475452184677124,-9.676068305969238,94.75,10.787349700927734,0,-10,100,10,1,
499.34,-0.5080667734146118,-9.698994636535645,94.625,10.787349700927734,0,-10,100,10,1,
499.35,-0.6079990863800049,-9.922477722167969,94.5625,10.787349700927734,0,-10,100,10,1,
499.36,-0.7646458745002747,-10.115650177001953,94.4375,10.787349700927734,0,-10,100,10,1,
499.37,-0.9861316084861755,-10.323328018188477,94.375,10.787349700927734,0,-10,100,10,1,
499.38,-1.334108829498291,-10.568794250488281,94.3125,10.787349700927734,0,-10,100,10,1,
499.39,-1.6488641500473022,-10.689481735229492,94.1875,10.735899925231934,0,-10,100,10,1,
499.4,-1.8484898805618286,-10.62533950805664,94.125,10.735899925231934,0,-10,100,10,1,
499.41,-1.959574818611145,-10.544475555419922,94.0625,10.735899925231934,0,-10,100,10,1,
499.42,-2.092271089553833,-10.478486061096191,94.0625,10.735899925231934,0,-10,100,10,1,
499.43,-2.0773298740386963,-10.408413887023926,94,10.735899925231934,0,-10,100,10,1,
499.44,-2.1186020374298096,-10.395135879516602,93.9375,10.735899925231934,0,-10,100,10,1,
499.45,-2.1684398651123047,-10.381904602050781,93.9375,10.118499755859375,0,-10,100,10,1,
499.46,-2.1001150608062744,-10.29825496673584,93.9375,10.118499755859375,0,-10,100,10,1,
499.47,-2.0699141025543213,-10.171249389648438,93.9375,10.118499755859375,0,-10,100,10,1,
499.48,-2.071932792663574,-10.068351745605469,93.9375,10.118499755859375,0,-10,100,10,1,
499.49,-2.037726879119873,-9.918232917785645,93.875,10.118499755859375,0,-10,100,10,1,
499.5,-1.8713759183883667,-9.764181137084961,93.875,10.118499755859375,0,-10,100,10,1,
499.51,-1.9261842966079712,-9.732358932495117,93.875,10.632999420166016,0,-10,100,10,1,
499.52,-1.8829389810562134,-9.785945892333984,93.875,10.632999420166016,0,-10,100,10,1,
499.53,-1.821036458015442,-9.826659202575684,93.875,10.632999420166016,0,-10,100,10,1,
499.54,-1.7759469747543335,-9.944659233093262,93.875,10.632999420166016,0,-10,100,10,1,
499.55,-1.8311816453933716,-10.099040985107422,93.9375,10.632999420166016,0,-10,100,10,1,
499.56,-1.9109508991241455,-10.24492359161377,93.9375,10.632999420166016,0,-10,100,10,1,
499.57,-1.887089729309082,-10.33798885345459,93.9375,10.632999420166016,0,-10,100,10,1,
499.58,-1.9738701581954956,-10.482666969299316,94,10.632999420166016,0,-10,100,10,1,
499.59,-2.086853504180908,-10.659485816955566,94,10.632999420166016,0,-10,100,10,1,
499.6,-2.1961138248443604,-10.890569686889648,94.0625,10.632999420166016,0,-10,100,10,1,
499.61,-2.1808571815490723,-11.09084415435791,94.0625,10.632999420166016,0,-10,100,10,1,
499.62,-2.249279260635376,-11.412568092346191,94.125,10.632999420166016,0,-10,100,10,1,
499.63,-2.539517402648926,-11.826092720031738,94.125,10.632999420166016,0,-10,100,10,1,
499.641,-2.8534371852874756,-12.125602722167969,94.1875,10.632999420166016,0,-10,100,10,1,
499.65,-3.127561330795288,-12.353842735290527,94.1875,10.632999420166016,0,-10,100,10,1,
499.66,-3.452361583709717,-12.56367015838623,94.25,10.632999420166016,0,-10,100,10,1,
499.67,-3.643479585647583,-12.718409538269043,94.25,10.632999420166016,0,-10,100,10,1,
499.68,-3.8653106689453125,-12.857843399047852,94.3125,10.632999420166016,0,-10,100,10,1,
499.69,-4.055113315582275,-12.98454761505127,94.3125,10.632999420166016,0,-10,100,10,1,
499.7,-4.14878511428833,-13.119096755981445,94.375,10.632999420166016,0,-10,100,10,1,
499.71,-4.215808868408203,-13.21748161315918,94.4375,10.632999420166016,0,-10,100,10,1,
499.72,-4.2580246925354,-13.28781795501709,94.4375,10.632999420166016,0,-10,100,10,1,
499.73,-4.246119022369385,-13.269963264465332,94.5,10.632999420166016,0,-10,100,10,1,
499.74,-4.3851518630981445,-13.294232368469238,94.5625,10.632999420166016,0,-10,100,10,1,
499.75,-4.348883152008057,-13.24614143371582,94.5625,10.632999420166016,0,-10,100,10,1,
499.76,-4.23613166809082,-13.171965599060059,94.625,10.632999420166016,0,-10,100,10,1,
499.77,-4.114441871643066,-13.101280212402344,94.6875,10.632999420166016,0,-10,100,10,1,
499.78,-3.882629156112671,-12.998990058898926,94.6875,10.632999420166016,0,-10,100,10,1,
499.79,-3.6658830642700195,-12.921097755432129,94.75,10.632999420166016,0,0,100,10,1,
499.8,-3.6090006828308105,-12.911735534667969,94.75,10.632999420166016,0,0,100,10,1,
499.81,-3.4364213943481445,-12.882050514221191,94.8125,10.632999420166016,0,0,100,10,1,
499.82,-3.2274367809295654,-12.857441902160645,94.8125,10.632999420166016,0,0,100,10,1,
499.83,-3.071190357208252,-12.758626937866211,94.875,10.632999420166016,0,0,100,10,1,
499.84,-2.7740418910980225,-12.596151351928711,94.875,10.632999420166016,0,0,100,10,1,
499.85,-2.424166440963745,-12.408958435058594,94.875,10.632999420166016,0,0,100,10,1,
499.86,-2.146440267562866,-12.292923927307129,94.875,10.632999420166016,0,0,100,10,1,
499.87,-1.7904000282287598,-12.148857116699219,94.875,10.632999420166016,0,0,100,10,1,
499.88,-1.5773465633392334,-11.889172554016113,94.875,10.632999420166016,0,0,100,10,1,
499.89,-1.406495451927185,-11.59804630279541,94.875,10.632999420166016,0,0,100,10,1,
499.9,-1.2143332958221436,-11.18925952911377,94.8125,10.632999420166016,0,0,100,10,1,
499.91,-1.0538368225097656,-10.750198364257812,94.8125,10.632999420166016,0,0,100,10,1,
499.92,-1.1876767873764038,-10.368762969970703,94.8125,10.632999420166016,0,0,100,10,1,
499.93,-1.2700198888778687,-9.884069442749023,94.75,10.632999420166016,0,0,100,10,1,
499.94,-1.2479636669158936,-9.297395706176758,94.6875,10.632999420166016,0,0,100,10,1,
499.95,-1.3004140853881836,-8.670024871826172,94.6875,10.632999420166016,0,0,100,10,1,
499.96,-1.2833548784255981,-8.021611213684082,94.625,10.632999420166016,0,0,100,10,1,
499.97,-1.2501343488693237,-7.4766364097595215,94.625,10.632999420166016,0,0,100,10,1,
499.98,-1.2541781663894653,-6.876253604888916,94.5625,10.632999420166016,0,0,100,10,1,
499.99,-1.31934654712677,-6.2703986167907715,94.5625,10.632999420166016,0,0,100,10,1,
500,-1.317626953125,-5.54974365234375,94.5,10.632999420166016,0,0,100,10,1,
500.01,-1.4220538139343262,-4.873981952667236,94.4375,10.632999420166016,0,0,100,10,1,
500.02,-1.4965064525604248,-4.239782810211182,94.4375,10.632999420166016,0,0,100,10,1,
500.03,-1.426947832107544,-3.5166304111480713,94.375,10.632999420166016,0,0,100,10,1,
500.04,-1.2614591121673584,-2.7550032138824463,94.375,10.632999420166016,0,0,100,10,1,
500.05,-1.1403348445892334,-2.049823760986328,94.375,10.632999420166016,0,0,100,10,1,
500.06,-1.0520002841949463,-1.4454634189605713,94.3125,10.632999420166016,0,0,100,10,1,
500.07,-0.8306252360343933,-0.8363871574401855,94.3125,10.632999420166016,0,0,100,10,1,
500.08,-0.6854127049446106,-0.3050113320350647,94.25,10.632999420166016,0,0,100,10,1,
500.09,-0.5856503248214722,0.19791805744171143,94.25,10.632999420166016,0,0,100,10,1,
500.1,-0.5210041403770447,0.6297306418418884,94.1875,10.632999420166016,0,0,100,10,1,
500.11,-0.5720933079719543,0.9467186331748962,94.1875,10.632999420166016,0,0,100,10,1,
500.12,-0.5232522487640381,1.2726333141326904,94.1875,10.632999420166016,0,0,100,10,1,
500.13,-0.4961712658405304,1.6093946695327759,94.125,10.632999420166016,0,0,100,10,1,
500.14,-0.49660199880599976,1.9317591190338135,94.125,10.632999420166016,0,0,100,10,1,
500.15,-0.5151662826538086,2.2574076652526855,94.125,10.632999420166016,0,0,100,10,1,
500.16,-0.46113717555999756,2.6436450481414795,94.0625,10.632999420166016,0,0,100,10,1,
500.17,-0.3854285776615143,3.0903408527374268,94.0625,10.632999420166016,0,0,100,10,1,
500.18,-0.26627546548843384,3.5703601837158203,94.0625,10.632999420166016,0,0,100,10,1,
500.19,-0.11734175682067871,4.059507369995117,94.0625,10.632999420166016,0,0,100,10,1,
500.2,0.09645149111747742,4.491275787353516,94.0625,10.632999420166016,0,0,100,10,1,
500.21,0.31943559646606445,4.872010707855225,94.0625,10.632999420166016,0,0,100,10,1,
500.22,0.4337773323059082,5.182036876678467,94.0625,10.632999420166016,0,0,100,10,1,
500.23,0.43944239616394043,5.441812992095947,94.0625,10.632999420166016,0,0,100,10,1,
500.24,0.38712355494499207,5.700555801391602,94.0625,10.632999420166016,0,0,100,10,1,
500.25,0.24747627973556519,5.925507068634033,94.0625,10.632999420166016,0,0,100,10,1,
500.26,-0.09590543806552887,6.1339497566223145,94.0625,10.632999420166016,0,0,100,10,1,
500.27,-0.46493610739707947,6.379453182220459,94.0625,10.632999420166016,0,0,100,10,1,
500.28,-0.8655892014503479,6.63427209854126,94.0625,10.632999420166016,0,0,100,10,1,
500.29,-1.272729516029358,6.8611159324646,94.0625,10.632999420166016,0,0,100,10,1,
500.3,-1.6711369752883911,7.088778972625732,94.0625,10.632999420166016,0,0,100,10,1,
500.31,-2.0523736476898193,7.198451519012451,94.125,10.632999420166016,0,0,100,10,1,
500.32,-2.4846770763397217,7.245302200317383,94.125,10.632999420166016,0,0,100,10,1,
500.33,-2.6044270992279053,7.367250442504883,94.125,10.632999420166016,0,0,100,10,1,
500.34,-2.891568899154663,7.447357177734375,94.125,10.632999420166016,0,0,100,10,1,
500.35,-3.186161518096924,7.540094375610352,94.125,10.632999420166016,0,0,100,10,1,
500.36,-3.6912167072296143,7.504585266113281,94.125,10.632999420166016,0,0,100,10,1,
500.37,-4.278522968292236,7.405114650726318,94.125,10.632999420166016,0,0,100,10,1,
500.38,-4.725327014923096,7.361711502075195,94.125,10.632999420166016,0,0,100,10,1,
500.39,-5.143553256988525,7.220154285430908,94.125,10.632999420166016,0,0,100,10,1,
500.4,-5.346602916717529,7.122029781341553,94.125,10.632999420166016,0,0,100,10,1,
500.41,-5.513763427734375,6.873232364654541,94.125,10.632999420166016,0,0,100,10,1,
500.42,-5.656136989593506,6.718005180358887,94.0625,10.632999420166016,0,0,100,10,1,
500.43,-5.91133451461792,6.580540657043457,94.0625,10.632999420166016,0,0,100,10,1,
500.44,-6.0420026779174805,6.525141716003418,94.0625,10.632999420166016,0,0,100,10,1,
500.45,-6.3228888511657715,6.634012222290039,94.0625,10.632999420166016,0,0,100,10,1,
500.46,-6.540993690490723,6.6760735511779785,94,10.632999420166016,0,0,100,10,1,
500.47,-6.608094692230225,6.877841472625732,93.9375,10.632999420166016,0,0,100,10,1,
500.48,-6.583367347717285,6.96620512008667,93.875,10.632999420166016,0,0,100,10,1,
500.49,-6.536828994750977,7.0078444480896,93.875,10.632999420166016,0,0,100,10,1,
500.5,-6.375080108642578,6.974918842315674,93.875,10.632999420166016,0,0,100,10,1,
500.51,-6.100528717041016,7.011070728302002,93.75,10.632999420166016,0,0,100,10,1,
500.52,-6.071884632110596,6.881158828735352,93.75,10.632999420166016,0,0,100,10,1,
500.53,-5.912014007568359,6.846772193908691,93.6875,10.632999420166016,0,0,100,10,1,
500.54,-5.764518737792969,6.895971775054932,93.6875,10.632999420166016,0,0,100,10,1,
500.55,-5.526566028594971,6.863236904144287,93.625,10.632999420166016,0,0,100,10,1,
500.56,-5.368100643157959,6.73897123336792,93.5625,10.632999420166016,0,0,100,10,1,
500.57,-5.116409778594971,6.518738746643066,93.5625,10.632999420166016,0,0,100,10,1,
500.58,-4.720115661621094,6.316622734069824,93.5,10.632999420166016,0,0,100,10,1,
500.59,-4.449560165405273,6.095673084259033,93.5,10.632999420166016,0,0,100,10,1,
500.6,-4.0718560218811035,6.036081314086914,93.4375,10.632999420166016,0,0,100,10,1,
500.61,-3.7910239696502686,6.0589599609375,93.375,10.632999420166016,0,0,100,10,1,
500.62,-3.5029795169830322,6.198577880859375,93.3125,10.632999420166016,0,0,100,10,1,
500.63,-3.2793970108032227,6.384001731872559,93.3125,10.632999420166016,0,0,100,10,1,
500.64,-3.0026800632476807,6.657789707183838,93.3125,10.632999420166016,0,0,100,10,1,
500.65,-2.7258942127227783,7.0929999351501465,93.25,10.632999420166016,0,0,100,10,1,
500.66,-2.4971537590026855,7.588001251220703,93.1875,10.632999420166016,0,0,100,10,1,
500.67,-2.362135410308838,8.1610107421875,93.1875,10.632999420166016,0,0,100,10,1,
500.68,-2.3275861740112305,8.807997703552246,93.125,10.632999420166016,0,0,100,10,1,
500.69,-2.2204208374023438,9.666681289672852,93.125,10.632999420166016,0,0,100,10,1,
500.7,-2.308896064758301,10.515764236450195,93.125,10.632999420166016,0,0,100,10,1,
500.71,-2.30427622795105,11.335461616516113,93.0625,10.632999420166016,0,0,100,10,1,
500.72,-2.2300188541412354,12.076369285583496,93.0625,10.632999420166016,0,0,100,10,1,
500.73,-2.3681390285491943,12.686025619506836,93.0625,10.632999420166016,0,0,100,10,1,
500.74,-2.362095355987549,13.299022674560547,93.0625,10.632999420166016,0,0,100,10,1,
500.75,-2.3156416416168213,13.866570472717285,93.0625,10.632999420166016,0,0,100,10,1,
500.76,-2.148033618927002,14.353157997131348,93.0625,10.632999420166016,0,0,100,10,1,
500.77,-2.0986874103546143,14.752748489379883,93.0625,10.632999420166016,0,0,100,10,1,
500.78,-1.967504858970642,15.195310592651367,93.0625,10.632999420166016,0,0,100,10,1,
500.79,-1.8621104955673218,15.554844856262207,93.0625,10.632999420166016,0,0,100,10,1,
500.8,-1.7279199361801147,15.76520824432373,93.0625,10.632999420166016,0,0,100,10,1,
500.81,-1.6671520471572876,15.866133689880371,93.125,10.632999420166016,0,0,100,10,1,
500.82,-1.59565269947052,15.857206344604492,93.1875,10.632999420166016,0,0,100,10,1,
500.83,-1.5252074003219604,15.779752731323242,93.1875,10.632999420166016,0,0,100,10,1,
500.84,-1.5767369270324707,15.626216888427734,93.1875,10.632999420166016,0,0,100,10,1,
500.85,-1.6409258842468262,15.48806095123291,93.25,10.632999420166016,0,0,100,10,1,
500.86,-1.7965105772018433,15.285051345825195,93.375,10.632999420166016,0,0,100,10,1,
500.87,-1.8076406717300415,15.099863052368164,93.4375,10.632999420166016,0,0,100,10,1,
500.88,-1.9352513551712036,14.806328773498535,93.5,10.632999420166016,0,0,100,10,1,
500.89,-2.112250566482544,14.500266075134277,93.5,10.632999420166016,0,0,100,10,1,
500.9,-2.186701536178589,14.131979942321777,93.5625,10.632999420166016,0,0,100,10,1,
500.91,-2.302945613861084,13.644828796386719,93.6875,10.632999420166016,0,0,100,10,1,
500.92,-2.5056138038635254,13.135924339294434,93.75,10.632999420166016,0,0,100,10,1,
500.93,-2.7046947479248047,12.772302627563477,93.8125,10.632999420166016,0,0,100,10,1,
500.94,-2.821326494216919,12.504124641418457,93.8125,10.632999420166016,0,0,100,10,1,
500.95,-3.086954355239868,12.162790298461914,93.875,10.632999420166016,0,0,100,10,1,
500.96,-3.516718864440918,11.74704360961914,93.9375,10.632999420166016,0,0,100,10,1,
500.971,-3.952258348464966,11.232177734375,93.9375,10.632999420166016,0,0,100,10,1,
500.98,-4.217785358428955,10.798491477966309,94,10.632999420166016,0,0,100,10,1,
500.99,-4.511562347412109,10.392691612243652,94,10.632999420166016,0,0,100,10,1,
501,-4.895227909088135,9.8790283203125,94,10.632999420166016,0,0,100,10,1,
501.01,-5.191892623901367,9.324609756469727,94,10.632999420166016,0,0,100,10,1,
501.02,-5.428367614746094,8.907730102539062,94,10.632999420166016,0,0,100,10,1,
501.03,-5.521338939666748,8.490381240844727,94,10.632999420166016,0,0,100,10,1,
501.04,-5.684264183044434,7.940288543701172,94,10.632999420166016,0,0,100,10,1,
501.05,-5.607823848724365,7.5396270751953125,93.9375,10.632999420166016,0,0,100,10,1,
501.06,-5.433139324188232,7.209487438201904,93.875,10.632999420166016,0,0,100,10,1,
501.07,-5.289599418640137,6.913036346435547,93.8125,10.632999420166016,0,0,100,10,1,
501.08,-5.176168441772461,6.784966945648193,93.75,10.632999420166016,0,0,100,10,1,
501.09,-5.144493579864502,6.654627323150635,93.75,10.632999420166016,0,0,100,10,1,
501.1,-5.093334197998047,6.5648512840271,93.6875,10.632999420166016,0,0,100,10,1,
501.11,-4.957400798797607,6.546892166137695,93.5,10.632999420166016,0,0,100,10,1,
501.12,-4.750189781188965,6.475077152252197,93.4375,10.632999420166016,0,0,100,10,1,
501.13,-4.613024711608887,6.385866641998291,93.375,10.632999420166016,0,0,100,10,1,
501.14,-4.333950042724609,6.334690093994141,93.375,10.632999420166016,0,0,100,10,1,
501.15,-3.960665702819824,6.4235758781433105,93.3125,10.632999420166016,0,0,100,10,1,
501.16,-3.665003776550293,6.486634731292725,93.125,10.632999420166016,0,0,100,10,1,
501.17,-3.4090752601623535,6.603004455566406,93.0625,10.632999420166016,0,0,100,10,1,
501.18,-3.0985758304595947,6.825506687164307,93,10.632999420166016,0,0,100,10,1,
501.19,-2.84329891204834,6.989923477172852,93,10.632999420166016,0,0,100,10,1,
501.2,-2.623377799987793,7.044775009155273,92.9375,10.632999420166016,0,0,100,10,1,
501.21,-2.438136100769043,7.1257171630859375,92.8125,10.632999420166016,0,0,100,10,1,
501.22,-2.16990327835083,7.2909836769104,92.75,10.632999420166016,0,0,100,10,1,
501.23,-2.0013487339019775,7.295252799987793,92.6875,10.632999420166016,0,0,100,10,1,
501.24,-1.8941047191619873,7.301645755767822,92.6875,10.632999420166016,0,0,100,10,1,
501.25,-1.7628272771835327,7.284343242645264,92.6875,10.632999420166016,0,0,100,10,1,
501.26,-1.722733497619629,7.213146686553955,92.625,10.632999420166016,0,0,100,10,1,
501.27,-1.4633891582489014,7.269620895385742,92.5625,10.632999420166016,0,0,100,10,1,
501.28,-1.3964509963989258,7.24981689453125,92.5,10.632999420166016,0,0,100,10,1,
501.29,-1.3178901672363281,7.128118515014648,92.5,10.632999420166016,0,0,100,10,1,
501.3,-1.2897281646728516,6.944345951080322,92.5,10.632999420166016,0,0,100,10,1,
501.31,-1.1542383432388306,6.727046966552734,92.4375,10.632999420166016,0,0,100,10,1,
501.32,-1.0146766901016235,6.531429290771484,92.4375,10.632999420166016,0,0,100,10,1,
501.33,-0.9449923634529114,6.332136154174805,92.4375,10.632999420166016,0,0,100,10,1,
501.34,-0.9626401662826538,6.032687664031982,92.375,10.632999420166016,0,0,100,10,1,
501.35,-0.9758277535438538,5.712249755859375,92.375,10.632999420166016,0,0,100,10,1,
501.36,-0.954267680644989,5.41451358795166,92.375,10.632999420166016,0,0,100,10,1,
501.37,-1.0350724458694458,5.019516944885254,92.375,10.632999420166016,0,0,100,10,1,
501.38,-1.0720043182373047,4.614871978759766,92.375,10.632999420166016,0,0,100,10,1,
501.39,-1.2004890441894531,4.23237943649292,92.3125,10.632999420166016,0,0,100,10,1,
501.4,-1.0925095081329346,3.8685691356658936,92.3125,10.632999420166016,0,0,100,10,1,
501.41,-1.1463781595230103,3.634575366973877,92.3125,10.632999420166016,0,0,100,10,1,
501.42,-1.3452749252319336,3.4395012855529785,92.3125,10.632999420166016,0,0,100,10,1,
501.43,-1.3179954290390015,3.240103244781494,92.3125,10.632999420166016,0,0,100,10,1,
501.44,-1.1527637243270874,3.024209499359131,92.25,10.632999420166016,0,0,100,10,1,
501.45,-1.0873051881790161,2.855469226837158,92.25,10.632999420166016,0,0,100,10,1,
501.46,-0.9431548714637756,2.757101535797119,92.25,10.632999420166016,0,0,100,10,1,
501.47,-0.7074843049049377,2.6835172176361084,92.25,10.632999420166016,0,0,100,10,1,
501.48,-0.5410596132278442,2.5739994049072266,92.25,10.632999420166016,0,0,100,10,1,
501.49,-0.44399192929267883,2.4634599685668945,92.25,10.632999420166016,0,0,100,10,1,
501.5,-0.23066875338554382,2.295145034790039,92.25,10.632999420166016,0,0,100,10,1,
501.51,-0.14066214859485626,2.125230312347412,92.25,10.632999420166016,0,0,100,10,1,
501.52,-0.35032790899276733,1.8100377321243286,92.25,10.632999420166016,0,0,100,10,1,
501.53,-0.4136413037776947,1.3635379076004028,92.25,10.632999420166016,0,0,100,10,1,
501.54,-0.6324940323829651,0.7440769672393799,92.25,10.632999420166016,0,0,100,10,1,
501.55,-0.9252403378486633,0.04480738937854767,92.25,10.632999420166016,0,0,100,10,1,
501.56,-1.111586093902588,-0.6509314179420471,92.25,10.632999420166016,0,0,100,10,1,
501.57,-1.2550809383392334,-1.285887360572815,92.25,10.632999420166016,0,0,100,10,1,
501.58,-1.5228750705718994,-2.0858185291290283,92.25,10.632999420166016,0,0,100,10,1,
501.59,-1.6198869943618774,-2.7534406185150146,92.3125,10.632999420166016,0,0,100,10,1,
501.6,-1.7380207777023315,-3.316887378692627,92.3125,10.632999420166016,0,0,100,10,1,
501.61,-1.8997347354888916,-3.8566293716430664,92.3125,10.632999420166016,0,0,100,10,1,
501.62,-2.047451972961426,-4.334528923034668,92.3125,10.632999420166016,0,0,100,10,1,
501.63,-2.276489734649658,-4.794257640838623,92.3125,10.632999420166016,0,0,100,10,1,
501.64,-2.478372573852539,-5.204814434051514,92.3125,10.632999420166016,0,0,100,10,1,
501.65,-2.7330234050750732,-5.579367160797119,92.3125,10.632999420166016,0,0,100,10,1,
501.66,-2.8594069480895996,-5.787871360778809,92.3125,10.632999420166016,0,0,100,10,1,
501.67,-2.931067943572998,-5.843782901763916,92.375,10.632999420166016,0,0,100,10,1,
501.68,-2.7771871089935303,-5.765069961547852,92.375,10.632999420166016,0,0,100,10,1,
501.69,-2.48329758644104,-5.667662620544434,92.375,10.632999420166016,0,0,100,10,1,
501.7,-2.3663535118103027,-5.570125102996826,92.375,10.632999420166016,0,0,100,10,1,
501.71,-2.2190659046173096,-5.476194858551025,92.4375,10.632999420166016,0,0,100,10,1,
501.72,-1.9911550283432007,-5.4115400314331055,92.4375,10.632999420166016,0,0,100,10,1,
501.73,-1.719996452331543,-5.286870956420898,92.5,10.632999420166016,0,0,100,10,1,
501.74,-1.3503280878067017,-5.202240467071533,92.5,10.632999420166016,0,0,100,10,1,
501.75,-0.9077507257461548,-5.199629783630371,92.5625,10.632999420166016,0,0,100,10,1,
501.76,-0.5912108421325684,-5.236927509307861,92.5625,10.632999420166016,0,0,100,10,1,
501.77,-0.18313738703727722,-5.227901458740234,92.5625,10.632999420166016,0,0,100,10,1,
501.78,0.16197256743907928,-5.192512512207031,92.625,10.632999420166016,0,0,100,10,1,
501.79,0.48506417870521545,-5.110934734344482,92.625,10.632999420166016,0,0,100,10,1,
501.8,0.8051238059997559,-5.082819938659668,92.625,10.632999420166016,0,0,100,10,1,
501.81,1.0889183282852173,-5.113382816314697,92.625,10.632999420166016,0,0,100,10,1,
501.82,1.635240912437439,-5.0606689453125,92.6875,10.632999420166016,0,0,100,10,1,
501.83,2.1409239768981934,-5.015466690063477,92.6875,10.632999420166016,0,0,100,10,1,
501.84,2.585090160369873,-4.938884735107422,92.6875,10.632999420166016,0,0,100,10,1,
501.85,3.025482416152954,-4.901332378387451,92.75,10.632999420166016,0,0,100,10,1,
501.86,3.4536800384521484,-4.782675743103027,92.75,10.632999420166016,0,0,100,10,1,
501.87,3.8234164714813232,-4.688470363616943,92.8125,10.632999420166016,0,0,100,10,1,
501.88,4.175591468811035,-4.581153392791748,92.8125,10.632999420166016,0,0,100,10,1,
501.89,4.554330348968506,-4.455752849578857,92.875,10.632999420166016,0,0,100,10,1,
501.9,4.945397853851318,-4.377054691314697,92.9375,10.632999420166016,0,0,100,10,1,
501.91,5.283139705657959,-4.416955947875977,92.9375,10.632999420166016,0,0,100,10,1,
501.92,5.575529098510742,-4.572821617126465,93,10.632999420166016,0,0,100,10,1,
501.93,5.768967628479004,-4.780956268310547,93,10.632999420166016,0,0,100,10,1,
501.94,5.741803169250488,-4.952571868896484,93.0625,10.632999420166016,0,0,100,10,1,
501.95,5.679617404937744,-5.031960487365723,93.0625,10.632999420166016,0,0,100,10,1,
501.96,5.600069999694824,-5.074829578399658,93.125,10.632999420166016,0,0,100,10,1,
501.97,5.5197367668151855,-5.00808048248291,93.125,10.632999420166016,0,0,100,10,1,
501.98,5.554499626159668,-4.947344779968262,93.1875,10.632999420166016,0,0,100,10,1,
501.99,5.565309047698975,-4.896091938018799,93.25,10.632999420166016,0,0,100,10,1,
502,5.589240074157715,-4.886031627655029,93.3125,10.632999420166016,0,0,100,10,1,
502.01,5.6999030113220215,-4.8239898681640625,93.375,10.632999420166016,0,0,100,10,1,
502.02,5.707577228546143,-4.774496078491211,93.4375,10.632999420166016,0,0,100,10,1,
502.03,5.65037202835083,-4.6735920906066895,93.5,10.632999420166016,0,0,100,10,1,
502.04,5.588959693908691,-4.547316074371338,93.5625,10.632999420166016,0,0,100,10,1,
502.05,5.553170204162598,-4.40224552154541,93.625,10.632999420166016,0,0,100,10,1,
502.06,5.491536617279053,-4.2450270652771,93.6875,10.632999420166016,0,0,100,10,1,
502.07,5.416436672210693,-4.121254920959473,93.8125,10.632999420166016,0,0,100,10,1,
502.08,5.512267112731934,-3.9923582077026367,93.875,10.632999420166016,0,0,100,10,1,
502.09,5.652943134307861,-3.7591705322265625,93.9375,10.632999420166016,0,0,100,10,1,
502.1,5.832859039306641,-3.4543681144714355,94.0625,10.632999420166016,0,0,100,10,1,
502.11,5.824789047241211,-3.340515613555908,94.125,10.632999420166016,0,0,100,10,1,
502.12,5.822396755218506,-3.1730501651763916,94.1875,10.632999420166016,0,0,100,10,1,
502.13,5.772305488586426,-3.0231356620788574,94.3125,10.632999420166016,0,0,100,10,1,
502.14,5.690121173858643,-2.9049320220947266,94.375,10.632999420166016,0,0,100,10,1,
502.15,5.593148708343506,-2.8158206939697266,94.5,10.632999420166016,0,0,100,10,1,
502.16,5.5104875564575195,-2.795271635055542,94.5625,10.632999420166016,0,0,100,10,1,
502.17,5.422459602355957,-2.7684218883514404,94.6875,10.632999420166016,0,0,100,10,1,
502.18,5.366087913513184,-2.796025514602661,94.8125,10.632999420166016,0,0,100,10,1,
502.19,5.281638145446777,-2.842350959777832,94.875,10.632999420166016,0,0,100,10,1,
502.2,5.01371955871582,-2.9759678840637207,95,10.632999420166016,0,0,100,10,1,
502.21,4.6517229080200195,-3.1346633434295654,95.0625,10.632999420166016,0,0,100,10,1,
502.22,4.352081775665283,-3.3298802375793457,95.1875,10.632999420166016,0,0,100,10,1,
502.23,4.075031280517578,-3.437511444091797,95.3125,10.632999420166016,0,0,100,10,1,
502.24,3.9844369888305664,-3.3564934730529785,95.4375,10.632999420166016,0,0,100,10,1,
502.25,3.8948025703430176,-3.334200859069824,95.5625,10.632999420166016,0,0,100,10,1,
502.26,3.83598256111145,-3.287776231765747,95.6875,10.632999420166016,0,0,100,10,1,
502.27,3.7237958908081055,-3.281811475753784,95.8125,10.632999420166016,0,0,100,10,1,
502.28,3.6063685417175293,-3.2576534748077393,95.9375,10.632999420166016,0,0,100,10,1,
502.29,3.4502110481262207,-3.2681965827941895,96.0625,10.632999420166016,0,0,100,10,1,
502.3,3.2682158946990967,-3.296316623687744,96.1875,10.632999420166016,0,0,100,10,1,
502.31,2.8830103874206543,-3.4641544818878174,96.3125,10.632999420166016,0,0,100,10,1,
502.32,2.5103516578674316,-3.5046281814575195,96.4375,10.632999420166016,0,0,100,10,1,
502.33,2.1894917488098145,-3.516752004623413,96.5625,10.632999420166016,0,0,100,10,1,
502.34,1.942256212234497,-3.551422357559204,96.6875,10.632999420166016,0,0,100,10,1,
502.35,1.7321276664733887,-3.608694553375244,96.8125,10.632999420166016,0,0,100,10,1,
502.36,1.850814700126648,-3.546025276184082,97,10.632999420166016,0,0,100,10,1,
502.37,2.062657356262207,-3.3899011611938477,97.125,10.632999420166016,0,0,100,10,1,
502.38,2.287625551223755,-3.236884832382202,97.25,10.632999420166016,0,0,100,10,1,
502.39,2.679267406463623,-3.054823398590088,97.4375,10.632999420166016,0,0,100,10,1,
502.4,3.104646921157837,-2.8604862689971924,97.4375,10.632999420166016,0,0,100,10,1,
502.41,3.4451708793640137,-2.7279579639434814,97.5625,10.632999420166016,0,0,100,10,1,
502.42,3.6649224758148193,-2.5951130390167236,97.875,10.632999420166016,0,0,100,10,1,
502.43,3.927544116973877,-2.429497718811035,98.0625,10.632999420166016,0,0,100,10,1,
502.44,4.15116548538208,-2.3022632598876953,98.25,10.632999420166016,0,0,100,10,1,
502.45,4.462240695953369,-2.2308666706085205,98.25,10.632999420166016,0,0,100,10,1,
502.46,4.812562942504883,-2.176586866378784,98.375,10.632999420166016,0,0,100,10,1,
502.47,5.201684474945068,-2.1176791191101074,98.6875,10.632999420166016,0,0,100,10,1,
502.48,5.61956787109375,-1.9817780256271362,98.8125,10.632999420166016,0,0,100,10,1,
502.49,5.959021091461182,-1.8074700832366943,98.9375,10.632999420166016,0,0,100,10,1,
502.5,6.268977165222168,-1.6237396001815796,98.9375,10.632999420166016,0,0,100,10,1,
502.51,6.474480628967285,-1.43773353099823,99.125,10.632999420166016,0,0,100,10,1,
502.52,6.53085994720459,-1.2498419284820557,99.375,10.632999420166016,0,0,100,10,1,
502.53,6.5271525382995605,-1.0693328380584717,99.5625,10.632999420166016,0,0,100,10,1,
502.54,6.48599910736084,-0.9255048036575317,99.6875,10.632999420166016,0,0,100,10,1,
502.55,6.510663986206055,-0.8224836587905884,99.6875,10.632999420166016,0,0,100,10,1,
502.56,6.4841413497924805,-0.7927964925765991,99.8125,10.632999420166016,0,0,100,10,1,
502.57,6.384184837341309,-0.8212183117866516,100.0625,10.632999420166016,0,0,100,10,1,
502.58,6.114370346069336,-0.9855507612228394,100.1875,10.632999420166016,0,0,100,10,1,
502.59,5.824590682983398,-1.0712741613388062,100.3125,10.632999420166016,0,0,100,10,1,
502.6,5.4222822189331055,-1.110933780670166,100.3125,10.632999420166016,0,0,100,10,1,
502.61,4.862860202789307,-1.1670615673065186,100.375,10.632999420166016,0,0,100,10,1,
502.62,4.252689838409424,-1.2023688554763794,100.625,10.632999420166016,0,0,100,10,1,
502.63,3.709836721420288,-1.1868534088134766,100.6875,10.632999420166016,0,0,100,10,1,
502.64,3.175532102584839,-1.1813596487045288,100.8125,10.632999420166016,0,0,100,10,1,
502.65,2.634693145751953,-1.1647326946258545,100.8125,10.632999420166016,0,0,100,10,1,
502.66,2.1696999073028564,-1.1179572343826294,100.9375,10.632999420166016,0,0,100,10,1,
502.67,1.7875176668167114,-1.1518158912658691,101.125,10.632999420166016,0,0,100,10,1,
502.68,1.4446250200271606,-1.165272831916809,101.1875,10.632999420166016,0,0,100,10,1,
502.69,0.9597543478012085,-1.2861688137054443,101.3125,10.632999420166016,0,0,100,10,1,
502.7,0.4419468641281128,-1.4257394075393677,101.3125,10.632999420166016,0,0,100,10,1,
502.71,-0.12542183697223663,-1.4676051139831543,101.375,10.632999420166016,0,0,100,10,1,
502.72,-0.7347000241279602,-1.4536914825439453,101.5625,10.632999420166016,0,0,100,10,1,
502.73,-1.4507505893707275,-1.4213168621063232,101.6875,10.632999420166016,0,0,100,10,1,
502.74,-2.319241523742676,-1.5015357732772827,101.75,10.632999420166016,0,0,100,10,1,
502.75,-3.0317788124084473,-1.5852396488189697,101.75,10.632999420166016,0,0,100,10,1,
502.76,-3.55224609375,-1.6708604097366333,101.8125,10.632999420166016,0,0,100,10,1,
502.77,-3.8644638061523438,-1.765141487121582,101.9375,10.632999420166016,0,0,100,10,1,
502.78,-3.9782848358154297,-1.7985012531280518,102,10.632999420166016,0,0,100,10,1,
502.79,-3.989069700241089,-1.6939619779586792,102.125,10.632999420166016,0,0,100,10,1,
502.8,-4.08794641494751,-1.4803400039672852,102.125,10.632999420166016,0,0,100,10,1,
502.81,-4.185880661010742,-1.2039289474487305,102.1875,10.632999420166016,0,0,100,10,1,
502.82,-4.204825401306152,-0.8518065214157104,102.25,10.632999420166016,0,0,100,10,1,
502.83,-4.191283702850342,-0.5751317143440247,102.3125,10.632999420166016,0,0,100,10,1,
502.84,-4.309232711791992,-0.5850090384483337,102.375,10.632999420166016,0,0,100,10,1,
502.85,-4.281017303466797,-0.6256304383277893,102.375,10.632999420166016,0,0,100,10,1,
502.86,-4.062920093536377,-0.6885991096496582,102.4375,10.632999420166016,0,0,100,10,1,
502.87,-3.829434394836426,-0.7089698910713196,102.5,10.632999420166016,0,0,100,10,1,
502.88,-3.5492072105407715,-0.7002096176147461,102.5625,10.632999420166016,0,0,100,10,1,
502.89,-3.266055107116699,-0.6220591068267822,102.5625,10.632999420166016,0,0,100,10,1,
502.9,-2.8881638050079346,-0.5244082808494568,102.5625,10.632999420166016,0,0,100,10,1,
502.91,-2.6765458583831787,-0.475791335105896,102.625,10.632999420166016,0,0,100,10,1,
502.92,-2.481407403945923,-0.38688087463378906,102.6875,10.632999420166016,0,0,100,10,1,
502.93,-2.295332908630371,-0.2945024073123932,102.75,10.632999420166016,0,0,100,10,1,
502.94,-2.0127243995666504,-0.17090529203414917,102.8125,10.632999420166016,0,0,100,10,1,
502.95,-1.6961382627487183,-0.017404332756996155,102.8125,10.632999420166016,0,0,100,10,1,
502.96,-1.4404373168945312,0.07480700314044952,102.8125,10.632999420166016,0,0,100,10,1,
502.97,-1.1985284090042114,0.1462075114250183,102.875,10.632999420166016,0,0,100,10,1,
502.98,-1.013338565826416,0.1658754199743271,102.875,10.632999420166016,0,0,100,10,1,
502.99,-0.8317333459854126,0.07007675617933273,102.875,10.632999420166016,0,0,100,10,1,
503,-0.6831018924713135,-0.004108672961592674,102.875,10.632999420166016,0,0,100,10,1,
503.01,-0.5460221767425537,-0.07219654321670532,102.9375,10.632999420166016,0,0,100,10,1,
503.02,-0.555505633354187,-0.1562822312116623,102.9375,10.632999420166016,0,0,100,10,1,
503.03,-0.5760987401008606,-0.22522921860218048,102.9375,10.632999420166016,0,0,100,10,1,
503.04,-0.7359945774078369,-0.3435080647468567,102.9375,10.632999420166016,0,0,100,10,1,
503.05,-0.8526515960693359,-0.4855109751224518,102.9375,10.632999420166016,0,0,100,10,1,
503.06,-0.9143338203430176,-0.5490763187408447,102.9375,10.632999420166016,0,0,100,10,1,
503.07,-0.956725537776947,-0.5907663106918335,102.9375,10.632999420166016,0,0,100,10,1,
503.08,-0.88825523853302,-0.5677717924118042,102.9375,10.632999420166016,0,0,100,10,1,
503.09,-0.9060564637184143,-0.5166500210762024,102.9375,10.632999420166016,0,0,100,10,1,
503.1,-0.8914214968681335,-0.5451701879501343,102.9375,10.632999420166016,0,0,100,10,1,
503.11,-0.8590372800827026,-0.5601981282234192,102.9375,10.632999420166016,0,0,100,10,1,
503.12,-0.8911305665969849,-0.5460602641105652,102.9375,10.632999420166016,0,0,100,10,1,
503.13,-0.8818812966346741,-0.5245247483253479,102.875,10.632999420166016,0,0,100,10,1,
503.14,-1.0595542192459106,-0.5188426971435547,102.875,10.632999420166016,0,0,100,10,1,
503.15,-1.3019312620162964,-0.5139430165290833,102.875,10.632999420166016,0,0,100,10,1,
503.16,-1.587112307548523,-0.5026316046714783,102.875,10.632999420166016,0,0,100,10,1,
503.17,-1.9378858804702759,-0.4063645601272583,102.8125,10.632999420166016,0,0,100,10,1,
503.18,-2.285320997238159,-0.2961041331291199,102.75,10.632999420166016,0,0,100,10,1,
503.19,-2.5860037803649902,-0.19247159361839294,102.75,10.632999420166016,0,0,100,10,1,
503.2,-2.7624917030334473,-0.04759223014116287,102.75,10.632999420166016,0,0,100,10,1,
503.21,-2.886070966720581,0.07832507789134979,102.6875,10.632999420166016,0,0,100,10,1,
503.22,-3.057750940322876,0.13297665119171143,102.625,10.632999420166016,0,0,100,10,1,
503.23,-3.118703842163086,0.13021698594093323,102.625,10.632999420166016,0,0,100,10,1,
503.24,-3.046234369277954,0.16069605946540833,102.5625,10.632999420166016,0,0,100,10,1,
503.25,-3.08933424949646,0.2133880853652954,102.5625,10.632999420166016,0,0,100,10,1,
503.26,-3.187356948852539,0.2947208285331726,102.5625,10.632999420166016,0,0,100,10,1,
503.27,-3.4277915954589844,0.3085317611694336,102.5,10.632999420166016,0,0,100,10,1,
503.28,-3.503392219543457,0.3191957175731659,102.5,10.632999420166016,0,0,100,10,1,
503.29,-3.474801778793335,0.37497231364250183,102.5,10.632999420166016,0,0,100,10,1,
503.3,-3.426426649093628,0.4561403691768646,102.5,10.632999420166016,0,0,100,10,1,
503.31,-3.2940566539764404,0.4649421274662018,102.5,10.632999420166016,0,0,100,10,1,
503.32,-3.08754825592041,0.4993572533130646,102.5,10.632999420166016,0,0,100,10,1,
503.33,-2.8762762546539307,0.4783937931060791,102.5,10.632999420166016,0,0,100,10,1,
503.34,-2.821516275405884,0.42104366421699524,102.5,10.632999420166016,0,0,100,10,1,
503.35,-2.7915356159210205,0.2931196987628937,102.5,10.632999420166016,0,0,100,10,1,
503.36,-2.6965863704681396,0.28003987669944763,102.5,10.632999420166016,0,0,100,10,1,
503.37,-2.535658121109009,0.27199602127075195,102.5625,10.632999420166016,0,0,100,10,1,
503.38,-2.3361949920654297,0.2773115038871765,102.625,10.632999420166016,0,0,100,10,1,
503.39,-2.208293914794922,0.15165334939956665,102.625,10.632999420166016,0,0,100,10,1,
503.4,-2.1415762901306152,-0.03145985305309296,102.625,10.632999420166016,0,0,100,10,1,
503.41,-1.9156420230865479,-0.1881510615348816,102.6875,10.632999420166016,0,0,100,10,1,
503.42,-1.63848078250885,-0.2563692629337311,102.75,10.632999420166016,0,0,100,10,1,
503.43,-1.258054256439209,-0.3136686086654663,102.75,10.632999420166016,0,0,100,10,1,
503.44,-0.8806428909301758,-0.3257058262825012,102.8125,10.632999420166016,0,0,100,10,1,
503.45,-0.6873850226402283,-0.4521968960762024,102.875,10.632999420166016,0,0,100,10,1,
503.46,-0.36425328254699707,-0.501500129699707,102.9375,10.632999420166016,0,0,100,10,1,
503.47,-0.06798359751701355,-0.45397764444351196,103,10.632999420166016,0,0,100,10,1,
503.48,0.17873245477676392,-0.4308815002441406,103,10.632999420166016,0,0,100,10,1,
503.49,0.3991304337978363,-0.37680086493492126,103.0625,10.632999420166016,0,0,100,10,1,
503.5,0.5117804408073425,-0.4053152799606323,103.125,10.632999420166016,0,0,100,10,1,
503.51,0.6002787351608276,-0.4699362814426422,103.1875,10.632999420166016,0,0,100,10,1,
503.52,0.7586942911148071,-0.4629286527633667,103.1875,10.632999420166016,0,0,100,10,1,
503.53,0.9795575737953186,-0.4318038523197174,103.25,10.632999420166016,0,0,100,10,1,
503.54,1.185150146484375,-0.34270158410072327,103.3125,10.632999420166016,0,0,100,10,1,
503.55,1.33401358127594,-0.2937487065792084,103.3125,10.632999420166016,0,0,100,10,1,
503.56,1.4651944637298584,-0.1844382882118225,103.375,10.632999420166016,0,0,100,10,1,
503.57,1.5275352001190186,-0.053110502660274506,103.4375,10.632999420166016,0,0,100,10,1,
503.581,1.515296220779419,0.09263558685779572,103.4375,10.632999420166016,0,0,100,10,1,
503.59,1.5100053548812866,0.19160084426403046,103.5,10.632999420166016,0,0,100,10,1,
503.6,1.5648267269134521,0.2889929711818695,103.5,10.632999420166016,0,0,100,10,1,
503.61,1.5745534896850586,0.39200493693351746,103.5,10.632999420166016,0,0,100,10,1,
503.62,1.7297810316085815,0.4518759846687317,103.5625,10.632999420166016,0,0,100,10,1,
503.63,1.8484395742416382,0.5438035130500793,103.5625,10.632999420166016,0,0,100,10,1,
503.64,1.858521819114685,0.5510791540145874,103.5625,10.632999420166016,0,0,100,10,1,
503.65,1.7451001405715942,0.5175377726554871,103.5625,10.632999420166016,0,0,100,10,1,
503.66,1.620901346206665,0.5740565657615662,103.5625,10.632999420166016,0,0,100,10,1,
503.67,1.5825186967849731,0.6519138216972351,103.625,10.632999420166016,0,0,100,10,1,
503.68,1.5450938940048218,0.7815550565719604,103.625,10.632999420166016,0,0,100,10,1,
503.69,1.4716428518295288,0.827946126461029,103.625,10.632999420166016,0,0,100,10,1,
503.7,1.4091975688934326,0.9032076597213745,103.625,10.632999420166016,0,0,100,10,1,
503.71,1.3818140029907227,0.9994581937789917,103.625,10.632999420166016,0,0,100,10,1,
503.72,1.3471823930740356,1.1600695848464966,103.625,10.632999420166016,0,0,100,10,1,
503.73,1.2727715969085693,1.1991671323776245,103.6875,10.632999420166016,0,0,100,10,1,
503.74,1.3754544258117676,1.1763172149658203,103.6875,10.632999420166016,0,0,100,10,1,
503.75,1.46905517578125,1.0954097509384155,103.6875,10.632999420166016,0,0,100,10,1,
503.76,1.567030906677246,1.0336397886276245,103.6875,10.632999420166016,0,0,100,10,1,
503.77,1.7073249816894531,0.9542686343193054,103.6875,10.632999420166016,0,0,100,10,1,
503.78,1.886658787727356,0.9174882769584656,103.6875,10.632999420166016,0,0,100,10,1,
503.79,1.9721899032592773,0.8445954918861389,103.6875,10.632999420166016,0,0,100,10,1,
503.8,2.036205530166626,0.8272342085838318,103.6875,10.632999420166016,0,0,100,10,1,
503.81,2.1686489582061768,0.8971554636955261,103.6875,10.632999420166016,0,0,100,10,1,
503.82,2.3700199127197266,0.9937552809715271,103.6875,10.632999420166016,0,0,100,10,1,
503.83,2.5422496795654297,1.0483072996139526,103.6875,10.632999420166016,0,0,100,10,1,
503.84,2.6214137077331543,1.0547845363616943,103.6875,10.632999420166016,0,0,100,10,1,
503.85,2.7220675945281982,1.099527359008789,103.6875,10.632999420166016,0,0,100,10,1,
503.86,2.816437005996704,1.1891717910766602,103.6875,10.632999420166016,0,0,100,10,1,
503.87,2.9038639068603516,1.3211631774902344,103.6875,10.632999420166016,0,0,100,10,1,
503.88,2.8976337909698486,1.3124996423721313,103.6875,10.632999420166016,0,0,100,10,1,
503.89,2.889677047729492,1.4494237899780273,103.6875,10.632999420166016,0,0,100,10,1,
503.9,2.901597023010254,1.5958188772201538,103.6875,10.632999420166016,0,0,100,10,1,
503.91,2.9682204723358154,1.7740949392318726,103.6875,10.632999420166016,0,0,100,10,1,
503.92,2.984325408935547,1.8841394186019897,103.625,10.632999420166016,0,0,100,10,1,
503.93,3.0284996032714844,2.041755199432373,103.625,10.632999420166016,0,0,100,10,1,
503.94,3.061704158782959,2.0986125469207764,103.625,10.632999420166016,0,0,100,10,1,
503.95,3.011214256286621,2.191695213317871,103.625,10.632999420166016,0,0,100,10,1,
503.96,2.930607557296753,2.1937966346740723,103.625,10.632999420166016,0,0,100,10,1,
503.97,2.8489089012145996,2.2837085723876953,103.5625,10.632999420166016,0,0,100,10,1,
503.98,2.8041226863861084,2.42681622505188,103.5625,10.632999420166016,0,0,100,10,1,
503.99,2.733081817626953,2.534383535385132,103.5625,10.632999420166016,0,0,100,10,1,
504,2.644916296005249,2.5357003211975098,103.5625,10.632999420166016,0,0,100,10,1,
504.01,2.6954824924468994,2.483455181121826,103.5625,10.632999420166016,0,0,100,10,1,
504.02,2.7852368354797363,2.4751193523406982,103.5,10.632999420166016,0,0,100,10,1,
504.03,2.936444044113159,2.515469551086426,103.5,10.632999420166016,0,0,100,10,1,
504.04,3.054415464401245,2.5261356830596924,103.5,10.632999420166016,0,0,100,10,1,
504.05,3.147113561630249,2.566248893737793,103.4375,10.632999420166016,0,0,100,10,1,
504.06,3.2527036666870117,2.638580799102783,103.4375,10.632999420166016,0,0,100,10,1,
504.07,3.373800754547119,2.5815839767456055,103.4375,10.632999420166016,0,0,100,10,1,
504.08,3.3925113677978516,2.4798786640167236,103.375,10.632999420166016,0,0,100,10,1,
504.09,3.416954517364502,2.4422659873962402,103.375,10.632999420166016,0,0,100,10,1,
504.1,3.39821195602417,2.4206759929656982,103.3125,10.632999420166016,0,0,100,10,1,
504.11,3.4098265171051025,2.3880977630615234,103.3125,10.632999420166016,0,0,100,10,1,
504.12,3.397670030593872,2.2871387004852295,103.3125,10.632999420166016,0,0,100,10,1,
504.13,3.4036993980407715,2.243043899536133,103.25,10.632999420166016,0,0,100,10,1,
504.14,3.374361515045166,2.2594053745269775,103.25,10.632999420166016,0,0,100,10,1,
504.151,3.360516309738159,2.3251988887786865,103.1875,10.632999420166016,0,0,100,10,1,
504.16,3.267871856689453,2.3692026138305664,103.1875,10.632999420166016,0,0,100,10,1,
504.17,3.1442692279815674,2.4734277725219727,103.1875,10.632999420166016,0,0,100,10,1,
504.18,3.0391345024108887,2.534311294555664,103.125,10.632999420166016,0,0,100,10,1,
504.19,2.893167734146118,2.605969190597534,103.125,10.632999420166016,0,0,100,10,1,
504.2,2.6223175525665283,2.599930763244629,103.125,10.632999420166016,0,0,100,10,1,
504.21,2.420344829559326,2.700439929962158,103.0625,10.632999420166016,0,0,100,10,1,
504.22,2.252337694168091,2.872359037399292,103.0625,10.632999420166016,0,0,100,10,1,
504.23,2.1714344024658203,3.0775208473205566,103.0625,10.632999420166016,0,0,100,10,1,
504.24,2.048794984817505,3.2571301460266113,103.0625,10.632999420166016,0,0,100,10,1,
504.25,1.9543781280517578,3.4540822505950928,103.0625,10.632999420166016,0,0,100,10,1,
504.26,1.8666478395462036,3.6583540439605713,103.0625,10.632999420166016,0,0,100,10,1,
504.27,1.855103611946106,3.8120203018188477,103,10.632999420166016,0,0,100,10,1,
504.28,1.7367194890975952,3.8905344009399414,103,10.632999420166016,0,0,100,10,1,
504.29,1.6308554410934448,3.9976654052734375,103,10.632999420166016,0,0,100,10,1,
504.3,1.5333120822906494,4.099725246429443,103,10.632999420166016,0,0,100,10,1,
504.31,1.4543676376342773,4.200051784515381,103,10.632999420166016,0,0,100,10,1,
504.32,1.40212881565094,4.216458320617676,103,10.632999420166016,0,0,100,10,1,
504.33,1.3775629997253418,4.23716402053833,103,10.632999420166016,0,0,100,10,1,
504.34,1.4207513332366943,4.254306793212891,103,10.632999420166016,0,0,100,10,1,
504.35,1.5254456996917725,4.30974817276001,103.0625,10.632999420166016,0,0,100,10,1,
504.36,1.651814341545105,4.395721435546875,103.0625,10.632999420166016,0,0,100,10,1,
504.37,1.7270855903625488,4.378946304321289,103.0625,10.632999420166016,0,0,100,10,1,
504.38,1.8091460466384888,4.355994701385498,103.0625,10.632999420166016,0,0,100,10,1,
504.39,1.944434404373169,4.330639362335205,103.125,10.632999420166016,0,0,100,10,1,
504.4,2.0892484188079834,4.305792808532715,103.125,10.632999420166016,0,0,100,10,1,
504.41,2.060439109802246,4.237372398376465,103.125,10.632999420166016,0,0,100,10,1,
504.42,2.0170304775238037,4.185292720794678,103.1875,10.632999420166016,0,0,100,10,1,
504.43,1.8996025323867798,4.111223220825195,103.1875,10.632999420166016,0,0,100,10,1,
504.44,1.71306312084198,4.0744099617004395,103.25,10.632999420166016,0,0,100,10,1,
504.45,1.5780211687088013,3.9542434215545654,103.25,10.632999420166016,0,0,100,10,1,
504.46,1.4529377222061157,3.94250750541687,103.25,10.632999420166016,0,0,100,10,1,
504.47,1.3077362775802612,3.9213013648986816,103.3125,10.632999420166016,0,0,100,10,1,
504.48,1.1489497423171997,3.881862163543701,103.375,10.632999420166016,0,0,100,10,1,
504.49,0.9789872169494629,3.804394245147705,103.4375,10.632999420166016,0,0,100,10,1,
504.5,0.7728527784347534,3.786362409591675,103.5,10.632999420166016,0,0,100,10,1,
504.51,0.5849633812904358,3.7052993774414062,103.5,10.632999420166016,0,0,100,10,1,
504.52,0.3530516028404236,3.6146581172943115,103.5,10.632999420166016,0,0,100,10,1,
504.53,0.04906488209962845,3.4575634002685547,103.625,10.632999420166016,0,0,100,10,1,
504.54,-0.3067840337753296,3.2779159545898438,103.625,10.632999420166016,0,0,100,10,1,
504.55,-0.5928782224655151,3.1973116397857666,103.6875,10.632999420166016,0,0,100,10,1,
504.56,-0.8673732876777649,3.1290204524993896,103.6875,10.632999420166016,0,0,100,10,1,
504.57,-1.0044175386428833,3.1050562858581543,103.75,10.632999420166016,0,0,100,10,1,
504.58,-1.1472924947738647,3.061157703399658,103.8125,10.632999420166016,0,0,100,10,1,
504.59,-1.3437892198562622,3.030172824859619,103.875,10.632999420166016,0,0,100,10,1,
504.6,-1.5934349298477173,3.0261759757995605,103.875,10.632999420166016,0,0,100,10,1,
504.61,-1.878473162651062,2.9953763484954834,103.875,10.632999420166016,0,0,100,10,1,
504.62,-2.1195333003997803,2.969071626663208,103.9375,10.632999420166016,0,0,100,10,1,
504.63,-2.301320791244507,2.9566259384155273,104,10.632999420166016,0,0,100,10,1,
504.64,-2.475111722946167,2.8112616539001465,104,10.632999420166016,0,0,100,10,1,
504.65,-2.5651416778564453,2.630075216293335,104.0625,10.632999420166016,0,0,100,10,1,
504.66,-2.6316540241241455,2.553030252456665,104.0625,10.632999420166016,0,0,100,10,1,
504.67,-2.644501209259033,2.4925496578216553,104.0625,10.632999420166016,0,0,100,10,1,
504.68,-2.6319222450256348,2.484814167022705,104.125,10.632999420166016,0,0,100,10,1,
504.69,-2.6441023349761963,2.5222227573394775,104.125,10.632999420166016,0,0,100,10,1,
504.7,-2.651808977127075,2.5288872718811035,104.1875,10.632999420166016,0,0,100,10,1,
504.71,-2.583562135696411,2.48297119140625,104.1875,10.632999420166016,0,0,100,10,1,
504.72,-2.505871057510376,2.5143792629241943,104.1875,10.632999420166016,0,0,100,10,1,
504.73,-2.3720085620880127,2.4581868648529053,104.25,10.632999420166016,0,0,100,10,1,
504.74,-2.183206796646118,2.387453079223633,104.25,10.632999420166016,0,0,100,10,1,
504.75,-2.054285764694214,2.263150453567505,104.25,10.632999420166016,0,0,100,10,1,
504.76,-2.0575051307678223,2.089503526687622,104.25,10.632999420166016,0,0,100,10,1,
504.77,-2.0196943283081055,1.9579641819000244,104.25,10.632999420166016,0,0,100,10,1,
504.78,-1.9535775184631348,1.9356768131256104,104.3125,10.632999420166016,0,0,100,10,1,
504.79,-1.7955479621887207,2.010124444961548,104.3125,10.632999420166016,0,0,100,3,1,
504.8,-1.6070524454116821,2.128756284713745,104.3125,10.632999420166016,0,0,100,3,1,
504.81,-1.4873636960983276,2.188209056854248,104.3125,10.632999420166016,0,0,100,3,1,
504.82,-1.287075400352478,2.3338587284088135,104.3125,10.632999420166016,0,0,100,3,1,
504.83,-1.0516777038574219,2.505293130874634,104.375,10.632999420166016,0,0,100,3,1,
504.84,-0.7891928553581238,2.569108247756958,104.4375,10.632999420166016,0,0,100,3,1,
504.85,-0.554594874382019,2.500417470932007,104.4375,10.632999420166016,0,0,100,3,1,
504.86,-0.3132076859474182,2.437570333480835,104.4375,10.632999420166016,0,0,100,3,1,
504.87,-0.05823618173599243,2.4420230388641357,104.5,10.632999420166016,0,0,100,3,1,
504.88,0.20037555694580078,2.4603734016418457,104.625,10.632999420166016,0,0,100,3,1,
504.89,0.3240731954574585,2.462817668914795,104.75,10.632999420166016,0,0,100,3,1,
504.9,0.542776346206665,2.365323781967163,104.8125,10.632999420166016,0,0,100,3,1,
504.91,0.8007797002792358,2.2967851161956787,104.8125,10.632999420166016,0,0,100,3,1,
504.92,1.0799689292907715,2.2895145416259766,104.9375,10.632999420166016,0,0,100,3,1,
504.93,1.4019315242767334,2.3448729515075684,105.125,10.632999420166016,0,0,100,3,1,
504.94,1.5626353025436401,2.254350185394287,105.1875,10.632999420166016,0,0,100,3,1,
504.95,1.644036054611206,2.1304824352264404,105.3125,10.632999420166016,0,0,100,3,1,
504.96,1.617966890335083,2.0038347244262695,105.3125,10.632999420166016,0,0,100,3,1,
504.97,1.4946011304855347,1.9659148454666138,105.4375,10.632999420166016,0,0,100,3,1,
504.98,1.3138797283172607,1.8270806074142456,105.6875,10.632999420166016,0,0,100,3,1,
504.99,1.130510926246643,1.7043429613113403,105.875,10.632999420166016,0,0,100,3,1,
505,0.8951929211616516,1.6412479877471924,106,10.632999420166016,0,0,100,3,1,
505.01,0.6870865821838379,1.7273814678192139,106,10.632999420166016,0,0,100,3,1,
505.02,0.47254645824432373,1.8216646909713745,106.125,10.632999420166016,0,0,100,3,1,
505.03,0.05271841585636139,1.766941785812378,106.4375,83.93209838867188,0,0,100,3,1,
505.04,-0.395354688167572,1.5212620496749878,106.625,83.93209838867188,0,0,100,3,1,
505.05,-0.5552771687507629,1.3532923460006714,106.8125,83.93209838867188,0,0,100,3,1,
505.06,-0.7316299080848694,1.3384448289871216,106.8125,83.93209838867188,0,0,100,3,1,
505.07,-0.8657302856445312,1.4178972244262695,107,83.93209838867188,0,0,100,3,1,
505.08,-0.8844898343086243,1.5639865398406982,107.3125,83.93209838867188,0,0,100,3,1,
505.09,-0.8071624040603638,1.7446221113204956,107.4375,5.23075008392334,0,0,100,3,1,
505.1,-0.5929403305053711,1.939303994178772,107.625,5.23075008392334,0,0,100,3,1,
505.11,-0.36809587478637695,2.1810598373413086,107.625,5.23075008392334,0,0,100,3,1,
505.12,-0.10222047567367554,2.357186794281006,107.75,5.23075008392334,0,0,100,3,1,
505.13,0.2396930456161499,2.5272979736328125,107.75,5.23075008392334,0,0,100,3,1,
505.14,0.6755642294883728,2.6162853240966797,107.625,5.23075008392334,0,0,100,3,1,
505.15,1.200927495956421,2.6372172832489014,107.5625,5.23075008392334,0,0,100,3,1,
505.16,1.7128124237060547,2.722414970397949,107.5625,174.77565002441406,0,0,100,3,1,
505.17,2.248363494873047,2.892338275909424,107.5625,174.77565002441406,0,0,100,3,1,
505.18,2.728350877761841,2.9615468978881836,107.6875,174.77565002441406,0,0,100,3,1,
505.19,3.6006863117218018,2.7138752937316895,107.625,174.77565002441406,0,0,100,3,1,
505.2,4.621490478515625,2.188495635986328,107.5,174.77565002441406,0,0,100,3,1,
505.21,5.591809272766113,1.2913236618041992,107.5,174.77565002441406,0,0,100,3,1,
505.22,6.387768268585205,0.10154016315937042,107.3125,174.77565002441406,0,0,100,3,1,
505.23,7.239872455596924,-1.1580408811569214,107,174.77565002441406,0,0,100,3,1,
505.24,8.482848167419434,-2.1367101669311523,106.875,174.77565002441406,0,0,100,3,1,
505.25,8.482848167419434,-2.913912773132324,106.8125,174.77565002441406,0,0,100,3,1,
505.26,11.606948852539062,-3.5671491622924805,106.8125,174.77565002441406,0,0,100,3,1,
505.27,12.9382963180542,-4.333957672119141,106.8125,174.77565002441406,0,0,100,3,1,
505.28,14.008170127868652,-5.152124404907227,106.6875,174.77565002441406,0,0,100,3,1,
505.29,14.008170127868652,-5.901362895965576,106.625,174.77565002441406,0,0,100,3,1,
505.3,14.7854642868042,-5.901362895965576,106.625,174.77565002441406,0,0,100,3,1,
505.31,15.13540267944336,-7.453341960906982,106.5,174.77565002441406,0,0,100,3,1,
505.32,15.114537239074707,-8.2329740524292,106.375,174.77565002441406,0,0,100,3,1,
505.33,15.114537239074707,-8.2329740524292,106.375,83.93209838867188,0,0,100,3,1,
505.34,15.073177337646484,-9.116734504699707,106.125,83.93209838867188,0,0,100,3,1,
505.35,15.044205665588379,-9.84735107421875,106.0625,83.93209838867188,0,0,100,3,1,
505.36,15.313974380493164,-10.547533988952637,105.9375,83.93209838867188,0,0,100,3,1,
505.37,15.11637020111084,-10.475798606872559,105.9375,83.93209838867188,0,0,100,3,1,
505.38,15.11637020111084,-10.475798606872559,105.9375,83.93209838867188,0,0,100,3,1,
505.39,14.893402099609375,-10.269787788391113,105.875,83.93209838867188,0,0,100,3,1,
505.4,14.328776359558105,-10.036234855651855,105.875,83.93209838867188,0,0,100,3,1,
505.41,13.202237129211426,-10.3125,105.8125,83.93209838867188,0,0,100,3,1,
505.42,12.616436958312988,-10.5153226852417,105.8125,83.93209838867188,0,0,100,3,1,
505.43,12.616436958312988,-10.5153226852417,105.8125,83.93209838867188,0,0,100,3,1,
505.44,11.836199760437012,-10.684584617614746,105.875,83.93209838867188,0,0,100,3,1,
505.45,11.237245559692383,-10.596391677856445,105.875,83.93209838867188,0,0,100,3,1,
505.46,10.452492713928223,-9.913308143615723,105.875,83.93209838867188,0,0,100,3,1,
505.47,10.165386199951172,-9.566117286682129,105.875,83.93209838867188,0,0,100,3,1,
505.48,9.970444679260254,-9.237963676452637,106,83.93209838867188,0,0,100,3,1,
505.49,9.970444679260254,-9.237963676452637,106,83.93209838867188,0,0,100,3,1,
505.5,9.879363059997559,-8.96963119506836,106.125,83.93209838867188,0,0,100,3,1,
505.51,9.837858200073242,-8.3766508102417,106.0625,83.93209838867188,0,0,100,3,1,
505.52,9.95768928527832,-8.007410049438477,106,83.93209838867188,0,0,100,3,1,
505.53,10.143636703491211,-7.620471954345703,105.9375,83.93209838867188,0,0,100,3,1,
505.54,10.402623176574707,-7.016579627990723,105.9375,83.93209838867188,0,0,100,3,1,
505.55,10.698137283325195,-6.468369007110596,105.9375,83.93209838867188,0,0,100,3,1,
505.56,10.946446418762207,-6.009252071380615,106,83.93209838867188,0,0,100,3,1,
505.57,11.436020851135254,-5.766913414001465,106.0625,83.93209838867188,0,0,100,3,1,
505.58,11.84560775756836,-5.506707191467285,106.0625,83.93209838867188,0,0,100,3,1,
505.59,12.176549911499023,-5.43142032623291,106.125,83.93209838867188,0,0,100,3,1,
505.6,12.323915481567383,-5.302708148956299,106.1875,83.93209838867188,0,0,100,3,1,
505.61,12.310125350952148,-5.290974140167236,106.25,83.93209838867188,0,0,100,3,1,
505.62,12.203402519226074,-5.191208839416504,106.25,83.93209838867188,0,0,100,3,1,
505.63,12.305707931518555,-5.172110080718994,106.3125,83.93209838867188,0,0,100,3,1,
505.64,12.558175086975098,-4.900935649871826,106.375,83.93209838867188,0,0,100,3,1,
505.65,12.780287742614746,-4.65389347076416,106.4375,83.93209838867188,0,0,100,3,1,
505.66,12.739561080932617,-4.497452735900879,106.5,83.93209838867188,0,0,100,3,1,
505.67,12.450840950012207,-4.503830909729004,106.5625,83.93209838867188,0,0,100,3,1,
505.68,12.10098648071289,-4.520358562469482,106.6875,83.93209838867188,0,0,100,3,1,
505.69,11.426606178283691,-4.76914644241333,106.75,101.6137466430664,0,0,100,3,1,
505.7,10.80267333984375,-5.013576507568359,106.8125,101.6137466430664,0,0,100,3,1,
505.71,10.314330101013184,-5.34551477432251,106.9375,101.6137466430664,0,0,100,3,1,
505.72,9.947892189025879,-5.553452014923096,107,101.6137466430664,0,0,100,3,1,
505.73,9.60294246673584,-5.689206600189209,107.0625,101.6137466430664,0,0,100,3,1,
505.74,9.156083106994629,-5.7611870765686035,107.1875,101.6137466430664,0,0,100,3,1,
505.75,8.728885650634766,-5.868910789489746,107.25,101.6137466430664,0,0,100,3,1,
505.76,8.242548942565918,-5.949847221374512,107.375,101.6137466430664,0,0,100,3,1,
505.77,7.7677717208862305,-6.047006607055664,107.5,101.6137466430664,0,0,100,3,1,
505.78,7.304771423339844,-6.133303642272949,107.625,101.6137466430664,0,0,100,3,1,
505.79,6.810335636138916,-6.2205281257629395,107.75,101.6137466430664,0,0,100,3,1,
505.8,6.277941703796387,-6.305113315582275,107.875,101.6137466430664,0,0,100,3,1,
505.81,5.776371002197266,-6.415002346038818,108,101.6137466430664,0,0,100,3,1,
505.82,5.301582336425781,-6.449213027954102,108.125,101.6137466430664,0,0,100,3,1,
505.83,4.960848808288574,-6.427449703216553,108.25,101.6137466430664,0,0,100,3,1,
505.84,4.698753833770752,-6.366210460662842,108.375,101.6137466430664,0,0,100,3,1,
505.85,4.44801664352417,-6.382006645202637,108.5,101.6137466430664,0,0,100,3,1,
505.86,4.277920246124268,-6.360719680786133,108.625,101.6137466430664,0,0,100,3,1,
505.87,4.134610176086426,-6.301231861114502,108.8125,101.6137466430664,0,0,100,3,1,
505.88,4.044187068939209,-6.274973392486572,108.9375,101.6137466430664,0,0,100,3,1,
505.89,4.060997486114502,-6.217944145202637,109.125,101.6137466430664,0,0,100,3,1,
505.9,4.17036771774292,-6.1532182693481445,109.25,101.6137466430664,0,0,100,3,1,
505.91,4.262556076049805,-6.133517265319824,109.375,101.6137466430664,0,0,100,3,1,
505.92,4.381746768951416,-6.110082626342773,109.5,101.6137466430664,0,0,100,3,1,
505.93,4.508204936981201,-6.127555847167969,109.625,101.6137466430664,0,0,100,3,1,
505.94,4.643232345581055,-6.133991718292236,109.75,101.6137466430664,0,0,100,3,1,
505.95,4.751753330230713,-6.158158779144287,109.875,101.6137466430664,0,0,100,3,1,
505.96,4.931189060211182,-6.146786689758301,110.0625,101.6137466430664,0,0,100,3,1,
505.97,5.162164211273193,-6.098886966705322,110.125,101.6137466430664,0,0,100,3,1,
505.98,5.354809761047363,-6.058050632476807,110.3125,101.6137466430664,0,0,100,3,1,
505.99,5.489902019500732,-5.946208477020264,110.4375,101.6137466430664,0,0,100,3,1,
506,5.514109134674072,-5.8474531173706055,110.5625,101.6137466430664,0,0,100,3,1,
506.01,5.46453332901001,-5.739785671234131,110.6875,101.6137466430664,0,0,100,3,1,
506.02,5.40677547454834,-5.599564552307129,110.8125,101.6137466430664,0,0,100,3,1,
506.03,5.343013286590576,-5.5042924880981445,110.9375,101.6137466430664,0,0,100,3,1,
506.04,5.408677101135254,-5.4389424324035645,111,101.6137466430664,0,0,100,3,1,
506.05,5.4379167556762695,-5.277111530303955,111.125,101.6137466430664,0,0,100,3,1,
506.06,5.524075031280518,-5.1636128425598145,111.25,101.6137466430664,0,0,100,3,1,
506.07,5.784896373748779,-5.052689552307129,111.375,101.6137466430664,0,0,100,3,1,
506.08,6.078269004821777,-4.630825519561768,111.4375,101.6137466430664,0,0,100,3,1,
506.09,5.659064292907715,-4.4414167404174805,111.625,101.6137466430664,0,0,100,3,1,
506.1,5.81293249130249,-3.9834330081939697,111.75,101.6137466430664,0,0,100,3,1,
506.11,5.630206108093262,-3.8068082332611084,111.8125,101.6137466430664,0,0,100,3,1,
506.12,6.301857948303223,-3.517216205596924,111.9375,101.6137466430664,0,0,100,3,1,
506.13,9.189276695251465,-4.168715000152588,112.0625,101.6137466430664,0,0,100,3,1,
506.14,9.430447578430176,-4.229534149169922,112.125,101.6137466430664,0,0,100,3,1,
506.15,9.607309341430664,-5.020617485046387,112.1875,101.6137466430664,0,0,100,3,1,
506.16,9.545433044433594,-5.196372985839844,112.25,101.6137466430664,0,0,100,3,1,
506.17,9.67402458190918,-5.01444149017334,112.375,101.6137466430664,0,0,100,3,1,
506.18,9.628524780273438,-4.923960208892822,112.4375,101.6137466430664,0,0,100,3,1,
506.19,9.616084098815918,-4.895179271697998,112.4375,101.6137466430664,0,0,100,3,1,
506.2,9.120187759399414,-4.689248085021973,112.4375,101.6137466430664,0,0,100,3,1,
506.21,7.847004413604736,-4.6961445808410645,112.4375,101.6137466430664,0,0,100,3,1,
506.22,6.635469436645508,-4.688631534576416,112.3125,101.6137466430664,0,0,100,3,1,
506.23,5.501781463623047,-4.542253494262695,112.1875,101.6137466430664,0,0,100,3,1,
506.24,4.528177738189697,-4.435362815856934,112.1875,101.6137466430664,0,0,100,3,1,
506.25,3.80179762840271,-4.343183994293213,112.1875,101.6137466430664,0,0,100,3,1,
506.26,2.7524943351745605,-3.9412431716918945,112.25,101.6137466430664,0,0,100,3,1,
506.27,1.4348934888839722,-3.472911834716797,112.3125,101.6137466430664,0,0,100,3,1,
506.28,0.19977983832359314,-3.196573257446289,112.3125,101.6137466430664,0,0,100,3,1,
506.29,-0.8038198947906494,-2.7570459842681885,112.375,101.6137466430664,0,0,100,3,1,
506.3,-1.861321210861206,-2.1824285984039307,112.4375,101.6137466430664,0,0,100,3,1,
506.31,-2.8112497329711914,-1.7842984199523926,112.5,101.6137466430664,0,0,100,3,1,
506.32,-3.319669008255005,-1.3256064653396606,112.5,101.6137466430664,0,0,100,3,1,
506.33,-3.873670816421509,-0.9021998047828674,112.5625,101.6137466430664,0,0,100,3,1,
506.34,-3.8824422359466553,-0.41642525792121887,112.625,101.6137466430664,0,0,100,3,1,
506.35,-3.87945556640625,0.1632005274295807,112.6875,101.6137466430664,0,0,100,3,1,
506.36,-4.043441295623779,0.7848642468452454,112.75,101.6137466430664,0,0,100,3,1,
506.37,-4.257571697235107,1.2781628370285034,112.75,101.6137466430664,0,0,100,3,1,
506.38,-4.2582688331604,1.7414242029190063,112.8125,101.6137466430664,0,0,100,3,1,
506.39,-4.077910423278809,2.2235331535339355,112.875,101.6137466430664,0,0,100,3,1,
506.4,-3.9518380165100098,2.622154474258423,112.875,101.6137466430664,0,0,100,3,1,
506.41,-3.858154535293579,3.12888503074646,112.9375,101.6137466430664,0,0,100,3,1,
506.42,-3.79791259765625,3.6705269813537598,113,101.6137466430664,0,0,100,3,1,
506.43,-3.3944783210754395,3.9715158939361572,113,101.6137466430664,0,0,100,3,1,
506.44,-2.970228672027588,4.091599464416504,113.0625,101.6137466430664,0,0,100,3,1,
506.45,-2.5800254344940186,4.18412446975708,113.125,101.6137466430664,0,0,100,3,1,
506.46,-2.3809471130371094,4.319165229797363,113.1875,101.6137466430664,0,0,100,3,1,
506.47,-2.13246750831604,4.395769119262695,113.1875,101.6137466430664,0,0,100,3,1,
506.48,-2.020902633666992,4.442345142364502,113.25,101.6137466430664,0,0,100,3,1,
506.49,-1.8043700456619263,4.308417797088623,113.3125,101.6137466430664,0,0,100,3,1,
506.5,-1.577842354774475,4.215936183929443,113.375,101.6137466430664,0,0,100,3,1,
506.51,-1.4243758916854858,4.140990257263184,113.4375,101.6137466430664,0,0,100,3,1,
506.52,-1.1780246496200562,4.095053195953369,113.4375,101.6137466430664,0,0,100,3,1,
506.53,-1.0321048498153687,3.893094301223755,113.5,101.6137466430664,0,0,100,3,1,
506.54,-0.8629790544509888,3.659691572189331,113.625,101.6137466430664,0,0,100,3,1,
506.55,-0.7632092237472534,3.4272844791412354,113.6875,101.6137466430664,0,0,100,3,1,
506.56,-0.7886005640029907,3.2529914379119873,113.75,101.6137466430664,0,0,100,3,1,
506.57,-0.8826490640640259,3.0586016178131104,113.75,101.6137466430664,0,0,100,3,1,
506.58,-0.9742564558982849,2.8629367351531982,113.8125,101.6137466430664,0,0,100,3,1,
506.59,-1.083570122718811,2.5980682373046875,113.9375,101.6137466430664,0,0,100,3,1,
506.6,-1.236040472984314,2.3897829055786133,114,101.6137466430664,0,0,100,3,1,
506.61,-1.4082785844802856,2.2475767135620117,114,101.6137466430664,0,0,100,3,1,
506.62,-1.590785026550293,2.151942253112793,114,101.6137466430664,0,0,100,3,1,
506.63,-1.7661584615707397,1.9596853256225586,114.0625,101.6137466430664,0,0,100,3,1,
506.64,-1.955710768699646,1.7833294868469238,114.1875,101.6137466430664,0,0,100,3,1,
506.65,-2.2373464107513428,1.6382956504821777,114.1875,101.6137466430664,0,0,100,3,1,
506.66,-2.54133677482605,1.5740785598754883,114.25,101.6137466430664,0,0,100,3,1,
506.67,-2.855833053588867,1.5110101699829102,114.25,101.6137466430664,0,0,100,3,1,
506.68,-3.199065923690796,1.4587825536727905,114.3125,101.6137466430664,0,0,100,3,1,
506.69,-3.4478585720062256,1.3943915367126465,114.375,101.6137466430664,0,0,100,3,1,
506.7,-3.7245185375213623,1.3504079580307007,114.4375,101.6137466430664,0,0,100,3,1,
506.71,-4.018534183502197,1.3593757152557373,114.4375,101.6137466430664,0,0,100,3,1,
506.72,-4.325059413909912,1.407785177230835,114.4375,101.6137466430664,0,0,100,3,1,
506.73,-4.513111114501953,1.4072415828704834,114.5,101.6137466430664,0,0,100,3,1,
506.74,-4.67753267288208,1.433683156967163,114.5625,101.6137466430664,0,0,100,3,1,
506.75,-4.8886799812316895,1.4699954986572266,114.5625,101.6137466430664,0,0,100,3,1,
506.76,-5.135979652404785,1.5542709827423096,114.625,101.6137466430664,0,0,100,3,1,
506.77,-5.393337249755859,1.6365878582000732,114.625,101.6137466430664,0,0,100,3,1,
506.78,-5.54177188873291,1.7365548610687256,114.625,101.6137466430664,0,0,100,3,1,
506.79,-5.65402889251709,1.811158299446106,114.6875,101.6137466430664,0,0,100,3,1,
506.8,-5.7848334312438965,1.8725459575653076,114.6875,101.6137466430664,0,0,100,3,1,
506.81,-5.950135707855225,1.9438989162445068,114.6875,101.6137466430664,0,0,100,3,1,
506.82,-6.116384029388428,2.0281553268432617,114.6875,101.6137466430664,0,0,100,3,1,
506.83,-6.2239251136779785,2.078371047973633,114.75,101.6137466430664,0,0,100,3,1,
506.84,-6.256640434265137,2.1028385162353516,114.75,101.6137466430664,0,0,100,3,1,
506.85,-6.343889236450195,2.1200191974639893,114.75,101.6137466430664,0,0,100,3,1,
506.86,-6.463222503662109,2.1473073959350586,114.8125,101.6137466430664,0,0,100,3,1,
506.87,-6.570931434631348,2.1595680713653564,114.8125,101.6137466430664,0,0,100,3,1,
506.88,-6.662142753601074,2.190368413925171,114.8125,101.6137466430664,0,0,100,3,1,
506.89,-6.69459867477417,2.2163279056549072,114.8125,101.6137466430664,0,0,100,3,1,
506.9,-6.74565315246582,2.2435715198516846,114.8125,101.6137466430664,0,0,100,3,1,
506.91,-6.8349714279174805,2.2607369422912598,114.8125,101.6137466430664,0,0,100,3,1,
506.92,-6.946762561798096,2.2919633388519287,114.8125,101.6137466430664,0,0,100,3,1,
506.93,-6.975308895111084,2.2941036224365234,114.8125,101.6137466430664,0,0,100,3,1,
506.94,-6.9843363761901855,2.2891452312469482,114.8125,101.6137466430664,0,0,100,3,1,
506.95,-6.975214958190918,2.255823850631714,114.8125,101.6137466430664,0,0,100,3,1,
506.96,-7.023412227630615,2.238461494445801,114.8125,101.6137466430664,0,0,100,3,1,
506.97,-7.083922863006592,2.196883201599121,114.8125,101.6137466430664,0,0,100,3,1,
506.98,-7.081932544708252,2.1812477111816406,114.8125,101.6137466430664,0,0,100,3,1,
506.99,-7.053792476654053,2.1338303089141846,114.8125,101.6137466430664,0,0,100,3,1,
507,-7.04597806930542,2.113459348678589,114.8125,101.6137466430664,0,0,100,3,1,
507.01,-7.082163333892822,2.069605588912964,114.8125,101.6137466430664,0,0,100,3,1,
507.02,-7.099335193634033,2.0440709590911865,114.8125,101.6137466430664,0,0,100,3,1,
507.03,-7.099287509918213,2.0020081996917725,114.8125,101.6137466430664,0,0,100,3,1,
507.04,-7.067843437194824,1.969590663909912,114.8125,101.6137466430664,0,0,100,3,1,
507.05,-7.049517631530762,1.910254716873169,114.75,101.6137466430664,0,0,100,3,1,
507.06,-7.049517631530762,1.910254716873169,114.75,101.6137466430664,0,0,100,3,1,
507.07,-7.033230304718018,1.8303674459457397,114.75,101.6137466430664,0,0,100,3,1,
507.08,-7.027066707611084,1.8162208795547485,114.75,101.6137466430664,0,0,100,3,1,
507.09,-6.9777445793151855,1.761400818824768,114.75,101.6137466430664,0,0,100,3,1,
507.1,-6.9777445793151855,1.761400818824768,114.6875,101.6137466430664,0,0,100,3,1,
507.11,-6.944247245788574,1.7288963794708252,114.6875,101.6137466430664,0,0,100,3,1,
507.12,-6.94379186630249,1.6622850894927979,114.6875,101.6137466430664,0,0,100,3,1,
507.13,-6.902283668518066,1.6134016513824463,114.6875,101.6137466430664,0,0,100,3,1,
507.14,-6.846418380737305,1.590441107749939,114.6875,101.6137466430664,0,0,100,3,1,
507.15,-6.846418380737305,1.590441107749939,114.6875,101.6137466430664,0,0,100,3,1,
507.16,-6.799866676330566,1.52871835231781,114.6875,101.6137466430664,0,0,100,3,1,
507.17,-6.7573747634887695,1.4287327527999878,114.625,101.6137466430664,0,0,100,3,1,
507.18,-6.70448637008667,1.3778268098831177,114.625,101.6137466430664,0,0,100,3,1,
507.19,-6.634018898010254,1.2612460851669312,114.625,101.6137466430664,0,0,100,3,1,
507.2,-6.634018898010254,1.2612460851669312,114.625,101.6137466430664,0,0,100,3,1,
507.21,-6.586887836456299,1.1860220432281494,114.5625,101.6137466430664,0,0,100,3,1,
507.22,-6.517832279205322,1.0181704759597778,114.5625,101.6137466430664,0,0,100,3,1,
507.23,-6.465887069702148,0.9142963886260986,114.5625,101.6137466430664,0,0,100,3,1,
507.24,-6.397824764251709,0.8748961687088013,114.5,101.6137466430664,0,0,100,3,1,
507.25,-6.397824764251709,0.8748961687088013,114.5,101.6137466430664,0,0,100,3,1,
507.26,-6.353140830993652,0.7664204239845276,114.4375,101.6137466430664,0,0,100,3,1,
507.27,-6.258468151092529,0.6760331988334656,114.4375,101.6137466430664,0,0,100,3,1,
507.28,-6.186953544616699,0.6505937576293945,114.375,101.6137466430664,0,0,100,3,1,
507.29,-6.186953544616699,0.6505937576293945,114.375,101.6137466430664,0,0,100,3,1,
507.3,-6.052694797515869,0.5584145188331604,114.375,101.6137466430664,0,0,100,3,1,
507.31,-5.965647220611572,0.5205532908439636,114.3125,101.6137466430664,0,0,100,3,1,
507.32,-5.765465259552002,0.4188643991947174,114.3125,101.6137466430664,0,0,100,3,1,
507.33,-5.601052284240723,0.3360409736633301,114.25,101.6137466430664,0,0,100,3,1,
507.34,-5.601052284240723,0.3360409736633301,114.25,101.6137466430664,0,0,100,3,1,
507.35,-5.406630992889404,0.3212677538394928,114.1875,101.6137466430664,0,0,100,3,1,
507.36,-5.2410430908203125,0.20552292466163635,114.1875,101.6137466430664,0,0,100,3,1,
507.37,-4.954105854034424,0.04285546764731407,114.125,101.6137466430664,0,0,100,3,1,
507.38,-4.789824962615967,0.030108217149972916,114.125,101.6137466430664,0,0,100,3,1,
507.39,-4.583313941955566,-0.0676489844918251,114.0625,101.6137466430664,0,0,100,3,1,
507.4,-4.583313941955566,-0.0676489844918251,114.0625,101.6137466430664,0,0,100,3,1,
507.41,-4.345502853393555,-0.20056968927383423,114,101.6137466430664,0,0,100,3,1,
507.42,-4.208273410797119,-0.18278919160366058,114,101.6137466430664,0,0,100,3,1,
507.43,-4.050626754760742,-0.23287351429462433,113.9375,101.6137466430664,0,0,100,3,1,
507.44,-3.8861632347106934,-0.1747475564479828,113.9375,101.6137466430664,0,0,100,3,1,
507.45,-3.8861632347106934,-0.1747475564479828,113.9375,101.6137466430664,0,0,100,3,1,
507.46,-3.7377424240112305,-0.2136123925447464,113.875,101.6137466430664,0,0,100,3,1,
507.47,-3.4560790061950684,-0.18409612774848938,113.8125,101.6137466430664,0,0,100,3,1,
507.48,-3.325847864151001,-0.12605741620063782,113.75,101.6137466430664,0,0,100,3,1,
507.49,-3.159874200820923,-0.16212321817874908,113.75,101.6137466430664,0,0,100,3,1,
507.5,-3.159874200820923,-0.16212321817874908,113.75,101.6137466430664,0,0,100,3,1,
507.51,-2.986461639404297,-0.18005403876304626,113.75,101.6137466430664,0,0,100,3,1,
507.52,-2.7819876670837402,-0.21092702448368073,113.6875,101.6137466430664,0,0,100,3,1,
507.53,-2.685150384902954,-0.2516888976097107,113.625,101.6137466430664,0,0,100,3,1,
507.54,-2.5960028171539307,-0.18151211738586426,113.625,101.6137466430664,0,0,100,3,1,
507.55,-2.5960028171539307,-0.18151211738586426,113.625,101.6137466430664,0,0,100,3,1,
507.56,-2.5172791481018066,-0.21071605384349823,113.5625,101.6137466430664,0,0,100,3,1,
507.57,-2.4857237339019775,-0.2308121621608734,113.5625,101.6137466430664,0,0,100,3,1,
507.58,-2.481607675552368,-0.1896117776632309,113.5,101.6137466430664,0,0,100,3,1,
507.59,-2.4135544300079346,-0.3062499761581421,113.5,101.6137466430664,0,0,100,3,1,
507.6,-2.4135544300079346,-0.3062499761581421,113.5,101.6137466430664,0,0,100,3,1,
507.61,-2.337416172027588,-0.5677034854888916,113.4375,101.6137466430664,0,0,100,3,1,
507.62,-2.316296100616455,-0.639371395111084,113.375,101.6137466430664,0,0,100,3,1,
507.63,-2.285015344619751,-0.8007775545120239,113.375,101.6137466430664,0,0,100,3,1,
507.64,-2.2255539894104004,-0.8739990592002869,113.375,101.6137466430664,0,0,100,3,1,
507.65,-2.2391927242279053,-1.0591570138931274,113.375,101.6137466430664,0,0,100,3,1,
507.66,-2.236328125,-1.0782532691955566,113.375,101.6137466430664,0,0,100,3,1,
507.67,-2.255558490753174,-1.1480015516281128,113.375,101.6137466430664,0,0,100,3,1,
507.68,-2.253812551498413,-1.1230614185333252,113.3125,101.6137466430664,0,0,100,3,1,
507.69,-2.262916088104248,-1.2785815000534058,113.3125,101.6137466430664,0,0,100,3,1,
507.7,-2.2707998752593994,-1.3741414546966553,113.3125,101.6137466430664,0,0,100,3,1,
507.71,-2.292912006378174,-1.5310150384902954,113.3125,101.6137466430664,0,0,100,3,1,
507.72,-2.2918615341186523,-1.5120644569396973,113.3125,101.6137466430664,0,0,100,3,1,
507.73,-2.3020830154418945,-1.4879270792007446,113.25,101.6137466430664,0,0,100,3,1,
507.74,-2.2723793983459473,-1.4206922054290771,113.25,101.6137466430664,0,0,100,3,1,
507.75,-2.248234272003174,-1.506188988685608,113.25,101.6137466430664,0,0,100,3,1,
507.76,-2.2539877891540527,-1.4218369722366333,113.1875,101.6137466430664,0,0,100,3,1,
507.77,-2.248782157897949,-1.3845323324203491,113.1875,101.6137466430664,0,0,100,3,1,
507.78,-2.1960294246673584,-1.2812527418136597,113.1875,101.6137466430664,0,0,100,3,1,
507.79,-2.1260602474212646,-1.3322412967681885,113.125,101.6137466430664,0,0,100,3,1,
507.8,-2.0223004817962646,-1.3833551406860352,113.125,101.6137466430664,0,0,100,3,1,
507.81,-1.956206202507019,-1.4714937210083008,113.125,101.6137466430664,0,0,100,3,1,
507.82,-1.8480993509292603,-1.4170457124710083,113.0625,101.6137466430664,0,0,100,3,1,
507.83,-1.7614115476608276,-1.3615974187850952,113.0625,101.6137466430664,0,0,100,3,1,
507.84,-1.6386891603469849,-1.30415940284729,113,101.6137466430664,0,0,100,3,1,
507.85,-1.5456438064575195,-1.3650023937225342,113,101.6137466430664,0,0,100,3,1,
507.86,-1.418299913406372,-1.4382383823394775,112.9375,101.6137466430664,0,0,100,3,1,
507.87,-1.3365412950515747,-1.493872046470642,112.9375,101.6137466430664,0,0,100,3,1,
507.88,-1.2239848375320435,-1.4551807641983032,112.875,101.6137466430664,0,0,100,3,1,
507.89,-1.0984604358673096,-1.539817214012146,112.8125,101.6137466430664,0,0,100,3,1,
507.9,-0.9334425330162048,-1.6150169372558594,112.8125,101.6137466430664,0,0,100,3,1,
507.91,-0.8138223886489868,-1.6856541633605957,112.75,101.6137466430664,0,0,100,3,1,
507.92,-0.6919301152229309,-1.6367062330245972,112.6875,101.6137466430664,0,0,100,3,1,
507.93,-0.5909240245819092,-1.5455724000930786,112.625,101.6137466430664,0,0,100,3,1,
507.94,-0.43934866786003113,-1.456179141998291,112.625,101.6137466430664,0,0,100,3,1,
507.95,-0.30158090591430664,-1.4532238245010376,112.5625,101.6137466430664,0,0,100,3,1,
507.96,-0.13761286437511444,-1.468160629272461,112.5,101.6137466430664,0,0,100,3,1,
507.97,-0.01362190768122673,-1.4653533697128296,112.4375,101.6137466430664,0,0,100,3,1,
507.98,0.10866215825080872,-1.3935824632644653,112.375,101.6137466430664,0,0,100,3,1,
507.99,0.26484444737434387,-1.433264136314392,112.3125,101.6137466430664,0,0,100,3,1,
508,0.41586750745773315,-1.4636765718460083,112.25,101.6137466430664,0,0,100,3,1,
508.01,0.5523586273193359,-1.501581072807312,112.1875,101.6137466430664,0,0,100,3,1,
508.02,0.6521784067153931,-1.4558991193771362,112.125,101.6137466430664,0,0,100,3,1,
508.03,0.7241131067276001,-1.3829444646835327,112.0625,101.6137466430664,0,0,100,3,1,
508.04,0.8158082365989685,-1.3238953351974487,112,101.6137466430664,0,0,100,3,1,
508.05,0.9075486063957214,-1.3269336223602295,111.9375,101.6137466430664,0,0,100,3,1,
508.06,1.0040538311004639,-1.356253743171692,111.9375,101.6137466430664,0,0,100,3,1,
508.07,1.0425350666046143,-1.3822243213653564,111.875,101.6137466430664,0,0,100,3,1,
508.08,1.0825698375701904,-1.369208574295044,111.8125,101.6137466430664,0,0,100,3,1,
508.09,1.0819109678268433,-1.3309600353240967,111.75,101.6137466430664,0,0,100,3,1,
508.1,1.1079902648925781,-1.3203250169754028,111.6875,101.6137466430664,0,0,100,3,1,
508.11,1.11577570438385,-1.3479431867599487,111.625,101.6137466430664,0,0,100,3,1,
508.12,1.0783610343933105,-1.3156338930130005,111.5,101.6137466430664,0,0,100,3,1,
508.13,1.028627872467041,-1.2796006202697754,111.4375,101.6137466430664,0,0,100,3,1,
508.14,0.9881845712661743,-1.2605403661727905,111.375,101.6137466430664,0,0,100,3,1,
508.15,0.956505537033081,-1.277729868888855,111.375,101.6137466430664,0,0,100,3,1,
508.16,0.9295815229415894,-1.3127881288528442,111.3125,101.6137466430664,0,0,100,3,1,
508.17,0.858924388885498,-1.3524792194366455,111.25,101.6137466430664,0,0,100,3,1,
508.18,0.8029195666313171,-1.3792476654052734,111.1875,101.6137466430664,0,0,100,3,1,
508.19,0.727205753326416,-1.3907853364944458,111.125,101.6137466430664,0,0,100,3,1,
508.2,0.6819707155227661,-1.414246678352356,111.0625,101.6137466430664,0,0,100,3,1,
508.21,0.6371818780899048,-1.4444317817687988,110.9375,101.6137466430664,0,0,100,3,1,
508.22,0.6198983192443848,-1.4819055795669556,110.875,101.6137466430664,0,0,100,3,1,
508.23,0.607119619846344,-1.4946391582489014,110.8125,101.6137466430664,0,0,100,3,1,
508.24,0.5980826020240784,-1.4948415756225586,110.75,101.6137466430664,0,0,100,3,1,
508.25,0.6356965899467468,-1.510481357574463,110.6875,101.6137466430664,0,0,100,3,1,
508.26,0.6948723196983337,-1.5267441272735596,110.625,101.6137466430664,0,0,100,3,1,
508.27,0.7410067915916443,-1.5191987752914429,110.5625,101.6137466430664,0,0,100,3,1,
508.28,0.7700222134590149,-1.5115278959274292,110.5,101.6137466430664,0,0,100,3,1,
508.29,0.7977986335754395,-1.506127953529358,110.4375,101.6137466430664,0,0,100,3,1,
508.3,0.8691015243530273,-1.5027117729187012,110.375,101.6137466430664,0,0,100,3,1,
508.31,0.9170461893081665,-1.4806854724884033,110.3125,101.6137466430664,0,0,100,3,1,
508.32,0.9805498719215393,-1.4520158767700195,110.1875,101.6137466430664,0,0,100,3,1,
508.33,1.055232048034668,-1.422235131263733,110.125,101.6137466430664,0,0,100,3,1,
508.34,1.1147022247314453,-1.3809986114501953,110.0625,101.6137466430664,0,0,100,3,1,
508.35,1.191241979598999,-1.3330663442611694,110,101.6137466430664,0,0,100,3,1,
508.36,1.2773208618164062,-1.291592001914978,109.9375,101.6137466430664,0,0,100,3,1,
508.37,1.3367058038711548,-1.25724458694458,109.8125,101.6137466430664,0,0,100,3,1,
508.38,1.3635797500610352,-1.2225896120071411,109.75,101.6137466430664,0,0,100,3,1,
508.39,1.3810151815414429,-1.2020694017410278,109.6875,101.6137466430664,0,0,100,3,1,
508.4,1.4058113098144531,-1.2080239057540894,109.5625,101.6137466430664,0,0,100,3,1,
508.41,1.4219599962234497,-1.215322732925415,109.5,101.6137466430664,0,0,100,3,1,
508.42,1.4015015363693237,-1.2193496227264404,109.4375,101.6137466430664,0,0,100,3,1,
508.43,1.3654297590255737,-1.2203149795532227,109.375,101.6137466430664,0,0,100,3,1,
508.44,1.3363264799118042,-1.2172075510025024,109.3125,101.6137466430664,0,0,100,3,1,
508.45,1.314916729927063,-1.1983858346939087,109.1875,101.6137466430664,0,0,100,3,1,
508.46,1.307029128074646,-1.1689401865005493,109.125,101.6137466430664,0,0,100,3,1,
508.47,1.288659930229187,-1.1387544870376587,109.0625,101.6137466430664,0,0,100,3,1,
508.48,1.2640024423599243,-1.1096431016921997,109,101.6137466430664,0,0,100,3,1,
508.49,1.2433645725250244,-1.0774270296096802,108.9375,101.6137466430664,0,0,100,3,1,
508.5,1.2396920919418335,-1.0458612442016602,108.875,101.6137466430664,0,0,100,3,1,
508.51,1.2528154850006104,-1.0227108001708984,108.8125,101.6137466430664,0,0,100,3,1,
508.52,1.2737730741500854,-1.0043458938598633,108.8125,101.6137466430664,0,0,100,3,1,
508.53,1.2840662002563477,-0.9968300461769104,108.8125,101.6137466430664,0,0,100,3,1,
508.54,1.2890456914901733,-0.9943781495094299,108.75,101.6137466430664,0,0,100,3,1,
508.55,1.3018510341644287,-1.0090274810791016,108.625,101.6137466430664,0,0,100,3,1,
508.56,1.3059521913528442,-1.0323576927185059,108.625,101.6137466430664,0,0,100,3,1,
508.57,1.304762840270996,-1.0432497262954712,108.5625,101.6137466430664,0,0,100,3,1,
508.58,1.2975603342056274,-1.06251859664917,108.5625,101.6137466430664,0,0,100,3,1,
508.59,1.3090698719024658,-1.084922194480896,108.5,101.6137466430664,0,0,100,3,1,
508.6,1.3260341882705688,-1.0910484790802002,108.4375,101.6137466430664,0,0,100,3,1,
508.61,1.3557389974594116,-1.0905227661132812,108.4375,101.6137466430664,0,0,100,3,1,
508.62,1.3942909240722656,-1.0811830759048462,108.375,101.6137466430664,0,0,100,3,1,
508.63,1.452009916305542,-1.0706127882003784,108.375,101.6137466430664,0,0,100,3,1,
508.64,1.514843225479126,-1.0487065315246582,108.375,101.6137466430664,0,0,100,3,1,
508.65,1.5786198377609253,-1.0338621139526367,108.3125,101.6137466430664,0,0,100,3,1,
508.66,1.6413915157318115,-1.024744987487793,108.25,101.6137466430664,0,0,100,3,1,
508.67,1.6966124773025513,-1.0244513750076294,108.25,101.6137466430664,0,0,100,3,1,
508.68,1.7497307062149048,-1.0203810930252075,108.25,101.6137466430664,0,0,100,3,1,
508.69,1.8120815753936768,-1.010649561882019,108.1875,101.6137466430664,0,0,100,3,1,
508.7,1.8866127729415894,-0.9974848628044128,108.125,101.6137466430664,0,0,100,3,1,
508.71,1.9432028532028198,-0.9950234293937683,108.125,101.6137466430664,0,0,100,3,1,
508.72,1.9827041625976562,-0.9865055680274963,108.0625,101.6137466430664,0,0,100,3,1,
508.73,2.005955457687378,-0.9788949489593506,108.0625,101.6137466430664,0,0,100,3,1,
508.74,2.0301637649536133,-0.9804677367210388,108.0625,101.6137466430664,0,0,100,3,1,
508.75,2.0189247131347656,-0.9796971082687378,108,101.6137466430664,0,0,100,3,1,
508.76,1.9934970140457153,-0.9706512093544006,108,101.6137466430664,0,0,100,3,1,
508.77,1.9424550533294678,-0.9700530171394348,107.9375,101.6137466430664,0,0,100,3,1,
508.78,1.893067479133606,-0.967095673084259,107.9375,101.6137466430664,0,0,100,3,1,
508.79,1.8361495733261108,-0.9625706672668457,107.9375,101.6137466430664,0,0,100,3,1,
508.8,1.7798926830291748,-0.9493803381919861,107.875,101.6137466430664,0,0,100,3,1,
508.81,1.7265607118606567,-0.9360235333442688,107.875,101.6137466430664,0,0,100,3,1,
508.82,1.660414695739746,-0.9148567318916321,107.8125,101.6137466430664,0,0,100,3,1,
508.83,1.6060454845428467,-0.8935272693634033,107.8125,101.6137466430664,0,0,100,3,1,
508.84,1.5580317974090576,-0.8700823187828064,107.8125,101.6137466430664,0,0,100,3,1,
508.85,1.5580317974090576,-0.8569110035896301,107.75,101.6137466430664,0,0,100,3,1,
508.86,1.5254237651824951,-0.8569110035896301,107.75,101.6137466430664,0,0,100,3,1,
508.87,1.4908815622329712,-0.8557571768760681,107.6875,101.6137466430664,0,0,100,3,1,
508.88,1.3861488103866577,-0.872803270816803,107.6875,101.6137466430664,0,0,100,3,1,
508.89,1.3219424486160278,-0.8864814639091492,107.625,101.6137466430664,0,0,100,3,1,
508.9,1.3219424486160278,-0.8864814639091492,107.5625,101.6137466430664,0,0,100,3,1,
508.91,1.252032995223999,-0.8948495388031006,107.5625,101.6137466430664,0,0,100,3,1,
508.92,1.19037926197052,-0.9018632173538208,107.5,101.6137466430664,0,0,100,3,1,
508.93,1.0793708562850952,-0.8879483342170715,107.5,101.6137466430664,0,0,100,3,1,
508.94,1.0312011241912842,-0.8664520978927612,107.4375,101.6137466430664,0,0,100,3,1,
508.95,1.0312011241912842,-0.8664520978927612,107.4375,101.6137466430664,0,0,100,3,1,
508.96,1.0194789171218872,-0.8361870646476746,107.375,101.6137466430664,0,0,100,3,1,
508.97,1.0165693759918213,-0.8020739555358887,107.3125,101.6137466430664,0,0,100,3,1,
508.98,1.0099334716796875,-0.7332757115364075,107.3125,101.6137466430664,0,0,100,3,1,
508.99,1.0216584205627441,-0.7109700441360474,107.25,101.6137466430664,0,0,100,3,1,
509,1.0216584205627441,-0.7109700441360474,107.25,101.6137466430664,0,0,100,3,1,
509.01,1.0392968654632568,-0.6906666159629822,107.1875,101.6137466430664,0,0,100,3,1,
509.02,1.0547301769256592,-0.684737503528595,107.125,101.6137466430664,0,0,100,3,1,
509.03,1.0609674453735352,-0.6865949630737305,107.0625,101.6137466430664,0,0,100,3,1,
509.04,1.0663660764694214,-0.7064432501792908,107.0625,101.6137466430664,0,0,100,3,1,
509.05,1.0663660764694214,-0.7064432501792908,107.0625,101.6137466430664,0,0,100,3,1,
509.06,1.0437426567077637,-0.731237530708313,106.9375,101.6137466430664,0,0,100,3,1,
509.07,1.0152076482772827,-0.7539779543876648,106.9375,101.6137466430664,0,0,100,3,1,
509.08,0.9306160807609558,-0.7728169560432434,106.875,101.6137466430664,0,0,100,3,1,
509.09,0.8797739148139954,-0.7899515628814697,106.8125,101.6137466430664,0,0,100,3,1,
509.1,0.8334644436836243,-0.7915868759155273,106.8125,101.6137466430664,0,0,100,3,1,
509.11,0.8334644436836243,-0.7915868759155273,106.8125,101.6137466430664,0,0,100,3,1,
509.12,0.7749506235122681,-0.7779005765914917,106.6875,101.6137466430664,0,0,100,3,1,
509.13,0.6711986064910889,-0.7515633702278137,106.6875,101.6137466430664,0,0,100,3,1,
509.14,0.6372439861297607,-0.7364903688430786,106.625,101.6137466430664,0,0,100,3,1,
509.15,0.6372439861297607,-0.7364903688430786,106.625,101.6137466430664,0,0,100,3,1,
509.16,0.642475426197052,-0.7185252904891968,106.5,101.6137466430664,0,0,100,3,1,
509.17,0.6194493174552917,-0.7002729177474976,106.5,101.6137466430664,0,0,100,3,1,
509.18,0.5392444133758545,-0.7085249423980713,106.4375,101.6137466430664,0,0,100,3,1,
509.19,0.5194152593612671,-0.7103845477104187,106.4375,101.6137466430664,0,0,100,3,1,
509.2,0.4975582957267761,-0.7269086837768555,106.375,101.6137466430664,0,0,100,3,1,
509.21,0.4975582957267761,-0.7269086837768555,106.375,101.6137466430664,0,0,100,3,1,
509.22,0.4703349769115448,-0.748879611492157,106.3125,101.6137466430664,0,0,100,3,1,
509.23,0.3819531798362732,-0.7332826256752014,106.25,101.6137466430664,0,0,100,3,1,
509.24,0.344655305147171,-0.7336317300796509,106.1875,101.6137466430664,0,0,100,3,1,
509.25,0.2928755283355713,-0.7326809167861938,106.125,101.6137466430664,0,0,100,3,1,
509.26,0.2928755283355713,-0.7326809167861938,106.125,101.6137466430664,0,0,100,3,1,
509.27,0.24819935858249664,-0.7169257402420044,106.0625,101.6137466430664,0,0,100,3,1,
509.28,0.14234521985054016,-0.6262808442115784,106.0625,101.6137466430664,0,0,100,3,1,
509.29,0.08616966754198074,-0.5642585754394531,106,101.6137466430664,0,0,100,3,1,
509.3,0.08616966754198074,-0.5642585754394531,106,101.6137466430664,0,0,100,3,1,
509.31,0.049986064434051514,-0.5027959942817688,105.9375,101.6137466430664,0,0,100,3,1,
509.32,-0.007432040758430958,-0.444841206073761,105.9375,101.6137466430664,0,0,100,3,1,
509.33,-0.10789260268211365,-0.3173174262046814,105.875,101.6137466430664,0,0,100,3,1,
509.34,-0.1736023724079132,-0.27978819608688354,105.875,101.6137466430664,0,0,100,3,1,
509.35,-0.2382936030626297,-0.2315654754638672,105.8125,101.6137466430664,0,0,100,3,1,
509.36,-0.2382936030626297,-0.2315654754638672,105.8125,101.6137466430664,0,0,100,3,1,
509.37,-0.28416165709495544,-0.1909797191619873,105.75,101.6137466430664,0,0,100,3,1,
509.38,-0.4220361113548279,-0.13781867921352386,105.75,101.6137466430664,0,0,100,3,1,
509.39,-0.48736441135406494,-0.10231149196624756,105.6875,101.6137466430664,0,0,100,3,1,
509.4,-0.5595716238021851,-0.09341369569301605,105.6875,101.6137466430664,0,0,100,3,1,
509.41,-0.5595716238021851,-0.09341369569301605,105.6875,101.6137466430664,0,0,100,3,1,
509.42,-0.6305860877037048,-0.08066383004188538,105.6875,101.6137466430664,0,0,100,3,1,
509.43,-0.8074471354484558,-0.06623519957065582,105.625,101.6137466430664,0,0,100,3,1,
509.44,-0.902084231376648,-0.06610281020402908,105.625,101.6137466430664,0,0,100,3,1,
509.45,-0.9848296642303467,-0.06122516095638275,105.625,101.6137466430664,0,0,100,3,1,
509.46,-0.9848296642303467,-0.06122516095638275,105.625,101.6137466430664,0,0,100,3,1,
509.47,-1.071365475654602,-0.06823854148387909,105.625,101.6137466430664,0,0,100,3,1,
509.48,-1.2398008108139038,-0.05299220234155655,105.625,101.6137466430664,0,0,100,3,1,
509.49,-1.3133397102355957,-0.03754705190658569,105.625,101.6137466430664,0,0,100,3,1,
509.5,-1.3637769222259521,-0.017389662563800812,105.625,101.6137466430664,0,0,100,3,1,
509.51,-1.4093800783157349,0.0212231632322073,105.625,101.6137466430664,0,0,100,3,1,
509.52,-1.4349701404571533,0.07601536810398102,105.625,101.6137466430664,0,0,100,3,1,
509.53,-1.4670002460479736,0.12434178590774536,105.625,101.6137466430664,0,0,100,3,1,
509.54,-1.5014166831970215,0.17879718542099,105.625,101.6137466430664,0,0,100,3,1,
509.55,-1.5176355838775635,0.2421559989452362,105.625,101.6137466430664,0,0,100,3,1,
509.56,-1.5421597957611084,0.30171358585357666,105.6875,101.6137466430664,0,0,100,3,1,
509.57,-1.572487711906433,0.367055743932724,105.6875,101.6137466430664,0,0,100,3,1,
509.58,-1.609805941581726,0.43324798345565796,105.6875,101.6137466430664,0,0,100,3,1,
509.59,-1.6421868801116943,0.4986604154109955,105.6875,101.6137466430664,0,0,100,3,1,
509.6,-1.672143578529358,0.5704458951950073,105.6875,101.6137466430664,0,0,100,3,1,
509.61,-1.6838754415512085,0.631314218044281,105.6875,101.6137466430664,0,0,100,3,1,
509.62,-1.712284803390503,0.6865161657333374,105.75,101.6137466430664,0,0,100,3,1,
509.63,-1.7182772159576416,0.7393046617507935,105.75,101.6137466430664,0,0,100,3,1,
509.64,-1.7283052206039429,0.792484700679779,105.75,101.6137466430664,0,0,100,3,1,
509.65,-1.727026343345642,0.8489459753036499,105.75,101.6137466430664,0,0,100,3,1,
509.66,-1.731508493423462,0.8989378809928894,105.75,101.6137466430664,0,0,100,3,1,
509.67,-1.7379884719848633,0.9544131755828857,105.75,101.6137466430664,0,0,100,3,1,
509.68,-1.7439289093017578,0.9937869906425476,105.8125,101.6137466430664,0,0,100,3,1,
509.69,-1.7590283155441284,1.0305896997451782,105.8125,101.6137466430664,0,0,100,3,1,
509.7,-1.771030306816101,1.0658618211746216,105.8125,101.6137466430664,0,0,100,3,1,
509.71,-1.7699016332626343,1.110148549079895,105.8125,101.6137466430664,0,0,100,3,1,
509.72,-1.7880830764770508,1.1445404291152954,105.8125,101.6137466430664,0,0,100,3,1,
509.73,-1.8025312423706055,1.1786285638809204,105.875,101.6137466430664,0,0,100,3,1,
509.74,-1.8122016191482544,1.2233095169067383,105.875,101.6137466430664,0,0,100,3,1,
509.75,-1.8303481340408325,1.2689920663833618,105.875,101.6137466430664,0,0,100,3,1,
509.76,-1.8392722606658936,1.3045644760131836,105.875,101.6137466430664,0,0,100,3,1,
509.77,-1.8625259399414062,1.3373280763626099,105.875,101.6137466430664,0,0,100,3,1,
509.78,-1.891939401626587,1.3766920566558838,105.875,101.6137466430664,0,0,100,3,1,
509.79,-1.935132622718811,1.424439549446106,105.9375,101.6137466430664,0,0,100,3,0,
509.8,-1.9831517934799194,1.4754849672317505,105.9375,101.6137466430664,0,0,100,3,0,
509.81,-2.0423548221588135,1.5204722881317139,105.9375,101.6137466430664,0,0,100,3,0,
509.82,-2.106003999710083,1.5633174180984497,105.9375,101.6137466430664,0,0,100,3,0,
509.83,-2.160327196121216,1.6348568201065063,105.9375,101.6137466430664,0,0,100,3,0,
509.84,-2.209226608276367,1.714684247970581,105.875,101.6137466430664,0,0,100,3,0,
509.85,-2.2433671951293945,1.7717173099517822,105.8125,101.6137466430664,0,0,100,3,0,
509.86,-2.231844425201416,1.8226227760314941,105.6875,101.6137466430664,0,0,100,3,0,
509.87,-2.340151786804199,1.8885029554367065,105.5625,101.6137466430664,0,0,100,3,0,
509.88,-2.4606120586395264,1.9639766216278076,105.4375,101.6137466430664,0,0,100,3,0,
509.89,-2.4888031482696533,2.0458288192749023,105.3125,101.6137466430664,0,0,100,3,0,
509.9,-2.5677804946899414,2.120431423187256,105.1875,101.6137466430664,0,0,100,3,0,
509.91,-2.6777193546295166,2.245842695236206,105.0625,101.6137466430664,0,0,100,3,0,
509.92,-2.7366268634796143,2.355466365814209,105,101.6137466430664,0,0,100,3,0,
509.93,-2.7524242401123047,2.4088284969329834,104.875,101.6137466430664,0,0,100,3,0,
509.94,-2.792942523956299,2.473602771759033,104.8125,101.6137466430664,0,0,100,3,0,
509.95,-2.785734176635742,2.4962291717529297,104.6875,101.6137466430664,0,0,100,3,0,
509.96,-2.8023264408111572,2.561471700668335,104.625,101.6137466430664,0,0,100,3,0,
509.97,-2.732341766357422,2.587407112121582,104.5625,101.6137466430664,0,0,100,3,0,
509.98,-2.7297799587249756,2.6471145153045654,104.5,101.6137466430664,0,0,100,3,0,
509.99,-2.730437994003296,2.7009122371673584,104.4375,101.6137466430664,0,0,100,3,0,
510,-2.7871968746185303,2.756765127182007,104.375,101.6137466430664,0,0,100,3,0,
510.01,-2.765021562576294,2.8154892921447754,104.375,101.6137466430664,0,0,100,3,0,
510.02,-2.7399280071258545,2.8678643703460693,104.3125,101.6137466430664,0,0,100,3,0,
510.03,-2.6949427127838135,2.9261608123779297,104.3125,101.6137466430664,0,0,100,3,0,
510.04,-2.6782963275909424,2.9635751247406006,104.25,101.6137466430664,0,0,100,3,0,
510.05,-2.6073129177093506,2.9834272861480713,104.25,101.6137466430664,0,0,100,3,0,
510.06,-2.5847911834716797,3.025994300842285,104.25,101.6137466430664,0,0,100,3,0,
510.07,-2.5471129417419434,3.0694732666015625,104.1875,101.6137466430664,0,0,100,3,0,
510.08,-2.557236433029175,3.120671510696411,104.1875,101.6137466430664,0,0,100,3,0,
510.091,-2.4715681076049805,3.144948959350586,104.1875,101.6137466430664,0,0,100,3,0,
510.1,-2.384216785430908,3.162482500076294,104.1875,101.6137466430664,0,0,100,3,0,
510.11,-2.2979507446289062,3.187067747116089,104.125,101.6137466430664,0,0,100,3,0,
510.12,-2.24617862701416,3.2084553241729736,104.125,101.6137466430664,0,0,100,3,0,
510.13,-2.230942487716675,3.2365503311157227,104.125,101.6137466430664,0,0,100,3,0,
510.141,-2.1533124446868896,3.2477951049804688,104.125,101.6137466430664,0,0,100,3,0,
510.15,-2.1041667461395264,3.275801420211792,104.0625,101.6137466430664,0,0,100,3,0,
510.16,-2.0590627193450928,3.2960357666015625,104.0625,101.6137466430664,0,0,100,3,0,
510.17,-2.0478951930999756,3.3245224952697754,104.0625,101.6137466430664,0,0,100,3,0,
510.18,-1.9629417657852173,3.334519863128662,104,101.6137466430664,0,0,100,3,0,
510.19,-1.9047003984451294,3.361541986465454,104,101.6137466430664,0,0,100,3,0,
510.2,-1.8116371631622314,3.3944523334503174,104,101.6137466430664,0,0,100,3,0,
510.21,-1.7478523254394531,3.428349256515503,103.9375,101.6137466430664,0,0,100,3,0,
510.22,-1.6243858337402344,3.446331739425659,103.9375,101.6137466430664,0,0,100,3,0,
510.23,-1.4812703132629395,3.454137086868286,103.875,101.6137466430664,0,0,100,3,0,
510.24,-1.3424428701400757,3.476814031600952,103.875,101.6137466430664,0,0,100,3,0,
510.25,-1.2263438701629639,3.507366418838501,103.875,101.6137466430664,0,0,100,3,0,
510.26,-1.136245608329773,3.549309730529785,103.8125,101.6137466430664,0,0,100,3,0,
510.27,-0.9991852045059204,3.5767064094543457,103.8125,101.6137466430664,0,0,100,3,0,
510.28,-0.8556345105171204,3.6178531646728516,103.75,101.6137466430664,0,0,100,3,0,
510.29,-0.718241810798645,3.647803783416748,103.6875,101.6137466430664,0,0,100,3,0,
510.3,-0.5899733901023865,3.694155693054199,103.6875,101.6137466430664,0,0,100,3,0,
510.31,-0.3934730291366577,3.727236747741699,103.625,101.6137466430664,0,0,100,3,0,
510.32,-0.2110687643289566,3.7826428413391113,103.625,101.6137466430664,0,0,100,3,0,
510.33,0.012982053682208061,3.842320680618286,103.5625,101.6137466430664,0,0,100,3,0,
510.34,0.27294814586639404,3.9028537273406982,103.5,101.6137466430664,0,0,100,3,0,
510.35,0.5783461332321167,3.9473869800567627,103.5,101.6137466430664,0,0,100,3,0,
510.36,0.8933218121528625,3.9838972091674805,103.4375,101.6137466430664,0,0,100,3,0,
510.37,1.2092899084091187,4.046152591705322,103.375,101.6137466430664,0,0,100,3,0,
510.38,1.5042191743850708,4.104846477508545,103.375,101.6137466430664,0,0,100,3,0,
510.39,1.7669391632080078,4.15828275680542,103.3125,101.6137466430664,0,0,100,3,0,
510.4,2.037015438079834,4.235228061676025,103.25,101.6137466430664,0,0,100,3,0,
510.41,2.349790573120117,4.343375205993652,103.1875,101.6137466430664,0,0,100,3,0,
510.42,2.691166400909424,4.438223838806152,103.1875,101.6137466430664,0,0,100,3,0,
510.43,3.0443077087402344,4.545804977416992,103.125,101.6137466430664,0,0,100,3,0,
510.44,3.3797006607055664,4.657351493835449,103.0625,101.6137466430664,0,0,100,3,0,
510.45,3.815634250640869,4.77091646194458,103,101.6137466430664,0,0,100,3,0,
510.46,4.312532901763916,4.904343128204346,102.9375,101.6137466430664,0,0,100,3,0,
510.47,4.819204330444336,5.040457248687744,102.9375,101.6137466430664,0,0,100,3,0,
510.48,5.388185501098633,5.175288200378418,102.875,101.6137466430664,0,0,100,3,0,
510.49,5.999134063720703,5.3122429847717285,102.8125,101.6137466430664,0,0,100,3,0,
510.5,6.644235134124756,5.4463934898376465,102.75,101.6137466430664,0,0,100,3,0,
510.51,7.304903030395508,5.590203762054443,102.6875,101.6137466430664,0,0,100,3,0,
510.52,7.980194091796875,5.749730110168457,102.625,101.6137466430664,0,0,100,3,0,
510.53,8.721863746643066,5.9351067543029785,102.5625,101.6137466430664,0,0,100,3,0,
510.54,9.46852970123291,6.11289644241333,102.5,101.6137466430664,0,0,100,3,0,
510.55,10.260851860046387,6.33325719833374,102.4375,101.6137466430664,0,0,100,3,0,
510.56,11.15634822845459,6.574833869934082,102.375,101.6137466430664,0,0,100,3,0,
510.57,12.097789764404297,6.849320411682129,102.3125,101.6137466430664,0,0,100,3,0,
510.58,13.119635581970215,7.137782573699951,102.25,101.6137466430664,0,0,100,3,0,
510.59,14.121766090393066,7.4443745613098145,102.25,101.6137466430664,0,0,100,3,0,
510.6,15.216556549072266,7.7904438972473145,102.1875,101.6137466430664,0,0,100,3,0,
510.61,16.456783294677734,8.187885284423828,102,101.6137466430664,0,0,100,3,0,
510.62,17.785396575927734,8.605566024780273,101.9375,101.6137466430664,0,0,100,3,0,
510.63,17.785396575927734,8.605566024780273,101.9375,101.6137466430664,0,0,100,3,0,
510.64,20.624433517456055,9.480029106140137,101.875,101.6137466430664,0,0,100,3,0,
510.65,22.250802993774414,10.030856132507324,101.8125,101.6137466430664,0,0,100,3,0,
510.66,24.033666610717773,10.616218566894531,101.6875,101.6137466430664,0,0,100,3,0,
510.67,24.033666610717773,10.616218566894531,101.6875,101.6137466430664,0,0,100,3,0,
510.68,25.298179626464844,11.338848114013672,101.6875,101.6137466430664,0,0,100,3,0,
510.69,27.190628051757812,12.277997016906738,101.8125,101.6137466430664,0,0,100,3,0,
510.7,28.164936065673828,12.444662094116211,101.8125,101.6137466430664,0,0,100,3,0,
510.71,28.164936065673828,12.444662094116211,101.8125,101.6137466430664,0,0,100,3,0,
510.72,28.15616226196289,12.572173118591309,102,101.6137466430664,0,0,100,3,0,
510.73,27.780345916748047,12.653905868530273,102.125,101.6137466430664,0,0,100,3,0,
510.74,26.312231063842773,12.44071102142334,102.1875,101.6137466430664,0,0,100,3,0,
510.75,25.606809616088867,12.161828994750977,102.3125,101.6137466430664,0,0,100,3,0,
510.76,25.606809616088867,12.161828994750977,102.3125,101.6137466430664,0,0,100,3,0,
510.77,25.235074996948242,11.935529708862305,102.4375,101.6137466430664,0,0,100,3,0,
510.78,25.040773391723633,12.07182502746582,102.5625,101.6137466430664,0,0,100,3,0,
510.79,24.253524780273438,12.25182819366455,102.625,101.6137466430664,0,0,100,3,0,
510.8,23.82480812072754,12.200493812561035,102.6875,101.6137466430664,0,0,100,3,0,
510.81,23.82480812072754,12.200493812561035,102.6875,101.6137466430664,0,0,100,3,0,
510.82,23.81000518798828,12.261483192443848,102.75,101.6137466430664,0,0,100,3,0,
510.83,23.924528121948242,12.461030006408691,102.8125,101.6137466430664,0,0,100,3,0,
510.84,24.12734031677246,13.017732620239258,102.8125,101.6137466430664,0,0,100,3,0,
510.85,24.36371421813965,13.151432037353516,102.875,101.6137466430664,0,0,100,3,0,
510.86,24.36371421813965,13.151432037353516,102.875,101.6137466430664,0,0,100,3,0,
510.87,24.748210906982422,13.44504165649414,102.9375,101.6137466430664,0,0,100,3,0,
510.88,25.333635330200195,13.845343589782715,102.9375,101.6137466430664,0,0,100,3,0,
510.89,26.86016845703125,14.699209213256836,103,101.6137466430664,0,0,100,3,0,
510.9,27.68445587158203,15.213184356689453,103,101.6137466430664,0,0,100,3,0,
510.91,27.68445587158203,15.213184356689453,103,101.6137466430664,0,0,100,3,0,
510.92,28.0846004486084,15.531201362609863,103.125,101.6137466430664,0,0,100,3,0,
510.93,28.39476776123047,15.77643871307373,103.1875,101.6137466430664,0,0,100,3,0,
510.94,28.9559268951416,15.784067153930664,103.1875,101.6137466430664,0,0,100,3,0,
510.95,29.21685791015625,15.811877250671387,103.1875,101.6137466430664,0,0,100,3,0,
510.96,29.21685791015625,15.811877250671387,103.1875,101.6137466430664,0,0,100,3,0,
510.97,29.00885581970215,15.778512954711914,103.25,101.6137466430664,0,0,100,3,0,
510.98,28.621212005615234,15.614627838134766,103.25,101.6137466430664,0,0,100,3,0,
510.99,28.0374755859375,15.307014465332031,103.3125,101.6137466430664,0,0,100,3,0,
511,27.719953536987305,15.117039680480957,103.3125,101.6137466430664,0,0,100,3,0,
511.01,27.719953536987305,15.117039680480957,103.3125,101.6137466430664,0,0,100,3,0,
511.02,27.530357360839844,15.032713890075684,103.375,101.6137466430664,0,0,100,3,0,
511.03,27.364051818847656,14.998573303222656,103.375,101.6137466430664,0,0,100,3,0,
511.04,27.2358341217041,14.866951942443848,103.4375,101.6137466430664,0,0,100,3,0,
511.05,27.39178466796875,14.887580871582031,103.4375,101.6137466430664,0,0,100,3,0,
511.06,27.39178466796875,14.887580871582031,103.4375,101.6137466430664,0,0,100,3,0,
511.07,27.449682235717773,14.927393913269043,103.5,101.6137466430664,0,0,100,3,0,
511.08,27.5496826171875,14.96779727935791,103.5625,101.6137466430664,0,0,100,3,0,
511.09,27.883573532104492,14.942147254943848,103.5625,101.6137466430664,0,0,100,3,0,
511.1,28.16128158569336,15.012115478515625,103.625,101.6137466430664,0,0,100,3,0,
511.11,28.16128158569336,15.012115478515625,103.625,101.6137466430664,0,0,100,3,0,
511.12,28.45706558227539,15.183219909667969,103.6875,101.6137466430664,0,0,100,3,0,
511.13,28.68177032470703,15.313508033752441,103.75,101.6137466430664,0,0,100,3,0,
511.14,29.020719528198242,15.256860733032227,103.8125,101.6137466430664,0,0,100,3,0,
511.15,29.12174415588379,15.235614776611328,103.875,101.6137466430664,0,0,100,3,0,
511.16,29.12174415588379,15.235614776611328,103.875,101.6137466430664,0,0,100,3,0,
511.17,28.998703002929688,15.187170028686523,103.9375,101.6137466430664,0,0,100,3,0,
511.18,28.802898406982422,15.084491729736328,104,101.6137466430664,0,0,100,3,0,
511.19,28.54669189453125,14.821167945861816,104.0625,101.6137466430664,0,0,100,3,0,
511.2,28.611492156982422,14.783942222595215,104.0625,101.6137466430664,0,0,100,3,0,
511.21,28.611492156982422,14.783942222595215,104.0625,101.6137466430664,0,0,100,3,0,
511.22,28.703399658203125,14.819705963134766,104.1875,101.6137466430664,0,0,100,3,0,
511.23,28.781782150268555,14.830133438110352,104.25,101.6137466430664,0,0,100,3,0,
511.24,28.92230796813965,14.673052787780762,104.3125,101.6137466430664,0,0,100,3,0,
511.25,28.932872772216797,14.569297790527344,104.375,101.6137466430664,0,0,100,3,0,
511.26,28.932872772216797,14.569297790527344,104.375,101.6137466430664,0,0,100,3,0,
511.27,28.840373992919922,14.480875015258789,104.4375,101.6137466430664,0,0,100,3,0,
511.28,28.741090774536133,14.387922286987305,104.5,101.6137466430664,0,0,100,3,0,
511.29,28.7286434173584,14.261476516723633,104.5,101.6137466430664,0,0,100,3,0,
511.3,28.772891998291016,14.26066780090332,104.5625,101.6137466430664,0,0,100,3,0,
511.31,28.772891998291016,14.26066780090332,104.5625,101.6137466430664,0,0,100,3,0,
511.32,28.812711715698242,14.253661155700684,104.6875,101.6137466430664,0,0,100,3,0,
511.33,28.823509216308594,14.180910110473633,104.6875,101.6137466430664,0,0,100,3,0,
511.34,28.774564743041992,14.03592300415039,104.75,101.6137466430664,0,0,100,3,0,
511.35,28.736190795898438,13.996142387390137,104.8125,101.6137466430664,0,0,100,3,0,
511.36,28.736190795898438,13.996142387390137,104.8125,101.6137466430664,0,0,100,3,0,
511.37,28.714351654052734,13.939459800720215,104.875,101.6137466430664,0,0,100,3,0,
511.38,28.73609733581543,13.91081428527832,104.875,101.6137466430664,0,0,100,3,0,
511.39,28.812698364257812,13.831147193908691,104.9375,101.6137466430664,0,0,100,3,0,
511.4,28.82191276550293,13.780466079711914,104.9375,101.6137466430664,0,0,100,3,0,
511.41,28.82191276550293,13.780466079711914,104.9375,101.6137466430664,0,0,100,3,0,
511.42,28.808568954467773,13.748623847961426,105,101.6137466430664,0,0,100,3,0,
511.43,28.783056259155273,13.68956184387207,105,101.6137466430664,0,0,100,3,0,
511.44,28.802574157714844,13.617267608642578,105.0625,101.6137466430664,0,0,100,3,0,
511.45,28.816123962402344,13.563267707824707,105.0625,101.6137466430664,0,0,100,3,0,
511.46,28.820650100708008,13.509576797485352,105.125,101.6137466430664,0,0,100,3,0,
511.47,28.820650100708008,13.509576797485352,105.125,101.6137466430664,0,0,100,3,0,
511.48,28.819366455078125,13.469144821166992,105.125,101.6137466430664,0,0,100,3,0,
511.49,28.779085159301758,13.43384838104248,105.125,101.6137466430664,0,0,100,3,0,
511.5,28.779085159301758,13.43384838104248,105.125,101.6137466430664,0,0,100,3,0,
511.51,28.762577056884766,13.411219596862793,105.125,101.6137466430664,0,0,100,3,0,
511.52,28.751628875732422,13.392677307128906,105.1875,101.6137466430664,0,0,100,3,0,
511.53,28.749780654907227,13.391437530517578,105.1875,101.6137466430664,0,0,100,3,0,
511.54,28.779634475708008,13.357352256774902,105.1875,101.6137466430664,0,0,100,3,0,
511.55,28.779634475708008,13.357352256774902,105.1875,101.6137466430664,0,0,100,3,0,
511.56,28.777732849121094,13.31953239440918,105.1875,101.6137466430664,0,0,100,3,0,
511.57,28.758304595947266,13.302250862121582,105.1875,101.6137466430664,0,0,100,3,0,
511.58,28.75701332092285,13.214969635009766,105.1875,101.6137466430664,0,0,100,3,0,
511.59,28.769872665405273,13.17973518371582,105.1875,101.6137466430664,0,0,100,3,0,
511.6,28.7914981842041,13.181303977966309,105.1875,101.6137466430664,0,0,100,3,0,
511.61,28.815195083618164,13.14233112335205,105.1875,101.6137466430664,0,0,100,3,0,
511.62,28.823009490966797,13.106623649597168,105.1875,101.6137466430664,0,0,100,3,0,
511.63,28.819177627563477,13.063736915588379,105.1875,101.6137466430664,0,0,100,3,0,
511.64,28.82206916809082,13.06198501586914,105.1875,101.6137466430664,0,0,100,3,0,
511.65,28.82206916809082,13.06198501586914,105.1875,101.6137466430664,0,0,100,3,0,
511.66,28.816261291503906,13.078946113586426,105.1875,101.6137466430664,0,0,100,3,0,
511.67,28.816997528076172,13.073192596435547,105.1875,101.6137466430664,0,0,100,3,0,
511.68,28.808395385742188,13.062080383300781,105.1875,101.6137466430664,0,0,100,3,0,
511.69,28.793968200683594,13.02595043182373,105.1875,101.6137466430664,0,0,100,3,0,
511.7,28.795427322387695,13.006834983825684,105.125,101.6137466430664,0,0,100,3,0,
511.71,28.79833221435547,13.002948760986328,105.125,101.6137466430664,0,0,100,3,0,
511.72,28.792436599731445,12.96609115600586,105.125,101.6137466430664,0,0,100,3,0,
511.73,28.78225326538086,12.968884468078613,105.125,101.6137466430664,0,0,100,3,0,
511.74,28.790077209472656,12.951136589050293,105.125,101.6137466430664,0,0,100,3,0,
511.75,28.799360275268555,12.955307006835938,105.125,101.6137466430664,0,0,100,3,0,
511.76,28.80205535888672,12.929861068725586,105.125,101.6137466430664,0,0,100,3,0,
511.77,28.792633056640625,12.942158699035645,105.125,101.6137466430664,0,0,100,3,0,
511.78,28.769739151000977,12.96402645111084,105.125,101.6137466430664,0,0,100,3,0,
511.79,28.759441375732422,12.984874725341797,105.125,101.6137466430664,0,0,100,3,0,
511.8,28.757953643798828,12.980563163757324,105.125,101.6137466430664,0,0,100,3,0,
511.81,28.758718490600586,12.939858436584473,105.125,101.6137466430664,0,0,100,3,0,
511.82,28.741039276123047,12.932709693908691,105.125,101.6137466430664,0,0,100,3,0,
511.83,28.73250961303711,12.928601264953613,105.125,101.6137466430664,0,0,100,3,0,
511.84,28.72141456604004,12.91319751739502,105.125,101.6137466430664,0,0,100,3,0,
511.85,28.721220016479492,12.859493255615234,105.125,101.6137466430664,0,0,100,3,0,
511.86,28.7145938873291,12.841739654541016,105.125,101.6137466430664,0,0,100,3,0,
511.87,28.712434768676758,12.817811965942383,105.125,101.6137466430664,0,0,100,3,0,
511.88,28.707191467285156,12.826416969299316,105.125,101.6137466430664,0,0,100,3,0,
511.89,28.709856033325195,12.794774055480957,105.125,101.6137466430664,0,0,100,3,0,
511.9,28.70425033569336,12.79970932006836,105.125,101.6137466430664,0,0,100,3,0,
511.91,28.690052032470703,12.800833702087402,105.125,101.6137466430664,0,0,100,3,0,
511.92,28.682767868041992,12.822758674621582,105.125,101.6137466430664,0,0,100,3,0,
511.93,28.678478240966797,12.806220054626465,105.125,101.6137466430664,0,0,100,3,0,
511.94,28.68857765197754,12.753010749816895,105.125,101.6137466430664,0,0,100,3,0,
511.95,28.689302444458008,12.730538368225098,105.125,101.6137466430664,0,0,100,3,0,
511.96,28.689022064208984,12.71989631652832,105.1875,101.6137466430664,0,0,100,3,0,
511.97,28.687917709350586,12.689355850219727,105.1875,101.6137466430664,0,0,100,3,0,
511.98,28.693878173828125,12.628600120544434,105.1875,101.6137466430664,0,0,100,3,0,
511.99,28.689504623413086,12.597869873046875,105.1875,101.6137466430664,0,0,100,3,0,
512,28.68804931640625,12.569671630859375,105.1875,101.6137466430664,0,0,100,3,0,
512.01,28.693696975708008,12.588499069213867,105.1875,101.6137466430664,0,0,100,3,0,
512.02,28.705463409423828,12.563871383666992,105.25,101.6137466430664,0,0,100,3,0,
512.03,28.711267471313477,12.574307441711426,105.25,101.6137466430664,0,0,100,3,0,
512.04,28.722211837768555,12.569130897521973,105.25,101.6137466430664,0,0,100,3,0,
512.05,28.732709884643555,12.591328620910645,105.25,101.6137466430664,0,0,100,3,0,
512.06,28.737375259399414,12.565424919128418,105.25,101.6137466430664,0,0,100,3,0,
512.07,28.72869873046875,12.513376235961914,105.25,101.6137466430664,0,0,100,3,0,
512.08,28.70709800720215,12.476948738098145,105.25,101.6137466430664,0,0,100,3,0,
512.09,28.705886840820312,12.47216510772705,105.3125,101.6137466430664,0,0,100,3,0,
512.1,28.728239059448242,12.433204650878906,105.3125,101.6137466430664,0,0,100,3,0,
512.11,28.746614456176758,12.3750581741333,105.3125,101.6137466430664,0,0,100,3,0,
512.12,28.74382972717285,12.354788780212402,105.3125,101.6137466430664,0,0,100,3,0,
512.13,28.742149353027344,12.349112510681152,105.3125,101.6137466430664,0,0,100,3,0,
512.14,28.7463321685791,12.381333351135254,105.3125,101.6137466430664,0,0,100,3,0,
512.15,28.761749267578125,12.364398956298828,105.3125,101.6137466430664,0,0,100,3,0,
512.16,28.769287109375,12.374874114990234,105.3125,101.6137466430664,0,0,100,3,0,
512.17,28.76519203186035,12.367189407348633,105.3125,101.6137466430664,0,0,100,3,0,
512.18,28.760398864746094,12.39596939086914,105.3125,101.6137466430664,0,0,100,3,0,
512.19,28.767498016357422,12.377507209777832,105.3125,101.6137466430664,0,0,100,3,0,
512.2,28.77132797241211,12.401548385620117,105.3125,101.6137466430664,0,0,100,3,0,
512.21,28.769020080566406,12.415728569030762,105.3125,101.6137466430664,0,0,100,3,0,
512.22,28.753257751464844,12.456476211547852,105.3125,101.6137466430664,0,0,100,3,0,
512.23,28.74198341369629,12.440765380859375,105.3125,101.6137466430664,0,0,100,3,0,
512.241,28.747411727905273,12.41073226928711,105.3125,101.6137466430664,0,0,100,3,0,
512.25,28.756441116333008,12.389686584472656,105.3125,101.6137466430664,0,0,100,3,0,
512.26,28.759748458862305,12.409130096435547,105.3125,101.6137466430664,0,0,100,3,0,
512.27,28.74229621887207,12.463138580322266,105.3125,101.6137466430664,0,0,100,3,0,
512.28,28.736482620239258,12.469378471374512,105.3125,101.6137466430664,0,0,100,3,0,
512.29,28.73611831665039,12.48484992980957,105.25,101.6137466430664,0,0,100,3,0,
512.3,28.745683670043945,12.46648120880127,105.25,101.6137466430664,0,0,100,3,0,
512.31,28.74032974243164,12.501986503601074,105.25,101.6137466430664,0,0,100,3,0,
512.32,28.74170684814453,12.500057220458984,105.25,101.6137466430664,0,0,100,3,0,
512.33,28.73897933959961,12.518636703491211,105.25,101.6137466430664,0,0,100,3,0,
512.34,28.752351760864258,12.514974594116211,105.25,101.6137466430664,0,0,100,3,0,
512.35,28.760087966918945,12.559107780456543,105.25,101.6137466430664,0,0,100,3,0,
512.36,28.77129554748535,12.559369087219238,105.25,101.6137466430664,0,0,100,3,0,
512.37,28.78124237060547,12.557613372802734,105.25,101.6137466430664,0,0,100,3,0,
512.38,28.7913875579834,12.540887832641602,105.25,101.6137466430664,0,0,100,3,0,
512.39,28.7913875579834,12.57339096069336,105.25,101.6137466430664,0,0,100,3,0,
512.4,28.785497665405273,12.631322860717773,105.25,101.6137466430664,0,0,100,3,0,
512.41,28.780805587768555,12.660958290100098,105.25,101.6137466430664,0,0,100,3,0,
512.42,28.780805587768555,12.677373886108398,105.25,101.6137466430664,0,0,100,3,0,
512.43,28.78696060180664,12.661215782165527,105.25,101.6137466430664,0,0,100,3,0,
512.44,28.80076026916504,12.661215782165527,105.25,101.6137466430664,0,0,100,3,0,
512.45,28.80354881286621,12.692410469055176,105.25,101.6137466430664,0,0,100,3,0,
512.46,28.819013595581055,12.6993408203125,105.25,101.6137466430664,0,0,100,3,0,
512.47,28.832338333129883,12.702781677246094,105.25,101.6137466430664,0,0,100,3,0,
512.48,28.849079132080078,12.679372787475586,105.25,101.6137466430664,0,0,100,3,0,
512.49,28.848953247070312,12.701469421386719,105.25,101.6137466430664,0,0,100,3,0,
512.5,28.852563858032227,12.69627571105957,105.25,101.6137466430664,0,0,100,3,0,
512.51,28.85435676574707,12.7032470703125,105.25,101.6137466430664,0,0,100,3,0,
512.52,28.86574363708496,12.68581771850586,105.25,101.6137466430664,0,0,100,3,0,
512.53,28.865703582763672,12.713048934936523,105.25,101.6137466430664,0,0,100,3,0,
512.54,28.865272521972656,12.746772766113281,105.25,101.6137466430664,0,0,100,3,0,
512.55,28.867746353149414,12.775125503540039,105.25,101.6137466430664,0,0,100,3,0,
512.56,28.87636375427246,12.778557777404785,105.25,101.6137466430664,0,0,100,3,0,
512.571,28.885393142700195,12.768646240234375,105.25,101.6137466430664,0,0,100,3,0,
512.58,28.885929107666016,12.789247512817383,105.25,101.6137466430664,0,0,100,3,0,
512.59,28.87767219543457,12.822587966918945,105.25,101.6137466430664,0,0,100,3,0,
512.6,28.87352180480957,12.841752052307129,105.25,101.6137466430664,0,0,100,3,0,
512.61,28.877870559692383,12.841753959655762,105.25,101.6137466430664,0,0,100,3,0,
512.62,28.884693145751953,12.820401191711426,105.3125,101.6137466430664,0,0,100,3,0,
512.63,28.889272689819336,12.82530689239502,105.3125,101.6137466430664,0,0,100,3,0,
512.64,28.898557662963867,12.817374229431152,105.3125,101.6137466430664,0,0,100,3,0,
512.65,28.902559280395508,12.832773208618164,105.3125,101.6137466430664,0,0,100,3,0,
512.66,28.9135799407959,12.823310852050781,105.3125,101.6137466430664,0,0,100,3,0,
512.67,28.91546630859375,12.838301658630371,105.3125,101.6137466430664,0,0,100,3,0,
512.68,28.915868759155273,12.845870018005371,105.3125,101.6137466430664,0,0,100,3,0,
512.69,28.90859031677246,12.866267204284668,105.3125,101.6137466430664,0,0,100,3,0,
512.7,28.909334182739258,12.860625267028809,105.3125,101.6137466430664,0,0,100,3,0,
512.71,28.90951919555664,12.88560676574707,105.3125,101.6137466430664,0,0,100,3,0,
512.72,28.90785026550293,12.905420303344727,105.3125,101.6137466430664,0,0,100,3,0,
512.73,28.902584075927734,12.92324447631836,105.3125,101.6137466430664,0,0,100,3,0,
512.74,28.902647018432617,12.922917366027832,105.3125,101.6137466430664,0,0,100,3,0,
512.75,28.910612106323242,12.910233497619629,105.3125,101.6137466430664,0,0,100,3,0,
512.76,28.91074562072754,12.914963722229004,105.3125,101.6137466430664,0,0,100,3,0,
512.77,28.915864944458008,12.915833473205566,105.3125,101.6137466430664,0,0,100,3,0,
512.78,28.908578872680664,12.932755470275879,105.3125,101.6137466430664,0,0,100,3,0,
512.79,28.90637969970703,12.929920196533203,105.3125,101.6137466430664,0,0,100,3,0,
512.8,28.90114974975586,12.940658569335938,105.3125,101.6137466430664,0,0,100,3,0,
512.81,28.899511337280273,12.94810676574707,105.3125,101.6137466430664,0,0,100,3,0,
512.82,28.898651123046875,12.971400260925293,105.3125,101.6137466430664,0,0,100,3,0,
512.83,28.906335830688477,12.975634574890137,105.3125,101.6137466430664,0,0,100,3,0,
512.84,28.905712127685547,12.997344970703125,105.3125,101.6137466430664,0,0,100,3,0,
512.85,28.904294967651367,13.011463165283203,105.3125,101.6137466430664,0,0,100,3,0,
512.86,28.903589248657227,13.030693054199219,105.3125,101.6137466430664,0,0,100,3,0,
512.87,28.90623664855957,13.029247283935547,105.3125,101.6137466430664,0,0,100,3,0,
512.88,28.904951095581055,13.016731262207031,105.3125,101.6137466430664,0,0,100,3,0,
512.89,28.897611618041992,13.009223937988281,105.3125,101.6137466430664,0,0,100,3,0,
512.9,28.893075942993164,13.012245178222656,105.3125,101.6137466430664,0,0,100,3,0,
512.91,28.895132064819336,13.025920867919922,105.3125,101.6137466430664,0,0,100,3,0,
512.92,28.901107788085938,13.02267074584961,105.3125,101.6137466430664,0,0,100,3,0,
512.93,28.89620590209961,13.028985023498535,105.3125,101.6137466430664,0,0,100,3,0,
512.94,28.893281936645508,13.036646842956543,105.3125,101.6137466430664,0,0,100,3,0,
512.95,28.89065933227539,13.051695823669434,105.3125,101.6137466430664,0,0,100,3,0,
512.96,28.89101791381836,13.045340538024902,105.3125,101.6137466430664,0,0,100,3,0,
512.97,28.890884399414062,13.047913551330566,105.3125,101.6137466430664,0,0,100,3,0,
512.98,28.89145851135254,13.04220199584961,105.3125,101.6137466430664,0,0,100,3,0,
512.99,28.890472412109375,13.0460786819458,105.3125,101.6137466430664,0,0,100,3,0,
513,28.89065933227539,13.037713050842285,105.3125,101.6137466430664,0,0,100,3,0,
513.011,28.888273239135742,13.030527114868164,105.3125,101.6137466430664,0,0,100,3,0,
513.02,28.89017105102539,13.024795532226562,105.3125,101.6137466430664,0,0,100,3,0,
513.03,28.890499114990234,13.028114318847656,105.3125,101.6137466430664,0,0,100,3,0,
513.04,28.888294219970703,13.038073539733887,105.3125,101.6137466430664,0,0,100,3,0,
513.05,28.882169723510742,13.03747844696045,105.3125,101.6137466430664,0,0,100,3,0,
513.06,28.88381576538086,13.037293434143066,105.3125,101.6137466430664,0,0,100,3,0,
513.07,28.8856201171875,13.037490844726562,105.3125,101.6137466430664,0,0,100,3,0,
513.08,28.881925582885742,13.044132232666016,105.3125,101.6137466430664,0,0,100,3,0,
513.09,28.878681182861328,13.041749000549316,105.3125,101.6137466430664,0,0,100,3,0,
513.1,28.883941650390625,13.046255111694336,105.3125,101.6137466430664,0,0,100,3,0,
513.11,28.88865089416504,13.039933204650879,105.3125,101.6137466430664,0,0,100,3,0,
513.12,28.89052963256836,13.039633750915527,105.3125,101.6137466430664,0,0,100,3,0,
513.13,28.888364791870117,13.036444664001465,105.3125,101.6137466430664,0,0,100,3,0,
513.14,28.888235092163086,13.031031608581543,105.3125,101.6137466430664,0,0,100,3,0,
513.15,28.886085510253906,13.026121139526367,105.3125,101.6137466430664,0,0,100,3,0,
513.16,28.88336944580078,13.029004096984863,105.3125,101.6137466430664,0,0,100,3,0,
513.17,28.879711151123047,13.022772789001465,105.3125,101.6137466430664,0,0,100,3,0,
513.18,28.87276840209961,13.011213302612305,105.3125,101.6137466430664,0,0,100,3,0,
513.19,28.87346649169922,13.007993698120117,105.3125,101.6137466430664,0,0,100,3,0,
513.2,28.871389389038086,13.007624626159668,105.3125,101.6137466430664,0,0,100,3,0,
513.21,28.87651252746582,13.015413284301758,105.3125,101.6137466430664,0,0,100,3,0,
513.22,28.878564834594727,13.013527870178223,105.3125,101.6137466430664,0,0,100,3,0,
513.23,28.885255813598633,13.016632080078125,105.3125,101.6137466430664,0,0,100,3,0,
513.24,28.890241622924805,13.015963554382324,105.3125,101.6137466430664,0,0,100,3,0,
513.25,28.89424705505371,13.019993782043457,105.3125,101.6137466430664,0,0,100,3,0,
513.26,28.891050338745117,13.013533592224121,105.3125,101.6137466430664,0,0,100,3,0,
513.27,28.88294219970703,13.011529922485352,105.3125,101.6137466430664,0,0,100,3,0,
513.28,28.87682342529297,13.009008407592773,105.3125,101.6137466430664,0,0,100,3,0,
513.29,28.88149642944336,13.007987976074219,105.3125,101.6137466430664,0,0,100,3,0,
513.3,28.879058837890625,13.001829147338867,105.3125,101.6137466430664,0,0,100,3,0,
513.31,28.871261596679688,12.993307113647461,105.3125,101.6137466430664,0,0,100,3,0,
513.32,28.873056411743164,12.991607666015625,105.3125,101.6137466430664,0,0,100,3,0,
513.33,28.874608993530273,12.990893363952637,105.3125,101.6137466430664,0,0,100,3,0,
513.34,28.885419845581055,12.993274688720703,105.3125,101.6137466430664,0,0,100,3,0,
513.35,28.88080406188965,12.989641189575195,105.3125,101.6137466430664,0,0,100,3,0,
513.36,28.879505157470703,12.994572639465332,105.3125,101.6137466430664,0,0,100,3,0,
513.37,28.8737735748291,12.997915267944336,105.3125,101.6137466430664,0,0,100,3,0,
513.38,28.881650924682617,12.999645233154297,105.3125,101.6137466430664,0,0,100,3,0,
513.39,28.88111114501953,12.994829177856445,105.3125,101.6137466430664,0,0,100,3,0,
513.4,28.87358283996582,12.985681533813477,105.3125,101.6137466430664,0,0,100,3,0,
513.41,28.87323760986328,12.982421875,105.3125,101.6137466430664,0,0,100,3,0,
513.42,28.881305694580078,12.983416557312012,105.3125,101.6137466430664,0,0,100,3,0,
513.43,28.87630844116211,12.97939682006836,105.3125,101.6137466430664,0,0,100,3,0,
513.44,28.864192962646484,12.97316837310791,105.3125,101.6137466430664,0,0,100,3,0,
513.45,28.85787582397461,12.981401443481445,105.3125,101.6137466430664,0,0,100,3,0,
513.46,28.8612060546875,12.980855941772461,105.3125,101.6137466430664,0,0,100,3,0,
513.47,28.867996215820312,12.987075805664062,105.3125,101.6137466430664,0,0,100,3,0,
513.48,28.870973587036133,12.98036003112793,105.3125,101.6137466430664,0,0,100,3,0,
513.49,28.874778747558594,12.985365867614746,105.3125,101.6137466430664,0,0,100,3,0,
513.5,28.877405166625977,12.9923734664917,105.3125,101.6137466430664,0,0,100,3,0,
513.51,28.88503646850586,12.99813461303711,105.3125,101.6137466430664,0,0,100,3,0,
513.52,28.883913040161133,12.995017051696777,105.3125,101.6137466430664,0,0,100,3,0,
513.53,28.886301040649414,13.007670402526855,105.3125,101.6137466430664,0,0,100,3,0,
513.54,28.883146286010742,13.01742172241211,105.3125,101.6137466430664,0,0,100,3,0,
513.55,28.889379501342773,13.023965835571289,105.3125,101.6137466430664,0,0,100,3,0,
513.56,28.886699676513672,13.018884658813477,105.3125,101.6137466430664,0,0,100,3,0,
513.57,28.88047981262207,13.000704765319824,105.3125,101.6137466430664,0,0,100,3,0,
513.58,28.873485565185547,13.003615379333496,105.3125,101.6137466430664,0,0,100,3,0,
513.59,28.878551483154297,12.99838924407959,105.3125,101.6137466430664,0,0,100,3,0,
513.6,28.889873504638672,13.012789726257324,105.25,101.6137466430664,0,0,100,3,0,
513.61,28.896358489990234,13.009100914001465,105.25,101.6137466430664,0,0,100,3,0,
513.62,28.90140151977539,13.024991989135742,105.25,101.6137466430664,0,0,100,3,0,
513.63,28.897686004638672,13.032318115234375,105.25,101.6137466430664,0,0,100,3,0,
513.64,28.89470672607422,13.03844165802002,105.25,101.6137466430664,0,0,100,3,0,
513.65,28.892332077026367,13.028521537780762,105.25,101.6137466430664,0,0,100,3,0,
513.66,28.888402938842773,13.040426254272461,105.25,101.6137466430664,0,0,100,3,0,
513.67,28.878686904907227,13.051392555236816,105.25,101.6137466430664,0,0,100,3,0,
513.68,28.88041877746582,13.053841590881348,105.25,101.6137466430664,0,0,100,3,0,
513.69,28.869951248168945,13.046849250793457,105.25,101.6137466430664,0,0,100,3,0,
513.7,28.86916732788086,13.023481369018555,105.25,101.6137466430664,0,0,100,3,0,
513.71,28.868488311767578,13.016125679016113,105.25,101.6137466430664,0,0,100,3,0,
513.72,28.875965118408203,13.009830474853516,105.25,101.6137466430664,0,0,100,3,0,
513.73,28.884796142578125,13.027052879333496,105.25,101.6137466430664,0,0,100,3,0,
513.74,28.886505126953125,13.01809024810791,105.25,101.6137466430664,0,0,100,3,0,
513.75,28.888174057006836,13.031158447265625,105.25,101.6137466430664,0,0,100,3,0,
513.76,28.882530212402344,13.03861141204834,105.25,101.6137466430664,0,0,100,3,0,
513.77,28.87933921813965,13.059237480163574,105.25,101.6137466430664,0,0,100,3,0,
513.78,28.876920700073242,13.053245544433594,105.25,101.6137466430664,0,0,100,3,0,
513.79,28.872529983520508,13.073393821716309,105.25,101.6137466430664,0,0,100,3,0,
513.8,28.869108200073242,13.088672637939453,105.25,101.6137466430664,0,0,100,3,0,
513.81,28.874492645263672,13.1033935546875,105.25,101.6137466430664,0,0,100,3,0,
513.82,28.873212814331055,13.097704887390137,105.25,101.6137466430664,0,0,100,3,0,
513.83,28.875865936279297,13.081804275512695,105.25,101.6137466430664,0,0,100,3,0,
513.84,28.872861862182617,13.0796480178833,105.25,101.6137466430664,0,0,100,3,0,
513.85,28.874563217163086,13.076949119567871,105.25,101.6137466430664,0,0,100,3,0,
513.86,28.881977081298828,13.097427368164062,105.25,101.6137466430664,0,0,100,3,0,
513.87,28.89110565185547,13.081753730773926,105.25,101.6137466430664,0,0,100,3,0,
513.88,28.893390655517578,13.083995819091797,105.25,101.6137466430664,0,0,100,3,0,
513.89,28.901533126831055,13.079861640930176,105.25,101.6137466430664,0,0,100,3,0,
513.9,28.90423011779785,13.093755722045898,105.25,101.6137466430664,0,0,100,3,0,
513.91,28.90662384033203,13.085521697998047,105.25,101.6137466430664,0,0,100,3,0,
513.92,28.902957916259766,13.098506927490234,105.25,101.6137466430664,0,0,100,3,0,
513.93,28.9007625579834,13.099526405334473,105.25,101.6137466430664,0,0,100,3,0,
513.94,28.900793075561523,13.111031532287598,105.25,101.6137466430664,0,0,100,3,0,
513.95,28.898839950561523,13.092436790466309,105.25,101.6137466430664,0,0,100,3,0,
513.96,28.898826599121094,13.069975852966309,105.25,101.6137466430664,0,0,100,3,0,
513.97,28.893634796142578,13.06126880645752,105.25,101.6137466430664,0,0,100,3,0,
513.98,28.89517593383789,13.060955047607422,105.25,101.6137466430664,0,0,100,3,0,
513.99,28.89584732055664,13.08523941040039,105.25,101.6137466430664,0,0,100,3,0,
514,28.901670455932617,13.079708099365234,105.25,101.6137466430664,0,0,100,3,0,
514.01,28.90095329284668,13.080093383789062,105.25,101.6137466430664,0,0,100,3,0,
514.02,28.9006404876709,13.083105087280273,105.25,101.6137466430664,0,0,100,3,0,
514.03,28.899578094482422,13.103242874145508,105.25,101.6137466430664,0,0,100,3,0,
514.04,28.90461540222168,13.1052885055542,105.25,101.6137466430664,0,0,100,3,0,
514.05,28.89554214477539,13.114624977111816,105.25,101.6137466430664,0,0,100,3,0,
514.06,28.887826919555664,13.10981273651123,105.25,101.6137466430664,0,0,100,3,0,
514.07,28.88547134399414,13.117386817932129,105.25,101.6137466430664,0,0,100,3,0,
514.08,28.891990661621094,13.10713005065918,105.25,101.6137466430664,0,0,100,3,0,
514.09,28.900379180908203,13.093816757202148,105.25,101.6137466430664,0,0,100,3,0,
514.1,28.90458106994629,13.08237075805664,105.25,101.6137466430664,0,0,100,3,0,
514.11,28.905969619750977,13.08767318725586,105.25,101.6137466430664,0,0,100,3,0,
514.12,28.902132034301758,13.107651710510254,105.25,101.6137466430664,0,0,100,3,0,
514.13,28.907867431640625,13.112833976745605,105.25,101.6137466430664,0,0,100,3,0,
514.14,28.903396606445312,13.114834785461426,105.25,101.6137466430664,0,0,100,3,0,
514.15,28.89906120300293,13.118535995483398,105.25,101.6137466430664,0,0,100,3,0,
514.16,28.890195846557617,13.134178161621094,105.25,101.6137466430664,0,0,100,3,0,
514.17,28.893068313598633,13.134220123291016,105.25,101.6137466430664,0,0,100,3,0,
514.18,28.890625,13.143810272216797,105.25,101.6137466430664,0,0,100,3,0,
514.19,28.89481544494629,13.140060424804688,105.25,101.6137466430664,0,0,100,3,0,
514.2,28.891353607177734,13.142107963562012,105.25,101.6137466430664,0,0,100,3,0,
514.21,28.895830154418945,13.126879692077637,105.25,101.6137466430664,0,0,100,3,0,
514.22,28.90018653869629,13.117213249206543,105.25,101.6137466430664,0,0,100,3,0,
514.23,28.906160354614258,13.10775375366211,105.25,101.6137466430664,0,0,100,3,0,
514.24,28.904281616210938,13.114139556884766,105.25,101.6137466430664,0,0,100,3,0,
514.25,28.910871505737305,13.114904403686523,105.25,101.6137466430664,0,0,100,3,0,
514.26,28.92013931274414,13.108780860900879,105.25,101.6137466430664,0,0,100,3,0,
514.27,28.925750732421875,13.096187591552734,105.25,101.6137466430664,0,0,100,3,0,
514.28,28.930564880371094,13.091874122619629,105.25,101.6137466430664,0,0,100,3,0,
514.29,28.928165435791016,13.093424797058105,105.25,101.6137466430664,0,0,100,3,0,
514.3,28.929737091064453,13.095942497253418,105.25,101.6137466430664,0,0,100,3,0,
514.31,28.925350189208984,13.09460735321045,105.25,101.6137466430664,0,0,100,3,0,
514.32,28.927541732788086,13.088030815124512,105.25,101.6137466430664,0,0,100,3,0,
514.33,28.92889404296875,13.090921401977539,105.25,101.6137466430664,0,0,100,3,0,
514.34,28.938873291015625,13.089591979980469,105.25,101.6137466430664,0,0,100,3,0,
514.35,28.94427490234375,13.087202072143555,105.25,101.6137466430664,0,0,100,3,0,
514.36,28.949243545532227,13.075590133666992,105.25,101.6137466430664,0,0,100,3,0,
514.37,28.940956115722656,13.070175170898438,105.25,101.6137466430664,0,0,100,3,0,
514.38,28.931411743164062,13.066200256347656,105.25,101.6137466430664,0,0,100,3,0,
514.39,28.9287109375,13.06887435913086,105.25,101.6137466430664,0,0,100,3,0,
514.4,28.935928344726562,13.071005821228027,105.25,101.6137466430664,0,0,100,3,0,
514.41,28.93939971923828,13.071737289428711,105.25,101.6137466430664,0,0,100,3,0,
514.42,28.932945251464844,13.072916984558105,105.25,101.6137466430664,0,0,100,3,0,
514.43,28.927688598632812,13.079127311706543,105.25,101.6137466430664,0,0,100,3,0,
514.44,28.928098678588867,13.079872131347656,105.25,101.6137466430664,0,0,100,3,0,
514.45,28.92950439453125,13.078228950500488,105.25,101.6137466430664,0,0,100,3,0,
514.46,28.92612075805664,13.079333305358887,105.25,101.6137466430664,0,0,100,3,0,
514.47,28.92397689819336,13.085914611816406,105.25,101.6137466430664,0,0,100,3,0,
514.48,28.921470642089844,13.097272872924805,105.25,101.6137466430664,0,0,100,3,0,
514.49,28.920724868774414,13.09649658203125,105.25,101.6137466430664,0,0,100,3,0,
514.5,28.912124633789062,13.090049743652344,105.25,101.6137466430664,0,0,100,3,0,
514.51,28.905298233032227,13.087160110473633,105.25,101.6137466430664,0,0,100,3,0,
514.52,28.897979736328125,13.085593223571777,105.25,101.6137466430664,0,0,100,3,0,
514.53,28.895835876464844,13.082201957702637,105.25,101.6137466430664,0,0,100,3,0,
514.54,28.8919734954834,13.082784652709961,105.25,101.6137466430664,0,0,100,3,0,
514.55,28.89554786682129,13.08143424987793,105.25,101.6137466430664,0,0,100,3,0,
514.56,28.8978328704834,13.08049488067627,105.25,101.6137466430664,0,0,100,3,0,
514.57,28.896509170532227,13.07818603515625,105.25,101.6137466430664,0,0,100,3,0,
514.58,28.896081924438477,13.078638076782227,105.25,101.6137466430664,0,0,100,3,0,
514.59,28.89659881591797,13.077057838439941,105.25,101.6137466430664,0,0,100,3,0,
514.6,28.90172576904297,13.080830574035645,105.25,101.6137466430664,0,0,100,3,0,
514.61,28.909887313842773,13.081399917602539,105.25,101.6137466430664,0,0,100,3,0,
514.62,28.91622543334961,13.085284233093262,105.25,101.6137466430664,0,0,100,3,0,
514.63,28.927644729614258,13.081786155700684,105.25,101.6137466430664,0,0,100,3,0,
514.64,28.93924331665039,13.068442344665527,105.25,101.6137466430664,0,0,100,3,0,
514.65,28.94784164428711,13.06827449798584,105.25,101.6137466430664,0,0,100,3,0,
514.66,28.953857421875,13.06540298461914,105.25,101.6137466430664,0,0,100,3,0,
514.67,28.949508666992188,13.067439079284668,105.25,101.6137466430664,0,0,100,3,0,
514.68,28.944726943969727,13.054924964904785,105.25,101.6137466430664,0,0,100,3,0,
514.69,28.946186065673828,13.0464506149292,105.25,101.6137466430664,0,0,100,3,0,
514.7,28.948026657104492,13.037111282348633,105.25,101.6137466430664,0,0,100,3,0,
514.71,28.951242446899414,13.042649269104004,105.25,101.6137466430664,0,0,100,3,0,
514.72,28.948637008666992,13.056506156921387,105.25,101.6137466430664,0,0,100,3,0,
514.73,28.947322845458984,13.053085327148438,105.25,101.6137466430664,0,0,100,3,0,
514.74,28.942949295043945,13.049650192260742,105.25,101.6137466430664,0,0,100,3,0,
514.75,28.93729019165039,13.048606872558594,105.25,101.6137466430664,0,0,100,3,0,
514.76,28.93148422241211,13.067461967468262,105.25,101.6137466430664,0,0,100,3,0,
514.77,28.932544708251953,13.07046890258789,105.25,101.6137466430664,0,0,100,3,0,
514.78,28.931941986083984,13.07715129852295,105.25,101.6137466430664,0,0,100,3,0,
514.79,28.926685333251953,13.075675964355469,105.25,101.6137466430664,0,0,100,3,0,
514.8,28.919450759887695,13.085813522338867,105.25,101.6137466430664,0,0,100,3,0,
514.81,28.92236328125,13.079345703125,105.25,101.6137466430664,0,0,100,3,0,
514.82,28.925338745117188,13.071317672729492,105.25,101.6137466430664,0,0,100,3,0,
514.83,28.925216674804688,13.05403995513916,105.25,101.6137466430664,0,0,100,3,0,
514.84,28.92549705505371,13.055031776428223,105.25,101.6137466430664,0,0,100,3,0,
514.85,28.921764373779297,13.067473411560059,105.25,101.6137466430664,0,0,100,3,0,
514.86,28.927326202392578,13.066506385803223,105.25,101.6137466430664,0,0,100,3,0,
514.87,28.92548179626465,13.058686256408691,105.25,101.6137466430664,0,0,100,3,0,
514.88,28.920284271240234,13.063438415527344,105.25,101.6137466430664,0,0,100,3,0,
514.89,28.909921646118164,13.08238410949707,105.25,101.6137466430664,0,0,100,3,0,
