time,copter_pitch_angle,copter_pitch_angle_kal,copter_pitch_angle_komp,copter_roll_angle,copter_roll_angle_kal,copter_roll_angle_komp,
0,28.25,28.26215362548828,28.266571044921875,-7.125,-7.12072229385376,-7.129475116729736,
0.008,28.25,28.26215362548828,28.266571044921875,-7.125,-7.12072229385376,-7.129475116729736,
0.019,28.25,28.26317024230957,28.26782989501953,-7.125,-7.121744632720947,-7.130160808563232,
0.028,28.25,28.26300811767578,28.26762580871582,-7.125,-7.121570587158203,-7.129370212554932,
0.038,28.25,28.260494232177734,28.265865325927734,-7.125,-7.118284702301025,-7.126378059387207,
0.048,28.25,28.256122589111328,28.261951446533203,-7.125,-7.120826721191406,-7.1293253898620605,
0.058,28.25,28.25674057006836,28.262386322021484,-7.125,-7.115959644317627,-7.124422550201416,
0.068,28.25,28.257925033569336,28.263404846191406,-7.125,-7.112802982330322,-7.121392726898193,
0.078,28.25,28.265161514282227,28.268932342529297,-7.125,-7.1138434410095215,-7.122993469238281,
0.088,28.25,28.27053451538086,28.272863388061523,-7.125,-7.117465019226074,-7.126542568206787,
0.098,28.25,28.26495933532715,28.268625259399414,-7.125,-7.119482517242432,-7.128247261047363,
0.108,28.25,28.26291275024414,28.266822814941406,-7.125,-7.123229026794434,-7.132486343383789,
0.118,28.25,28.260290145874023,28.264772415161133,-7.125,-7.128165245056152,-7.136809349060059,
0.128,28.25,28.26139259338379,28.26497459411621,-7.125,-7.131004810333252,-7.139370441436768,
0.138,28.25,28.26643943786621,28.269390106201172,-7.125,-7.129803657531738,-7.138406753540039,
0.148,28.25,28.269075393676758,28.271869659423828,-7.125,-7.128479480743408,-7.136697292327881,
0.158,28.25,28.269363403320312,28.27225112915039,-7.125,-7.129533290863037,-7.136798858642578,
0.168,28.25,28.26725196838379,28.270545959472656,-7.125,-7.1330246925354,-7.140390396118164,
0.178,28.25,28.265783309936523,28.269302368164062,-7.125,-7.135628700256348,-7.142322540283203,
0.188,28.25,28.264650344848633,28.26828956604004,-7.125,-7.133541584014893,-7.139300346374512,
0.198,28.25,28.26862335205078,28.271282196044922,-7.125,-7.132124423980713,-7.137948989868164,
0.208,28.25,28.271350860595703,28.273387908935547,-7.125,-7.131277561187744,-7.137898921966553,
0.218,28.25,28.272186279296875,28.274555206298828,-7.125,-7.133093357086182,-7.139456748962402,
0.228,28.25,28.27081298828125,28.273805618286133,-7.125,-7.132623672485352,-7.138785362243652,
0.238,28.25,28.270631790161133,28.27328872680664,-7.125,-7.132351398468018,-7.138406276702881,
0.248,28.25,28.269670486450195,28.272621154785156,-7.125,-7.132452487945557,-7.138855457305908,
0.258,28.25,28.27004051208496,28.272571563720703,-7.125,-7.131285190582275,-7.137765884399414,
0.268,28.25,28.273967742919922,28.2757625579834,-7.125,-7.129560470581055,-7.136241436004639,
0.278,28.25,28.274246215820312,28.276092529296875,-7.125,-7.127811908721924,-7.134592533111572,
0.288,28.25,28.27096939086914,28.273895263671875,-7.125,-7.125333786010742,-7.132136344909668,
0.298,28.25,28.268333435058594,28.27189826965332,-7.125,-7.12689733505249,-7.132694244384766,
0.308,28.25,28.272045135498047,28.27466583251953,-7.125,-7.129851818084717,-7.135418891906738,
0.318,28.25,28.273359298706055,28.27582550048828,-7.125,-7.1313934326171875,-7.137557506561279,
0.328,28.25,28.275318145751953,28.277584075927734,-7.125,-7.1333489418029785,-7.139584064483643,
0.338,28.25,28.275327682495117,28.278112411499023,-7.125,-7.133579730987549,-7.139542579650879,
0.348,28.25,28.27716064453125,28.279460906982422,-7.125,-7.132106781005859,-7.13888692855835,
0.358,28.25,28.27732276916504,28.279611587524414,-7.125,-7.130619525909424,-7.137033462524414,
0.368,28.25,28.27695655822754,28.279333114624023,-7.125,-7.131937026977539,-7.137869834899902,
0.378,28.25,28.277099609375,28.279617309570312,-7.125,-7.131821155548096,-7.137479305267334,
0.388,28.25,28.276525497436523,28.279470443725586,-7.125,-7.133118629455566,-7.139005184173584,
0.398,28.25,28.276090621948242,28.27873420715332,-7.125,-7.132842540740967,-7.138654708862305,
0.408,28.25,28.275171279907227,28.27764320373535,-7.125,-7.134451389312744,-7.139819145202637,
0.418,28.25,28.27370834350586,28.276779174804688,-7.125,-7.1325883865356445,-7.13796329498291,
0.428,28.25,28.271015167236328,28.274511337280273,-7.125,-7.133487701416016,-7.138818740844727,
0.438,28.25,28.272998809814453,28.276111602783203,-7.125,-7.131979942321777,-7.13707971572876,
0.448,28.25,28.273632049560547,28.276968002319336,-7.125,-7.132992744445801,-7.138010025024414,
0.458,28.25,28.274425506591797,28.27762222290039,-7.125,-7.132575035095215,-7.13801383972168,
0.468,28.25,28.27513313293457,28.278108596801758,-7.125,-7.1345319747924805,-7.140194416046143,
0.478,28.25,28.27686882019043,28.279569625854492,-7.125,-7.136178970336914,-7.141708850860596,
0.488,28.25,28.271806716918945,28.27539825439453,-7.125,-7.136109352111816,-7.1413092613220215,
0.498,28.25,28.270357131958008,28.27395248413086,-7.125,-7.134300231933594,-7.139571189880371,
0.508,28.25,28.269227981567383,28.2735595703125,-7.125,-7.133782863616943,-7.1388444900512695,
0.518,28.25,28.269573211669922,28.27370262145996,-7.125,-7.134552955627441,-7.138843536376953,
0.528,28.25,28.26746940612793,28.271825790405273,-7.125,-7.135914325714111,-7.140218257904053,
0.538,28.25,28.267854690551758,28.272192001342773,-7.125,-7.136512279510498,-7.140088081359863,
0.548,28.25,28.2657413482666,28.27068328857422,-7.125,-7.137330055236816,-7.14100980758667,
0.558,28.25,28.26484489440918,28.269479751586914,-7.125,-7.139777183532715,-7.143853187561035,
0.568,28.25,28.263681411743164,28.268850326538086,-7.125,-7.13682746887207,-7.140774250030518,
0.578,28.25,28.265329360961914,28.270179748535156,-7.125,-7.136317253112793,-7.13986349105835,
0.588,28.25,28.26567840576172,28.270620346069336,-7.125,-7.135250568389893,-7.138248920440674,
0.598,28.25,28.26644515991211,28.271499633789062,-7.125,-7.134095191955566,-7.137428283691406,
0.608,28.25,28.267271041870117,28.27229881286621,-7.125,-7.133243083953857,-7.136794090270996,
0.618,28.25,28.26954460144043,28.273788452148438,-7.125,-7.133544445037842,-7.1370344161987305,
0.628,28.25,28.271663665771484,28.275772094726562,-7.125,-7.130581378936768,-7.134847164154053,
0.638,28.25,28.273818969726562,28.277660369873047,-7.125,-7.127939224243164,-7.132714748382568,
0.648,28.25,28.27399253845215,28.27790641784668,-7.125,-7.126379489898682,-7.131170272827148,
0.658,28.25,28.279115676879883,28.282127380371094,-7.125,-7.125872611999512,-7.129361629486084,
0.668,28.25,28.283382415771484,28.28597640991211,-7.125,-7.125175952911377,-7.1289825439453125,
0.678,28.25,28.281105041503906,28.284645080566406,-7.125,-7.124539852142334,-7.128227710723877,
0.688,28.25,28.27970314025879,28.283536911010742,-7.125,-7.12748384475708,-7.131082057952881,
0.698,28.25,28.27782440185547,28.28232192993164,-7.125,-7.1298370361328125,-7.133777618408203,
0.708,28.25,28.276504516601562,28.281288146972656,-7.125,-7.129374980926514,-7.133742809295654,
0.718,28.25,28.278980255126953,28.283077239990234,-7.125,-7.130483150482178,-7.134308338165283,
0.728,28.25,28.275487899780273,28.28025245666504,-7.125,-7.1315226554870605,-7.1357035636901855,
0.738,28.25,28.27213478088379,28.277441024780273,-7.125,-7.130802154541016,-7.135156631469727,
0.748,28.25,28.272964477539062,28.277368545532227,-7.125,-7.130283832550049,-7.134294033050537,
0.758,28.25,28.272554397583008,28.277698516845703,-7.125,-7.129197597503662,-7.132931232452393,
0.768,28.25,28.273601531982422,28.2785701751709,-7.125,-7.132501602172852,-7.135878086090088,
0.778,28.25,28.274351119995117,28.279029846191406,-7.125,-7.133603572845459,-7.136512756347656,
0.788,28.25,28.274415969848633,28.278982162475586,-7.125,-7.135671138763428,-7.1387786865234375,
0.798,28.25,28.27035140991211,28.275909423828125,-7.125,-7.137462615966797,-7.140781879425049,
0.808,28.25,28.271875381469727,28.277231216430664,-7.125,-7.1404008865356445,-7.143948554992676,
0.818,28.25,28.27402687072754,28.278671264648438,-7.125,-7.1380839347839355,-7.141639709472656,
0.828,28.25,28.274728775024414,28.279712677001953,-7.125,-7.13613224029541,-7.139593124389648,
0.838,28.25,28.272539138793945,28.277780532836914,-7.125,-7.1342620849609375,-7.137771129608154,
0.848,28.25,28.268674850463867,28.27458953857422,-7.125,-7.134289741516113,-7.137315273284912,
0.858,28.25,28.27023696899414,28.275920867919922,-7.125,-7.133545875549316,-7.136528968811035,
0.868,28.25,28.27299690246582,28.27804183959961,-7.125,-7.1315789222717285,-7.134777545928955,
0.878,28.25,28.274343490600586,28.27926254272461,-7.125,-7.130349159240723,-7.133899211883545,
0.888,28.25,28.274995803833008,28.279878616333008,-7.125,-7.129512786865234,-7.13351583480835,
0.898,28.25,28.274141311645508,28.279184341430664,-7.125,-7.127620697021484,-7.130998134613037,
0.908,28.25,28.268932342529297,28.27536964416504,-7.125,-7.129646301269531,-7.132680892944336,
0.918,28.25,28.269079208374023,28.27527618408203,-7.125,-7.1299028396606445,-7.132858753204346,
0.928,28.25,28.273881912231445,28.27883529663086,-7.125,-7.1296844482421875,-7.133200645446777,
0.938,28.25,28.273378372192383,28.279052734375,-7.125,-7.12772798538208,-7.131629467010498,
0.948,28.25,28.269458770751953,28.27591323852539,-7.125,-7.128774642944336,-7.132427215576172,
0.958,28.25,28.26969337463379,28.27562713623047,-7.125,-7.13107967376709,-7.13479471206665,
0.968,28.25,28.27229118347168,28.27788734436035,-7.125,-7.132038116455078,-7.136040210723877,
0.978,28.25,28.27294158935547,28.27874183654785,-7.125,-7.13132905960083,-7.136092185974121,
0.988,28.25,28.270675659179688,28.276866912841797,-7.125,-7.132237911224365,-7.137560844421387,
0.998,28.25,28.267913818359375,28.27467155456543,-7.125,-7.130599021911621,-7.136205196380615,
1.008,28.25,28.264589309692383,28.27200698852539,-7.125,-7.128983020782471,-7.134812355041504,
1.018,28.25,28.26487159729004,28.271955490112305,-7.125,-7.130170822143555,-7.135295391082764,
1.028,28.25,28.26523780822754,28.27205467224121,-7.125,-7.129455089569092,-7.134748935699463,
1.038,28.25,28.267648696899414,28.274389266967773,-7.125,-7.1319098472595215,-7.1369171142578125,
1.048,28.25,28.266115188598633,28.273479461669922,-7.125,-7.131312370300293,-7.136282920837402,
1.058,28.25,28.2692813873291,28.27581024169922,-7.125,-7.129634380340576,-7.135047435760498,
1.068,28.25,28.270681381225586,28.27683448791504,-7.125,-7.130487442016602,-7.136134147644043,
1.078,28.25,28.27060317993164,28.276981353759766,-7.125,-7.133308410644531,-7.139315128326416,
1.088,28.25,28.273183822631836,28.27880096435547,-7.125,-7.131432056427002,-7.137399196624756,
1.098,28.25,28.272201538085938,28.278085708618164,-7.125,-7.13056755065918,-7.136500358581543,
1.108,28.25,28.272186279296875,28.2783260345459,-7.125,-7.132728099822998,-7.138284683227539,
1.118,28.25,28.27460289001465,28.28078269958496,-7.125,-7.131134986877441,-7.136152744293213,
1.128,28.25,28.279399871826172,28.284561157226562,-7.125,-7.127812385559082,-7.1329665184021,
1.138,28.25,28.2783203125,28.283613204956055,-7.125,-7.128403186798096,-7.132890701293945,
1.148,28.25,28.2756404876709,28.28168296813965,-7.125,-7.13520622253418,-7.1394267082214355,
1.158,28.25,28.27549171447754,28.281421661376953,-7.125,-7.139193534851074,-7.143649101257324,
1.168,28.25,28.27663230895996,28.282228469848633,-7.125,-7.1409125328063965,-7.145606517791748,
1.178,28.25,28.277860641479492,28.282859802246094,-7.125,-7.143037796020508,-7.147517204284668,
1.188,28.25,28.279674530029297,28.28423500061035,-7.125,-7.142056941986084,-7.1473164558410645,
1.198,28.25,28.278018951416016,28.283592224121094,-7.125,-7.141616344451904,-7.146393775939941,
1.208,28.25,28.275056838989258,28.281335830688477,-7.125,-7.142360210418701,-7.146474838256836,
1.218,28.25,28.27393913269043,28.280410766601562,-7.125,-7.144132614135742,-7.147713661193848,
1.228,28.25,28.27393341064453,28.280555725097656,-7.125,-7.144744873046875,-7.148102760314941,
1.238,28.25,28.272661209106445,28.27900505065918,-7.125,-7.146934509277344,-7.150282382965088,
1.248,28.25,28.273286819458008,28.279294967651367,-7.125,-7.147643566131592,-7.151028633117676,
1.258,28.25,28.271617889404297,28.27819061279297,-7.125,-7.146561145782471,-7.1497979164123535,
1.268,28.25,28.27046012878418,28.27699089050293,-7.125,-7.148407459259033,-7.151942253112793,
1.278,28.25,28.273483276367188,28.279611587524414,-7.125,-7.147127628326416,-7.150428295135498,
1.288,28.25,28.27189826965332,28.278356552124023,-7.125,-7.144928455352783,-7.147974967956543,
1.298,28.25,28.26865005493164,28.275325775146484,-7.125,-7.144498348236084,-7.147780895233154,
1.308,28.25,28.26572036743164,28.27300453186035,-7.125,-7.147599697113037,-7.150949954986572,
1.318,28.25,28.266639709472656,28.273155212402344,-7.125,-7.148072719573975,-7.151793956756592,
1.328,28.25,28.26822853088379,28.274192810058594,-7.125,-7.147407531738281,-7.151193141937256,
1.338,28.25,28.271881103515625,28.277170181274414,-7.125,-7.148684978485107,-7.151662826538086,
1.348,28.25,28.269062042236328,28.275562286376953,-7.125,-7.14546012878418,-7.1488800048828125,
1.358,28.25,28.267635345458984,28.27448081970215,-7.125,-7.144355297088623,-7.147692680358887,
1.368,28.25,28.263866424560547,28.271318435668945,-7.125,-7.14520263671875,-7.147443771362305,
1.378,28.25,28.263484954833984,28.2711124420166,-7.125,-7.146134853363037,-7.14780855178833,
1.388,28.25,28.263076782226562,28.270404815673828,-7.125,-7.146664142608643,-7.148674011230469,
1.398,28.25,28.260967254638672,28.268491744995117,-7.125,-7.147839546203613,-7.150155544281006,
1.408,28.25,28.259687423706055,28.267005920410156,-7.125,-7.148487091064453,-7.15046501159668,
1.418,28.25,28.26181411743164,28.269180297851562,-7.125,-7.149221897125244,-7.150864601135254,
1.428,28.25,28.262798309326172,28.26995086669922,-7.125,-7.149002552032471,-7.150238990783691,
1.438,28.25,28.263797760009766,28.27054786682129,-7.125,-7.147886276245117,-7.148976802825928,
1.448,28.25,28.263385772705078,28.270559310913086,-7.125,-7.147954940795898,-7.149518966674805,
1.458,28.25,28.25995635986328,28.26809310913086,-7.125,-7.151002883911133,-7.152304172515869,
1.468,28.25,28.260374069213867,28.268142700195312,-7.125,-7.152180194854736,-7.152885437011719,
1.478,28.25,28.25787925720215,28.265920639038086,-7.125,-7.152298927307129,-7.1529645919799805,
1.488,28.25,28.255859375,28.264320373535156,-7.125,-7.152317047119141,-7.153218746185303,
1.498,28.25,28.25493812561035,28.263322830200195,-7.125,-7.1545562744140625,-7.155412197113037,
1.508,28.25,28.25299644470215,28.261585235595703,-7.125,-7.154412746429443,-7.155669689178467,
1.518,28.25,28.25535011291504,28.263336181640625,-7.125,-7.151783466339111,-7.1528449058532715,
1.528,28.25,28.251108169555664,28.260251998901367,-7.125,-7.151267051696777,-7.152081489562988,
1.538,28.25,28.248207092285156,28.25733757019043,-7.125,-7.15065336227417,-7.151570796966553,
1.548,28.25,28.248722076416016,28.2574405670166,-7.125,-7.152550220489502,-7.153128623962402,
1.558,28.25,28.24999237060547,28.25834846496582,-7.125,-7.1529622077941895,-7.153210639953613,
1.568,28.25,28.249956130981445,28.25840187072754,-7.125,-7.15435791015625,-7.154552459716797,
1.578,28.25,28.25220489501953,28.26053237915039,-7.125,-7.15366268157959,-7.154220104217529,
1.588,28.25,28.257083892822266,28.264415740966797,-7.125,-7.151003837585449,-7.15181303024292,
1.598,28.25,28.256845474243164,28.26413917541504,-7.125,-7.143894672393799,-7.144045352935791,
1.608,28.25,28.25330352783203,28.26125717163086,-7.125,-7.144614219665527,-7.145402908325195,
1.618,28.25,28.254825592041016,28.2618408203125,-7.125,-7.149054527282715,-7.149961948394775,
1.628,28.25,28.252662658691406,28.260028839111328,-7.125,-7.147324085235596,-7.1474175453186035,
1.638,28.25,28.256256103515625,28.263198852539062,-7.125,-7.145692825317383,-7.1454620361328125,
1.648,28.25,28.260236740112305,28.266361236572266,-7.125,-7.143521308898926,-7.143332481384277,
1.658,28.25,28.26067352294922,28.266590118408203,-7.125,-7.144904613494873,-7.144690990447998,
1.668,28.25,28.26219940185547,28.268068313598633,-7.125,-7.147029876708984,-7.146248817443848,
1.678,28.25,28.260351181030273,28.266630172729492,-7.125,-7.145074367523193,-7.144257068634033,
1.688,28.25,28.261430740356445,28.26746368408203,-7.125,-7.14479398727417,-7.143970012664795,
1.698,28.25,28.264612197875977,28.270252227783203,-7.125,-7.145127773284912,-7.14439058303833,
1.708,28.25,28.26580810546875,28.27132225036621,-7.125,-7.1480817794799805,-7.1472272872924805,
1.718,28.25,28.268611907958984,28.27328109741211,-7.125,-7.148838996887207,-7.147981643676758,
1.728,28.25,28.27086639404297,28.27486228942871,-7.125,-7.14618444442749,-7.145851135253906,
1.738,28.25,28.27058219909668,28.27487564086914,-7.125,-7.14503288269043,-7.144824981689453,
1.748,28.25,28.269161224365234,28.273971557617188,-7.125,-7.146500587463379,-7.14532995223999,
1.758,28.25,28.265287399291992,28.27080726623535,-7.125,-7.149445533752441,-7.1488776206970215,
1.768,28.25,28.270244598388672,28.274513244628906,-7.125,-7.153027534484863,-7.152460098266602,
1.778,28.25,28.26945686340332,28.274398803710938,-7.125,-7.152260780334473,-7.151193618774414,
1.788,28.25,28.272968292236328,28.277692794799805,-7.125,-7.150784492492676,-7.1500749588012695,
1.798,28.25,28.27275848388672,28.2772216796875,-7.125,-7.146788120269775,-7.14564323425293,
1.808,28.25,28.2687931060791,28.273639678955078,-7.125,-7.150552749633789,-7.148754119873047,
1.818,28.25,28.267858505249023,28.272857666015625,-7.125,-7.1535773277282715,-7.151472091674805,
1.828,28.25,28.267663955688477,28.272859573364258,-7.125,-7.154402256011963,-7.151636600494385,
1.838,28.25,28.26958465576172,28.274215698242188,-7.125,-7.157181262969971,-7.154458999633789,
1.848,28.25,28.27033042907715,28.27505874633789,-7.125,-7.159020900726318,-7.156861782073975,
1.858,28.25,28.268234252929688,28.27351188659668,-7.125,-7.159897327423096,-7.157358169555664,
1.868,28.25,28.268022537231445,28.27349090576172,-7.125,-7.160675048828125,-7.157631874084473,
1.878,28.25,28.266510009765625,28.272579193115234,-7.125,-7.160728931427002,-7.158247470855713,
1.888,28.25,28.264524459838867,28.270891189575195,-7.125,-7.1598076820373535,-7.15680456161499,
1.898,28.25,28.268983840942383,28.27440071105957,-7.125,-7.158321857452393,-7.1555023193359375,
1.908,28.25,28.26813507080078,28.2738094329834,-7.125,-7.157700061798096,-7.154898643493652,
1.918,28.25,28.269441604614258,28.275083541870117,-7.125,-7.158966541290283,-7.155937671661377,
1.928,28.25,28.26597023010254,28.272109985351562,-7.125,-7.163354396820068,-7.160909175872803,
1.938,28.25,28.265581130981445,28.272140502929688,-7.125,-7.161295413970947,-7.158647537231445,
1.948,28.25,28.263652801513672,28.270427703857422,-7.125,-7.160157680511475,-7.157438278198242,
1.958,28.25,28.264404296875,28.271278381347656,-7.125,-7.1588921546936035,-7.156060218811035,
1.968,28.25,28.26544189453125,28.271635055541992,-7.125,-7.158725261688232,-7.1562018394470215,
1.978,28.25,28.264007568359375,28.270166397094727,-7.125,-7.161010265350342,-7.158801555633545,
1.988,28.25,28.263694763183594,28.2701358795166,-7.125,-7.161996364593506,-7.159528732299805,
1.998,28.25,28.263582229614258,28.26978874206543,-7.125,-7.161700248718262,-7.159246921539307,
2.008,28.25,28.26803970336914,28.273794174194336,-7.125,-7.1620707511901855,-7.159402847290039,
2.018,28.25,28.272615432739258,28.27787208557129,-7.125,-7.166959285736084,-7.164615631103516,
2.028,28.25,28.27791976928711,28.282615661621094,-7.125,-7.166026592254639,-7.163833141326904,
2.038,28.25,28.278738021850586,28.28352165222168,-7.125,-7.16256046295166,-7.159839630126953,
2.048,28.25,28.271202087402344,28.278114318847656,-7.125,-7.160974502563477,-7.157361030578613,
2.058,28.25,28.26683235168457,28.274158477783203,-7.125,-7.159728527069092,-7.156156539916992,
2.068,28.25,28.270084381103516,28.276700973510742,-7.125,-7.158365249633789,-7.1539459228515625,
2.078,28.25,28.269611358642578,28.27631378173828,-7.125,-7.1600823402404785,-7.155397415161133,
2.088,28.25,28.26864242553711,28.27538299560547,-7.125,-7.1605401039123535,-7.15617036819458,
2.098,28.25,28.27123260498047,28.277250289916992,-7.125,-7.158491611480713,-7.154288291931152,
2.108,28.25,28.270709991455078,28.277626037597656,-7.125,-7.157083988189697,-7.152100086212158,
2.118,28.25,28.26915740966797,28.276689529418945,-7.125,-7.156587600708008,-7.15053129196167,
2.128,28.25,28.270662307739258,28.277738571166992,-7.125,-7.155760765075684,-7.149271011352539,
2.138,28.25,28.270301818847656,28.277860641479492,-7.125,-7.154943466186523,-7.148156642913818,
2.148,28.25,28.270469665527344,28.27794647216797,-7.125,-7.153197765350342,-7.14667272567749,
2.158,28.25,28.26637840270996,28.274560928344727,-7.125,-7.155984401702881,-7.149913311004639,
2.168,28.25,28.268489837646484,28.27601432800293,-7.125,-7.160524368286133,-7.1550703048706055,
2.178,28.25,28.271629333496094,28.278583526611328,-7.125,-7.159173011779785,-7.15386438369751,
2.188,28.25,28.267210006713867,28.275346755981445,-7.125,-7.1569437980651855,-7.151485443115234,
2.198,28.25,28.267854690551758,28.275413513183594,-7.125,-7.1586103439331055,-7.153206825256348,
2.208,28.25,28.267440795898438,28.274993896484375,-7.125,-7.161779880523682,-7.15595817565918,
2.218,28.25,28.269990921020508,28.277420043945312,-7.125,-7.160424709320068,-7.154629230499268,
2.228,28.25,28.275339126586914,28.281923294067383,-7.125,-7.161073207855225,-7.154659271240234,
2.238,28.25,28.275362014770508,28.282123565673828,-7.125,-7.159913063049316,-7.153238296508789,
2.248,28.25,28.270540237426758,28.278024673461914,-7.125,-7.163800239562988,-7.157774925231934,
2.258,28.25,28.268030166625977,28.27590560913086,-7.125,-7.167600631713867,-7.161623477935791,
2.268,28.25,28.267107009887695,28.274639129638672,-7.125,-7.168912887573242,-7.163184642791748,
2.278,28.25,28.27361488342285,28.279735565185547,-7.125,-7.16193151473999,-7.155801773071289,
2.288,28.25,28.277713775634766,28.283689498901367,-7.125,-7.161187648773193,-7.154426574707031,
2.298,28.25,28.2725830078125,28.2794246673584,-7.125,-7.161016941070557,-7.154299736022949,
2.308,28.25,28.267507553100586,28.274852752685547,-7.125,-7.162306308746338,-7.155484199523926,
2.318,28.25,28.27019500732422,28.27693748474121,-7.125,-7.161367893218994,-7.153796672821045,
2.328,28.25,28.274015426635742,28.280200958251953,-7.125,-7.158210754394531,-7.15074348449707,
2.338,28.25,28.277528762817383,28.283245086669922,-7.125,-7.155986309051514,-7.14908504486084,
2.348,28.25,28.274477005004883,28.280872344970703,-7.125,-7.155201435089111,-7.149608612060547,
2.358,28.25,28.27105140686035,28.27722930908203,-7.125,-7.15962553024292,-7.153639316558838,
2.368,28.25,28.270183563232422,28.27667808532715,-7.125,-7.158972263336182,-7.152163982391357,
2.378,28.25,28.27365493774414,28.28021240234375,-7.125,-7.160778045654297,-7.153685569763184,
2.388,28.25,28.269786834716797,28.27694320678711,-7.125,-7.1576032638549805,-7.1506667137146,
2.398,28.25,28.265857696533203,28.273401260375977,-7.125,-7.158608436584473,-7.151666641235352,
2.408,28.25,28.265621185302734,28.27265167236328,-7.125,-7.159229755401611,-7.152144908905029,
2.418,28.25,28.25739860534668,28.26592445373535,-7.125,-7.15941858291626,-7.152073860168457,
2.428,28.25,28.282773971557617,28.286823272705078,-7.125,-7.168282985687256,-7.162433624267578,
2.438,28.25,28.279090881347656,28.284194946289062,-7.125,-7.172635078430176,-7.165146350860596,
2.448,28.25,28.277074813842773,28.28253746032715,-7.125,-7.164612293243408,-7.157449722290039,
2.458,28.25,28.28893280029297,28.291934967041016,-7.125,-7.180530548095703,-7.173264503479004,
2.468,28.25,28.285066604614258,28.288637161254883,-7.125,-7.18947696685791,-7.182132244110107,
2.478,28.25,28.283931732177734,28.287242889404297,-7.125,-7.195228576660156,-7.188265800476074,
2.488,28.25,28.2894229888916,28.291296005249023,-7.125,-7.191039085388184,-7.18434476852417,
2.498,28.25,28.296377182006836,28.297012329101562,-7.125,-7.181492805480957,-7.174347877502441,
2.508,28.25,28.29538917541504,28.296886444091797,-7.125,-7.1844611167907715,-7.177276611328125,
2.518,28.25,28.279315948486328,28.283693313598633,-7.125,-7.19114351272583,-7.183231830596924,
2.528,28.25,28.282451629638672,28.285917282104492,-7.125,-7.200077533721924,-7.190779209136963,
2.538,28.25,28.288555145263672,28.291105270385742,-7.125,-7.1878342628479,-7.178132057189941,
2.548,28.25,28.291202545166016,28.293012619018555,-7.125,-7.194894790649414,-7.186755180358887,
2.558,28.25,28.286890029907227,28.289588928222656,-7.125,-7.205402851104736,-7.198781490325928,
2.568,28.25,28.285390853881836,28.288158416748047,-7.125,-7.199675559997559,-7.192966461181641,
2.578,28.25,28.30124282836914,28.3013916015625,-7.125,-7.1910786628723145,-7.1836137771606445,
2.588,28.25,28.305465698242188,28.304962158203125,-7.125,-7.1806440353393555,-7.172023296356201,
2.598,28.25,28.306529998779297,28.305601119995117,-7.125,-7.184255123138428,-7.17520809173584,
2.608,28.25,28.296592712402344,28.297578811645508,-7.125,-7.190208911895752,-7.180556297302246,
2.618,28.25,28.288860321044922,28.290790557861328,-7.125,-7.193472862243652,-7.183543682098389,
2.628,28.25,28.28978157043457,28.291614532470703,-7.125,-7.196089267730713,-7.185611724853516,
2.638,28.25,28.293712615966797,28.29449462890625,-7.125,-7.1900434494018555,-7.179454803466797,
2.648,28.25,28.28984832763672,28.290966033935547,-7.125,-7.192446708679199,-7.1832661628723145,
2.658,28.25,28.2889404296875,28.290067672729492,-7.125,-7.1985907554626465,-7.189658164978027,
2.668,28.25,28.293807983398438,28.294097900390625,-7.125,-7.193376541137695,-7.1847639083862305,
2.678,28.25,28.302980422973633,28.301799774169922,-7.125,-7.192439079284668,-7.182712078094482,
2.688,28.25,28.31243896484375,28.30957794189453,-7.125,-7.192971706390381,-7.182679653167725,
2.698,28.25,28.306663513183594,28.305009841918945,-7.125,-7.198047637939453,-7.1874680519104,
2.708,28.25,28.300291061401367,28.29978370666504,-7.125,-7.202333927154541,-7.192785263061523,
2.718,28.25,28.29531478881836,28.295495986938477,-7.125,-7.205399036407471,-7.195693016052246,
2.728,28.25,28.30100440979004,28.300203323364258,-7.125,-7.203094959259033,-7.194309234619141,
2.738,28.25,28.304414749145508,28.303298950195312,-7.125,-7.197795391082764,-7.188815593719482,
2.748,28.25,28.300521850585938,28.299800872802734,-7.125,-7.1981730461120605,-7.188615798950195,
2.758,28.25,28.30004119873047,28.29971694946289,-7.125,-7.199881553649902,-7.190277099609375,
2.768,28.25,28.301002502441406,28.30045509338379,-7.125,-7.197706699371338,-7.188246726989746,
2.778,28.25,28.303552627563477,28.302818298339844,-7.125,-7.198157787322998,-7.187822341918945,
2.788,28.25,28.305496215820312,28.304195404052734,-7.125,-7.198968410491943,-7.18854284286499,
2.798,28.25,28.302448272705078,28.301321029663086,-7.125,-7.196979999542236,-7.186920642852783,
2.808,28.25,28.30156707763672,28.3009033203125,-7.125,-7.193785190582275,-7.1838836669921875,
2.818,28.25,28.30071258544922,28.30016326904297,-7.125,-7.191287994384766,-7.181859016418457,
2.828,28.25,28.301610946655273,28.301326751708984,-7.125,-7.188878536224365,-7.179468154907227,
2.838,28.25,28.30086898803711,28.300701141357422,-7.125,-7.186931610107422,-7.176665306091309,
2.848,28.25,28.297393798828125,28.29775047302246,-7.125,-7.182980060577393,-7.172171592712402,
2.858,28.25,28.29625129699707,28.2970027923584,-7.125,-7.1851887702941895,-7.174434661865234,
2.868,28.25,28.297178268432617,28.29753875732422,-7.125,-7.185729503631592,-7.175561904907227,
2.878,28.25,28.296443939208984,28.296916961669922,-7.125,-7.185605525970459,-7.175302982330322,
2.888,28.25,28.29686737060547,28.297077178955078,-7.125,-7.183969497680664,-7.174023628234863,
2.898,28.25,28.297901153564453,28.298484802246094,-7.125,-7.182219982147217,-7.171128273010254,
2.908,28.25,28.29934310913086,28.299964904785156,-7.125,-7.180821418762207,-7.169102668762207,
2.918,28.25,28.29496192932129,28.2963924407959,-7.125,-7.180795192718506,-7.168941497802734,
2.928,28.25,28.296165466308594,28.29688835144043,-7.125,-7.180200099945068,-7.167827129364014,
2.938,28.25,28.294309616088867,28.2957706451416,-7.125,-7.179326057434082,-7.16645622253418,
2.948,28.25,28.29062843322754,28.292802810668945,-7.125,-7.1785502433776855,-7.166092395782471,
2.958,28.25,28.293310165405273,28.295225143432617,-7.125,-7.1766037940979,-7.164592742919922,
2.968,28.25,28.29289436340332,28.294878005981445,-7.125,-7.179161071777344,-7.167361259460449,
2.978,28.25,28.290435791015625,28.29256820678711,-7.125,-7.179757118225098,-7.167873859405518,
2.988,28.25,28.29288101196289,28.29443359375,-7.125,-7.178640842437744,-7.1663689613342285,
2.998,28.25,28.296897888183594,28.29802703857422,-7.125,-7.177529811859131,-7.165004730224609,
3.008,28.25,28.296022415161133,28.29779052734375,-7.125,-7.174678325653076,-7.1632399559021,
3.018,28.25,28.29269027709961,28.295289993286133,-7.125,-7.175209999084473,-7.1639251708984375,
3.028,28.25,28.29439353942871,28.296310424804688,-7.125,-7.17404317855835,-7.16276741027832,
3.038,28.25,28.296018600463867,28.298019409179688,-7.125,-7.173125267028809,-7.16146993637085,
3.048,28.25,28.29926300048828,28.30083465576172,-7.125,-7.172258377075195,-7.161035537719727,
3.058,28.25,28.29432487487793,28.296794891357422,-7.125,-7.171069622039795,-7.160161972045898,
3.068,28.25,28.291772842407227,28.29474449157715,-7.125,-7.171410083770752,-7.160151481628418,
3.078,28.25,28.291000366210938,28.293975830078125,-7.125,-7.175666809082031,-7.163764476776123,
3.088,28.25,28.288928985595703,28.29265594482422,-7.125,-7.177685260772705,-7.16584587097168,
3.098,28.25,28.291749954223633,28.294981002807617,-7.125,-7.1740617752075195,-7.162577152252197,
3.108,28.25,28.288087844848633,28.29222297668457,-7.125,-7.174446105957031,-7.162298679351807,
3.118,28.25,28.287294387817383,28.29116439819336,-7.125,-7.176652431488037,-7.165445327758789,
3.128,28.25,28.290786743164062,28.293771743774414,-7.125,-7.1738762855529785,-7.164186954498291,
3.138,28.25,28.290090560913086,28.29324722290039,-7.125,-7.172420501708984,-7.162961959838867,
3.148,28.25,28.29041862487793,28.293880462646484,-7.125,-7.172396659851074,-7.16296911239624,
3.158,28.25,28.287351608276367,28.291200637817383,-7.125,-7.1718058586120605,-7.162344932556152,
3.168,28.25,28.287992477416992,28.29151725769043,-7.125,-7.168155193328857,-7.159656524658203,
3.178,28.25,28.288394927978516,28.291715621948242,-7.125,-7.167148113250732,-7.159653663635254,
3.188,28.25,28.28415298461914,28.288244247436523,-7.125,-7.165913105010986,-7.159851551055908,
3.198,28.25,28.28587532043457,28.289583206176758,-7.125,-7.1634840965271,-7.15806770324707,
3.208,28.25,28.28215980529785,28.2868709564209,-7.125,-7.16288423538208,-7.157592296600342,
3.218,28.25,28.281883239746094,28.286455154418945,-7.125,-7.163602828979492,-7.159286975860596,
3.228,28.25,28.284069061279297,28.288185119628906,-7.125,-7.162961959838867,-7.159307479858398,
3.238,28.25,28.28441047668457,28.288532257080078,-7.125,-7.161434173583984,-7.158748149871826,
3.248,28.25,28.284046173095703,28.288484573364258,-7.125,-7.161203384399414,-7.159197807312012,
3.258,28.25,28.282833099365234,28.287216186523438,-7.125,-7.159336566925049,-7.157590866088867,
3.268,28.25,28.281982421875,28.286521911621094,-7.125,-7.159898281097412,-7.159214496612549,
3.278,28.25,28.28321075439453,28.287187576293945,-7.125,-7.158291339874268,-7.157248497009277,
3.288,28.25,28.281164169311523,28.285715103149414,-7.125,-7.161839962005615,-7.161022186279297,
3.298,28.25,28.279294967651367,28.28422737121582,-7.125,-7.161192417144775,-7.160867691040039,
3.308,28.25,28.277332305908203,28.282325744628906,-7.125,-7.1602091789245605,-7.1613922119140625,
3.318,28.25,28.274587631225586,28.279830932617188,-7.125,-7.156754016876221,-7.158548355102539,
3.328,28.25,28.27516746520996,28.280254364013672,-7.125,-7.1560378074646,-7.158543109893799,
3.338,28.25,28.276519775390625,28.28031349182129,-7.125,-7.153355598449707,-7.156615257263184,
3.348,28.25,28.276182174682617,28.279836654663086,-7.125,-7.151607036590576,-7.155633449554443,
3.358,28.25,28.274547576904297,28.27869415283203,-7.125,-7.149601459503174,-7.154300212860107,
3.368,28.25,28.274497985839844,28.27869415283203,-7.125,-7.150021076202393,-7.155498504638672,
3.378,28.25,28.275787353515625,28.27989959716797,-7.125,-7.148463249206543,-7.153965950012207,
3.388,28.25,28.274728775024414,28.27924919128418,-7.125,-7.146786212921143,-7.1523051261901855,
3.398,28.25,28.272586822509766,28.27744483947754,-7.125,-7.144992351531982,-7.15054988861084,
3.408,28.25,28.27071189880371,28.276405334472656,-7.125,-7.142982006072998,-7.149205684661865,
3.418,28.25,28.27328109741211,28.27806854248047,-7.125,-7.141054630279541,-7.1471943855285645,
3.428,28.25,28.274532318115234,28.279062271118164,-7.125,-7.141234397888184,-7.1470627784729,
3.438,28.25,28.27410316467285,28.278818130493164,-7.125,-7.140896797180176,-7.146798610687256,
3.448,28.25,28.27154541015625,28.2769775390625,-7.125,-7.143047332763672,-7.150075435638428,
3.458,28.25,28.271766662597656,28.27680206298828,-7.125,-7.141599178314209,-7.149324417114258,
3.468,28.25,28.270219802856445,28.275760650634766,-7.125,-7.139039516448975,-7.147268295288086,
3.478,28.25,28.275102615356445,28.279380798339844,-7.125,-7.136652946472168,-7.145050048828125,
3.488,28.25,28.272850036621094,28.277843475341797,-7.125,-7.136237144470215,-7.144211769104004,
3.498,28.25,28.272380828857422,28.27735710144043,-7.125,-7.137094020843506,-7.144751071929932,
3.508,28.25,28.27130699157715,28.276531219482422,-7.125,-7.13732385635376,-7.145493507385254,
3.518,28.25,28.2719783782959,28.27702522277832,-7.125,-7.135526657104492,-7.144026756286621,
3.528,28.25,28.273744583129883,28.278770446777344,-7.125,-7.137341022491455,-7.145456314086914,
3.538,28.25,28.273752212524414,28.279016494750977,-7.125,-7.139134883880615,-7.147166728973389,
3.548,28.25,28.274612426757812,28.279603958129883,-7.125,-7.136752128601074,-7.144661903381348,
3.558,28.25,28.270586013793945,28.276470184326172,-7.125,-7.137327671051025,-7.144990921020508,
3.568,28.25,28.265657424926758,28.272432327270508,-7.125,-7.135024070739746,-7.142642974853516,
3.578,28.25,28.2665958404541,28.272716522216797,-7.125,-7.134296417236328,-7.142579078674316,
3.588,28.25,28.26435661315918,28.27095603942871,-7.125,-7.135411739349365,-7.144373893737793,
3.598,28.25,28.26158332824707,28.2690486907959,-7.125,-7.134442329406738,-7.144169330596924,
3.608,28.25,28.260700225830078,28.267955780029297,-7.125,-7.1353349685668945,-7.144879341125488,
3.618,28.25,28.25743293762207,28.265336990356445,-7.125,-7.135972499847412,-7.145682334899902,
3.628,28.25,28.257877349853516,28.26580047607422,-7.125,-7.134913444519043,-7.144403457641602,
3.638,28.25,28.259422302246094,28.266708374023438,-7.125,-7.133821487426758,-7.143171310424805,
3.648,28.25,28.26216697692871,28.269210815429688,-7.125,-7.131998538970947,-7.141040325164795,
3.658,28.25,28.260589599609375,28.268272399902344,-7.125,-7.131421089172363,-7.140591621398926,
3.668,28.25,28.260156631469727,28.268075942993164,-7.125,-7.130854606628418,-7.139856815338135,
3.678,28.25,28.26415252685547,28.270647048950195,-7.125,-7.1297807693481445,-7.139591217041016,
3.688,28.25,28.26673698425293,28.273258209228516,-7.125,-7.128541946411133,-7.138210773468018,
3.698,28.25,28.268142700195312,28.274702072143555,-7.125,-7.1260504722595215,-7.135807037353516,
3.708,28.25,28.26822853088379,28.275087356567383,-7.125,-7.124722003936768,-7.134674549102783,
3.718,28.25,28.264328002929688,28.271595001220703,-7.125,-7.12553071975708,-7.135858535766602,
3.728,28.25,28.262935638427734,28.270517349243164,-7.125,-7.1244988441467285,-7.1348724365234375,
3.738,28.25,28.26148223876953,28.269405364990234,-7.125,-7.123956203460693,-7.134257793426514,
3.748,28.25,28.26287841796875,28.270009994506836,-7.125,-7.123512268066406,-7.134265899658203,
3.758,28.25,28.263708114624023,28.270793914794922,-7.125,-7.124589443206787,-7.134867191314697,
3.768,28.25,28.262271881103516,28.269805908203125,-7.125,-7.123766899108887,-7.1340012550354,
3.778,28.25,28.262632369995117,28.27037239074707,-7.125,-7.119646072387695,-7.1304426193237305,
3.788,28.25,28.26373863220215,28.271413803100586,-7.125,-7.114688396453857,-7.124933242797852,
3.798,28.25,28.26104736328125,28.269062042236328,-7.125,-7.1168742179870605,-7.126502513885498,
3.808,28.25,28.25752067565918,28.266080856323242,-7.125,-7.113049030303955,-7.122833251953125,
3.818,28.25,28.25670051574707,28.265642166137695,-7.125,-7.111161708831787,-7.121071815490723,
3.828,28.25,28.258373260498047,28.266929626464844,-7.125,-7.109207630157471,-7.119154930114746,
3.838,28.25,28.26279067993164,28.27047348022461,-7.125,-7.108413219451904,-7.1184563636779785,
3.848,28.25,28.264747619628906,28.272058486938477,-7.125,-7.10725212097168,-7.118096351623535,
3.858,28.25,28.263154983520508,28.27093505859375,-7.125,-7.107717514038086,-7.118560314178467,
3.868,28.25,28.262422561645508,28.270368576049805,-7.125,-7.106822967529297,-7.117071151733398,
3.878,28.25,28.264278411865234,28.27208709716797,-7.125,-7.107120990753174,-7.11839485168457,
3.888,28.25,28.26578140258789,28.273090362548828,-7.125,-7.105494022369385,-7.116517066955566,
3.898,28.25,28.265880584716797,28.2735652923584,-7.125,-7.106153964996338,-7.1166510581970215,
3.908,28.25,28.264415740966797,28.27246856689453,-7.125,-7.105641841888428,-7.115519046783447,
3.918,28.25,28.26472282409668,28.272518157958984,-7.125,-7.103767395019531,-7.113919258117676,
3.928,28.25,28.266420364379883,28.2741641998291,-7.125,-7.102814197540283,-7.111701011657715,
3.938,28.25,28.268829345703125,28.27627944946289,-7.125,-7.105501174926758,-7.1143317222595215,
3.948,28.25,28.265562057495117,28.273954391479492,-7.125,-7.104522228240967,-7.113836288452148,
3.958,28.25,28.262821197509766,28.271564483642578,-7.125,-7.105020523071289,-7.114490509033203,
3.968,28.25,28.265525817871094,28.273468017578125,-7.125,-7.105090141296387,-7.114812850952148,
3.978,28.25,28.263525009155273,28.272029876708984,-7.125,-7.105679512023926,-7.115513324737549,
3.988,28.25,28.26901626586914,28.27602195739746,-7.125,-7.105367183685303,-7.115605354309082,
3.998,28.25,28.27378273010254,28.280101776123047,-7.125,-7.105208396911621,-7.11611795425415,
4.008,28.25,28.275541305541992,28.281599044799805,-7.125,-7.104160308837891,-7.116403579711914,
4.018,28.25,28.277421951293945,28.283212661743164,-7.125,-7.104129791259766,-7.116147994995117,
4.028,28.25,28.276418685913086,28.282554626464844,-7.125,-7.1020731925964355,-7.114102840423584,
4.038,28.25,28.272274017333984,28.2794132232666,-7.125,-7.103292465209961,-7.1153764724731445,
4.048,28.25,28.270051956176758,28.27773094177246,-7.125,-7.1019110679626465,-7.114089488983154,
4.058,28.25,28.270933151245117,28.277751922607422,-7.125,-7.0993242263793945,-7.1122517585754395,
4.068,28.25,28.267919540405273,28.275678634643555,-7.125,-7.10045862197876,-7.1132378578186035,
4.078,28.25,28.26927375793457,28.276447296142578,-7.125,-7.103529453277588,-7.115476131439209,
4.088,28.25,28.270004272460938,28.27707862854004,-7.125,-7.104386806488037,-7.115796089172363,
4.098,28.25,28.271408081054688,28.278066635131836,-7.125,-7.103490352630615,-7.1153130531311035,
4.108,28.25,28.269054412841797,28.276653289794922,-7.125,-7.106240749359131,-7.118134021759033,
4.118,28.25,28.269195556640625,28.27634620666504,-7.125,-7.107727527618408,-7.120052337646484,
4.128,28.25,28.26885223388672,28.27627182006836,-7.125,-7.106281280517578,-7.118082046508789,
4.138,28.25,28.27190589904785,28.278650283813477,-7.125,-7.106168746948242,-7.118072032928467,
4.148,28.25,28.27386474609375,28.280309677124023,-7.125,-7.1061601638793945,-7.117412090301514,
4.158,28.25,28.274625778198242,28.28082275390625,-7.125,-7.1076154708862305,-7.118054389953613,
4.168,28.25,28.275245666503906,28.28186798095703,-7.125,-7.109192371368408,-7.118875026702881,
4.178,28.25,28.27543830871582,28.281930923461914,-7.125,-7.108860969543457,-7.118429183959961,
4.188,28.25,28.274982452392578,28.282058715820312,-7.125,-7.108816146850586,-7.117826461791992,
4.198,28.25,28.274906158447266,28.282209396362305,-7.125,-7.112122058868408,-7.120104789733887,
4.208,28.25,28.276594161987305,28.283266067504883,-7.125,-7.115285873413086,-7.123442649841309,
4.218,28.25,28.27445411682129,28.281522750854492,-7.125,-7.1158270835876465,-7.12302827835083,
4.228,28.25,28.274038314819336,28.281370162963867,-7.125,-7.117864608764648,-7.124176025390625,
4.238,28.25,28.271806716918945,28.279943466186523,-7.125,-7.118065357208252,-7.124628067016602,
4.248,28.25,28.272464752197266,28.28036880493164,-7.125,-7.120110511779785,-7.1264753341674805,
4.258,28.25,28.272457122802734,28.280149459838867,-7.125,-7.121741771697998,-7.12864875793457,
4.268,28.25,28.273101806640625,28.280826568603516,-7.125,-7.1218953132629395,-7.128909587860107,
4.278,28.25,28.273752212524414,28.28142547607422,-7.125,-7.123325347900391,-7.129828929901123,
4.288,28.25,28.27490997314453,28.282482147216797,-7.125,-7.125827312469482,-7.131559371948242,
4.298,28.25,28.277332305908203,28.284473419189453,-7.125,-7.125464916229248,-7.131377696990967,
4.308,28.25,28.284143447875977,28.290245056152344,-7.125,-7.1343183517456055,-7.140653610229492,
4.318,28.25,28.281789779663086,28.288835525512695,-7.125,-7.125854015350342,-7.122339725494385,
4.328,28.25,28.29570198059082,28.307538986206055,-7.1875,-7.12052059173584,-7.076609134674072,
4.338,28.25,28.281967163085938,28.305131912231445,-7.25,-7.203558921813965,-7.110383987426758,
4.348,28.1875,28.282066345214844,28.320903778076172,-7.375,-7.337891101837158,-7.151710510253906,
4.358,28.1875,28.260189056396484,28.312129974365234,-7.375,-7.496853828430176,-7.235449314117432,
4.368,28.125,28.22420310974121,28.295127868652344,-7.5625,-7.647369384765625,-7.284028053283691,
4.378,28,28.09739875793457,28.203041076660156,-8,-7.965712070465088,-7.481394290924072,
4.388,27.875,27.98529052734375,28.11307144165039,-8.375,-8.34811782836914,-7.782273769378662,
4.398,27.75,27.834999084472656,27.98418426513672,-8.75,-8.744231224060059,-8.1358060836792,
4.408,27.75,27.718137741088867,27.87767791748047,-8.75,-9.130176544189453,-8.485097885131836,
4.418,27.5625,27.551380157470703,27.72817039489746,-9.0625,-9.505316734313965,-8.836860656738281,
4.428,27.25,27.389501571655273,27.57834815979004,-9.6875,-9.82864761352539,-9.151759147644043,
4.438,27.125,27.257810592651367,27.4548282623291,-10.0625,-10.150848388671875,-9.44015121459961,
4.448,27,27.111499786376953,27.320432662963867,-10.375,-10.481904983520508,-9.720641136169434,
4.458,27,26.9646053314209,27.187320709228516,-10.375,-10.81090259552002,-10.003754615783691,
4.468,26.875,26.848176956176758,27.08249855041504,-10.6875,-11.163644790649414,-10.297809600830078,
4.478,26.5625,26.710403442382812,26.97370147705078,-11.5,-11.641730308532715,-10.681070327758789,
4.488,26.3125,26.51485252380371,26.813644409179688,-12,-12.174180030822754,-11.117694854736328,
4.498,26.0625,26.282079696655273,26.6195011138916,-12.5625,-12.724932670593262,-11.555682182312012,
4.508,26.0625,26.01235008239746,26.38311767578125,-12.5625,-13.274582862854004,-12.013504028320312,
4.518,25.75,25.726911544799805,26.13690185546875,-13.25,-13.920559883117676,-12.547863960266113,
4.528,25,25.302343368530273,25.780588150024414,-14.625,-14.698498725891113,-13.224534034729004,
4.538,24.5,24.926542282104492,25.456375122070312,-15.375,-15.457098960876465,-13.881831169128418,
4.548,24,24.428264617919922,25.016441345214844,-16.0625,-16.266324996948242,-14.615249633789062,
4.558,24,23.936927795410156,24.56756019592285,-16.0625,-17.027511596679688,-15.29676342010498,
4.568,23.4375,23.378772735595703,24.067455291748047,-16.8125,-17.77846336364746,-15.95560073852539,
4.578,22.25,22.76175308227539,23.518985748291016,-18.3125,-18.534425735473633,-16.61327362060547,
4.588,21.6875,22.098438262939453,22.921463012695312,-19,-19.30122947692871,-17.302640914916992,
4.598,21.0625,21.49346160888672,22.373802185058594,-19.625,-20.05122184753418,-17.983488082885742,
4.608,21.0625,20.841672897338867,21.783864974975586,-19.625,-20.850168228149414,-18.704315185546875,
4.618,20.4375,20.179702758789062,21.187776565551758,-20.25,-21.548381805419922,-19.32994270324707,
4.628,19.1875,19.515640258789062,20.591867446899414,-21.375,-22.13567352294922,-19.8489990234375,
4.638,18.5625,18.796892166137695,19.95066261291504,-21.875,-22.75982666015625,-20.39361572265625,
4.648,17.8125,18.157751083374023,19.36918067932129,-22.375,-23.346904754638672,-20.916423797607422,
4.658,17.8125,17.45803451538086,18.737163543701172,-22.375,-23.955135345458984,-21.472684860229492,
4.668,17.125,16.78780746459961,18.119421005249023,-22.875,-24.5289249420166,-21.999649047851562,
4.678,15.5625,16.02434539794922,17.422746658325195,-23.875,-25.034912109375,-22.458751678466797,
4.688,14.6875,15.18877124786377,16.662874221801758,-24.375,-25.54326629638672,-22.90446662902832,
4.698,14.6875,14.374252319335938,15.912323951721191,-24.375,-26.03115463256836,-23.322839736938477,
4.708,13.75,13.392151832580566,15.023955345153809,-25,-26.702693939208984,-23.903644561767578,
4.718,12.8125,12.465428352355957,14.163576126098633,-25.625,-27.36504554748535,-24.503355026245117,
4.728,12.8125,11.462522506713867,13.229015350341797,-25.625,-27.999351501464844,-25.11004638671875,
4.738,10.8125,10.474321365356445,12.291621208190918,-26.625,-28.573413848876953,-25.681396484375,
4.748,9.875,9.409141540527344,11.2780122756958,-26.9375,-28.968904495239258,-26.106985092163086,
4.758,8.9375,8.332905769348145,10.254853248596191,-27.1875,-29.229476928710938,-26.390796661376953,
4.768,8.0625,7.416123390197754,9.34659481048584,-27.375,-29.357757568359375,-26.56385040283203,
4.778,8.0625,6.4996113777160645,8.459907531738281,-27.375,-29.541624069213867,-26.759502410888672,
4.788,6.1875,5.642423152923584,7.603508472442627,-27.75,-29.71469497680664,-26.961469650268555,
4.798,5.25,4.80169153213501,7.603508472442627,-27.9375,-29.86189079284668,-27.139209747314453,
4.808,4.25,3.7982256412506104,5.799363613128662,-28.0625,-30.01642417907715,-27.320457458496094,
4.818,3.1875,2.786883592605591,4.836976051330566,-28.25,-30.151426315307617,-27.46875,
4.828,3.1875,2.786883592605591,4.836976051330566,-28.25,-30.151426315307617,-27.46875,
4.838,1.125,1.882789134979248,3.9585647583007812,-28.5,-30.342803955078125,-27.562179565429688,
4.848,0.1875,0.9015095829963684,3.0296010971069336,-28.5625,-30.342803955078125,-27.710432052612305,
4.858,-0.6875,-1.2938765287399292,0.9331084489822388,-28.5625,-30.375947952270508,-27.882568359375,
4.868,-1.5,-2.0970349311828613,0.10494697839021683,-28.5,-30.250835418701172,-27.844738006591797,
4.878,-1.5,-2.0970349311828613,0.10494697839021683,-28.5,-30.250835418701172,-27.844738006591797,
4.888,-3,-2.8975324630737305,-0.6832513809204102,-28.3125,-30.05796241760254,-27.713369369506836,
4.898,-3.75,-3.5474166870117188,-1.3505377769470215,-28.25,-29.86210823059082,-27.571306228637695,
4.908,-4.5,-4.917398929595947,-2.7080137729644775,-28.1875,-29.642759323120117,-27.469661712646484,
4.918,-5.375,-5.845454216003418,-3.583081007003784,-28.125,-29.57589340209961,-27.47808837890625,
4.928,-5.375,-5.845454216003418,-3.583081007003784,-28.125,-29.57589340209961,-27.47808837890625,
4.938,-7.0625,-6.661460876464844,-4.379849910736084,-27.8125,-29.422367095947266,-27.40814781188965,
4.948,-8,-7.484482765197754,-5.184194087982178,-27.625,-29.170406341552734,-27.244609832763672,
4.958,-8.875,-9.206808090209961,-6.885815620422363,-27.375,-28.585939407348633,-26.83281898498535,
4.968,-9.75,-10.073994636535645,-7.763560771942139,-27.1875,-28.324922561645508,-26.65765380859375,
4.978,-9.75,-10.073994636535645,-7.763560771942139,-27.1875,-28.324922561645508,-26.65765380859375,
4.988,-11.4375,-10.971115112304688,-8.678187370300293,-26.625,-28.029682159423828,-26.4476261138916,
4.998,-12.25,-11.779752731323242,-9.531949043273926,-26.25,-27.672889709472656,-26.17348861694336,
5.008,-13.0625,-13.296127319335938,-11.18373966217041,-25.875,-26.876667022705078,-25.533300399780273,
5.018,-13.875,-13.978541374206543,-11.958467483520508,-25.4375,-26.417949676513672,-25.141250610351562,
5.028,-13.875,-13.978541374206543,-11.958467483520508,-25.4375,-26.417949676513672,-25.141250610351562,
5.038,-14.75,-14.633014678955078,-12.716403007507324,-25,-25.943700790405273,-24.72138023376465,
5.048,-16.5,-15.338306427001953,-13.52392578125,-24,-25.462860107421875,-24.291099548339844,
5.058,-17.4375,-16.874671936035156,-15.252368927001953,-23.4375,-24.423845291137695,-23.347145080566406,
5.068,-18.375,-17.763200759887695,-16.221548080444336,-22.8125,-23.802112579345703,-22.761287689208984,
5.078,-18.375,-17.763200759887695,-16.221548080444336,-22.8125,-23.802112579345703,-22.761287689208984,
5.088,-20.1875,-18.529541015625,-17.107393264770508,-21.4375,-23.194581985473633,-22.181657791137695,
5.098,-20.1875,-19.30671501159668,-18.006465911865234,-21.4375,-22.52103042602539,-21.532264709472656,
5.108,-21.75,-20.586009979248047,-19.58000946044922,-19.875,-21.15924644470215,-20.181583404541016,
5.118,-22.5,-21.152793884277344,-20.298276901245117,-18.9375,-20.350767135620117,-19.365436553955078,
5.128,-22.5,-21.152793884277344,-20.298276901245117,-18.9375,-20.350767135620117,-19.365436553955078,
5.138,-23.9375,-21.759462356567383,-21.035491943359375,-16.9375,-19.465656280517578,-18.4603271484375,
5.148,-23.9375,-22.93170166015625,-22.44447898864746,-16.9375,-17.656169891357422,-16.595905303955078,
5.158,-25.3125,-23.46705436706543,-23.097389221191406,-14.6875,-16.718847274780273,-15.614250183105469,
5.168,-25.9375,-23.985366821289062,-23.727333068847656,-13.5,-15.70322322845459,-14.530515670776367,
5.178,-25.9375,-24.504146575927734,-24.351572036743164,-13.5,-14.626214027404785,-13.366189002990723,
5.188,-26.5625,-24.504146575927734,-24.351572036743164,-12.3125,-14.626214027404785,-13.366189002990723,
5.198,-27.125,-25.43428611755371,-25.46403694152832,-11.125,-12.578743934631348,-11.09834098815918,
5.208,-28.125,-25.85009002685547,-25.958358764648438,-8.6875,-11.568150520324707,-9.94841194152832,
5.218,-28.6875,-26.27621841430664,-26.449478149414062,-7.4375,-10.580334663391113,-8.80691146850586,
5.228,-29.1875,-26.77505874633789,-26.989789962768555,-6.1875,-9.525898933410645,-7.577364921569824,
5.238,-29.5625,-27.289836883544922,-27.542949676513672,-4.9375,-8.507081031799316,-6.367085933685303,
5.248,-29.875,-27.621509552001953,-27.94903564453125,-3.6875,-7.598601341247559,-5.239323616027832,
5.258,-30,-27.862289428710938,-28.26035499572754,-2.375,-6.650284767150879,-4.0644354820251465,
5.268,-30.125,-27.945398330688477,-28.406391143798828,-1.0625,-5.732262134552002,-2.9136621952056885,
5.278,-30.125,-27.934232711791992,-28.4417724609375,0.25,-4.750743389129639,-1.705137848854065,
5.288,-30.1875,-27.88457489013672,-28.420944213867188,1.6875,-3.703052282333374,-0.42786335945129395,
5.298,-30.1875,-27.99924659729004,-28.51575469970703,3.0625,-2.4649152755737305,1.0499147176742554,
5.308,-30.1875,-28.14383888244629,-28.622756958007812,4.4375,-1.3000576496124268,2.4597811698913574,
5.318,-30.0625,-28.237489700317383,-28.67938232421875,5.6875,-0.2390202134847641,3.7897870540618896,
5.328,-29.875,-28.14061737060547,-28.554954528808594,6.875,0.6728150248527527,4.960065841674805,
5.338,-29.6875,-27.96165657043457,-28.337427139282227,8,1.4588689804077148,6.001298427581787,
5.348,-29.4375,-27.795955657958984,-28.112180709838867,9.0625,2.2540385723114014,7.042737007141113,
5.358,-29.25,-27.7607479095459,-27.982872009277344,10.0625,3.0391182899475098,8.075725555419922,
5.368,-29,-27.736108779907227,-27.854549407958984,11,3.7978756427764893,9.067889213562012,
5.378,-28.6875,-27.658573150634766,-27.67502212524414,11.875,4.475755214691162,9.960896492004395,
5.388,-28.3125,-27.49715805053711,-27.414884567260742,12.8125,5.076094150543213,10.756851196289062,
5.398,-27.9375,-27.220731735229492,-27.046466827392578,13.75,5.688152313232422,11.539938926696777,
5.408,-27.5,-26.948612213134766,-26.669836044311523,14.75,6.406484127044678,12.415337562561035,
5.418,-27,-26.684141159057617,-26.292396545410156,15.75,7.241878986358643,13.385133743286133,
5.428,-26.4375,-26.376731872558594,-25.871082305908203,16.75,8.115399360656738,14.372666358947754,
5.438,-25.875,-25.95819854736328,-25.35332489013672,17.8125,8.971027374267578,15.313336372375488,
5.448,-25.1875,-25.48078727722168,-24.777936935424805,18.8125,9.779817581176758,16.187971115112305,
5.458,-24.5,-24.924423217773438,-24.133556365966797,19.75,10.751036643981934,17.206745147705078,
5.468,-23.75,-24.433425903320312,-23.532203674316406,20.75,11.693808555603027,18.176820755004883,
5.478,-23,-23.887924194335938,-22.86930274963379,21.625,12.665746688842773,19.173662185668945,
5.488,-22.1875,-23.252153396606445,-22.13101577758789,22.5625,13.526199340820312,20.03572654724121,
5.498,-21.375,-22.569326400756836,-21.3465576171875,23.3125,14.36313247680664,20.873458862304688,
5.508,-20.5,-21.873743057250977,-20.557832717895508,24.0625,15.170552253723145,21.666561126708984,
5.518,-19.625,-21.233604431152344,-19.80994415283203,24.75,15.889742851257324,22.368688583374023,
5.528,-18.625,-20.52781105041504,-19.01234245300293,25.3125,16.581945419311523,23.02126693725586,
5.538,-17.625,-19.72662925720215,-18.12287712097168,25.9375,17.1838321685791,23.567642211914062,
5.548,-16.5625,-18.79574203491211,-17.13097381591797,26.4375,17.731517791748047,24.039186477661133,
5.558,-15.4375,-17.78802490234375,-16.07400894165039,26.9375,18.338590621948242,24.551963806152344,
5.568,-14.25,-16.773740768432617,-15.01317310333252,27.4375,19.015689849853516,25.111698150634766,
5.578,-13.125,-15.77127456665039,-13.973184585571289,28,19.69513702392578,25.653356552124023,
5.588,-11.9375,-14.685606956481934,-12.869200706481934,28.5,20.309736251831055,26.111854553222656,
5.598,-10.6875,-13.563909530639648,-11.741399765014648,29,20.931230545043945,26.565095901489258,
5.608,-9.5,-12.339003562927246,-10.536053657531738,29.5,21.612672805786133,27.071605682373047,
5.618,-8.25,-11.171650886535645,-9.38327693939209,30,22.342885971069336,27.625699996948242,
5.628,-6.9375,-10.077171325683594,-8.2942476272583,30.5,23.010051727294922,28.124982833862305,
5.638,-5.6875,-8.838958740234375,-7.079693794250488,30.875,23.679529190063477,28.657093048095703,
5.648,-4.375,-7.544496536254883,-5.833915710449219,31.25,24.223886489868164,29.05735206604004,
5.658,-3,-6.148160934448242,-4.488537788391113,31.5,24.666181564331055,29.370845794677734,
5.668,-1.6875,-4.694668769836426,-3.113079786300659,31.75,25.131332397460938,29.686595916748047,
5.678,-0.375,-3.4517006874084473,-1.90314519405365,32,25.50547981262207,29.932449340820312,
5.688,0.8125,-2.1800575256347656,-0.6901641488075256,32.125,25.91726303100586,30.23314666748047,
5.698,2.0625,-0.843291163444519,0.5784298181533813,32.1875,26.185895919799805,30.414892196655273,
5.708,3.1875,0.46835827827453613,1.8137143850326538,32.125,26.319637298583984,30.469430923461914,
5.718,4.3125,1.6806211471557617,2.977182626724243,32.0625,26.312875747680664,30.37982940673828,
5.728,5.3125,2.8061327934265137,4.0688347816467285,31.9375,26.294490814208984,30.2706241607666,
5.738,6.25,3.7621188163757324,5.00821590423584,31.8125,26.335905075073242,30.225791931152344,
5.748,7.0625,4.654107570648193,5.870944023132324,31.6875,26.35619354248047,30.16889762878418,
5.758,7.8125,5.496119022369385,6.652762413024902,31.4375,26.260517120361328,30.006004333496094,
5.768,8.5625,6.383898735046387,7.430730819702148,31.25,26.104976654052734,29.78498077392578,
5.778,9.25,7.186821460723877,8.095688819885254,31.0625,25.964834213256836,29.58721923828125,
5.788,9.9375,8.020806312561035,8.772339820861816,30.875,25.84906768798828,29.427509307861328,
5.798,10.625,8.958456039428711,9.506343841552734,30.625,25.72549057006836,29.281190872192383,
5.808,11.3125,9.828990936279297,10.184776306152344,30.375,25.56182098388672,29.10212516784668,
5.818,11.9375,10.6234712600708,10.794992446899414,30.125,25.331972122192383,28.859333038330078,
5.828,12.5,11.403691291809082,11.418099403381348,29.875,25.069887161254883,28.570571899414062,
5.838,13.0625,12.191865921020508,12.03506851196289,29.625,24.823707580566406,28.31029510498047,
5.848,13.625,12.876317977905273,12.579886436462402,29.375,24.64335060119629,28.11131477355957,
5.858,14.0625,13.520272254943848,13.094071388244629,29.125,24.415525436401367,27.865238189697266,
5.868,14.5,14.078459739685059,13.533918380737305,28.875,24.16055679321289,27.591915130615234,
5.878,14.9375,14.658059120178223,13.984037399291992,28.625,23.89215850830078,27.298648834228516,
5.888,15.375,15.239422798156738,14.425263404846191,28.375,23.68828582763672,27.07523536682129,
5.898,15.8125,15.801060676574707,14.849878311157227,28.1875,23.511720657348633,26.885875701904297,
5.908,16.125,16.325510025024414,15.24600887298584,27.9375,23.34733772277832,26.718469619750977,
5.918,16.5,16.85207176208496,15.639487266540527,27.6875,23.1313533782959,26.501863479614258,
5.928,16.8125,17.312213897705078,15.975142478942871,27.4375,22.875043869018555,26.250293731689453,
5.938,17.125,17.75546646118164,16.284915924072266,27.1875,22.59729766845703,25.983348846435547,
5.948,17.4375,18.213056564331055,16.599855422973633,27,22.35479736328125,25.753982543945312,
5.958,17.6875,18.65922737121582,16.895713806152344,26.75,22.15139389038086,25.571813583374023,
5.968,18,19.081602096557617,17.172679901123047,26.5,21.943410873413086,25.394023895263672,
5.978,18.25,19.53853988647461,17.46415901184082,26.3125,21.711572647094727,25.21070098876953,
5.988,18.5625,19.963647842407227,17.715213775634766,26,21.436264038085938,25.007871627807617,
5.998,18.8125,20.443153381347656,17.9957275390625,25.75,21.090106964111328,24.75674057006836,
6.008,19.125,20.946266174316406,18.278146743774414,25.375,20.712432861328125,24.499818801879883,
6.018,19.5,21.47967529296875,18.57821273803711,25.0625,20.300052642822266,24.225971221923828,
6.028,19.875,22.118104934692383,18.966083526611328,24.6875,19.820409774780273,23.901248931884766,
6.038,20.25,22.708751678466797,19.329675674438477,24.25,19.299753189086914,23.537254333496094,
6.048,20.6875,23.29437255859375,19.69457244873047,23.8125,18.74414825439453,23.148256301879883,
6.058,21.0625,23.92314338684082,20.118892669677734,23.375,18.159595489501953,22.720088958740234,
6.068,21.5,24.538219451904297,20.536041259765625,22.875,17.585525512695312,22.296180725097656,
6.078,21.9375,25.116634368896484,20.923587799072266,22.375,16.975929260253906,21.84732437133789,
6.088,22.3125,25.74800682067871,21.367530822753906,21.875,16.347309112548828,21.37797737121582,
6.098,22.6875,26.378381729125977,21.805599212646484,21.4375,15.745981216430664,20.952035903930664,
6.108,23.125,26.994394302368164,22.229087829589844,20.9375,15.128583908081055,20.529050827026367,
6.118,23.4375,27.612342834472656,22.659271240234375,20.375,14.505422592163086,20.097492218017578,
6.128,23.8125,28.231014251708984,23.08214569091797,19.875,13.803927421569824,19.642118453979492,
6.138,24.125,28.766813278198242,23.42622947692871,19.3125,13.058669090270996,19.155010223388672,
6.148,24.5,29.328243255615234,23.781742095947266,18.75,12.23410701751709,18.611312866210938,
6.158,24.8125,29.8721923828125,24.137401580810547,18.1875,11.417521476745605,18.076868057250977,
6.168,24.8125,30.39617156982422,24.48009490966797,18.1875,10.638585090637207,17.575977325439453,
6.178,25.125,30.936756134033203,24.843862533569336,17.5625,9.805020332336426,17.037307739257812,
6.188,25.625,31.467647552490234,25.219438552856445,16.3125,8.87319564819336,16.413291931152344,
6.198,25.9375,31.886510848999023,25.497295379638672,15.5625,7.943014144897461,15.797789573669434,
6.208,26.125,32.29802322387695,25.78338050842285,14.875,6.974946975708008,15.13302230834961,
6.218,26.125,32.62885284423828,26.004783630371094,14.875,6.044722080230713,14.49590015411377,
6.228,26.375,32.9785270690918,26.25373077392578,14.125,5.073359966278076,13.818129539489746,
6.238,26.875,33.35816192626953,26.531471252441406,12.5,4.032530307769775,13.087958335876465,
6.248,27.1875,33.7328987121582,26.82404136657715,11.6875,2.978407382965088,12.335977554321289,
6.258,27.4375,34.08753967285156,27.112689971923828,10.8125,1.8827719688415527,11.540515899658203,
6.268,27.4375,34.435691833496094,27.40192413330078,10.8125,0.8968831300735474,10.853487014770508,
6.278,27.625,34.78606033325195,27.70356559753418,9.9375,-0.26686760783195496,10.004345893859863,
6.288,28,35.078006744384766,27.98322296142578,8.1875,-1.4708542823791504,9.127734184265137,
6.298,28.125,35.25361251831055,28.17214012145996,7.25,-2.6131203174591064,8.296663284301758,
6.308,28.1875,35.341209411621094,28.291461944580078,6.3125,-3.8258419036865234,7.3805108070373535,
6.318,28.1875,35.45224380493164,28.427085876464844,6.3125,-5.06756067276001,6.4229416847229,
6.328,28.25,35.573974609375,28.58310317993164,5.3125,-6.254400730133057,5.513449668884277,
6.338,28.3125,35.63661193847656,28.70790672302246,3.375,-7.489034652709961,4.553120136260986,
6.348,28.4375,35.57794952392578,28.732789993286133,2.375,-8.664819717407227,3.6320199966430664,
6.358,28.5,35.54600143432617,28.79356575012207,1.375,-9.809459686279297,2.7311697006225586,
6.368,28.5,35.58549880981445,28.92243766784668,1.375,-10.951370239257812,1.821861743927002,
6.378,28.5625,35.622371673583984,29.070453643798828,0.3125,-12.130143165588379,0.8561076521873474,
6.388,28.375,35.44490051269531,29.08049774169922,-1.6875,-13.34835147857666,-0.19386938214302063,
6.398,28.1875,35.210636138916016,29.023935317993164,-2.75,-14.544245719909668,-1.242803692817688,
6.408,28,34.91978454589844,28.908994674682617,-3.875,-15.766024589538574,-2.323554754257202,
6.418,28,34.53730773925781,28.710315704345703,-3.875,-16.90285301208496,-3.323275089263916,
6.428,27.75,34.12743377685547,28.494590759277344,-4.9375,-18.032690048217773,-4.313621997833252,
6.438,27.3125,33.668212890625,28.246625900268555,-7,-19.076025009155273,-5.245297431945801,
6.448,27.0625,33.317928314208984,28.093761444091797,-8,-20.23953628540039,-6.3235697746276855,
6.458,27.0625,32.9063720703125,27.906694412231445,-8,-21.33014678955078,-7.343108177185059,
6.468,26.75,32.4894905090332,27.705036163330078,-8.9375,-22.37030029296875,-8.294005393981934,
6.478,26.4375,31.968782424926758,27.43533706665039,-9.75,-23.241384506225586,-9.071115493774414,
6.488,26.4375,31.37362289428711,27.113306045532227,-11.4375,-24.172534942626953,-9.865966796875,
6.498,25.6875,30.8060302734375,26.81204605102539,-11.4375,-25.049915313720703,-10.586134910583496,
6.508,25.3125,30.182968139648438,26.464311599731445,-12.25,-25.955764770507812,-11.361136436462402,
6.518,25,29.508344650268555,26.078643798828125,-13.0625,-26.88794708251953,-12.160652160644531,
6.528,24.625,28.89381980895996,25.747337341308594,-13.8125,-27.771141052246094,-12.952706336975098,
6.538,24.625,28.28957748413086,25.406299591064453,-13.8125,-28.561416625976562,-13.740049362182617,
6.548,23.9375,27.681110382080078,25.054758071899414,-15.0625,-29.196935653686523,-14.368904113769531,
6.558,23.625,27.681110382080078,25.054758071899414,-15.6875,-29.196935653686523,-14.368904113769531,
6.568,23.375,26.497634887695312,24.375694274902344,-16.3125,-30.25905418395996,-15.439286231994629,
6.578,23.125,26.065412521362305,24.168304443359375,-16.8125,-30.72686195373535,-15.95261001586914,
6.588,23.125,25.6158390045166,24.168304443359375,-16.8125,-31.294477462768555,-16.57383918762207,
6.598,22.625,25.6158390045166,23.949020385742188,-17.8125,-31.294477462768555,-16.57383918762207,
6.608,22.3125,25.201231002807617,23.76092529296875,-18.25,-31.762475967407227,-17.124313354492188,
6.618,21.9375,24.1268367767334,23.20950698852539,-18.625,-32.385372161865234,-17.860868453979492,
6.628,21.625,23.552722930908203,22.895301818847656,-18.9375,-32.62284469604492,-18.138967514038086,
6.638,21.625,23.552722930908203,22.895301818847656,-18.9375,-32.62284469604492,-18.138967514038086,
6.648,20.875,22.955181121826172,22.56814193725586,-19.75,-32.892967224121094,-18.432493209838867,
6.658,20.5,22.391788482666016,22.260465621948242,-20.1875,-33.19138717651367,-18.755451202392578,
6.668,20.0625,21.179031372070312,21.555679321289062,-20.625,-33.89165496826172,-19.548194885253906,
6.678,19.625,20.49736785888672,21.13093376159668,-21.0625,-34.24115753173828,-19.949766159057617,
6.688,19.625,20.49736785888672,21.13093376159668,-21.0625,-34.24115753173828,-19.949766159057617,
6.698,18.625,19.861562728881836,20.7310791015625,-22.1875,-34.57935333251953,-20.341421127319336,
6.708,18.125,19.10512351989746,20.231264114379883,-22.6875,-35.03096008300781,-20.847156524658203,
6.718,17.625,17.42535972595215,19.081945419311523,-23.1875,-35.90208435058594,-21.899250030517578,
6.728,17.125,16.755191802978516,18.637901306152344,-23.5625,-36.209129333496094,-22.338321685791016,
6.738,17.125,16.755191802978516,18.637901306152344,-23.5625,-36.209129333496094,-22.338321685791016,
6.748,16.0625,16.107433319091797,18.224977493286133,-24.25,-36.480682373046875,-22.733720779418945,
6.758,15.625,15.351622581481934,17.717914581298828,-24.625,-36.64863204956055,-23.012569427490234,
6.768,15.0625,13.84663200378418,16.70089340209961,-25,-36.99599075317383,-23.574352264404297,
6.778,14.625,13.099242210388184,16.18707847595215,-25.4375,-37.292869567871094,-24.002134323120117,
6.788,14.625,13.099242210388184,16.18707847595215,-25.4375,-37.292869567871094,-24.002134323120117,
6.798,13.625,12.372137069702148,15.69371223449707,-26.125,-37.53548049926758,-24.384601593017578,
6.808,13.125,11.677956581115723,15.213357925415039,-26.375,-37.727195739746094,-24.744260787963867,
6.818,12.625,10.260017395019531,14.197935104370117,-26.6875,-37.862152099609375,-25.241657257080078,
6.828,12.125,9.542415618896484,13.666878700256348,-26.9375,-37.91376876831055,-25.480310440063477,
6.838,12.125,8.924761772155762,13.203862190246582,-26.9375,-37.93355941772461,-25.69865608215332,
6.848,11.625,8.924761772155762,13.203862190246582,-27.25,-37.93355941772461,-25.69865608215332,
6.858,10.625,8.270748138427734,12.700360298156738,-27.75,-37.976593017578125,-25.952842712402344,
6.868,10.125,7.001905918121338,11.696767807006836,-27.9375,-37.986568450927734,-26.42690658569336,
6.878,9.625,6.4029860496521,11.221393585205078,-28.125,-37.92815017700195,-26.601301193237305,
6.888,9.625,5.800472259521484,10.744710922241211,-28.125,-37.868682861328125,-26.76929473876953,
6.898,9.0625,5.800472259521484,10.744710922241211,-28.375,-37.868682861328125,-26.76929473876953,
6.908,7.8125,5.157449722290039,10.229620933532715,-28.875,-37.816619873046875,-26.935962677001953,
6.918,7.125,3.655951499938965,8.988138198852539,-29.125,-37.800750732421875,-27.352678298950195,
6.928,6.375,2.7860610485076904,8.235942840576172,-29.4375,-37.83790969848633,-27.61315155029297,
6.938,5.625,1.9450442790985107,7.485092639923096,-29.75,-37.874595642089844,-27.906848907470703,
6.948,5.625,1.9450442790985107,7.485092639923096,-29.75,-37.874595642089844,-27.906848907470703,
6.958,4,1.0315066576004028,6.665168762207031,-30.125,-37.882225036621094,-28.188505172729492,
6.968,3.25,-0.6180214881896973,5.107700824737549,-30.25,-37.67979049682617,-28.568662643432617,
6.978,2.5,-1.4554539918899536,4.312600135803223,-30.375,-37.43540573120117,-28.61205291748047,
6.988,2.5,-2.20889949798584,3.5716588497161865,-30.375,-37.200767517089844,-28.6597843170166,
6.998,1.75,-2.20889949798584,3.5716588497161865,-30.4375,-37.200767517089844,-28.6597843170166,
7.008,0.25,-2.943950891494751,2.8320350646972656,-30.625,-36.95417785644531,-28.704044342041016,
7.018,-0.4375,-4.399096965789795,1.3019744157791138,-30.625,-36.500003814697266,-28.853778839111328,
7.028,-1.25,-5.037378311157227,0.5776168704032898,-30.625,-36.159847259521484,-28.824586868286133,
7.038,-2.0625,-5.696406841278076,-0.16682305932044983,-30.5625,-35.801082611083984,-28.777732849121094,
7.048,-2.0625,-5.696406841278076,-0.16682305932044983,-30.5625,-35.801082611083984,-28.777732849121094,
7.058,-3.9375,-6.44064474105835,-0.989484965801239,-30.4375,-35.40642166137695,-28.685224533081055,
7.068,-4.9375,-8.158568382263184,-2.864651918411255,-30.375,-34.65538024902344,-28.507272720336914,
7.078,-6,-9.018115043640137,-3.8334758281707764,-30.3125,-34.30763626098633,-28.45132827758789,
7.088,-7.0625,-9.890597343444824,-4.839571952819824,-30.1875,-33.925201416015625,-28.373836517333984,
7.098,-7.0625,-9.890597343444824,-4.839571952819824,-30.1875,-33.925201416015625,-28.373836517333984,
7.108,-9.3125,-10.758085250854492,-5.86326265335083,-29.6875,-33.48984146118164,-28.248374938964844,
7.118,-10.4375,-12.584504127502441,-8.05727481842041,-29.3125,-32.30506134033203,-27.674976348876953,
7.128,-11.625,-13.487661361694336,-9.17070198059082,-28.8125,-31.610973358154297,-27.27350425720215,
7.138,-12.8125,-14.398714065551758,-10.299752235412598,-28.375,-30.88454818725586,-26.817058563232422,
7.148,-12.8125,-14.398714065551758,-10.299752235412598,-28.375,-30.88454818725586,-26.817058563232422,
7.158,-14.0625,-15.29292106628418,-11.434737205505371,-27.8125,-30.135709762573242,-26.313491821289062,
7.168,-16.625,-17.263431549072266,-13.898238182067871,-26.625,-28.610750198364258,-25.22051239013672,
7.178,-17.875,-18.2161865234375,-15.138278007507324,-26,-27.84451675415039,-24.643638610839844,
7.188,-19.125,-19.125486373901367,-16.35620880126953,-25.1875,-27.040061950683594,-24.00802993774414,
7.198,-19.125,-20.005292892456055,-17.561723709106445,-25.1875,-26.18593406677246,-23.282438278198242,
7.208,-20.3125,-20.771162033081055,-18.685352325439453,-24.375,-25.212793350219727,-22.37847328186035,
7.218,-22.375,-21.41243553161621,-19.69993019104004,-22.5625,-24.27540397644043,-21.453662872314453,
7.228,-23.25,-22.01516342163086,-20.672142028808594,-21.6875,-23.43365478515625,-20.564783096313477,
7.238,-24.0625,-22.502897262573242,-21.538164138793945,-20.8125,-22.708450317382812,-19.74460220336914,
7.248,-24.0625,-22.88826560974121,-22.297157287597656,-20.8125,-22.0502872467041,-18.953001022338867,
7.258,-24.8125,-23.154695510864258,-22.933401107788086,-20,-21.445770263671875,-18.18747329711914,
7.268,-26,-23.323467254638672,-23.45620346069336,-18.3125,-20.863855361938477,-17.431171417236328,
7.278,-26.5,-23.462810516357422,-23.92389678955078,-17.5,-20.334184646606445,-16.724225997924805,
7.288,-27,-23.657968521118164,-24.403963088989258,-16.6875,-19.788522720336914,-16.013378143310547,
7.298,-27.5,-23.818008422851562,-24.83150863647461,-15.8125,-19.20266342163086,-15.266550064086914,
7.308,-27.9375,-23.98189926147461,-25.235580444335938,-14.875,-18.56671142578125,-14.482732772827148,
7.318,-28.4375,-24.1611328125,-25.631336212158203,-13.9375,-17.875459671020508,-13.651827812194824,
7.328,-28.875,-24.38473129272461,-26.043235778808594,-12.875,-17.133209228515625,-12.772161483764648,
7.338,-29.25,-24.642520904541016,-26.46744155883789,-11.875,-16.337913513183594,-11.82526683807373,
7.348,-29.625,-24.86532974243164,-26.845623016357422,-10.8125,-15.527087211608887,-10.848970413208008,
7.358,-29.9375,-25.038522720336914,-27.16409683227539,-9.75,-14.736268997192383,-9.87619686126709,
7.368,-30.1875,-25.196674346923828,-27.4520320892334,-8.6875,-13.98095417022705,-8.92188549041748,
7.378,-30.4375,-25.343791961669922,-27.712055206298828,-7.625,-13.235109329223633,-7.959211826324463,
7.388,-30.625,-25.493196487426758,-27.95452880859375,-6.5,-12.483511924743652,-6.976847171783447,
7.398,-30.8125,-25.61963653564453,-28.160961151123047,-5.4375,-11.737175941467285,-5.980177402496338,
7.408,-30.875,-25.701353073120117,-28.31409454345703,-4.3125,-11.00574016571045,-4.9842143058776855,
7.418,-30.9375,-25.739105224609375,-28.413908004760742,-3.125,-10.255863189697266,-3.9501137733459473,
7.428,-30.875,-25.751815795898438,-28.471294403076172,-1.9375,-9.512496948242188,-2.9119653701782227,
7.438,-30.75,-25.652578353881836,-28.41900634765625,-0.75,-8.743487358093262,-1.8358875513076782,
7.448,-30.5,-25.508771896362305,-28.29928207397461,0.4375,-7.968894958496094,-0.7575652599334717,
7.458,-30.1875,-25.2761173248291,-28.080289840698242,1.6875,-7.193268775939941,0.31514522433280945,
7.468,-29.6875,-24.95301055908203,-27.7598819732666,3,-6.366260528564453,1.426413655281067,
7.478,-29.125,-24.540475845336914,-27.335275650024414,4.25,-5.491950511932373,2.571682929992676,
7.488,-28.4375,-24.039060592651367,-26.80301284790039,5.5,-4.585178852081299,3.729588031768799,
7.498,-27.625,-23.432510375976562,-26.148691177368164,6.75,-3.6602962017059326,4.881450653076172,
7.508,-26.875,-22.897958755493164,-25.503528594970703,7.9375,-2.7400949001312256,5.9926958084106445,
7.518,-26.0625,-22.185409545898438,-24.70476722717285,9.125,-1.8221609592437744,7.077718734741211,
7.528,-25.1875,-21.59156036376953,-23.965089797973633,10.25,-0.8805902004241943,8.152961730957031,
7.538,-24.375,-20.986814498901367,-23.203590393066406,11.3125,0.046410977840423584,9.184471130371094,
7.548,-23.5,-20.427331924438477,-22.469369888305664,12.375,1.0256962776184082,10.230445861816406,
7.558,-22.5625,-19.789365768432617,-21.66201400756836,13.3125,1.9170268774032593,11.162532806396484,
7.568,-21.625,-19.145761489868164,-20.83966064453125,14.25,2.8061161041259766,12.054057121276855,
7.578,-20.625,-18.396175384521484,-19.930957794189453,15.125,3.6695520877838135,12.882701873779297,
7.588,-19.5,-17.665790557861328,-19.028852462768555,15.9375,4.5475335121154785,13.689292907714844,
7.598,-18.375,-16.828611373901367,-18.036922454833984,16.75,5.41517972946167,14.455527305603027,
7.608,-17.125,-15.910094261169434,-16.97381591796875,17.5,6.3242573738098145,15.225656509399414,
7.618,-15.75,-14.914407730102539,-15.837973594665527,18.125,7.180184364318848,15.922850608825684,
7.628,-14.375,-13.811324119567871,-14.60848617553711,18.75,8.008196830749512,16.56949806213379,
7.638,-12.8125,-12.612476348876953,-13.291025161743164,19.3125,8.788576126098633,17.15285873413086,
7.648,-11.25,-11.340468406677246,-11.896072387695312,19.8125,9.529458045959473,17.678728103637695,
7.658,-9.5,-9.925551414489746,-10.36258602142334,20.25,10.204991340637207,18.120365142822266,
7.668,-7.75,-8.444196701049805,-8.756776809692383,20.6875,10.877019882202148,18.53778076171875,
7.678,-5.9375,-6.924429893493652,-7.104318141937256,21.0625,11.537820816040039,18.92032241821289,
7.688,-4.125,-5.3564133644104,-5.403782844543457,21.5,12.218269348144531,19.29995346069336,
7.698,-2.25,-3.7142083644866943,-3.6330015659332275,21.875,12.910360336303711,19.67133331298828,
7.708,-0.375,-2.069180488586426,-1.8554216623306274,22.3125,13.62167739868164,20.041595458984375,
7.718,1.375,-0.42821750044822693,-0.08108056336641312,22.6875,14.353106498718262,20.41177749633789,
7.728,3.25,1.1944959163665771,1.6759090423583984,23.125,15.103959083557129,20.78249168395996,
7.738,5.125,2.834174394607544,3.433258533477783,23.5625,15.88088607788086,21.165794372558594,
7.748,7,4.503885269165039,5.200901031494141,24.0625,16.68809700012207,21.5675106048584,
7.758,8.875,6.240895748138428,7.0107421875,24.5625,17.577396392822266,22.0495662689209,
7.768,10.75,8.140189170837402,8.947815895080566,25.0625,18.616113662719727,22.69608497619629,
7.778,12.5625,9.750773429870605,10.655057907104492,25.5,19.452985763549805,23.145797729492188,
7.788,14.4375,11.717753410339355,12.615378379821777,26,20.415409088134766,23.73094940185547,
7.798,16.125,13.292731285095215,14.302255630493164,26.25,21.109251022338867,24.09025001525879,
7.808,17.5,14.883523941040039,16.05438804626465,26.1875,21.862218856811523,24.596675872802734,
7.818,18.6875,16.083019256591797,17.4604549407959,25.8125,22.083454132080078,24.569602966308594,
7.828,19.5,16.77927017211914,18.46942138671875,25.0625,21.917037963867188,24.13579750061035,
7.838,20.25,17.397178649902344,19.32712173461914,24.1875,21.367586135864258,23.26018714904785,
7.848,20.875,17.627805709838867,19.838499069213867,23.375,20.881301879882812,22.343883514404297,
7.858,21.5625,17.80210304260254,20.24726104736328,22.625,20.47334098815918,21.4619083404541,
7.868,22.1875,18.22591209411621,20.835525512695312,22.0625,20.36684226989746,20.881694793701172,
7.878,22.75,18.904647827148438,21.5972900390625,21.5625,20.319704055786133,20.38437843322754,
7.888,23.25,19.551355361938477,22.34503746032715,21.1875,20.374385833740234,19.98611068725586,
7.898,23.625,19.91697120666504,22.840866088867188,20.75,20.311355590820312,19.488197326660156,
7.908,23.9375,20.029626846313477,23.088947296142578,20.3125,20.29488754272461,19.063480377197266,
7.918,24.125,20.04202651977539,23.213584899902344,20,20.32185173034668,18.698558807373047,
7.928,24.375,20.19854736328125,23.424423217773438,19.75,20.386144638061523,18.374813079833984,
7.938,24.5625,20.42554473876953,23.664562225341797,19.5,20.46563720703125,18.090961456298828,
7.948,24.75,20.73305892944336,23.953262329101562,19.375,20.678627014160156,17.992557525634766,
7.958,24.875,20.89698028564453,24.106040954589844,19.1875,20.808435440063477,17.87525177001953,
7.968,25,20.989356994628906,24.205074310302734,18.9375,20.85080909729004,17.671527862548828,
7.978,25.125,21.130271911621094,24.353540420532227,18.625,20.907194137573242,17.451274871826172,
7.988,25.25,21.120859146118164,24.379499435424805,18.3125,20.848974227905273,17.08824348449707,
7.998,25.4375,21.128578186035156,24.423603057861328,18,20.81473731994629,16.735904693603516,
8.008,25.625,21.243282318115234,24.577478408813477,17.6875,20.852128982543945,16.411527633666992,
8.018,25.875,21.46404266357422,24.846445083618164,17.3125,20.89531135559082,16.062114715576172,
8.028,26.125,21.653886795043945,25.115217208862305,16.875,20.89592170715332,15.659913063049316,
8.038,26.375,21.759597778320312,25.34107780456543,16.4375,20.92527198791504,15.224281311035156,
8.048,26.625,21.772235870361328,25.516849517822266,15.875,20.903711318969727,14.663331985473633,
8.058,26.875,21.81238555908203,25.73955726623535,15.25,21.01227378845215,14.160663604736328,
8.068,27.0625,21.74331283569336,25.893747329711914,14.625,21.133440017700195,13.601812362670898,
8.078,27.25,21.676063537597656,26.027891159057617,13.9375,21.251684188842773,13.042571067810059,
8.088,27.4375,21.579608917236328,26.14230728149414,13.1875,21.355188369750977,12.43165111541748,
8.098,27.5625,21.419118881225586,26.219743728637695,12.4375,21.375225067138672,11.677128791809082,
8.108,27.75,21.40726661682129,26.389108657836914,11.625,21.433679580688477,10.946707725524902,
8.118,28,21.36499786376953,26.510215759277344,10.75,21.563268661499023,10.30817985534668,
8.128,28,21.367324829101562,26.66152000427246,10.75,21.596023559570312,9.568946838378906,
8.138,28.25,21.517452239990234,26.897659301757812,9.9375,21.598285675048828,8.799687385559082,
8.148,29.0625,21.82855987548828,27.225276947021484,8.25,21.572193145751953,8.038936614990234,
8.158,29.4375,22.14029884338379,27.568254470825195,7.3125,21.505325317382812,7.2807087898254395,
8.168,29.875,22.473798751831055,27.904457092285156,6.3125,21.314157485961914,6.397063732147217,
8.178,29.875,22.946666717529297,28.35099983215332,6.3125,21.24150848388672,5.6329498291015625,
8.188,30.25,23.440113067626953,28.800140380859375,5.3125,20.997760772705078,4.725708484649658,
8.198,30.75,23.8028564453125,29.142547607421875,3,20.728721618652344,3.8570313453674316,
8.208,30.75,23.973844528198242,29.291337966918945,3,20.218645095825195,2.7612154483795166,
8.218,30.8125,24.1961669921875,29.441160202026367,1.75,19.64195442199707,1.6348049640655518,
8.228,30.75,24.348907470703125,29.489337921142578,0.4375,18.98114776611328,0.40994441509246826,
8.238,30.625,24.39253807067871,29.426782608032227,-0.8125,18.29427146911621,-0.7737786769866943,
8.248,30.625,24.29120445251465,29.211132049560547,-0.8125,17.496662139892578,-2.0102710723876953,
8.258,30.25,24.272192001342773,29.02651023864746,-3.5625,16.617023468017578,-3.31650972366333,
8.268,30.0625,24.272192001342773,29.02651023864746,-4.9375,15.722185134887695,-3.31650972366333,
8.278,29.8125,24.26551055908203,28.627952575683594,-6.25,14.821584701538086,-5.915504455566406,
8.288,29.5,24.27667236328125,28.42034339904785,-7.4375,13.908370971679688,-7.204500198364258,
8.298,29.5,24.205713272094727,28.132675170898438,-7.4375,13.144611358642578,-8.342072486877441,
8.308,28.6875,24.043153762817383,28.132675170898438,-9.6875,12.431361198425293,-8.342072486877441,
8.318,28.25,24.043153762817383,27.743431091308594,-10.6875,12.431361198425293,-9.382292747497559,
8.328,27.8125,23.472957611083984,26.704832077026367,-11.625,11.19194221496582,-11.161153793334961,
8.338,27.375,23.34010887145996,26.288677215576172,-12.5625,10.522674560546875,-12.06214427947998,
8.348,27.375,23.34010887145996,26.288677215576172,-12.5625,10.522674560546875,-12.06214427947998,
8.358,26.5625,23.26900291442871,25.935733795166016,-14.3125,9.846864700317383,-12.94310188293457,
8.368,26.0625,23.18915557861328,25.584516525268555,-15.0625,9.153349876403809,-13.804855346679688,
8.378,25.5625,22.846797943115234,24.715473175048828,-15.8125,7.913031101226807,-15.288442611694336,
8.388,25.0625,22.56682586669922,24.18926429748535,-16.5,7.408924102783203,-15.871801376342773,
8.398,25.0625,22.56682586669922,24.18926429748535,-16.5,7.408924102783203,-15.871801376342773,
8.408,24,22.21897315979004,23.61159324645996,-17.8125,6.794063091278076,-16.51034927368164,
8.418,23.5,21.897857666015625,23.060253143310547,-18.4375,6.176154136657715,-17.144197463989258,
8.428,22.9375,21.411788940429688,22.107515335083008,-19.0625,4.852427959442139,-18.449337005615234,
8.438,22.4375,21.147729873657227,21.62145233154297,-19.5625,4.237683296203613,-19.03287124633789,
8.448,22.4375,21.147729873657227,21.62145233154297,-19.5625,4.237683296203613,-19.03287124633789,
8.458,21.4375,20.882495880126953,21.140609741210938,-20.375,3.753896713256836,-19.47837257385254,
8.468,20.9375,20.536115646362305,20.597248077392578,-20.8125,3.3129000663757324,-19.840312957763672,
8.478,20.5625,19.99187469482422,19.663402557373047,-21.1875,2.3674707412719727,-20.589113235473633,
8.488,20.1875,19.839069366455078,19.310609817504883,-21.5625,1.8295265436172485,-21.02465057373047,
8.498,20.1875,19.839069366455078,19.310609817504883,-21.5625,1.8295265436172485,-21.02465057373047,
8.508,19.4375,19.672611236572266,18.969518661499023,-22.125,1.355154037475586,-21.39082145690918,
8.518,19.125,19.51616668701172,18.64820098876953,-22.375,0.9618399739265442,-21.656383514404297,
8.528,18.75,18.95437240600586,17.832015991210938,-22.5625,0.3015580475330353,-22.000349044799805,
8.538,18.4375,18.78240203857422,17.516695022583008,-22.8125,-0.1466946303844452,-22.282705307006836,
8.548,18.4375,18.78240203857422,17.516695022583008,-22.8125,-0.1466946303844452,-22.282705307006836,
8.558,17.75,18.547895431518555,17.131351470947266,-23.375,-0.5829434990882874,-22.566268920898438,
8.568,17.25,18.309823989868164,16.743555068969727,-23.6875,-1.049952745437622,-22.887971878051758,
8.578,16.75,17.753646850585938,15.843399047851562,-24,-1.928222417831421,-23.492671966552734,
8.588,16.1875,17.403709411621094,15.32410717010498,-24.3125,-2.3397703170776367,-23.760934829711914,
8.598,16.1875,17.403709411621094,15.32410717010498,-24.3125,-2.3397703170776367,-23.760934829711914,
8.608,14.875,17.025758743286133,14.773262977600098,-24.9375,-2.774158239364624,-24.03761100769043,
8.618,14.25,16.5285701751709,14.13483715057373,-25.25,-3.2654869556427,-24.357126235961914,
8.628,13.5625,15.41898250579834,12.790162086486816,-25.5,-4.275444030761719,-25.015737533569336,
8.638,12.8125,14.819676399230957,12.10861873626709,-25.6875,-4.683689117431641,-25.22917938232422,
8.648,12.8125,14.819676399230957,12.10861873626709,-25.6875,-4.683689117431641,-25.22917938232422,
8.658,11.375,14.213892936706543,11.41814136505127,-26.0625,-5.04007625579834,-25.38178253173828,
8.668,10.5625,13.58777904510498,10.716631889343262,-26.25,-5.475852012634277,-25.59790802001953,
8.678,9.8125,12.307165145874023,9.26144027709961,-26.4375,-6.313867568969727,-26.02060317993164,
8.688,8.9375,11.579833984375,8.457136154174805,-26.5625,-6.682879447937012,-26.17645835876465,
8.698,8.9375,11.579833984375,8.457136154174805,-26.5625,-6.682879447937012,-26.17645835876465,
8.708,7.25,10.785781860351562,7.599472999572754,-26.8125,-7.01595401763916,-26.292802810668945,
8.718,6.375,10.007266998291016,6.7568254470825195,-26.9375,-7.325821399688721,-26.38619613647461,
8.728,5.5625,8.413471221923828,5.030123710632324,-27,-8.067742347717285,-26.68873405456543,
8.738,4.75,7.61748743057251,4.1533002853393555,-27.0625,-8.384316444396973,-26.7994441986084,
8.748,4.75,7.61748743057251,4.1533002853393555,-27.0625,-8.384316444396973,-26.7994441986084,
8.758,3.25,6.878396034240723,3.3208115100860596,-27.0625,-8.629831314086914,-26.8422794342041,
8.768,2.5,6.234619140625,2.5698375701904297,-27,-8.823688507080078,-26.83273696899414,
8.778,1.8125,5.1093292236328125,1.2423588037490845,-26.9375,-9.074556350708008,-26.660808563232422,
8.788,1.1875,4.5275774002075195,0.5908281803131104,-26.875,-9.294954299926758,-26.654279708862305,
8.798,1.1875,4.5275774002075195,0.5908281803131104,-26.875,-9.294954299926758,-26.654279708862305,
8.808,-0.125,3.9109044075012207,-0.062066953629255295,-26.8125,-9.52701187133789,-26.654808044433594,
8.818,-0.875,3.246795654296875,-0.7407885193824768,-26.75,-9.727544784545898,-26.6304931640625,
8.828,-1.625,1.860346794128418,-2.1436312198638916,-26.625,-10.060697555541992,-26.535825729370117,
8.838,-2.5625,1.0288478136062622,-2.9679641723632812,-26.5,-10.13591194152832,-26.4154052734375,
8.848,-2.5625,1.0288478136062622,-2.9679641723632812,-26.5,-10.13591194152832,-26.4154052734375,
8.858,-3.4375,0.17705138027668,-3.8341410160064697,-26.3125,-10.192177772521973,-26.259719848632812,
8.868,-5.375,-0.675054669380188,-4.706451416015625,-25.9375,-10.241780281066895,-26.100404739379883,
8.878,-6.4375,-2.5679101943969727,-6.5612616539001465,-25.625,-10.252171516418457,-25.71509552001953,
8.888,-7.4375,-3.548372268676758,-7.5043253898620605,-25.3125,-10.180018424987793,-25.47477912902832,
8.898,-7.4375,-3.548372268676758,-7.5043253898620605,-25.3125,-10.180018424987793,-25.47477912902832,
8.908,-9.625,-4.669527530670166,-8.542586326599121,-24.375,-10.025806427001953,-25.177282333374023,
8.918,-10.75,-5.791594982147217,-9.57125473022461,-23.75,-9.782495498657227,-24.813962936401367,
8.928,-11.9375,-8.131386756896973,-11.66053295135498,-23.0625,-8.895282745361328,-23.734994888305664,
8.938,-11.9375,-9.295985221862793,-12.703943252563477,-23.0625,-8.403203964233398,-23.13064193725586,
8.948,-11.9375,-10.53658390045166,-13.795952796936035,-23.0625,-7.763040065765381,-22.42529296875,
8.958,-14.1875,-10.53658390045166,-13.795952796936035,-21.5,-7.763040065765381,-22.42529296875,
8.968,-16.375,-11.802793502807617,-14.906208038330078,-19.75,-7.0887131690979,-21.68646812438965,
8.978,-17.375,-14.2544584274292,-17.05797004699707,-18.8125,-5.578383445739746,-20.055614471435547,
8.988,-18.25,-15.275911331176758,-17.95539665222168,-17.875,-4.758320331573486,-19.186525344848633,
8.998,-18.25,-16.305788040161133,-18.829639434814453,-17.875,-3.8952624797821045,-18.28125762939453,
9.008,-19.0625,-16.305788040161133,-18.829639434814453,-16.9375,-3.8952624797821045,-18.28125762939453,
9.018,-20.5625,-17.215251922607422,-19.587865829467773,-15.0625,-3.0811002254486084,-17.43705177307129,
9.028,-21.1875,-19.027807235717773,-21.039201736450195,-14.125,-1.364240050315857,-15.722121238708496,
9.038,-21.8125,-19.7725887298584,-21.614200592041016,-13.1875,-0.5038738250732422,-14.905311584472656,
9.048,-22.3125,-20.5576171875,-22.21645164489746,-12.25,0.4092189073562622,-14.054636001586914,
9.058,-22.3125,-20.5576171875,-22.21645164489746,-12.25,0.4092189073562622,-14.054636001586914,
9.068,-22.875,-21.32609748840332,-22.79450035095215,-11.25,1.367072582244873,-13.170499801635742,
9.078,-23.9375,-22.640317916870117,-23.775001525878906,-9.3125,3.3092055320739746,-11.367714881896973,
9.088,-24.4375,-23.47601890563965,-24.437307357788086,-8.3125,4.455277442932129,-10.267685890197754,
9.098,-24.8125,-24.06943130493164,-24.933059692382812,-7.375,5.29221773147583,-9.435697555541992,
9.108,-24.8125,-24.06943130493164,-24.933059692382812,-7.375,5.29221773147583,-9.435697555541992,
9.118,-25.0625,-24.696138381958008,-25.454204559326172,-6.5,6.221475124359131,-8.497880935668945,
9.128,-25.3125,-25.086862564086914,-25.7420597076416,-4.9375,7.7240424156188965,-6.986810684204102,
9.138,-25.4375,-25.156774520874023,-25.755939483642578,-4.25,8.473166465759277,-6.279378890991211,
9.148,-25.5625,-25.38730239868164,-25.88693618774414,-3.4375,9.2652006149292,-5.613845348358154,
9.158,-25.5625,-25.38730239868164,-25.88693618774414,-3.4375,9.2652006149292,-5.613845348358154,
9.168,-25.75,-25.632633209228516,-26.034774780273438,-2.625,10.065422058105469,-4.966604232788086,
9.178,-26.125,-26.32184600830078,-26.52621841430664,-0.6875,12.028801918029785,-3.400017023086548,
9.188,-26.1875,-26.485307693481445,-26.652103424072266,0.25,13.08119010925293,-2.5494232177734375,
9.198,-26.1875,-26.711318969726562,-26.834882736206055,1.25,14.41748046875,-1.410900592803955,
9.208,-26.1875,-26.711318969726562,-26.834882736206055,1.25,14.41748046875,-1.410900592803955,
9.218,-26.1875,-26.760761260986328,-26.87324333190918,2.1875,16.683446884155273,0.4693787097930908,
9.228,-26.0625,-26.587879180908203,-26.726011276245117,4,17.678842544555664,1.2503303289413452,
9.238,-26.0625,-26.543880462646484,-26.692569732666016,4.875,18.7613468170166,2.08201003074646,
9.248,-26.0625,-26.544492721557617,-26.707918167114258,5.625,19.696653366088867,2.7704503536224365,
9.258,-26.0625,-26.58857536315918,-26.776403427124023,5.625,20.707359313964844,3.510098457336426,
9.268,-26.0625,-26.487863540649414,-26.745254516601562,6.4375,21.767168045043945,4.292070388793945,
9.278,-25.875,-26.35228157043457,-26.698976516723633,7.8125,22.778385162353516,5.014732837677002,
9.288,-25.6875,-26.145292282104492,-26.61096954345703,8.375,23.68132972717285,5.616871356964111,
9.298,-25.4375,-25.83940887451172,-26.442569732666016,8.9375,24.489107131958008,6.127509117126465,
9.308,-25.125,-25.355796813964844,-26.13163185119629,9.375,25.342687606811523,6.696379661560059,
9.318,-24.75,-24.84865951538086,-25.794191360473633,9.75,26.06495475769043,7.15356969833374,
9.328,-24.375,-24.31528091430664,-25.431106567382812,10.125,26.73446273803711,7.5577263832092285,
9.338,-24,-23.806833267211914,-25.081464767456055,10.375,27.236713409423828,7.8111443519592285,
9.348,-23.625,-23.190902709960938,-24.643619537353516,10.625,27.737770080566406,8.077824592590332,
9.358,-23.375,-22.82330894470215,-24.395782470703125,10.8125,28.196369171142578,8.31364631652832,
9.368,-23.125,-22.366912841796875,-24.0976619720459,11,28.572359085083008,8.479637145996094,
9.378,-22.9375,-21.919832229614258,-23.80550765991211,11.1875,28.933462142944336,8.641656875610352,
9.388,-22.6875,-21.61132049560547,-23.628753662109375,11.3125,29.231311798095703,8.759915351867676,
9.398,-22.5,-21.237314224243164,-23.412002563476562,11.5,29.59349250793457,8.950152397155762,
9.408,-22.1875,-20.816604614257812,-23.157472610473633,11.625,29.877208709716797,9.089792251586914,
9.418,-21.8125,-20.36520767211914,-22.878047943115234,11.6875,30.138774871826172,9.217727661132812,
9.428,-21.4375,-19.844026565551758,-22.535371780395508,11.75,30.337203979492188,9.305377006530762,
9.438,-21,-19.250028610229492,-22.12353515625,11.75,30.512664794921875,9.39059066772461,
9.448,-20.5,-18.612924575805664,-21.66704559326172,11.6875,30.595905303955078,9.40865707397461,
9.458,-19.9375,-17.923038482666016,-21.155515670776367,11.625,30.61819076538086,9.385233879089355,
9.468,-19.375,-17.17741584777832,-20.588159561157227,11.5,30.565597534179688,9.3060302734375,
9.478,-18.75,-16.425050735473633,-20.00562286376953,11.3125,30.439067840576172,9.171009063720703,
9.488,-18.1875,-15.66784381866455,-19.40804100036621,11.125,30.283733367919922,9.021659851074219,
9.498,-17.625,-14.9262056350708,-18.81327247619629,10.875,30.07936668395996,8.834005355834961,
9.508,-17.0625,-14.187742233276367,-18.21293830871582,10.6875,29.827117919921875,8.610604286193848,
9.518,-16.5,-13.494272232055664,-17.641586303710938,10.4375,29.554908752441406,8.385053634643555,
9.528,-16,-12.852143287658691,-17.104412078857422,10.1875,29.264087677001953,8.161006927490234,
9.538,-15.5,-12.258537292480469,-16.601774215698242,10,28.9720458984375,7.958145618438721,
9.548,-15,-11.672391891479492,-16.10129165649414,9.75,28.65863037109375,7.754494667053223,
9.558,-14.5625,-11.094921112060547,-15.60252857208252,9.5625,28.32851219177246,7.551652908325195,
9.568,-14,-10.525397300720215,-15.10663890838623,9.3125,27.967708587646484,7.335971355438232,
9.578,-13.4375,-9.944280624389648,-14.598763465881348,9.125,27.597332000732422,7.1265645027160645,
9.588,-12.875,-9.33867073059082,-14.064872741699219,8.875,27.214426040649414,6.917128562927246,
9.598,-12.25,-8.696111679077148,-13.493918418884277,8.6875,26.82617950439453,6.716292858123779,
9.608,-11.5625,-7.970913410186768,-12.847338676452637,8.4375,26.39942169189453,6.488637924194336,
9.618,-10.8125,-7.201287269592285,-12.153892517089844,8.125,25.932313919067383,6.233412742614746,
9.628,-10,-6.39607572555542,-11.419052124023438,7.9375,25.451858520507812,5.975303649902344,
9.638,-9.1875,-5.562540054321289,-10.647214889526367,7.6875,24.966890335083008,5.725076675415039,
9.648,-8.3125,-4.710211753845215,-9.848670959472656,7.5,24.50259017944336,5.503241539001465,
9.658,-7.375,-3.8327441215515137,-9.019246101379395,7.3125,24.0637264251709,5.315305709838867,
9.668,-6.4375,-2.9021267890930176,-8.13658332824707,7.25,23.65787124633789,5.172382354736328,
9.678,-5.4375,-1.8907463550567627,-7.176948547363281,7.1875,23.291873931884766,5.08035135269165,
9.688,-4.4375,-0.8823586702346802,-6.208738803863525,7.25,22.976350784301758,5.048025131225586,
9.698,-3.3125,0.15823915600776672,-5.210127830505371,7.25,22.677371978759766,5.0481648445129395,
9.708,-2.25,1.213260293006897,-4.192563056945801,7.375,22.4063663482666,5.088801383972168,
9.718,-1.0625,2.3309438228607178,-3.1160900592803955,7.4375,22.16033172607422,5.164214611053467,
9.728,0.0625,3.5101397037506104,-1.980973243713379,7.5625,21.933788299560547,5.278599262237549,
9.738,1.25,4.707703590393066,-0.8321302533149719,7.625,21.583160400390625,5.290504455566406,
9.748,2.5,5.819732666015625,0.26718395948410034,7.75,21.375415802001953,5.427918434143066,
9.758,3.75,7.031644821166992,1.4468491077423096,7.875,21.12333106994629,5.535782814025879,
9.768,5,8.294913291931152,2.681544303894043,8.0625,20.861282348632812,5.627109050750732,
9.778,6.25,9.539899826049805,3.904521942138672,8.25,20.62775421142578,5.740711688995361,
9.788,7.5,10.732123374938965,5.089029788970947,8.5625,20.496231079101562,5.951889991760254,
9.798,8.75,12.014274597167969,6.34507417678833,8.8125,20.345531463623047,6.159699440002441,
9.808,9.9375,13.272468566894531,7.591255187988281,9.125,20.270254135131836,6.431499481201172,
9.818,11.1875,14.492860794067383,8.805480003356934,9.5,20.216550827026367,6.730114936828613,
9.828,12.3125,15.691259384155273,10.005233764648438,9.8125,20.15488624572754,7.033483505249023,
9.838,13.4375,16.833852767944336,11.16093921661377,10.1875,20.09998893737793,7.339306831359863,
9.848,14.4375,17.88888168334961,12.244396209716797,10.5,20.070161819458008,7.666944980621338,
9.858,15.4375,18.867998123168945,13.26199722290039,10.8125,19.995967864990234,7.960544586181641,
9.868,16.375,19.80264663696289,14.238819122314453,11.0625,19.912179946899414,8.2393798828125,
9.878,17.25,20.685277938842773,15.165355682373047,11.3125,19.81395149230957,8.499489784240723,
9.888,18.0625,21.491294860839844,16.024967193603516,11.5625,19.686941146850586,8.73587417602539,
9.898,18.9375,22.274250030517578,16.854867935180664,11.6875,19.5033016204834,8.91690731048584,
9.908,19.75,23.0555419921875,17.678241729736328,11.875,19.305437088012695,9.079355239868164,
9.918,20.5625,23.825050354003906,18.49040412902832,12,19.082244873046875,9.216336250305176,
9.928,20.5625,24.626670837402344,19.326007843017578,12,18.820293426513672,9.317532539367676,
9.938,22.25,25.41133689880371,20.147878646850586,12.125,18.528287887573242,9.388503074645996,
9.948,23.0625,26.191471099853516,20.968524932861328,12.125,18.203327178955078,9.431188583374023,
9.958,23.0625,26.943761825561523,21.766326904296875,12.125,17.82466697692871,9.429004669189453,
9.968,23.8125,27.571117401123047,22.476438522338867,12.0625,17.427053451538086,9.403757095336914,
9.978,24.5,28.283008575439453,23.2524356842041,12,16.952634811401367,9.298928260803223,
9.988,25.125,28.962862014770508,23.98625946044922,11.875,16.430444717407227,9.13855266571045,
9.998,25.75,29.395784378051758,24.52744483947754,11.3125,15.872556686401367,8.932686805725098,
10.008,26.3125,29.833454132080078,25.056339263916016,11.3125,15.226827621459961,8.596748352050781,
10.018,26.8125,30.2279109954834,25.54389762878418,11,14.563629150390625,8.204690933227539,
10.028,27.375,30.2279109954834,25.54389762878418,10.6875,14.028305053710938,8.204690933227539,
10.038,27.9375,31.581953048706055,26.989215850830078,10.4375,13.501348495483398,7.627575397491455,
10.048,28.375,31.87477684020996,27.438451766967773,10.1875,13.057709693908691,7.378652572631836,
10.058,28.625,31.87477684020996,27.438451766967773,10.0625,12.721961975097656,7.378652572631836,
10.068,28.75,31.884292602539062,27.765483856201172,9.875,12.349944114685059,7.177510738372803,
10.078,28.8125,31.884292602539062,27.861413955688477,9.625,12.349944114685059,6.933380126953125,
10.088,28.8125,31.460725784301758,27.802614212036133,9.375,11.813434600830078,6.601758003234863,
10.098,28.9375,31.195878982543945,27.709945678710938,9.125,11.499622344970703,6.357980728149414,
10.108,28.9375,31.195878982543945,27.709945678710938,9.125,11.499622344970703,6.357980728149414,
10.118,29.1875,31.181703567504883,27.824790954589844,8.625,11.240077018737793,6.124579429626465,
10.128,29.25,31.263612747192383,28.0325984954834,8.3125,10.925861358642578,5.85973596572876,
10.138,29.375,31.232755661010742,28.278034210205078,8,10.306529998779297,5.342984199523926,
10.148,29.4375,31.111312866210938,28.307430267333984,7.5625,9.954398155212402,5.038107872009277,
10.158,29.5,31.111312866210938,28.307430267333984,7.0625,9.954398155212402,5.038107872009277,
10.168,29.625,31.013673782348633,28.35139274597168,6.5625,9.511640548706055,4.633084297180176,
10.178,29.6875,30.98496437072754,28.447494506835938,6.125,9.012422561645508,4.141988754272461,
10.188,29.75,30.84377098083496,28.556644439697266,5.625,8.12805461883545,3.255908966064453,
10.198,29.75,30.76723289489746,28.59935188293457,5.625,7.707129001617432,2.8280253410339355,
10.208,29.8125,30.76723289489746,28.59935188293457,5.125,7.707129001617432,2.8280253410339355,
10.218,29.9375,30.686847686767578,28.634889602661133,4.0625,7.246673107147217,2.3417866230010986,
10.228,29.9375,30.607681274414062,28.6694393157959,3.4375,6.747807025909424,1.8030834197998047,
10.238,30,30.464052200317383,28.729259490966797,2.8125,5.731438636779785,0.6657164096832275,
10.248,30,30.390230178833008,28.745817184448242,2.125,5.209891319274902,0.0732996016740799,
10.258,30,30.390230178833008,28.745817184448242,2.125,5.209891319274902,0.0732996016740799,
10.268,29.9375,30.282920837402344,28.72804832458496,0.75,4.659800052642822,-0.5556507110595703,
10.278,29.9375,30.144817352294922,28.672286987304688,0.0625,4.1238555908203125,-1.1867153644561768,
10.288,29.875,29.91877555847168,28.57502555847168,-0.5625,3.0467746257781982,-2.4713079929351807,
10.298,29.8125,29.830842971801758,28.53640365600586,-1.3125,2.454584836959839,-3.173098564147949,
10.308,29.8125,29.830842971801758,28.53640365600586,-1.3125,2.454584836959839,-3.173098564147949,
10.318,29.625,29.706172943115234,28.46063232421875,-2.875,1.8441529273986816,-3.891235589981079,
10.328,29.4375,29.54014778137207,28.33705711364746,-3.6875,1.231064796447754,-4.607638835906982,
10.338,29.25,29.137508392333984,27.990880966186523,-4.5,-0.024318702518939972,-6.061618804931641,
10.348,29.25,28.940067291259766,27.8046817779541,-5.3125,-0.6766583323478699,-6.799854278564453,
10.358,29.0625,28.940067291259766,27.8046817779541,-5.3125,-0.6766583323478699,-6.799854278564453,
10.368,28.5,28.680072784423828,27.564096450805664,-7.125,-1.4231579303741455,-7.619589805603027,
10.378,28.1875,28.36905288696289,27.258102416992188,-8.0625,-2.2096400260925293,-8.490111351013184,
10.388,27.8125,27.706138610839844,26.54960823059082,-9.0625,-3.8058433532714844,-10.270529747009277,
10.398,27.4375,27.339256286621094,26.142316818237305,-10,-4.6436848640441895,-11.202075958251953,
10.408,27.4375,27.339256286621094,26.142316818237305,-10,-4.6436848640441895,-11.202075958251953,
10.418,26.5625,26.9851016998291,25.7293701171875,-11.8125,-5.419428825378418,-12.096785545349121,
10.428,26.125,26.64365577697754,25.315324783325195,-12.625,-6.16018533706665,-12.950833320617676,
10.438,25.75,25.943571090698242,24.45449447631836,-13.3125,-7.445023059844971,-14.40524959564209,
10.448,25.3125,25.595705032348633,24.01603126525879,-14,-8.0147705078125,-15.035564422607422,
10.458,25.3125,25.595705032348633,24.01603126525879,-14,-8.0147705078125,-15.035564422607422,
10.468,24.5,25.28983497619629,23.604597091674805,-15.1875,-8.535592079162598,-15.60484504699707,
10.478,24.125,24.99814224243164,23.207250595092773,-15.75,-9.05841064453125,-16.156476974487305,
10.488,23.6875,24.435867309570312,22.429927825927734,-16.3125,-10.131422996520996,-17.249971389770508,
10.498,23.25,24.15974235534668,22.041276931762695,-16.9375,-10.686890602111816,-17.806310653686523,
10.508,23.25,24.15974235534668,22.041276931762695,-16.9375,-10.686890602111816,-17.806310653686523,
10.518,22.3125,23.82524871826172,21.601966857910156,-18,-11.234950065612793,-18.344650268554688,
10.528,21.8125,23.440021514892578,21.11040496826172,-18.5625,-11.77097225189209,-18.859399795532227,
10.538,21.25,22.628429412841797,20.062360763549805,-19.125,-12.882078170776367,-19.903396606445312,
10.548,21.25,22.208498001098633,19.51776885986328,-19.125,-13.466509819030762,-20.441797256469727,
10.558,20.6875,22.208498001098633,19.51776885986328,-19.6875,-13.466509819030762,-20.441797256469727,
10.568,19.5,21.737585067749023,18.92288589477539,-20.75,-14.029439926147461,-20.96269416809082,
10.578,18.875,21.252565383911133,18.306005477905273,-21.25,-14.564430236816406,-21.449913024902344,
10.588,18.25,20.268564224243164,17.041759490966797,-21.6875,-15.593433380126953,-22.353099822998047,
10.598,17.625,19.801889419555664,16.417911529541016,-22.125,-16.090564727783203,-22.784008026123047,
10.608,17.625,19.801889419555664,16.417911529541016,-22.125,-16.090564727783203,-22.784008026123047,
10.618,16.375,19.340007781982422,15.791035652160645,-22.9375,-16.573896408081055,-23.19645881652832,
10.628,15.75,18.888124465942383,15.16451644897461,-23.3125,-17.03166961669922,-23.582168579101562,
10.638,15.125,17.94717025756836,13.847434997558594,-23.6875,-17.89527130126953,-24.305307388305664,
10.648,15.125,17.516063690185547,13.202831268310547,-23.6875,-18.288936614990234,-24.62965965270996,
10.658,14.5,17.516063690185547,13.202831268310547,-24,-18.288936614990234,-24.62965965270996,
10.668,13.375,17.09844207763672,12.560433387756348,-24.5,-18.647384643554688,-24.919055938720703,
10.678,12.875,16.71543312072754,11.934601783752441,-24.75,-18.981468200683594,-25.18680763244629,
10.688,12.4375,16.143386840820312,10.821195602416992,-24.9375,-19.55756950378418,-25.626293182373047,
10.698,12.4375,15.960705757141113,10.342535018920898,-24.9375,-19.78680992126465,-25.785017013549805,
10.708,12.0625,15.960705757141113,10.342535018920898,-25.125,-19.78680992126465,-25.785017013549805,
10.718,11.4375,15.835606575012207,9.91102123260498,-25.4375,-19.999088287353516,-25.92795181274414,
10.728,11.1875,15.81112003326416,9.563372611999512,-25.5,-20.193923950195312,-26.052114486694336,
10.738,10.9375,15.840559959411621,8.952475547790527,-25.625,-20.5561466217041,-26.267778396606445,
10.748,10.9375,15.89050579071045,8.685413360595703,-25.625,-20.68983268737793,-26.3214168548584,
10.758,10.6875,15.98088550567627,8.45849895477295,-25.6875,-20.830734252929688,-26.376699447631836,
10.768,10.5,15.98088550567627,8.45849895477295,-25.8125,-20.830734252929688,-26.376699447631836,
10.778,10.1875,16.083324432373047,8.24633502960205,-26,-20.987993240356445,-26.446273803710938,
10.788,10.0625,16.30940818786621,7.871025085449219,-26.0625,-21.296192169189453,-26.56877326965332,
10.798,10.0625,16.420852661132812,7.695568084716797,-26.0625,-21.435649871826172,-26.610830307006836,
10.808,9.9375,16.58022117614746,7.568741321563721,-26.125,-21.563678741455078,-26.64154052734375,
10.818,9.875,16.58022117614746,7.568741321563721,-26.1875,-21.563678741455078,-26.64154052734375,
10.828,9.9375,16.763492584228516,7.476542949676514,-26.3125,-21.696218490600586,-26.67595672607422,
10.838,10.0625,17.255352020263672,7.4346699714660645,-26.3125,-21.945722579956055,-26.727643966674805,
10.848,10.0625,17.589080810546875,7.5098137855529785,-26.3125,-22.056346893310547,-26.74217987060547,
10.858,10.25,17.589080810546875,7.5098137855529785,-26.375,-22.056346893310547,-26.74217987060547,
10.868,10.5,17.97938346862793,7.645098686218262,-26.4375,-22.154315948486328,-26.743942260742188,
10.878,11.125,18.528717041015625,7.919605255126953,-26.5625,-22.246912002563477,-26.743846893310547,
10.888,11.4375,19.578577041625977,8.484309196472168,-26.5625,-22.42595672607422,-26.790504455566406,
10.898,11.4375,20.069063186645508,8.776141166687012,-26.5625,-22.521799087524414,-26.840944290161133,
10.908,11.75,20.069063186645508,8.776141166687012,-26.5625,-22.521799087524414,-26.840944290161133,
10.918,12.4375,20.620990753173828,9.138516426086426,-26.4375,-22.533321380615234,-26.797565460205078,
10.928,12.75,21.0333309173584,9.410512924194336,-26.375,-22.446863174438477,-26.645780563354492,
10.938,13.1875,22.03053855895996,10.157084465026855,-26.375,-22.319913864135742,-26.367225646972656,
10.948,13.1875,22.344709396362305,10.437225341796875,-26.375,-22.396928787231445,-26.374916076660156,
10.958,13.5625,22.799535751342773,10.844993591308594,-26.3125,-22.397676467895508,-26.307008743286133,
10.968,14,22.799535751342773,10.844993591308594,-26.25,-22.397676467895508,-26.307008743286133,
10.978,14.9375,23.26688575744629,11.296849250793457,-26,-22.3554744720459,-26.19527816772461,
10.988,15.4375,23.842937469482422,11.961977005004883,-25.8125,-22.174671173095703,-25.89760971069336,
10.998,15.4375,24.218631744384766,12.390219688415527,-25.8125,-22.068950653076172,-25.731067657470703,
11.008,16,24.218631744384766,12.390219688415527,-25.625,-22.068950653076172,-25.731067657470703,
11.018,16.6875,24.81846046447754,13.000266075134277,-25.4375,-21.910837173461914,-25.509538650512695,
11.028,18,25.244346618652344,13.510003089904785,-24.9375,-21.76024627685547,-25.307296752929688,
11.038,18.75,26.629535675048828,15.028706550598145,-24.625,-21.296979904174805,-24.75617027282715,
11.048,18.75,27.03531265258789,15.616722106933594,-24.625,-21.00899887084961,-24.40798568725586,
11.058,19.375,27.579771041870117,16.296945571899414,-24.25,-20.557104110717773,-23.899677276611328,
11.068,20.125,27.579771041870117,16.296945571899414,-23.8125,-20.557104110717773,-23.899677276611328,
11.078,21.625,28.006698608398438,16.904273986816406,-22.9375,-20.183252334594727,-23.46184730529785,
11.088,22.3125,29.049585342407227,18.318470001220703,-22.4375,-19.481185913085938,-22.64596176147461,
11.098,22.3125,29.538434982299805,19.017824172973633,-22.4375,-19.056041717529297,-22.15221405029297,
11.108,23,29.538434982299805,19.017824172973633,-21.9375,-19.056041717529297,-22.15221405029297,
11.118,23.6875,30.055967330932617,19.733842849731445,-21.375,-18.584333419799805,-21.601675033569336,
11.128,24.375,30.484451293945312,20.39979362487793,-20.875,-18.101795196533203,-21.01728630065918,
11.138,25,31.190168380737305,21.614212036132812,-20.3125,-17.27005958557129,-19.968782424926758,
11.148,25.625,31.596403121948242,22.277172088623047,-19.75,-16.829296112060547,-19.389463424682617,
11.158,26.25,31.822118759155273,22.805524826049805,-19.125,-16.4002742767334,-18.804704666137695,
11.168,26.8125,31.822118759155273,22.805524826049805,-18.5625,-16.4002742767334,-18.804704666137695,
11.178,27.3125,32.02265930175781,23.32254409790039,-17.9375,-15.966767311096191,-18.19682502746582,
11.188,27.875,32.4253044128418,23.8031063079834,-17.25,-15.11823558807373,-16.97041893005371,
11.198,28.375,32.60466003417969,24.828296661376953,-16.5625,-14.650372505187988,-16.30689811706543,
11.208,28.9375,32.60466003417969,24.828296661376953,-15.75,-14.650372505187988,-16.30689811706543,
11.218,29.4375,32.7669563293457,25.312349319458008,-15,-14.15306282043457,-15.5964937210083,
11.228,30,32.98329162597656,25.832603454589844,-14.125,-13.599217414855957,-14.830371856689453,
11.238,30.5,33.328468322753906,26.816925048828125,-13.1875,-12.43361759185791,-13.176867485046387,
11.248,31,33.47756576538086,26.816925048828125,-12.1875,-11.763570785522461,-12.220588684082031,
11.258,31.4375,33.47756576538086,27.291189193725586,-11.125,-11.069864273071289,-12.220588684082031,
11.268,31.875,33.6873779296875,27.731725692749023,-10.0625,-10.395359992980957,-10.225708961486816,
11.278,32.3125,33.83692169189453,28.143163681030273,-8.875,-9.650565147399902,-9.133404731750488,
11.288,32.75,33.901405334472656,28.96509552001953,-7.6875,-8.90700626373291,-8.023301124572754,
11.298,33.125,33.93746566772461,29.309680938720703,-6.4375,-8.146031379699707,-6.868277072906494,
11.308,33.4375,33.93746566772461,29.309680938720703,-5.125,-8.146031379699707,-6.868277072906494,
11.318,33.6875,33.9698371887207,29.704509735107422,-3.875,-6.6555495262146,-4.542565822601318,
11.328,33.875,33.9698371887207,29.914688110351562,-2.5625,-6.6555495262146,-4.542565822601318,
11.338,34,33.892879486083984,30.11551284790039,-1.3125,-5.2401862144470215,-3.3050243854522705,
11.348,34.0625,33.691646575927734,30.177587509155273,-0.125,-4.5574116706848145,-2.2172768115997314,
11.358,34.0625,33.53205108642578,30.255529403686523,1,-4.5574116706848145,-1.0636422634124756,
11.368,34.125,33.36528778076172,30.304229736328125,2.1875,-3.910627841949463,0.035655148327350616,
11.378,34.125,33.01628494262695,30.288537979125977,3.375,-2.8210716247558594,2.042086362838745,
11.388,34.0625,33.01628494262695,30.341312408447266,4.625,-2.185058832168579,2.042086362838745,
11.398,34,32.55677795410156,30.244760513305664,5.75,-1.6327415704727173,4.181380271911621,
11.408,33.8125,32.55677795410156,30.244760513305664,6.9375,-1.6327415704727173,4.181380271911621,
11.418,33.5625,32.22739791870117,30.076255798339844,8.0625,-1.0289720296859741,5.241579532623291,
11.428,33.3125,31.877269744873047,29.866437911987305,9.1875,-0.4806850850582123,6.231841087341309,
11.438,33.0625,31.528409957885742,29.636756896972656,10.375,0.08058865368366241,7.226010799407959,
11.448,32.75,31.227325439453125,29.430103302001953,11.5625,1.481026530265808,8.33048152923584,
11.458,32.4375,30.887882232666016,29.179046630859375,12.75,1.481026530265808,9.443272590637207,
11.468,32,30.529964447021484,28.898433685302734,13.875,2.2063803672790527,10.583767890930176,
11.478,31.5625,30.125652313232422,28.558570861816406,14.9375,2.8164854049682617,11.59404182434082,
11.488,31.125,29.618783950805664,28.115882873535156,15.9375,3.4243674278259277,12.590145111083984,
11.498,30.625,29.13768768310547,27.675086975097656,16.9375,3.9943971633911133,13.532858848571777,
11.508,30.125,28.667083740234375,27.230682373046875,17.8125,4.521847248077393,14.41533374786377,
11.518,29.6875,28.22865867614746,26.8032283782959,18.6875,5.051974773406982,15.2692232131958,
11.528,29.1875,27.84358024597168,26.41069221496582,19.5,5.5264363288879395,16.068796157836914,
11.538,28.6875,27.449689865112305,26.003721237182617,20.25,5.957926273345947,16.820404052734375,
11.548,28.125,27.005226135253906,25.550846099853516,20.9375,6.346521377563477,17.50749397277832,
11.558,27.625,26.533403396606445,25.067367553710938,21.625,6.672951698303223,18.10928726196289,
11.568,27.0625,26.05536651611328,24.568761825561523,22.25,6.970559120178223,18.6667537689209,
11.578,26.4375,25.569644927978516,24.055618286132812,22.875,7.321776390075684,19.25491714477539,
11.588,25.8125,25.061931610107422,23.514217376708984,23.5625,7.762841701507568,19.918964385986328,
11.598,25.125,24.554828643798828,22.959110260009766,24.1875,8.163503646850586,20.542606353759766,
11.608,24.4375,23.987085342407227,22.355945587158203,24.75,8.516153335571289,21.108779907226562,
11.618,23.6875,23.378501892089844,21.70181655883789,25.3125,8.852774620056152,21.633834838867188,
11.628,23,22.76191520690918,21.037351608276367,25.875,9.187079429626465,22.14449691772461,
11.638,22.1875,22.137889862060547,20.359689712524414,26.375,9.533099174499512,22.648269653320312,
11.648,21.4375,21.470781326293945,19.638587951660156,26.875,9.893882751464844,23.146770477294922,
11.658,20.5625,20.81532859802246,18.909656524658203,27.375,10.234939575195312,23.62798500061035,
11.668,19.75,20.155576705932617,18.168699264526367,27.875,10.590531349182129,24.107622146606445,
11.678,18.9375,19.481382369995117,17.406923294067383,28.3125,10.939226150512695,24.57732391357422,
11.688,18.0625,18.770618438720703,16.605880737304688,28.6875,11.19180965423584,24.966524124145508,
11.698,17.1875,18.08078956604004,15.815531730651855,29,11.438763618469238,25.328920364379883,
11.708,16.3125,17.388845443725586,15.02499771118164,29.25,11.638066291809082,25.633651733398438,
11.718,15.4375,16.664880752563477,14.207087516784668,29.4375,11.790613174438477,25.882678985595703,
11.728,14.625,15.976909637451172,13.419428825378418,29.5625,11.918608665466309,26.10063362121582,
11.738,13.75,15.26546859741211,12.620061874389648,29.625,11.971748352050781,26.23397445678711,
11.748,12.875,14.53476333618164,11.809152603149414,29.625,11.964487075805664,26.298009872436523,
11.758,12,13.785113334655762,10.985471725463867,29.5625,11.898279190063477,26.29566192626953,
11.768,11.0625,13.033523559570312,10.158211708068848,29.4375,11.789887428283691,26.244199752807617,
11.778,10.125,12.266398429870605,9.319230079650879,29.25,11.636980056762695,26.137741088867188,
11.788,9.1875,11.400758743286133,8.39544677734375,29.0625,11.352224349975586,25.880573272705078,
11.798,8.25,10.682306289672852,7.589004993438721,28.875,11.277512550354004,25.8011474609375,
11.808,7.3125,9.851141929626465,6.7078962326049805,28.6875,11.081923484802246,25.592073440551758,
11.818,6.4375,9.016870498657227,5.827080726623535,28.5625,10.951560974121094,25.418981552124023,
11.828,5.5625,8.246451377868652,5.009040355682373,28.4375,10.874168395996094,25.29965591430664,
11.838,4.6875,7.389173984527588,4.129678726196289,28.3125,10.767199516296387,25.136478424072266,
11.848,3.75,6.549120903015137,3.275355339050293,28.125,10.668808937072754,24.98866081237793,
11.858,2.875,5.731559753417969,2.4509470462799072,27.875,10.556670188903809,24.82461929321289,
11.868,2,4.930444240570068,1.6482452154159546,27.625,10.398832321166992,24.617652893066406,
11.878,1.125,4.059442520141602,0.802661120891571,27.3125,10.202617645263672,24.374744415283203,
11.888,0.25,3.226500988006592,-0.004800975322723389,26.875,9.964205741882324,24.090723037719727,
11.898,-0.5625,2.3515851497650146,-0.8356433510780334,26.375,9.618376731872559,23.695899963378906,
11.908,-1.4375,1.4845399856567383,-1.6553852558135986,25.875,9.226490020751953,23.25182342529297,
11.918,-2.3125,0.6197144985198975,-2.4650228023529053,25.25,8.804548263549805,22.779293060302734,
11.928,-3.1875,-0.2897506654262543,-3.3075103759765625,24.625,8.303536415100098,22.220712661743164,
11.938,-4.125,-1.207656979560852,-4.1493306159973145,23.9375,7.764469623565674,21.618244171142578,
11.948,-5,-2.14023756980896,-4.99852180480957,23.25,7.151498317718506,20.922163009643555,
11.958,-5.9375,-3.0531997680664062,-5.83099889755249,22.5625,6.5500946044921875,20.226835250854492,
11.968,-6.75,-4.006718158721924,-6.696722030639648,21.875,5.992137908935547,19.55653953552246,
11.978,-7.625,-4.971279621124268,-7.580844879150391,21.25,5.4809112548828125,18.901294708251953,
11.988,-8.4375,-5.838768005371094,-8.37533950805664,20.5625,4.997925281524658,18.284841537475586,
11.998,-9.1875,-6.695004463195801,-9.147870063781738,19.875,4.484707832336426,17.651952743530273,
12.008,-9.9375,-7.510873794555664,-9.875045776367188,19.125,3.981229305267334,17.038890838623047,
12.018,-10.6875,-8.312061309814453,-10.576922416687012,18.25,3.4100422859191895,16.370527267456055,
12.028,-11.4375,-9.162046432495117,-11.308731079101562,17.375,2.709977388381958,15.57496452331543,
12.038,-12.125,-9.977880477905273,-11.997819900512695,16.3125,1.9173561334609985,14.692956924438477,
12.048,-12.8125,-10.815103530883789,-12.691315650939941,15.25,1.063665747642517,13.749629974365234,
12.058,-13.5625,-11.64150333404541,-13.365340232849121,14.1875,0.18780699372291565,12.779423713684082,
12.068,-14.25,-12.468838691711426,-14.031858444213867,13.0625,-0.7126724123954773,11.776237487792969,
12.078,-14.875,-13.288996696472168,-14.683810234069824,11.9375,-1.6458914279937744,10.732433319091797,
12.088,-15.5625,-14.11702823638916,-15.335976600646973,10.75,-2.635875701904297,9.623733520507812,
12.098,-16.1875,-14.948386192321777,-15.98597526550293,9.625,-3.596196174621582,8.539092063903809,
12.108,-16.8125,-15.762321472167969,-16.612545013427734,8.4375,-4.539044380187988,7.467679977416992,
12.118,-17.375,-16.556615829467773,-17.219310760498047,7.3125,-5.487091064453125,6.387002944946289,
12.128,-17.9375,-17.310266494750977,-17.784801483154297,6.125,-6.455901622772217,5.304337501525879,
12.138,-18.4375,-18.04668426513672,-18.321531295776367,4.875,-7.466945171356201,4.201089382171631,
12.148,-19,-18.813161849975586,-18.87204933166504,3.5625,-8.587380409240723,3.005830764770508,
12.158,-19,-19.55110740661621,-19.398509979248047,3.5625,-9.730775833129883,1.763715386390686,
12.168,-19.625,-20.29555320739746,-19.91460418701172,2.1875,-10.907915115356445,0.49893996119499207,
12.178,-20.875,-21.064132690429688,-20.453330993652344,-0.5,-12.019888877868652,-0.7355897426605225,
12.188,-21.5,-21.975757598876953,-21.114288330078125,-1.875,-13.226754188537598,-2.0614023208618164,
12.198,-22.0625,-22.847795486450195,-21.753746032714844,-3.25,-14.45920181274414,-3.421226978302002,
12.208,-22.0625,-23.657705307006836,-22.32978057861328,-3.25,-15.674661636352539,-4.770313262939453,
12.218,-22.625,-24.476802825927734,-22.907901763916016,-4.625,-16.86424446105957,-6.102310657501221,
12.228,-23.5,-25.199447631835938,-23.424421310424805,-7.3125,-17.941303253173828,-7.361852169036865,
12.238,-23.875,-25.878223419189453,-23.88102149963379,-8.5,-19.003725051879883,-8.6162691116333,
12.248,-24.125,-26.36063575744629,-24.186485290527344,-9.625,-19.96476173400879,-9.808125495910645,
12.258,-24.125,-26.858219146728516,-24.46879768371582,-9.625,-20.922332763671875,-10.96441650390625,
12.268,-24.0625,-27.039836883544922,-24.531681060791016,-10.4375,-21.549623489379883,-11.88127326965332,
12.278,-23.5625,-27.000823974609375,-24.398717880249023,-11.375,-21.8419132232666,-12.557499885559082,
12.288,-23.25,-27.04871368408203,-24.270263671875,-11.75,-22.191768646240234,-13.195340156555176,
12.298,-22.9375,-26.931556701660156,-23.964954376220703,-12.0625,-22.29127311706543,-13.57872200012207,
12.308,-22.9375,-26.56825065612793,-23.456998825073242,-12.0625,-22.20387077331543,-13.735331535339355,
12.318,-22.75,-26.41604232788086,-23.10454559326172,-12.4375,-22.149477005004883,-13.90855598449707,
12.328,-22.5,-26.593536376953125,-23.038694381713867,-13.25,-22.37014389038086,-14.328445434570312,
12.338,-22.375,-26.84600830078125,-23.0770320892334,-13.625,-22.66074562072754,-14.822090148925781,
12.348,-22.1875,-26.858678817749023,-22.933454513549805,-14,-22.76714515686035,-15.109270095825195,
12.358,-22.1875,-26.868587493896484,-22.778419494628906,-14,-22.932720184326172,-15.450684547424316,
12.368,-21.875,-26.85718536376953,-22.61745834350586,-14.3125,-23.12702178955078,-15.834939002990723,
12.378,-21.25,-26.67923355102539,-22.30662727355957,-14.9375,-23.29167366027832,-16.163299560546875,
12.388,-20.9375,-26.446849822998047,-21.927841186523438,-15.375,-23.406686782836914,-16.421945571899414,
12.398,-20.625,-26.199588775634766,-21.543123245239258,-15.75,-23.509662628173828,-16.682491302490234,
12.408,-20.625,-26.04427719116211,-21.234722137451172,-15.75,-23.6688232421875,-16.999744415283203,
12.418,-20.25,-25.97630500793457,-21.00571632385254,-16.125,-23.970645904541016,-17.464662551879883,
12.428,-19.375,-25.789676666259766,-20.68231964111328,-17,-24.266395568847656,-17.91424560546875,
12.438,-18.75,-25.498092651367188,-20.258750915527344,-17.4375,-24.524721145629883,-18.315040588378906,
12.448,-18.125,-25.07714080810547,-19.717031478881836,-17.9375,-24.781044006347656,-18.69184684753418,
12.458,-18.125,-24.646568298339844,-19.145689010620117,-17.9375,-25.054094314575195,-19.09185218811035,
12.468,-17.375,-24.124340057373047,-18.501705169677734,-18.4375,-25.395511627197266,-19.55364418029785,
12.478,-15.625,-23.455612182617188,-17.7310791015625,-19.5,-25.797748565673828,-20.06861686706543,
12.488,-14.625,-22.742033004760742,-16.88996124267578,-20.0625,-26.180269241333008,-20.565025329589844,
12.498,-13.5625,-21.959510803222656,-15.97595500946045,-20.625,-26.58684539794922,-21.078901290893555,
12.508,-13.5625,-21.118366241455078,-14.988273620605469,-20.625,-27.031139373779297,-21.62548065185547,
12.518,-12.375,-20.15973663330078,-13.903242111206055,-21.1875,-27.504911422729492,-22.179157257080078,
12.528,-9.875,-19.129150390625,-12.736833572387695,-22.375,-27.99441909790039,-22.74146270751953,
12.538,-8.5625,-18.060638427734375,-11.512789726257324,-22.9375,-28.48182487487793,-23.30371856689453,
12.548,-7.25,-16.966434478759766,-10.249065399169922,-23.5625,-28.998701095581055,-23.880516052246094,
12.558,-7.25,-15.911473274230957,-9.009136199951172,-23.5625,-29.528013229370117,-24.46361541748047,
12.568,-5.875,-14.850261688232422,-7.757683753967285,-24.1875,-30.072731018066406,-25.038288116455078,
12.578,-3.0625,-13.651938438415527,-6.409610271453857,-25.375,-30.586210250854492,-25.583030700683594,
12.588,-1.625,-12.485679626464844,-5.07362699508667,-25.8125,-31.122943878173828,-26.138683319091797,
12.598,-0.1875,-11.256942749023438,-3.6881237030029297,-26,-31.580326080322266,-26.668848037719727,
12.608,-0.1875,-10.10704231262207,-2.3658225536346436,-26,-31.988765716552734,-27.174205780029297,
12.618,1.125,-8.984259605407715,-1.081910252571106,-26.0625,-32.174705505371094,-27.470012664794922,
12.628,3.75,-7.799692153930664,0.21735109388828278,-25.8125,-32.08340835571289,-27.459667205810547,
12.638,4.875,-6.787455081939697,1.3424828052520752,-25.6875,-31.807483673095703,-27.24431610107422,
12.648,5.875,-5.530273914337158,2.599715232849121,-25.5625,-31.589338302612305,-27.066471099853516,
12.658,5.875,-4.537137508392334,3.6276493072509766,-25.5625,-31.526309967041016,-27.05343246459961,
12.668,6.8125,-3.4706485271453857,4.671321868896484,-25.375,-31.4765625,-27.05946922302246,
12.678,8.25,-2.7186954021453857,5.444260597229004,-24.9375,-31.26302146911621,-26.894607543945312,
12.688,8.9375,-2.1346981525421143,6.038263320922852,-24.75,-30.96234130859375,-26.641374588012695,
12.698,9.6875,-1.5004478693008423,6.624740123748779,-24.625,-30.62701416015625,-26.350072860717773,
12.708,9.6875,-0.7576967477798462,7.271485328674316,-24.625,-30.44780731201172,-26.219600677490234,
12.718,10.5,0.2001640796661377,8.076926231384277,-24.4375,-30.301883697509766,-26.135812759399414,
12.728,12.0625,1.0285899639129639,8.807421684265137,-23.9375,-30.119264602661133,-26.0341854095459,
12.738,12.8125,2.048901319503784,9.693037033081055,-23.625,-29.78816032409668,-25.792072296142578,
12.748,13.625,2.756939172744751,10.360685348510742,-23.25,-29.4295654296875,-25.52263832092285,
12.758,13.625,3.57820200920105,11.114584922790527,-23.25,-28.99669647216797,-25.161724090576172,
12.768,14.3125,4.29767370223999,11.785825729370117,-22.9375,-28.583454132080078,-24.801279067993164,
12.778,15.5,5.071427345275879,12.501675605773926,-22.375,-28.24544906616211,-24.508203506469727,
12.788,15.9375,5.879026412963867,13.232681274414062,-22.1875,-27.971940994262695,-24.28121566772461,
12.798,16.3125,6.433892726898193,13.759048461914062,-22,-27.778226852416992,-24.129863739013672,
12.808,16.3125,6.8102946281433105,14.109626770019531,-22,-27.512643814086914,-23.9019718170166,
12.818,16.5625,7.094762325286865,14.36020565032959,-21.8125,-27.248205184936523,-23.672452926635742,
12.828,16.9375,7.348135948181152,14.55051326751709,-21.625,-27.03207778930664,-23.499832153320312,
12.838,17.125,7.646111488342285,14.757909774780273,-21.5625,-26.940929412841797,-23.466087341308594,
12.848,17.25,7.960473537445068,14.962627410888672,-21.5,-26.85294532775879,-23.448760986328125,
12.858,17.25,8.204643249511719,15.105249404907227,-21.5,-26.72743034362793,-23.399681091308594,
12.868,17.4375,8.395898818969727,15.195987701416016,-21.375,-26.519939422607422,-23.27099609375,
12.878,17.5625,8.597908020019531,15.287946701049805,-21.3125,-26.313880920410156,-23.148181915283203,
12.888,17.75,8.874768257141113,15.427764892578125,-21.25,-26.134632110595703,-23.05781364440918,
12.898,17.8125,9.153569221496582,15.558712005615234,-21.25,-26.003582000732422,-23.02170181274414,
12.908,17.8125,9.410637855529785,15.65355110168457,-21.25,-25.880165100097656,-23.00101661682129,
12.918,17.75,9.567771911621094,15.645546913146973,-21.25,-25.76512908935547,-22.99726676940918,
12.928,17.625,9.658108711242676,15.556196212768555,-21.375,-25.664628982543945,-23.017009735107422,
12.938,17.1875,9.668211936950684,15.373991966247559,-21.6875,-25.623451232910156,-23.10340690612793,
12.948,16.875,9.644819259643555,15.134255409240723,-21.9375,-25.614307403564453,-23.232131958007812,
12.958,16.875,9.603671073913574,14.847430229187012,-21.9375,-25.63287925720215,-23.40040397644043,
12.968,16.5,9.491619110107422,14.466950416564941,-22.1875,-25.696870803833008,-23.629972457885742,
12.978,16.0625,9.32332706451416,13.99620246887207,-22.5,-25.76642608642578,-23.8868465423584,
12.988,15.0625,9.11803913116455,13.441486358642578,-23.0625,-25.821861267089844,-24.155941009521484,
12.998,14.5625,8.923507690429688,12.826351165771484,-23.375,-25.852346420288086,-24.429201126098633,
13.008,14.5625,8.739567756652832,12.145069122314453,-23.375,-25.867727279663086,-24.71764373779297,
13.018,13.9375,8.636791229248047,11.44328498840332,-23.75,-25.845991134643555,-24.999000549316406,
13.028,13.3125,8.54667854309082,10.659420013427734,-24.0625,-25.810327529907227,-25.291242599487305,
13.038,11.6875,8.499073028564453,9.800313949584961,-24.8125,-25.774925231933594,-25.606735229492188,
13.048,10.6875,8.527416229248047,8.885435104370117,-25.25,-25.72951889038086,-25.9222412109375,
13.058,10.6875,8.55555534362793,7.847221374511719,-25.25,-25.684520721435547,-26.230255126953125,
13.068,9.625,8.427119255065918,6.538085460662842,-25.6875,-25.699615478515625,-26.58072853088379,
13.078,8.375,8.255859375,5.027494430541992,-26.125,-25.76034164428711,-26.95225715637207,
13.088,7,8.26008415222168,3.453740358352661,-26.5,-25.83619499206543,-27.29996109008789,
13.098,5.4375,8.514201164245605,1.8457891941070557,-26.875,-25.970142364501953,-27.631511688232422,
13.108,3.6875,8.888529777526855,0.07784756273031235,-27.1875,-26.226150512695312,-27.980566024780273,
13.118,1.8125,9.389425277709961,-1.8013296127319336,-27.375,-26.47748565673828,-28.180740356445312,
13.128,-0.125,9.895585060119629,-3.775024652481079,-27.375,-26.834009170532227,-28.315744400024414,
13.138,-2.0625,10.458024978637695,-5.672723770141602,-27.0625,-26.851184844970703,-27.920536041259766,
13.148,-4,11.15997314453125,-7.370795249938965,-26.5,-26.832216262817383,-27.352386474609375,
13.158,-5.8125,11.716075897216797,-9.05532455444336,-25.8125,-26.862749099731445,-26.642574310302734,
13.168,-7.5625,11.996840476989746,-10.854711532592773,-25,-27.06022834777832,-25.923370361328125,
13.178,-9.1875,12.35563850402832,-12.495431900024414,-24.0625,-27.22359275817871,-25.02328109741211,
13.188,-10.6875,12.268526077270508,-14.331033706665039,-22.9375,-27.271039962768555,-23.865034103393555,
13.198,-12.0625,12.513463020324707,-15.732531547546387,-21.75,-27.41593360900879,-22.605695724487305,
13.208,-13.375,12.840888023376465,-16.905683517456055,-20.4375,-27.4632625579834,-21.182727813720703,
13.218,-14.5,13.0089111328125,-18.037639617919922,-19,-27.729631423950195,-19.84579849243164,
13.228,-15.5,12.861411094665527,-19.265897750854492,-17.5625,-27.902841567993164,-18.331499099731445,
13.238,-16.375,12.726736068725586,-20.29534912109375,-16.125,-28.016647338867188,-16.648311614990234,
13.248,-17.1875,12.831446647644043,-20.945236206054688,-14.625,-28.19134521484375,-14.982527732849121,
13.258,-17.8125,12.871827125549316,-21.470556259155273,-13.125,-28.562685012817383,-13.442787170410156,
13.268,-18.375,12.534666061401367,-22.148399353027344,-11.625,-28.738948822021484,-11.719708442687988,
13.278,-18.75,12.141485214233398,-22.703157424926758,-10.0625,-28.84646987915039,-9.906700134277344,
13.288,-19.0625,11.90467643737793,-22.948413848876953,-8.5625,-29.065948486328125,-8.172710418701172,
13.298,-19.25,11.74606704711914,-22.963682174682617,-7.0625,-29.373836517333984,-6.577519416809082,
13.308,-19.375,11.398334503173828,-22.995576858520508,-5.5,-29.54084587097168,-4.902041435241699,
13.318,-19.3125,11.117080688476562,-22.834606170654297,-4.0625,-29.8199462890625,-3.361440420150757,
13.328,-19.1875,10.702850341796875,-22.637344360351562,-2.625,-29.869396209716797,-1.6702849864959717,
13.338,-18.9375,10.337445259094238,-22.280689239501953,-1.125,-29.888086318969727,-0.03383864462375641,
13.348,-18.625,9.892805099487305,-21.844905853271484,0.1875,-30.00949478149414,1.4139435291290283,
13.358,-18.25,9.574457168579102,-21.21452522277832,1.5625,-30.127065658569336,2.7601492404937744,
13.368,-17.75,9.084590911865234,-20.625444412231445,2.9375,-30.000320434570312,4.235663414001465,
13.378,-17.125,8.607388496398926,-19.939809799194336,4.1875,-29.805917739868164,5.692524433135986,
13.388,-16.4375,8.182231903076172,-19.100811004638672,5.5,-29.639623641967773,6.990302562713623,
13.398,-15.75,7.703593730926514,-18.231536865234375,6.75,-29.416532516479492,8.200855255126953,
13.408,-14.875,7.260076522827148,-17.275531768798828,7.9375,-29.172595977783203,9.329041481018066,
13.418,-14,6.888330936431885,-16.19365692138672,9,-28.863296508789062,10.414806365966797,
13.428,-13,6.475060939788818,-15.098518371582031,10.125,-28.314254760742188,11.586885452270508,
13.438,-11.875,6.084988117218018,-13.930388450622559,11.1875,-27.832067489624023,12.566301345825195,
13.448,-10.75,5.625328063964844,-12.771390914916992,12.1875,-27.290285110473633,13.483169555664062,
13.458,-9.5625,5.382774353027344,-11.403532981872559,13.125,-26.644315719604492,14.374356269836426,
13.468,-8.25,5.118697643280029,-10.02301025390625,14.0625,-25.93816375732422,15.196708679199219,
13.478,-6.875,4.909642219543457,-8.575092315673828,14.875,-25.182823181152344,15.957469940185547,
13.488,-5.4375,4.653594017028809,-7.147308349609375,15.6875,-24.28681755065918,16.70718765258789,
13.498,-3.9375,4.515081405639648,-5.60575008392334,16.5,-23.372407913208008,17.359819412231445,
13.508,-2.375,4.513139247894287,-3.943072557449341,17.1875,-22.468957901000977,17.879737854003906,
13.518,-0.75,4.415765285491943,-2.3627729415893555,17.875,-21.449617385864258,18.383792877197266,
13.528,0.9375,4.48532772064209,-0.6503167152404785,18.5,-20.287124633789062,18.920141220092773,
13.538,2.6875,4.706398963928223,1.1877152919769287,19,-19.152629852294922,19.315704345703125,
13.548,4.5625,4.9543914794921875,3.0330255031585693,19.5,-17.890981674194336,19.698938369750977,
13.558,6.5,5.198111057281494,4.864767074584961,20,-16.616392135620117,19.974468231201172,
13.568,8.5,5.574378967285156,6.784472942352295,20.375,-15.283528327941895,20.20880889892578,
13.578,10.5625,6.161492824554443,8.85294246673584,20.75,-13.876531600952148,20.396989822387695,
13.588,12.6875,6.804728984832764,10.943366050720215,21.0625,-12.326539993286133,20.60768699645996,
13.598,14.9375,7.560209274291992,13.098437309265137,21.3125,-10.707133293151855,20.7899112701416,
13.608,17.1875,8.378594398498535,15.28714656829834,21.4375,-9.049033164978027,20.891433715820312,
13.618,19.5,9.175106048583984,17.435321807861328,21.5,-7.429048538208008,20.843564987182617,
13.628,21.875,10.64522933959961,20.084856033325195,21.4375,-5.073328971862793,21.467641830444336,
13.638,23.9375,11.48645305633545,22.33233070373535,20.9375,-3.4741170406341553,21.261423110961914,
13.648,25.5,12.055956840515137,24.319765090942383,19.8125,-2.15171217918396,20.763599395751953,
13.658,26.75,12.403908729553223,25.978179931640625,18.1875,-1.2735860347747803,19.780929565429688,
13.668,27.6875,12.954428672790527,27.64771270751953,16.0625,-0.6921222805976868,18.481624603271484,
13.678,28.1875,12.280302047729492,28.172019958496094,13.625,-0.8412994146347046,16.337444305419922,
13.688,28.25,11.139513969421387,28.13707733154297,11,-1.489822268486023,13.621780395507812,
13.698,28.4375,10.730754852294922,28.39951515197754,8.5,-1.8674538135528564,11.176543235778809,
13.708,28.5625,10.43278694152832,28.58647918701172,6,-2.3130502700805664,8.705706596374512,
13.718,28.5625,10.48052978515625,28.91578483581543,3.375,-3.20967698097229,5.853799819946289,
13.728,28.5625,10.38344669342041,28.959306716918945,0.8125,-3.855902671813965,3.2324507236480713,
13.738,28.5,10.368199348449707,28.91279411315918,-1.6875,-4.541938781738281,0.6753052473068237,
13.748,28.3125,10.140625953674316,28.562442779541016,-4.25,-5.326881408691406,-1.9278233051300049,
13.758,28.125,10.324454307556152,28.41547393798828,-6.8125,-6.265750885009766,-4.596848487854004,
13.768,27.8125,10.773059844970703,28.373485565185547,-9.3125,-7.18130350112915,-7.179592609405518,
13.778,27.375,11.120689392089844,28.11778450012207,-11.875,-8.18735408782959,-9.76778793334961,
13.788,26.625,11.211408615112305,27.5993709564209,-14.1875,-9.166061401367188,-12.296002388000488,
13.798,25.5,10.94786548614502,26.72799301147461,-16.1875,-10.130752563476562,-14.706751823425293,
13.808,24.125,10.805206298828125,25.83285140991211,-17.875,-11.093151092529297,-16.915969848632812,
13.818,22.5625,10.092814445495605,24.405006408691406,-19.375,-11.539220809936523,-18.412797927856445,
13.828,20.6875,9.11048698425293,22.774211883544922,-20.5625,-11.656874656677246,-19.407621383666992,
13.838,18.8125,7.906198501586914,20.867277145385742,-21.6875,-12.08236026763916,-20.52978515625,
13.848,17,6.907127857208252,19.104520797729492,-22.875,-12.650816917419434,-21.61810874938965,
13.858,15.25,5.746337413787842,17.282896041870117,-23.9375,-13.667291641235352,-23.028545379638672,
13.868,13.75,4.739718437194824,15.69591236114502,-24.9375,-14.701151847839355,-24.242023468017578,
13.878,12.5,3.876246929168701,14.370118141174316,-25.625,-15.405023574829102,-25.059179306030273,
13.888,11.3125,2.9312171936035156,13.151100158691406,-25.9375,-16.06632423400879,-25.779865264892578,
13.898,10.4375,2.02703857421875,12.073884010314941,-26,-16.33709716796875,-26.06729507446289,
13.908,9.875,1.3444252014160156,11.272050857543945,-25.9375,-16.40009880065918,-26.068689346313477,
13.918,9.4375,0.6421221494674683,10.537126541137695,-25.8125,-16.054903030395508,-25.59598159790039,
13.928,9.25,0.14316700398921967,10.022747039794922,-25.8125,-16.085323333740234,-25.434144973754883,
13.938,9.1875,-0.03574999421834946,9.81236457824707,-25.9375,-16.607194900512695,-25.75534439086914,
13.948,9.125,-0.09399597346782684,9.751776695251465,-26,-17.017494201660156,-26.01604461669922,
13.958,9.25,-0.2679656744003296,9.61195182800293,-26.0625,-17.205236434936523,-26.051477432250977,
13.968,9.375,-0.40828293561935425,9.521924018859863,-26,-17.32306671142578,-26.036373138427734,
13.978,9.5625,-0.49621811509132385,9.486795425415039,-25.875,-17.26581382751465,-25.866779327392578,
13.988,9.8125,-0.34970754384994507,9.661648750305176,-25.625,-17.21238899230957,-25.703575134277344,
13.998,10.0625,-0.21673578023910522,9.838254928588867,-25.5,-17.221155166625977,-25.548236846923828,
14.008,10.4375,-0.023483172059059143,10.08779239654541,-25.4375,-17.318241119384766,-25.459806442260742,
14.018,10.8125,0.20070892572402954,10.380351066589355,-25.4375,-17.50231170654297,-25.43892478942871,
14.028,11.25,0.368976891040802,10.66428279876709,-25.5,-17.75558853149414,-25.487531661987305,
14.038,11.625,0.5903828144073486,11.011308670043945,-25.4375,-17.957475662231445,-25.520633697509766,
14.048,12.125,0.7942915558815002,11.358407974243164,-25.3125,-18.16672134399414,-25.563884735107422,
14.058,12.5,0.883037269115448,11.632162094116211,-25.125,-18.25465965270996,-25.47470474243164,
14.068,13,0.9702865481376648,11.900675773620605,-24.875,-18.342037200927734,-25.3704833984375,
14.078,13.5625,1.0961905717849731,12.204421043395996,-24.625,-18.274673461914062,-25.11481285095215,
14.088,14.125,1.4035669565200806,12.650884628295898,-24.375,-18.324241638183594,-24.96312713623047,
14.098,14.75,1.7650127410888672,13.15575122833252,-24.125,-18.383176803588867,-24.82482147216797,
14.108,15.4375,2.222626209259033,13.743206024169922,-23.875,-18.429458618164062,-24.676719665527344,
14.118,16.125,2.67155122756958,14.335287094116211,-23.5625,-18.47602081298828,-24.520532608032227,
14.128,16.75,3.1080682277679443,14.918694496154785,-23.1875,-18.457307815551758,-24.295347213745117,
14.138,17.4375,3.527503490447998,15.49555778503418,-22.75,-18.295835494995117,-23.95377540588379,
14.148,18.0625,3.9331471920013428,16.06158447265625,-22.3125,-18.131977081298828,-23.57697296142578,
14.158,18.75,4.351789951324463,16.640586853027344,-21.875,-17.9886474609375,-23.199932098388672,
14.168,18.75,4.8057475090026855,17.242237091064453,-21.875,-17.848114013671875,-22.820676803588867,
14.178,19.375,5.275633811950684,17.854307174682617,-21.375,-17.7038516998291,-22.423770904541016,
14.188,20.6875,5.703547954559326,18.44951820373535,-20.4375,-17.58416175842285,-22.031845092773438,
14.198,21.3125,6.112813472747803,19.02492904663086,-19.875,-17.47825050354004,-21.650379180908203,
14.208,21.875,6.519473075866699,19.591524124145508,-19.3125,-17.36829948425293,-21.2532901763916,
14.218,21.875,6.898613929748535,20.12374496459961,-19.3125,-17.226993560791016,-20.815521240234375,
14.228,22.5,7.240525722503662,20.621524810791016,-18.75,-16.992061614990234,-20.2730712890625,
14.238,23.6875,7.641745567321777,21.159910202026367,-17.5,-16.790266036987305,-19.75628089904785,
14.248,24.25,8.086949348449707,21.729076385498047,-16.875,-16.621557235717773,-19.277318954467773,
14.258,24.8125,8.514623641967773,22.279741287231445,-16.125,-16.397409439086914,-18.73417854309082,
14.268,24.8125,8.916763305664062,22.798023223876953,-16.125,-16.139461517333984,-18.142127990722656,
14.278,25.375,9.319905281066895,23.30928611755371,-15.375,-15.838356018066406,-17.500564575195312,
14.288,26.5,9.769688606262207,23.844411849975586,-13.75,-15.479839324951172,-16.810197830200195,
14.298,27.0625,10.233746528625488,24.38397979736328,-12.9375,-15.147245407104492,-16.127134323120117,
14.308,27.5625,10.692319869995117,24.913047790527344,-12,-14.79690170288086,-15.415298461914062,
14.318,27.5625,11.173027038574219,25.44875144958496,-12,-14.432561874389648,-14.67628288269043,
14.328,28.0625,11.659178733825684,25.98309326171875,-11.125,-14.036412239074707,-13.897870063781738,
14.338,28.9375,12.096465110778809,26.47398567199707,-9.125,-13.610504150390625,-13.083366394042969,
14.348,29.25,12.509416580200195,26.92517852783203,-8.125,-13.145989418029785,-12.211210250854492,
14.358,29.5625,12.809996604919434,27.260581970214844,-7.0625,-12.666169166564941,-11.304364204406738,
14.368,29.5625,13.102859497070312,27.566593170166016,-7.0625,-12.191761016845703,-10.40058708190918,
14.378,29.875,13.430191993713379,27.885644912719727,-6,-11.689383506774902,-9.464286804199219,
14.388,30.375,13.777368545532227,28.20730209350586,-3.875,-11.201030731201172,-8.53137493133545,
14.398,30.5625,14.120318412780762,28.506818771362305,-2.75,-10.712076187133789,-7.603019714355469,
14.408,30.75,14.433882713317871,28.76428985595703,-1.625,-10.208575248718262,-6.663800239562988,
14.418,30.75,14.708428382873535,28.968223571777344,-1.625,-9.657357215881348,-5.672030448913574,
14.428,30.8125,14.948248863220215,29.13115692138672,-0.5,-9.082414627075195,-4.655187129974365,
14.438,30.9375,15.178223609924316,29.266233444213867,1.6875,-8.481468200683594,-3.6201722621917725,
14.448,30.9375,15.408641815185547,29.383636474609375,2.8125,-7.902689456939697,-2.6093525886535645,
14.458,30.875,15.617949485778809,29.46450424194336,3.9375,-7.324004173278809,-1.6071007251739502,
14.468,30.875,15.819768905639648,29.515905380249023,3.9375,-6.713189601898193,-0.5765323638916016,
14.478,30.8125,15.98637580871582,29.52645492553711,5.0625,-6.080361366271973,0.4703545570373535,
14.488,30.4375,16.104677200317383,29.482097625732422,7.25,-5.4696784019470215,1.479874849319458,
14.498,30.25,16.21128273010254,29.40357208251953,8.25,-4.874679088592529,2.465888500213623,
14.508,30,16.29498291015625,29.287240982055664,9.3125,-4.290857315063477,3.4273746013641357,
14.518,30,16.35358428955078,29.134693145751953,9.3125,-3.6948447227478027,4.384066581726074,
14.528,29.75,16.420398712158203,28.97528839111328,10.25,-3.090639352798462,5.333889961242676,
14.538,29.1875,16.493330001831055,28.81034278869629,12.1875,-2.4942705631256104,6.2656145095825195,
14.548,28.875,16.539443969726562,28.61595916748047,13.125,-1.899595856666565,7.169476509094238,
14.558,28.5625,16.574230194091797,28.40465545654297,14,-1.3158104419708252,8.041471481323242,
14.568,28.5625,16.61806869506836,28.186107635498047,14,-0.7273820638656616,8.899532318115234,
14.578,28.1875,16.62398910522461,27.933252334594727,14.875,-0.1486586630344391,9.7293119430542,
14.588,27.3125,16.54603385925293,27.60670280456543,16.5,0.45333996415138245,10.554009437561035,
14.598,26.875,16.467872619628906,27.269027709960938,17.25,1.0455843210220337,11.34545612335205,
14.608,26.4375,16.40172576904297,26.934423446655273,18.0625,1.6243597269058228,12.097710609436035,
14.618,26.4375,16.316251754760742,26.57806396484375,18.0625,2.2240970134735107,12.857939720153809,
14.628,26,16.216304779052734,26.20578956604004,18.75,2.83479905128479,13.615201950073242,
14.638,25.0625,16.119367599487305,25.835079193115234,20.125,3.4322099685668945,14.343008041381836,
14.648,24.625,16.033065795898438,25.474510192871094,20.75,4.007537841796875,15.027271270751953,
14.658,24.125,15.911239624023438,25.089658737182617,21.375,4.555342674255371,15.669395446777344,
14.668,24.125,15.772826194763184,24.684751510620117,21.375,5.107336044311523,16.293113708496094,
14.678,23.625,15.601235389709473,24.25432586669922,21.9375,5.653227806091309,16.89329719543457,
14.688,22.625,15.425302505493164,23.817214965820312,23,6.187204837799072,17.468074798583984,
14.698,22.1875,15.274317741394043,23.39917755126953,23.5,6.691932201385498,18.005598068237305,
14.708,21.6875,15.130529403686523,22.988941192626953,23.9375,7.189194202423096,18.525482177734375,
14.718,21.6875,14.973941802978516,22.572851181030273,23.9375,7.698416709899902,19.048635482788086,
14.728,21.25,14.833969116210938,22.176067352294922,24.375,8.167579650878906,19.52242660522461,
14.738,20.3125,14.68812084197998,21.782957077026367,25.125,8.614368438720703,19.956857681274414,
14.748,19.875,14.50279712677002,21.365129470825195,25.4375,9.047353744506836,20.361173629760742,
14.758,19.4375,14.312333106994629,20.948204040527344,25.8125,9.460975646972656,20.731504440307617,
14.768,19.4375,14.122295379638672,20.539310455322266,25.8125,9.872535705566406,21.082448959350586,
14.778,19,13.923294067382812,20.12921905517578,26.125,10.301275253295898,21.437984466552734,
14.788,18.125,13.734716415405273,19.733341217041016,26.6875,10.723859786987305,21.782018661499023,
14.798,17.75,13.557929039001465,19.35601043701172,27,11.141202926635742,22.11094856262207,
14.808,17.375,13.386359214782715,18.992116928100586,27.1875,11.548871040344238,22.423770904541016,
14.818,17.375,13.205694198608398,18.628887176513672,27.1875,11.93106460571289,22.707780838012695,
14.828,17,13.01522445678711,18.265974044799805,27.4375,12.299599647521973,22.96956443786621,
14.838,16.25,12.828437805175781,17.91431999206543,27.8125,12.659348487854004,23.211156845092773,
14.848,15.9375,12.675788879394531,17.59718132019043,28.0625,13.029498100280762,23.461042404174805,
14.858,15.625,12.526305198669434,17.288440704345703,28.25,13.377402305603027,23.673316955566406,
14.868,15.625,12.345905303955078,16.964025497436523,28.25,13.715156555175781,23.87384033203125,
14.878,15,12.186826705932617,16.666654586791992,28.5,14.064468383789062,24.08720588684082,
14.888,14.75,12.046231269836426,16.3935604095459,28.625,14.412500381469727,24.29122543334961,
14.898,14.5,11.896417617797852,16.12629508972168,28.6875,14.74332332611084,24.477157592773438,
14.908,14.25,11.712775230407715,15.836624145507812,28.8125,15.04994010925293,24.634096145629883,
14.918,14.25,11.5249605178833,15.555229187011719,28.8125,15.336867332458496,24.766206741333008,
14.928,14.0625,11.38835620880127,15.325343132019043,28.875,15.617600440979004,24.89471435546875,
14.938,13.875,11.304428100585938,15.149685859680176,28.9375,15.880369186401367,25.00667953491211,
14.948,13.5625,11.223543167114258,14.986814498901367,29,16.128129959106445,25.094083786010742,
14.958,13.4375,11.12598705291748,14.824517250061035,29,16.37849235534668,25.179304122924805,
14.968,13.4375,11.026237487792969,14.669170379638672,29,16.588645935058594,25.21930694580078,
14.978,13.3125,10.948470115661621,14.54547119140625,29,16.824283599853516,25.27475357055664,
14.988,13.25,10.905488967895508,14.458874702453613,29,17.073732376098633,25.34611701965332,
14.998,13.125,10.872066497802734,14.390178680419922,29,17.30137825012207,25.394134521484375,
15.008,13.125,10.809203147888184,14.308533668518066,29,17.54185676574707,25.449682235717773,
15.018,13.0625,10.738158226013184,14.22551155090332,29,17.781463623046875,25.502593994140625,
15.028,13,10.681140899658203,14.158787727355957,29,17.996889114379883,25.532466888427734,
15.038,13,10.63242244720459,14.106151580810547,29,18.221797943115234,25.56956672668457,
15.048,13,10.602498054504395,14.072236061096191,28.9375,18.44133949279785,25.602981567382812,
15.058,13,10.590409278869629,14.056184768676758,28.9375,18.65091896057129,25.63153648376465,
15.068,13,10.5783109664917,14.046092987060547,28.9375,18.852266311645508,25.65012550354004,
15.078,13,10.549609184265137,14.030616760253906,28.875,19.072101593017578,25.676494598388672,
15.088,12.9375,10.520709991455078,14.015007019042969,28.875,19.31144142150879,25.72722625732422,
15.098,12.9375,10.464970588684082,13.97653579711914,28.875,19.546125411987305,25.773759841918945,
15.108,12.875,10.384803771972656,13.911365509033203,28.875,19.78681182861328,25.832111358642578,
15.118,12.875,10.313101768493652,13.848132133483887,28.875,20.01651382446289,25.890724182128906,
15.128,12.8125,10.256209373474121,13.79721450805664,28.875,20.216081619262695,25.922653198242188,
15.138,12.8125,10.202446937561035,13.753809928894043,28.875,20.4118595123291,25.94794273376465,
15.148,12.8125,10.170459747314453,13.730049133300781,28.875,20.595130920410156,25.963905334472656,
15.158,12.8125,10.16323471069336,13.728130340576172,28.8125,20.759876251220703,25.964448928833008,
15.168,12.8125,10.14621353149414,13.721695899963379,28.75,20.932422637939453,25.9703426361084,
15.178,12.8125,10.11174488067627,13.702479362487793,28.75,21.10568618774414,25.98048973083496,
15.188,12.8125,10.08436393737793,13.688607215881348,28.6875,21.266103744506836,25.980613708496094,
15.198,12.75,10.040851593017578,13.6636962890625,28.625,21.424585342407227,25.98040199279785,
15.208,12.6875,10.00108528137207,13.639223098754883,28.5625,21.566238403320312,25.968076705932617,
15.218,12.5625,9.927129745483398,13.584084510803223,28.5625,21.692628860473633,25.943988800048828,
15.228,12.4375,9.811125755310059,13.489677429199219,28.5,21.808177947998047,25.9095516204834,
15.238,12.125,9.606233596801758,13.314499855041504,28.4375,21.924013137817383,25.86977767944336,
15.248,11.8125,9.372111320495605,13.099601745605469,28.4375,22.053325653076172,25.840476989746094,
15.258,11.4375,9.017462730407715,12.775314331054688,28.4375,22.174707412719727,25.80579948425293,
15.268,11,8.627294540405273,12.399492263793945,28.5,22.368375778198242,25.849393844604492,
15.278,10.5,8.178046226501465,11.962427139282227,28.5,22.55327796936035,25.89544677734375,
15.288,10,7.712378978729248,11.496292114257812,28.5,22.74445343017578,25.961944580078125,
15.298,9.5,7.210684299468994,10.99399471282959,28.4375,22.874399185180664,25.981674194335938,
15.308,9,6.726413726806641,10.496216773986816,28.3125,22.941648483276367,25.950931549072266,
15.318,8.5,6.248306751251221,10.004024505615234,28.125,22.945297241210938,25.86663818359375,
15.328,8.0625,5.805318355560303,9.546223640441895,27.9375,22.88730812072754,25.721088409423828,
15.338,7.5625,5.371702194213867,9.102614402770996,27.6875,22.77899932861328,25.517162322998047,
15.348,7.0625,4.92269229888916,8.653487205505371,27.5,22.645458221435547,25.27885627746582,
15.358,6.5625,4.39206075668335,8.14256477355957,27.25,22.478336334228516,24.98874855041504,
15.368,6.0625,3.8986377716064453,7.658307075500488,27.1875,22.459848403930664,24.819326400756836,
15.378,5.5625,3.328490972518921,7.124029636383057,27.125,22.469236373901367,24.680606842041016,
15.388,5.125,2.851602792739868,6.654673099517822,27.125,22.596546173095703,24.663280487060547,
15.398,4.6875,2.3712172508239746,6.188955783843994,27.125,22.753786087036133,24.69687271118164,
15.408,4.3125,1.9259512424468994,5.756206035614014,27.0625,22.918245315551758,24.756710052490234,
15.418,3.9375,1.4997164011001587,5.350844383239746,27,22.9984188079834,24.74477767944336,
15.428,3.625,1.1377620697021484,5.009293079376221,26.875,23.0057315826416,24.658838272094727,
15.438,3.4375,0.8277050256729126,4.720203876495361,26.75,22.98674774169922,24.542434692382812,
15.448,3.25,0.5441126823425293,4.462947845458984,26.5625,22.927631378173828,24.388837814331055,
15.458,3.0625,0.30702000856399536,4.249011039733887,26.4375,22.8688907623291,24.228435516357422,
15.468,2.9375,0.12542776763439178,4.085136890411377,26.3125,22.85516929626465,24.108253479003906,
15.478,2.8125,-0.032180361449718475,3.947479724884033,26.1875,22.834291458129883,23.983806610107422,
15.488,2.75,-0.13640739023685455,3.8518729209899902,26.0625,22.827648162841797,23.876995086669922,
15.498,2.6875,-0.23561200499534607,3.759423017501831,26,22.8377628326416,23.79219627380371,
15.508,2.625,-0.3116675615310669,3.6825907230377197,25.875,22.84515380859375,23.71235466003418,
15.518,2.5625,-0.3800729811191559,3.608884811401367,25.6875,22.82492446899414,23.61160659790039,
15.528,2.4375,-0.4451635181903839,3.531805992126465,25.5625,22.779714584350586,23.489749908447266,
15.538,2.375,-0.5097008943557739,3.446457862854004,25.375,22.723873138427734,23.360660552978516,
15.548,2.25,-0.6071573495864868,3.326812982559204,25.1875,22.64933204650879,23.217554092407227,
15.558,2.125,-0.7144656181335449,3.1920247077941895,25,22.56520652770996,23.064090728759766,
15.568,1.9375,-0.8462420105934143,3.031165599822998,24.8125,22.468507766723633,22.8957462310791,
15.578,1.8125,-0.9644753336906433,2.8768503665924072,24.625,22.367250442504883,22.723434448242188,
15.588,1.6875,-1.0626775026321411,2.736204147338867,24.5,22.273256301879883,22.558666229248047,
15.598,1.5625,-1.1499807834625244,2.6043450832366943,24.3125,22.196758270263672,22.41336441040039,
15.608,1.4375,-1.2221752405166626,2.486386775970459,24.125,22.12261390686035,22.271055221557617,
15.618,1.375,-1.2868883609771729,2.3785951137542725,24,22.042400360107422,22.124916076660156,
15.628,1.25,-1.3456015586853027,2.2774181365966797,23.8125,21.952312469482422,21.970314025878906,
15.638,1.125,-1.425767183303833,2.159420967102051,23.625,21.85588264465332,21.8113956451416,
15.648,1,-1.5092145204544067,2.0339338779449463,23.4375,21.76027488708496,21.655488967895508,
15.658,0.8125,-1.615103840827942,1.8855448961257935,23.1875,21.6612548828125,21.49694061279297,
15.668,0.6875,-1.731265902519226,1.7244410514831543,23,21.55711555480957,21.331764221191406,
15.678,0.5,-1.8459534645080566,1.562970757484436,22.875,21.46864128112793,21.181612014770508,
15.688,0.375,-1.972022533416748,1.3943612575531006,22.6875,21.37425994873047,21.025497436523438,
15.698,0.25,-2.092728853225708,1.2322169542312622,22.5625,21.290386199951172,20.882190704345703,
15.708,0.0625,-2.19468092918396,1.088011384010315,22.375,21.203500747680664,20.739505767822266,
15.718,0,-2.287501335144043,0.9543178677558899,22.1875,21.10617446899414,20.588104248046875,
15.728,-0.0625,-2.378208875656128,0.8251169323921204,22,20.999980926513672,20.429492950439453,
15.738,-0.125,-2.458245038986206,0.7103663682937622,21.8125,20.885643005371094,20.264116287231445,
15.748,-0.1875,-2.5065724849700928,0.6257582306861877,21.625,20.778226852416992,20.104928970336914,
15.758,-0.1875,-2.5279958248138428,0.5711578726768494,21.4375,20.654399871826172,19.931222915649414,
15.768,-0.1875,-2.526789665222168,0.5416891574859619,21.25,20.529170989990234,19.756532669067383,
15.778,-0.1875,-2.489985227584839,0.5474655628204346,21.0625,20.41088104248047,19.58882713317871,
15.788,-0.0625,-2.411120891571045,0.5947793126106262,20.875,20.295238494873047,19.426651000976562,
15.798,0,-2.289843797683716,0.6852276921272278,20.625,20.167203903198242,19.256389617919922,
15.808,0.1875,-2.1256556510925293,0.8179528713226318,20.4375,20.028730392456055,19.079975128173828,
15.818,0.4375,-1.9224997758865356,0.9912028312683105,20.1875,19.870197296142578,18.889320373535156,
15.828,0.625,-1.7101391553878784,1.1833113431930542,19.9375,19.674686431884766,18.66571617126465,
15.838,0.9375,-1.4856778383255005,1.3963823318481445,19.625,19.453847885131836,18.418529510498047,
15.848,1.1875,-1.2277684211730957,1.6461634635925293,19.3125,19.215576171875,18.15412139892578,
15.858,1.5625,-0.9389689564704895,1.9306482076644897,19,18.939300537109375,17.852128982543945,
15.868,1.9375,-0.6280249953269958,2.2409543991088867,18.625,18.644207000732422,17.530397415161133,
15.878,2.3125,-0.2984115481376648,2.5732715129852295,18.3125,18.348108291625977,17.20656394958496,
15.888,2.75,0.04440467804670334,2.9228060245513916,17.9375,18.044912338256836,16.87447738647461,
15.898,3.1875,0.4113438129425049,3.298372745513916,17.5625,17.73212242126465,16.52996826171875,
15.908,3.6875,0.8092238903045654,3.7051496505737305,17.1875,17.41240119934082,16.17662811279297,
15.918,4.1875,1.2501764297485352,4.152838706970215,16.875,17.09786605834961,15.82630729675293,
15.928,4.75,1.7166913747787476,4.6286211013793945,16.5,16.78607177734375,15.477341651916504,
15.938,5.375,2.2115979194641113,5.1305718421936035,16.125,16.476043701171875,15.121867179870605,
15.948,6.0625,2.7671945095062256,5.683060169219971,15.75,16.16621208190918,14.762187957763672,
15.958,6.75,3.4431264400482178,6.335310459136963,15.375,15.87415599822998,14.419883728027344,
15.968,7.5625,4.167974472045898,7.03310489654541,15.0625,15.583383560180664,14.083579063415527,
15.978,8.3125,4.8775811195373535,7.728365898132324,14.6875,15.297380447387695,13.750625610351562,
15.988,9.125,5.614749431610107,8.44525146484375,14.3125,15.015925407409668,13.421440124511719,
15.998,9.9375,6.370696544647217,9.187942504882812,13.9375,14.702239990234375,13.057580947875977,
16.008,10.6875,7.139294147491455,9.951417922973633,13.5,14.380975723266602,12.677440643310547,
16.018,11.5,7.905587673187256,10.716267585754395,13.0625,14.046059608459473,12.27978801727295,
16.028,12.3125,8.655865669250488,11.465071678161621,12.625,13.71666145324707,11.879148483276367,
16.038,13.0625,9.402201652526855,12.211316108703613,12.125,13.365022659301758,11.457180976867676,
16.048,13.8125,10.14238166809082,12.947925567626953,11.5625,12.958277702331543,10.988153457641602,
16.058,14.5625,10.910773277282715,13.698551177978516,11.0625,12.517866134643555,10.480813026428223,
16.068,15.25,11.652297019958496,14.41899585723877,10.5625,12.069050788879395,9.964463233947754,
16.078,15.9375,12.360140800476074,15.102814674377441,10,11.629973411560059,9.45811939239502,
16.088,16.5625,13.028461456298828,15.748183250427246,9.5,11.203699111938477,8.966291427612305,
16.098,17.1875,13.683777809143066,16.37641716003418,9,10.772729873657227,8.472792625427246,
16.108,17.75,14.287567138671875,16.95492172241211,8.4375,10.354061126708984,8.000362396240234,
16.118,18.25,14.866381645202637,17.500707626342773,7.9375,9.924247741699219,7.529574871063232,
16.128,18.75,15.433284759521484,18.02703857421875,7.375,9.501627922058105,7.061801910400391,
16.138,19.25,15.991639137268066,18.542448043823242,6.8125,9.046455383300781,6.575098991394043,
16.148,19.75,16.543834686279297,19.034029006958008,6.25,8.513008117675781,6.073973178863525,
16.158,20.25,17.10564613342285,19.517881393432617,5.6875,7.926331043243408,5.555563926696777,
16.168,20.75,17.661638259887695,19.98676300048828,5.0625,7.298047065734863,5.042864799499512,
16.178,20.75,18.190080642700195,20.439884185791016,5.0625,6.686188697814941,4.534256935119629,
16.188,21.3125,18.772232055664062,20.92765235900879,4.3125,5.980316638946533,3.988206386566162,
16.198,22.625,19.630077362060547,21.619068145751953,2.5625,5.009759902954102,3.325096368789673,
16.208,23.375,20.53225326538086,22.3654727935791,1.5,3.905087471008301,2.5934104919433594,
16.218,24.25,21.508724212646484,23.175506591796875,0.3125,2.567004680633545,1.7316701412200928,
16.228,24.25,22.544363021850586,24.06871795654297,0.3125,1.1955983638763428,0.788261890411377,
16.238,25.1875,23.716554641723633,25.08448028564453,-1.0625,-0.46452248096466064,-0.29951241612434387,
16.248,27.125,24.982791900634766,26.20362663269043,-4.5,-2.633746385574341,-1.6020147800445557,
16.258,28.125,26.24962615966797,27.38006591796875,-6.4375,-5.073714256286621,-3.1112446784973145,
16.268,28.1875,26.55691909790039,27.99041175842285,-7.9375,-7.376156806945801,-4.549259185791016,
16.278,28.1875,26.803138732910156,28.388277053833008,-7.9375,-9.928374290466309,-6.187768459320068,
16.288,27.9375,26.671829223632812,28.5487117767334,-9.25,-12.799699783325195,-8.076857566833496,
16.298,26.6875,25.852035522460938,28.34724998474121,-10.9375,-15.763361930847168,-9.723542213439941,
16.308,25.8125,24.634130477905273,27.85091209411621,-11.25,-18.49104881286621,-10.842366218566895,
16.318,25.3125,22.92768096923828,26.923391342163086,-11.5625,-20.437074661254883,-10.818784713745117,
16.328,25.3125,21.50653076171875,26.27404022216797,-11.5625,-22.63742446899414,-11.12181568145752,
16.338,25.0625,20.50208854675293,26.011186599731445,-11.75,-24.964248657226562,-11.53559398651123,
16.348,25.0625,20.06713104248047,26.258033752441406,-11.375,-27.10329246520996,-11.856844902038574,
16.358,25.1875,19.489927291870117,26.427490234375,-11.25,-29.04905891418457,-11.86483097076416,
16.368,25.25,18.81385040283203,26.557279586791992,-11.0625,-30.924705505371094,-11.830839157104492,
16.378,25.25,18.124847412109375,26.669422149658203,-11.0625,-32.51988220214844,-11.504711151123047,
16.388,25.4375,17.419321060180664,26.713342666625977,-10.875,-34.27373123168945,-11.374838829040527,
16.398,25.75,17.15056037902832,27.08740997314453,-10.4375,-36.131317138671875,-11.428731918334961,
16.408,25.9375,17.004493713378906,27.572509765625,-10.0625,-37.7669677734375,-11.262139320373535,
16.418,26.25,16.64358139038086,27.839773178100586,-9.875,-39.333072662353516,-10.964266777038574,
16.428,26.25,16.197866439819336,28.023178100585938,-9.875,-40.92744064331055,-10.725298881530762,
16.438,26.4375,15.959854125976562,28.350393295288086,-9.5,-42.336544036865234,-10.378151893615723,
16.448,27,15.913470268249512,28.783117294311523,-8.6875,-43.75070571899414,-10.027144432067871,
16.458,27.3125,15.950886726379395,29.244970321655273,-8.3125,-45.2174072265625,-9.729592323303223,
16.468,27.625,16.01018714904785,29.706995010375977,-7.8125,-46.426597595214844,-9.20350456237793,
16.478,27.625,16.011011123657227,30.08522605895996,-7.8125,-47.59532928466797,-8.618021965026855,
16.488,27.9375,15.909041404724121,30.32635498046875,-7.3125,-48.86566925048828,-8.1260347366333,
16.498,28.6875,16.29471206665039,30.90357208251953,-6.1875,-49.96419143676758,-7.500125885009766,
16.508,29,16.517471313476562,31.331018447875977,-5.5625,-51.161865234375,-6.949758529663086,
16.518,29.3125,16.785846710205078,31.732696533203125,-4.9375,-52.1619758605957,-6.212580680847168,
16.528,29.3125,17.06796646118164,32.1108283996582,-4.9375,-53.123207092285156,-5.430105686187744,
16.538,29.6875,17.41301155090332,32.47954559326172,-4.25,-54.01786804199219,-4.594973087310791,
16.548,30.375,17.890371322631836,32.889888763427734,-2.75,-54.959686279296875,-3.8029227256774902,
16.558,30.75,18.32304573059082,33.21116256713867,-1.875,-55.771751403808594,-2.9178054332733154,
16.568,31.0625,18.855300903320312,33.569881439208984,-1,-56.27260971069336,-1.686895489692688,
16.578,31.0625,19.360187530517578,33.836708068847656,-1,-57.02362823486328,-0.7135850191116333,
16.588,31.375,19.97328758239746,34.13098907470703,-0.0625,-57.673099517822266,0.35788848996162415,
16.598,31.6875,20.74568748474121,34.49414825439453,1.9375,-58.174163818359375,1.4835362434387207,
16.608,31.75,21.20809555053711,34.52941131591797,3,-58.66267776489258,2.633995532989502,
16.618,31.75,21.736133575439453,34.53718566894531,4.125,-59.12712097167969,3.750901699066162,
16.628,31.75,22.307994842529297,34.52377700805664,4.125,-59.56532669067383,4.8719987869262695,
16.638,31.625,22.779783248901367,34.3669319152832,5.25,-59.72044372558594,6.219909191131592,
16.648,31.3125,23.18349266052246,34.06526184082031,7.4375,-59.970298767089844,7.392435073852539,
16.658,31.125,23.719932556152344,33.81953811645508,8.625,-60.16240310668945,8.572785377502441,
16.668,30.875,24.370534896850586,33.58854293823242,9.6875,-60.270263671875,9.760505676269531,
16.678,30.875,24.977115631103516,33.27253723144531,9.6875,-60.432952880859375,10.846431732177734,
16.688,30.6875,25.49988555908203,32.838138580322266,10.8125,-60.33553695678711,12.103340148925781,
16.698,30.125,26.14885902404785,32.440040588378906,13.125,-60.20365524291992,13.317232131958008,
16.708,29.75,26.883930206298828,32.07256317138672,14.25,-60.17116928100586,14.371834754943848,
16.718,29.375,27.640806198120117,31.68453598022461,15.375,-59.97040939331055,15.517630577087402,
16.728,29.375,28.30498695373535,31.17109489440918,15.375,-59.59935760498047,16.743844985961914,
16.738,28.9375,29.03220558166504,30.661224365234375,16.4375,-59.34503936767578,17.79308319091797,
16.748,27.875,29.520980834960938,29.92902946472168,18.4375,-59.029624938964844,18.807554244995117,
16.758,27.25,30.21183967590332,29.320301055908203,19.375,-58.65946960449219,19.753890991210938,
16.768,26.5625,30.856109619140625,28.65800666809082,20.3125,-58.30054473876953,20.615184783935547,
16.778,26.5625,31.411367416381836,27.891681671142578,20.3125,-57.833717346191406,21.50412368774414,
16.788,25.875,31.957197189331055,27.090133666992188,21.1875,-57.276092529296875,22.383811950683594,
16.798,24.3125,32.52326583862305,26.294307708740234,22.75,-56.78476333618164,23.09822654724121,
16.808,23.5,33.03964614868164,25.451807022094727,23.5625,-56.23926544189453,23.78301429748535,
16.818,22.75,33.596614837646484,24.625682830810547,24.25,-55.602176666259766,24.458200454711914,
16.828,22.75,34.122188568115234,23.757850646972656,24.25,-54.940582275390625,25.092052459716797,
16.838,21.875,34.634403228759766,22.886211395263672,24.9375,-54.27696990966797,25.644054412841797,
16.848,20.1875,35.04608154296875,21.93734359741211,26.25,-53.48976516723633,26.22526741027832,
16.858,19.3125,35.575469970703125,21.08311653137207,26.8125,-52.63243103027344,26.800565719604492,
16.868,18.4375,36.15690612792969,20.268035888671875,27.375,-51.813621520996094,27.276782989501953,
16.878,18.4375,36.59737777709961,19.363370895385742,27.375,-50.88688659667969,27.782878875732422,
16.888,17.5,36.951927185058594,18.388343811035156,27.9375,-49.953773498535156,28.22917366027832,
16.898,15.6875,37.293922424316406,17.415895462036133,28.875,-48.9890251159668,28.64542579650879,
16.908,14.75,37.7135124206543,16.517436981201172,29.25,-48.01543045043945,28.986520767211914,
16.918,13.875,38.12848663330078,15.644492149353027,29.6875,-46.985633850097656,29.316661834716797,
16.928,13.875,38.505706787109375,14.747814178466797,29.6875,-45.916961669921875,29.637487411499023,
16.938,12.9375,38.77265548706055,13.784257888793945,30.0625,-44.781375885009766,29.960655212402344,
16.948,11.125,39.0383415222168,12.834304809570312,30.6875,-43.60188293457031,30.27207374572754,
16.958,10.1875,39.395790100097656,11.989362716674805,31,-42.448795318603516,30.511028289794922,
16.968,9.25,39.6842155456543,11.117042541503906,31.25,-41.21969985961914,30.775421142578125,
16.978,9.25,39.892269134521484,10.206055641174316,31.25,-39.9669075012207,31.013376235961914,
16.988,8.3125,40.21275329589844,9.404035568237305,31.4375,-38.7696418762207,31.157878875732422,
16.998,6.5,40.27347946166992,8.42561149597168,31.6875,-37.56767272949219,31.26296043395996,
17.008,5.5625,40.431392669677734,7.5620832443237305,31.75,-36.33307647705078,31.35184097290039,
17.018,4.6875,40.56365966796875,6.699207782745361,31.75,-35.07290267944336,31.434410095214844,
17.028,4.6875,40.66802978515625,5.853948593139648,31.75,-33.83113479614258,31.464624404907227,
17.038,3.8125,40.737945556640625,5.017552852630615,31.8125,-32.55799865722656,31.481151580810547,
17.048,2.0625,40.76699447631836,4.17486572265625,31.6875,-31.312814712524414,31.449417114257812,
17.058,1.25,40.73125457763672,3.3128373622894287,31.625,-30.04228973388672,31.401901245117188,
17.068,0.4375,40.73624038696289,2.5209648609161377,31.5625,-28.769630432128906,31.326223373413086,
17.078,0.4375,40.80727767944336,1.8182350397109985,31.5625,-27.489835739135742,31.232202529907227,
17.088,-0.3125,40.7365608215332,1.0381613969802856,31.5,-26.13435935974121,31.187763214111328,
17.098,-1.125,40.59821319580078,0.23494797945022583,31.4375,-24.787534713745117,31.108646392822266,
17.108,-2.625,40.56922912597656,-0.4502624571323395,31.25,-23.41407012939453,31.04521942138672,
17.118,-3.375,40.38044738769531,-1.2228939533233643,31.125,-22.060049057006836,30.949867248535156,
17.128,-3.375,40.315940856933594,-1.8575440645217896,31.125,-20.66640281677246,30.882278442382812,
17.138,-4.125,40.18864822387695,-2.5181591510772705,30.9375,-19.32430076599121,30.752601623535156,
17.148,-4.8125,39.97705841064453,-3.203354835510254,30.75,-18.118200302124023,30.475662231445312,
17.158,-5.5,39.7778205871582,-3.8420333862304688,30.5625,-16.890113830566406,30.19793128967285,
17.168,-6.1875,39.443363189697266,-4.493360996246338,30.5,-15.574435234069824,29.965957641601562,
17.178,-6.9375,39.22840118408203,-4.963344573974609,30.5625,-13.838403701782227,30.144794464111328,
17.188,-7.9375,38.49217224121094,-5.6096601486206055,30.5625,-12.158242225646973,30.368215560913086,
17.198,-8.9375,37.61220169067383,-6.436625003814697,30.5625,-10.430607795715332,30.651552200317383,
17.208,-10,36.3884162902832,-7.462695121765137,30.375,-8.93628978729248,30.786375045776367,
17.218,-11.125,34.889793395996094,-8.5011625289917,29.875,-7.978079319000244,30.522993087768555,
17.228,-12.3125,33.56181335449219,-9.425115585327148,29.375,-7.092867851257324,30.1121826171875,
17.238,-13.625,31.920753479003906,-10.456218719482422,28.75,-6.432525157928467,29.539548873901367,
17.248,-15,29.862709045410156,-11.824604034423828,28.125,-5.825069427490234,28.91934585571289,
17.258,-16.25,27.831748962402344,-13.195731163024902,27.3125,-5.124609470367432,28.422611236572266,
17.268,-17.375,25.841655731201172,-14.532883644104004,26.4375,-4.51394510269165,27.856552124023438,
17.278,-18.5,24.122943878173828,-15.632342338562012,25.5,-4.137625694274902,27.01907730102539,
17.288,-19.5,22.717252731323242,-16.483369827270508,24.5625,-3.9630019664764404,25.936819076538086,
17.298,-20.4375,21.150859832763672,-17.448884963989258,23.625,-3.5119948387145996,25.125274658203125,
17.308,-21.3125,19.49363899230957,-18.469396591186523,22.75,-3.185755729675293,24.183874130249023,
17.318,-22.1875,17.973703384399414,-19.36705207824707,21.875,-2.745351791381836,23.34061050415039,
17.328,-23.0625,16.47642707824707,-20.243297576904297,20.9375,-2.3298614025115967,22.481809616088867,
17.338,-23.8125,15.111995697021484,-21.007766723632812,20.0625,-1.7668588161468506,21.770692825317383,
17.348,-24.5,13.788912773132324,-21.723329544067383,19.1875,-1.320231556892395,20.92835807800293,
17.358,-25.125,12.48386287689209,-22.414512634277344,18.25,-0.9446812868118286,20.02080535888672,
17.368,-25.75,11.138081550598145,-23.12720489501953,17.375,-0.4961642622947693,19.193065643310547,
17.378,-26.3125,9.955709457397461,-23.69351577758789,16.4375,0.012469291687011719,18.420591354370117,
17.388,-26.8125,8.91958236694336,-24.120929718017578,15.5625,0.4085742235183716,17.555709838867188,
17.398,-27.3125,7.836810111999512,-24.574485778808594,14.6875,0.7797661423683167,16.675573348999023,
17.408,-27.75,6.551482200622559,-25.191341400146484,13.75,1.1655337810516357,15.826641082763672,
17.418,-28.1875,5.397839546203613,-25.68747901916504,12.8125,1.607269048690796,15.0546875,
17.428,-28.5625,4.32757568359375,-26.094844818115234,11.875,1.8897812366485596,14.157050132751465,
17.438,-28.9375,3.2774100303649902,-26.481210708618164,10.875,2.1974287033081055,13.292398452758789,
17.448,-29.25,2.23089599609375,-26.854463577270508,9.875,2.468501567840576,12.416417121887207,
17.458,-29.5,1.2276146411895752,-27.17877769470215,8.875,2.630707263946533,11.456548690795898,
17.468,-29.75,0.2669883966445923,-27.455730438232422,7.875,2.7504589557647705,10.469403266906738,
17.478,-29.9375,-0.6953752040863037,-27.725271224975586,6.8125,2.8863677978515625,9.516929626464844,
17.488,-30.125,-1.6088777780532837,-27.949350357055664,5.8125,3.050006151199341,8.603878021240234,
17.498,-30.25,-2.439922332763672,-28.0987491607666,4.8125,3.1849451065063477,7.666160583496094,
17.508,-30.375,-3.3434884548187256,-28.304046630859375,3.8125,3.266627311706543,6.693920612335205,
17.518,-30.5,-4.255941390991211,-28.513755798339844,2.875,3.3423380851745605,5.729188919067383,
17.528,-30.5,-5.045054912567139,-28.615781784057617,1.875,3.438504695892334,4.79290246963501,
17.538,-30.5625,-5.745336055755615,-28.635969161987305,1,3.6331582069396973,3.976087808609009,
17.548,-30.5625,-6.467530250549316,-28.670761108398438,0.0625,3.7626163959503174,3.120426654815674,
17.558,-30.5,-7.217837810516357,-28.72471809387207,-0.75,3.8940930366516113,2.2768566608428955,
17.568,-30.5,-7.952478408813477,-28.760780334472656,-1.5625,3.9947385787963867,1.4224430322647095,
17.578,-30.4375,-8.598031997680664,-28.722627639770508,-2.4375,4.099610805511475,0.6062369346618652,
17.588,-30.4375,-9.287705421447754,-28.721893310546875,-3.3125,4.212756633758545,-0.17866314947605133,
17.598,-30.3125,-9.990581512451172,-28.733869552612305,-4.125,4.3229827880859375,-0.9475476145744324,
17.608,-30.25,-10.61109733581543,-28.68021011352539,-5,4.3827056884765625,-1.7433024644851685,
17.618,-30.125,-11.224895477294922,-28.619792938232422,-5.8125,4.401503562927246,-2.554692029953003,
17.628,-29.9375,-11.823829650878906,-28.548376083374023,-6.625,4.442326068878174,-3.322312355041504,
17.638,-29.75,-12.33517837524414,-28.403879165649414,-7.375,4.476496696472168,-4.070285320281982,
17.648,-29.5625,-12.800259590148926,-28.22060775756836,-8.1875,4.497792720794678,-4.81524133682251,
17.658,-29.375,-13.299503326416016,-28.06485939025879,-8.9375,4.526200771331787,-5.535118579864502,
17.668,-29.125,-13.78018856048584,-27.89732551574707,-9.625,4.493435382843018,-6.290496826171875,
17.678,-28.875,-14.18868637084961,-27.670886993408203,-10.375,4.497333526611328,-6.990403652191162,
17.688,-28.625,-14.592567443847656,-27.441627502441406,-11.0625,4.543766021728516,-7.630041122436523,
17.698,-28.375,-15.022082328796387,-27.239608764648438,-11.6875,4.5936431884765625,-8.239748001098633,
17.708,-28.125,-15.434242248535156,-27.027910232543945,-12.3125,4.591547012329102,-8.88221263885498,
17.718,-27.8125,-15.800176620483398,-26.78165626525879,-12.9375,4.588794231414795,-9.505342483520508,
17.728,-27.5625,-16.157045364379883,-26.533496856689453,-13.5625,4.599414825439453,-10.089425086975098,
17.738,-27.25,-16.519428253173828,-26.296894073486328,-14.125,4.604608535766602,-10.657116889953613,
17.748,-26.9375,-16.859027862548828,-26.046239852905273,-14.6875,4.622537136077881,-11.194085121154785,
17.758,-26.6875,-17.17795181274414,-25.784635543823242,-15.1875,4.6318206787109375,-11.718849182128906,
17.768,-26.375,-17.493366241455078,-25.527076721191406,-15.75,4.5959649085998535,-12.268265724182129,
17.778,-26.0625,-17.80463218688965,-25.272003173828125,-16.25,4.586272716522217,-12.774679183959961,
17.788,-25.75,-18.07172393798828,-24.989215850830078,-16.75,4.58618688583374,-13.24704360961914,
17.798,-25.4375,-18.330215454101562,-24.70616340637207,-17.1875,4.565321922302246,-13.72296142578125,
17.808,-25.125,-18.61017417907715,-24.447086334228516,-17.6875,4.525201797485352,-14.20559024810791,
17.818,-24.8125,-18.862071990966797,-24.174711227416992,-18.125,4.473332405090332,-14.679786682128906,
17.828,-24.5625,-19.097583770751953,-23.902040481567383,-18.5,4.454342842102051,-15.089963912963867,
17.838,-24.3125,-19.346847534179688,-23.6583309173584,-18.8125,4.467127323150635,-15.444635391235352,
17.848,-24.125,-19.644821166992188,-23.474794387817383,-19.125,4.486962795257568,-15.765690803527832,
17.858,-24,-19.95087432861328,-23.327329635620117,-19.3125,4.517298698425293,-16.043935775756836,
17.868,-23.875,-20.269203186035156,-23.215364456176758,-19.4375,4.601776599884033,-16.235061645507812,
17.878,-23.8125,-20.610567092895508,-23.14569664001465,-19.5625,4.701083660125732,-16.387353897094727,
17.888,-23.75,-20.940380096435547,-23.08338737487793,-19.625,4.828484535217285,-16.489994049072266,
17.898,-23.6875,-21.27364730834961,-23.042327880859375,-19.6875,4.958794116973877,-16.576358795166016,
17.908,-23.6875,-21.588125228881836,-22.995601654052734,-19.6875,5.070930004119873,-16.667118072509766,
17.918,-23.5625,-21.907426834106445,-22.958410263061523,-19.8125,5.1645073890686035,-16.769554138183594,
17.928,-23.5,-22.18755531311035,-22.891489028930664,-19.875,5.264472007751465,-16.86096954345703,
17.938,-23.375,-22.409757614135742,-22.775146484375,-19.9375,5.367404460906982,-16.94734764099121,
17.948,-23.1875,-22.60187339782715,-22.630483627319336,-20.0625,5.418496131896973,-17.0887393951416,
17.958,-22.9375,-22.769258499145508,-22.457162857055664,-20.1875,5.428442001342773,-17.27967643737793,
17.968,-22.75,-22.909008026123047,-22.2542724609375,-20.375,5.438899040222168,-17.473922729492188,
17.978,-22.4375,-23.01654815673828,-22.020591735839844,-20.5625,5.448337554931641,-17.673343658447266,
17.988,-22.125,-23.085474014282227,-21.75288963317871,-20.8125,5.452943801879883,-17.88019561767578,
17.998,-21.75,-23.109451293945312,-21.449098587036133,-21,5.4340386390686035,-18.10881233215332,
18.008,-21.3125,-23.091503143310547,-21.11034393310547,-21.1875,5.395707130432129,-18.355318069458008,
18.018,-20.8125,-22.985355377197266,-20.69940757751465,-21.4375,5.376269340515137,-18.57782745361328,
18.028,-20.25,-22.811859130859375,-20.227235794067383,-21.625,5.349642276763916,-18.802473068237305,
18.038,-19.625,-22.55747413635254,-19.68964958190918,-21.75,5.349173545837402,-18.99846076965332,
18.048,-18.9375,-22.21802520751953,-19.073631286621094,-21.875,5.411355972290039,-19.126644134521484,
18.058,-18.125,-21.842021942138672,-18.422266006469727,-22,5.457810401916504,-19.26177406311035,
18.068,-17.3125,-21.34850311279297,-17.66916275024414,-22.0625,5.5319905281066895,-19.364248275756836,
18.078,-16.375,-20.798879623413086,-16.860702514648438,-22.0625,5.633036136627197,-19.43199920654297,
18.088,-15.375,-20.26064682006836,-16.04904556274414,-22.125,5.7298808097839355,-19.489463806152344,
18.098,-14.4375,-19.618392944335938,-15.157280921936035,-22.25,5.833521366119385,-19.53458023071289,
18.108,-13.3125,-18.8459529876709,-14.151315689086914,-22.375,5.9152679443359375,-19.556705474853516,
18.118,-12.1875,-18.0891056060791,-13.132270812988281,-22.5625,5.908802509307861,-19.653661727905273,
18.128,-11.0625,-17.303020477294922,-12.08673095703125,-22.8125,5.76339054107666,-19.89134979248047,
18.138,-11.0625,-16.533329010009766,-11.04463005065918,-22.8125,5.61787748336792,-20.131916046142578,
18.148,-9.75,-15.659454345703125,-9.934249877929688,-23.0625,5.426357269287109,-20.400617599487305,
18.158,-6.9375,-14.59536075592041,-8.685834884643555,-23.5625,5.221184730529785,-20.667848587036133,
18.168,-5.3125,-13.432116508483887,-7.3409905433654785,-23.8125,5.035301208496094,-20.910263061523438,
18.178,-3.625,-12.126921653747559,-5.878509998321533,-24,4.898055076599121,-21.09877586364746,
18.188,-1.8125,-10.80696964263916,-4.372537612915039,-24.125,4.751211166381836,-21.277294158935547,
18.198,0.0625,-9.430598258972168,-2.8415160179138184,-24.25,4.60994291305542,-21.443105697631836,
18.208,2.0625,-7.699450492858887,-1.0515203475952148,-24.375,4.483150005340576,-21.57866668701172,
18.218,4.1875,-5.915037631988525,0.8025370240211487,-24.5,4.313145160675049,-21.738725662231445,
18.228,6.375,-4.0225443840026855,2.758601427078247,-24.75,4.13401985168457,-21.88392448425293,
18.238,6.375,-2.03977370262146,4.811214923858643,-24.75,3.9541757106781006,-22.039154052734375,
18.248,8.5625,-0.0010054558515548706,6.9105658531188965,-25,3.6084861755371094,-22.351499557495117,
18.258,12.9375,2.1218316555023193,9.073477745056152,-25.6875,3.179436683654785,-22.719858169555664,
18.268,14.625,3.8555963039398193,11.027788162231445,-25.6875,3.0436410903930664,-22.945621490478516,
18.278,16.125,5.121190547943115,12.582111358642578,-25.1875,3.4057047367095947,-22.723981857299805,
18.288,16.125,6.6252031326293945,14.25579833984375,-25.1875,3.6908504962921143,-22.467405319213867,
18.298,17.4375,8.03393268585205,15.912665367126465,-24.4375,3.944211006164551,-22.27463722229004,
18.308,19.4375,8.81322193145752,17.142444610595703,-21.9375,4.842266082763672,-21.463375091552734,
18.318,20.375,9.06561279296875,17.861093521118164,-20.4375,6.081031322479248,-20.107030868530273,
18.328,21.375,9.310837745666504,18.51290512084961,-19.0625,7.485561370849609,-18.48019027709961,
18.338,21.375,9.781539916992188,19.32837677001953,-19.0625,8.428975105285645,-17.332412719726562,
18.348,22.375,10.467902183532715,20.274721145629883,-17.625,9.362035751342773,-16.24725341796875,
18.358,24.5,11.585541725158691,21.492021560668945,-14.875,10.253826141357422,-15.184221267700195,
18.368,25.5,12.356635093688965,22.385435104370117,-13.5,11.349712371826172,-13.979122161865234,
18.378,26.5,13.086243629455566,23.220420837402344,-12.1875,12.71624755859375,-12.527482986450195,
18.388,26.5,13.758008003234863,23.99002456665039,-12.1875,14.012589454650879,-11.140107154846191,
18.398,27.1875,14.627915382385254,24.95149803161621,-10.9375,14.965222358703613,-10.086977005004883,
18.408,28,15.260866165161133,25.708080291748047,-8.625,15.886496543884277,-9.086705207824707,
18.418,28.125,15.764355659484863,26.293128967285156,-7.625,16.849868774414062,-7.9972686767578125,
18.428,28.1875,15.962409973144531,26.574535369873047,-6.625,17.768089294433594,-6.998525142669678,
18.438,28.1875,15.619562149047852,26.357891082763672,-6.625,18.649917602539062,-6.04485559463501,
18.448,28.25,15.40389633178711,26.21268081665039,-5.5625,19.67578125,-4.989843845367432,
18.458,28.5,15.388875961303711,26.2071475982666,-3.5625,20.603191375732422,-4.095292568206787,
18.468,28.6875,15.747480392456055,26.529586791992188,-2.5625,21.55940055847168,-3.211174249649048,
18.478,28.75,16.05143928527832,26.819927215576172,-1.625,22.628036499023438,-2.1848230361938477,
18.488,28.75,16.26991081237793,27.026966094970703,-1.625,23.665803909301758,-1.2059845924377441,
18.498,28.75,16.376985549926758,27.15257453918457,-0.875,24.528076171875,-0.3759830892086029,
18.508,28.625,16.34413719177246,27.167444229125977,0.5,25.29002571105957,0.3867705762386322,
18.518,28.5625,16.311288833618164,27.1441650390625,1.125,25.94786834716797,1.0523319244384766,
18.528,28.5625,16.314289093017578,27.145103454589844,1.75,26.559152603149414,1.6620792150497437,
18.538,28.5625,16.244121551513672,27.0897274017334,1.75,27.207719802856445,2.3095736503601074,
18.548,28.5625,16.194717407226562,27.04844093322754,2.3125,27.799942016601562,2.9299802780151367,
18.558,28.5625,16.216081619262695,27.068256378173828,3.25,28.21860694885254,3.425199031829834,
18.568,28.5,16.31821060180664,27.161376953125,3.6875,28.657670974731445,3.9283242225646973,
18.578,28.4375,16.369497299194336,27.20265769958496,4.125,29.038013458251953,4.376081466674805,
18.588,28.4375,16.374897003173828,27.201889038085938,4.125,29.371145248413086,4.762205600738525,
18.598,28.375,16.377424240112305,27.196273803710938,4.5625,29.756988525390625,5.189047336578369,
18.608,28.25,16.304325103759766,27.13029670715332,5.375,30.119430541992188,5.617656230926514,
18.618,28.1875,16.229339599609375,27.056400299072266,5.75,30.43504524230957,5.996123313903809,
18.628,28.0625,16.2471981048584,27.056747436523438,6.125,30.759092330932617,6.382256031036377,
18.638,28.0625,16.234670639038086,27.031646728515625,6.125,31.128183364868164,6.803231716156006,
18.648,28,16.18560218811035,26.972158432006836,6.5625,31.413238525390625,7.152653694152832,
18.658,27.875,16.1641788482666,26.933853149414062,7.25,31.673295974731445,7.477261543273926,
18.668,27.75,16.14295196533203,26.89813804626465,7.5625,32.0352897644043,7.903921127319336,
18.678,27.6875,16.09404754638672,26.835681915283203,7.875,32.334205627441406,8.289212226867676,
18.688,27.6875,16.026865005493164,26.75349998474121,7.875,32.48987579345703,8.556124687194824,
18.698,27.625,16.07996940612793,26.76948356628418,8,32.67384719848633,8.89206314086914,
18.708,27.4375,16.136497497558594,26.776769638061523,8.1875,32.6811408996582,9.079426765441895,
18.718,27.4375,16.07962417602539,26.680444717407227,8.25,32.57859420776367,9.136390686035156,
18.728,27.4375,15.987161636352539,26.556119918823242,8.25,32.49837875366211,9.201152801513672,
18.738,27.4375,16.024616241455078,26.547489166259766,8.25,32.42001724243164,9.263059616088867,
18.748,27.5,16.237550735473633,26.69548797607422,8.25,32.402469635009766,9.375077247619629,
18.758,27.5,16.297948837280273,26.72801971435547,8.25,32.25192642211914,9.327361106872559,
18.768,27.5,16.26468276977539,26.685821533203125,8.1875,32.0718879699707,9.23675537109375,
18.778,27.5,16.224748611450195,26.643335342407227,8.125,31.931325912475586,9.171300888061523,
18.788,27.5,16.266525268554688,26.666812896728516,8.125,31.842378616333008,9.150350570678711,
18.798,27.5,16.33740234375,26.714086532592773,8.0625,31.71295738220215,9.081257820129395,
18.808,27.5625,16.41910171508789,26.774566650390625,7.9375,31.642576217651367,9.055079460144043,
18.818,27.625,16.492053985595703,26.82870864868164,7.875,31.573841094970703,9.024009704589844,
18.828,27.625,16.553438186645508,26.872966766357422,7.75,31.45305633544922,8.961822509765625,
18.838,27.625,16.61346435546875,26.917131423950195,7.75,31.242399215698242,8.823040008544922,
18.848,27.6875,16.726211547851562,27.00262451171875,7.625,31.118236541748047,8.764517784118652,
18.858,27.6875,16.805522918701172,27.058868408203125,7.5,30.95455551147461,8.674125671386719,
18.868,27.75,16.793142318725586,27.034854888916016,7.1875,30.68384552001953,8.474130630493164,
18.878,27.75,16.78752899169922,27.016582489013672,7,30.419784545898438,8.277599334716797,
18.888,27.75,16.86219024658203,27.064075469970703,7,30.17850112915039,8.09864616394043,
18.898,27.8125,16.94670867919922,27.121179580688477,6.875,29.986055374145508,7.97186279296875,
18.908,27.8125,17.022165298461914,27.169301986694336,6.75,29.791961669921875,7.843227863311768,
18.918,27.8125,17.14887237548828,27.258853912353516,6.5625,29.60738754272461,7.7236785888671875,
18.928,27.8125,17.215213775634766,27.296533584594727,6.5,29.432947158813477,7.617340087890625,
18.938,27.8125,17.204742431640625,27.267372131347656,6.5,29.302127838134766,7.567330837249756,
18.948,27.8125,17.21581268310547,27.248083114624023,6.4375,29.180509567260742,7.550678730010986,
18.958,27.9375,17.324630737304688,27.304594039916992,6.1875,29.10816192626953,7.608597278594971,
18.968,28.0625,17.449716567993164,27.370328903198242,6,28.904050827026367,7.55535888671875,
18.978,28.125,17.6027889251709,27.463260650634766,5.625,28.649242401123047,7.472527027130127,
18.988,28.125,17.817766189575195,27.609952926635742,5.625,28.20809555053711,7.222168922424316,
18.998,28.25,18.041730880737305,27.771427154541016,5.25,27.71622657775879,6.922328472137451,
19.008,28.3125,18.18865966796875,27.873123168945312,4.75,27.112085342407227,6.504137992858887,
19.018,28.5,18.3419132232666,27.97916030883789,3.6875,26.470739364624023,6.034237861633301,
19.028,28.5625,18.459877014160156,28.05838394165039,3.125,25.773212432861328,5.486857891082764,
19.038,28.5625,18.603839874267578,28.16048240661621,3.125,25.101852416992188,4.953149795532227,
19.048,28.625,18.742204666137695,28.26095962524414,2.5625,24.415781021118164,4.39192008972168,
19.058,28.6875,18.77497673034668,28.271198272705078,2.0625,23.850494384765625,3.9362049102783203,
19.068,28.75,18.8465518951416,28.30896759033203,1.0625,23.217243194580078,3.406777858734131,
19.078,28.75,19.03202247619629,28.44329833984375,1.0625,22.47284507751465,2.7431881427764893,
19.088,28.75,19.01400375366211,28.419490814208984,0.6875,21.933626174926758,2.2350525856018066,
19.098,28.6875,18.88582420349121,28.295751571655273,0.3125,21.5537052154541,1.8786842823028564,
19.108,28.6875,18.848154067993164,28.232559204101562,0,21.15508460998535,1.5158315896987915,
19.118,28.6875,18.911672592163086,28.25601577758789,0,20.909643173217773,1.274644136428833,
19.128,28.6875,18.895263671875,28.212358474731445,-0.3125,20.688413619995117,1.0287632942199707,
19.138,28.75,18.926183700561523,28.20556640625,-0.5,20.408891677856445,0.7404110431671143,
19.148,28.75,19.08373260498047,28.308237075805664,-0.625,20.213136672973633,0.5325472950935364,
19.158,28.75,19.1715145111084,28.356590270996094,-0.625,20.292964935302734,0.5963013172149658,
19.168,28.75,19.198911666870117,28.3529052734375,-0.625,20.247488021850586,0.5547406077384949,
19.178,28.8125,19.260242462158203,28.38047981262207,-0.6875,20.158334732055664,0.46073096990585327,
19.188,28.75,19.259538650512695,28.352825164794922,-0.6875,20.18325424194336,0.48756006360054016,
19.198,28.8125,19.30556869506836,28.354835510253906,-0.8125,20.129751205444336,0.4940647780895233,
19.208,28.8125,19.402809143066406,28.3997802734375,-0.9375,20.036659240722656,0.4844054579734802,
19.218,28.8125,19.583396911621094,28.520946502685547,-0.9375,19.87784194946289,0.3983493447303772,
19.228,28.875,19.678895950317383,28.57805633544922,-1.25,19.522615432739258,0.13415630161762238,
19.238,28.8125,19.746129989624023,28.609926223754883,-1.5,19.083581924438477,-0.20687858760356903,
19.248,28.75,19.719995498657227,28.565048217773438,-1.625,18.889739990234375,-0.3294675946235657,
19.258,28.6875,19.58220863342285,28.423803329467773,-1.75,18.71082305908203,-0.4436627924442291,
19.268,28.625,19.408329010009766,28.236337661743164,-1.875,18.51958656311035,-0.5679953098297119,
19.278,28.625,19.350318908691406,28.133872985839844,-1.9375,18.402408599853516,-0.641728401184082,
19.288,28.6875,19.418094635009766,28.13983917236328,-1.9375,18.332565307617188,-0.6639951467514038,
19.298,28.75,19.581180572509766,28.234968185424805,-2,18.204832077026367,-0.7174546122550964,
19.308,28.8125,19.839431762695312,28.4150390625,-2.0625,18.0875186920166,-0.7671263813972473,
19.318,28.875,20.04784393310547,28.57219123840332,-2.125,17.989377975463867,-0.7858184576034546,
19.328,28.875,20.143321990966797,28.633464813232422,-2.25,17.800275802612305,-0.8710871338844299,
19.338,28.8125,20.148027420043945,28.615720748901367,-2.4375,17.614093780517578,-0.9579570293426514,
19.348,28.75,20.099658966064453,28.54271697998047,-2.625,17.35049819946289,-1.1277763843536377,
19.358,28.6875,20.016216278076172,28.43808364868164,-2.9375,17.029922485351562,-1.3519824743270874,
19.368,28.625,20.033212661743164,28.405792236328125,-3.25,16.694055557250977,-1.605777382850647,
19.378,28.5625,20.09093475341797,28.408447265625,-3.5,16.36713409423828,-1.8638570308685303,
19.388,28.5625,20.1275634765625,28.397689819335938,-3.8125,15.966255187988281,-2.1996865272521973,
19.398,28.5,20.164339065551758,28.391420364379883,-4.0625,15.611736297607422,-2.4880080223083496,
19.408,28.4375,20.241926193237305,28.418964385986328,-4.25,15.306230545043945,-2.711920976638794,
19.418,28.375,20.23408317565918,28.378738403320312,-4.4375,15.04647445678711,-2.86892032623291,
19.428,28.3125,20.143009185791016,28.266372680664062,-4.625,14.74809741973877,-3.0563201904296875,
19.438,28.125,20.045494079589844,28.151805877685547,-4.75,14.447693824768066,-3.253570556640625,
19.448,28,19.96156120300293,28.047714233398438,-4.875,14.126845359802246,-3.4851973056793213,
19.458,27.75,19.836181640625,27.915796279907227,-4.9375,13.88420581817627,-3.651855707168579,
19.468,27.375,19.62034034729004,27.704530715942383,-4.875,13.75173568725586,-3.7269787788391113,
19.478,26.9375,19.211870193481445,27.329334259033203,-4.6875,13.711997032165527,-3.7356228828430176,
19.488,26.375,18.637378692626953,26.805986404418945,-4.4375,13.767109870910645,-3.6597256660461426,
19.498,25.8125,18.111215591430664,26.305503845214844,-4.0625,13.963287353515625,-3.450892210006714,
19.508,25.25,17.59958839416504,25.78518295288086,-3.625,14.286665916442871,-3.129624605178833,
19.518,24.6875,16.978145599365234,25.18581199645996,-3.125,14.733863830566406,-2.701378107070923,
19.528,24.1875,16.527620315551758,24.70660400390625,-2.5625,15.234030723571777,-2.2481634616851807,
19.538,23.75,15.982048034667969,24.15850067138672,-1.875,15.806014060974121,-1.7440576553344727,
19.548,23.3125,15.5955171585083,23.742115020751953,-1.125,16.505615234375,-1.1166226863861084,
19.558,22.875,15.174100875854492,23.312286376953125,-0.375,17.256996154785156,-0.43856415152549744,
19.568,22.4375,14.77109432220459,22.896732330322266,0.375,18.13674545288086,0.355146199464798,
19.578,22.0625,14.375134468078613,22.48794174194336,1.3125,18.97773551940918,1.0935578346252441,
19.588,21.625,13.980415344238281,22.089426040649414,2.1875,19.82900047302246,1.847015619277954,
19.598,21.3125,13.6011962890625,21.700435638427734,3.25,20.795917510986328,2.704482078552246,
19.608,20.9375,13.315718650817871,21.39706802368164,4.3125,21.83309555053711,3.6307055950164795,
19.618,20.625,13.04006290435791,21.113908767700195,5.5,22.968738555908203,4.644065856933594,
19.628,20.25,12.722641944885254,20.80796241760254,6.75,24.16702651977539,5.699759483337402,
19.638,19.8125,12.40262508392334,20.506298065185547,8.125,25.471036911010742,6.842654705047607,
19.648,19.375,12.000489234924316,20.14124298095703,9.5625,26.91750144958496,8.12398910522461,
19.658,18.875,11.553793907165527,19.74161720275879,11.125,28.48780059814453,9.531902313232422,
19.668,18.375,11.058404922485352,19.303171157836914,12.75,30.132837295532227,11.017975807189941,
19.678,17.75,10.576098442077637,18.87337303161621,14.5,31.882612228393555,12.615385055541992,
19.688,17.1875,10.04643440246582,18.405284881591797,16.25,33.65555191040039,14.245583534240723,
19.698,16.5,9.385116577148438,17.83978271484375,18.0625,35.463775634765625,15.913070678710938,
19.708,15.75,8.658348083496094,17.231611251831055,19.875,37.389060974121094,17.687664031982422,
19.718,15,7.799256324768066,16.541248321533203,21.625,39.36135482788086,19.51133155822754,
19.728,14.125,6.895387172698975,15.836071014404297,23.375,41.3092041015625,21.2974853515625,
19.738,13.3125,5.954545021057129,15.107718467712402,25.125,43.23545837402344,23.05321502685547,
19.748,12.4375,4.865118503570557,14.29236888885498,26.8125,45.2009162902832,24.87215232849121,
19.758,11.375,3.5587050914764404,13.344100952148438,28.125,46.891029357910156,26.545129776000977,
19.768,10.3125,2.2182042598724365,12.323382377624512,28.9375,48.08384323120117,27.84956932067871,
19.778,9.25,0.953329861164093,11.317530632019043,29.3125,48.74785614013672,28.708011627197266,
19.788,8.0625,-0.09846925735473633,10.513110160827637,29.4375,48.974124908447266,29.097408294677734,
19.798,6.8125,-1.6335411071777344,9.329397201538086,29.5,48.5615348815918,28.751617431640625,
19.808,5.4375,-3.3769915103912354,8.024758338928223,29.6875,48.5220832824707,28.691328048706055,
19.818,4.125,-5.232943058013916,6.6181416511535645,30.125,49.128021240234375,29.255428314208984,
19.828,2.8125,-7.0416460037231445,5.283168315887451,30.5625,49.829288482666016,30.001529693603516,
19.838,1.625,-8.722298622131348,4.003828525543213,30.8125,50.23157501220703,30.566875457763672,
19.848,0.5625,-10.28962516784668,2.783785343170166,30.8125,50.15004348754883,30.694740295410156,
19.858,-0.375,-11.6309814453125,1.7029824256896973,30.75,49.773780822753906,30.562204360961914,
19.868,-1.375,-12.97254753112793,0.6317309141159058,30.5625,49.141666412353516,30.151268005371094,
19.878,-2.375,-14.028189659118652,-0.20689985156059265,30.5,48.749298095703125,29.980716705322266,
19.888,-3.25,-15.178025245666504,-1.1482559442520142,30.5,48.491455078125,29.914812088012695,
19.898,-4.125,-16.46392059326172,-2.1969003677368164,30.5625,48.458072662353516,30.09316062927246,
19.908,-4.875,-17.552427291870117,-3.104151964187622,30.5625,48.30389404296875,30.188119888305664,
19.918,-5.5,-18.49361228942871,-3.8596208095550537,30.5,48.08281326293945,30.264331817626953,
19.928,-5.9375,-19.28787612915039,-4.470516204833984,30.3125,47.797950744628906,30.30437660217285,
19.938,-6.375,-19.868627548217773,-4.875604629516602,29.9375,47.375587463378906,30.281597137451172,
19.948,-6.8125,-20.255102157592773,-5.151277542114258,29.0625,46.398990631103516,29.817596435546875,
19.958,-7.1875,-20.640689849853516,-5.423367500305176,28.25,45.434200286865234,29.25260353088379,
19.968,-7.75,-21.13922691345215,-5.844932556152344,27.125,44.21400833129883,28.472745895385742,
19.978,-8.3125,-21.681045532226562,-6.375000476837158,25.75,42.63238525390625,27.340978622436523,
19.988,-9,-22.228939056396484,-6.968173980712891,24.25,40.881248474121094,26.024517059326172,
19.998,-9.8125,-22.792688369750977,-7.656172752380371,22.4375,38.86930465698242,24.487743377685547,
20.008,-10.5625,-23.380657196044922,-8.397862434387207,20.625,36.87898635864258,22.892454147338867,
20.018,-11.375,-23.897207260131836,-9.151846885681152,18.625,34.838294982910156,21.262596130371094,
20.028,-12.0625,-24.230424880981445,-9.874229431152344,16.1875,32.29033660888672,19.157188415527344,
20.038,-12.625,-24.48841667175293,-10.560077667236328,13.5625,29.625408172607422,16.863048553466797,
20.048,-13.125,-24.739707946777344,-11.195759773254395,10.75,27.004810333251953,14.540236473083496,
20.058,-13.625,-24.881526947021484,-11.742111206054688,7.8125,24.04120635986328,11.899511337280273,
20.068,-14.0625,-24.953720092773438,-12.197747230529785,4.875,20.96110725402832,9.053526878356934,
20.078,-14.5,-25.093046188354492,-12.66316032409668,2,17.893905639648438,6.159148693084717,
20.088,-14.875,-25.239057540893555,-13.088447570800781,-0.875,14.845013618469238,3.2442374229431152,
20.098,-15.25,-25.380380630493164,-13.461136817932129,-3.75,11.845664978027344,0.37510424852371216,
20.108,-15.5,-25.530105590820312,-13.779327392578125,-6.5,8.949239730834961,-2.43161940574646,
20.118,-15.75,-25.735340118408203,-14.102527618408203,-9.125,6.247267723083496,-5.123473644256592,
20.128,-15.875,-25.969146728515625,-14.400421142578125,-11.75,3.6470255851745605,-7.7174177169799805,
20.138,-15.9375,-26.091367721557617,-14.556766510009766,-14.1875,1.1354224681854248,-10.242908477783203,
20.148,-15.8125,-26.13264274597168,-14.591312408447266,-16.625,-1.2391276359558105,-12.645265579223633,
20.158,-15.5,-26.1572322845459,-14.542658805847168,-18.875,-3.5907981395721436,-14.996671676635742,
20.168,-15,-25.93134880065918,-14.278834342956543,-20.9375,-5.61867618560791,-17.132631301879883,
20.178,-14.3125,-25.642576217651367,-13.895702362060547,-22.8125,-7.580189228057861,-19.197872161865234,
20.188,-13.4375,-25.14921760559082,-13.286005020141602,-24.375,-9.32301139831543,-21.050708770751953,
20.198,-12.375,-24.7310791015625,-12.671690940856934,-25.4375,-11.086690902709961,-22.842378616333008,
20.208,-12.375,-23.969987869262695,-11.79802131652832,-25.4375,-12.15240478515625,-24.06390380859375,
20.218,-10,-23.047775268554688,-10.79708480834961,-26.375,-12.54518985748291,-24.686506271362305,
20.228,-8.8125,-22.040090560913086,-9.679105758666992,-26.5,-12.91688060760498,-25.179746627807617,
20.238,-7.6875,-21.105504989624023,-8.625578880310059,-26.625,-13.301010131835938,-25.601947784423828,
20.248,-7.6875,-20.049129486083984,-7.475045680999756,-26.625,-13.252079963684082,-25.51519203186035,
20.258,-6.6875,-19.207313537597656,-6.49577522277832,-26.8125,-13.359557151794434,-25.509016036987305,
20.268,-5.125,-18.509035110473633,-5.699023246765137,-27.3125,-13.571264266967773,-25.593721389770508,
20.278,-4.375,-17.905925750732422,-5.061169147491455,-27.5,-13.988752365112305,-25.899290084838867,
20.288,-3.75,-17.30418586730957,-4.466766834259033,-27.625,-14.423511505126953,-26.237123489379883,
20.298,-3.75,-16.70262908935547,-3.8850629329681396,-27.625,-14.826626777648926,-26.525211334228516,
20.308,-3.0625,-16.04889488220215,-3.2944588661193848,-27.625,-14.939830780029297,-26.553247451782227,
20.318,-1.5,-15.221440315246582,-2.655855417251587,-27.25,-14.84347915649414,-26.414377212524414,
20.328,-0.6875,-14.367999076843262,-2.019440174102783,-26.9375,-14.732991218566895,-26.23695182800293,
20.338,0.125,-13.417312622070312,-1.3508630990982056,-26.5625,-14.567892074584961,-25.986461639404297,
20.348,0.125,-12.47140121459961,-0.666144073009491,-26.5625,-14.337921142578125,-25.64892578125,
20.358,1.125,-11.223413467407227,0.2194923460483551,-26.1875,-14.090104103088379,-25.29313087463379,
20.368,3.1875,-9.863279342651367,1.1755824089050293,-25.375,-13.866556167602539,-24.967041015625,
20.378,4.25,-8.457804679870605,2.1830763816833496,-25.0625,-13.674552917480469,-24.65097427368164,
20.388,5.3125,-7.04156494140625,3.230635166168213,-24.8125,-13.537302017211914,-24.381202697753906,
20.398,5.3125,-5.625974178314209,4.281424045562744,-24.8125,-13.407771110534668,-24.14156150817871,
20.408,6.3125,-4.2397074699401855,5.324398517608643,-24.625,-13.317338943481445,-23.91921043395996,
20.418,8.1875,-2.932190179824829,6.311918258666992,-24.5625,-13.367968559265137,-23.811988830566406,
20.428,9.0625,-1.6912720203399658,7.239781379699707,-24.5625,-13.490161895751953,-23.79119873046875,
20.438,9.9375,-0.5280660390853882,8.096353530883789,-24.6875,-13.713671684265137,-23.87417221069336,
20.448,9.9375,0.6279577016830444,8.946138381958008,-24.6875,-13.922252655029297,-23.96396827697754,
20.458,10.8125,1.7587954998016357,9.778209686279297,-24.8125,-14.133565902709961,-24.063335418701172,
20.468,12.25,2.725787878036499,10.554868698120117,-24.6875,-14.056612014770508,-23.95848846435547,
20.478,12.8125,3.62876558303833,11.26397705078125,-24.375,-14.025247573852539,-23.889684677124023,
20.488,13.375,4.4551568031311035,11.908167839050293,-24,-13.995460510253906,-23.823467254638672,
20.498,13.375,5.387505054473877,12.62732219696045,-24,-13.970396041870117,-23.727502822875977,
20.508,13.8125,5.931944370269775,13.056949615478516,-23.5,-13.524778366088867,-23.19615936279297,
20.518,14.8125,6.361241340637207,13.363082885742188,-22.5625,-13.01335620880127,-22.556222915649414,
20.528,15.375,6.905788898468018,13.773118019104004,-22.125,-12.596887588500977,-22.014415740966797,
20.538,16,7.672732353210449,14.352149963378906,-21.75,-12.505359649658203,-21.822471618652344,
20.548,16,8.520879745483398,15.013011932373047,-21.75,-12.363635063171387,-21.584556579589844,
20.558,16.6875,9.436444282531738,15.71052074432373,-21.5,-12.171220779418945,-21.27330780029297,
20.568,18.0625,10.262158393859863,16.323423385620117,-21,-11.949110984802246,-20.9604434967041,
20.578,18.625,11.003235816955566,16.90614128112793,-20.625,-11.619280815124512,-20.55486488342285,
20.588,19.0625,11.670917510986328,17.429828643798828,-20.3125,-11.418913841247559,-20.290664672851562,
20.598,19.0625,12.398046493530273,17.978530883789062,-20.3125,-11.324613571166992,-20.127208709716797,
20.608,19.4375,13.143207550048828,18.5612850189209,-19.875,-11.157439231872559,-19.893823623657227,
20.618,20.0625,13.651731491088867,18.953176498413086,-18.9375,-10.87807846069336,-19.523324966430664,
20.628,20.3125,13.988994598388672,19.199405670166016,-18.4375,-10.426474571228027,-18.958656311035156,
20.638,20.6875,14.145100593566895,19.282873153686523,-18.0625,-10.042303085327148,-18.46101951599121,
20.648,20.6875,14.603463172912598,19.59512710571289,-18.0625,-9.71346664428711,-18.011653900146484,
20.658,21.0625,15.208915710449219,20.03506088256836,-17.6875,-9.562858581542969,-17.737281799316406,
20.668,21.9375,15.911681175231934,20.54839324951172,-17.125,-9.371567726135254,-17.42255210876465,
20.678,22.25,16.54863739013672,21.028583526611328,-16.8125,-9.115279197692871,-17.045236587524414,
20.688,22.5,16.870311737060547,21.28220558166504,-16.5,-8.917306900024414,-16.730880737304688,
20.698,22.5,17.3013973236084,21.6082763671875,-16.5,-8.707344055175781,-16.415876388549805,
20.708,22.625,17.80557632446289,22.003664016723633,-16.25,-8.724576950073242,-16.31430435180664,
20.718,22.8125,18.128000259399414,22.23932647705078,-15.75,-8.732660293579102,-16.18805694580078,
20.728,22.9375,18.275148391723633,22.309864044189453,-15.5625,-8.561904907226562,-15.859107971191406,
20.738,23,18.295177459716797,22.267822265625,-15.5,-8.40597152709961,-15.531242370605469,
20.748,23,18.49860382080078,22.3636474609375,-15.5,-8.429466247558594,-15.392134666442871,
20.758,23.125,18.771167755126953,22.524166107177734,-15.5,-8.596250534057617,-15.415820121765137,
20.768,23.125,19.06698226928711,22.703655242919922,-15.625,-8.842056274414062,-15.522722244262695,
20.778,23.0625,19.275312423706055,22.80764389038086,-15.6875,-9.030868530273438,-15.587684631347656,
20.788,23,19.387670516967773,22.821725845336914,-15.75,-9.176385879516602,-15.627175331115723,
20.798,23,19.351978302001953,22.705297470092773,-15.75,-9.34193229675293,-15.703497886657715,
20.808,22.9375,19.319740295410156,22.57986831665039,-15.75,-9.504070281982422,-15.784029960632324,
20.818,22.875,19.344066619873047,22.489999771118164,-15.8125,-9.612285614013672,-15.822484970092773,
20.828,22.875,19.405303955078125,22.428647994995117,-15.8125,-9.680022239685059,-15.82343864440918,
20.838,22.875,19.619094848632812,22.49461555480957,-15.8125,-9.780853271484375,-15.868169784545898,
20.848,22.875,19.839868545532227,22.57455062866211,-15.875,-9.895072937011719,-15.932933807373047,
20.858,22.875,20.016721725463867,22.62734031677246,-15.875,-10.021339416503906,-16.00550651550293,
20.868,22.8125,20.09090805053711,22.59906578063965,-15.875,-10.111433029174805,-16.029094696044922,
20.878,22.8125,20.184307098388672,22.587013244628906,-15.875,-10.159088134765625,-16.007505416870117,
20.888,22.8125,20.296316146850586,22.593963623046875,-15.875,-10.229488372802734,-16.006338119506836,
20.898,22.8125,20.373991012573242,22.574586868286133,-15.875,-10.301609992980957,-16.010156631469727,
20.908,22.875,20.472665786743164,22.576007843017578,-15.8125,-10.354501724243164,-15.998424530029297,
20.918,22.875,20.616849899291992,22.620594024658203,-15.8125,-10.386821746826172,-15.966936111450195,
20.928,23,20.805709838867188,22.708341598510742,-15.625,-10.393778800964355,-15.908798217773438,
20.938,23.0625,21.018857955932617,22.820154190063477,-15.5625,-10.390413284301758,-15.844032287597656,
20.948,23.125,21.22163200378418,22.927675247192383,-15.375,-10.344008445739746,-15.736352920532227,
20.958,23.1875,21.36544418334961,22.99460220336914,-15.25,-10.297098159790039,-15.618165969848633,
20.968,23.1875,21.481077194213867,23.03916358947754,-15.25,-10.250978469848633,-15.496792793273926,
20.978,23.375,21.662729263305664,23.136917114257812,-14.9375,-10.180221557617188,-15.353252410888672,
20.988,23.5,21.662729263305664,23.136917114257812,-14.8125,-10.180221557617188,-15.353252410888672,
20.998,23.625,22.068836212158203,23.383033752441406,-14.625,-10.037530899047852,-15.070823669433594,
21.008,23.625,22.28289222717285,23.51893424987793,-14.625,-9.904291152954102,-14.873197555541992,
21.018,23.9375,22.5059814453125,23.668052673339844,-14.125,-9.755704879760742,-14.661981582641602,
21.028,24.125,22.743532180786133,23.832477569580078,-13.9375,-9.604397773742676,-14.450315475463867,
21.038,24.25,22.99142837524414,24.006214141845703,-13.625,-9.383856773376465,-14.167869567871094,
21.048,24.375,23.182857513427734,24.134740829467773,-13.375,-9.06218147277832,-13.771655082702637,
21.058,24.5625,23.407459259033203,24.293197631835938,-13.1875,-8.916780471801758,-13.532222747802734,
21.068,24.5625,23.66829490661621,24.485750198364258,-13.1875,-8.899070739746094,-13.40265941619873,
21.078,24.625,23.879634857177734,24.644908905029297,-13.0625,-9.012369155883789,-13.395414352416992,
21.088,24.6875,24.037702560424805,24.763233184814453,-13.0625,-9.132500648498535,-13.401437759399414,
21.098,24.625,24.005109786987305,24.71742820739746,-13,-9.225202560424805,-13.367591857910156,
21.108,24.625,23.96341896057129,24.661157608032227,-12.9375,-9.291871070861816,-13.30824089050293,
21.118,24.6875,23.940330505371094,24.61716079711914,-12.8125,-9.323522567749023,-13.213611602783203,
21.128,24.6875,24.09490394592285,24.72666358947754,-12.8125,-9.378786087036133,-13.139638900756836,
21.138,24.75,24.299955368041992,24.88691520690918,-12.75,-9.442386627197266,-13.073307037353516,
21.148,24.875,24.497217178344727,25.043182373046875,-12.625,-9.503740310668945,-13.00507640838623,
21.158,24.875,24.5583553314209,25.086912155151367,-12.5625,-9.596179962158203,-12.952848434448242,
21.168,24.875,24.517637252807617,25.04241180419922,-12.625,-9.722225189208984,-12.926749229431152,
21.178,24.875,24.47939109802246,24.994155883789062,-12.625,-9.873250961303711,-12.928747177124023,
21.188,24.8125,24.480730056762695,24.97495460510254,-12.6875,-10.094348907470703,-13.007143020629883,
21.198,24.75,24.505887985229492,24.973613739013672,-12.9375,-10.33551025390625,-13.12218189239502,
21.208,24.6875,24.507490158081055,24.949329376220703,-13,-10.569454193115234,-13.241168975830078,
21.218,24.625,24.524179458618164,24.93657684326172,-13.1875,-10.811934471130371,-13.374011039733887,
21.228,24.625,24.524179458618164,24.93657684326172,-13.1875,-10.811934471130371,-13.374011039733887,
21.238,24.5625,24.474302291870117,24.836999893188477,-13.3125,-11.265939712524414,-13.622919082641602,
21.248,24.3125,24.385713577270508,24.732803344726562,-13.5625,-11.506811141967773,-13.7633695602417,
21.258,24.1875,24.281496047973633,24.617046356201172,-13.6875,-11.778876304626465,-13.949934959411621,
21.268,24,24.14961814880371,24.475589752197266,-13.75,-11.994987487792969,-14.099743843078613,
21.278,24,23.962358474731445,24.294870376586914,-13.75,-12.129081726074219,-14.188828468322754,
21.288,23.8125,23.71575927734375,24.06610107421875,-13.6875,-12.112273216247559,-14.164693832397461,
21.298,23.125,23.369178771972656,23.754959106445312,-13.0625,-11.917418479919434,-13.994196891784668,
21.308,22.625,22.878297805786133,23.320899963378906,-12.4375,-11.567065238952637,-13.689620971679688,
21.318,22.0625,22.34577751159668,22.826852798461914,-11.625,-10.993925094604492,-13.169584274291992,
21.328,21.5,21.75090789794922,22.269329071044922,-10.6875,-10.165026664733887,-12.42686653137207,
21.338,20.875,21.063587188720703,21.621017456054688,-9.625,-9.136096954345703,-11.5087890625,
21.348,20.25,20.53609275817871,21.084060668945312,-8.3125,-7.9891133308410645,-10.524959564208984,
21.358,19.5625,19.91077995300293,20.470108032226562,-6.875,-6.6465067863464355,-9.387350082397461,
21.368,18.8125,19.3272705078125,19.873027801513672,-5.3125,-5.112120628356934,-8.064594268798828,
21.378,18.0625,18.664113998413086,19.222148895263672,-3.5625,-3.4217894077301025,-6.594790935516357,
21.388,17.3125,18.010404586791992,18.565032958984375,-1.75,-1.5093268156051636,-4.898130893707275,
21.398,16.5,17.244245529174805,17.825275421142578,0.125,0.39153555035591125,-3.2027578353881836,
21.408,15.6875,16.473712921142578,17.08526039123535,2.0625,2.3217103481292725,-1.459554672241211,
21.418,14.9375,15.723142623901367,16.355236053466797,4.125,4.354459762573242,0.3855205476284027,
21.428,14.1875,14.986225128173828,15.640172958374023,6.25,6.463651180267334,2.31830096244812,
21.438,13.4375,14.273699760437012,14.952621459960938,8.4375,8.660161018371582,4.3198652267456055,
21.448,12.75,13.560493469238281,14.267264366149902,10.6875,10.881404876708984,6.3328046798706055,
21.458,12.0625,12.889302253723145,13.62867546081543,13.0625,13.233261108398438,8.467279434204102,
21.468,11.3125,12.254085540771484,13.024185180664062,15.5,15.685361862182617,10.706899642944336,
21.478,10.625,11.601737022399902,12.412834167480469,18,18.225454330444336,13.038098335266113,
21.488,9.875,10.887951850891113,11.752396583557129,20.5,20.872669219970703,15.494624137878418,
21.498,9.125,10.175944328308105,11.088050842285156,23,23.500612258911133,17.956768035888672,
21.508,8.375,9.452790260314941,10.400671005249023,25.4375,26.098508834838867,20.425334930419922,
21.518,7.5625,8.67989444732666,9.655659675598145,27.6875,28.799667358398438,23.07752799987793,
21.528,6.8125,7.86445426940918,8.830682754516602,29.8125,31.6648006439209,25.922082901000977,
21.538,6,6.957462310791016,7.924315452575684,31.625,33.749210357666016,28.087711334228516,
21.548,5.3125,6.0669145584106445,6.9937424659729,32.4375,35.053619384765625,29.742202758789062,
21.558,4.9375,5.673279762268066,6.386119842529297,32.625,35.65088653564453,30.746274948120117,
21.568,4.8125,5.393130302429199,5.892416477203369,32.3125,35.51527404785156,31.018070220947266,
21.578,4.75,5.629054546356201,5.868953704833984,31.8125,35.12517547607422,30.94025230407715,
21.588,4.8125,5.896489143371582,5.920845031738281,31.375,34.04182434082031,30.018842697143555,
21.598,4.8125,6.368075370788574,6.127506256103516,31.1875,33.547767639160156,29.57888412475586,
21.608,4.6875,6.611424446105957,6.137442588806152,31.25,33.415061950683594,29.496767044067383,
21.618,4.5,6.986170291900635,6.216928005218506,31.3125,33.641937255859375,29.850412368774414,
21.628,4.1875,6.952556610107422,5.980576992034912,31.3125,33.697654724121094,30.076841354370117,
21.638,3.6875,6.766915798187256,5.617980003356934,31.1875,33.65334701538086,30.223827362060547,
21.648,3.0625,6.539747714996338,5.22347354888916,30.6875,33.374168395996094,30.231948852539062,
21.658,2.4375,5.9614152908325195,4.565671443939209,29.6875,32.49111557006836,29.723844528198242,
21.668,1.75,5.423669815063477,3.9932162761688232,28.25,31.428455352783203,29.082149505615234,
21.678,1.125,4.590001106262207,3.2235870361328125,26.25,29.925504684448242,28.05860137939453,
21.688,0.5,3.7951619625091553,2.524035692214966,23.75,27.565183639526367,26.2348575592041,
21.698,0,3.2411184310913086,2.0408451557159424,20.8125,24.50484848022461,23.68045997619629,
21.708,-0.5625,2.461422920227051,1.3670299053192139,17.5625,21.069095611572266,20.727886199951172,
21.718,-1.0625,1.8385261297225952,0.7975254058837891,14.1875,17.189388275146484,17.28917121887207,
21.728,-1.4375,1.2323987483978271,0.22709083557128906,10.6875,13.495437622070312,14.014479637145996,
21.738,-1.75,0.8244202733039856,-0.19449232518672943,7.1875,9.824674606323242,10.729850769042969,
21.748,-1.9375,0.4859354496002197,-0.532537043094635,3.6875,5.839218616485596,7.078279972076416,
21.758,-2.0625,0.38997623324394226,-0.6679529547691345,0.375,1.8930414915084839,3.4231152534484863,
21.768,-2.125,0.47475194931030273,-0.6342647671699524,-2.75,-1.640194296836853,0.13786892592906952,
21.778,-2.3125,0.542723536491394,-0.5824013352394104,-5.9375,-4.990376949310303,-2.9207651615142822,
21.788,-2.5625,0.35437434911727905,-0.7224973440170288,-9,-8.310025215148926,-5.958263874053955,
21.798,-2.9375,0.0058027468621730804,-1.0023436546325684,-12,-11.672552108764648,-9.080328941345215,
21.808,-3.375,-0.5025039315223694,-1.4206490516662598,-14.8125,-14.851818084716797,-12.070560455322266,
21.818,-3.875,-1.1008070707321167,-1.934747338294983,-17.5,-17.842639923095703,-14.888340950012207,
21.828,-4.3125,-1.76095449924469,-2.5208966732025146,-19.9375,-20.587045669555664,-17.489505767822266,
21.838,-4.625,-2.2444968223571777,-2.9714949131011963,-22.1875,-23.018539428710938,-19.816795349121094,
21.848,-4.875,-2.6327850818634033,-3.3425447940826416,-24.125,-25.26482391357422,-22.01095199584961,
21.858,-5,-2.7517478466033936,-3.5093994140625,-25.625,-27.173038482666016,-23.954269409179688,
21.868,-5.0625,-2.8275227546691895,-3.6307246685028076,-26.8125,-28.677160263061523,-25.509727478027344,
21.878,-5.0625,-2.716165542602539,-3.5831222534179688,-27.5,-29.445274353027344,-26.392868041992188,
21.888,-5.125,-2.6948933601379395,-3.5738699436187744,-27.6875,-29.67036247253418,-26.812044143676758,
21.898,-5.25,-2.639254331588745,-3.540234327316284,-27.625,-29.737821578979492,-27.039857864379883,
21.908,-5.375,-2.8088879585266113,-3.677729845046997,-27.4375,-29.678468704223633,-27.099241256713867,
21.918,-5.5625,-3.0834462642669678,-3.9145569801330566,-27.1875,-29.2235050201416,-26.711666107177734,
21.928,-5.6875,-3.323697090148926,-4.1520915031433105,-26.875,-28.818111419677734,-26.35354995727539,
21.938,-5.8125,-3.3987042903900146,-4.264643669128418,-26.6875,-28.65815544128418,-26.19878387451172,
21.948,-5.9375,-3.470696449279785,-4.384106636047363,-26.3125,-28.419389724731445,-26.046607971191406,
21.958,-6,-3.543358087539673,-4.520893573760986,-25.75,-27.95232391357422,-25.731443405151367,
21.968,-6.0625,-3.590794801712036,-4.637866973876953,-24.9375,-27.326265335083008,-25.252920150756836,
21.978,-6.0625,-3.619011163711548,-4.7517476081848145,-24,-26.44037628173828,-24.526714324951172,
21.988,-6.0625,-3.417391538619995,-4.652720928192139,-22.75,-25.214235305786133,-23.4915771484375,
21.998,-6,-3.4192397594451904,-4.717563629150391,-21.3125,-23.882770538330078,-22.393150329589844,
22.008,-5.875,-3.430490493774414,-4.757382392883301,-19.75,-22.414947509765625,-21.149986267089844,
22.018,-5.75,-3.298475503921509,-4.661820888519287,-17.75,-20.655132293701172,-19.700159072875977,
22.028,-5.6875,-3.1281368732452393,-4.505516529083252,-15.625,-18.525869369506836,-17.871538162231445,
22.038,-5.5625,-2.9822535514831543,-4.365749359130859,-13.1875,-16.17524528503418,-15.835931777954102,
22.048,-5.375,-2.9653737545013428,-4.3265533447265625,-10.6875,-13.634124755859375,-13.603081703186035,
22.058,-5.3125,-2.9495503902435303,-4.2876667976379395,-8,-11.136712074279785,-11.36113166809082,
22.068,-5.1875,-2.8782122135162354,-4.1951117515563965,-5.25,-8.387754440307617,-8.908531188964844,
22.078,-5.0625,-2.7436776161193848,-4.054797649383545,-2.5,-5.5276923179626465,-6.312344551086426,
22.088,-4.875,-2.6560404300689697,-3.9615774154663086,0.125,-2.637357234954834,-3.657987117767334,
22.098,-4.8125,-2.593747854232788,-3.886531352996826,2.875,0.1748884618282318,-1.0728458166122437,
22.108,-4.625,-2.5332629680633545,-3.8208892345428467,5.4375,2.9393627643585205,1.4622917175292969,
22.118,-4.4375,-2.4099671840667725,-3.724836826324463,8.0625,5.632251739501953,3.9586000442504883,
22.128,-4.1875,-2.231814384460449,-3.5935983657836914,10.625,8.294692993164062,6.440607070922852,
22.138,-3.875,-1.9772107601165771,-3.3966903686523438,13.1875,10.913246154785156,8.86752986907959,
22.148,-3.5,-1.6157894134521484,-3.1111233234405518,15.75,13.601059913635254,11.363051414489746,
22.158,-3.0625,-1.2174283266067505,-2.7777745723724365,18.25,16.220705032348633,13.800312042236328,
22.168,-2.5,-0.795272171497345,-2.4194750785827637,20.6875,18.79882049560547,16.22809410095215,
22.178,-1.875,-0.29001766443252563,-1.9753245115280151,23.125,21.27105140686035,18.563323974609375,
22.188,-1.1875,0.5304918885231018,-1.238213300704956,25.3125,23.837804794311523,21.065717697143555,
22.198,-0.5,1.3712158203125,-0.4569973349571228,27.1875,26.152238845825195,23.380422592163086,
22.208,0,2.1945180892944336,0.3129943609237671,28.625,28.42923927307129,25.588180541992188,
22.218,0.4375,2.9814131259918213,1.0848493576049805,29.5,30.43347930908203,27.705055236816406,
22.228,0.625,3.4572036266326904,1.6259512901306152,29.75,31.18992805480957,28.913986206054688,
22.238,0.5,3.6796000003814697,1.9067044258117676,29.3125,31.255599975585938,29.39495086669922,
22.248,0.25,3.5285208225250244,1.8174824714660645,28.375,30.39159393310547,28.931169509887695,
22.258,0.25,3.3354663848876953,1.6325657367706299,28.375,29.605676651000977,28.375492095947266,
22.268,-0.0625,2.8970322608947754,1.2377541065216064,27,28.288352966308594,27.38931655883789,
22.278,-1.0625,2.5209388732910156,0.8669217228889465,23.3125,26.397869110107422,25.93828010559082,
22.288,-1.4375,2.2055530548095703,0.5111120343208313,21.1875,24.318164825439453,24.222431182861328,
22.298,-1.75,1.786100149154663,0.052196357399225235,18.9375,21.97028350830078,22.193944931030273,
22.308,-1.75,1.5131280422210693,-0.2610967457294464,18.9375,19.685104370117188,20.178422927856445,
22.318,-2,1.2560899257659912,-0.571561336517334,16.5,17.18108558654785,17.998048782348633,
22.328,-2.125,1.1227107048034668,-0.792110800743103,10.9375,14.380221366882324,15.641463279724121,
22.338,-2.0625,1.1318018436431885,-0.8382409811019897,7.8125,11.36979866027832,13.073244094848633,
22.348,-1.9375,1.2933387756347656,-0.7299963235855103,4.5625,7.919272422790527,10.005142211914062,
22.358,-1.9375,1.4207539558410645,-0.6232410669326782,4.5625,4.406533241271973,6.818735122680664,
22.368,-1.8125,1.6760669946670532,-0.3915114402770996,1.25,0.824236273765564,3.5583670139312744,
22.378,-2,1.7728017568588257,-0.2165621519088745,-5.5625,-2.8258466720581055,0.284828782081604,
22.388,-2.3125,1.597048044204712,-0.3078960180282593,-8.875,-6.436024188995361,-3.050422191619873,
22.398,-2.75,1.2254012823104858,-0.5843059420585632,-12.0625,-9.900163650512695,-6.297859191894531,
22.408,-2.75,0.7016298770904541,-1.0306875705718994,-12.0625,-13.488247871398926,-9.63913345336914,
22.418,-3.25,0.14743494987487793,-1.5038418769836426,-14.9375,-16.830371856689453,-12.81807804107666,
22.428,-4.25,-0.46139106154441833,-2.0377919673919678,-19.6875,-19.300691604614258,-15.348716735839844,
22.438,-4.75,-0.9861084222793579,-2.5121967792510986,-21.5,-21.322250366210938,-17.409128189086914,
22.448,-5.25,-1.512468695640564,-2.986337900161743,-22.875,-22.92123794555664,-19.07547378540039,
22.458,-5.25,-2.0144362449645996,-3.43597412109375,-22.875,-24.586061477661133,-20.699607849121094,
22.468,-5.625,-2.546283721923828,-3.9196174144744873,-23.9375,-25.915424346923828,-22.094470977783203,
22.478,-6.25,-2.902218818664551,-4.278634548187256,-24.875,-26.33143424987793,-22.77312660217285,
22.488,-6.4375,-3.182600736618042,-4.54496955871582,-24.8125,-26.31629180908203,-22.978534698486328,
22.498,-6.5625,-3.3955674171447754,-4.7616119384765625,-24.375,-26.036861419677734,-22.927467346191406,
22.508,-6.5625,-3.4210855960845947,-4.79241943359375,-24.375,-25.673301696777344,-22.6815185546875,
22.518,-6.625,-3.5147242546081543,-4.867328643798828,-23.8125,-25.1431884765625,-22.300582885742188,
22.528,-6.5625,-3.568991184234619,-4.926437854766846,-22.0625,-24.237804412841797,-21.63523292541504,
22.538,-6.5625,-3.595839500427246,-4.95061731338501,-20.875,-23.08814239501953,-20.732223510742188,
22.548,-6.5,-3.5288331508636475,-4.919022560119629,-19.375,-21.741619110107422,-19.661312103271484,
22.558,-6.5,-3.4980223178863525,-4.904836654663086,-19.375,-20.400997161865234,-18.51423454284668,
22.568,-6.375,-3.4512624740600586,-4.887930870056152,-17.5625,-18.752988815307617,-17.15414810180664,
22.578,-5.8125,-3.220512866973877,-4.744665622711182,-12.9375,-16.483196258544922,-15.327967643737793,
22.588,-5.3125,-2.8104665279388428,-4.432402610778809,-10.1875,-13.869770050048828,-13.129087448120117,
22.598,-4.8125,-2.3251452445983887,-4.025799751281738,-7.1875,-10.988633155822754,-10.657879829406738,
22.608,-4.8125,-1.7725991010665894,-3.5333967208862305,-7.1875,-8.048133850097656,-8.033520698547363,
22.618,-4.1875,-1.1430262327194214,-2.973329782485962,-3.9375,-4.875932216644287,-5.229322910308838,
22.628,-3,-0.530504047870636,-2.4083523750305176,2.9375,-1.4032678604125977,-2.1743083000183105,
22.638,-2.4375,0.07991231232881546,-1.8350226879119873,6.5,2.1778175830841064,1.0480111837387085,
22.648,-2.4375,0.6137701869010925,-1.3286775350570679,6.5,5.7526068687438965,4.2979865074157715,
22.658,-1.875,1.1768068075180054,-0.8012224435806274,10.0625,9.353363990783691,7.5744757652282715,
22.668,-1.375,1.767600178718567,-0.2608557939529419,13.6875,13.068986892700195,10.966341972351074,
22.678,-1.375,2.3066279888153076,0.2815454304218292,13.6875,17.02775001525879,14.673750877380371,
22.688,-0.375,2.8230929374694824,0.7827004790306091,20.875,21.045433044433594,18.43269157409668,
22.698,-0.0625,3.1528639793395996,1.154585838317871,24.125,24.839263916015625,22.0794677734375,
22.708,0.125,3.3941659927368164,1.454869031906128,26.875,28.186296463012695,25.413387298583984,
22.718,0.3125,3.6894888877868652,1.7653075456619263,28.9375,30.93474578857422,28.30144500732422,
22.728,0.3125,3.898780345916748,1.967948079109192,28.9375,33.10847091674805,30.722339630126953,
22.738,0.625,3.9538121223449707,2.0666005611419678,30.875,33.9536018371582,31.905475616455078,
22.748,0.6875,3.9538121223449707,2.0666005611419678,30.5625,33.9536018371582,31.905475616455078,
22.758,0.625,3.9377477169036865,2.1699795722961426,29.625,33.2629508972168,32.07876968383789,
22.768,0.375,3.8446576595306396,2.1314167976379395,27.5625,31.50226593017578,30.95331573486328,
22.778,0.375,3.676823377609253,2.1314167976379395,27.5625,29.34099006652832,29.133516311645508,
22.788,-0.125,3.676823377609253,1.9758630990982056,23.1875,29.34099006652832,29.133516311645508,
22.798,-0.375,3.5283358097076416,1.804962396621704,20.6875,26.860902786254883,27.046695709228516,
22.808,-0.75,2.9214906692504883,1.203301191329956,18,21.488061904907227,22.39381217956543,
22.818,-0.9375,2.703441858291626,0.940926730632782,15.125,18.4693603515625,19.720827102661133,
22.828,-0.9375,2.703441858291626,0.940926730632782,15.125,18.4693603515625,19.720827102661133,
22.838,-1.3125,2.561624050140381,0.7717769145965576,9.375,15.48151683807373,17.034587860107422,
22.848,-1.4375,2.627495050430298,0.80018550157547,6.375,12.516458511352539,14.397174835205078,
22.858,-1.75,2.3075733184814453,0.5222410559654236,3.125,5.763099670410156,8.34957504272461,
22.868,-2.125,1.8697789907455444,0.17188286781311035,-0.0625,2.2251994609832764,5.128060817718506,
22.878,-2.125,1.8697789907455444,0.17188286781311035,-0.0625,2.2251994609832764,5.128060817718506,
22.888,-3.0625,1.3883394002914429,-0.2175610363483429,-6.1875,-1.282179594039917,1.8695344924926758,
22.898,-3.5625,0.7307686805725098,-0.75636225938797,-8.9375,-4.652872085571289,-1.2912249565124512,
22.908,-4.125,-0.4888092875480652,-1.8075144290924072,-11.4375,-10.735048294067383,-7.098127365112305,
22.918,-4.5,-1.0517284870147705,-2.3314108848571777,-13.625,-13.315937995910645,-9.640782356262207,
22.928,-4.5,-1.0517284870147705,-2.3314108848571777,-13.625,-13.315937995910645,-9.640782356262207,
22.938,-5.125,-1.5106433629989624,-2.7701938152313232,-16.6875,-15.460203170776367,-11.799878120422363,
22.948,-5.25,-1.7879929542541504,-3.0691041946411133,-17.5,-17.080753326416016,-13.504375457763672,
22.958,-5.1875,-1.9459939002990723,-3.3187575340270996,-17.875,-18.880939483642578,-15.62293529510498,
22.968,-5.125,-1.9191715717315674,-3.318382740020752,-17.8125,-19.09109878540039,-16.036266326904297,
22.978,-5.125,-1.9191715717315674,-3.318382740020752,-17.8125,-19.09109878540039,-16.036266326904297,
22.988,-4.875,-1.843626618385315,-3.2684507369995117,-16.5,-18.848445892333984,-16.02930450439453,
22.998,-4.6875,-1.6180697679519653,-3.076622724533081,-15.4375,-18.194198608398438,-15.623764038085938,
23.008,-4.5625,-1.3737890720367432,-2.8042478561401367,-14.0625,-16.073810577392578,-14.036613464355469,
23.018,-4.4375,-1.271148443222046,-2.682401657104492,-12.4375,-14.615981101989746,-12.864797592163086,
23.028,-4.4375,-1.271148443222046,-2.682401657104492,-12.4375,-14.615981101989746,-12.864797592163086,
23.038,-4.125,-1.1819788217544556,-2.5689847469329834,-8.375,-12.91075611114502,-11.462576866149902,
23.048,-3.9375,-1.0978343486785889,-2.4642527103424072,-5.9375,-10.898103713989258,-9.76820182800293,
23.058,-3.75,-0.8528259992599487,-2.2137956619262695,-3.3125,-6.215021133422852,-5.780482292175293,
23.068,-3.5,-0.6728406548500061,-2.0402719974517822,-0.4375,-3.493593215942383,-3.426701545715332,
23.078,-3.5,-0.6728406548500061,-2.0402719974517822,-0.4375,-3.493593215942383,-3.426701545715332,
23.088,-2.9375,-0.4577043056488037,-1.838666319847107,5.9375,-0.532239556312561,-0.8471277952194214,
23.098,-2.6875,-0.21473932266235352,-1.6082590818405151,9.4375,2.6639647483825684,1.963623046875,
23.108,-2.375,0.33917415142059326,-1.0822558403015137,13,9.563794136047363,8.135679244995117,
23.118,-2.0625,0.629331648349762,-0.8122687339782715,16.5625,13.171323776245117,11.431452751159668,
23.128,-2.0625,0.629331648349762,-0.8122687339782715,16.5625,13.171323776245117,11.431452751159668,
23.138,-1.375,0.9120770692825317,-0.5595167875289917,23.625,16.793476104736328,14.76030445098877,
23.148,-0.9375,1.1834295988082886,-0.3151385486125946,26.875,20.5107479095459,18.22052764892578,
23.158,-0.5,1.996891975402832,0.4736655354499817,29.8125,27.539562225341797,25.02375602722168,
23.168,0,2.5324292182922363,1.0319617986679077,32,30.63416862487793,28.23699188232422,
23.178,0,2.5324292182922363,1.0319617986679077,32,30.63416862487793,28.23699188232422,
23.188,0.4375,3.066045045852661,1.6081794500350952,33.75,32.889808654785156,30.776885986328125,
23.198,0.375,3.2302968502044678,1.8788365125656128,32.9375,33.70809555053711,32.039451599121094,
23.208,0.0625,3.012174367904663,1.8418762683868408,31.25,32.0649299621582,31.61887550354004,
23.218,-0.3125,2.6077349185943604,1.5379540920257568,28.625,29.59235954284668,29.810077667236328,
23.228,-0.3125,1.9061288833618164,0.9763916730880737,28.625,26.39868927001953,27.200048446655273,
23.238,-0.875,1.9061288833618164,0.9763916730880737,25.5625,26.39868927001953,27.200048446655273,
23.248,-1.375,1.3815237283706665,0.5223034620285034,22.25,22.679292678833008,23.94580078125,
23.258,-2.125,0.36439400911331177,-0.4328595697879791,15.5,15.723601341247559,17.770912170410156,
23.268,-2.3125,-0.09633812308311462,-0.8517995476722717,12.0625,12.197747230529785,14.603714942932129,
23.278,-2.3125,-0.09633812308311462,-0.8517995476722717,12.0625,12.197747230529785,14.603714942932129,
23.288,-2.5625,-0.22186420857906342,-0.9995145797729492,8.625,8.554224014282227,11.284473419189453,
23.298,-2.6875,-0.537685751914978,-1.304950475692749,5.375,4.758661270141602,7.7483038902282715,
23.308,-3,-0.6990092396736145,-1.4510927200317383,-1.125,-2.434763193130493,1.132124662399292,
23.318,-3.1875,-0.9708253145217896,-1.6715078353881836,-4.1875,-5.658705711364746,-1.8792593479156494,
23.328,-3.1875,-1.0787469148635864,-1.7525954246520996,-4.1875,-8.822322845458984,-4.853185176849365,
23.338,-3.4375,-1.4123101234436035,-2.030210256576538,-7.0625,-11.92863941192627,-7.814728736877441,
23.348,-3.75,-1.944406509399414,-2.4790897369384766,-9.75,-14.695833206176758,-10.499189376831055,
23.358,-4.375,-2.2898192405700684,-2.790212869644165,-14.3125,-17.14724349975586,-12.868757247924805,
23.368,-4.625,-2.5535709857940674,-3.0463051795959473,-16.1875,-19.21047592163086,-14.882089614868164,
23.378,-4.8125,-2.8404881954193115,-3.3402836322784424,-17.6875,-20.973360061645508,-16.667179107666016,
23.388,-5,-3.0361063480377197,-3.5697755813598633,-18.8125,-22.40569305419922,-18.169517517089844,
23.398,-5.125,-3.14612078666687,-3.7189347743988037,-19.6875,-23.540658950805664,-19.362714767456055,
23.408,-5.1875,-3.1481096744537354,-3.781938314437866,-20.25,-24.192943572998047,-20.123699188232422,
23.418,-5.1875,-3.0775794982910156,-3.7827556133270264,-20.375,-24.430500030517578,-20.513381958007812,
23.428,-5.125,-3.041461944580078,-3.7912473678588867,-20.25,-24.516502380371094,-20.762535095214844,
23.438,-5.0625,-2.9556453227996826,-3.7397420406341553,-19.8125,-24.2448787689209,-20.684711456298828,
23.448,-4.9375,-2.8739612102508545,-3.673346519470215,-19,-23.60280418395996,-20.277053833007812,
23.458,-4.75,-2.704669952392578,-3.5224661827087402,-18,-22.707252502441406,-19.61803436279297,
23.468,-4.5,-2.499992847442627,-3.327497720718384,-16.6875,-21.500545501708984,-18.679594039916992,
23.478,-4.25,-2.3452672958374023,-3.162330389022827,-15,-19.960784912109375,-17.457006454467773,
23.488,-4,-2.161644220352173,-2.976624011993408,-13.0625,-18.145633697509766,-15.980342864990234,
23.498,-3.6875,-1.8540891408920288,-2.69551420211792,-10.8125,-16.07651710510254,-14.251571655273438,
23.508,-3.375,-1.564163327217102,-2.421964168548584,-8.3125,-13.670207023620605,-12.21354866027832,
23.518,-3.0625,-1.3161532878875732,-2.178145170211792,-5.5,-10.958318710327148,-9.87841510772705,
23.528,-2.6875,-0.9282190799713135,-1.8259093761444092,-2.5625,-8.080448150634766,-7.361615180969238,
23.538,-2.375,-0.5341171622276306,-1.4583581686019897,0.5,-5.090427398681641,-4.728559494018555,
23.548,-2,-0.20050109922885895,-1.1320146322250366,3.6875,-1.93949556350708,-1.9230877161026,
23.558,-1.625,0.14281406998634338,-0.8031812310218811,6.9375,1.403109073638916,1.1019290685653687,
23.568,-1.3125,0.5482562780380249,-0.43001189827919006,10.25,4.751708030700684,4.144660949707031,
23.578,-0.9375,0.9181862473487854,-0.09429655969142914,13.5625,8.113019943237305,7.201541423797607,
23.588,-0.625,1.2688957452774048,0.2073194682598114,16.875,11.436118125915527,10.236196517944336,
23.598,-0.1875,1.6153987646102905,0.48763415217399597,20.1875,14.937483787536621,13.474506378173828,
23.608,0.25,2.0996854305267334,0.8810278177261353,23.4375,18.526174545288086,16.845458984375,
23.618,0.75,2.653503179550171,1.3432310819625854,26.4375,21.916994094848633,20.1146183013916,
23.628,1.3125,3.254444122314453,1.8299216032028198,28.9375,25.001222610473633,23.215229034423828,
23.638,2,4.020133018493652,2.469003200531006,30.6875,27.310062408447266,25.687145233154297,
23.648,2.6875,4.686679840087891,3.084756374359131,31.625,28.900415420532227,27.59894371032715,
23.658,3.4375,5.364493370056152,3.7628421783447266,31.75,29.45680046081543,28.548778533935547,
23.668,4,5.906501293182373,4.4069952964782715,31.125,29.5489559173584,29.095191955566406,
23.678,4.5,6.375021457672119,5.005282402038574,29.9375,28.34481430053711,28.291189193725586,
23.688,4.8125,6.798815727233887,5.557727813720703,28.375,26.564712524414062,26.854238510131836,
23.698,5.125,6.981250762939453,5.869802951812744,26.5625,24.53199577331543,25.137035369873047,
23.708,5.375,7.283689022064209,6.245263576507568,24.625,22.655031204223633,23.522153854370117,
23.718,5.5,7.315451145172119,6.389638900756836,22.6875,20.573806762695312,21.673057556152344,
23.728,5.6875,7.416801452636719,6.552768230438232,20.75,18.387020111083984,19.669147491455078,
23.738,5.875,7.563241958618164,6.769649505615234,18.8125,16.405492782592773,17.885873794555664,
23.748,5.9375,7.581373691558838,6.8805928230285645,16.875,14.30584716796875,15.979628562927246,
23.758,6,7.64195442199707,7.009850025177002,14.8125,12.222762107849121,14.088027954101562,
23.768,5.9375,7.617586612701416,7.091489315032959,12.75,10.040578842163086,12.117097854614258,
23.778,5.8125,7.468719959259033,7.0559186935424805,10.5625,7.82406759262085,10.099994659423828,
23.788,5.5,7.237727165222168,6.939701557159424,8.4375,5.53047513961792,7.983495712280273,
23.798,5,6.832889556884766,6.6686224937438965,6.3125,3.232344150543213,5.839980602264404,
23.808,4.4375,6.236133575439453,6.208609580993652,4.1875,1.0324592590332031,3.7716493606567383,
23.818,3.8125,5.525711536407471,5.628765106201172,2.25,-1.1491689682006836,1.6893788576126099,
23.828,3.125,4.704201698303223,4.918231010437012,0.5,-3.138460159301758,-0.24287721514701843,
23.838,2.4375,3.925137758255005,4.209557056427002,-1.0625,-4.983613014221191,-2.043118715286255,
23.848,1.875,3.199402093887329,3.525362968444824,-2.375,-6.566897392272949,-3.6224164962768555,
23.858,1.3125,2.588331460952759,2.9283103942871094,-3.5,-7.8519206047058105,-4.933406352996826,
23.868,0.875,2.1115009784698486,2.4426798820495605,-4.375,-8.91691780090332,-6.035998344421387,
23.878,0.5625,1.7017115354537964,2.0143587589263916,-4.9375,-9.694375038146973,-6.893765926361084,
23.888,0.25,1.3885902166366577,1.675368070602417,-5.1875,-10.148665428161621,-7.468975067138672,
23.898,0.0625,1.18184494972229,1.4373213052749634,-5.1875,-10.32154655456543,-7.766174793243408,
23.908,0,1.0495362281799316,1.2800285816192627,-4.9375,-10.168659210205078,-7.750606536865234,
23.918,-0.125,0.950031042098999,1.1657496690750122,-4.4375,-9.76009464263916,-7.4909772872924805,
23.928,-0.3125,0.8744070529937744,1.08027982711792,-3.75,-9.1512451171875,-7.037350654602051,
23.938,-0.4375,0.74012291431427,0.9585211277008057,-3,-8.457197189331055,-6.48207426071167,
23.948,-0.6875,0.5633383393287659,0.8066359758377075,-2.0625,-7.602229595184326,-5.766870498657227,
23.958,-0.875,0.3314340114593506,0.6064712405204773,-1.0625,-6.587311267852783,-4.881225109100342,
23.968,-1.125,0.08921486884355545,0.39635318517684937,-0.0625,-5.536465644836426,-3.9513602256774902,
23.978,-1.3125,-0.12781742215156555,0.20172050595283508,1,-4.435016632080078,-2.974189519882202,
23.988,-1.5,-0.3610990643501282,-0.009451599791646004,2.1875,-3.2965593338012695,-1.9623843431472778,
23.998,-1.625,-0.5471680760383606,-0.18822045624256134,3.3125,-2.1395256519317627,-0.9281813502311707,
24.008,-1.6875,-0.6724824905395508,-0.31831756234169006,4.5625,-0.9215432405471802,0.15589472651481628,
24.018,-1.75,-0.7582921385765076,-0.4152575135231018,5.9375,0.39200109243392944,1.3111751079559326,
24.028,-1.75,-0.7838093638420105,-0.4616561233997345,7.4375,1.8253201246261597,2.5716357231140137,
24.038,-1.75,-0.7601025700569153,-0.4665871560573578,9,3.351313829421997,3.919515609741211,
24.048,-1.6875,-0.70069420337677,-0.44082653522491455,10.625,5.062283039093018,5.449725151062012,
24.058,-1.625,-0.6328078508377075,-0.40883028507232666,12.375,6.844696044921875,7.059690952301025,
24.068,-1.5625,-0.5191208124160767,-0.34511426091194153,14.125,8.619183540344238,8.679526329040527,
24.078,-1.4375,-0.37464064359664917,-0.26076385378837585,15.875,10.389204025268555,10.3021879196167,
24.088,-1.3125,-0.22296926379203796,-0.1802593618631363,17.625,12.217599868774414,11.98852825164795,
24.098,-1.1875,-0.021204963326454163,-0.0731239914894104,19.375,14.017149925231934,13.651581764221191,
24.108,-0.9375,0.25250110030174255,0.08334659785032272,21.125,15.827319145202637,15.326478004455566,
24.118,-0.625,0.6005186438560486,0.2980952262878418,22.875,17.595666885375977,16.966482162475586,
24.128,-0.25,1.024050235748291,0.5672019124031067,24.625,19.407079696655273,18.675710678100586,
24.138,0.1875,1.5800424814224243,0.9502557516098022,26.1875,21.191387176513672,20.397384643554688,
24.148,0.75,2.2387819290161133,1.4334027767181396,27.625,22.838729858398438,22.029451370239258,
24.158,1.3125,2.9262473583221436,1.965120792388916,28.8125,24.21768569946289,23.434646606445312,
24.168,2,3.59848690032959,2.4975876808166504,29.8125,25.574111938476562,24.763402938842773,
24.178,2.6875,4.349511623382568,3.117624282836914,30.6875,26.510440826416016,25.799144744873047,
24.188,3.375,5.268026828765869,3.9166343212127686,31.375,27.292095184326172,26.655824661254883,
24.198,4.125,6.131217956542969,4.667407035827637,32.0625,27.931543350219727,27.316226959228516,
24.208,4.75,6.9267425537109375,5.413698673248291,32.625,28.51690673828125,27.932662963867188,
24.218,4.75,7.705706596374512,6.124359607696533,32.625,29.09235382080078,28.521093368530273,
24.228,5.1875,8.293878555297852,6.723384857177734,33.1875,29.618976593017578,29.07066535949707,
24.238,5.4375,8.53986930847168,7.118529319763184,33.5625,29.845502853393555,29.463054656982422,
24.248,5.375,8.581888198852539,7.303689002990723,33.5,29.90252113342285,29.656856536865234,
24.258,5.25,8.343439102172852,7.2109198570251465,33.3125,29.759817123413086,29.591102600097656,
24.268,5.0625,8.098483085632324,7.079882621765137,33.3125,29.458356857299805,29.327363967895508,
24.278,4.9375,7.664520740509033,6.7885637283325195,33.375,29.170982360839844,29.029186248779297,
24.288,4.875,7.468400478363037,6.660624980926514,33.5,29.247602462768555,29.0500431060791,
24.298,4.8125,7.315621852874756,6.570422172546387,33.625,29.483932495117188,29.2982177734375,
24.308,4.75,7.284152984619141,6.57466983795166,33.625,29.677459716796875,29.561281204223633,
24.318,4.75,7.250349521636963,6.580331802368164,33.625,29.831117630004883,29.760498046875,
24.328,4.6875,7.201760292053223,6.576289653778076,33.5625,29.648069381713867,29.633169174194336,
24.338,4.25,6.936690330505371,6.464042663574219,33.375,29.3665714263916,29.36709976196289,
24.348,3.875,6.4982452392578125,6.216375827789307,33.375,29.2249813079834,29.197044372558594,
24.358,3.5,5.945336818695068,5.897274971008301,33.5,29.3647403717041,29.27525520324707,
24.368,3.5,5.448908805847168,5.593636989593506,33.5,29.539737701416016,29.420455932617188,
24.378,2.9375,4.727214336395264,5.149409770965576,33.75,29.820627212524414,29.643407821655273,
24.388,1.5625,3.7314627170562744,4.564802169799805,34.1875,30.015705108642578,29.776947021484375,
24.398,0.75,2.646777391433716,3.9095261096954346,34.375,30.170032501220703,29.901758193969727,
24.408,0.75,1.3263871669769287,3.0685791969299316,34.375,30.40313148498535,30.11794662475586,
24.418,-0.1875,0.07041965425014496,2.242891788482666,34.5625,30.691354751586914,30.392915725708008,
24.428,-1.1875,-1.3299602270126343,1.3298797607421875,34.625,30.82914161682129,30.54493522644043,
24.438,-1.1875,-3.0257833003997803,0.20460370182991028,34.625,30.726974487304688,30.5299015045166,
24.448,-3.4375,-4.7254133224487305,-0.9443694353103638,34.6875,30.546661376953125,30.452165603637695,
24.458,-4.5625,-6.472622871398926,-2.122075080871582,34.5625,30.365020751953125,30.39605712890625,
24.468,-5.75,-8.207767486572266,-3.3165464401245117,34.375,30.141571044921875,30.293445587158203,
24.478,-7,-9.846368789672852,-4.418940544128418,34.25,29.803865432739258,30.106142044067383,
24.488,-7,-11.586604118347168,-5.633894443511963,34.25,29.373903274536133,29.895212173461914,
24.498,-9.625,-13.454093933105469,-6.966085433959961,33.875,28.85721206665039,29.64158821105957,
24.508,-10.9375,-13.454093933105469,-6.966085433959961,33.5625,28.85721206665039,29.64158821105957,
24.518,-12.1875,-16.904268264770508,-9.562414169311523,33.125,27.77118492126465,29.113994598388672,
24.528,-13.375,-18.798084259033203,-11.07727336883545,32.5625,26.87312126159668,28.496484756469727,
24.538,-13.375,-18.798084259033203,-11.07727336883545,32.5625,26.87312126159668,28.496484756469727,
24.548,-15.4375,-19.95559310913086,-12.100799560546875,31.375,26.023780822753906,27.918380737304688,
24.558,-16.4375,-21.230138778686523,-13.242402076721191,30.8125,25.05073356628418,27.167821884155273,
24.568,-17.3125,-23.150083541870117,-15.037415504455566,30.1875,23.49091911315918,26.04966926574707,
24.578,-18.1875,-24.170835494995117,-15.936763763427734,29.5,22.646743774414062,25.462589263916016,
24.588,-18.1875,-24.170835494995117,-15.936763763427734,29.5,22.646743774414062,25.462589263916016,
24.598,-20.0625,-25.214862823486328,-16.854724884033203,27.875,21.688156127929688,24.860971450805664,
24.608,-21.125,-26.255592346191406,-17.813528060913086,26.75,20.456146240234375,24.007081985473633,
24.618,-22.4375,-28.750225067138672,-20.1489315032959,25.25,17.409971237182617,21.728954315185547,
24.628,-23.875,-30.256574630737305,-21.600006103515625,23.5,15.585850715637207,20.284555435180664,
24.638,-23.875,-30.256574630737305,-21.600006103515625,23.5,15.585850715637207,20.284555435180664,
24.648,-26.5,-31.532468795776367,-22.979013442993164,19.375,13.430130958557129,18.514259338378906,
24.658,-27.5,-32.773128509521484,-24.356613159179688,17.0625,11.159626007080078,16.503982543945312,
24.668,-28.3125,-34.65220260620117,-26.540559768676758,14.625,6.15598201751709,11.838362693786621,
24.678,-28.9375,-35.15117645263672,-27.262245178222656,12.0625,3.7421960830688477,9.533218383789062,
24.688,-28.9375,-35.15117645263672,-27.262245178222656,12.0625,3.7421960830688477,9.533218383789062,
24.698,-29.625,-35.1575813293457,-27.612762451171875,6.5,1.2113434076309204,7.071805000305176,
24.708,-29.625,-35.18198013305664,-27.92801284790039,3.5,-1.4565255641937256,4.393362998962402,
24.718,-29.3125,-34.99083709716797,-28.199081420898438,0.5,-7.206455707550049,-1.5760148763656616,
24.728,-28.75,-34.3242073059082,-27.804210662841797,-2.5625,-10.028743743896484,-4.583927154541016,
24.738,-28.75,-34.3242073059082,-27.804210662841797,-2.5625,-10.028743743896484,-4.583927154541016,
24.748,-26.8125,-33.072391510009766,-26.90053367614746,-8.4375,-12.624533653259277,-7.543567180633545,
24.758,-25.4375,-31.88217544555664,-25.889911651611328,-11.0625,-15.201659202575684,-10.40332317352295,
24.768,-23.9375,-29.077892303466797,-23.32769775390625,-13.375,-19.844223022460938,-15.731529235839844,
24.778,-22.3125,-27.42595863342285,-21.723995208740234,-15.4375,-21.641361236572266,-17.87746238708496,
24.788,-22.3125,-27.42595863342285,-21.723995208740234,-15.4375,-21.641361236572266,-17.87746238708496,
24.798,-18.9375,-25.580507278442383,-19.874879837036133,-18.9375,-23.190149307250977,-19.76412010192871,
24.808,-17.3125,-23.902280807495117,-18.090484619140625,-20.3125,-24.46004867553711,-21.354434967041016,
24.818,-15.75,-21.07685661315918,-14.757696151733398,-21.4375,-26.568506240844727,-24.185644149780273,
24.828,-14.25,-19.820425033569336,-13.119183540344238,-22.375,-27.202272415161133,-25.177387237548828,
24.838,-14.25,-19.820425033569336,-13.119183540344238,-22.375,-27.202272415161133,-25.177387237548828,
24.848,-11.25,-18.61879539489746,-11.488615989685059,-23.9375,-27.61054801940918,-25.900676727294922,
24.858,-9.625,-17.653223037719727,-10.013134956359863,-24.5625,-27.978290557861328,-26.555021286010742,
24.868,-8,-15.844868659973145,-7.135837554931641,-25.125,-28.867069244384766,-27.890892028808594,
24.878,-6.25,-14.689376831054688,-5.492247104644775,-25.5,-29.140256881713867,-28.340343475341797,
24.888,-6.25,-14.689376831054688,-5.492247104644775,-25.5,-29.140256881713867,-28.340343475341797,
24.898,-2.375,-13.37913703918457,-3.7498698234558105,-25.8125,-29.252588272094727,-28.59025764465332,
24.908,-0.3125,-11.977493286132812,-1.9902681112289429,-25.625,-29.18450164794922,-28.64040756225586,
24.918,1.75,-8.848578453063965,1.6547163724899292,-25.3125,-28.79239273071289,-28.42334747314453,
24.928,3.9375,-7.061123371124268,3.556645154953003,-24.8125,-28.432682037353516,-28.12062644958496,
24.938,3.9375,-7.061123371124268,3.556645154953003,-24.8125,-28.432682037353516,-28.12062644958496,
24.948,8.375,-5.185199737548828,5.476908206939697,-23.1875,-27.832963943481445,-27.614513397216797,
24.958,10.625,-3.0209834575653076,7.571717739105225,-21.875,-27.009836196899414,-26.917892456054688,
24.968,12.8125,1.4428346157073975,11.742621421813965,-20.3125,-24.583295822143555,-24.891218185424805,
24.978,14.9375,3.5997161865234375,13.729735374450684,-18.375,-22.87208366394043,-23.421541213989258,
24.988,14.9375,3.5997161865234375,13.729735374450684,-18.375,-22.87208366394043,-23.421541213989258,
24.998,18.9375,5.858458518981934,15.787617683410645,-13.625,-20.806718826293945,-21.589195251464844,
25.008,20.75,7.989013195037842,17.72900390625,-10.875,-18.535856246948242,-19.549949645996094,
25.018,22.5,12.157167434692383,21.477628707885742,-7.875,-13.366254806518555,-14.736824035644531,
25.028,24.0625,14.077847480773926,23.1798038482666,-4.75,-10.556825637817383,-12.041322708129883,
25.038,24.0625,14.077847480773926,23.1798038482666,-4.75,-10.556825637817383,-12.041322708129883,
25.048,26.9375,15.894536972045898,24.742809295654297,1.9375,-7.503359794616699,-9.069668769836426,
25.058,27.5625,17.788211822509766,26.35701560974121,5.25,-4.42875862121582,-6.033134460449219,
25.068,27.6875,20.301349639892578,28.609365463256836,8.375,1.9318430423736572,0.5312504768371582,
25.078,27.3125,20.619428634643555,28.837648391723633,11,4.8785481452941895,3.669055700302124,
25.088,27.3125,20.619428634643555,28.837648391723633,11,4.8785481452941895,3.669055700302124,
25.098,25.9375,20.419614791870117,28.544618606567383,15.3125,7.83675479888916,6.771416187286377,
25.108,25.1875,19.578401565551758,27.64798355102539,17.125,10.038399696350098,9.047913551330566,
25.118,24.5625,18.738140106201172,26.39751625061035,18.75,13.596400260925293,12.614673614501953,
25.128,23.9375,18.677919387817383,26.098512649536133,20.1875,15.261194229125977,14.22830581665039,
25.138,23.9375,18.677919387817383,26.098512649536133,20.1875,15.261194229125977,14.22830581665039,
25.148,22.3125,18.40934181213379,25.67243003845215,22.5,16.75154685974121,15.655858993530273,
25.158,21.3125,17.780529022216797,24.98092269897461,23.6875,18.080732345581055,16.812814712524414,
25.168,20.0625,15.902405738830566,23.120031356811523,25.0625,20.556753158569336,18.66794204711914,
25.178,18.625,14.801156997680664,22.05248260498047,26.625,22.51173210144043,20.251501083374023,
25.188,18.625,14.801156997680664,22.05248260498047,26.625,22.51173210144043,20.251501083374023,
25.198,15,13.533637046813965,20.852508544921875,29.6875,24.848102569580078,22.23450469970703,
25.208,12.8125,11.943994522094727,19.389280319213867,30.9375,26.976192474365234,24.0748348236084,
25.218,10.4375,7.322539329528809,15.301567077636719,32,30.114652633666992,26.65477180480957,
25.228,7.8125,4.3918914794921875,12.781142234802246,32.875,31.363248825073242,27.635234832763672,
25.238,7.8125,4.3918914794921875,12.781142234802246,32.875,31.363248825073242,27.635234832763672,
25.248,5.25,1.2168313264846802,10.052992820739746,33.625,32.68194580078125,28.742565155029297,
25.258,2.625,-1.9592347145080566,7.350307464599609,34.3125,33.8895149230957,29.79100227355957,
25.268,-2,-7.882813453674316,2.2363827228546143,34.8125,35.20198059082031,31.205434799194336,
25.278,-4,-10.643476486206055,-0.1639307588338852,34.625,34.92414474487305,31.10858154296875,
25.288,-4,-10.643476486206055,-0.1639307588338852,34.625,34.92414474487305,31.10858154296875,
25.298,-5.8125,-13.064831733703613,-2.2526888847351074,34.3125,34.33372116088867,30.740921020507812,
25.308,-7.5,-15.075578689575195,-3.9869132041931152,33.875,33.526588439941406,30.18111801147461,
25.318,-10.625,-19.21706771850586,-7.354156970977783,33.125,32.28934860229492,29.471364974975586,
25.328,-11.9375,-21.27598762512207,-8.971697807312012,32.75,31.598377227783203,29.13544464111328,
25.338,-13.1875,-23.26034927368164,-10.462189674377441,32.3125,31.00424575805664,28.99236297607422,
25.348,-13.1875,-23.26034927368164,-10.462189674377441,32.3125,31.00424575805664,28.99236297607422,
25.358,-14.25,-25.037981033325195,-11.761295318603516,31.75,30.166728973388672,28.661890029907227,
25.368,-16.125,-28.197311401367188,-13.890165328979492,30.5,27.544300079345703,27.191650390625,
25.378,-17,-29.894052505493164,-15.032814025878906,29.875,26.193729400634766,26.451669692993164,
25.388,-17,-31.40459442138672,-16.037925720214844,29.875,24.952573776245117,25.846059799194336,
25.398,-17.6875,-32.849761962890625,-17.00739860534668,29.25,23.758495330810547,25.322650909423828,
25.408,-18.375,-34.07837677001953,-17.83586883544922,28.625,22.66826820373535,24.91309356689453,
25.418,-19.375,-35.20804214477539,-18.6023006439209,27.3125,21.37053108215332,24.289291381835938,
25.428,-19.6875,-36.11684036254883,-19.225444793701172,26.4375,19.86467933654785,23.515121459960938,
25.438,-19.8125,-36.75811767578125,-19.66166114807129,25.375,18.304285049438477,22.694101333618164,
25.448,-19.8125,-37.182743072509766,-19.946918487548828,24.125,16.546689987182617,21.664966583251953,
25.458,-19.8125,-37.39116668701172,-20.0799503326416,22.625,14.632506370544434,20.463924407958984,
25.468,-19.75,-37.59258270263672,-20.249603271484375,21,12.509062767028809,19.003198623657227,
25.478,-19.625,-37.72570037841797,-20.398550033569336,19.375,10.361289978027344,17.44645118713379,
25.488,-19.5,-37.64185333251953,-20.448204040527344,17.5,8.11601448059082,15.750422477722168,
25.498,-19.3125,-37.321224212646484,-20.380828857421875,15.5,5.954335689544678,14.087667465209961,
25.508,-19,-36.75227355957031,-20.185592651367188,13.1875,3.7351458072662354,12.293102264404297,
25.518,-18.5625,-36.04780960083008,-19.94529151916504,10.625,1.196094274520874,10.0831937789917,
25.528,-18.0625,-35.06792449951172,-19.513874053955078,7.75,-1.740475058555603,7.39845085144043,
25.538,-17.5,-33.86042022705078,-18.887691497802734,4.6875,-4.884317398071289,4.396073818206787,
25.548,-17,-32.53789138793945,-18.13410186767578,1.4375,-8.06643295288086,1.2696070671081543,
25.558,-16.5625,-31.399797439575195,-17.49005126953125,-1.75,-11.285221099853516,-1.9459924697875977,
25.568,-16.25,-30.53160858154297,-17.02442741394043,-5,-14.562117576599121,-5.308841228485107,
25.578,-16.0625,-29.904844284057617,-16.679834365844727,-7.875,-17.398761749267578,-8.451306343078613,
25.588,-15.8125,-29.167131423950195,-16.233659744262695,-10.75,-20.222763061523438,-11.504846572875977,
25.598,-15.5625,-28.60740852355957,-15.848937034606934,-13.5,-22.737878799438477,-14.338362693786621,
25.608,-15.125,-28.13399314880371,-15.460317611694336,-15.9375,-25.006832122802734,-17.028432846069336,
25.618,-14.5625,-27.653661727905273,-14.952022552490234,-18.1875,-27.002254486083984,-19.503692626953125,
25.628,-13.5625,-27.0339298248291,-14.26374626159668,-19.75,-28.28016471862793,-21.451435089111328,
25.638,-12.5625,-26.31228256225586,-13.363646507263184,-21.25,-29.486652374267578,-23.139245986938477,
25.648,-11.3125,-25.31989860534668,-12.219584465026855,-22.125,-30.163599014282227,-24.418764114379883,
25.658,-9.75,-24.041715621948242,-10.857205390930176,-22.5,-30.424680709838867,-25.23760223388672,
25.668,-8.25,-22.8490047454834,-9.534475326538086,-22.75,-30.285486221313477,-25.477880477905273,
25.678,-6.75,-21.44304656982422,-8.065352439880371,-23.125,-30.1447696685791,-25.56521987915039,
25.688,-5.375,-20.05512237548828,-6.622319221496582,-23.5,-30.23322105407715,-25.810632705688477,
25.698,-4.125,-18.696470260620117,-5.2209391593933105,-23.75,-30.433780670166016,-26.21356964111328,
25.708,-2.875,-17.45833396911621,-3.903475284576416,-23.9375,-30.75187110900879,-26.72956657409668,
25.718,-1.75,-16.34710693359375,-2.697063684463501,-24,-31.036060333251953,-27.200176239013672,
25.728,-0.75,-15.405875205993652,-1.6261639595031738,-23.875,-30.729463577270508,-27.070003509521484,
25.738,0.125,-14.488612174987793,-0.5983093976974487,-23.5,-30.090702056884766,-26.638391494750977,
25.748,1.0625,-13.59243106842041,0.40553581714630127,-23,-29.576459884643555,-26.320171356201172,
25.758,2.0625,-12.69336223602295,1.40133798122406,-22.1875,-29.006450653076172,-25.9726505279541,
25.768,3,-11.821308135986328,2.366323947906494,-21.1875,-28.084789276123047,-25.271940231323242,
25.778,3.9375,-10.96017837524414,3.303281307220459,-20.125,-27.084463119506836,-24.414859771728516,
25.788,4.9375,-10.076026916503906,4.241881370544434,-18.9375,-25.839792251586914,-23.29431915283203,
25.798,5.75,-9.145541191101074,5.216699123382568,-17.6875,-24.598085403442383,-22.147289276123047,
25.808,6.5625,-8.218071937561035,6.13996696472168,-16.3125,-23.460704803466797,-21.108484268188477,
25.818,7.375,-7.22755241394043,7.077219486236572,-15,-22.235599517822266,-19.919456481933594,
25.828,8.1875,-6.376118183135986,7.876580238342285,-13.5625,-20.923513412475586,-18.63585662841797,
25.838,8.9375,-5.497861385345459,8.653287887573242,-12.0625,-19.497329711914062,-17.237619400024414,
25.848,9.75,-4.523576259613037,9.463388442993164,-10.5625,-18.013639450073242,-15.765032768249512,
25.858,10.5,-3.472830295562744,10.303367614746094,-9.0625,-16.6915225982666,-14.444635391235352,
25.868,11.25,-2.4839861392974854,11.052181243896484,-7.5625,-15.370626449584961,-13.128544807434082,
25.878,12,-1.3333786725997925,11.884471893310547,-6,-13.936986923217773,-11.68246078491211,
25.888,12.6875,-0.24138504266738892,12.6461763381958,-4.5625,-12.539996147155762,-10.268594741821289,
25.898,13.375,0.8331896662712097,13.363127708435059,-3,-11.08178424835205,-8.81332778930664,
25.908,14.0625,1.9386390447616577,14.079643249511719,-1.5,-9.707459449768066,-7.44505500793457,
25.918,14.6875,3.0086445808410645,14.741042137145996,0,-8.369626998901367,-6.127921104431152,
25.928,15.375,4.137248516082764,15.433335304260254,1.625,-6.849094390869141,-4.635390281677246,
25.938,16.0625,5.338834285736084,16.175596237182617,3.3125,-5.192518711090088,-3.0104691982269287,
25.948,16.75,6.506405830383301,16.879566192626953,5.0625,-3.5837392807006836,-1.440954327583313,
25.958,17.4375,7.732965469360352,17.619747161865234,6.875,-1.9449023008346558,0.12965206801891327,
25.968,18.125,8.999861717224121,18.40019989013672,8.6875,-0.21580232679843903,1.7851815223693848,
25.978,18.75,10.092135429382324,19.03947639465332,10.5625,1.5787019729614258,3.491694450378418,
25.988,19.3125,11.336092948913574,19.802152633666992,12.5,3.4999210834503174,5.317617893218994,
25.998,19.6875,12.376745223999023,20.422765731811523,14.375,5.40598726272583,7.105225086212158,
26.008,19.875,13.432177543640137,21.062068939208984,16.1875,7.37683629989624,8.991314888000488,
26.018,19.8125,13.902036666870117,21.2158145904541,17.8125,9.084844589233398,10.629998207092285,
26.028,19.625,14.177217483520508,21.183712005615234,19.25,10.638895988464355,12.118790626525879,
26.038,19.0625,14.307478904724121,21.047819137573242,20.5625,12.229327201843262,13.673989295959473,
26.048,18.4375,14.17321491241455,20.640962600708008,21.625,13.571160316467285,14.967453002929688,
26.058,17.625,13.673138618469238,19.917810440063477,22.5625,14.658976554870605,15.9947509765625,
26.068,16.875,13.288968086242676,19.27007484436035,23.375,15.765116691589355,17.002477645874023,
26.078,16.0625,12.88298511505127,18.613388061523438,24.1875,16.825668334960938,17.930030822753906,
26.088,15.4375,12.542675971984863,17.991029739379883,25.0625,17.836271286010742,18.764446258544922,
26.098,14.8125,12.131806373596191,17.33158302307129,25.9375,18.771297454833984,19.51329803466797,
26.108,14.25,11.747673034667969,16.689393997192383,26.9375,19.883563995361328,20.431455612182617,
26.118,13.6875,11.426193237304688,16.129716873168945,27.875,20.833797454833984,21.217491149902344,
26.128,13.125,11.111963272094727,15.588534355163574,28.625,21.767377853393555,21.98493003845215,
26.138,12.5,10.892180442810059,15.142093658447266,29.1875,22.92538833618164,23.05502700805664,
26.148,11.875,10.650298118591309,14.665875434875488,29.5625,23.64044189453125,23.825191497802734,
26.158,11.1875,10.237634658813477,14.04037094116211,29.75,23.96857452392578,24.149364471435547,
26.168,11.1875,9.791672706604004,13.376855850219727,29.75,24.105649948120117,24.22117042541504,
26.178,9.8125,9.329325675964355,12.704238891601562,30.375,24.36296272277832,24.35576629638672,
26.188,9.125,8.843640327453613,12.005295753479004,30.8125,24.72337532043457,24.579662322998047,
26.198,9.125,8.508964538574219,11.430065155029297,31.25,25.449708938598633,25.219079971313477,
26.208,8.4375,8.127115249633789,10.828971862792969,31.25,26.153179168701172,25.894298553466797,
26.218,7.8125,7.717424392700195,10.207674026489258,31.625,26.573644638061523,26.314313888549805,
26.228,6.75,7.316531658172607,9.611193656921387,31.875,26.9879150390625,26.692033767700195,
26.238,6.375,7.013943195343018,9.10234546661377,31.875,27.097597122192383,26.798561096191406,
26.248,6.375,6.834094047546387,8.706748008728027,31.875,27.07465934753418,26.750457763671875,
26.258,6,6.710168361663818,8.368751525878906,31.875,27.09046173095703,26.705747604370117,
26.268,5.75,6.710168361663818,8.368751525878906,31.9375,27.281993865966797,26.705747604370117,
26.278,5.5,6.468618392944336,7.762743949890137,32.0625,27.51784896850586,27.043899536132812,
26.288,5.3125,6.470949649810791,7.578001499176025,32.125,27.744434356689453,27.235937118530273,
26.298,5.3125,6.470949649810791,7.578001499176025,32.125,27.751392364501953,27.235937118530273,
26.308,5.125,6.761814594268799,7.51059103012085,32.125,27.652843475341797,27.20234489440918,
26.318,5.0625,6.761814594268799,7.478416442871094,31.9375,27.652843475341797,27.20234489440918,
26.328,5,7.003287315368652,7.367562770843506,31.6875,27.33588409423828,26.926773071289062,
26.338,5,7.177090644836426,7.349445819854736,31.375,27.111865997314453,26.72218894958496,
26.348,5,7.177090644836426,7.349445819854736,31.375,27.111865997314453,26.72218894958496,
26.358,5.0625,7.446356296539307,7.370338439941406,30.875,26.84016227722168,26.45523452758789,
26.368,5.1875,7.765313148498535,7.431352138519287,30.6875,26.589448928833008,26.202476501464844,
26.378,5.375,8.531987190246582,7.68056058883667,30.5,26.265060424804688,25.88408851623535,
26.388,5.5625,9.011561393737793,7.891063690185547,30.4375,26.166120529174805,25.790719985961914,
26.398,5.5625,9.011561393737793,7.891063690185547,30.4375,26.166120529174805,25.790719985961914,
26.408,6.125,9.559624671936035,8.163925170898438,30.1875,26.076786041259766,25.71106719970703,
26.418,6.4375,10.118321418762207,8.47256851196289,30.125,25.976594924926758,25.624980926513672,
26.428,6.75,11.269280433654785,9.153417587280273,30,25.774307250976562,25.453426361083984,
26.438,7.0625,11.827705383300781,9.492775917053223,29.875,25.678335189819336,25.365707397460938,
26.448,7.0625,11.827705383300781,9.492775917053223,29.875,25.678335189819336,25.365707397460938,
26.458,7.625,12.370878219604492,9.82758903503418,29.75,25.630373001098633,25.31007194519043,
26.468,7.9375,12.874942779541016,10.127427101135254,29.75,25.577880859375,25.25249481201172,
26.478,8.25,13.917579650878906,10.754165649414062,29.75,25.542335510253906,25.211421966552734,
26.488,8.5625,14.447052001953125,11.075139999389648,29.8125,25.584657669067383,25.25196075439453,
26.498,8.5625,14.447052001953125,11.075139999389648,29.8125,25.584657669067383,25.25196075439453,
26.508,9.375,14.97443962097168,11.401437759399414,29.6875,25.672645568847656,25.32834815979004,
26.518,9.8125,15.516876220703125,11.757963180541992,29.6875,25.748565673828125,25.396493911743164,
26.528,10.25,16.494497299194336,12.4471435546875,29.6875,25.881895065307617,25.530038833618164,
26.538,10.5625,17.017271041870117,12.843428611755371,29.625,25.969099044799805,25.637451171875,
26.548,10.5625,17.017271041870117,12.843428611755371,29.625,25.969099044799805,25.637451171875,
26.558,11.125,17.438629150390625,13.174309730529785,29.3125,25.87474822998047,25.591938018798828,
26.568,11.375,17.84978675842285,13.48794937133789,29.0625,25.677532196044922,25.4127140045166,
26.578,11.6875,18.58350372314453,14.008879661560059,28.875,25.234603881835938,24.959667205810547,
26.588,11.9375,18.93511390686035,14.251171112060547,28.75,25.1191349029541,24.830562591552734,
26.598,11.9375,18.93511390686035,14.251171112060547,28.75,25.1191349029541,24.830562591552734,
26.608,12.5,19.327468872070312,14.526792526245117,28.5,25.05031967163086,24.754301071166992,
26.618,12.8125,19.75980567932129,14.846232414245605,28.3125,24.966928482055664,24.682476043701172,
26.628,13.1875,20.62816047668457,15.52364730834961,28.125,24.64344024658203,24.38074493408203,
26.638,13.5625,21.030282974243164,15.840839385986328,27.875,24.388362884521484,24.132898330688477,
26.648,13.5625,21.030282974243164,15.840839385986328,27.875,24.388362884521484,24.132898330688477,
26.658,14.375,21.461530685424805,16.193063735961914,27.375,24.161760330200195,23.89345359802246,
26.668,14.75,21.90036392211914,16.55583953857422,27.125,23.964563369750977,23.692548751831055,
26.678,15.1875,22.90805435180664,17.384140014648438,26.875,23.555377960205078,23.30555534362793,
26.688,15.6875,23.51458168029785,17.872583389282227,26.5,23.308115005493164,23.10506820678711,
26.698,15.6875,23.51458168029785,17.872583389282227,26.5,23.308115005493164,23.10506820678711,
26.708,16.75,24.123516082763672,18.360502243041992,25.625,22.905305862426758,22.788326263427734,
26.718,17.3125,24.764347076416016,18.889907836914062,25.125,22.458560943603516,22.39463233947754,
26.728,17.75,26.13834571838379,20.08747100830078,24.5625,21.22992515563965,21.256473541259766,
26.738,18.0625,26.722740173339844,20.641530990600586,23.9375,20.72293472290039,20.760643005371094,
26.748,18.0625,26.722740173339844,20.641530990600586,23.9375,20.72293472290039,20.760643005371094,
26.758,17.5625,26.476776123046875,20.67265510559082,22.4375,20.071151733398438,20.057085037231445,
26.768,16.625,26.549776077270508,20.802833557128906,21.5,19.57958984375,19.488597869873047,
26.778,15.1875,24.810176849365234,19.67068099975586,20.4375,18.374671936035156,18.026994705200195,
26.788,13.1875,22.782428741455078,18.164342880249023,19.1875,17.370210647583008,16.839189529418945,
26.798,13.1875,22.782428741455078,18.164342880249023,19.1875,17.370210647583008,16.839189529418945,
26.808,7.875,20.450298309326172,16.36640739440918,16.625,16.513126373291016,15.748160362243652,
26.818,4.75,17.342613220214844,13.890920639038086,15.4375,15.298415184020996,14.284689903259277,
26.828,1.375,10.106576919555664,7.856469631195068,14.3125,13.181063652038574,11.719794273376465,
26.838,-1.9375,6.207243919372559,4.481045722961426,13.5625,12.351057052612305,10.711790084838867,
26.848,-1.9375,6.207243919372559,4.481045722961426,13.5625,12.351057052612305,10.711790084838867,
26.858,-8.6875,2.4380393028259277,1.1588119268417358,12.5625,11.55990219116211,9.84312915802002,
26.868,-12.125,-1.2271754741668701,-2.1095845699310303,12.3125,10.987385749816895,9.26573657989502,
26.878,-15.5,-8.58181381225586,-8.74060344696045,12.125,10.119401931762695,8.680875778198242,
26.888,-18.875,-12.333166122436523,-12.120183944702148,12.125,9.54074764251709,8.335451126098633,
26.898,-18.875,-12.333166122436523,-12.120183944702148,12.125,9.54074764251709,8.335451126098633,
26.908,-25.75,-16.183250427246094,-15.594627380371094,12.5,8.96744155883789,8.044486045837402,
26.918,-29.25,-19.87915802001953,-18.9598445892334,12.875,8.436010360717773,7.906689643859863,
26.928,-31.625,-27.067218780517578,-25.753559112548828,13.25,8.06319808959961,8.538700103759766,
26.938,-32.4375,-27.8309326171875,-27.068450927734375,13.375,7.654410362243652,8.553279876708984,
26.948,-32.4375,-27.8309326171875,-27.068450927734375,13.375,7.654410362243652,8.553279876708984,
26.958,-31.6875,-29.062881469726562,-28.569549560546875,13.25,7.887564182281494,9.119674682617188,
26.968,-29.875,-29.12041473388672,-29.06735610961914,12.8125,8.273963928222656,9.636269569396973,
26.978,-27.4375,-22.99504280090332,-24.613162994384766,12.5,7.882628917694092,9.096765518188477,
26.988,-25.5625,-20.93483543395996,-22.835542678833008,12.25,7.416917324066162,8.487262725830078,
26.998,-25.5625,-20.93483543395996,-22.835542678833008,12.25,7.416917324066162,8.487262725830078,
27.008,-21.3125,-18.979511260986328,-21.233612060546875,11.9375,7.223445415496826,8.181774139404297,
27.018,-19.4375,-17.53940773010254,-19.966045379638672,11.8125,7.237792015075684,8.12548828125,
27.028,-17.8125,-12.749388694763184,-15.78824234008789,11.75,7.52702522277832,8.273513793945312,
27.038,-16,-9.990221977233887,-13.470109939575195,11.75,7.263744831085205,7.932262420654297,
27.048,-16,-9.990221977233887,-13.470109939575195,11.75,7.263744831085205,7.932262420654297,
27.058,-14.375,-8.71769905090332,-12.329675674438477,11.9375,7.262964725494385,7.807783603668213,
27.068,-11.1875,-7.390678405761719,-11.184024810791016,12.125,7.564305305480957,8.087912559509277,
27.078,-9.6875,-3.8829026222229004,-8.129226684570312,12.3125,7.999480247497559,8.385574340820312,
27.088,-8.125,-1.821347951889038,-6.362168312072754,12.625,8.339115142822266,8.607264518737793,
27.098,-8.125,-1.821347951889038,-6.362168312072754,12.625,8.339115142822266,8.607264518737793,
27.108,-5.1875,-0.5413515567779541,-5.22240686416626,13.1875,8.286503791809082,8.51179027557373,
27.118,-3.6875,0.5685913562774658,-4.258527755737305,13.5,8.917403221130371,9.046026229858398,
27.128,-2.3125,3.96622633934021,-1.2648735046386719,13.9375,9.802326202392578,9.765543937683105,
27.138,-0.9375,5.726529121398926,0.26390838623046875,14.375,10.129905700683594,9.993927001953125,
27.148,0.5625,7.488525390625,1.769187331199646,14.9375,10.643828392028809,10.384109497070312,
27.158,0.5625,7.488525390625,1.769187331199646,14.9375,10.643828392028809,10.384109497070312,
27.168,3.5625,8.65875244140625,2.8350985050201416,16,10.983135223388672,10.644598960876465,
27.178,5.1875,11.897321701049805,5.671172142028809,16.625,12.386245727539062,11.835431098937988,
27.188,6.75,13.479826927185059,7.106755256652832,17.3125,12.990263938903809,12.326461791992188,
27.198,6.75,15.014688491821289,8.481841087341309,17.3125,13.590970993041992,12.803413391113281,
27.208,8.3125,15.014688491821289,8.481841087341309,18.0625,13.590970993041992,12.803413391113281,
27.218,11.8125,16.616357803344727,9.893840789794922,19.8125,14.373125076293945,13.456902503967285,
27.228,13.625,20.310579299926758,13.195094108581543,20.75,15.97612476348877,14.860033988952637,
27.238,15.5625,22.38990020751953,15.013053894042969,21.8125,16.90082550048828,15.67205810546875,
27.248,15.5625,22.38990020751953,15.013053894042969,21.8125,16.90082550048828,15.67205810546875,
27.258,17.5,24.511152267456055,16.906494140625,22.9375,18.1558837890625,16.8499698638916,
27.268,19.4375,26.824613571166992,18.98950958251953,24.125,19.613906860351562,18.263914108276367,
27.278,21,30.114988327026367,22.362489700317383,25.25,21.856496810913086,20.588735580444336,
27.288,22.1875,31.085113525390625,23.482177734375,25.5625,22.557098388671875,21.393442153930664,
27.298,22.1875,31.085113525390625,23.482177734375,25.5625,22.557098388671875,21.393442153930664,
27.308,22.125,31.38614273071289,24.01613998413086,25,22.35559844970703,21.261123657226562,
27.318,21.625,30.04005241394043,23.164968490600586,24,21.2733097076416,20.13545799255371,
27.328,20.5625,27.140871047973633,21.08057975769043,22.625,19.294681549072266,17.880359649658203,
27.338,19.75,25.953664779663086,20.122703552246094,21.5625,18.585466384887695,16.97228240966797,
27.348,18.9375,25.37746238708496,19.64310646057129,20.625,17.8239803314209,16.065752029418945,
27.358,18.25,25.37746238708496,19.64310646057129,19.6875,17.8239803314209,16.065752029418945,
27.368,17.6875,24.484539031982422,18.883113861083984,18.9375,17.046161651611328,15.110851287841797,
27.378,17.1875,23.15230941772461,17.711450576782227,18.3125,15.81663990020752,13.602776527404785,
27.388,16.875,22.487171173095703,17.145097732543945,17.6875,15.200739860534668,12.870233535766602,
27.398,16.5625,22.487171173095703,17.145097732543945,17.125,15.200739860534668,12.870233535766602,
27.408,16.4375,22.18916893005371,16.83223533630371,16.75,14.656031608581543,12.136882781982422,
27.418,16.4375,21.796031951904297,16.50285530090332,16.375,14.274080276489258,11.657814025878906,
27.428,16.4375,21.579004287719727,16.314014434814453,16.0625,14.090996742248535,11.356427192687988,
27.438,16.5625,21.96585464477539,16.598804473876953,15.9375,13.868706703186035,11.073721885681152,
27.448,16.875,22.176313400268555,16.784513473510742,15.75,13.706110954284668,10.866192817687988,
27.458,17.1875,22.471643447875977,17.03430938720703,15.625,13.843825340270996,10.918183326721191,
27.468,17.625,22.944425582885742,17.42222023010254,15.625,13.82439136505127,10.85110092163086,
27.478,18.1875,23.550756454467773,17.936988830566406,15.625,13.763702392578125,10.744170188903809,
27.488,18.875,24.101943969726562,18.433115005493164,15.625,13.89099407196045,10.793923377990723,
27.498,19.5625,24.69017219543457,18.946033477783203,15.75,13.992547988891602,10.841493606567383,
27.508,20.4375,25.85479164123535,19.94104766845703,15.9375,14.1766996383667,11.003595352172852,
27.518,21.375,26.96122932434082,20.918079376220703,16.125,14.485512733459473,11.247123718261719,
27.528,22.4375,28.140274047851562,21.957616806030273,16.4375,14.733145713806152,11.440028190612793,
27.538,23.5,29.622495651245117,23.265464782714844,16.75,15.049101829528809,11.754061698913574,
27.548,24.6875,31.270610809326172,24.70887565612793,17.0625,15.831860542297363,12.515270233154297,
27.558,26,32.25367736816406,25.752458572387695,17.4375,16.236482620239258,12.890467643737793,
27.568,26.75,32.948097229003906,26.549549102783203,17.6875,16.41786766052246,13.070581436157227,
27.578,27.0625,33.4934196472168,27.169086456298828,17.6875,16.320119857788086,12.942526817321777,
27.588,27.1875,33.663021087646484,27.438810348510742,17.5,16.159526824951172,12.768583297729492,
27.598,27,32.964351654052734,26.985897064208984,17.125,15.8560791015625,12.445779800415039,
27.608,26.4375,31.802471160888672,26.086532592773438,16.5625,15.485584259033203,12.015419960021973,
27.618,25.75,31.008575439453125,25.401098251342773,15.9375,15.07638168334961,11.480541229248047,
27.628,25.125,30.322818756103516,24.793594360351562,15.5,14.467599868774414,10.786808013916016,
27.638,24.625,29.84499168395996,24.31922721862793,15,14.016932487487793,10.245915412902832,
27.648,24.3125,29.28689956665039,23.818706512451172,14.5625,13.836884498596191,9.999720573425293,
27.658,24.0625,28.970027923583984,23.489959716796875,14.25,13.616461753845215,9.727113723754883,
27.668,23.9375,28.731521606445312,23.249032974243164,13.9375,13.189964294433594,9.253230094909668,
27.678,24,29.028291702270508,23.463457107543945,13.6875,13.112558364868164,9.119255065917969,
27.688,24.125,29.346590042114258,23.698467254638672,13.5625,12.870294570922852,8.85803508758545,
27.698,24.4375,29.816143035888672,24.067768096923828,13.4375,12.804476737976074,8.79192066192627,
27.708,24.875,30.157983779907227,24.367979049682617,13.375,12.797496795654297,8.753592491149902,
27.718,25.3125,30.680219650268555,24.814775466918945,13.375,12.647499084472656,8.598817825317383,
27.728,25.8125,31.482677459716797,25.494754791259766,13.3125,12.524917602539062,8.473958969116211,
27.738,26.4375,32.22997283935547,26.170862197875977,13.3125,12.573491096496582,8.527165412902832,
27.748,27.0625,32.80807876586914,26.697420120239258,13.3125,12.501157760620117,8.462279319763184,
27.758,27.625,33.548370361328125,27.369203567504883,13.25,12.509769439697266,8.482406616210938,
27.768,28.25,34.02127456665039,27.890884399414062,13.1875,12.48668384552002,8.417415618896484,
27.778,28.5625,34.379791259765625,28.28351593017578,13.125,12.291213989257812,8.176244735717773,
27.788,28.6875,34.658687591552734,28.5927677154541,13,12.074551582336426,7.93630313873291,
27.798,28.6875,34.715389251708984,28.697784423828125,12.8125,11.943398475646973,7.764719486236572,
27.808,28.625,34.11850357055664,28.255403518676758,12.5625,11.763570785522461,7.533345699310303,
27.818,28.375,33.64925003051758,27.864919662475586,12.3125,11.489980697631836,7.231878757476807,
27.828,28.125,33.3219108581543,27.57418441772461,12,11.2704439163208,6.953917980194092,
27.838,28,33.38103485107422,27.590646743774414,11.8125,11.097065925598145,6.7406229972839355,
27.848,28,33.395816802978516,27.5811767578125,11.5625,10.89787483215332,6.522173881530762,
27.858,28.0625,33.453636169433594,27.621089935302734,11.375,10.773336410522461,6.371463775634766,
27.868,28.1875,33.5295524597168,27.68016815185547,11.1875,10.544429779052734,6.109951019287109,
27.878,28.375,33.792030334472656,27.90013885498047,11,10.287580490112305,5.844062328338623,
27.888,28.6875,34.234954833984375,28.28993034362793,10.8125,10.118083000183105,5.6588215827941895,
27.898,28.9375,34.4894905090332,28.54175567626953,10.625,9.986855506896973,5.498210430145264,
27.908,29.1875,34.624267578125,28.706871032714844,10.5,9.789228439331055,5.276460647583008,
27.918,29.3125,34.7536506652832,28.85698699951172,10.25,9.614325523376465,5.0631327629089355,
27.928,29.375,34.79066467285156,28.920774459838867,10.125,9.457559585571289,4.868405818939209,
27.938,29.375,34.6190185546875,28.80514144897461,9.875,9.301130294799805,4.711341857910156,
27.948,29.3125,34.40402603149414,28.64328956604004,9.5625,9.09083080291748,4.487011432647705,
27.958,29.3125,34.369537353515625,28.61838150024414,9.0625,8.730801582336426,4.07877254486084,
27.968,29.4375,34.442325592041016,28.689483642578125,8.5,8.019075393676758,3.284924030303955,
27.978,29.5625,34.53059005737305,28.78927993774414,7.8125,7.353593349456787,2.502499580383301,
27.988,29.6875,34.6215934753418,28.895612716674805,7,6.756052017211914,1.720661997795105,
27.998,29.75,34.646148681640625,28.945974349975586,6.25,6.1371235847473145,0.9040177464485168,
28.008,29.75,34.57863998413086,28.907075881958008,5.5,5.621521472930908,0.17107442021369934,
28.018,29.75,34.45713806152344,28.803911209106445,4.8125,5.24107551574707,-0.4306502938270569,
28.028,29.6875,34.2283821105957,28.596908569335938,4.25,4.900547027587891,-0.9739535450935364,
28.038,29.6875,34.05134963989258,28.422527313232422,3.6875,4.559573173522949,-1.4951627254486084,
28.048,29.6875,34.02505874633789,28.369037628173828,3.125,4.315154552459717,-1.9295895099639893,
28.058,29.8125,34.177642822265625,28.369037628173828,2.625,3.982729196548462,-2.4420127868652344,
28.068,29.8125,34.177642822265625,28.478797912597656,2.125,3.982729196548462,-2.4420127868652344,
28.078,29.875,34.234527587890625,28.510913848876953,1.6875,3.6225900650024414,-2.9736316204071045,
28.088,29.8125,34.27561569213867,28.504119873046875,1.1875,3.06467342376709,-3.83912992477417,
28.098,29.75,34.27561569213867,28.504119873046875,0.75,2.8194119930267334,-3.83912992477417,
28.108,29.6875,34.22138595581055,28.434091567993164,0.25,2.8194119930267334,-4.211296558380127,
28.118,29.5625,34.1037483215332,28.30770492553711,-0.1875,2.4841063022613525,-4.631041049957275,
28.128,29.5,34.036251068115234,28.21221160888672,-0.6875,2.0953190326690674,-5.103094100952148,
28.138,29.4375,33.9501953125,28.09922218322754,-1.1875,1.6519553661346436,-5.620884418487549,
28.148,29.375,33.91653060913086,28.030742645263672,-1.6875,1.2243038415908813,-6.122586727142334,
28.158,29.3125,33.88420486450195,27.965408325195312,-2.125,0.8342750072479248,-6.588652610778809,
28.168,29.25,33.865562438964844,27.91219711303711,-2.5,0.4364752173423767,-7.047918319702148,
28.178,29.125,33.73237228393555,27.764543533325195,-2.875,0.10680961608886719,-7.428277969360352,
28.188,29,33.55235290527344,27.572683334350586,-3.25,-0.16849172115325928,-7.742462635040283,
28.198,28.9375,33.38792419433594,27.392248153686523,-3.625,-0.4391649663448334,-8.038686752319336,
28.208,28.875,33.25677490234375,27.24016571044922,-3.9375,-0.6974825263023376,-8.31545639038086,
28.218,28.8125,33.221771240234375,27.170513153076172,-4.25,-0.974313497543335,-8.607131004333496,
28.228,28.75,33.23004150390625,27.142452239990234,-4.5625,-1.3227232694625854,-8.958806037902832,
28.238,28.6875,33.14860534667969,27.046375274658203,-4.8125,-1.6216106414794922,-9.246051788330078,
28.248,28.5625,33.06818389892578,26.948816299438477,-5.0625,-1.9162981510162354,-9.52436351776123,
28.258,28.5,32.992862701416016,26.85756492614746,-5.375,-2.1850006580352783,-9.772790908813477,
28.268,28.375,32.91309356689453,26.768508911132812,-5.5625,-2.4421164989471436,-9.990413665771484,
28.278,28.3125,32.815216064453125,26.663166046142578,-5.8125,-2.7018887996673584,-10.203085899353027,
28.288,28.25,32.62569046020508,26.56574821472168,-6,-3.21675705909729,-10.604975700378418,
28.298,28.25,32.62569046020508,26.46396827697754,-6,-3.21675705909729,-10.604975700378418,
28.308,28.1875,32.56802749633789,26.39867401123047,-6.1875,-3.4798572063446045,-10.807531356811523,
28.318,28.125,32.544044494628906,26.366905212402344,-6.5,-3.730586051940918,-10.99453353881836,
28.328,28.0625,32.51229476928711,26.33542823791504,-6.625,-3.9667694568634033,-11.154973030090332,
28.338,28.0625,32.46159744262695,26.28955841064453,-6.75,-4.169387340545654,-11.274247169494629,
28.348,28.0625,32.36178207397461,26.204416275024414,-6.75,-4.353946208953857,-11.369285583496094,
28.358,27.8125,32.30012130737305,26.154735565185547,-7.25,-4.563040733337402,-11.476296424865723,
28.368,27.75,32.25462341308594,26.122182846069336,-7.5,-4.764276504516602,-11.571505546569824,
28.378,27.75,32.23357391357422,26.114580154418945,-7.75,-4.973873138427734,-11.667150497436523,
28.388,27.6875,32.20965576171875,26.109220504760742,-8,-5.181663513183594,-11.759142875671387,
28.398,27.6875,32.15959930419922,26.083507537841797,-8,-5.386778831481934,-11.845096588134766,
28.408,27.625,32.10927963256836,26.06194496154785,-8.1875,-5.5509748458862305,-11.88691234588623,
28.418,27.5,32.05804443359375,26.04251480102539,-8.375,-5.689402103424072,-11.894072532653809,
28.428,27.5,32.037960052490234,26.050439834594727,-8.4375,-5.8114471435546875,-11.87842082977295,
28.438,27.4375,32.014644622802734,26.060649871826172,-8.5625,-5.939553260803223,-11.86713695526123,
28.448,27.4375,31.975608825683594,26.059677124023438,-8.5625,-6.082433700561523,-11.870349884033203,
28.458,27.4375,31.967918395996094,26.0863037109375,-8.625,-6.223475456237793,-11.872787475585938,
28.468,27.375,31.961238861083984,26.115928649902344,-8.8125,-6.3661298751831055,-11.875984191894531,
28.478,27.3125,31.910266876220703,26.104469299316406,-8.9375,-6.478397369384766,-11.86331558227539,
28.488,27.3125,31.838171005249023,26.052974700927734,-9,-6.6371660232543945,-11.950738906860352,
28.498,27.3125,31.70107650756836,25.940053939819336,-9,-6.750072956085205,-11.998566627502441,
28.508,27.1875,31.598037719726562,25.84379005432129,-9.0625,-6.738094329833984,-11.981460571289062,
28.518,27,31.415132522583008,25.643253326416016,-9.375,-6.777726173400879,-12.01743221282959,
28.528,26.8125,31.20823860168457,25.413211822509766,-9.625,-7.028343200683594,-12.32270336151123,
28.538,26.6875,31.08029556274414,25.22201156616211,-10,-7.3477935791015625,-12.777033805847168,
28.548,26.6875,31.168258666992188,25.19747543334961,-10,-7.322875499725342,-12.873006820678711,
28.558,26.25,30.76906967163086,24.77569580078125,-10.4375,-7.4953532218933105,-13.18698501586914,
28.568,24.9375,30.2796573638916,24.24810028076172,-11.4375,-7.606832981109619,-13.568448066711426,
28.578,23.9375,29.690366744995117,23.55988883972168,-12.125,-7.776174068450928,-14.01070785522461,
28.588,22.875,28.92711639404297,22.65220069885254,-12.75,-8.117352485656738,-14.678932189941406,
28.598,22.875,28.12982177734375,21.665327072143555,-12.75,-8.3693265914917,-15.240235328674316,
28.608,21.75,27.326335906982422,20.633129119873047,-13.4375,-8.56885814666748,-15.744388580322266,
28.618,19.5625,26.3806209564209,19.447710037231445,-15.125,-9.04985523223877,-16.42662811279297,
28.628,18.625,25.626909255981445,18.3884334564209,-16.0625,-9.67973804473877,-17.27110481262207,
28.638,17.75,25.170522689819336,17.587677001953125,-17.0625,-10.342713356018066,-18.064002990722656,
28.648,17.75,24.45800018310547,16.586719512939453,-17.0625,-11.063841819763184,-18.933420181274414,
28.658,16.9375,23.9661865234375,15.742510795593262,-18.1875,-11.914657592773438,-19.886947631835938,
28.668,15.4375,23.511173248291016,14.907885551452637,-20.3125,-12.858203887939453,-20.897525787353516,
28.678,14.6875,23.164608001708984,14.20374584197998,-21.4375,-13.917227745056152,-22.008604049682617,
28.688,14,22.862077713012695,13.518082618713379,-22.5,-14.943248748779297,-23.09637451171875,
28.698,14,22.496299743652344,12.773839950561523,-22.5,-15.935688018798828,-24.121530532836914,
28.708,13.1875,22.05889129638672,11.966269493103027,-23.5,-16.854265213012695,-25.058677673339844,
28.718,11.375,21.594987869262695,11.178982734680176,-24.5625,-17.598508834838867,-25.87566375732422,
28.728,10.375,20.921630859375,10.297972679138184,-24.75,-17.972932815551758,-26.386098861694336,
28.738,9.25,20.445219039916992,9.552839279174805,-24.8125,-18.459814071655273,-26.885406494140625,
28.748,9.25,19.699935913085938,8.620468139648438,-24.8125,-18.656970977783203,-27.063682556152344,
28.758,8.1875,18.57010269165039,7.382411479949951,-24.625,-18.433012008666992,-26.814559936523438,
28.768,6.0625,17.47331428527832,6.155672073364258,-24.625,-18.359657287597656,-26.572175979614258,
28.778,5.0625,16.601600646972656,5.134517669677734,-24.625,-18.551902770996094,-26.630754470825195,
28.788,4.125,15.883323669433594,4.243219375610352,-24.75,-18.848133087158203,-26.810562133789062,
28.798,4.125,15.245380401611328,3.4101181030273438,-24.75,-19.21336555480957,-26.998809814453125,
28.808,3.25,14.350081443786621,2.373633861541748,-25,-19.53621482849121,-27.08815574645996,
28.818,1.5625,13.413650512695312,1.321152687072754,-25.375,-19.778884887695312,-27.144405364990234,
28.828,0.75,12.586126327514648,0.35869550704956055,-25.5625,-20.000993728637695,-27.163719177246094,
28.838,0,12.05703067779541,-0.33858275413513184,-25.625,-20.543441772460938,-27.50687599182129,
28.848,0,11.53543472290039,-1.00894296169281,-25.625,-20.879192352294922,-27.705429077148438,
28.858,-0.6875,10.859053611755371,-1.7785338163375854,-25.5,-21.008819580078125,-27.702566146850586,
28.868,-2.0625,10.162086486816406,-2.5440032482147217,-25.0625,-21.081552505493164,-27.627586364746094,
28.878,-2.75,9.453195571899414,-3.2831358909606934,-24.6875,-20.947031021118164,-27.363588333129883,
28.888,-3.375,8.815845489501953,-3.9521477222442627,-24.4375,-20.71015739440918,-26.976869583129883,
28.898,-3.375,8.189488410949707,-4.601089954376221,-24.4375,-20.61319351196289,-26.662891387939453,
28.908,-4,7.515573978424072,-5.281305313110352,-24.25,-20.598020553588867,-26.427785873413086,
28.918,-5.1875,6.81533670425415,-5.972164154052734,-24.0625,-20.59962272644043,-26.21133804321289,
28.928,-5.75,6.11721134185791,-6.642350196838379,-24.0625,-20.73082733154297,-26.079675674438477,
28.938,-6.3125,5.576818466186523,-7.179073810577393,-24.0625,-20.912403106689453,-26.02255630493164,
28.948,-6.3125,5.023796081542969,-7.718171119689941,-24.0625,-21.03135108947754,-25.925064086914062,
28.958,-6.8125,4.487699031829834,-8.232250213623047,-24,-21.176342010498047,-25.855419158935547,
28.968,-7.75,3.8762192726135254,-8.787576675415039,-23.6875,-21.36895179748535,-25.87126350402832,
28.978,-8.25,3.2644879817962646,-9.324592590332031,-23.4375,-21.41322135925293,-25.76367950439453,
28.988,-8.625,2.741199016571045,-9.776803970336914,-23.1875,-21.414981842041016,-25.591552734375,
28.998,-8.625,2.2445709705352783,-10.196176528930664,-23.1875,-21.241365432739258,-25.240556716918945,
29.008,-9,1.6806566715240479,-10.659642219543457,-22.9375,-21.037527084350586,-24.859228134155273,
29.018,-9.75,1.082075595855713,-11.147829055786133,-22.625,-20.998947143554688,-24.609127044677734,
29.028,-10.125,0.5377926826477051,-11.579269409179688,-22.5625,-21.11113929748535,-24.506641387939453,
29.038,-10.4375,0.06040284037590027,-11.949592590332031,-22.5,-21.206403732299805,-24.39558982849121,
29.048,-10.4375,-0.3469541072845459,-12.257658004760742,-22.5,-21.2586612701416,-24.243824005126953,
29.058,-10.75,-0.7552058696746826,-12.555781364440918,-22.375,-21.291038513183594,-24.099010467529297,
29.068,-11.25,-1.2725107669830322,-12.929652214050293,-22.0625,-21.362478256225586,-24.032320022583008,
29.078,-11.4375,-1.7110297679901123,-13.22667407989502,-21.875,-21.430204391479492,-23.95395278930664,
29.088,-11.625,-2.1097564697265625,-13.474465370178223,-21.6875,-21.430831909179688,-23.811487197875977,
29.098,-11.625,-2.467592477798462,-13.678298950195312,-21.6875,-21.27836036682129,-23.50546646118164,
29.108,-11.8125,-2.818556785583496,-13.874672889709473,-21.5625,-21.194303512573242,-23.25391960144043,
29.118,-12.125,-3.1813035011291504,-14.071353912353516,-21.4375,-21.248205184936523,-23.138792037963867,
29.128,-12.25,-3.5803728103637695,-14.289660453796387,-21.4375,-21.333114624023438,-23.07900619506836,
29.138,-12.375,-3.901989221572876,-14.442193984985352,-21.375,-21.47724723815918,-23.07052993774414,
29.148,-12.375,-4.1826605796813965,-14.551322937011719,-21.375,-21.569580078125,-23.034446716308594,
29.158,-12.4375,-4.480989456176758,-14.664088249206543,-21.3125,-21.606266021728516,-22.9676570892334,
29.168,-12.5,-4.815526962280273,-14.799347877502441,-21.25,-21.634157180786133,-22.89708709716797,
29.178,-12.5625,-5.082095146179199,-14.868563652038574,-21.1875,-21.66689109802246,-22.8256893157959,
29.188,-12.625,-5.313141345977783,-14.89808464050293,-21.1875,-21.679670333862305,-22.740459442138672,
29.198,-12.625,-5.594527244567871,-14.967132568359375,-21.1875,-21.693103790283203,-22.62738800048828,
29.208,-12.5,-5.825648307800293,-14.984203338623047,-21.3125,-21.7868709564209,-22.588085174560547,
29.218,-12.3125,-6.059711456298828,-14.979317665100098,-21.4375,-21.957530975341797,-22.663822174072266,
29.228,-12.125,-6.130078315734863,-14.81983470916748,-21.5625,-22.249576568603516,-22.90027618408203,
29.238,-11.875,-6.108185291290283,-14.578449249267578,-21.75,-22.572370529174805,-23.1584415435791,
29.248,-11.5625,-6.139446258544922,-14.351949691772461,-21.875,-22.6988468170166,-23.238834381103516,
29.258,-11.1875,-6.1776909828186035,-14.10740852355957,-22.0625,-22.769067764282227,-23.257658004760742,
29.268,-10.6875,-6.053997993469238,-13.713523864746094,-22.25,-22.9857120513916,-23.425447463989258,
29.278,-10.1875,-5.778625965118408,-13.172323226928711,-22.5,-23.27933692932129,-23.68314552307129,
29.288,-9.6875,-5.504326343536377,-12.610313415527344,-22.8125,-23.619462966918945,-23.99302101135254,
29.298,-9.125,-5.357664108276367,-12.127178192138672,-23.0625,-23.880029678344727,-24.235937118530273,
29.308,-8.5625,-5.241912364959717,-11.651265144348145,-23.3125,-24.19147491455078,-24.557567596435547,
29.318,-8.125,-5.185575485229492,-11.209049224853516,-23.4375,-24.409381866455078,-24.80815887451172,
29.328,-7.625,-5.011680603027344,-10.667997360229492,-23.625,-24.5465145111084,-24.953889846801758,
29.338,-7.1875,-4.914317607879639,-10.178999900817871,-23.75,-24.659149169921875,-25.076732635498047,
29.348,-6.75,-4.871181011199951,-9.711769104003906,-23.9375,-24.758621215820312,-25.185314178466797,
29.358,-6.3125,-4.753597259521484,-9.144021034240723,-24.1875,-25.023029327392578,-25.472627639770508,
29.368,-5.875,-4.751801013946533,-8.609628677368164,-24.375,-25.27093505859375,-25.783771514892578,
29.378,-5.5,-4.682984352111816,-7.970100402832031,-24.5,-25.5178279876709,-26.12364959716797,
29.388,-5.125,-4.832178115844727,-7.435192108154297,-24.625,-25.656599044799805,-26.365524291992188,
29.398,-4.6875,-5.154593467712402,-6.9573869705200195,-24.6875,-25.673709869384766,-26.510902404785156,
29.408,-4.3125,-5.5561957359313965,-6.445223331451416,-24.75,-25.693927764892578,-26.669750213623047,
29.418,-3.875,-5.989264965057373,-5.864191055297852,-24.8125,-25.72529411315918,-26.83816909790039,
29.428,-3.4375,-6.474167346954346,-5.234065055847168,-24.875,-25.76451301574707,-27.010766983032227,
29.438,-2.9375,-7.006463527679443,-4.5684099197387695,-24.9375,-25.802656173706055,-27.18349266052246,
29.448,-2.5,-7.716519832611084,-3.969792604446411,-25.0625,-25.92568016052246,-27.4165096282959,
29.458,-2,-8.372904777526855,-3.2742552757263184,-25.125,-26.09984016418457,-27.693456649780273,
29.468,-1.4375,-8.975526809692383,-2.4696900844573975,-25.125,-26.27076530456543,-27.946338653564453,
29.478,-0.9375,-9.75069808959961,-1.7350125312805176,-25.1875,-26.399497985839844,-28.096147537231445,
29.488,-0.375,-10.51786994934082,-0.9471635818481445,-25.1875,-26.68263816833496,-28.36659049987793,
29.498,0.125,-11.423863410949707,-0.2389616072177887,-25.1875,-26.8814697265625,-28.516023635864258,
29.508,0.5625,-12.554545402526855,0.31374165415763855,-25.0625,-27.054418563842773,-28.640932083129883,
29.518,1,-13.590839385986328,0.8703125715255737,-24.9375,-27.19043731689453,-28.67778968811035,
29.528,1.5625,-14.328326225280762,1.6052206754684448,-24.8125,-27.22605323791504,-28.521181106567383,
29.538,2.0625,-15.231657981872559,2.1772780418395996,-24.6875,-27.297683715820312,-28.388412475585938,
29.548,2.625,-16.0339298248291,2.7916157245635986,-24.625,-27.525320053100586,-28.36515235900879,
29.558,3.25,-16.55522918701172,3.594102382659912,-24.5625,-27.953933715820312,-28.503446578979492,
29.568,3.875,-17.015182495117188,4.427064895629883,-24.5,-28.329227447509766,-28.539276123046875,
29.578,4.5625,-17.42996597290039,5.260300636291504,-24.4375,-28.533802032470703,-28.36343765258789,
29.588,5.375,-17.81470489501953,6.079935073852539,-24.4375,-29.061960220336914,-28.457237243652344,
29.598,6.1875,-18.013383865356445,7.029194355010986,-24.4375,-29.626680374145508,-28.564754486083984,
29.608,7,-18.123668670654297,8.029054641723633,-24.375,-30.07085418701172,-28.502273559570312,
29.618,7.9375,-18.1873722076416,9.02458381652832,-24.375,-30.621530532836914,-28.488943099975586,
29.628,8.875,-18.155569076538086,10.076534271240234,-24.3125,-31.1705322265625,-28.44952964782715,
29.638,9.875,-18.07880210876465,11.134519577026367,-24.125,-31.639925003051758,-28.307939529418945,
29.648,10.875,-17.923309326171875,12.224312782287598,-23.9375,-32.163387298583984,-28.172842025756836,
29.658,11.875,-17.50704002380371,13.48336410522461,-23.625,-32.598121643066406,-27.943527221679688,
29.668,12.875,-17.110815048217773,14.681806564331055,-23.1875,-32.97211837768555,-27.607906341552734,
29.678,13.875,-16.76534652709961,15.799817085266113,-22.6875,-33.23734664916992,-27.103614807128906,
29.688,14.9375,-16.380203247070312,16.889421463012695,-22.125,-33.42832946777344,-26.487693786621094,
29.698,15.9375,-15.755728721618652,18.106834411621094,-21.4375,-33.62740707397461,-25.85916519165039,
29.708,17,-15.076166152954102,19.329647064208984,-20.75,-33.77790832519531,-25.11807632446289,
29.718,18.0625,-14.489786148071289,20.419397354125977,-20,-33.948394775390625,-24.35122299194336,
29.728,19.125,-13.646286964416504,21.64221954345703,-19.125,-33.99712371826172,-23.469379425048828,
29.738,20.125,-12.782289505004883,22.83444595336914,-18.1875,-34.02614212036133,-22.525257110595703,
29.748,21.0625,-12.02086067199707,23.885040283203125,-17.125,-33.96577072143555,-21.455963134765625,
29.758,22.0625,-11.218859672546387,24.887718200683594,-15.9375,-33.730098724365234,-20.20865249633789,
29.768,22.9375,-10.305803298950195,25.909822463989258,-14.625,-33.481605529785156,-18.919248580932617,
29.778,23.75,-9.350349426269531,26.896484375,-13.1875,-33.17930603027344,-17.543922424316406,
29.788,24.5,-8.497027397155762,27.721996307373047,-11.6875,-32.67139434814453,-15.945794105529785,
29.798,25.1875,-7.5075178146362305,28.577627182006836,-10.0625,-32.12851333618164,-14.296728134155273,
29.808,25.75,-6.5553507804870605,29.32213020324707,-8.375,-31.588041305541992,-12.627435684204102,
29.818,26.1875,-5.619018077850342,29.97077751159668,-6.5625,-30.84393310546875,-10.762001037597656,
29.828,26.5625,-4.771574974060059,30.458328247070312,-4.6875,-29.969249725341797,-8.760322570800781,
29.838,26.75,-4.006739139556885,30.786937713623047,-2.75,-29.054977416992188,-6.717546463012695,
29.848,26.875,-3.156383514404297,31.092573165893555,-0.6875,-28.068519592285156,-4.646239280700684,
29.858,26.8125,-2.4049124717712402,31.225576400756836,1.3125,-26.91376304626465,-2.4399399757385254,
29.868,26.625,-1.765315294265747,31.17367935180664,3.4375,-25.729780197143555,-0.23302380740642548,
29.878,26.3125,-1.1393427848815918,31.027145385742188,5.5625,-24.449588775634766,2.017186403274536,
29.888,25.8125,-0.5363371968269348,30.78731346130371,7.6875,-22.974048614501953,4.391704082489014,
29.898,25.125,-0.023521125316619873,30.388906478881836,9.75,-21.511173248291016,6.690704345703125,
29.908,24.25,0.3464871346950531,29.801719665527344,11.75,-19.995681762695312,8.970440864562988,
29.918,23.25,0.5193109512329102,28.980287551879883,13.625,-18.434555053710938,11.212903022766113,
29.928,22,0.5214225053787231,27.95777702331543,15.3125,-16.971630096435547,13.261887550354004,
29.938,20.6875,0.3637845814228058,26.747684478759766,16.8125,-15.601445198059082,15.103352546691895,
29.948,19.25,0.10831981897354126,25.41180419921875,18.1875,-14.276244163513184,16.783979415893555,
29.958,17.75,-0.16264304518699646,24.022375106811523,19.5,-12.967591285705566,18.35504722595215,
29.968,16.1875,-0.5592753887176514,22.511188507080078,20.6875,-11.735991477966309,19.747385025024414,
29.978,14.625,-1.0066696405410767,20.939373016357422,21.75,-10.387945175170898,21.188627243041992,
29.988,13.0625,-1.401932954788208,19.391773223876953,22.6875,-9.099910736083984,22.516698837280273,
29.998,11.5,-1.8298312425613403,17.81541633605957,23.4375,-7.9419426918029785,23.675914764404297,
30.008,9.9375,-2.235429525375366,16.261167526245117,24,-6.916372776031494,24.640188217163086,
30.018,8.375,-2.7095940113067627,14.656797409057617,24.4375,-6.142499923706055,25.29906463623047,
30.028,6.875,-3.1877241134643555,13.060755729675293,24.6875,-5.485159873962402,25.788745880126953,
30.038,5.3125,-3.691631317138672,11.463050842285156,24.9375,-4.840453147888184,26.19863510131836,
30.048,3.875,-4.183694839477539,9.901363372802734,25.125,-4.198544979095459,26.55791664123535,
30.058,2.375,-4.663191318511963,8.389636039733887,25.25,-3.606222152709961,26.834022521972656,
30.068,1,-5.088716983795166,6.967489719390869,25.25,-2.9594292640686035,27.1389102935791,
30.078,-0.3125,-5.671706676483154,5.473689079284668,25.1875,-2.402177095413208,27.331302642822266,
30.088,-1.625,-6.2691779136657715,4.049424171447754,25,-2.0335309505462646,27.296588897705078,
30.098,-2.8125,-6.787234306335449,2.787867546081543,24.8125,-1.6311885118484497,27.26605987548828,
30.108,-4.0625,-7.293411731719971,1.5668522119522095,24.5625,-1.2325063943862915,27.205896377563477,
30.118,-5.1875,-7.963744640350342,0.33151859045028687,24.375,-0.9420773386955261,27.01593017578125,
30.128,-6.25,-8.706631660461426,-0.8910703659057617,24.125,-0.6108999848365784,26.86414909362793,
30.138,-7.25,-9.38250732421875,-2.0045266151428223,23.9375,-0.15723884105682373,26.8269100189209,
30.148,-8.1875,-10.11484432220459,-3.1158461570739746,23.6875,0.1302749216556549,26.63174819946289,
30.158,-9,-10.831914901733398,-4.188007354736328,23.4375,0.4154081344604492,26.434724807739258,
30.168,-9.6875,-11.391735076904297,-5.1123552322387695,23.125,0.6477173566818237,26.21120834350586,
30.178,-10.3125,-11.756680488586426,-5.870125770568848,22.875,0.9189788103103638,26.02606773376465,
30.188,-10.875,-11.991997718811035,-6.5164103507995605,22.5625,1.1267457008361816,25.766407012939453,
30.198,-11.375,-12.196064949035645,-7.12507438659668,22.25,1.3142154216766357,25.463354110717773,
30.208,-11.75,-12.30595874786377,-7.656071186065674,21.9375,1.525130033493042,25.179189682006836,
30.218,-12.125,-12.408272743225098,-8.159026145935059,21.6875,1.7623461484909058,24.935993194580078,
30.228,-12.4375,-12.442481994628906,-8.582369804382324,21.375,2.0718302726745605,24.771059036254883,
30.238,-12.6875,-12.468832015991211,-8.954228401184082,21.125,2.381114959716797,24.616289138793945,
30.248,-12.875,-12.490781784057617,-9.27432632446289,20.875,2.582545757293701,24.367595672607422,
30.258,-13.0625,-12.512445449829102,-9.57579517364502,20.625,2.782554864883423,24.12455940246582,
30.268,-13.1875,-12.527743339538574,-9.844176292419434,20.4375,2.9797468185424805,23.891416549682617,
30.278,-13.3125,-12.521843910217285,-10.040274620056152,20.25,3.218898296356201,23.715972900390625,
30.288,-13.375,-12.530357360839844,-10.217045783996582,20.0625,3.4967594146728516,23.596128463745117,
30.298,-13.375,-12.491783142089844,-10.322834968566895,19.9375,3.772519826889038,23.48752212524414,
30.308,-13.375,-12.456438064575195,-10.41628360748291,19.9375,4.030826091766357,23.372684478759766,
30.318,-13.375,-12.400589942932129,-10.479545593261719,19.875,4.205634593963623,23.181913375854492,
30.328,-13.375,-12.283062934875488,-10.499099731445312,19.625,4.522683620452881,23.131032943725586,
30.338,-13.4375,-12.131991386413574,-10.488334655761719,19.5,4.8762407302856445,23.132511138916016,
30.348,-13.5625,-11.89343547821045,-10.437703132629395,19.3125,5.233166694641113,23.12798309326172,
30.358,-13.5625,-11.71206283569336,-10.44647216796875,19.3125,5.603238105773926,23.1356201171875,
30.368,-13.8125,-11.798982620239258,-10.65980339050293,19,5.781234264373779,23.00518035888672,
30.378,-14.8125,-12.021852493286133,-10.942038536071777,18,5.755331516265869,22.763484954833984,
30.388,-15.4375,-12.624235153198242,-11.553252220153809,17.375,5.478161334991455,22.272403717041016,
30.398,-16.25,-13.232157707214355,-12.161602020263672,16.6875,5.110381603240967,21.696510314941406,
30.408,-16.25,-13.911054611206055,-12.857583045959473,16.6875,4.684393882751465,21.042451858520508,
30.418,-17,-14.701517105102539,-13.634265899658203,16,4.282555103302002,20.41606903076172,
30.428,-18.5625,-15.580814361572266,-14.492742538452148,14.875,3.9173226356506348,19.781827926635742,
30.438,-19.25,-16.36525535583496,-15.299257278442383,14.5,3.6657495498657227,19.236316680908203,
30.448,-19.875,-16.999826431274414,-15.984159469604492,14.125,3.583409547805786,18.872255325317383,
30.458,-19.875,-17.613391876220703,-16.630884170532227,14.125,3.530330181121826,18.56934356689453,
30.468,-20.375,-18.158302307128906,-17.225820541381836,13.875,3.5401124954223633,18.33800506591797,
30.478,-21.125,-18.634017944335938,-17.729528427124023,13.375,3.532111644744873,18.147430419921875,
30.488,-21.375,-18.964534759521484,-18.056194305419922,13.0625,3.4578704833984375,17.965147018432617,
30.498,-21.625,-19.232013702392578,-18.279497146606445,12.6875,3.232538938522339,17.69333267211914,
30.508,-21.625,-19.491281509399414,-18.483915328979492,12.6875,3.0798499584198,17.47926902770996,
30.518,-21.875,-19.83283805847168,-18.727344512939453,12.1875,2.7735183238983154,17.188987731933594,
30.528,-22.5625,-20.325918197631836,-19.027238845825195,10.75,2.0676231384277344,16.672649383544922,
30.538,-23,-20.885196685791016,-19.373762130737305,9.875,1.1559315919876099,15.971336364746094,
30.548,-23.5625,-21.468725204467773,-19.735977172851562,8.6875,0.05266183614730835,15.158915519714355,
30.558,-23.5625,-22.046367645263672,-20.13420867919922,8.6875,-0.990199625492096,14.34947395324707,
30.568,-24.25,-22.87411117553711,-20.72671890258789,7.375,-2.32649564743042,13.353487968444824,
30.578,-25.9375,-24.009685516357422,-21.5527400970459,4.125,-4.199994087219238,12.058157920837402,
30.588,-26.8125,-25.140100479125977,-22.402437210083008,2.1875,-6.3769073486328125,10.522092819213867,
30.598,-27.6875,-26.213510513305664,-23.24127197265625,0.125,-8.841103553771973,8.78044319152832,
30.608,-27.6875,-27.31093978881836,-24.131216049194336,0.125,-11.394495964050293,6.902332305908203,
30.618,-28.4375,-28.369853973388672,-25.06134033203125,-1.875,-14.24824333190918,4.855980396270752,
30.628,-29.375,-28.88712501525879,-25.659029006958008,-5.875,-17.317140579223633,2.8045878410339355,
30.638,-29.5,-29.132537841796875,-26.043947219848633,-7.6875,-20.433109283447266,0.8008890151977539,
30.648,-29.5,-28.83966636657715,-26.015575408935547,-9.4375,-23.921682357788086,-1.4883832931518555,
30.658,-29.5,-28.532089233398438,-25.997406005859375,-9.4375,-27.27915382385254,-3.6379103660583496,
30.668,-29.4375,-27.84173011779785,-25.784931182861328,-11.0625,-30.544475555419922,-5.656450271606445,
30.678,-29.5,-27.280977249145508,-25.72850799560547,-14.3125,-33.6168098449707,-7.4774932861328125,
30.688,-29.625,-26.5266056060791,-25.599102020263672,-15.9375,-36.83345031738281,-9.538307189941406,
30.698,-29.375,-25.540130615234375,-25.430282592773438,-17.0625,-39.43578338623047,-11.121147155761719,
30.708,-29.375,-24.5224552154541,-25.223173141479492,-17.0625,-42.5318489074707,-13.162693977355957,
30.718,-29.0625,-23.289228439331055,-24.939062118530273,-18,-45.353843688964844,-15.009061813354492,
30.728,-27.8125,-21.644845962524414,-24.38374900817871,-19.3125,-47.27862548828125,-16.183502197265625,
30.738,-26.875,-19.733150482177734,-23.584606170654297,-19.625,-49.01552200317383,-17.190866470336914,
30.748,-25.9375,-17.57875633239746,-22.545053482055664,-20.125,-50.667877197265625,-18.087383270263672,
30.758,-25.9375,-15.458355903625488,-21.545196533203125,-20.125,-52.30513000488281,-19.00995445251465,
30.768,-25,-13.458154678344727,-20.655921936035156,-20.5625,-53.657371520996094,-19.75072479248047,
30.778,-23.1875,-11.725210189819336,-19.96737289428711,-21.6875,-55.16535949707031,-20.711151123046875,
30.788,-22.3125,-9.709711074829102,-19.08379364013672,-22.3125,-56.64178466796875,-21.694271087646484,
30.798,-21.4375,-7.7149786949157715,-18.236448287963867,-22.9375,-58.15797805786133,-22.766788482666016,
30.808,-21.4375,-5.942973613739014,-17.59818458557129,-22.9375,-59.487335205078125,-23.734275817871094,
30.818,-20.625,-4.157589435577393,-16.942583084106445,-23.6875,-60.82683563232422,-24.75615882873535,
30.828,-18.8125,-2.3499016761779785,-16.314992904663086,-24.625,-62.01791763305664,-25.74127960205078,
30.838,-17.875,-0.3713465929031372,-15.555160522460938,-24.875,-63.034603118896484,-26.67301368713379,
30.848,-16.875,1.8394944667816162,-14.586495399475098,-25,-63.89487838745117,-27.532686233520508,
30.858,-16.875,3.787027359008789,-13.797567367553711,-25,-64.27439880371094,-27.973264694213867,
30.868,-15.75,5.73846435546875,-12.997467041015625,-24.9375,-64.3174819946289,-28.153348922729492,
30.878,-13.4375,7.817165851593018,-12.069583892822266,-24.875,-64.20403289794922,-28.180959701538086,
30.888,-12.375,9.715534210205078,-11.217658996582031,-24.9375,-64.17272186279297,-28.316381454467773,
30.898,-11.25,11.411718368530273,-10.48818302154541,-25.125,-64.271728515625,-28.638198852539062,
30.908,-11.25,13.421717643737793,-9.510830879211426,-25.125,-64.39195251464844,-29.00774574279785,
30.918,-10.125,15.33675479888916,-8.588744163513184,-25.4375,-64.54108428955078,-29.403657913208008,
30.928,-7.9375,17.231494903564453,-7.667102336883545,-26.0625,-64.55353546142578,-29.7322998046875,
30.938,-6.9375,18.947011947631836,-6.875182151794434,-26.125,-64.5747299194336,-30.200050354003906,
30.948,-5.875,20.67342185974121,-6.029968738555908,-26.125,-64.56233978271484,-30.71822166442871,
30.958,-5.875,22.478158950805664,-5.097932815551758,-26.125,-64.37447357177734,-31.12140655517578,
30.968,-4.8125,24.255403518676758,-4.150322914123535,-26,-63.8197135925293,-31.198131561279297,
30.978,-2.75,25.797225952148438,-3.3463900089263916,-25.625,-62.82506561279297,-30.850778579711914,
30.988,-1.6875,27.195064544677734,-2.6349234580993652,-25.5,-61.85425567626953,-30.519927978515625,
30.998,-0.625,28.50130271911621,-1.9565504789352417,-25.4375,-61.0533447265625,-30.39412498474121,
31.008,-0.625,30.084077835083008,-1.0112075805664062,-25.4375,-60.432777404785156,-30.445720672607422,
31.018,0.375,31.416763305664062,-0.24307000637054443,-25.5,-59.84505081176758,-30.54106330871582,
31.028,2.4375,33.006107330322266,0.7635195255279541,-25.625,-59.1437873840332,-30.552616119384766,
31.038,3.375,34.381568908691406,1.612809419631958,-25.4375,-58.44993591308594,-30.6522216796875,
31.048,4.375,35.701053619384766,2.4964358806610107,-25.25,-57.70438766479492,-30.769533157348633,
31.058,4.375,37.065616607666016,3.4255261421203613,-25.25,-56.81367111206055,-30.752422332763672,
31.068,5.1875,38.230228424072266,4.275040149688721,-24.9375,-55.529823303222656,-30.35354232788086,
31.078,7.0625,39.24814224243164,4.969301223754883,-24.4375,-54.111793518066406,-29.783063888549805,
31.088,8,40.17567443847656,5.669068813323975,-24.3125,-52.87683868408203,-29.40180206298828,
31.098,8.875,41.19440460205078,6.454201698303223,-24.125,-51.81254196166992,-29.179948806762695,
31.108,8.875,41.85533142089844,6.97685432434082,-24.125,-50.928680419921875,-29.201095581054688,
31.118,9.625,43.01122283935547,7.966312885284424,-23.875,-49.89915466308594,-29.070585250854492,
31.128,11.125,43.87726593017578,8.720650672912598,-23.3125,-48.86779022216797,-28.955493927001953,
31.138,11.9375,44.5684700012207,9.418306350708008,-22.9375,-47.50880432128906,-28.486034393310547,
31.148,12.5625,45.16459274291992,10.006072044372559,-22.5625,-46.035057067871094,-27.909345626831055,
31.158,12.5625,45.28951644897461,10.272502899169922,-22.5625,-44.75700759887695,-27.501712799072266,
31.168,13.25,45.84950637817383,10.888659477233887,-22.375,-43.59267044067383,-27.161285400390625,
31.178,14.6875,46.341163635253906,11.46635627746582,-22,-42.57383728027344,-26.99202537536621,
31.188,15.375,46.90279769897461,12.129179954528809,-21.8125,-41.59019470214844,-26.836280822753906,
31.198,15.9375,47.51224899291992,12.851606369018555,-21.5625,-40.61322021484375,-26.70069122314453,
31.208,15.9375,47.84840393066406,13.428732872009277,-21.5625,-39.54011154174805,-26.465057373046875,
31.218,16.4375,48.12593460083008,13.961785316467285,-21.25,-38.40409469604492,-26.134349822998047,
31.228,17.4375,48.223331451416016,14.334588050842285,-20.6875,-37.302940368652344,-25.824560165405273,
31.238,17.875,48.72389602661133,15.062631607055664,-20.5,-36.025550842285156,-25.312484741210938,
31.248,18.4375,49.15640640258789,15.859091758728027,-20.375,-34.91902160644531,-24.824604034423828,
31.258,18.4375,49.12476348876953,16.385406494140625,-20.375,-34.135902404785156,-24.556758880615234,
31.268,18.8125,48.8195686340332,16.849464416503906,-20.1875,-33.552669525146484,-24.422534942626953,
31.278,19.0625,48.583255767822266,17.441007614135742,-19.9375,-33.28910827636719,-24.536380767822266,
31.288,19.3125,48.49018096923828,18.184513092041016,-19.625,-32.949424743652344,-24.514461517333984,
31.298,19.5,47.572566986083984,18.2161922454834,-19.375,-32.26498794555664,-24.08122444152832,
31.308,19.8125,46.55545425415039,18.117420196533203,-19.125,-31.452646255493164,-23.51922607421875,
31.318,20.1875,45.69226837158203,18.11616325378418,-18.9375,-30.781383514404297,-23.1256103515625,
31.328,20.5625,45.32649230957031,18.51910400390625,-18.625,-30.277589797973633,-22.941631317138672,
31.338,20.9375,45.37286376953125,19.249879837036133,-18.3125,-29.87053680419922,-22.859155654907227,
31.348,21.1875,44.93613815307617,19.59890365600586,-18.0625,-29.306724548339844,-22.56510353088379,
31.358,21.3125,44.338096618652344,19.787992477416992,-17.875,-28.738786697387695,-22.253938674926758,
31.368,21.3125,43.57215881347656,19.8144588470459,-17.8125,-28.309144973754883,-22.04280662536621,
31.378,21.125,42.9149284362793,19.89057159423828,-17.8125,-27.96574592590332,-21.90911293029785,
31.388,20.875,42.0452995300293,19.734899520874023,-18,-27.85720443725586,-21.994487762451172,
31.398,20.75,41.2983283996582,19.618967056274414,-18.25,-27.675945281982422,-22.046724319458008,
31.408,20.5,40.400474548339844,19.369117736816406,-18.5,-27.64646339416504,-22.279895782470703,
31.418,20.3125,39.467491149902344,19.062524795532227,-18.6875,-27.558719635009766,-22.505966186523438,
31.428,20.125,38.73332977294922,18.9069766998291,-18.8125,-27.571388244628906,-22.851646423339844,
31.438,19.9375,38.09794235229492,18.826038360595703,-18.8125,-27.413787841796875,-23.031673431396484,
31.448,19.8125,37.46878433227539,18.736127853393555,-18.8125,-26.997880935668945,-22.93170928955078,
31.458,19.75,36.73944854736328,18.561525344848633,-18.8125,-26.50532341003418,-22.721908569335938,
31.468,19.625,36.07562255859375,18.432819366455078,-18.875,-26.242952346801758,-22.74228858947754,
31.478,19.5625,35.48122787475586,18.352249145507812,-18.9375,-26.04278564453125,-22.830841064453125,
31.488,19.5,34.933631896972656,18.29924964904785,-19.0625,-25.862991333007812,-22.944658279418945,
31.498,19.5,34.36591720581055,18.218772888183594,-19.125,-25.634807586669922,-23.027481079101562,
31.508,19.4375,33.83244705200195,18.149742126464844,-19.125,-25.380088806152344,-23.102432250976562,
31.518,19.4375,33.34833526611328,18.111255645751953,-19.0625,-25.084304809570312,-23.14520263671875,
31.528,19.4375,32.89581298828125,18.081003189086914,-19,-24.644176483154297,-23.032886505126953,
31.538,19.4375,32.521018981933594,18.102584838867188,-19,-24.182579040527344,-22.89112663269043,
31.548,19.5,32.1273193359375,18.104084014892578,-19,-23.769742965698242,-22.79316520690918,
31.558,19.5625,31.735761642456055,18.09300422668457,-18.9375,-23.4038028717041,-22.755828857421875,
31.568,19.625,31.453798294067383,18.162933349609375,-18.875,-23.05516242980957,-22.7464599609375,
31.578,19.75,31.18427276611328,18.251352310180664,-18.8125,-22.696006774902344,-22.713096618652344,
31.588,19.875,30.957557678222656,18.381484985351562,-18.75,-22.309757232666016,-22.637516021728516,
31.598,20,30.762826919555664,18.539283752441406,-18.625,-21.850601196289062,-22.482873916625977,
31.608,20.0625,30.503751754760742,18.650178909301758,-18.5625,-21.44295310974121,-22.363962173461914,
31.618,20.1875,30.228519439697266,18.749176025390625,-18.4375,-21.101781845092773,-22.29018783569336,
31.628,20.25,29.942546844482422,18.84058952331543,-18.375,-20.725143432617188,-22.163475036621094,
31.638,20.375,29.67206573486328,18.944671630859375,-18.3125,-20.343387603759766,-22.016481399536133,
31.648,20.4375,29.393962860107422,19.03915786743164,-18.25,-20.00099754333496,-21.899789810180664,
31.658,20.5,29.098003387451172,19.11134147644043,-18.1875,-19.793014526367188,-21.925268173217773,
31.668,20.5625,28.790977478027344,19.168758392333984,-18.125,-19.57452964782715,-21.93729019165039,
31.678,20.625,28.470138549804688,19.210390090942383,-18.0625,-19.287874221801758,-21.87019157409668,
31.688,20.6875,28.18213653564453,19.272327423095703,-18,-18.926223754882812,-21.729040145874023,
31.698,20.75,27.945819854736328,19.36807632446289,-17.9375,-18.591590881347656,-21.617076873779297,
31.708,20.875,27.69572639465332,19.44709587097168,-17.8125,-18.30455780029297,-21.545808792114258,
31.718,20.9375,27.421775817871094,19.505279541015625,-17.75,-18.04377555847168,-21.492029190063477,
31.728,21.0625,27.2170352935791,19.61759376525879,-17.625,-17.746288299560547,-21.392908096313477,
31.738,21.1875,27.060731887817383,19.76776885986328,-17.5625,-17.44586181640625,-21.28704833984375,
31.748,21.25,26.879655838012695,19.895505905151367,-17.5,-17.145811080932617,-21.181468963623047,
31.758,21.3125,26.62801742553711,19.958587646484375,-17.375,-16.858169555664062,-21.085704803466797,
31.768,21.4375,26.38687515258789,20.02423858642578,-17.25,-16.59246253967285,-21.000457763671875,
31.778,21.5,26.151121139526367,20.089372634887695,-17.1875,-16.315654754638672,-20.899221420288086,
31.788,21.625,25.975284576416016,20.199129104614258,-17.0625,-16.017675399780273,-20.77142906188965,
31.798,21.6875,25.831377029418945,20.332717895507812,-17,-15.759049415588379,-20.682260513305664,
31.808,21.8125,25.679088592529297,20.455974578857422,-16.875,-15.522289276123047,-20.617055892944336,
31.818,21.875,25.494970321655273,20.54793357849121,-16.75,-15.284442901611328,-20.548076629638672,
31.828,22,25.306196212768555,20.63180160522461,-16.6875,-14.986456871032715,-20.407642364501953,
31.838,22.0625,25.146045684814453,20.73703956604004,-16.5625,-14.680500984191895,-20.252256393432617,
31.848,22.1875,25.016345977783203,20.864173889160156,-16.4375,-14.395668029785156,-20.111831665039062,
31.858,22.3125,24.85570526123047,20.96603775024414,-16.3125,-14.172021865844727,-20.024662017822266,
31.868,22.4375,24.692941665649414,21.067790985107422,-16.1875,-13.95741081237793,-19.940195083618164,
31.878,22.5625,24.551353454589844,21.190078735351562,-16.0625,-13.709657669067383,-19.815975189208984,
31.888,22.6875,24.482032775878906,21.377248764038086,-15.9375,-13.430997848510742,-19.654138565063477,
31.898,22.875,24.40560531616211,21.568340301513672,-15.6875,-13.060604095458984,-19.38454818725586,
31.908,23.125,24.35979461669922,21.806241989135742,-15.375,-12.643691062927246,-19.029085159301758,
31.918,23.625,24.45244789123535,22.218021392822266,-14.875,-12.260167121887207,-18.643518447875977,
31.928,24.375,24.720470428466797,22.891769409179688,-14,-11.902862548828125,-18.16748809814453,
31.938,25.3125,25.210561752319336,23.916841506958008,-12.5625,-11.38219928741455,-17.354848861694336,
31.948,26.5,25.849529266357422,25.2330265045166,-10.5,-10.597898483276367,-16.040542602539062,
31.958,27.625,26.60405158996582,26.77375602722168,-7.8125,-9.439505577087402,-14.046480178833008,
31.968,28.5625,27.188400268554688,28.226985931396484,-4.5625,-8.083196640014648,-11.477850914001465,
31.978,29.125,27.65780258178711,29.52658462524414,-0.9375,-6.618463516235352,-8.399158477783203,
31.988,29.1875,28.034351348876953,30.59407615661621,2.75,-5.044738292694092,-4.8414201736450195,
31.998,28.6875,27.97391700744629,31.042835235595703,6.4375,-3.5948941707611084,-1.1185599565505981,
32.008,27.75,27.83306312561035,31.106033325195312,10,-2.378096580505371,2.469738483428955,
32.018,26.375,27.547828674316406,30.73914337158203,13.4375,-1.329414963722229,5.8867411613464355,
32.028,24.5625,26.87744903564453,29.747669219970703,16.625,-0.14754292368888855,9.309032440185547,
32.038,22.4375,25.81698989868164,28.187305450439453,19.4375,0.87236088514328,12.36499309539795,
32.048,20,24.923267364501953,26.53696060180664,22,2.0316836833953857,15.24050521850586,
32.058,17.375,24.092206954956055,24.732973098754883,24.25,3.5134825706481934,18.20589828491211,
32.068,14.5,22.955476760864258,22.49009895324707,26.125,4.703268051147461,20.670150756835938,
32.078,11.375,21.819856643676758,20.15920066833496,27.625,5.796241760253906,22.715469360351562,
32.088,8.125,20.699262619018555,17.751604080200195,28.8125,7.019315719604492,24.627765655517578,
32.098,4.75,18.774276733398438,14.618205070495605,29.5,8.042435646057129,26.176410675048828,
32.108,1.3125,17.193763732910156,11.705753326416016,29.875,8.729966163635254,27.150392532348633,
32.118,-2.125,15.196053504943848,8.474414825439453,29.875,9.682098388671875,28.175678253173828,
32.128,-5.5625,13.037864685058594,5.1282525062561035,29.5625,10.4303617477417,28.841331481933594,
32.138,-9,10.636919975280762,1.6138226985931396,28.8125,11.122445106506348,29.314544677734375,
32.148,-12.1875,8.690208435058594,-1.3755536079406738,27.6875,11.200617790222168,29.00206184387207,
32.158,-15.1875,6.481356143951416,-4.326603889465332,26.25,10.335187911987305,27.681486129760742,
32.168,-18,4.3467230796813965,-7.0562639236450195,24.5,9.321364402770996,26.108386993408203,
32.178,-20.6875,1.725898265838623,-10.103653907775879,22.625,8.190109252929688,24.29850959777832,
32.188,-23.1875,-0.37920838594436646,-12.696295738220215,20.6875,8.106104850769043,23.397768020629883,
32.198,-25.375,-2.399892568588257,-15.187917709350586,18.375,6.848263263702393,21.28757095336914,
32.208,-27.0625,-4.000367164611816,-17.254398345947266,15.9375,5.986259460449219,19.42517852783203,
32.218,-28.4375,-5.3697614669799805,-19.021146774291992,13.125,4.973647594451904,17.361392974853516,
32.228,-29.375,-5.970977783203125,-20.07697868347168,10.125,4.328439235687256,15.56867790222168,
32.238,-30.125,-7.128972053527832,-21.451980590820312,7,3.1039841175079346,13.099604606628418,
32.248,-30.5625,-7.906884670257568,-22.360496520996094,4,1.775665521621704,10.39781379699707,
32.258,-30.9375,-8.50891399383545,-22.96497344970703,0.9375,0.5771669149398804,7.819807052612305,
32.268,-31.0625,-9.099056243896484,-23.442319869995117,-2.125,-0.6015319228172302,5.252300262451172,
32.278,-30.9375,-10.007390975952148,-24.084678649902344,-5.1875,-1.9344937801361084,2.518988609313965,
32.288,-30.625,-10.756589889526367,-24.49444580078125,-8.1875,-3.0503172874450684,-0.002794623374938965,
32.298,-30.0625,-11.18967342376709,-24.520566940307617,-11.0625,-4.216023921966553,-2.5910961627960205,
32.308,-29.125,-11.316648483276367,-24.188705444335938,-13.75,-5.424288272857666,-5.19359827041626,
32.318,-29.125,-11.44252872467041,-23.69843292236328,-13.75,-6.613417148590088,-7.702585220336914,
32.328,-26.5,-11.571946144104004,-23.128511428833008,-18.75,-7.7494635581970215,-10.062442779541016,
32.338,-25,-11.403915405273438,-22.23541259765625,-20.9375,-8.67533016204834,-12.168435096740723,
32.348,-23.25,-10.898453712463379,-20.975223541259766,-23,-9.719466209411621,-14.321659088134766,
32.358,-21.5,-10.399660110473633,-19.623992919921875,-24.8125,-10.718581199645996,-16.29930877685547,
32.368,-19.5625,-10.007006645202637,-18.293415069580078,-26.4375,-11.76488208770752,-18.21471405029297,
32.378,-17.5625,-9.302412986755371,-16.679227828979492,-27.875,-12.610334396362305,-19.85308074951172,
32.388,-15.4375,-8.587268829345703,-15.018404006958008,-29.1875,-13.218816757202148,-21.188268661499023,
32.398,-13.25,-7.975449085235596,-13.414886474609375,-30.1875,-13.807751655578613,-22.43637466430664,
32.408,-11.0625,-7.150768756866455,-11.614812850952148,-31.0625,-14.35550594329834,-23.533788681030273,
32.418,-11.0625,-6.265401363372803,-9.7448091506958,-31.0625,-14.875685691833496,-24.49932098388672,
32.428,-8.8125,-5.295467376708984,-7.815929412841797,-31.8125,-15.2138032913208,-25.22594451904297,
32.438,-4.125,-4.489963531494141,-6.019798755645752,-32.75,-15.375016212463379,-25.74160385131836,
32.448,-1.8125,-3.4130096435546875,-4.002816200256348,-33.0625,-15.57726001739502,-26.232973098754883,
32.458,0.4375,-2.204619884490967,-1.8703038692474365,-33.1875,-15.703563690185547,-26.59337043762207,
32.468,0.4375,-1.2476288080215454,0.046879902482032776,-33.1875,-15.748867988586426,-26.78042221069336,
32.478,2.75,-0.1511400043964386,2.06963849067688,-33.1875,-15.717029571533203,-26.867895126342773,
32.488,7.3125,1.0075409412384033,4.113492488861084,-32.6875,-15.473575592041016,-26.743408203125,
32.498,9.5,2.0184385776519775,6.02233362197876,-32.1875,-15.19949722290039,-26.515567779541016,
32.508,11.75,3.030311346054077,7.9074015617370605,-31.625,-14.899139404296875,-26.202747344970703,
32.518,11.75,4.086597442626953,9.802133560180664,-31.625,-14.533174514770508,-25.743738174438477,
32.528,13.875,5.250344276428223,11.748950004577637,-30.8125,-13.996545791625977,-25.093748092651367,
32.538,17.875,6.1993303298950195,13.504280090332031,-28.875,-13.389971733093262,-24.33605194091797,
32.548,19.8125,7.084395885467529,15.160775184631348,-27.625,-12.687886238098145,-23.423797607421875,
32.558,21.625,8.040091514587402,16.81917953491211,-26.3125,-11.89356803894043,-22.357074737548828,
32.568,21.625,9.043938636779785,18.459115982055664,-26.3125,-11.078815460205078,-21.19473648071289,
32.578,23.3125,9.923315048217773,19.955516815185547,-24.875,-10.230693817138672,-19.93665885925293,
32.588,26.4375,10.650818824768066,21.294511795043945,-21.5625,-9.3049898147583,-18.568038940429688,
32.598,27.8125,11.357050895690918,22.542936325073242,-19.75,-8.371879577636719,-17.114370346069336,
32.608,29,12.000313758850098,23.669553756713867,-17.8125,-7.4188032150268555,-15.60893726348877,
32.618,29,12.71695327758789,24.77515983581543,-17.8125,-6.397679805755615,-13.975421905517578,
32.628,30.0625,13.317916870117188,25.73588752746582,-15.75,-5.286560535430908,-12.212955474853516,
32.638,31.6875,13.769185066223145,26.505002975463867,-11.4375,-4.189236640930176,-10.439170837402344,
32.648,32.3125,14.086176872253418,27.072601318359375,-9.125,-3.0494189262390137,-8.593985557556152,
32.658,32.75,14.42911434173584,27.585268020629883,-6.875,-1.9089455604553223,-6.713873863220215,
32.668,32.75,14.786893844604492,28.020244598388672,-6.875,-0.7249777317047119,-4.778632164001465,
32.678,33,14.946385383605957,28.23098373413086,-4.5625,0.5051896572113037,-2.7897372245788574,
32.688,33.125,15.133646011352539,28.39597511291504,-0.0625,1.671162486076355,-0.8828040361404419,
32.698,33,15.25964641571045,28.435415267944336,2,2.7834396362304688,0.9538069367408752,
32.708,32.6875,15.20208740234375,28.247127532958984,4.1875,3.907120704650879,2.7602438926696777,
32.718,32.6875,15.109060287475586,27.959028244018555,4.1875,5.14103364944458,4.652578830718994,
32.728,32.3125,15.10786247253418,27.694477081298828,6.1875,6.290792465209961,6.431576728820801,
32.738,31.3125,15.040667533874512,27.33843231201172,10,7.4062347412109375,8.117573738098145,
32.748,30.625,14.768156051635742,26.760671615600586,11.8125,8.529708862304688,9.77288818359375,
32.758,29.9375,14.509023666381836,26.157596588134766,13.4375,9.595797538757324,11.308202743530273,
32.768,29.9375,14.274500846862793,25.529945373535156,13.4375,10.664755821228027,12.78683090209961,
32.778,29.125,14.045968055725098,24.890501022338867,15,11.716620445251465,14.200109481811523,
32.788,27.25,13.632662773132324,24.087444305419922,17.6875,12.667607307434082,15.479582786560059,
32.798,26.3125,13.135862350463867,23.189878463745117,18.875,13.590921401977539,16.649860382080078,
32.808,25.3125,12.664552688598633,22.29779052734375,19.9375,14.447221755981445,17.700021743774414,
32.818,25.3125,12.184131622314453,21.382923126220703,19.9375,15.287662506103516,18.68413543701172,
32.828,24.3125,11.677125930786133,20.43630599975586,21,16.112815856933594,19.6197566986084,
32.838,22.25,11.16108512878418,19.492658615112305,22.8125,16.953750610351562,20.53081512451172,
32.848,21.3125,10.67971134185791,18.582496643066406,23.625,17.737770080566406,21.347930908203125,
32.858,20.25,10.197328567504883,17.67913818359375,24.375,18.455263137817383,22.06673812866211,
32.868,20.25,9.629341125488281,16.699966430664062,24.375,19.191848754882812,22.769807815551758,
32.878,19.25,9.037606239318848,15.709962844848633,25,19.883058547973633,23.408946990966797,
32.888,17.3125,8.549881935119629,14.816987037658691,26.0625,20.51631736755371,23.962364196777344,
32.898,16.3125,8.00103759765625,13.888837814331055,26.5,21.133617401123047,24.46464729309082,
32.908,15.375,7.447443008422852,12.967049598693848,27,21.738534927368164,24.93198013305664,
32.918,15.375,6.867850303649902,12.03574275970459,27,22.246807098388672,25.27227783203125,
32.928,14.5625,6.270529747009277,11.103300094604492,27.4375,22.939979553222656,25.76376724243164,
32.938,13.125,5.750821113586426,10.252303123474121,28.3125,23.556501388549805,26.17049217224121,
32.948,12.5625,5.275786399841309,9.45154857635498,28.6875,24.198043823242188,26.61688995361328,
32.958,12.125,4.954768657684326,8.80932331085205,28.875,24.894996643066406,27.121723175048828,
32.968,12.125,4.77902889251709,8.329015731811523,28.875,25.52279281616211,27.586105346679688,
32.978,11.6875,4.635654449462891,7.920190334320068,28.9375,25.748844146728516,27.631322860717773,
32.988,11,4.536771774291992,7.55534553527832,29.0625,25.885709762573242,27.559860229492188,
32.998,10.6875,4.425275802612305,7.203092098236084,29.1875,26.161962509155273,27.587051391601562,
33.008,10.375,4.359580039978027,6.887354373931885,29.375,26.54579734802246,27.746612548828125,
33.018,10.375,4.286489963531494,6.587488651275635,29.375,26.955350875854492,27.928659439086914,
33.028,10.0625,4.36175012588501,6.395561218261719,29.4375,27.26361083984375,28.03599739074707,
33.038,9.3125,4.27073335647583,6.08318567276001,29.4375,27.498292922973633,28.071853637695312,
33.048,8.9375,4.079071521759033,5.6640472412109375,29.5625,27.67279815673828,28.030282974243164,
33.058,8.5625,3.853642463684082,5.211612701416016,29.6875,27.987585067749023,28.107526779174805,
33.068,8.5625,3.8357832431793213,4.922807216644287,29.6875,28.275815963745117,28.177165985107422,
33.078,8.1875,3.733271598815918,4.5893659591674805,29.75,28.644489288330078,28.325651168823242,
33.088,7.9375,3.667376756668091,4.2926716804504395,29.8125,28.960912704467773,28.431285858154297,
33.098,7.4375,3.5319724082946777,3.969892740249634,29.8125,29.193750381469727,28.45924949645996,
33.108,7.25,3.4253947734832764,3.6982293128967285,29.8125,29.36909294128418,28.421201705932617,
33.118,7.25,3.2943828105926514,3.448345422744751,29.8125,29.583192825317383,28.40160369873047,
33.128,7.125,3.3160650730133057,3.347768545150757,29.8125,29.821969985961914,28.408905029296875,
33.138,6.875,3.2651565074920654,3.235318422317505,29.875,30.07958221435547,28.43012809753418,
33.148,6.75,3.1600136756896973,3.1086246967315674,29.9375,30.33359718322754,28.44261932373047,
33.158,6.625,3.0373032093048096,2.9900014400482178,29.9375,30.588163375854492,28.461788177490234,
33.168,6.625,2.9273440837860107,2.9064784049987793,29.9375,30.863283157348633,28.498573303222656,
33.178,6.5,2.6961019039154053,2.752514123916626,30,31.17644500732422,28.57459259033203,
33.188,6.4375,2.4996376037597656,2.637228488922119,30,31.466747283935547,28.640056610107422,
33.198,6.375,2.302856683731079,2.5457379817962646,30,31.732011795043945,28.680618286132812,
33.208,6.375,2.0615317821502686,2.4397878646850586,30,31.977371215820312,28.704181671142578,
33.218,6.375,1.880129337310791,2.3984060287475586,30,32.19744110107422,28.705657958984375,
33.228,6.5,1.7605544328689575,2.4164671897888184,29.9375,32.413063049316406,28.701635360717773,
33.238,6.625,1.664832592010498,2.4764926433563232,29.9375,32.65563201904297,28.72273826599121,
33.248,6.75,1.6142067909240723,2.5872223377227783,29.875,32.894344329833984,28.749547958374023,
33.258,7,1.5756430625915527,2.722414493560791,29.875,33.120609283447266,28.769500732421875,
33.268,7,1.5322917699813843,2.8666906356811523,29.875,33.33406448364258,28.775680541992188,
33.278,7.1875,1.515044093132019,3.044498920440674,29.8125,33.51749801635742,28.75660514831543,
33.288,7.3125,1.5056644678115845,3.2392609119415283,29.75,33.71628952026367,28.75341033935547,
33.298,7.625,1.4881194829940796,3.4348926544189453,29.6875,33.92594528198242,28.7584228515625,
33.308,7.9375,1.4981580972671509,3.6558823585510254,29.625,34.10325241088867,28.73847198486328,
33.318,7.9375,1.5112887620925903,3.882871627807617,29.625,34.290653228759766,28.73028564453125,
33.328,8.1875,1.516211748123169,4.099918365478516,29.5625,34.49456787109375,28.73863983154297,
33.338,8.5,1.5536655187606812,4.340692043304443,29.5,34.66252517700195,28.719438552856445,
33.348,8.6875,1.6203910112380981,4.607196807861328,29.4375,34.80286407470703,28.677331924438477,
33.358,8.9375,1.747576117515564,4.924283504486084,29.375,34.9511604309082,28.639644622802734,
33.368,9.25,1.8929626941680908,5.258758068084717,29.3125,35.104286193847656,28.61243438720703,
33.378,9.625,1.983723521232605,5.556388854980469,29.1875,35.22040557861328,28.5494384765625,
33.388,10,2.0628597736358643,5.848577976226807,29.125,35.32383728027344,28.466453552246094,
33.398,10.375,2.2066571712493896,6.1891350746154785,29.0625,35.455867767333984,28.41393280029297,
33.408,10.625,2.364255905151367,6.544500350952148,28.9375,35.631107330322266,28.411895751953125,
33.418,10.9375,2.5165634155273438,6.895188331604004,28.875,35.763362884521484,28.372753143310547,
33.428,11.375,2.713252305984497,7.282418727874756,28.75,35.85739517211914,28.297927856445312,
33.438,11.8125,2.941541910171509,7.702333450317383,28.625,35.933937072753906,28.20998764038086,
33.448,12.25,3.139678716659546,8.10914134979248,28.4375,35.98619842529297,28.091325759887695,
33.458,12.6875,3.327390432357788,8.516688346862793,28.25,36.037052154541016,27.966495513916016,
33.468,13.125,3.532698631286621,8.946880340576172,28.0625,36.10258865356445,27.855445861816406,
33.478,13.5625,3.687898874282837,9.350109100341797,27.875,36.142234802246094,27.713424682617188,
33.488,14,3.8370249271392822,9.751335144042969,27.625,36.16741180419922,27.552921295166016,
33.498,14.4375,3.9815165996551514,10.149275779724121,27.375,36.17392349243164,27.371244430541992,
33.508,14.875,4.15173864364624,10.571290016174316,27.125,36.177589416503906,27.18653106689453,
33.518,15.375,4.3349609375,11.008275985717773,26.8125,36.175201416015625,26.99276351928711,
33.528,15.8125,4.564284801483154,11.480733871459961,26.5,36.139217376708984,26.76552963256836,
33.538,16.3125,4.785721778869629,11.948372840881348,26.125,36.01930236816406,26.451120376586914,
33.548,16.8125,4.984035491943359,12.391812324523926,25.75,35.9373779296875,26.178081512451172,
33.558,17.25,5.178339004516602,12.817310333251953,25.375,35.83393096923828,25.871437072753906,
33.568,17.75,5.420328617095947,13.266581535339355,25.0625,35.7220344543457,25.558029174804688,
33.578,18.25,5.683657169342041,13.715446472167969,24.75,35.661216735839844,25.289148330688477,
33.588,18.6875,6.003351211547852,14.188081741333008,24.4375,35.594688415527344,25.02187156677246,
33.598,19.1875,6.382106781005859,14.684444427490234,24.1875,35.594757080078125,24.827072143554688,
33.608,19.6875,6.772589683532715,15.172945976257324,24,35.60939025878906,24.66305160522461,
33.618,20.1875,7.16945743560791,15.653128623962402,23.8125,35.62389373779297,24.526464462280273,
33.628,20.625,7.609581470489502,16.13626480102539,23.5625,35.60904312133789,24.382610321044922,
33.638,21,8.035943031311035,16.58823013305664,23.375,35.539390563964844,24.20157241821289,
33.648,21.3125,8.405864715576172,16.963706970214844,23.125,35.4463996887207,24.015119552612305,
33.658,21.5,8.699603080749512,17.243860244750977,22.9375,35.33162307739258,23.816654205322266,
33.668,21.6875,8.969395637512207,17.474790573120117,22.8125,35.24733352661133,23.652997970581055,
33.678,21.8125,9.20821475982666,17.65935707092285,22.6875,35.198211669921875,23.5311222076416,
33.688,21.875,9.41345500946045,17.799156188964844,22.6875,35.18754196166992,23.456710815429688,
33.698,21.9375,9.553854942321777,17.873571395874023,22.625,35.20992660522461,23.419076919555664,
33.708,21.9375,9.645133972167969,17.895549774169922,22.625,35.24513244628906,23.398866653442383,
33.718,21.8125,9.703356742858887,17.87944221496582,22.6875,35.297760009765625,23.402523040771484,
33.728,21.75,9.73349666595459,17.83098030090332,22.75,35.3861198425293,23.444883346557617,
33.738,21.6875,9.750659942626953,17.764469146728516,22.8125,35.50054931640625,23.518138885498047,
33.748,21.625,9.75821590423584,17.686010360717773,22.875,35.61609649658203,23.59866714477539,
33.758,21.5,9.745587348937988,17.594297409057617,22.9375,35.72891616821289,23.680082321166992,
33.768,21.4375,9.728738784790039,17.50249481201172,23,35.82980728149414,23.751163482666016,
33.778,21.3125,9.702302932739258,17.411638259887695,23,35.90206527709961,23.79646873474121,
33.788,21.25,9.642414093017578,17.305879592895508,22.9375,35.92959213256836,23.791732788085938,
33.798,21.1875,9.615241050720215,17.23265838623047,22.875,35.946929931640625,23.77295684814453,
33.808,21.1875,9.596267700195312,17.18093490600586,22.8125,35.94397735595703,23.729642868041992,
33.818,21.1875,9.596881866455078,17.15671157836914,22.6875,35.91631317138672,23.658647537231445,
33.828,21.0625,9.621153831481934,17.164142608642578,22.5625,35.85625076293945,23.55223846435547,
33.838,21,9.66989803314209,17.201683044433594,22.4375,35.7817268371582,23.42942237854004,
33.848,20.9375,9.714237213134766,17.248157501220703,22.3125,35.67362594604492,23.27118682861328,
33.858,20.9375,9.752784729003906,17.299575805664062,22.0625,35.52675247192383,23.07191276550293,
33.868,20.9375,9.810253143310547,17.371707916259766,21.8125,35.34370040893555,22.834264755249023,
33.878,20.9375,9.873412132263184,17.451122283935547,21.5625,35.15257263183594,22.585603713989258,
33.888,21,9.926142692565918,17.52154541015625,21.25,34.93567657470703,22.311527252197266,
33.898,21.0625,9.991816520690918,17.597986221313477,20.9375,34.69780349731445,22.01651382446289,
33.908,21.125,10.071187973022461,17.677345275878906,20.625,34.47063064575195,21.73409652709961,
33.918,21.1875,10.154818534851074,17.750520706176758,20.375,34.25975799560547,21.473630905151367,
33.928,21.1875,10.22357177734375,17.800533294677734,20.125,34.05796432495117,21.23044776916504,
33.938,21.1875,10.289141654968262,17.835662841796875,19.875,33.87106704711914,21.011367797851562,
33.948,21.1875,10.350069999694824,17.855802536010742,19.6875,33.696266174316406,20.81402015686035,
33.958,21.125,10.391745567321777,17.851520538330078,19.5,33.525146484375,20.631032943725586,
33.968,21,10.354988098144531,17.773508071899414,19.3125,33.319610595703125,20.422346115112305,
33.978,20.875,10.384455680847168,17.743480682373047,19.125,33.1678352355957,20.275455474853516,
33.988,20.8125,10.4188814163208,17.705923080444336,19,33.02539825439453,20.13282585144043,
33.998,20.6875,10.409941673278809,17.644533157348633,18.8125,32.859107971191406,19.974624633789062,
34.008,20.5625,10.456487655639648,17.62698745727539,18.6875,32.73273468017578,19.855194091796875,
34.018,20.4375,10.423206329345703,17.55121612548828,18.5625,32.552024841308594,19.686946868896484,
34.028,20.3125,10.424471855163574,17.512170791625977,18.375,32.35923385620117,19.511863708496094,
34.038,20.1875,10.35031509399414,17.418581008911133,18.0625,32.0926399230957,19.269672393798828,
34.048,19.9375,10.22412395477295,17.2832088470459,17.75,31.765777587890625,18.967857360839844,
34.058,19.6875,10.036641120910645,17.097335815429688,17.3125,31.364084243774414,18.587207794189453,
34.068,19.4375,9.82436752319336,16.8917179107666,16.8125,30.91937828063965,18.163616180419922,
34.078,19.1875,9.563167572021484,16.650217056274414,16.25,30.39008331298828,17.65334129333496,
34.088,18.9375,9.312967300415039,16.409700393676758,15.6875,29.871549606323242,17.138275146484375,
34.098,18.6875,9.039017677307129,16.14653968811035,15.125,29.307605743408203,16.575237274169922,
34.108,18.375,8.770862579345703,15.885579109191895,14.5,28.736984252929688,16.00737190246582,
34.118,18.125,8.519328117370605,15.62916088104248,13.9375,28.1752986907959,15.44658088684082,
34.128,17.9375,8.314674377441406,15.397567749023438,13.375,27.653942108154297,14.923805236816406,
34.138,17.6875,8.09954833984375,15.163769721984863,12.875,27.130887985229492,14.411873817443848,
34.148,17.5,7.911598205566406,14.945552825927734,12.375,26.62592315673828,13.919273376464844,
34.158,17.375,7.8111653327941895,14.788991928100586,11.9375,26.159841537475586,13.466830253601074,
34.168,17.25,7.737174034118652,14.66473388671875,11.4375,25.703542709350586,13.036081314086914,
34.178,17.1875,7.674071311950684,14.554123878479004,11,25.236572265625,12.604179382324219,
34.188,17,7.612074851989746,14.446453094482422,10.5,24.751169204711914,12.163565635681152,
34.198,16.875,7.552690029144287,14.339676856994629,10,24.221445083618164,11.683174133300781,
34.208,16.6875,7.482287406921387,14.21877384185791,9.5,23.673524856567383,11.189146995544434,
34.218,16.5625,7.423255443572998,14.101287841796875,8.9375,23.116188049316406,10.691621780395508,
34.228,16.4375,7.3778462409973145,13.989324569702148,8.4375,22.55789566040039,10.199762344360352,
34.238,16.3125,7.320998668670654,13.868973731994629,7.875,21.990482330322266,9.697630882263184,
34.248,16.25,7.283176422119141,13.755064964294434,7.3125,21.398021697998047,9.182825088500977,
34.258,16.1875,7.2737555503845215,13.664050102233887,6.8125,20.789241790771484,8.65517807006836,
34.268,16.125,7.286523818969727,13.592630386352539,6.25,20.17828369140625,8.130841255187988,
34.278,16.0625,7.299637317657471,13.527442932128906,5.625,19.576526641845703,7.613842964172363,
34.288,16.0625,7.338016510009766,13.480281829833984,5.0625,18.966045379638672,7.094387531280518,
34.298,16.0625,7.414439678192139,13.460023880004883,4.5,18.30895233154297,6.5412397384643555,
34.308,16.0625,7.49534797668457,13.448470115661621,3.875,17.634815216064453,5.977262496948242,
34.318,16.0625,7.597580909729004,13.456999778747559,3.25,16.94179916381836,5.4025349617004395,
34.328,16.125,7.698286533355713,13.468255996704102,2.625,16.259477615356445,4.832159519195557,
34.338,16.125,7.8134331703186035,13.491486549377441,1.9375,15.558220863342285,4.253193378448486,
34.348,16.1875,7.925956726074219,13.51362133026123,1.1875,14.772041320800781,3.6164004802703857,
34.358,16.1875,8.020381927490234,13.524188995361328,0.4375,13.924488067626953,2.9171383380889893,
34.368,16.1875,8.122444152832031,13.542454719543457,-0.3125,13.021489143371582,2.164419174194336,
34.378,16.25,8.244211196899414,13.577187538146973,-1.25,12.08250904083252,1.3765630722045898,
34.388,16.375,8.392685890197754,13.634262084960938,-2.1875,11.100339889526367,0.5436304807662964,
34.398,16.5,8.567853927612305,13.714625358581543,-3.125,10.070242881774902,-0.34163662791252136,
34.408,16.6875,8.786766052246094,13.833948135375977,-4.1875,9.002280235290527,-1.2650219202041626,
34.418,17,9.065119743347168,14.002738952636719,-5.25,7.916597366333008,-2.214651107788086,
34.428,17.3125,9.254928588867188,14.11567211151123,-6.25,6.779346942901611,-3.2280802726745605,
34.438,17.75,9.621156692504883,14.358604431152344,-7.3125,5.686652183532715,-4.207457542419434,
34.448,18.3125,10.150224685668945,14.730618476867676,-8.4375,4.5336833000183105,-5.229331016540527,
34.458,18.875,10.80602741241455,15.225558280944824,-9.5625,3.4018490314483643,-6.24466609954834,
34.468,19.5625,11.505278587341309,15.76736831665039,-10.6875,2.263925313949585,-7.270148277282715,
34.478,19.5625,12.238749504089355,16.36507797241211,-10.6875,1.135709524154663,-8.296029090881348,
34.488,20.3125,13.062501907348633,17.032146453857422,-11.9375,-0.09939074516296387,-9.418274879455566,
34.498,22.0625,14.008323669433594,17.779672622680664,-14.4375,-1.3441206216812134,-10.569571495056152,
34.508,22.9375,15.017728805541992,18.625469207763672,-15.6875,-2.5433783531188965,-11.702010154724121,
34.518,23.6875,15.849808692932129,19.349811553955078,-16.8125,-3.6716785430908203,-12.806509017944336,
34.528,23.6875,16.856748580932617,20.201738357543945,-16.8125,-4.988758087158203,-14.088835716247559,
34.538,24.5625,17.770275115966797,20.959285736083984,-17.9375,-6.26680850982666,-15.327138900756836,
34.548,25.5,18.27267837524414,21.510557174682617,-19.5,-6.843389511108398,-16.018484115600586,
34.558,25.5625,18.429136276245117,21.73177719116211,-19.5625,-7.101665496826172,-16.41651725769043,
34.568,25.5625,18.70733070373535,22.011028289794922,-19.5,-7.377878189086914,-16.751482009887695,
34.578,25.5625,18.961204528808594,22.22484016418457,-19.5,-7.830313682556152,-17.204593658447266,
34.588,25.25,18.868566513061523,22.201122283935547,-19.125,-7.962375164031982,-17.365327835083008,
34.598,24.8125,18.42507553100586,21.826311111450195,-18.25,-7.439178466796875,-16.765031814575195,
34.608,24.75,18.040637969970703,21.487855911254883,-17.9375,-6.94341516494751,-16.146556854248047,
34.618,24.75,17.80837631225586,21.291255950927734,-17.6875,-6.766141414642334,-15.85372543334961,
34.628,24.75,17.83780288696289,21.33172035217285,-17.6875,-6.865966796875,-15.86134147644043,
34.638,24.875,18.053543090820312,21.508041381835938,-17.5625,-6.882135391235352,-15.733121871948242,
34.648,25.375,18.25775146484375,21.667512893676758,-17.375,-6.794323921203613,-15.52096939086914,
34.658,25.6875,18.418245315551758,21.806961059570312,-17.3125,-6.723357200622559,-15.335687637329102,
34.668,26.0625,18.610881805419922,21.98146629333496,-17.3125,-6.805637359619141,-15.311978340148926,
34.678,26.0625,18.99094009399414,22.324840545654297,-17.3125,-6.997766494750977,-15.421642303466797,
34.688,26.375,19.357145309448242,22.661497116088867,-17.3125,-7.000934600830078,-15.373858451843262,
34.698,26.8125,19.493295669555664,22.829938888549805,-17,-6.900484085083008,-15.230506896972656,
34.708,26.875,19.66359519958496,22.999887466430664,-16.8125,-6.859248161315918,-15.16667366027832,
34.718,26.9375,19.868562698364258,23.184772491455078,-16.6875,-6.861888885498047,-15.125157356262207,
34.728,26.9375,19.969295501708984,23.267122268676758,-16.6875,-6.668342113494873,-14.876179695129395,
34.738,27,19.92252540588379,23.22422218322754,-16.625,-6.553496837615967,-14.66901969909668,
34.748,27.0625,19.89735984802246,23.176252365112305,-16.6875,-6.521848201751709,-14.577510833740234,
34.758,27,20.009843826293945,23.242319107055664,-16.75,-6.738749980926514,-14.765645027160645,
34.768,27,20.047555923461914,23.2373104095459,-16.8125,-6.85324764251709,-14.860833168029785,
34.778,27,20.043746948242188,23.193050384521484,-16.8125,-6.9325971603393555,-14.922090530395508,
34.788,26.9375,20.046916961669922,23.151918411254883,-16.8125,-6.944326877593994,-14.931224822998047,
34.798,26.9375,20.081315994262695,23.134557723999023,-16.8125,-6.93092679977417,-14.902630805969238,
34.808,27,20.17026138305664,23.172517776489258,-16.8125,-6.965800762176514,-14.923660278320312,
34.818,26.9375,20.246267318725586,23.204992294311523,-16.8125,-7.021230220794678,-14.964777946472168,
34.828,26.9375,20.296424865722656,23.217933654785156,-16.8125,-7.028293609619141,-14.949258804321289,
34.838,26.875,20.35303497314453,23.23788070678711,-16.75,-7.015241622924805,-14.91222858428955,
34.848,26.8125,20.4254150390625,23.269020080566406,-16.625,-7.007697105407715,-14.874664306640625,
34.858,26.8125,20.471878051757812,23.276926040649414,-16.625,-7.030771255493164,-14.867210388183594,
34.868,26.8125,20.53213119506836,23.29424476623535,-16.6875,-7.087353229522705,-14.901520729064941,
34.878,26.8125,20.598405838012695,23.315322875976562,-16.6875,-7.159054279327393,-14.954611778259277,
34.888,26.6875,20.64336395263672,23.319841384887695,-16.6875,-7.216984748840332,-14.995428085327148,
34.898,26.625,20.66885757446289,23.303024291992188,-16.6875,-7.249736785888672,-15.011941909790039,
34.908,26.5,20.686269760131836,23.27843475341797,-16.6875,-7.278181552886963,-15.020347595214844,
34.918,26.4375,20.712688446044922,23.26016616821289,-16.75,-7.360507488250732,-15.08574390411377,
34.928,26.4375,20.731252670288086,23.23516845703125,-16.75,-7.460232734680176,-15.171774864196777,
34.938,26.375,20.76032257080078,23.21834373474121,-16.8125,-7.557439804077148,-15.256810188293457,
34.948,26.3125,20.797578811645508,23.209217071533203,-16.875,-7.630197048187256,-15.318008422851562,
34.958,26.3125,20.822973251342773,23.19139289855957,-16.9375,-7.668978691101074,-15.342766761779785,
34.968,26.25,20.852928161621094,23.1781005859375,-16.9375,-7.7176737785339355,-15.375062942504883,
34.978,26.25,20.8741512298584,23.160337448120117,-16.9375,-7.78348970413208,-15.421653747558594,
34.988,26.1875,20.89743423461914,23.145719528198242,-17,-7.845587730407715,-15.462059020996094,
34.998,26.125,20.942171096801758,23.150075912475586,-17,-7.914086818695068,-15.504104614257812,
35.008,25.9375,20.985706329345703,23.153911590576172,-17.125,-7.988250255584717,-15.550897598266602,
35.018,25.8125,20.977115631103516,23.111480712890625,-17.1875,-8.074435234069824,-15.612147331237793,
35.028,25.8125,20.92637062072754,23.029516220092773,-17.1875,-8.17974853515625,-15.693734169006348,
35.038,25.75,20.8531436920166,22.924840927124023,-17.3125,-8.305954933166504,-15.799422264099121,
35.048,25.5,20.82498550415039,22.84980010986328,-17.625,-8.441898345947266,-15.923912048339844,
35.058,25.3125,20.796125411987305,22.768566131591797,-17.8125,-8.593162536621094,-16.066665649414062,
35.068,25.125,20.7536563873291,22.669492721557617,-18,-8.768960952758789,-16.235382080078125,
35.078,25.125,20.67336654663086,22.534055709838867,-18,-8.963079452514648,-16.426794052124023,
35.088,24.75,20.589588165283203,22.391769409179688,-18.5,-9.171833038330078,-16.63058090209961,
35.098,24.5,20.546388626098633,22.277551651000977,-18.8125,-9.415260314941406,-16.865318298339844,
35.108,24.25,20.52762222290039,22.180339813232422,-19.25,-9.731586456298828,-17.164949417114258,
35.118,23.875,20.36577606201172,21.965917587280273,-19.75,-10.11238956451416,-17.52770233154297,
35.128,23.875,20.06447410583496,21.629432678222656,-19.75,-10.606413841247559,-18.005552291870117,
35.138,23.375,19.736005783081055,21.260377883911133,-20.1875,-11.05899715423584,-18.466304779052734,
35.148,22.125,19.35753631591797,20.82515525817871,-21.3125,-11.559222221374512,-18.970670700073242,
35.158,21.4375,18.83660888671875,20.239601135253906,-22,-12.044931411743164,-19.467960357666016,
35.168,20.625,18.27938461303711,19.581138610839844,-22.75,-12.48022174835205,-19.928197860717773,
35.178,20.625,17.59231185913086,18.772912979125977,-22.75,-13.088330268859863,-20.587806701660156,
35.188,19.75,16.8485107421875,17.85919761657715,-23.5,-13.819995880126953,-21.420642852783203,
35.198,18.6875,16.108875274658203,16.882801055908203,-24.25,-14.450724601745605,-22.22650146484375,
35.208,16.3125,15.342592239379883,15.78266716003418,-25.6875,-15.017871856689453,-23.021181106567383,
35.218,14.875,14.59188175201416,14.57952880859375,-26.4375,-15.471628189086914,-23.736530303955078,
35.228,14.875,13.859251976013184,13.272122383117676,-26.4375,-15.805644989013672,-24.359525680541992,
35.238,13.3125,13.075786590576172,11.819253921508789,-27.1875,-16.08822250366211,-24.937320709228516,
35.248,9.625,12.326218605041504,10.294598579406738,-28.5625,-16.51197052001953,-25.65300941467285,
35.258,7.5,11.46450424194336,8.594717025756836,-29.0625,-16.974769592285156,-26.39992904663086,
35.268,5.125,10.588871955871582,6.786059856414795,-29.4375,-17.388477325439453,-27.063650131225586,
35.278,5.125,9.495372772216797,4.701981544494629,-29.4375,-17.602712631225586,-27.4772891998291,
35.288,2.5,8.306053161621094,2.456509590148926,-29.5625,-17.73671531677246,-27.760475158691406,
35.298,-0.25,7.004385948181152,0.0692729651927948,-29.375,-17.752376556396484,-27.86897087097168,
35.308,-5.8125,5.201869010925293,-2.7411115169525146,-28.3125,-17.506250381469727,-27.61489486694336,
35.318,-8.5625,3.6632180213928223,-5.319439888000488,-27.5,-17.21392822265625,-27.201602935791016,
35.328,-8.5625,2.1815285682678223,-7.787840843200684,-27.5,-16.788002014160156,-26.532032012939453,
35.338,-11.25,0.783258855342865,-10.13785171508789,-26.5625,-16.23668670654297,-25.620365142822266,
35.348,-16.25,-0.7547707557678223,-12.540128707885742,-23.875,-15.80501937866211,-24.78464698791504,
35.358,-18.5625,-2.5104331970214844,-15.05912971496582,-22.0625,-15.359719276428223,-23.878103256225586,
35.368,-20.5625,-4.06355094909668,-17.3475284576416,-19.9375,-14.697957992553711,-22.681007385253906,
35.378,-20.5625,-5.322878837585449,-19.310787200927734,-19.9375,-13.456669807434082,-20.81454849243164,
35.388,-22.375,-6.561861515045166,-21.1364688873291,-17.5625,-12.040380477905273,-18.687137603759766,
35.398,-23.9375,-7.818813323974609,-22.8614444732666,-14.9375,-10.596150398254395,-16.420312881469727,
35.408,-25.3125,-8.923822402954102,-24.347707748413086,-12.125,-9.012650489807129,-13.896429061889648,
35.418,-25.3125,-9.854336738586426,-25.56029510498047,-12.125,-7.405316352844238,-11.24638557434082,
35.428,-27.0625,-10.772907257080078,-26.621103286743164,-6.25,-5.803060054779053,-8.495168685913086,
35.438,-27.5,-11.502352714538574,-27.387134552001953,-3.25,-4.330190658569336,-5.80340576171875,
35.448,-27.625,-11.98027229309082,-27.805740356445312,-0.25,-2.770266532897949,-2.979109048843384,
35.458,-27.4375,-12.208113670349121,-27.86655616760254,2.625,-1.2098816633224487,-0.12896732985973358,
35.468,-27.4375,-12.325345993041992,-27.673402786254883,2.625,0.28419527411460876,2.6246328353881836,
35.478,-26.3125,-12.41112995147705,-27.314367294311523,8.25,1.8058017492294312,5.357696056365967,
35.488,-25.375,-12.37625503540039,-26.723743438720703,10.875,3.2313168048858643,7.946288585662842,
35.498,-24.25,-12.32357406616211,-26.003591537475586,13.4375,4.727219581604004,10.520814895629883,
35.508,-22.875,-12.091440200805664,-25.032344818115234,15.75,6.2532477378845215,13.039036750793457,
35.518,-21.3125,-11.573427200317383,-23.725332260131836,17.875,7.6324076652526855,15.312945365905762,
35.528,-19.5,-11.013412475585938,-22.290727615356445,19.8125,8.932360649108887,17.38134765625,
35.538,-17.625,-10.345125198364258,-20.697345733642578,21.625,10.217280387878418,19.302221298217773,
35.548,-15.5625,-9.545108795166016,-18.924755096435547,23.3125,11.521227836608887,21.122535705566406,
35.558,-13.375,-8.506111145019531,-16.904094696044922,24.8125,12.70999526977539,22.725818634033203,
35.568,-11.125,-7.565964221954346,-14.911223411560059,26.125,13.89794921875,24.235071182250977,
35.578,-8.75,-6.549387454986572,-12.85229778289795,27.125,15.19842529296875,25.813175201416016,
35.588,-6.3125,-5.461151599884033,-10.699162483215332,27.8125,16.175376892089844,26.99936866760254,
35.598,-3.75,-4.136813163757324,-8.34633731842041,28.1875,16.851030349731445,27.809101104736328,
35.608,-1.1875,-2.5906965732574463,-5.79534387588501,28.3125,17.041433334350586,28.042634963989258,
35.618,1.375,-1.0986595153808594,-3.3082408905029297,28.25,17.185787200927734,28.138689041137695,
35.628,4,0.29923027753829956,-0.8986328840255737,28.125,17.278301239013672,28.07573890686035,
35.638,6.625,1.8193107843399048,1.6011606454849243,27.875,17.493186950683594,28.05697250366211,
35.648,9.125,3.417759895324707,4.18659782409668,27.5,17.695932388305664,27.9846134185791,
35.658,11.5625,5.013428688049316,6.742077827453613,26.9375,17.895246505737305,27.857513427734375,
35.668,13.875,6.407426834106445,9.127923011779785,26.0625,17.847759246826172,27.46084976196289,
35.678,16.125,7.799232006072998,11.476805686950684,24.875,17.571191787719727,26.788005828857422,
35.688,18.125,8.995528221130371,13.635562896728516,23.375,16.989171981811523,25.730224609375,
35.698,20.0625,10.066704750061035,15.629688262939453,21.75,16.25617790222168,24.4099178314209,
35.708,21.875,11.082048416137695,17.502248764038086,19.9375,15.327746391296387,22.786949157714844,
35.718,23.625,12.084553718566895,19.285396575927734,18.0625,14.483344078063965,21.141521453857422,
35.728,25.25,13.157804489135742,21.05866241455078,16,13.68359088897705,19.46422576904297,
35.738,26.6875,14.27471923828125,22.794321060180664,13.875,12.91173267364502,17.74160385131836,
35.748,27.875,15.34566593170166,24.423349380493164,11.625,12.058364868164062,15.874285697937012,
35.758,28.75,16.198345184326172,25.788576126098633,9.125,11.100056648254395,13.829557418823242,
35.768,29.375,16.808609008789062,26.8351993560791,6.5,9.929805755615234,11.517677307128906,
35.778,29.75,17.04913902282715,27.447956085205078,3.75,8.670920372009277,9.062237739562988,
35.788,29.9375,17.213685989379883,27.86152458190918,1,7.4480133056640625,6.611725807189941,
35.798,29.9375,17.22207260131836,28.01886749267578,-1.6875,6.152306079864502,4.059708118438721,
35.808,29.8125,17.482967376708984,28.261995315551758,-4.4375,4.826548099517822,1.4701564311981201,
35.818,29.5,17.819721221923828,28.460124969482422,-7.0625,3.4892661571502686,-1.1245442628860474,
35.828,29,18.015554428100586,28.44647216796875,-9.6875,2.0897226333618164,-3.7501838207244873,
35.838,28.25,18.049732208251953,28.198488235473633,-12.0625,0.7258448004722595,-6.306097030639648,
35.848,27.1875,17.793703079223633,27.609718322753906,-14.3125,-0.5694237947463989,-8.709784507751465,
35.858,25.9375,17.32675552368164,26.747356414794922,-16.375,-1.7350026369094849,-10.887995719909668,
35.868,24.5,16.5745906829834,25.56279945373535,-18.25,-2.7790005207061768,-12.841914176940918,
35.878,23.0625,15.805852890014648,24.275583267211914,-20.0625,-3.8141818046569824,-14.689270973205566,
35.888,21.5,15.019120216369629,22.903329849243164,-21.75,-4.918000221252441,-16.503854751586914,
35.898,19.9375,14.348573684692383,21.575714111328125,-23.25,-5.9966535568237305,-18.219797134399414,
35.908,18.3125,13.733789443969727,20.269786834716797,-24.625,-7.071750640869141,-19.864124298095703,
35.918,16.625,13.098443984985352,18.923370361328125,-25.8125,-8.048177719116211,-21.339397430419922,
35.928,14.875,12.345001220703125,17.471437454223633,-26.75,-8.880215644836426,-22.598995208740234,
35.938,13.0625,11.346722602844238,15.809552192687988,-27.4375,-9.416446685791016,-23.491968154907227,
35.948,11.1875,10.213227272033691,14.033846855163574,-28,-9.812094688415527,-24.151226043701172,
35.958,9.3125,9.098424911499023,12.26276969909668,-28.4375,-10.170379638671875,-24.687959671020508,
35.968,7.5,8.057496070861816,10.549230575561523,-28.875,-10.59854793548584,-25.228334426879883,
35.978,5.6875,7.069102764129639,8.882647514343262,-29.25,-11.05660629272461,-25.741086959838867,
35.988,3.9375,6.114597797393799,7.257594585418701,-29.5625,-11.551694869995117,-26.24444580078125,
35.998,2.1875,5.163691997528076,5.651136875152588,-29.75,-11.993260383605957,-26.6770076751709,
36.008,0.4375,4.171550750732422,4.039490699768066,-29.8125,-12.333417892456055,-26.983089447021484,
36.018,-1.25,3.1490142345428467,2.4273879528045654,-29.75,-12.541823387145996,-27.1253604888916,
36.028,-2.9375,2.088449001312256,0.8044838309288025,-29.5625,-12.613302230834961,-27.09330177307129,
36.038,-4.625,0.9757711887359619,-0.8453786969184875,-29.3125,-12.580462455749512,-26.917985916137695,
36.048,-6.25,-0.09723442792892456,-2.4425394535064697,-29,-12.560791015625,-26.714305877685547,
36.058,-7.8125,-1.0914907455444336,-3.95206356048584,-28.625,-12.568315505981445,-26.507061004638672,
36.068,-9.375,-2.0696616172790527,-5.423497200012207,-28.1875,-12.557588577270508,-26.26141357421875,
36.078,-10.875,-3.0326881408691406,-6.859004497528076,-27.625,-12.461953163146973,-25.908252716064453,
36.088,-12.25,-3.9778270721435547,-8.24821662902832,-27.0625,-12.293421745300293,-25.461021423339844,
36.098,-13.625,-4.918455600738525,-9.602701187133789,-26.375,-12.068365097045898,-24.934890747070312,
36.108,-14.9375,-5.8287200927734375,-10.902671813964844,-25.625,-11.81209945678711,-24.354652404785156,
36.118,-16.25,-6.732982635498047,-12.167267799377441,-24.875,-11.530380249023438,-23.722557067871094,
36.128,-17.4375,-7.619370937347412,-13.388385772705078,-24.0625,-11.219802856445312,-23.036203384399414,
36.138,-18.625,-8.454734802246094,-14.53437614440918,-23.1875,-10.896421432495117,-22.32137680053711,
36.148,-19.6875,-9.28272533416748,-15.641847610473633,-22.25,-10.553356170654297,-21.57416343688965,
36.158,-20.75,-10.07900619506836,-16.69257926940918,-21.25,-10.192229270935059,-20.793682098388672,
36.168,-21.75,-10.851408004760742,-17.692913055419922,-20.25,-9.751152038574219,-19.91687774658203,
36.178,-22.6875,-11.605420112609863,-18.644577026367188,-19.1875,-9.273111343383789,-18.989171981811523,
36.188,-23.5,-12.309605598449707,-19.523679733276367,-18.0625,-8.78366470336914,-18.038196563720703,
36.198,-24.3125,-12.975791931152344,-20.339557647705078,-16.875,-8.289233207702637,-17.067415237426758,
36.208,-25.0625,-13.640473365783691,-21.122577667236328,-15.6875,-7.762390613555908,-16.05423355102539,
36.218,-25.6875,-14.269072532653809,-21.844392776489258,-14.5,-7.20843505859375,-15.002473831176758,
36.228,-26.3125,-14.866312026977539,-22.510711669921875,-13.3125,-6.63011360168457,-13.916046142578125,
36.238,-26.875,-15.419570922851562,-23.109521865844727,-12.0625,-6.059010028839111,-12.830382347106934,
36.248,-27.3125,-15.949496269226074,-23.658782958984375,-10.8125,-5.472397804260254,-11.721227645874023,
36.258,-27.75,-16.457971572875977,-24.1610164642334,-9.5,-4.885467052459717,-10.606799125671387,
36.268,-28.125,-16.914766311645508,-24.59152603149414,-8.25,-4.276279449462891,-9.46424674987793,
36.278,-28.375,-17.329206466674805,-24.958955764770508,-7,-3.679914712905884,-8.332479476928711,
36.288,-28.625,-17.723867416381836,-25.282058715820312,-5.75,-3.098254680633545,-7.217993259429932,
36.298,-28.8125,-18.1090145111084,-25.571409225463867,-4.5,-2.5000107288360596,-6.091670036315918,
36.308,-29,-18.459997177124023,-25.80745506286621,-3.25,-1.8990956544876099,-4.9685821533203125,
36.318,-29.0625,-18.776275634765625,-25.991008758544922,-2.0625,-1.2852483987808228,-3.840955972671509,
36.328,-29.125,-19.075420379638672,-26.13669204711914,-0.8125,-0.663716733455658,-2.7195281982421875,
36.338,-29.1875,-19.347007751464844,-26.2371826171875,0.375,-0.04468178004026413,-1.6143643856048584,
36.348,-29.125,-19.5978946685791,-26.299612045288086,1.5625,0.5817838311195374,-0.5142825245857239,
36.358,-29.0625,-19.827627182006836,-26.325849533081055,2.8125,1.2573200464248657,0.6229716539382935,
36.368,-28.9375,-20.020578384399414,-26.30432891845703,4,1.9401229619979858,1.7499289512634277,
36.378,-28.75,-20.211206436157227,-26.26021957397461,5.1875,2.6115031242370605,2.850306272506714,
36.388,-28.5625,-20.370586395263672,-26.17477035522461,6.375,3.2717177867889404,3.9227306842803955,
36.398,-28.3125,-20.483003616333008,-26.03677749633789,7.5,3.937747001647949,4.98539400100708,
36.408,-28,-20.54822540283203,-25.839839935302734,8.625,4.628264427185059,6.05916166305542,
36.418,-27.625,-20.585161209106445,-25.60317611694336,9.75,5.291009426116943,7.089848518371582,
36.428,-27.25,-20.58814811706543,-25.324756622314453,10.8125,5.979375839233398,8.128173828125,
36.438,-26.875,-20.591693878173828,-25.029600143432617,11.8125,6.656602382659912,9.136293411254883,
36.448,-26.4375,-20.590059280395508,-24.718664169311523,12.8125,7.308557510375977,10.109557151794434,
36.458,-26,-20.56614875793457,-24.379379272460938,13.75,7.927681922912598,11.046011924743652,
36.468,-25.5,-20.523853302001953,-24.012985229492188,14.6875,8.561505317687988,11.981801986694336,
36.478,-25,-20.46769142150879,-23.62769889831543,15.5625,9.155130386352539,12.861284255981445,
36.488,-25,-20.39101219177246,-23.21657943725586,15.5625,9.798527717590332,13.766809463500977,
36.498,-24.5625,-20.27733039855957,-22.780014038085938,16.375,10.42401123046875,14.633062362670898,
36.508,-23.5625,-19.913772583007812,-22.234241485595703,17.375,10.96849536895752,15.294260025024414,
36.518,-23.0625,-19.564258575439453,-21.78961181640625,17.5625,11.225639343261719,15.521588325500488,
36.528,-22.625,-19.20842933654785,-21.393022537231445,17.5,11.236522674560547,15.411022186279297,
36.538,-22.625,-18.89608383178711,-21.04058837890625,17.5,11.491103172302246,15.492047309875488,
36.548,-22.3125,-18.35335350036621,-20.523250579833984,17.125,11.739782333374023,15.574773788452148,
36.558,-21.75,-17.887571334838867,-20.11554527282715,16.3125,11.949110984802246,15.54179573059082,
36.568,-21.4375,-17.57042694091797,-19.87053108215332,15.9375,11.725093841552734,14.990355491638184,
36.578,-21.125,-17.417898178100586,-19.775440216064453,15.5625,11.618824005126953,14.523392677307129,
36.588,-21.125,-17.25575828552246,-19.66164207458496,15.5625,11.472064018249512,14.027885437011719,
36.598,-20.6875,-16.70497703552246,-19.262540817260742,15.1875,11.5374116897583,13.71634578704834,
36.608,-19.5625,-15.87159252166748,-18.711956024169922,14.75,11.888006210327148,13.513531684875488,
36.618,-18.6875,-14.838469505310059,-18.023406982421875,14.6875,12.273797035217285,13.28004264831543,
36.628,-17.75,-13.715173721313477,-17.272930145263672,14.5,12.753951072692871,13.138350486755371,
36.638,-17.75,-12.578678131103516,-16.45960235595703,14.5,13.271718978881836,13.061935424804688,
36.648,-16.6875,-11.279340744018555,-15.554252624511719,14.3125,13.892340660095215,13.076892852783203,
36.658,-14.25,-9.592620849609375,-14.382201194763184,13.8125,14.41891860961914,13.001385688781738,
36.668,-13,-7.871618747711182,-13.168732643127441,13.5,14.85580062866211,12.854747772216797,
36.678,-11.6875,-6.14617919921875,-11.958982467651367,13.125,15.179328918457031,12.615335464477539,
36.688,-11.6875,-4.502353191375732,-10.787101745605469,13.125,15.469094276428223,12.379600524902344,
36.698,-10.3125,-2.8030951023101807,-9.578441619873047,12.75,15.620073318481445,12.063227653503418,
36.708,-7.5625,-0.9621783494949341,-8.271342277526855,12.1875,15.842535972595215,11.828636169433594,
36.718,-6.0625,0.9499929547309875,-6.885461330413818,12.125,16.105934143066406,11.665090560913086,
36.728,-4.5625,2.800713062286377,-5.527368068695068,12.1875,16.4647274017334,11.651527404785156,
36.738,-4.5625,4.680871486663818,-4.124632835388184,12.1875,16.831693649291992,11.742159843444824,
36.748,-3,6.589136600494385,-2.7030811309814453,12.5,17.360321044921875,12.041627883911133,
36.758,0.0625,8.524600982666016,-1.2498070001602173,13.25,17.776288986206055,12.322556495666504,
36.768,1.625,10.473573684692383,0.20717473328113556,13.8125,18.35118865966797,12.817602157592773,
36.778,3.1875,12.414730072021484,1.6616615056991577,14.5625,18.95722198486328,13.425122261047363,
36.788,3.1875,14.251112937927246,3.0157787799835205,14.5625,19.550064086914062,14.098050117492676,
36.798,4.75,16.18187713623047,4.42149019241333,15.3125,20.123615264892578,14.818321228027344,
36.808,7.875,18.310760498046875,5.956772327423096,17.3125,20.81983184814453,15.690042495727539,
36.818,9.375,20.359554290771484,7.416872024536133,18.5,21.541650772094727,16.670833587646484,
36.828,10.9375,22.40402603149414,8.837919235229492,19.875,22.372146606445312,17.81383514404297,
36.838,10.9375,24.481544494628906,10.261740684509277,19.875,23.269466400146484,19.118423461914062,
36.848,12.5,26.812152862548828,11.834177017211914,21.4375,24.14063835144043,20.446147918701172,
36.858,15.5,29.12352752685547,13.349302291870117,24.875,25.25349998474121,22.072214126586914,
36.868,16.3125,31.061002731323242,14.694302558898926,26.3125,26.327043533325195,23.887659072875977,
36.878,16.625,32.24868392944336,15.425500869750977,26.8125,26.66998863220215,25.1895694732666,
36.888,16.625,33.67158126831055,16.187152862548828,26.8125,26.943641662597656,26.236982345581055,
36.898,16.6875,34.90571594238281,16.892698287963867,26.6875,26.5402774810791,26.704017639160156,
36.908,16,35.158119201660156,17.06268882751465,24.4375,25.479021072387695,26.685531616210938,
36.918,15.125,34.34607696533203,16.192176818847656,22.8125,23.122528076171875,24.98531723022461,
36.928,14.625,33.81521987915039,15.59097671508789,21.5625,21.567951202392578,23.882116317749023,
36.938,14.625,33.21052169799805,14.940234184265137,21.5625,19.81903839111328,22.57223129272461,
36.948,14.125,32.599117279052734,14.310368537902832,20.375,17.93177032470703,21.081649780273438,
36.958,13.25,31.850500106811523,13.606438636779785,18.125,16.198890686035156,19.746118545532227,
36.968,13,31.701074600219727,13.421566009521484,17.125,15.142449378967285,18.990121841430664,
36.978,12.9375,31.22629165649414,13.01288890838623,16.4375,13.766948699951172,17.935924530029297,
36.988,12.9375,30.858169555664062,12.697678565979004,16.4375,12.412288665771484,16.78897476196289,
36.998,12.9375,30.904346466064453,12.76311206817627,15.8125,11.689475059509277,16.331449508666992,
37.008,13.0625,30.89073944091797,12.817174911499023,14.625,10.696803092956543,15.639384269714355,
37.018,13.3125,30.822975158691406,12.858137130737305,14.25,9.902873992919922,15.053335189819336,
37.028,13.625,30.810951232910156,12.937464714050293,13.875,9.31104564666748,14.664510726928711,
37.038,13.625,31.038074493408203,13.240152359008789,13.875,8.650424003601074,14.271660804748535,
37.048,14,31.12293815612793,13.46545696258545,13.5625,7.897141933441162,13.723064422607422,
37.058,15,31.40703582763672,13.848533630371094,13.3125,7.669095039367676,13.673905372619629,
37.068,15.5625,31.67431640625,14.233110427856445,13.25,7.227267742156982,13.481917381286621,
37.078,16.25,32.07318115234375,14.74387264251709,13.375,6.833856105804443,13.290699005126953,
37.088,16.25,32.41495895385742,15.222856521606445,13.375,6.6305694580078125,13.261438369750977,
37.098,17.0625,32.90861511230469,15.819802284240723,13.5,6.386098861694336,13.251479148864746,
37.108,18.75,33.555816650390625,16.565750122070312,14.0625,6.1910905838012695,13.289823532104492,
37.118,19.75,34.174930572509766,17.293569564819336,14.4375,6.305768013000488,13.59225082397461,
37.128,20.875,34.96863555908203,18.15650749206543,14.9375,6.284530162811279,13.820040702819824,
37.138,20.875,35.901676177978516,19.14311981201172,14.9375,6.235601902008057,14.02683162689209,
37.148,22,36.80315017700195,20.113683700561523,15.625,6.421759605407715,14.443769454956055,
37.158,24.4375,38.059814453125,21.372404098510742,17.0625,6.868432998657227,15.192684173583984,
37.168,25.5,39.04322814941406,22.413002014160156,18,7.004606246948242,15.654122352600098,
37.178,25.875,40.43552017211914,23.836090087890625,18.5625,7.732341766357422,16.668344497680664,
37.188,25.875,41.00277328491211,24.719890594482422,18.5625,8.173693656921387,17.48016357421875,
37.198,25.9375,41.13388442993164,25.1868839263916,18.8125,8.171590805053711,17.775590896606445,
37.208,25.125,41.20365524291992,25.632553100585938,18.4375,8.295485496520996,18.087526321411133,
37.218,24.125,40.782958984375,25.67388343811035,17.875,8.028891563415527,17.909069061279297,
37.228,24.125,38.7441520690918,24.402490615844727,17.875,7.435556411743164,17.334697723388672,
37.238,23.1875,37.205909729003906,23.41852569580078,17.4375,7.12654972076416,16.896560668945312,
37.248,22.3125,35.4542121887207,22.214319229125977,17.125,6.907774925231934,16.515213012695312,
37.258,22.3125,34.19625473022461,21.391456604003906,17.125,6.466709613800049,15.947651863098145,
37.268,20.875,33.31591033935547,20.884843826293945,16.625,6.3378376960754395,15.667848587036133,
37.278,20.375,32.09368896484375,20.081830978393555,16.625,6.436888694763184,15.584554672241211,
37.288,19.9375,30.93599510192871,19.35181999206543,16.5625,6.3588762283325195,15.369747161865234,
37.298,19.6875,30.28474235534668,19.03034210205078,16.75,6.529758453369141,15.365861892700195,
37.308,19.6875,29.326478958129883,18.478883743286133,16.75,6.731767177581787,15.371373176574707,
37.318,19.375,28.847917556762695,18.30658531188965,17.3125,7.028942108154297,15.522716522216797,
37.328,19.375,28.464447021484375,18.23685073852539,17.625,7.443352222442627,15.778042793273926,
37.338,19.4375,28.038265228271484,18.13054084777832,18.125,8.048572540283203,16.180461883544922,
37.348,19.625,27.821895599365234,18.189952850341797,18.6875,8.821468353271484,16.800886154174805,
37.358,19.625,27.882917404174805,18.485660552978516,18.6875,9.454716682434082,17.26666259765625,
37.368,20.1875,27.955015182495117,18.82415771484375,20.0625,10.370141983032227,17.9957218170166,
37.378,20.625,27.89211654663086,19.024744033813477,20.75,11.185176849365234,18.660850524902344,
37.388,21.0625,28.10588836669922,19.476322174072266,21.4375,12.115518569946289,19.439794540405273,
37.398,21.5,28.1080379486084,19.820209503173828,22.0625,12.919894218444824,20.07173728942871,
37.408,21.5,28.205835342407227,20.288240432739258,22.0625,13.855807304382324,20.87519073486328,
37.418,21.8125,28.231172561645508,20.713687896728516,22.4375,14.339301109313965,21.262516021728516,
37.428,22.125,28.078636169433594,21.003761291503906,22.25,14.671507835388184,21.448978424072266,
37.438,22.1875,27.87460708618164,21.252376556396484,21.875,14.873220443725586,21.48837661743164,
37.448,22.125,27.412670135498047,21.26085090637207,21.5,14.631044387817383,21.044857025146484,
37.458,21.9375,26.59023094177246,20.941022872924805,21.125,14.259323120117188,20.419677734375,
37.468,21.9375,25.98348045349121,20.731006622314453,21.125,14.215790748596191,20.11708641052246,
37.478,21.875,25.407543182373047,20.52532958984375,20.875,14.157145500183105,19.838430404663086,
37.488,21.875,25.187999725341797,20.587486267089844,20.625,14.291816711425781,19.7601318359375,
37.498,21.9375,25.06110954284668,20.718156814575195,20.6875,14.561522483825684,19.836898803710938,
37.508,22.125,25.01712989807129,20.894874572753906,20.8125,14.816411972045898,19.92829132080078,
37.518,22.125,24.895963668823242,20.994237899780273,20.8125,14.993093490600586,19.965736389160156,
37.528,22.3125,24.92660903930664,21.222244262695312,21,15.413307189941406,20.274442672729492,
37.538,22.6875,24.77587127685547,21.3221492767334,21.375,15.653361320495605,20.442548751831055,
37.548,22.75,24.810264587402344,21.559322357177734,21.4375,15.923867225646973,20.64958953857422,
37.558,22.6875,24.796533584594727,21.75847053527832,21.5,16.133031845092773,20.797563552856445,
37.568,22.6875,24.620121002197266,21.811992645263672,21.5,16.204038619995117,20.818212509155273,
37.578,22.4375,24.11432456970215,21.564992904663086,21.25,16.088668823242188,20.6561222076416,
37.588,22.375,23.713884353637695,21.370588302612305,21.125,16.094158172607422,20.60308265686035,
37.598,22.25,23.31633758544922,21.16581916809082,21.0625,16.072280883789062,20.526103973388672,
37.608,22.25,23.146963119506836,21.11304473876953,21.0625,16.004932403564453,20.42320442199707,
37.618,22.375,23.11037254333496,21.151784896850586,21.0625,16.03946876525879,20.441225051879883,
37.628,22.5625,23.21639060974121,21.315555572509766,21.125,16.128599166870117,20.540912628173828,
37.638,22.75,23.143285751342773,21.3565673828125,21.0625,16.16656494140625,20.616762161254883,
37.648,22.9375,23.266695022583008,21.555753707885742,21,16.19198226928711,20.692720413208008,
37.658,23.1875,23.50746726989746,21.86383628845215,20.75,16.096906661987305,20.67525863647461,
37.668,23.375,23.725337982177734,22.15275001525879,20.4375,15.87395191192627,20.551738739013672,
37.678,23.625,23.776378631591797,22.301668167114258,20,15.457767486572266,20.236122131347656,
37.688,23.9375,23.86062240600586,22.459983825683594,19.5,14.968826293945312,19.849853515625,
37.698,24.3125,24.007568359375,22.660728454589844,19,14.350818634033203,19.350341796875,
37.708,24.8125,24.314661026000977,22.988107681274414,18.4375,13.681136131286621,18.804548263549805,
37.718,25.375,24.90826988220215,23.56057357788086,18,13.211296081542969,18.45660972595215,
37.728,25.9375,25.49748992919922,24.155210494995117,17.5,12.602931022644043,17.995750427246094,
37.738,26.4375,25.941783905029297,24.655155181884766,16.9375,11.948741912841797,17.469341278076172,
37.748,26.8125,26.35938835144043,25.16309928894043,16.4375,11.304458618164062,16.926013946533203,
37.758,27.1875,26.782670974731445,25.674169540405273,15.8125,10.624378204345703,16.349140167236328,
37.768,27.375,27.089509963989258,26.086830139160156,15.1875,9.878458023071289,15.69919490814209,
37.778,27.5625,27.102386474609375,26.237106323242188,14.625,9.221580505371094,15.127873420715332,
37.788,27.8125,27.088823318481445,26.343238830566406,14.125,8.643682479858398,14.637489318847656,
37.798,28,27.13627815246582,26.48511505126953,13.625,8.063963890075684,14.162139892578125,
37.808,28.25,27.373798370361328,26.780527114868164,13.125,7.473657608032227,13.690509796142578,
37.818,28.5,27.696413040161133,27.147388458251953,12.6875,6.965171813964844,13.315979957580566,
37.828,28.8125,27.927574157714844,27.44913673400879,12.125,6.36624002456665,12.877758026123047,
37.838,29.0625,28.106002807617188,27.718395233154297,11.5625,5.7033772468566895,12.354634284973145,
37.848,29.25,28.225656509399414,27.945384979248047,10.9375,4.952380657196045,11.735834121704102,
37.858,29.4375,28.266643524169922,28.112548828125,10.3125,4.287600994110107,11.206242561340332,
37.868,29.6875,28.259008407592773,28.233861923217773,9.625,3.433703899383545,10.468184471130371,
37.878,29.9375,28.39801597595215,28.491127014160156,8.875,2.819988489151001,9.919079780578613,
37.888,30.1875,28.44530487060547,28.69777488708496,8.0625,1.8497618436813354,8.930801391601562,
37.898,30.375,28.605985641479492,29.030532836914062,7.4375,1.3022310733795166,8.237637519836426,
37.908,30.5,28.650209426879883,29.279701232910156,6.875,0.8125189542770386,7.520037651062012,
37.918,30.5,28.47161293029785,29.343955993652344,6.5,0.5201074481010437,6.9369659423828125,
37.928,30.5,28.14345932006836,29.26830291748047,6.1875,0.44757017493247986,6.577971935272217,
37.938,30.5,27.883207321166992,29.243053436279297,5.875,0.5791736245155334,6.391965866088867,
37.948,30.5625,27.666635513305664,29.247343063354492,5.5,0.5715402364730835,6.016655921936035,
37.958,30.625,27.50284767150879,29.30402374267578,5.0625,0.6552649736404419,5.680446624755859,
37.968,30.625,27.324785232543945,29.348888397216797,4.625,0.6697739958763123,5.264278411865234,
37.978,30.6875,27.20340347290039,29.4445743560791,4.125,0.7755625247955322,4.9575886726379395,
37.988,30.6875,27.080522537231445,29.535640716552734,3.5,0.7423883676528931,4.520970821380615,
37.998,30.5625,26.928770065307617,29.599773406982422,2.8125,0.7050769329071045,4.089675426483154,
38.008,30.4375,26.55794906616211,29.476104736328125,2.0625,0.47955554723739624,3.494058847427368,
38.018,30.125,26.155298233032227,29.307947158813477,1.25,0.1776348203420639,2.8586411476135254,
38.028,29.8125,25.750789642333984,29.12301254272461,0.3125,-0.22955213487148285,2.165438175201416,
38.038,29.375,25.30829429626465,28.896682739257812,-0.625,-0.6975225210189819,1.4618570804595947,
38.048,28.75,24.718753814697266,28.533252716064453,-1.8125,-1.4332506656646729,0.5387699604034424,
38.058,28,23.87662124633789,27.94060707092285,-3.125,-2.4064266681671143,-0.6018592119216919,
38.068,27.3125,23.092527389526367,27.345355987548828,-4.625,-3.541398048400879,-1.8910340070724487,
38.078,26.625,22.12364387512207,26.58207893371582,-6.25,-4.856140613555908,-3.3455381393432617,
38.088,25.9375,21.194135665893555,25.82354736328125,-8,-6.281427383422852,-4.901541233062744,
38.098,25.3125,20.490453720092773,25.22157096862793,-9.875,-7.841370582580566,-6.596675395965576,
38.108,24.8125,19.935447692871094,24.731597900390625,-11.875,-9.612083435058594,-8.504250526428223,
38.118,24.3125,19.39191246032715,24.25259780883789,-13.875,-11.373663902282715,-10.41549301147461,
38.128,23.8125,18.89991569519043,23.784225463867188,-16,-13.295944213867188,-12.479615211486816,
38.138,23.375,18.440900802612305,23.335981369018555,-18.1875,-15.318120002746582,-14.646892547607422,
38.148,22.75,17.867000579833984,22.787845611572266,-20.375,-17.30093765258789,-16.798084259033203,
38.158,21.875,16.920515060424805,21.948518753051758,-22,-18.823963165283203,-18.643827438354492,
38.168,20.75,16.05521583557129,21.12765121459961,-23.1875,-20.252893447875977,-20.48542022705078,
38.178,19.4375,15.179295539855957,20.23481559753418,-24.125,-21.512548446655273,-22.107404708862305,
38.188,17.875,13.826028823852539,18.92032814025879,-24.75,-22.18642234802246,-23.117826461791992,
38.198,16.1875,12.098432540893555,17.22319984436035,-25.25,-22.046045303344727,-23.274620056152344,
38.208,14.5,10.343147277832031,15.41213607788086,-25.75,-22.09498405456543,-23.53073501586914,
38.218,12.875,8.871659278869629,13.820374488830566,-26.4375,-22.656957626342773,-24.25641441345215,
38.228,11.1875,7.672324180603027,12.454805374145508,-27.125,-23.46547508239746,-25.23358726501465,
38.238,9.4375,6.289031982421875,10.93562126159668,-27.8125,-23.950227737426758,-25.81206512451172,
38.248,7.8125,4.985910415649414,9.474081993103027,-28.6875,-24.545482635498047,-26.457332611083984,
38.258,6.125,3.5014779567718506,7.905916213989258,-29.3125,-24.966156005859375,-26.986812591552734,
38.268,4.4375,1.9365806579589844,6.278820991516113,-29.6875,-25.42540740966797,-27.65138053894043,
38.278,2.8125,0.6715799570083618,4.924960613250732,-29.8125,-25.884811401367188,-28.284473419189453,
38.288,1.1875,-0.8259317278862,3.4238336086273193,-29.8125,-25.991641998291016,-28.561792373657227,
38.298,-0.375,-2.290627956390381,1.9483811855316162,-29.6875,-26.098039627075195,-28.77716064453125,
38.308,-2,-3.9269092082977295,0.3640132546424866,-29.5,-25.580888748168945,-28.366336822509766,
38.318,-3.625,-5.602989673614502,-1.1744811534881592,-29.3125,-25.311641693115234,-28.192808151245117,
38.328,-5.25,-7.265106678009033,-2.672792911529541,-29.0625,-25.088247299194336,-28.097728729248047,
38.338,-6.875,-9.061826705932617,-4.2639689445495605,-28.8125,-24.90302848815918,-28.036182403564453,
38.348,-8.375,-10.817197799682617,-5.818179130554199,-28.375,-24.4948787689209,-27.792200088500977,
38.358,-9.75,-12.51381778717041,-7.276178359985352,-27.875,-23.84806251525879,-27.335817337036133,
38.368,-11.1875,-14.117945671081543,-8.62617015838623,-27.3125,-23.059341430664062,-26.733732223510742,
38.378,-12.4375,-15.524982452392578,-9.794382095336914,-26.6875,-22.276464462280273,-26.144031524658203,
38.388,-13.6875,-17.083080291748047,-11.057570457458496,-26.0625,-21.429885864257812,-25.511510848999023,
38.398,-14.8125,-18.520578384399414,-12.218106269836426,-25.4375,-20.57895278930664,-24.87537384033203,
38.408,-15.875,-19.953386306762695,-13.369382858276367,-24.75,-19.805700302124023,-24.330636978149414,
38.418,-16.8125,-21.22458267211914,-14.371933937072754,-24.0625,-18.930744171142578,-23.692384719848633,
38.428,-17.6875,-22.417509078979492,-15.297651290893555,-23.375,-17.949548721313477,-22.94123077392578,
38.438,-18.5,-23.502817153930664,-16.127288818359375,-22.75,-17.05340003967285,-22.265750885009766,
38.448,-19.1875,-24.564252853393555,-16.92243766784668,-22.1875,-16.172744750976562,-21.615921020507812,
38.458,-19.875,-25.6348819732666,-17.729145050048828,-21.5625,-15.349113464355469,-21.03795623779297,
38.468,-20.4375,-26.593170166015625,-18.448583602905273,-21.0625,-14.590155601501465,-20.520002365112305,
38.478,-20.875,-27.468833923339844,-19.077838897705078,-20.5,-13.757232666015625,-19.94327163696289,
38.488,-21.25,-28.069534301757812,-19.465171813964844,-20,-12.96471118927002,-19.41815185546875,
38.498,-21.25,-28.72002410888672,-19.87856674194336,-20,-12.101263999938965,-18.81905746459961,
38.508,-21.625,-29.329805374145508,-20.258073806762695,-19.5,-11.395121574401855,-18.38298225402832,
38.518,-22.1875,-29.896467208862305,-20.589435577392578,-18.75,-10.771737098693848,-18.02886390686035,
38.528,-22.4375,-30.46185302734375,-20.938318252563477,-18.4375,-10.058350563049316,-17.549699783325195,
38.538,-22.75,-31.059526443481445,-21.305845260620117,-18.0625,-9.416740417480469,-17.180755615234375,
38.548,-22.75,-31.61710548400879,-21.6566162109375,-18.0625,-8.783686637878418,-16.80966567993164,
38.558,-23,-32.04298782348633,-21.919872283935547,-17.625,-8.246650695800781,-16.536516189575195,
38.568,-23.625,-32.540313720703125,-22.23895835876465,-16.5625,-7.465073585510254,-16.068876266479492,
38.578,-24,-32.9763069152832,-22.510330200195312,-15.875,-6.681647300720215,-15.615339279174805,
38.588,-24.375,-33.55124282836914,-22.91320037841797,-15.125,-5.697085857391357,-14.942103385925293,
38.598,-24.375,-34.01683807373047,-23.235849380493164,-15.125,-4.780619144439697,-14.316546440124512,
38.608,-24.75,-34.53691101074219,-23.612947463989258,-14.3125,-3.7430338859558105,-13.60342025756836,
38.618,-25.5,-34.936641693115234,-23.881820678710938,-12.3125,-2.4630677700042725,-12.722320556640625,
38.628,-25.9375,-35.508426666259766,-24.309843063354492,-11.1875,-1.1482646465301514,-11.795182228088379,
38.638,-26.375,-36.09432601928711,-24.75386619567871,-9.9375,0.3354012072086334,-10.702066421508789,
38.648,-26.375,-36.71044921875,-25.24917221069336,-9.9375,1.7627569437026978,-9.632670402526855,
38.658,-26.9375,-37.42384719848633,-25.83790397644043,-8.6875,3.364816904067993,-8.386799812316895,
38.668,-28,-37.914703369140625,-26.2816104888916,-5.9375,4.888133525848389,-7.196220874786377,
38.678,-28.4375,-38.50933074951172,-26.847110748291016,-4.5625,6.394402980804443,-5.945789337158203,
38.688,-28.75,-38.99824905395508,-27.358196258544922,-3.1875,7.928671836853027,-4.615965843200684,
38.698,-28.75,-39.55690383911133,-27.89771270751953,-3.1875,9.519784927368164,-3.2192962169647217,
38.708,-28.875,-39.80509948730469,-28.21798324584961,-1.8125,11.05599594116211,-1.840038776397705,
38.718,-28.8125,-39.81079864501953,-28.340587615966797,0.75,12.549332618713379,-0.49364978075027466,
38.728,-28.6875,-39.62519073486328,-28.269100189208984,2,13.921794891357422,0.6691420078277588,
38.738,-28.5625,-39.22442626953125,-28.001781463623047,3.1875,15.282002449035645,1.781916618347168,
38.748,-28.5625,-38.95983123779297,-27.84709930419922,3.1875,16.697669982910156,2.946824073791504,
38.758,-28.5,-38.81510925292969,-27.79128074645996,4.375,18.1551513671875,4.123507499694824,
38.768,-28.3125,-38.703163146972656,-27.804141998291016,6.6875,19.591215133666992,5.300026893615723,
38.778,-28.0625,-38.460472106933594,-27.717384338378906,7.75,20.89634132385254,6.362529754638672,
38.788,-27.8125,-38.121952056884766,-27.550506591796875,8.75,22.217147827148438,7.4551100730896,
38.798,-27.8125,-37.7639045715332,-27.35421371459961,8.75,23.48272705078125,8.482525825500488,
38.808,-27.5,-37.30971908569336,-27.08838653564453,9.8125,24.650489807128906,9.429329872131348,
38.818,-26.6875,-36.720584869384766,-26.710783004760742,11.75,25.83502960205078,10.437256813049316,
38.828,-26.3125,-36.155364990234375,-26.341726303100586,12.6875,26.85647964477539,11.286542892456055,
38.838,-25.9375,-35.710533142089844,-26.076194763183594,13.625,28.01007080078125,12.29720687866211,
38.848,-25.9375,-35.191837310791016,-25.747285842895508,13.625,29.213016510009766,13.352605819702148,
38.858,-25.5,-34.64185333251953,-25.402311325073242,14.4375,30.11212921142578,14.136330604553223,
38.868,-24.5625,-33.974361419677734,-24.958803176879883,15.9375,30.958158493041992,14.896584510803223,
38.878,-24.0625,-33.29170608520508,-24.492881774902344,16.625,31.714378356933594,15.557425498962402,
38.888,-23.625,-32.62818145751953,-24.038372039794922,17.375,32.49851989746094,16.2431697845459,
38.898,-23.625,-32.00739288330078,-23.62009620666504,17.375,33.25217056274414,16.901010513305664,
38.908,-23.125,-31.383342742919922,-23.200241088867188,18.0625,34.13618469238281,17.716703414916992,
38.918,-22.125,-30.750905990600586,-22.78094482421875,19.3125,34.79328918457031,18.348552703857422,
38.928,-21.5625,-30.05878257751465,-22.30357551574707,19.9375,35.49264907836914,19.005300521850586,
38.938,-21,-29.2871150970459,-21.74779510498047,20.5625,36.03923416137695,19.50790023803711,
38.948,-21,-28.493167877197266,-21.172466278076172,20.5625,36.62557601928711,20.05628204345703,
38.958,-20.4375,-27.678173065185547,-20.579181671142578,21.1875,37.36076354980469,20.748668670654297,
38.968,-20.4375,-27.019163131713867,-20.091136932373047,22.5,38.067813873291016,21.479463577270508,
38.978,-18.75,-26.276716232299805,-19.52716064453125,23.0625,38.88136291503906,22.3223876953125,
38.988,-18.75,-25.625764846801758,-19.021053314208984,23.0625,39.291099548339844,22.846805572509766,
38.998,-18.125,-24.793384552001953,-18.357715606689453,23.5,39.78570556640625,23.426557540893555,
39.008,-17.5,-24.05868911743164,-17.783414840698242,23.9375,40.098487854003906,23.82148551940918,
39.018,-17.5,-23.3870906829834,-17.254697799682617,23.9375,40.340152740478516,24.158740997314453,
39.028,-16.125,-22.532115936279297,-16.59797477722168,24.6875,40.68275833129883,24.5736083984375,
39.038,-15.5,-21.73109245300293,-15.967620849609375,25.0625,40.986026763916016,24.94925880432129,
39.048,-14.75,-20.929241180419922,-15.34516429901123,25.4375,41.279544830322266,25.311922073364258,
39.058,-14.0625,-20.045019149780273,-14.655660629272461,25.8125,41.5689697265625,25.680950164794922,
39.068,-14.0625,-19.15537452697754,-13.958891868591309,25.8125,41.85294723510742,26.043621063232422,
39.078,-12.5625,-18.253549575805664,-13.256245613098145,26.5,42.10898208618164,26.367225646972656,
39.088,-11.75,-17.321758270263672,-12.530420303344727,26.875,42.3773193359375,26.71428871154785,
39.098,-10.875,-16.37092399597168,-11.805950164794922,27.25,42.738956451416016,27.173145294189453,
39.108,-10,-15.380473136901855,-11.058835983276367,27.5,43.067073822021484,27.60995101928711,
39.118,-10,-14.241374015808105,-10.201249122619629,27.5,43.268524169921875,27.95388412475586,
39.128,-8.125,-13.0535306930542,-9.300207138061523,27.6875,43.216941833496094,28.059329986572266,
39.138,-7.1875,-13.0535306930542,-9.300207138061523,27.625,43.216941833496094,28.059329986572266,
39.148,-6.1875,-10.596634864807129,-7.399877548217773,27.4375,42.78316116333008,27.988910675048828,
39.158,-5.1875,-9.491650581359863,-6.513897895812988,27.1875,42.38875961303711,27.801349639892578,
39.168,-5.1875,-9.491650581359863,-6.513897895812988,27.1875,42.38875961303711,27.801349639892578,
39.178,-3.1875,-8.346747398376465,-5.56817626953125,26.6875,41.91850280761719,27.537668228149414,
39.188,-2.125,-7.270832061767578,-4.634059429168701,26.4375,41.410400390625,27.240646362304688,
39.198,-1.0625,-5.149587631225586,-2.7270686626434326,26.25,40.62798309326172,26.877317428588867,
39.208,0,-4.161555767059326,-1.8081822395324707,26.0625,40.34695816040039,26.82977294921875,
39.218,0,-3.0724191665649414,-0.8062114715576172,26.0625,39.92657470703125,26.686922073364258,
39.228,1.25,-3.0724191665649414,-0.8062114715576172,25.75,39.92657470703125,26.686922073364258,
39.238,4.125,-1.6854954957962036,0.46272531151771545,24.8125,39.38345718383789,26.436765670776367,
39.248,5.6875,1.2702080011367798,3.2030322551727295,24.1875,37.78036117553711,25.470895767211914,
39.258,7.3125,2.8476178646087646,4.687623023986816,23.4375,36.83464813232422,24.862991333007812,
39.268,7.3125,2.8476178646087646,4.687623023986816,23.4375,36.83464813232422,24.862991333007812,
39.278,10.6875,4.53084659576416,6.294061660766602,21.8125,35.810001373291016,24.173866271972656,
39.288,12.4375,6.232058048248291,7.94654655456543,20.9375,34.69734191894531,23.379974365234375,
39.298,14.1875,9.62040901184082,11.334702491760254,20.125,32.396018981933594,21.656417846679688,
39.308,15.875,11.194939613342285,12.970169067382812,19.25,31.24728012084961,20.75855255126953,
39.318,15.875,11.194939613342285,12.970169067382812,19.25,31.24728012084961,20.75855255126953,
39.328,19.1875,12.740809440612793,14.603524208068848,17.5,30.16275405883789,19.890960693359375,
39.338,20.8125,14.310935974121094,16.276782989501953,16.625,29.175220489501953,19.077421188354492,
39.348,22.4375,17.214664459228516,19.460433959960938,15.6875,27.304874420166016,17.459508895874023,
39.358,23.875,18.535886764526367,20.983497619628906,14.6875,26.368741989135742,16.595972061157227,
39.368,23.875,18.535886764526367,20.983497619628906,14.6875,26.368741989135742,16.595972061157227,
39.378,26.5625,19.97592544555664,22.58953857421875,12.25,25.41035270690918,15.656662940979004,
39.388,27.6875,21.197519302368164,24.020336151123047,10.875,24.317211151123047,14.536736488342285,
39.398,28.8125,22.966407775878906,26.283607482910156,9.4375,21.992258071899414,11.943182945251465,
39.408,29.75,23.808250427246094,27.350360870361328,7.9375,20.828449249267578,10.533349990844727,
39.418,29.75,23.808250427246094,27.350360870361328,7.9375,20.828449249267578,10.533349990844727,
39.428,30.4375,24.46240234375,28.2830753326416,6.4375,19.678787231445312,9.05508804321289,
39.438,30.9375,24.984882354736328,29.054298400878906,3.375,18.574596405029297,7.551444053649902,
39.448,31,25.069091796875,29.6112060546875,1.9375,16.56719398498535,4.580109596252441,
39.458,30.9375,24.682804107666016,29.439861297607422,0.625,15.714105606079102,3.162574529647827,
39.468,30.9375,24.682804107666016,29.439861297607422,0.625,15.714105606079102,3.162574529647827,
39.478,30.875,24.468008041381836,29.349735260009766,-1.625,15.011189460754395,1.8619266748428345,
39.488,30.875,24.571117401123047,29.48486328125,-1.625,14.551039695739746,0.8148055672645569,
39.498,30.75,24.849590301513672,29.76822280883789,-3.625,13.820399284362793,-0.93754643201828,
39.508,30.5625,24.687068939208984,29.631458282470703,-4.625,13.456645965576172,-1.7574328184127808,
39.518,30.5625,24.322509765625,29.305381774902344,-4.625,12.914373397827148,-2.722247838973999,
39.528,30.25,24.322509765625,29.305381774902344,-5.6875,12.914373397827148,-2.722247838973999,
39.538,30,24.193546295166016,29.055070877075195,-6.6875,11.70426082611084,-4.677489757537842,
39.548,29.5,24.269695281982422,29.02304458618164,-8.8125,11.056089401245117,-5.622208595275879,
39.558,29.1875,24.17629623413086,28.846860885620117,-9.9375,10.294175148010254,-6.628994941711426,
39.568,29.1875,24.17629623413086,28.846860885620117,-9.9375,10.294175148010254,-6.628994941711426,
39.578,28.75,23.57387351989746,28.111034393310547,-11.0625,8.47447681427002,-8.835831642150879,
39.588,28.3125,23.17146873474121,27.625158309936523,-12.1875,7.441643714904785,-10.032968521118164,
39.598,27.1875,22.78264045715332,27.123239517211914,-14.375,6.459066867828369,-11.1663818359375,
39.608,26.625,22.41631317138672,26.605527877807617,-15.375,5.574404716491699,-12.203181266784668,
39.618,26,22.05232048034668,26.073896408081055,-16.3125,4.743412971496582,-13.181635856628418,
39.628,25.4375,21.71131134033203,25.54714012145996,-17.1875,3.9584546089172363,-14.107054710388184,
39.638,24.8125,21.34585952758789,24.987754821777344,-18,3.2141683101654053,-14.975486755371094,
39.648,24.0625,20.983009338378906,24.411514282226562,-18.8125,2.494202136993408,-15.807647705078125,
39.658,23.3125,20.454450607299805,23.67608070373535,-19.5625,1.7712897062301636,-16.636953353881836,
39.668,22.5625,20.055767059326172,23.02450942993164,-20.3125,1.086989164352417,-17.406517028808594,
39.678,21.6875,19.554180145263672,22.268508911132812,-21.0625,0.3828582763671875,-18.193159103393555,
39.688,20.75,19.041929244995117,21.485992431640625,-21.75,-0.30384519696235657,-18.940616607666016,
39.698,19.75,18.476900100708008,20.645883560180664,-22.4375,-0.9969151020050049,-19.676725387573242,
39.708,18.6875,17.786178588867188,19.691707611083984,-23.0625,-1.699946641921997,-20.38689422607422,
39.718,17.5,17.02408790588379,18.66651153564453,-23.625,-2.3524723052978516,-21.028209686279297,
39.728,16.25,16.12974739074707,17.531328201293945,-24.1875,-2.9574999809265137,-21.57766342163086,
39.738,15,15.254504203796387,16.400062561035156,-24.625,-3.3622987270355225,-21.87225341796875,
39.748,13.6875,14.315413475036621,15.19586181640625,-25.25,-4.128557205200195,-22.471298217773438,
39.758,12.375,13.3079195022583,13.923589706420898,-25.9375,-5.072793006896973,-23.206789016723633,
39.768,11,12.341838836669922,12.675450325012207,-26.625,-5.993188858032227,-23.923974990844727,
39.778,9.75,11.43547534942627,11.503602027893066,-27.3125,-6.901430606842041,-24.57744598388672,
39.788,8.4375,10.340010643005371,10.19990348815918,-27.8125,-7.711193084716797,-25.150474548339844,
39.798,7.25,9.357416152954102,9.001946449279785,-28.25,-8.490922927856445,-25.68606185913086,
39.808,6,8.358789443969727,7.833970069885254,-28.5,-9.160994529724121,-26.123483657836914,
39.818,4.8125,7.399021625518799,6.7112321853637695,-28.625,-9.741525650024414,-26.458786010742188,
39.828,3.625,6.361893177032471,5.541570663452148,-28.625,-10.117143630981445,-26.571245193481445,
39.838,2.4375,5.296120643615723,4.340538501739502,-28.625,-10.360288619995117,-26.5146484375,
39.848,1.25,4.1889238357543945,3.088836193084717,-28.5625,-10.639528274536133,-26.48616600036621,
39.858,0.0625,3.179088592529297,1.8867261409759521,-28.5,-11.013656616210938,-26.5473690032959,
39.868,-1.125,2.215876579284668,0.6979835033416748,-28.4375,-11.456026077270508,-26.66555404663086,
39.878,-2.3125,1.3042781352996826,-0.4775887131690979,-28.3125,-11.837478637695312,-26.720932006835938,
39.888,-3.5,0.31080490350723267,-1.7254892587661743,-28.125,-11.978837966918945,-26.540672302246094,
39.898,-4.75,-0.6103719472885132,-2.925717353820801,-27.8125,-12.075520515441895,-26.310579299926758,
39.908,-5.9375,-1.507234811782837,-4.107770919799805,-27.4375,-12.16427230834961,-26.063459396362305,
39.918,-7.125,-2.359623670578003,-5.252772331237793,-27,-12.20610523223877,-25.733381271362305,
39.928,-8.25,-3.228206157684326,-6.403788089752197,-26.6875,-12.290787696838379,-25.390336990356445,
39.938,-9.375,-4.081858158111572,-7.537092685699463,-26.3125,-12.374292373657227,-25.03582763671875,
39.948,-10.4375,-4.865616798400879,-8.595382690429688,-25.875,-12.465611457824707,-24.69518280029297,
39.958,-11.4375,-5.599898815155029,-9.584339141845703,-25.4375,-12.572020530700684,-24.370391845703125,
39.968,-12.375,-6.288430213928223,-10.514391899108887,-24.9375,-12.663997650146484,-24.015810012817383,
39.978,-13.3125,-7.030241012573242,-11.471786499023438,-24.375,-12.641159057617188,-23.5451717376709,
39.988,-14.25,-7.7519354820251465,-12.385169982910156,-23.75,-12.516286849975586,-22.962623596191406,
39.998,-15.0625,-8.399188041687012,-13.201324462890625,-23.125,-12.359033584594727,-22.342823028564453,
40.008,-15.9375,-9.067634582519531,-14.005711555480957,-22.4375,-12.230269432067871,-21.76097297668457,
40.018,-16.8125,-9.830154418945312,-14.874571800231934,-21.75,-12.121559143066406,-21.1806583404541,
40.028,-17.625,-10.586501121520996,-15.716864585876465,-21.0625,-12.000387191772461,-20.573802947998047,
40.038,-18.4375,-11.333950996398926,-16.521364212036133,-20.3125,-11.813065528869629,-19.91656494140625,
40.048,-19.25,-12.074061393737793,-17.302993774414062,-19.5625,-11.573062896728516,-19.216323852539062,
40.058,-20,-12.816396713256836,-18.07325553894043,-18.75,-11.382495880126953,-18.56098747253418,
40.068,-20.6875,-13.537897109985352,-18.808752059936523,-17.9375,-11.168655395507812,-17.891773223876953,
40.078,-21.3125,-14.26449966430664,-19.52784538269043,-17.0625,-10.798121452331543,-17.06226348876953,
40.088,-21.9375,-14.930717468261719,-20.178024291992188,-16.125,-10.381040573120117,-16.171382904052734,
40.098,-22.4375,-15.53082275390625,-20.757234573364258,-15.1875,-9.96517276763916,-15.272858619689941,
40.108,-23,-16.126911163330078,-21.311826705932617,-14.3125,-9.606842041015625,-14.4277982711792,
40.118,-23.4375,-16.689273834228516,-21.820865631103516,-13.375,-9.297417640686035,-13.617827415466309,
40.128,-23.875,-17.240510940551758,-22.303585052490234,-12.5,-8.962244033813477,-12.773094177246094,
40.138,-24.25,-17.772172927856445,-22.76016616821289,-11.6875,-8.612380027770996,-11.903496742248535,
40.148,-24.625,-18.272897720336914,-23.17523765563965,-10.8125,-8.355257034301758,-11.128890991210938,
40.158,-24.875,-18.730283737182617,-23.532869338989258,-10,-8.110118865966797,-10.39619255065918,
40.168,-25.125,-19.117734909057617,-23.809309005737305,-9.125,-7.8202104568481445,-9.658636093139648,
40.178,-25.3125,-19.36810874938965,-23.949356079101562,-8.3125,-7.396061897277832,-8.829679489135742,
40.188,-25.375,-19.628488540649414,-24.061046600341797,-7.5,-6.996491432189941,-8.101709365844727,
40.198,-25.5,-19.907733917236328,-24.150569915771484,-6.6875,-6.508355617523193,-7.38477087020874,
40.208,-25.5625,-20.188154220581055,-24.219341278076172,-5.875,-5.92497444152832,-6.636559963226318,
40.218,-25.625,-20.457292556762695,-24.26789665222168,-5.125,-5.264932632446289,-5.853750228881836,
40.228,-25.6875,-20.826900482177734,-24.391206741333008,-4.4375,-4.5654754638671875,-5.052526950836182,
40.238,-25.6875,-21.21417236328125,-24.53291893005371,-3.8125,-3.9521524906158447,-4.336514949798584,
40.248,-25.6875,-21.53153419494629,-24.618671417236328,-3.25,-3.4376678466796875,-3.7115790843963623,
40.258,-25.6875,-21.837434768676758,-24.69922637939453,-2.8125,-2.9810681343078613,-3.1351683139801025,
40.268,-25.625,-22.082677841186523,-24.731796264648438,-2.4375,-2.56540846824646,-2.589669942855835,
40.278,-25.5625,-22.277572631835938,-24.71550178527832,-2.1875,-2.2974929809570312,-2.1997530460357666,
40.288,-25.4375,-22.364219665527344,-24.615032196044922,-2,-2.137833595275879,-1.9142394065856934,
40.298,-25.3125,-22.532554626464844,-24.578516006469727,-1.9375,-2.080117702484131,-1.7138714790344238,
40.308,-25.25,-22.692930221557617,-24.538440704345703,-1.9375,-2.130988359451294,-1.6115608215332031,
40.318,-25.125,-22.901111602783203,-24.53826904296875,-2.0625,-2.256772994995117,-1.5706443786621094,
40.328,-25.125,-23.063674926757812,-24.502534866333008,-2.125,-2.509617328643799,-1.6533981561660767,
40.338,-25.125,-23.22057342529297,-24.465553283691406,-2.25,-2.825719118118286,-1.802749752998352,
40.348,-25,-23.317825317382812,-24.388364791870117,-2.625,-3.1689515113830566,-1.9829221963882446,
40.358,-24.9375,-23.413076400756836,-24.310306549072266,-3,-3.505619525909424,-2.179967164993286,
40.368,-24.875,-23.549015045166016,-24.26652717590332,-3.3125,-3.9679412841796875,-2.51155424118042,
40.378,-24.75,-23.719728469848633,-24.260591506958008,-3.625,-4.4778242111206055,-2.9140751361846924,
40.388,-24.625,-23.85346221923828,-24.229568481445312,-3.875,-4.861430644989014,-3.18284273147583,
40.398,-24.5625,-23.986557006835938,-24.194583892822266,-4.0625,-5.19330358505249,-3.38565731048584,
40.408,-24.5,-24.117136001586914,-24.16298484802246,-4.1875,-5.519358158111572,-3.5688884258270264,
40.418,-24.4375,-24.22675323486328,-24.1199951171875,-4.1875,-5.735644817352295,-3.639920711517334,
40.428,-24.375,-24.36902618408203,-24.112625122070312,-4.1875,-5.962453842163086,-3.6974897384643555,
40.438,-24.3125,-24.506826400756836,-24.113746643066406,-4.0625,-6.117151260375977,-3.6361629962921143,
40.448,-24.25,-24.64975357055664,-24.12813377380371,-3.9375,-6.246334552764893,-3.5053694248199463,
40.458,-24.0625,-24.71187973022461,-24.090383529663086,-3.8125,-6.366028785705566,-3.345038414001465,
40.468,-23.8125,-24.69945526123047,-23.987998962402344,-3.6875,-6.471066474914551,-3.1476759910583496,
40.478,-23.5625,-24.594324111938477,-23.811283111572266,-3.5,-6.601834774017334,-2.9580459594726562,
40.488,-23.1875,-24.345861434936523,-23.508098602294922,-3.3125,-6.719726085662842,-2.7455544471740723,
40.498,-22.9375,-24.25063705444336,-23.305877685546875,-3.125,-6.891988277435303,-2.587050676345825,
40.508,-22.5625,-24.157865524291992,-23.111738204956055,-2.9375,-7.060969352722168,-2.4319005012512207,
40.518,-22.25,-23.86681365966797,-22.76552963256836,-2.6875,-7.164074897766113,-2.2178871631622314,
40.528,-22,-23.66556167602539,-22.462759017944336,-2.5,-7.251389026641846,-1.9967604875564575,
40.538,-21.8125,-23.56308937072754,-22.258678436279297,-2.25,-7.3818583488464355,-1.8313069343566895,
40.548,-21.5625,-23.448698043823242,-22.049705505371094,-1.9375,-7.450439929962158,-1.614086627960205,
40.558,-21.5625,-23.320098876953125,-21.830249786376953,-1.9375,-7.4523606300354,-1.3249938488006592,
40.568,-21.25,-23.19805908203125,-21.618764877319336,-1.5625,-7.392732620239258,-1.0004093647003174,
40.578,-20.5625,-22.969545364379883,-21.338441848754883,-0.6875,-7.247867107391357,-0.6217295527458191,
40.588,-20.0625,-22.69761848449707,-21.009265899658203,-0.1875,-7.068338871002197,-0.2004694938659668,
40.598,-19.4375,-22.334741592407227,-20.608570098876953,0.25,-6.860806941986084,0.2400447130203247,
40.608,-19.4375,-21.963266372680664,-20.159589767456055,0.25,-6.594137191772461,0.7447319626808167,
40.618,-18.625,-21.456212997436523,-19.606653213500977,0.8125,-6.315282344818115,1.2541455030441284,
40.628,-16.5625,-20.624706268310547,-18.815628051757812,1.875,-5.995538711547852,1.820312261581421,
40.638,-15.3125,-19.66984748840332,-17.86431884765625,2.375,-5.732791900634766,2.352717399597168,
40.648,-13.9375,-18.59392547607422,-16.77730369567871,2.75,-5.522250652313232,2.8593404293060303,
40.658,-13.9375,-17.511106491088867,-15.639798164367676,2.75,-5.312880039215088,3.320464849472046,
40.668,-12.4375,-16.31614875793457,-14.407556533813477,3,-5.2010698318481445,3.699690818786621,
40.678,-9.1875,-14.962194442749023,-13.03342056274414,3.3125,-5.240750789642334,3.9660966396331787,
40.688,-7.4375,-13.545445442199707,-11.570120811462402,3.4375,-5.302257537841797,4.161769866943359,
40.698,-5.625,-11.99710750579834,-9.972900390625,3.625,-5.349353313446045,4.300793647766113,
40.708,-5.625,-10.275346755981445,-8.21056079864502,3.625,-5.448987007141113,4.360682487487793,
40.718,-3.8125,-8.600397109985352,-6.4845871925354,3.9375,-5.357043266296387,4.517666816711426,
40.728,0,-6.880871772766113,-4.721263885498047,4.6875,-5.018959999084473,4.823498725891113,
40.738,1.8125,-5.26108455657959,-3.0116312503814697,5.0625,-4.621203422546387,5.193088531494141,
40.748,1.8125,-3.5835835933685303,-1.2453293800354004,5.0625,-4.133692264556885,5.60209321975708,
40.758,3.75,-1.8485441207885742,0.5760179162025452,5.5,-3.597611665725708,6.036685466766357,
40.768,5.6875,-0.06108427047729492,2.444155216217041,5.875,-2.9960029125213623,6.467184066772461,
40.778,9.6875,1.7330973148345947,4.3229827880859375,6.625,-2.3844950199127197,6.854669094085693,
40.788,11.75,3.4361062049865723,6.130704879760742,7.0625,-1.751797080039978,7.200183868408203,
40.798,11.75,5.277666091918945,8.056766510009766,7.0625,-1.0051194429397583,7.634676933288574,
40.808,13.9375,7.3139166831970215,10.170092582702637,7.4375,-0.2639040946960449,8.038658142089844,
40.818,16.125,9.305262565612793,12.247005462646484,7.8125,0.4936515688896179,8.40388011932373,
40.828,16.125,11.40157699584961,14.388224601745605,7.8125,1.3935625553131104,8.844358444213867,
40.838,20.8125,13.510342597961426,16.558542251586914,8.6875,2.3064749240875244,9.282207489013672,
40.848,23.25,15.7726411819458,18.87762451171875,9.125,3.2598013877868652,9.71790885925293,
40.858,25.75,18.087251663208008,21.265954971313477,9.5625,4.3437371253967285,10.274752616882324,
40.868,28.375,20.77328872680664,23.96847152709961,9.9375,5.4489970207214355,10.825531959533691,
40.878,28.375,21.45046043395996,25.371488571166992,9.9375,5.875257968902588,10.833139419555664,
40.888,31.25,22.240625381469727,26.584346771240234,9.75,6.304556369781494,10.96072006225586,
40.898,31.6875,22.240625381469727,26.584346771240234,8.875,6.304556369781494,10.96072006225586,
40.908,31.5625,23.25496482849121,28.150421142578125,7.5,6.132349491119385,10.261224746704102,
40.918,30.875,22.54193115234375,27.86043930053711,5.6875,5.423567771911621,9.359522819519043,
40.928,30.875,22.54193115234375,27.86043930053711,5.6875,5.423567771911621,9.359522819519043,
40.938,28.8125,20.69454574584961,26.475353240966797,1.6875,3.9172251224517822,7.700159072875977,
40.948,28.1875,20.052595138549805,25.970163345336914,-0.1875,2.1647722721099854,5.8193254470825195,
40.958,27.6875,19.35715103149414,25.396432876586914,-2.1875,-1.720574975013733,1.7592259645462036,
40.968,27.375,18.95728302001953,25.005760192871094,-4.125,-3.512850046157837,-0.07125088572502136,
40.978,27.375,18.95728302001953,25.005760192871094,-4.125,-3.512850046157837,-0.07125088572502136,
40.988,27.375,18.58818817138672,24.60622215270996,-7.6875,-5.0935564041137695,-1.636631727218628,
40.998,27.5625,18.466703414916992,24.449758529663086,-9.3125,-6.856252193450928,-3.425811529159546,
41.008,27.75,19.039852142333984,24.933183670043945,-10.75,-10.083139419555664,-6.672907829284668,
41.018,28.0625,19.54530906677246,25.34659767150879,-12.0625,-11.520575523376465,-8.114198684692383,
41.028,28.0625,19.54530906677246,25.34659767150879,-12.0625,-11.520575523376465,-8.114198684692383,
41.038,28.5,19.545835494995117,25.367599487304688,-13.8125,-12.734870910644531,-9.364726066589355,
41.048,28.75,19.860328674316406,25.657934188842773,-14.25,-13.522665023803711,-10.228160858154297,
41.058,28.8125,20.255430221557617,26.09145736694336,-14.375,-14.540445327758789,-11.3695707321167,
41.068,28.9375,20.380168914794922,26.249465942382812,-14.25,-14.720643997192383,-11.601069450378418,
41.078,28.9375,20.380168914794922,26.249465942382812,-14.25,-14.720643997192383,-11.601069450378418,
41.088,29.0625,20.506973266601562,26.394794464111328,-13.875,-14.558553695678711,-11.446489334106445,
41.098,29.0625,20.3841609954834,26.32919692993164,-13.8125,-14.250068664550781,-11.10672664642334,
41.108,29.0625,20.26847267150879,26.241111755371094,-13.8125,-13.943228721618652,-10.769315719604492,
41.118,29,20.363155364990234,26.30158042907715,-14.0625,-14.116183280944824,-10.957036972045898,
41.128,29,20.363155364990234,26.30158042907715,-14.0625,-14.116183280944824,-10.957036972045898,
41.138,28.8125,20.440073013305664,26.350543975830078,-14.5625,-14.38512897491455,-11.276890754699707,
41.148,28.6875,20.453754425048828,26.33440589904785,-14.75,-14.52465534210205,-11.491326332092285,
41.158,28.5,20.17079734802246,26.050243377685547,-14.9375,-14.802116394042969,-11.885947227478027,
41.168,28.375,20.060270309448242,25.91852569580078,-15.0625,-14.841174125671387,-11.984698295593262,
41.178,28.375,20.060270309448242,25.91852569580078,-15.0625,-14.841174125671387,-11.984698295593262,
41.188,28.1875,19.950307846069336,25.783981323242188,-15.4375,-14.925182342529297,-12.112215042114258,
41.198,28.125,19.82133674621582,25.63202476501465,-15.5625,-15.0598726272583,-12.298279762268066,
41.208,28.0625,19.878252029418945,25.58965301513672,-15.6875,-15.237007141113281,-12.644326210021973,
41.218,28.0625,19.8302001953125,25.521800994873047,-15.75,-15.23989200592041,-12.711044311523438,
41.228,28.0625,19.8302001953125,25.521800994873047,-15.75,-15.23989200592041,-12.711044311523438,
41.238,28.0625,19.820453643798828,25.492719650268555,-15.5,-15.161761283874512,-12.702000617980957,
41.248,28.125,19.89083480834961,25.54469871520996,-15.3125,-15.072906494140625,-12.66470718383789,
41.258,28.125,19.91405487060547,25.575759887695312,-15.0625,-14.821426391601562,-12.435806274414062,
41.268,28.1875,19.989770889282227,25.652894973754883,-14.75,-14.540600776672363,-12.158172607421875,
41.278,28.1875,20.044946670532227,25.71862030029297,-14.4375,-14.296137809753418,-11.908422470092773,
41.288,28.1875,20.044946670532227,25.71862030029297,-14.4375,-14.296137809753418,-11.908422470092773,
41.298,28.25,20.066408157348633,25.756458282470703,-13.5625,-13.985851287841797,-11.604275703430176,
41.308,28.25,20.119709014892578,25.84053611755371,-13.0625,-13.212544441223145,-10.860767364501953,
41.318,28.25,20.119800567626953,25.852909088134766,-12.5625,-12.720855712890625,-10.393913269042969,
41.328,28.25,20.119800567626953,25.852909088134766,-12.5625,-12.720855712890625,-10.393913269042969,
41.338,28.1875,20.074420928955078,25.828060150146484,-11.3125,-12.164168357849121,-9.884909629821777,
41.348,28.0625,19.989978790283203,25.763240814208984,-10.75,-11.595429420471191,-9.379199981689453,
41.358,27.9375,19.81377410888672,25.597211837768555,-10.0625,-10.368858337402344,-8.341347694396973,
41.368,27.6875,19.527795791625977,25.340045928955078,-9.4375,-9.638197898864746,-7.736282825469971,
41.378,27.6875,19.527795791625977,25.340045928955078,-9.4375,-9.638197898864746,-7.736282825469971,
41.388,27.375,19.489572525024414,25.26395606994629,-8,-8.839500427246094,-7.077691078186035,
41.398,27.25,19.290807723999023,25.06011962890625,-7.25,-8.039008140563965,-6.455218315124512,
41.408,27.125,19.087881088256836,24.793649673461914,-6.4375,-6.270895004272461,-5.113955020904541,
41.418,27,18.911733627319336,24.608028411865234,-5.5625,-5.305071830749512,-4.394341468811035,
41.428,27,18.911733627319336,24.608028411865234,-5.5625,-5.305071830749512,-4.394341468811035,
41.438,26.9375,18.955690383911133,24.59844207763672,-4.5625,-4.139308929443359,-3.5096535682678223,
41.448,26.8125,18.867090225219727,24.499893188476562,-2.375,-2.9600467681884766,-2.6236765384674072,
41.458,26.8125,18.829355239868164,24.4147891998291,-1.125,-0.2881200313568115,-0.6048619747161865,
41.468,26.875,18.873153686523438,24.432703018188477,0.125,1.240373969078064,0.591948390007019,
41.478,26.9375,18.9050350189209,24.452795028686523,1.5,2.7880170345306396,1.8024810552597046,
41.488,26.9375,18.9050350189209,24.452795028686523,1.5,2.7880170345306396,1.8024810552597046,
41.498,27.3125,19.09076690673828,24.609460830688477,4.5625,4.471103668212891,3.1386990547180176,
41.508,27.5625,19.53089714050293,25.04468536376953,6.1875,8.083277702331543,6.064221382141113,
41.518,27.875,19.963457107543945,25.448368072509766,7.875,10.049091339111328,7.693012237548828,
41.528,27.875,20.43812370300293,25.90573501586914,7.875,12.195963859558105,9.511883735656738,
41.538,28.25,20.43812370300293,25.90573501586914,9.625,12.195963859558105,9.511883735656738,
41.548,28.625,20.952991485595703,26.434160232543945,11.375,14.545384407043457,11.576911926269531,
41.558,28.375,20.928686141967773,26.738588333129883,14,18.18728256225586,14.99301528930664,
41.568,28,20.804935455322266,26.729948043823242,14.6875,19.302894592285156,16.16524314880371,
41.578,27.3125,20.432912826538086,26.48332977294922,15.125,20.021446228027344,16.956716537475586,
41.588,27.3125,20.432912826538086,26.48332977294922,15.125,20.021446228027344,16.956716537475586,
41.598,26.375,19.69041633605957,25.905759811401367,15.4375,20.41584587097168,17.412317276000977,
41.608,24.1875,17.232126235961914,23.727733612060547,16.3125,20.774328231811523,17.697542190551758,
41.618,23.125,16.063295364379883,22.625965118408203,17.0625,21.41150665283203,18.271135330200195,
41.628,22.1875,15.189262390136719,21.746021270751953,17.9375,22.18376350402832,19.016096115112305,
41.638,22.1875,15.189262390136719,21.746021270751953,17.9375,22.18376350402832,19.016096115112305,
41.648,21.25,13.557125091552734,20.046876907348633,18.9375,24.315689086914062,21.09731101989746,
41.658,19.6875,12.609315872192383,19.098852157592773,21.1875,25.321775436401367,22.123947143554688,
41.668,19,12.011348724365234,18.42057228088379,22.3125,26.50501823425293,23.3313045501709,
41.678,18.375,11.422419548034668,17.76287841796875,23.4375,27.609159469604492,24.479158401489258,
41.688,18.375,10.834144592285156,17.130985260009766,23.4375,28.536251068115234,25.51544761657715,
41.698,17.6875,10.257002830505371,16.47856903076172,24.3125,29.362091064453125,26.502323150634766,
41.708,16.625,9.676204681396484,15.841660499572754,25.375,29.799047470092773,27.17213249206543,
41.718,16.125,9.12661075592041,15.240943908691406,25.5,29.962736129760742,27.55755615234375,
41.728,15.75,8.830709457397461,14.875419616699219,25.4375,29.709627151489258,27.48377799987793,
41.738,15.375,8.568764686584473,14.586130142211914,25.4375,29.479896545410156,27.354286193847656,
41.748,15,8.12694263458252,14.168858528137207,25.4375,29.25336265563965,27.18720245361328,
41.758,14.6875,7.586651802062988,13.657693862915039,25.5625,29.246511459350586,27.209882736206055,
41.768,14.4375,7.261251926422119,13.33532428741455,25.75,29.369102478027344,27.365211486816406,
41.778,14.25,7.006293773651123,13.073860168457031,25.875,29.56084442138672,27.627668380737305,
41.788,14.125,6.9163384437561035,12.958962440490723,26.0625,29.66116714477539,27.804489135742188,
41.798,14,6.837748050689697,12.866886138916016,26.1875,29.786922454833984,28.003400802612305,
41.808,13.9375,6.71337890625,12.743895530700684,26.3125,29.80504035949707,28.102628707885742,
41.818,13.875,6.553900241851807,12.599032402038574,26.375,29.744176864624023,28.12153434753418,
41.828,13.6875,6.476840019226074,12.54122257232666,26.5,29.77808380126953,28.205930709838867,
41.838,13.5625,6.408914089202881,12.50479507446289,26.5625,29.761560440063477,28.23558807373047,
41.848,13.3125,6.288895130157471,12.425032615661621,26.6875,29.78368377685547,28.303701400756836,
41.858,13.0625,5.953770637512207,12.181744575500488,26.8125,29.908966064453125,28.455421447753906,
41.868,12.75,5.554378986358643,11.90286636352539,26.9375,30.022510528564453,28.581287384033203,
41.878,12.3125,5.127352237701416,11.616209983825684,27.0625,30.105316162109375,28.66880226135254,
41.888,11.875,4.638899326324463,11.291088104248047,27.1875,30.218347549438477,28.770938873291016,
41.898,11.375,4.038836479187012,10.886425018310547,27.3125,30.37095069885254,28.90056037902832,
41.908,10.875,3.3387198448181152,10.390828132629395,27.4375,30.512800216674805,29.02633285522461,
41.918,10.25,2.5545103549957275,9.835622787475586,27.5625,30.66961097717285,29.15713882446289,
41.928,9.6875,1.837003469467163,9.331846237182617,27.75,30.825801849365234,29.29227066040039,
41.938,9.0625,1.0048073530197144,8.739547729492188,27.875,31.013473510742188,29.470218658447266,
41.948,8.4375,0.27707645297050476,8.219173431396484,27.9375,31.1484375,29.613412857055664,
41.958,7.875,-0.5453619360923767,7.622194290161133,28,31.227920532226562,29.694225311279297,
41.968,7.25,-1.2464278936386108,7.123434543609619,28.125,31.260400772094727,29.735124588012695,
41.978,6.6875,-1.9711089134216309,6.598830223083496,28.1875,31.286216735839844,29.771747589111328,
41.988,6,-2.662294387817383,6.082769393920898,28.3125,31.395986557006836,29.89618682861328,
41.998,5.3125,-3.3598575592041016,5.5188374519348145,28.375,31.485788345336914,30.029287338256836,
42.008,4.5,-4.162963390350342,4.820976257324219,28.5,31.562450408935547,30.16244888305664,
42.018,3.5625,-5.035568714141846,3.997300863265991,28.5625,31.587663650512695,30.25627899169922,
42.028,2.5,-5.957765579223633,3.0733642578125,28.625,31.55306625366211,30.309003829956055,
42.038,1.375,-6.924492359161377,2.052537679672241,28.625,31.46457862854004,30.329639434814453,
42.048,0.1875,-7.908878326416016,0.9706745147705078,28.5625,31.37296485900879,30.356374740600586,
42.058,-1,-8.926025390625,-0.1601569950580597,28.4375,31.257802963256836,30.360336303710938,
42.068,-2.1875,-9.959277153015137,-1.3131145238876343,28.3125,31.013879776000977,30.240440368652344,
42.078,-3.4375,-10.974601745605469,-2.453911781311035,28.125,30.76012420654297,30.108020782470703,
42.088,-4.625,-12.044734001159668,-3.6529722213745117,27.875,30.483884811401367,29.965761184692383,
42.098,-5.875,-13.111300468444824,-4.848763942718506,27.625,30.141883850097656,29.763442993164062,
42.108,-7.125,-14.136502265930176,-6.024497985839844,27.25,29.713300704956055,29.479543685913086,
42.118,-8.4375,-15.175470352172852,-7.216437816619873,26.8125,29.19593048095703,29.099313735961914,
42.128,-9.8125,-16.325674057006836,-8.50659465789795,26.3125,28.578786849975586,28.6170711517334,
42.138,-11.1875,-17.399616241455078,-9.745781898498535,25.75,28.044145584106445,28.221044540405273,
42.148,-12.5625,-18.660802841186523,-11.149813652038574,25.1875,27.46843910217285,27.776046752929688,
42.158,-14,-19.854402542114258,-12.49847412109375,24.5,26.783823013305664,27.23676109313965,
42.168,-15.3125,-21.01422882080078,-13.849004745483398,23.6875,26.027830123901367,26.61739730834961,
42.178,-16.6875,-22.31576156616211,-15.306509971618652,22.8125,25.1096248626709,25.834209442138672,
42.188,-17.9375,-23.43902587890625,-16.65772819519043,21.8125,24.079240798950195,24.919490814208984,
42.198,-19.25,-24.66710090637207,-18.049142837524414,20.6875,22.95734405517578,23.905609130859375,
42.208,-20.375,-25.43467903137207,-19.093467712402344,19.5,21.906749725341797,22.91918182373047,
42.218,-21.5625,-26.39744758605957,-20.26725959777832,18.25,20.688095092773438,21.735456466674805,
42.228,-22.6875,-27.39844512939453,-21.468734741210938,17,19.51249885559082,20.563720703125,
42.238,-23.625,-28.220224380493164,-22.51845359802246,15.75,18.274873733520508,19.300689697265625,
42.248,-24.5,-28.96638298034668,-23.499771118164062,14.4375,17.110855102539062,18.063249588012695,
42.258,-25.1875,-29.583282470703125,-24.354793548583984,13.1875,15.945385932922363,16.781721115112305,
42.268,-25.75,-30.0201473236084,-25.050765991210938,12,14.88922119140625,15.53853702545166,
42.278,-26.1875,-30.345317840576172,-25.63408088684082,10.875,13.892765998840332,14.291998863220215,
42.288,-26.5625,-30.531030654907227,-26.08419418334961,9.8125,13.084370613098145,13.170734405517578,
42.298,-26.875,-30.609037399291992,-26.42555046081543,8.8125,12.42983341217041,12.16417407989502,
42.308,-27.1875,-30.6240234375,-26.704633712768555,7.8125,11.913530349731445,11.250237464904785,
42.318,-27.4375,-30.695772171020508,-27.010786056518555,6.75,11.427677154541016,10.361373901367188,
42.328,-27.6875,-30.767230987548828,-27.30142593383789,5.625,10.953051567077637,9.48277759552002,
42.338,-27.875,-30.953880310058594,-27.678640365600586,4.375,10.377327919006348,8.500252723693848,
42.348,-28,-31.097518920898438,-28.016054153442383,2.875,9.368064880371094,7.035671710968018,
42.358,-28,-31.08293914794922,-28.20449447631836,1.3125,8.464774131774902,5.666931629180908,
42.368,-27.75,-30.702402114868164,-28.06140899658203,-0.3125,7.4427361488342285,4.196532249450684,
42.378,-27.375,-30.38751220703125,-27.920207977294922,-2.125,6.263831615447998,2.6220970153808594,
42.388,-26.875,-30.074321746826172,-27.721202850341797,-3.875,5.01074743270874,0.9599173665046692,
42.398,-26.25,-29.73216438293457,-27.437992095947266,-5.625,3.617936372756958,-0.8117189407348633,
42.408,-25.625,-29.152385711669922,-26.913150787353516,-7.375,2.1878561973571777,-2.575155019760132,
42.418,-24.875,-28.560762405395508,-26.333478927612305,-9.1875,0.741989254951477,-4.317764759063721,
42.428,-24.0625,-27.876951217651367,-25.64031219482422,-10.875,-0.6122040748596191,-5.945747375488281,
42.438,-23.1875,-27.307838439941406,-25.013744354248047,-12.625,-2.1393699645996094,-7.685859680175781,
42.448,-22.25,-26.618816375732422,-24.25657844543457,-14.3125,-3.7245712280273438,-9.462053298950195,
42.458,-21.25,-25.865131378173828,-23.4105167388916,-16,-5.212219715118408,-11.096725463867188,
42.468,-20.1875,-25.103384017944336,-22.5291690826416,-17.625,-6.722384452819824,-12.699540138244629,
42.478,-19.0625,-24.205881118774414,-21.52061653137207,-19.3125,-8.293197631835938,-14.324074745178223,
42.488,-17.9375,-23.380041122436523,-20.539813995361328,-20.875,-9.913538932800293,-15.976497650146484,
42.498,-16.6875,-22.537778854370117,-19.514951705932617,-22.5625,-11.601747512817383,-17.65487289428711,
42.508,-15.4375,-21.618606567382812,-18.39928436279297,-24.1875,-13.295907974243164,-19.30459976196289,
42.518,-14.125,-20.718748092651367,-17.271867752075195,-25.8125,-14.962004661560059,-20.907087326049805,
42.528,-12.6875,-19.66687774658203,-16.009376525878906,-27.1875,-16.68516731262207,-22.529529571533203,
42.538,-11.125,-18.441967010498047,-14.627497673034668,-28.1875,-18.01362419128418,-23.944395065307617,
42.548,-9.5625,-17.27079963684082,-13.261984825134277,-28.8125,-19.142837524414062,-25.147024154663086,
42.558,-7.875,-16.022567749023438,-11.822579383850098,-29.125,-19.96860694885254,-26.022769927978516,
42.568,-5.875,-14.708160400390625,-10.2974214553833,-29.25,-20.536893844604492,-26.51900863647461,
42.578,-3.9375,-13.202557563781738,-8.656725883483887,-29.375,-20.56433868408203,-26.47715950012207,
42.588,-3.9375,-11.656510353088379,-6.965679168701172,-29.375,-20.676668167114258,-26.41364288330078,
42.598,-1.9375,-9.957274436950684,-5.162664890289307,-29.5625,-21.129947662353516,-26.665220260620117,
42.608,0.0625,-8.135412216186523,-3.2838027477264404,-29.8125,-21.888303756713867,-27.18838119506836,
42.618,2.25,-6.236080646514893,-1.3152047395706177,-30.1875,-22.53118133544922,-27.609189987182617,
42.628,4.3125,-4.020627975463867,0.9422366619110107,-30.25,-22.730308532714844,-27.697101593017578,
42.638,4.3125,-2.3025248050689697,2.813164472579956,-30.25,-22.495296478271484,-27.513694763183594,
42.648,8.4375,-0.5526542663574219,4.711883544921875,-29.8125,-22.347312927246094,-27.357412338256836,
42.658,10.25,-0.5526542663574219,4.711883544921875,-29.0625,-21.93299102783203,-27.357412338256836,
42.668,12.1875,2.4176714420318604,7.934585094451904,-28.25,-21.266904830932617,-26.08307647705078,
42.678,14.1875,4.209254741668701,9.763205528259277,-27.4375,-20.226245880126953,-24.865989685058594,
42.688,14.1875,5.84260368347168,11.519976615905762,-27.4375,-19.439558029174805,-23.989286422729492,
42.698,17.75,5.84260368347168,11.519976615905762,-25.5,-19.439558029174805,-23.989286422729492,
42.708,19.25,7.340545654296875,13.22579288482666,-24.25,-18.86575698852539,-23.295562744140625,
42.718,20.625,10.5560884475708,16.6851863861084,-22.875,-17.410419464111328,-21.429569244384766,
42.728,21.8125,11.315972328186035,17.708154678344727,-21.4375,-16.373870849609375,-20.098390579223633,
42.738,21.8125,11.315972328186035,17.708154678344727,-21.4375,-16.373870849609375,-20.098390579223633,
42.748,24,11.96097469329834,18.587692260742188,-18.4375,-15.156305313110352,-18.54842758178711,
42.758,25.1875,12.967153549194336,19.711084365844727,-16.9375,-14.050972938537598,-17.077392578125,
42.768,26.3125,15.2280855178833,22.099605560302734,-15.5,-12.476073265075684,-14.70846176147461,
42.778,27.1875,16.00497817993164,23.020893096923828,-14.0625,-11.863423347473145,-13.642315864562988,
42.788,27.1875,16.00497817993164,23.020893096923828,-14.0625,-11.863423347473145,-13.642315864562988,
42.798,28.4375,16.70223045349121,23.886537551879883,-11.125,-10.968290328979492,-12.210367202758789,
42.808,28.8125,17.368633270263672,24.657657623291016,-9.625,-10.097501754760742,-10.783056259155273,
42.818,29.0625,17.916818618774414,25.38176918029785,-8.1875,-9.00342845916748,-8.536748886108398,
42.828,29.1875,17.949827194213867,25.47389793395996,-6.8125,-8.2147216796875,-7.153017997741699,
42.838,29.1875,17.949827194213867,25.47389793395996,-6.8125,-8.2147216796875,-7.153017997741699,
42.848,29.5625,17.998170852661133,25.52693748474121,-4.0625,-7.469925880432129,-5.804850101470947,
42.858,29.8125,18.267118453979492,25.732177734375,-2.6875,-6.730964660644531,-4.485869407653809,
42.868,30.0625,19.365604400634766,26.577266693115234,-1.375,-5.602321624755859,-2.2046446800231934,
42.878,30.25,19.980009078979492,27.044340133666992,0,-4.970607280731201,-0.9934253692626953,
42.888,30.25,19.980009078979492,27.044340133666992,0,-4.970607280731201,-0.9934253692626953,
42.898,30.25,20.085002899169922,27.089365005493164,2.375,-4.394352912902832,0.17305730283260345,
42.908,30.0625,20.23027992248535,27.129526138305664,3.5625,-3.836907386779785,1.2882874011993408,
42.918,29.75,20.34442138671875,26.952547073364258,4.6875,-2.737177848815918,3.451028347015381,
42.928,29.375,20.070764541625977,26.541799545288086,5.75,-2.277183771133423,4.41291618347168,
42.938,29.375,20.070764541625977,26.541799545288086,5.75,-2.277183771133423,4.41291618347168,
42.948,28.8125,19.879261016845703,26.15752410888672,7.875,-1.7715561389923096,5.381150722503662,
42.958,28.5,20.01722526550293,26.04729652404785,8.875,-1.2114973068237305,6.372518062591553,
42.968,28.3125,20.16131591796875,25.729310989379883,9.875,-0.17957888543605804,8.106677055358887,
42.978,28,20.036365509033203,25.42848014831543,10.75,0.4691603183746338,9.03505802154541,
42.988,28,20.036365509033203,25.42848014831543,10.75,0.4691603183746338,9.03505802154541,
42.998,27.3125,19.907337188720703,25.149261474609375,12.3125,1.0624916553497314,9.792190551757812,
43.008,26.9375,19.98845863342285,25.049585342407227,13,1.6583435535430908,10.485355377197266,
43.018,26.5625,19.45040512084961,24.28800392150879,13.625,2.9322240352630615,11.796377182006836,
43.028,26.25,19.15020179748535,23.886199951171875,14.25,3.592737913131714,12.406963348388672,
43.038,26.25,19.15020179748535,23.886199951171875,14.25,3.592737913131714,12.406963348388672,
43.048,25.625,18.90659523010254,23.550281524658203,15.375,4.360494613647461,13.106160163879395,
43.058,25.375,18.8157901763916,23.351879119873047,15.9375,5.051530838012695,13.696836471557617,
43.068,25.125,18.546550750732422,22.900836944580078,16.4375,6.436118125915527,14.885218620300293,
43.078,24.875,18.339834213256836,22.61864471435547,16.9375,7.068458557128906,15.454296112060547,
43.088,24.875,18.339834213256836,22.61864471435547,16.9375,7.068458557128906,15.454296112060547,
43.098,24.4375,18.296710968017578,22.47014808654785,17.5625,7.6377763748168945,15.975905418395996,
43.108,24.25,18.344581604003906,22.398950576782227,17.75,8.141111373901367,16.448938369750977,
43.118,24.0625,18.103675842285156,21.965797424316406,17.875,8.698312759399414,16.98936653137207,
43.128,23.9375,17.94573974609375,21.71261215209961,18,8.85805892944336,17.128849029541016,
43.138,23.9375,17.94573974609375,21.71261215209961,18,8.85805892944336,17.128849029541016,
43.148,23.75,17.881128311157227,21.542984008789062,18.125,8.966931343078613,17.21176528930664,
43.158,23.6875,18.003511428833008,21.537521362304688,18.1875,9.097010612487793,17.30514907836914,
43.168,23.6875,18.113140106201172,21.435462951660156,18.25,9.530608177185059,17.64622688293457,
43.178,23.625,18.144245147705078,21.39118194580078,18.3125,9.645124435424805,17.702537536621094,
43.188,23.625,18.144245147705078,21.39118194580078,18.3125,9.645124435424805,17.702537536621094,
43.198,23.5625,18.215559005737305,21.39189910888672,18.3125,9.772326469421387,17.753496170043945,
43.208,23.5625,18.310684204101562,21.416210174560547,18.25,9.89291000366211,17.807056427001953,
43.218,23.5,18.309659957885742,21.346654891967773,18.1875,10.08474349975586,17.82169532775879,
43.228,23.4375,18.30609893798828,21.323047637939453,18.125,10.176783561706543,17.803926467895508,
43.238,23.4375,18.314151763916016,21.32065200805664,18.125,10.20932674407959,17.722713470458984,
43.248,23.375,18.314151763916016,21.32065200805664,18,10.20932674407959,17.722713470458984,
43.258,23.0625,18.240156173706055,21.26067352294922,17.5625,10.274659156799316,17.6607666015625,
43.268,22.875,17.87965202331543,20.98284149169922,17.3125,10.306395530700684,17.42261505126953,
43.278,22.625,17.61869239807129,20.781564712524414,16.9375,10.252963066101074,17.231494903564453,
43.288,22.625,17.61869239807129,20.781564712524414,16.9375,10.252963066101074,17.231494903564453,
43.298,22.125,17.318727493286133,20.541839599609375,16,10.108453750610352,16.954984664916992,
43.308,22,17.053874969482422,20.32453727722168,15.4375,9.869428634643555,16.59829330444336,
43.318,21.8125,16.76215171813965,20.07192611694336,14.875,9.345457077026367,15.819341659545898,
43.328,21.6875,16.58052635192871,19.916446685791016,14.3125,8.897936820983887,15.234745979309082,
43.338,21.6875,16.58052635192871,19.916446685791016,14.3125,8.897936820983887,15.234745979309082,
43.348,21.5,16.538053512573242,19.87347412109375,13.8125,8.51684284210205,14.696335792541504,
43.358,21.0625,16.348207473754883,19.709875106811523,13.125,8.190765380859375,14.21142578125,
43.368,20.75,15.992380142211914,19.35908317565918,12.875,7.886574745178223,13.612663269042969,
43.378,20.375,15.720805168151855,19.083194732666016,12.8125,7.850998878479004,13.42011833190918,
43.388,20.375,15.720805168151855,19.083194732666016,12.8125,7.850998878479004,13.42011833190918,
43.398,19.5625,15.460192680358887,18.803083419799805,12.875,7.873291015625,13.310571670532227,
43.408,19.0625,15.108244895935059,18.43186378479004,13.0625,7.996148586273193,13.313567161560059,
43.418,18.5625,14.41814136505127,17.644287109375,13.3125,8.664889335632324,13.803221702575684,
43.428,18.125,14.056724548339844,17.206865310668945,13.5625,8.95630931854248,14.058690071105957,
43.438,18.125,13.71875,16.767398834228516,13.5625,9.231138229370117,14.345649719238281,
43.448,17.625,13.71875,16.767398834228516,13.8125,9.231138229370117,14.345649719238281,
43.458,16.5625,13.354838371276855,16.30207061767578,14,9.45606803894043,14.621110916137695,
43.468,16.0625,12.611396789550781,15.359868049621582,13.9375,9.59498119354248,14.883018493652344,
43.478,15.5,12.147723197937012,14.82474136352539,13.875,9.471217155456543,14.791160583496094,
43.488,15.5,12.147723197937012,14.82474136352539,13.875,9.471217155456543,14.791160583496094,
43.498,14.9375,11.676199913024902,14.288241386413574,13.75,9.363940238952637,14.691291809082031,
43.508,13.6875,11.177214622497559,13.743539810180664,13.625,9.266153335571289,14.574610710144043,
43.518,13.0625,10.104854583740234,12.632345199584961,13.6875,9.27039909362793,14.430058479309082,
43.528,12.375,9.497230529785156,12.033334732055664,13.75,9.388052940368652,14.4464693069458,
43.538,11.6875,8.85061264038086,11.410216331481934,13.875,9.598542213439941,14.547085762023926,
43.548,11.6875,8.85061264038086,11.410216331481934,13.875,9.598542213439941,14.547085762023926,
43.558,10.0625,8.172270774841309,10.766949653625488,14.25,9.873005867004395,14.706298828125,
43.568,9.1875,6.563401699066162,9.280856132507324,14.4375,10.490985870361328,15.099334716796875,
43.578,8.1875,5.6483893394470215,8.44548511505127,14.6875,10.81379508972168,15.317309379577637,
43.588,7.125,4.659861087799072,7.5420756340026855,14.875,11.131646156311035,15.53707504272461,
43.598,7.125,4.659861087799072,7.5420756340026855,14.875,11.131646156311035,15.53707504272461,
43.608,6.0625,3.6302740573883057,6.591975212097168,15.0625,11.43610668182373,15.750838279724121,
43.618,3.8125,1.3918001651763916,4.509143352508545,15.4375,11.995401382446289,16.140777587890625,
43.628,2.625,0.2635773718357086,3.4425203800201416,15.6875,12.289534568786621,16.357582092285156,
43.638,1.5,-0.8981917500495911,2.3361263275146484,15.9375,12.584123611450195,16.575111389160156,
43.648,1.5,-0.8981917500495911,2.3361263275146484,15.9375,12.584123611450195,16.575111389160156,
43.658,0.3125,-2.0498671531677246,1.224276065826416,16.1875,12.892731666564941,16.80683135986328,
43.668,-2.0625,-4.316362380981445,-0.9972712397575378,16.8125,13.59118938446045,17.357858657836914,
43.678,-3.25,-5.454436302185059,-2.1192522048950195,17.1875,13.999948501586914,17.687589645385742,
43.688,-4.5625,-6.627929210662842,-3.2729716300964355,17.5625,14.436722755432129,18.042896270751953,
43.698,-4.5625,-6.627929210662842,-3.2729716300964355,17.5625,14.436722755432129,18.042896270751953,
43.708,-5.875,-7.856780529022217,-4.479331016540527,18.0625,14.891401290893555,18.41498565673828,
43.718,-8.625,-10.387547492980957,-6.991665840148926,19.0625,15.952341079711914,19.30900764465332,
43.728,-10,-11.697309494018555,-8.314972877502441,19.625,16.559246063232422,19.828529357910156,
43.738,-11.4375,-13.046019554138184,-9.69277286529541,20.1875,17.174476623535156,20.351051330566406,
43.748,-11.4375,-14.419668197631836,-11.112201690673828,20.1875,17.908954620361328,20.993083953857422,
43.758,-12.8125,-15.605621337890625,-12.403926849365234,20.75,18.489931106567383,21.490785598754883,
43.768,-15.375,-16.791288375854492,-13.702752113342285,21.8125,19.13494873046875,22.031618118286133,
43.778,-16.5625,-18.165504455566406,-15.16540813446045,22.3125,20.185293197631836,23.00053596496582,
43.788,-17.4375,-18.88157081604004,-16.143068313598633,22.4375,20.47382926940918,23.284664154052734,
43.798,-18,-19.494606018066406,-17.016733169555664,22.3125,20.74838638305664,23.55649185180664,
43.808,-18.5,-19.939985275268555,-17.71558952331543,21.9375,20.7252254486084,23.535234451293945,
43.818,-18.875,-20.16596794128418,-18.201736450195312,21.5,20.511516571044922,23.263832092285156,
43.828,-19.1875,-19.98951530456543,-18.31060028076172,21.0625,19.977466583251953,22.61119842529297,
43.838,-19.5,-19.90773582458496,-18.467912673950195,20.8125,19.630678176879883,22.100370407104492,
43.848,-19.875,-20.071313858032227,-18.83484649658203,20.5625,19.585491180419922,21.883602142333984,
43.858,-20.25,-20.270917892456055,-19.252870559692383,20.25,19.70611572265625,21.852201461791992,
43.868,-20.5625,-20.45777702331543,-19.672292709350586,19.9375,19.676876068115234,21.673988342285156,
43.878,-21,-20.5596923828125,-20.014997482299805,19.4375,19.434263229370117,21.28023910522461,
43.888,-21.375,-20.532878875732422,-20.263933181762695,18.9375,19.08902931213379,20.765274047851562,
43.898,-21.75,-20.67182731628418,-20.65311622619629,18.375,18.78491973876953,20.27309799194336,
43.908,-22.1875,-20.82573890686035,-21.06541633605957,17.875,18.575054168701172,19.83335304260254,
43.918,-22.5625,-21.069997787475586,-21.557052612304688,17.3125,18.330181121826172,19.34053611755371,
43.928,-22.9375,-21.269765853881836,-22.02077293395996,16.6875,18.076812744140625,18.826274871826172,
43.938,-23.3125,-21.34882164001465,-22.37893295288086,16.0625,17.814451217651367,18.298307418823242,
43.948,-23.5625,-21.400781631469727,-22.71702766418457,15.375,17.543739318847656,17.746997833251953,
43.958,-23.75,-21.39682388305664,-23.001422882080078,14.6875,17.14689064025879,17.047775268554688,
43.968,-23.75,-21.281578063964844,-23.191390991210938,13.9375,16.80775260925293,16.34819221496582,
43.978,-24.125,-21.173067092895508,-23.377559661865234,13.25,16.506858825683594,15.645718574523926,
43.988,-24.25,-21.03236961364746,-23.546438217163086,12.5,16.251079559326172,14.957923889160156,
43.998,-24.375,-20.984397888183594,-23.794994354248047,11.75,15.991018295288086,14.217662811279297,
44.008,-24.5,-20.855884552001953,-23.980880737304688,11,15.750956535339355,13.452957153320312,
44.018,-24.5,-20.680212020874023,-24.124311447143555,10.25,15.540745735168457,12.677205085754395,
44.028,-24.5,-20.4432373046875,-24.207679748535156,9.4375,15.327024459838867,11.870198249816895,
44.038,-24.5,-20.15928077697754,-24.226009368896484,8.6875,15.239779472351074,11.16720962524414,
44.048,-24.375,-19.85628318786621,-24.18505859375,8,15.211084365844727,10.54320240020752,
44.058,-24.25,-19.53278923034668,-24.081432342529297,7.375,15.204136848449707,9.990701675415039,
44.068,-24.0625,-19.310476303100586,-24.039865493774414,6.75,15.122615814208984,9.383151054382324,
44.078,-24,-19.143190383911133,-24.03773307800293,6.125,15.040290832519531,8.77755355834961,
44.088,-24,-19.007951736450195,-24.049114227294922,5.5625,14.889904975891113,8.104077339172363,
44.098,-23.9375,-18.832073211669922,-24.011550903320312,4.9375,14.828229904174805,7.521159648895264,
44.108,-23.875,-18.730331420898438,-24.015151977539062,4.375,14.842805862426758,6.999650001525879,
44.118,-23.875,-18.641435623168945,-24.017539978027344,3.8125,14.857279777526855,6.467850685119629,
44.128,-23.9375,-18.598783493041992,-24.048564910888672,3.3125,14.795965194702148,5.860755920410156,
44.138,-23.9375,-18.765579223632812,-24.233036041259766,3.3125,14.803009033203125,5.33054256439209,
44.148,-24.125,-19.160131454467773,-24.596744537353516,2.875,14.934130668640137,4.945059299468994,
44.158,-24.3125,-19.392263412475586,-24.838539123535156,2.375,15.009309768676758,4.528839588165283,
44.168,-24.5,-19.581846237182617,-25.027875900268555,1.875,14.994438171386719,4.030536651611328,
44.178,-24.6875,-19.80556297302246,-25.233482360839844,1.375,14.984084129333496,3.5376174449920654,
44.188,-24.875,-20.104461669921875,-25.489606857299805,0.875,14.919393539428711,3.0116262435913086,
44.198,-25.0625,-20.441360473632812,-25.773632049560547,0.375,14.843681335449219,2.497588872909546,
44.208,-25.25,-20.860450744628906,-26.10348892211914,-0.125,14.8101806640625,2.0240249633789062,
44.218,-25.4375,-21.210474014282227,-26.365102767944336,-0.75,14.751089096069336,1.538358449935913,
44.228,-25.6875,-21.491161346435547,-26.560253143310547,-1.9375,14.532930374145508,0.8996953964233398,
44.238,-25.875,-21.88470458984375,-26.839012145996094,-1.9375,14.285256385803223,0.23832321166992188,
44.248,-26.125,-22.348386764526367,-27.1629695892334,-2.5,14.139120101928711,-0.3043684959411621,
44.258,-26.375,-22.90699005126953,-27.554555892944336,-3.1875,13.923494338989258,-0.8927901387214661,
44.268,-26.625,-23.288057327270508,-27.7949161529541,-3.8125,13.629596710205078,-1.567189335823059,
44.278,-26.875,-23.64954948425293,-28.027061462402344,-4.5625,13.320706367492676,-2.236135244369507,
44.288,-27.0625,-24.153600692749023,-28.355615615844727,-5.25,12.96903133392334,-2.909332513809204,
44.298,-27.125,-24.501379013061523,-28.574398040771484,-6,12.57489013671875,-3.604489326477051,
44.308,-27.0625,-24.76180076599121,-28.68903350830078,-6.75,12.248000144958496,-4.196565628051758,
44.318,-26.875,-24.788692474365234,-28.591333389282227,-7.5,11.727437973022461,-4.945969104766846,
44.328,-26.625,-24.75399398803711,-28.42170524597168,-8.3125,11.17668628692627,-5.683117866516113,
44.338,-26.25,-24.548948287963867,-28.092506408691406,-9.0625,10.538183212280273,-6.46070671081543,
44.348,-25.9375,-24.35443687438965,-27.74983787536621,-9.75,9.803207397460938,-7.263387680053711,
44.358,-25.625,-24.512842178344727,-27.70223617553711,-10.375,9.37541675567627,-7.685307502746582,
44.368,-25.375,-24.507356643676758,-27.532182693481445,-11.0625,8.843841552734375,-8.203248977661133,
44.378,-25.125,-24.520341873168945,-27.383310317993164,-11.75,8.108092308044434,-8.886430740356445,
44.388,-24.875,-24.30650520324707,-27.045114517211914,-12.4375,7.275815010070801,-9.66659164428711,
44.398,-24.6875,-24.150508880615234,-26.769041061401367,-13.0625,6.519742012023926,-10.331476211547852,
44.408,-24.4375,-24.18458366394043,-26.656845092773438,-13.5625,5.812234878540039,-10.906574249267578,
44.418,-24.1875,-24.181659698486328,-26.516246795654297,-14.0625,5.290632724761963,-11.287158966064453,
44.428,-24,-24.054697036743164,-26.27763557434082,-14.5,4.742678165435791,-11.68720531463623,
44.438,-23.8125,-23.861309051513672,-25.991947174072266,-14.8125,4.1566162109375,-12.104584693908691,
44.448,-23.625,-23.715129852294922,-25.752962112426758,-15.0625,3.6432886123657227,-12.422511100769043,
44.458,-23.5,-23.867685317993164,-25.77843475341797,-15.25,3.2708780765533447,-12.557141304016113,
44.468,-23.3125,-23.867685317993164,-25.77843475341797,-15.5,3.2708780765533447,-12.557141304016113,
44.478,-23.25,-23.87912368774414,-25.607946395874023,-15.6875,2.458810567855835,-12.865032196044922,
44.488,-23.1875,-23.83135223388672,-25.49709129333496,-15.75,2.007981061935425,-13.059430122375488,
44.498,-23.1875,-23.83135223388672,-25.49709129333496,-15.8125,2.007981061935425,-13.059430122375488,
44.508,-23.1875,-23.877567291259766,-25.481645584106445,-15.75,1.6963448524475098,-13.095853805541992,
44.518,-23.25,-24.003087997436523,-25.553468704223633,-15.625,1.4868863821029663,-13.006758689880371,
44.528,-23.3125,-24.279438018798828,-25.723873138427734,-15.4375,1.301265001296997,-12.63593864440918,
44.538,-23.4375,-24.3426570892334,-25.763870239257812,-15.125,1.2584699392318726,-12.400056838989258,
44.548,-23.5625,-24.3426570892334,-25.763870239257812,-14.8125,1.2584699392318726,-12.400056838989258,
44.558,-23.6875,-24.35569190979004,-25.757478713989258,-14.375,1.2884001731872559,-12.087597846984863,
44.568,-23.8125,-24.67795753479004,-26.003557205200195,-14,1.4217798709869385,-11.677362442016602,
44.578,-24,-25.103328704833984,-26.335800170898438,-13.625,1.7201275825500488,-10.810220718383789,
44.588,-24.125,-25.23197364807129,-26.335800170898438,-13.1875,1.8226139545440674,-10.810220718383789,
44.598,-24.3125,-25.23197364807129,-26.43614959716797,-12.875,1.8226139545440674,-10.418089866638184,
44.608,-24.4375,-25.371135711669922,-26.547258377075195,-12.5625,1.8470057249069214,-10.072924613952637,
44.618,-24.5625,-25.53473472595215,-26.683879852294922,-12.25,1.826002597808838,-9.76827621459961,
44.628,-24.6875,-25.8499813079834,-26.838895797729492,-12.0625,1.7276583909988403,-9.225638389587402,
44.638,-24.6875,-25.96155548095703,-27.04497718811035,-12.0625,1.649917483329773,-8.98367977142334,
44.648,-24.8125,-25.96155548095703,-27.04497718811035,-11.8125,1.649917483329773,-8.98367977142334,
44.658,-24.9375,-26.01116180419922,-27.09556770324707,-11.375,1.498282551765442,-8.812068939208984,
44.668,-25,-26.073474884033203,-27.148223876953125,-11.1875,1.3638148307800293,-8.640571594238281,
44.678,-25.0625,-26.13421058654785,-27.193798065185547,-10.9375,1.183454155921936,-8.215475082397461,
44.688,-25.0625,-26.13089370727539,-27.1828670501709,-10.9375,1.1012732982635498,-8.003042221069336,
44.698,-25.1875,-26.13089370727539,-27.1828670501709,-10.6875,1.1012732982635498,-8.003042221069336,
44.708,-25.4375,-26.254667282104492,-27.277507781982422,-10.0625,1.1151858568191528,-7.687434673309326,
44.718,-25.625,-26.408788681030273,-27.417694091796875,-9.6875,1.1583213806152344,-7.3206963539123535,
44.728,-25.75,-26.75080680847168,-27.7420654296875,-9.25,1.2323333024978638,-6.557541370391846,
44.738,-25.75,-26.827850341796875,-27.83465576171875,-9.25,1.2399109601974487,-6.183714389801025,
44.748,-25.875,-26.827850341796875,-27.83465576171875,-8.8125,1.2399109601974487,-6.183714389801025,
44.758,-26.0625,-26.84942626953125,-27.888856887817383,-7.75,1.305123209953308,-5.707095146179199,
44.768,-26.125,-26.852874755859375,-27.925079345703125,-7.125,1.4368680715560913,-5.142922878265381,
44.778,-26.1875,-26.937644958496094,-28.03944206237793,-6.5,1.6955434083938599,-3.9817492961883545,
44.788,-26.1875,-27.00032615661621,-28.10732650756836,-6.5,1.8968570232391357,-3.3169970512390137,
44.798,-26.25,-27.00032615661621,-28.10732650756836,-5.8125,1.8968570232391357,-3.3169970512390137,
44.808,-26.4375,-27.028255462646484,-28.14912223815918,-4.25,2.133735179901123,-2.5799243450164795,
44.818,-26.4375,-27.043058395385742,-28.173261642456055,-3.375,2.3991222381591797,-1.7821600437164307,
44.828,-26.5,-27.080638885498047,-28.196495056152344,-2.5,2.960879325866699,-0.09538821876049042,
44.838,-26.5,-27.0950984954834,-28.185379028320312,-2.5,3.2679390907287598,0.7856132984161377,
44.848,-26.5625,-27.0950984954834,-28.185379028320312,-1.5625,3.2679390907287598,0.7856132984161377,
44.858,-26.625,-27.145620346069336,-28.185115814208984,0.1875,3.549262762069702,1.663609504699707,
44.868,-26.6875,-27.19099998474121,-28.168739318847656,1.125,3.8676211833953857,2.6010074615478516,
44.878,-26.6875,-27.355300903320312,-28.163372039794922,2.0625,4.456693172454834,4.451496601104736,
44.888,-26.6875,-27.462650299072266,-28.153474807739258,2.0625,4.720568656921387,5.350263595581055,
44.898,-26.75,-27.462650299072266,-28.153474807739258,3.0625,4.720568656921387,5.350263595581055,
44.908,-26.6875,-27.55538558959961,-28.124881744384766,5.125,5.035188674926758,6.314030647277832,
44.918,-26.5,-27.48645782470703,-27.9453125,6.1875,5.416278839111328,7.343293190002441,
44.928,-26.3125,-27.53313636779785,-27.647125244140625,7.3125,6.216416835784912,9.439383506774902,
44.938,-26.3125,-27.5063419342041,-27.42972755432129,7.3125,6.64781379699707,10.508111000061035,
44.948,-26.125,-27.5063419342041,-27.42972755432129,8.375,6.64781379699707,10.508111000061035,
44.958,-25.4375,-27.37885856628418,-27.091880798339844,10.5625,7.02928352355957,11.55886459350586,
44.968,-25.0625,-27.274988174438477,-26.72627830505371,11.6875,7.381931781768799,12.595473289489746,
44.978,-24.5625,-27.104576110839844,-25.93227195739746,12.875,8.207795143127441,14.777798652648926,
44.988,-24.5625,-26.96336555480957,-25.443161010742188,12.875,8.638998031616211,15.873233795166016,
44.998,-24,-26.96336555480957,-25.443161010742188,14.0625,8.638998031616211,15.873233795166016,
45.008,-22.625,-26.679828643798828,-24.810606002807617,16.4375,9.111685752868652,16.988813400268555,
45.018,-21.75,-26.3157958984375,-24.071083068847656,17.625,9.652704238891602,18.14208221435547,
45.028,-20.8125,-25.261959075927734,-22.22201919555664,18.8125,10.860060691833496,20.422821044921875,
45.038,-20.8125,-25.261959075927734,-22.22201919555664,18.8125,11.425810813903809,20.422821044921875,
45.048,-19.8125,-24.72637367248535,-21.255268096923828,19.9375,11.425810813903809,21.457643508911133,
45.058,-17.5,-24.071826934814453,-20.197776794433594,22.1875,12.054121971130371,22.475017547607422,
45.068,-16.3125,-23.373760223388672,-19.090478897094727,23.1875,12.79723072052002,23.574411392211914,
45.078,-15,-21.90799331665039,-16.751415252685547,24.0625,14.270411491394043,25.640804290771484,
45.088,-15,-21.90799331665039,-16.751415252685547,24.0625,14.829554557800293,25.640804290771484,
45.098,-13.5625,-21.041378021240234,-15.464920043945312,24.875,14.829554557800293,26.436752319335938,
45.108,-10.6875,-19.9781436920166,-14.02018928527832,26.1875,15.22217845916748,27.028779983520508,
45.118,-9.125,-18.92896842956543,-12.565898895263672,26.75,15.67555046081543,27.623550415039062,
45.128,-7.625,-16.836910247802734,-11.122298240661621,27.25,16.676164627075195,28.81980323791504,
45.138,-7.625,-16.836910247802734,-9.630411148071289,27.25,17.122312545776367,28.81980323791504,
45.148,-6.0625,-15.77940845489502,-8.147451400756836,27.6875,17.122312545776367,29.31901741027832,
45.158,-2.9375,-14.652216911315918,-6.60493803024292,28.3125,17.539669036865234,29.768938064575195,
45.168,-1.3125,-13.559220314025879,-5.08083963394165,28.4375,17.852176666259766,30.10601806640625,
45.178,0.1875,-12.426090240478516,-3.526017665863037,28.4375,18.167715072631836,30.289596557617188,
45.188,0.1875,-11.302486419677734,-1.980023741722107,28.4375,18.167715072631836,30.39611053466797,
45.198,1.8125,-10.138456344604492,-0.4072387218475342,28.4375,18.263845443725586,30.432083129882812,
45.208,4.9375,-9.021736145019531,1.1322269439697266,28.25,18.301097869873047,30.372800827026367,
45.218,6.5,-7.909592628479004,2.65881085395813,28.0625,18.33645248413086,30.282535552978516,
45.228,8.0625,-6.7153120040893555,4.2457051277160645,27.75,18.411930084228516,30.218807220458984,
45.238,8.0625,-5.552943229675293,5.798056602478027,27.75,18.444772720336914,30.097806930541992,
45.248,9.5625,-4.399143695831299,7.341191291809082,27.375,18.373292922973633,29.85211944580078,
45.258,12.5,-3.291508436203003,8.832902908325195,26.25,18.121145248413086,29.4025821685791,
45.268,13.9375,-2.2170586585998535,10.27662467956543,25.5625,17.82417106628418,28.88248062133789,
45.278,15.375,-1.12877357006073,11.713422775268555,24.875,17.52513313293457,28.322099685668945,
45.288,15.375,-0.04000014066696167,13.132814407348633,24.875,17.217945098876953,27.71930503845215,
45.298,16.75,1.0882904529571533,14.57085132598877,24.0625,16.88762664794922,27.063657760620117,
45.308,19.375,2.2143166065216064,15.9859619140625,22.3125,16.561813354492188,26.384031295776367,
45.318,20.625,3.310518980026245,17.3577938079834,21.25,16.17342758178711,25.61931610107422,
45.328,21.75,4.3526105880737305,18.667142868041992,20.125,15.668281555175781,24.71839141845703,
45.338,21.75,5.316858291625977,19.882598876953125,20.125,15.100991249084473,23.723533630371094,
45.348,22.8125,6.247738361358643,21.03541374206543,18.875,14.455741882324219,22.6163387298584,
45.358,24.875,7.124589920043945,22.105865478515625,16.25,13.738516807556152,21.396244049072266,
45.368,25.8125,8.002799034118652,23.140949249267578,14.875,13.040811538696289,20.150468826293945,
45.378,26.6875,8.925865173339844,24.176881790161133,13.4375,12.37441349029541,18.905502319335938,
45.388,26.6875,9.920564651489258,25.241689682006836,13.4375,11.698552131652832,17.625030517578125,
45.398,27.5,10.90041732788086,26.265941619873047,11.9375,11.009283065795898,16.29646873474121,
45.408,28.75,11.784152030944824,27.18065643310547,8.8125,10.274145126342773,14.890610694885254,
45.418,29.125,12.510944366455078,27.92870330810547,7.125,9.457149505615234,13.38231086730957,
45.428,29.4375,13.086508750915527,28.495847702026367,5.4375,8.611218452453613,11.825601577758789,
45.438,29.4375,13.554548263549805,28.920129776000977,5.4375,7.746737003326416,10.233715057373047,
45.448,29.5625,13.995396614074707,29.27007293701172,3.75,6.866812229156494,8.617205619812012,
45.458,29.8125,14.34991455078125,29.48586082458496,0.375,5.956588268280029,6.963261604309082,
45.468,29.8125,14.668025970458984,29.610443115234375,-1,5.013502597808838,5.251339435577393,
45.478,29.8125,15.12999153137207,29.817340850830078,-2.4375,4.168041706085205,3.671236038208008,
45.488,29.8125,15.732104301452637,30.099132537841797,-2.4375,3.3822693824768066,2.194469451904297,
45.498,29.625,16.20163917541504,30.259784698486328,-3.75,2.683910846710205,0.8494368195533752,
45.508,29.1875,16.450422286987305,30.189001083374023,-6.125,1.9951589107513428,-0.42200204730033875,
45.518,29,16.55799674987793,29.95693016052246,-7.1875,1.3326232433319092,-1.6181753873825073,
45.528,28.8125,16.692201614379883,29.722957611083984,-8.1875,0.6481402516365051,-2.774869441986084,
45.538,28.8125,16.915931701660156,29.55018424987793,-8.1875,0.009682655334472656,-3.836554765701294,
45.548,28.625,17.248870849609375,29.468059539794922,-9,-0.5361595153808594,-4.769447326660156,
45.558,28.1875,17.653709411621094,29.452491760253906,-10.3125,-1.0650814771652222,-5.644917964935303,
45.568,27.9375,17.85659408569336,29.27044677734375,-10.75,-1.6207706928253174,-6.503567218780518,
45.578,27.6875,18.048927307128906,29.075258255004883,-11.1875,-2.063894748687744,-7.227390766143799,
45.588,27.6875,18.12503433227539,28.774059295654297,-11.1875,-2.303424835205078,-7.7222394943237305,
45.598,27.4375,18.251386642456055,28.5062255859375,-11.5625,-2.436920404434204,-8.109540939331055,
45.608,27.25,18.40336036682129,28.25125503540039,-11.9375,-2.5261847972869873,-8.467041969299316,
45.618,27.125,18.687623977661133,28.099639892578125,-12.3125,-2.6094970703125,-8.837249755859375,
45.628,27,18.995922088623047,27.9770565032959,-12.6875,-2.807697296142578,-9.330911636352539,
45.638,26.8125,19.293603897094727,27.847614288330078,-13.125,-3.012941837310791,-9.842247009277344,
45.648,26.5625,19.64361000061035,27.755050659179688,-13.5625,-3.1826236248016357,-10.32691764831543,
45.658,26.3125,19.87721824645996,27.56397247314453,-14.0625,-3.4229307174682617,-10.874497413635254,
45.668,26.0625,20.151378631591797,27.394819259643555,-14.5625,-3.689457654953003,-11.44851016998291,
45.678,25.6875,20.231983184814453,27.06204605102539,-15.125,-3.8922977447509766,-11.93356704711914,
45.688,25.3125,20.475547790527344,26.841075897216797,-15.6875,-4.062780857086182,-12.41787052154541,
45.698,24.75,20.339365005493164,26.305620193481445,-16.3125,-4.364493370056152,-13.046734809875488,
45.708,24.0625,20.356006622314453,25.85520362854004,-17,-4.679494380950928,-13.717752456665039,
45.718,23.3125,20.20701026916504,25.23293685913086,-17.75,-5.105687141418457,-14.517298698425293,
45.728,22.375,19.88734245300293,24.424278259277344,-18.5,-5.622958660125732,-15.414764404296875,
45.738,21.375,19.537153244018555,23.55478858947754,-19.3125,-6.09168815612793,-16.23823356628418,
45.748,20.3125,19.17970848083496,22.634193420410156,-20.1875,-6.576948642730713,-17.058862686157227,
45.758,19.1875,18.877609252929688,21.724613189697266,-21.0625,-7.189435958862305,-17.976680755615234,
45.768,18.0625,18.434303283691406,20.66998291015625,-22,-7.941265106201172,-19.001489639282227,
45.778,16.875,18.011579513549805,19.598726272583008,-22.9375,-8.672632217407227,-19.962970733642578,
45.788,15.75,17.589799880981445,18.513046264648438,-23.9375,-9.485611915588379,-20.957033157348633,
45.798,14.6875,17.170141220092773,17.413843154907227,-24.9375,-10.425811767578125,-22.022483825683594,
45.808,13.5,16.84308433532715,16.41143035888672,-25.875,-11.293039321899414,-22.99925994873047,
45.818,12.25,16.54361915588379,15.45322322845459,-26.5625,-12.119983673095703,-23.94388198852539,
45.828,10.9375,16.005338668823242,14.32294750213623,-27.0625,-12.893366813659668,-24.79172134399414,
45.838,9.5625,15.451516151428223,13.208856582641602,-27.375,-13.574170112609863,-25.505260467529297,
45.848,8.125,14.603840827941895,11.867676734924316,-27.5625,-13.910932540893555,-25.80923080444336,
45.858,6.6875,13.51280403137207,10.33800983428955,-27.6875,-14.082940101623535,-25.878944396972656,
45.868,5.25,12.489328384399414,8.861922264099121,-27.875,-14.263154983520508,-25.884294509887695,
45.878,3.8125,11.466838836669922,7.398042678833008,-28.0625,-14.582884788513184,-25.998027801513672,
45.888,2.4375,10.70252799987793,6.150371074676514,-28.25,-15.217090606689453,-26.403675079345703,
45.898,1.125,9.870063781738281,4.8600006103515625,-28.5,-15.848278045654297,-26.799962997436523,
45.908,-0.125,9.04175090789795,3.5898284912109375,-28.5625,-16.2539005279541,-26.998716354370117,
45.918,-1.375,8.150895118713379,2.293959379196167,-28.4375,-16.583415985107422,-27.123464584350586,
45.928,-2.5625,7.364153861999512,1.1096984148025513,-28.25,-16.85344886779785,-27.190967559814453,
45.938,-3.75,6.634406089782715,-0.0014057382941246033,-27.9375,-17.019556045532227,-27.137889862060547,
45.948,-4.875,5.7984466552734375,-1.1873031854629517,-27.5625,-16.890047073364258,-26.740276336669922,
45.958,-5.9375,4.992852687835693,-2.3335559368133545,-27.25,-16.752592086791992,-26.282609939575195,
45.968,-7,4.175095081329346,-3.4600155353546143,-26.9375,-16.740428924560547,-25.93250846862793,
45.978,-8.0625,3.488985776901245,-4.459977626800537,-26.6875,-16.962697982788086,-25.809940338134766,
45.988,-9.0625,2.7890052795410156,-5.452624797821045,-26.5,-17.27689552307129,-25.755935668945312,
45.998,-10,2.132791519165039,-6.393636226654053,-26.25,-17.47882080078125,-25.611812591552734,
46.008,-10.9375,1.3846863508224487,-7.382411003112793,-25.9375,-17.585424423217773,-25.383411407470703,
46.018,-11.875,0.6241400241851807,-8.35616683959961,-25.5625,-17.686676025390625,-25.164583206176758,
46.028,-12.75,-0.057231605052948,-9.237264633178711,-25.0625,-17.718141555786133,-24.881025314331055,
46.038,-13.625,-0.7221580743789673,-10.08680534362793,-24.5625,-17.607149124145508,-24.446521759033203,
46.048,-14.4375,-1.4194990396499634,-10.94863224029541,-24.0625,-17.4539737701416,-23.926509857177734,
46.058,-15.25,-2.1401479244232178,-11.811396598815918,-23.5625,-17.324670791625977,-23.42423439025879,
46.068,-16,-2.8605103492736816,-12.654576301574707,-23.125,-17.260120391845703,-22.98300552368164,
46.078,-16.6875,-3.4654810428619385,-13.390350341796875,-22.6875,-17.29694938659668,-22.636327743530273,
46.088,-17.375,-4.038320064544678,-14.083627700805664,-22.1875,-17.312673568725586,-22.274494171142578,
46.098,-18,-4.59027624130249,-14.744386672973633,-21.6875,-17.228551864624023,-21.828041076660156,
46.108,-18.5625,-5.172004222869873,-15.408154487609863,-21.125,-17.112884521484375,-21.349023818969727,
46.118,-19.0625,-5.725915431976318,-16.025527954101562,-20.5625,-16.973800659179688,-20.853954315185547,
46.128,-19.625,-6.224632263183594,-16.574386596679688,-20,-16.82079315185547,-20.343900680541992,
46.138,-20.0625,-6.655331134796143,-17.0526065826416,-19.4375,-16.68061065673828,-19.82598304748535,
46.148,-20.5625,-7.148976802825928,-17.5664005279541,-18.9375,-16.543533325195312,-19.30744171142578,
46.158,-21,-7.697506427764893,-18.109521865844727,-18.4375,-16.41851806640625,-18.809831619262695,
46.168,-21.4375,-8.233256340026855,-18.631946563720703,-18,-16.347244262695312,-18.372173309326172,
46.178,-21.875,-8.691178321838379,-19.07463836669922,-17.5,-16.332944869995117,-18.008745193481445,
46.188,-22.25,-9.115592002868652,-19.478307723999023,-17,-16.21387481689453,-17.56496810913086,
46.198,-22.5625,-9.56934928894043,-19.891979217529297,-16.5,-16.063398361206055,-17.093963623046875,
46.208,-22.875,-10.023880958557129,-20.292583465576172,-16,-15.875665664672852,-16.591529846191406,
46.218,-23.1875,-10.428224563598633,-20.634382247924805,-15.4375,-15.682995796203613,-16.090045928955078,
46.228,-23.4375,-10.803607940673828,-20.943025588989258,-15,-15.517926216125488,-15.612300872802734,
46.238,-23.6875,-11.14175033569336,-21.2130069732666,-14.5625,-15.39348316192627,-15.15884017944336,
46.248,-24,-11.57258415222168,-21.550952911376953,-14.125,-15.278014183044434,-14.742420196533203,
46.258,-24.25,-12.010293960571289,-21.89384651184082,-13.6875,-15.199554443359375,-14.365737915039062,
46.268,-24.4375,-12.423931121826172,-22.219335556030273,-13.1875,-15.136509895324707,-14.00784683227539,
46.278,-24.6875,-12.851476669311523,-22.554845809936523,-12.625,-14.91037368774414,-13.503939628601074,
46.288,-24.9375,-13.225987434387207,-22.862003326416016,-11.9375,-14.635740280151367,-12.9346342086792,
46.298,-25.125,-13.517355918884277,-23.11838150024414,-11.125,-14.342752456665039,-12.310287475585938,
46.308,-25.3125,-13.878985404968262,-23.4410343170166,-10.1875,-13.961567878723145,-11.566959381103516,
46.318,-25.5,-14.207590103149414,-23.749629974365234,-9.125,-13.442527770996094,-10.641337394714355,
46.328,-25.6875,-14.513200759887695,-24.04625129699707,-7.9375,-12.871734619140625,-9.595735549926758,
46.338,-25.8125,-14.742146492004395,-24.280481338500977,-6.625,-12.256199836730957,-8.455547332763672,
46.348,-25.875,-14.958476066589355,-24.497661590576172,-5.1875,-11.5474853515625,-7.169350624084473,
46.358,-25.8125,-15.11842155456543,-24.656211853027344,-3.75,-10.871532440185547,-5.835574626922607,
46.368,-25.75,-15.264532089233398,-24.77170753479004,-2.125,-10.140326499938965,-4.4088544845581055,
46.378,-25.5625,-15.3253812789917,-24.782766342163086,-0.4375,-9.368582725524902,-2.8994970321655273,
46.388,-25.3125,-15.371960639953613,-24.739112854003906,1.1875,-8.625378608703613,-1.3654115200042725,
46.398,-25,-15.3721923828125,-24.610977172851562,2.9375,-7.884183406829834,0.19921261072158813,
46.408,-24.5625,-15.370889663696289,-24.42811393737793,4.625,-6.955737113952637,1.9675397872924805,
46.418,-24.0625,-15.246728897094727,-24.081005096435547,6.25,-6.113827705383301,3.6789116859436035,
46.428,-23.5,-15.043959617614746,-23.596731185913086,7.8125,-5.46160364151001,5.169705390930176,
46.438,-22.9375,-14.95585823059082,-23.154386520385742,9.4375,-4.718798637390137,6.647635459899902,
46.448,-22.3125,-14.874094009399414,-22.679203033447266,11,-3.9753634929656982,8.105586051940918,
46.458,-21.6875,-14.791703224182129,-22.1563663482666,12.5625,-3.275768995285034,9.487010955810547,
46.468,-21,-14.733710289001465,-21.62571144104004,14.0625,-2.3341128826141357,11.043760299682617,
46.478,-20.3125,-14.796710968017578,-21.155160903930664,15.6875,-1.381824016571045,12.543476104736328,
46.488,-19.5,-14.721305847167969,-20.544193267822266,17.1875,-0.4839503765106201,13.974764823913574,
46.498,-18.6875,-14.638341903686523,-19.887182235717773,18.75,0.4513699412345886,15.38141918182373,
46.508,-17.75,-14.509665489196777,-19.166664123535156,20.25,1.4110506772994995,16.749120712280273,
46.518,-16.8125,-14.419466018676758,-18.45147132873535,21.6875,2.5099875926971436,18.234968185424805,
46.528,-15.75,-14.237907409667969,-17.627561569213867,23.1875,3.647068500518799,19.695327758789062,
46.538,-14.625,-13.935546875,-16.67276382446289,24.625,4.838187217712402,21.166929244995117,
46.548,-13.375,-13.639695167541504,-15.683917999267578,25.875,6.010811805725098,22.58027458190918,
46.558,-11.9375,-13.237178802490234,-14.636818885803223,26.8125,7.181705474853516,23.97335433959961,
46.568,-10.3125,-12.625844955444336,-13.463022232055664,27.625,8.3195219039917,25.37607765197754,
46.578,-8.625,-11.74478530883789,-12.030147552490234,28.125,8.986726760864258,26.224279403686523,
46.588,-6.8125,-10.615100860595703,-10.396974563598633,28.5,9.427799224853516,26.754375457763672,
46.598,-6.8125,-9.509608268737793,-8.752029418945312,28.5,9.863249778747559,27.195514678955078,
46.608,-3,-8.26449966430664,-6.997974395751953,28.9375,9.740721702575684,27.044130325317383,
46.618,-1.0625,-6.940781116485596,-5.178598880767822,29.125,10.189777374267578,27.403371810913086,
46.628,0.75,-5.705897331237793,-3.4267075061798096,29.4375,10.975973129272461,28.0430850982666,
46.638,2.625,-4.495643615722656,-1.6745984554290771,29.6875,11.367295265197754,28.278108596801758,
46.648,4.5,-3.3109917640686035,0.04215423762798309,29.8125,11.753274917602539,28.475324630737305,
46.658,6.375,-2.1175248622894287,1.7829746007919312,29.8125,12.099747657775879,28.610637664794922,
46.668,8.1875,-0.788011908531189,3.6421968936920166,29.5,12.31567096710205,28.717010498046875,
46.678,9.9375,0.38280361890792847,5.356436252593994,29.0625,12.467280387878418,28.721811294555664,
46.688,11.625,1.3796144723892212,6.941470146179199,28.5,12.496460914611816,28.537622451782227,
46.698,11.625,2.4463601112365723,8.559706687927246,28.5,12.37891960144043,28.136642456054688,
46.708,13.3125,3.5755417346954346,10.213851928710938,27.8125,12.017802238464355,27.46211814880371,
46.718,16.5,4.573471546173096,11.743033409118652,26.25,11.631216049194336,26.713146209716797,
46.728,18.0625,5.523812770843506,13.210991859436035,25.375,11.419453620910645,26.109277725219727,
46.738,19.625,6.49159574508667,14.675504684448242,24.4375,11.262663841247559,25.51846694946289,
46.748,19.625,7.594733238220215,16.222192764282227,24.4375,11.004293441772461,24.784547805786133,
46.758,21,8.594425201416016,17.664304733276367,23.375,10.642376899719238,23.924699783325195,
46.768,23.625,9.428011894226074,18.95339012145996,20.875,10.062161445617676,22.857391357421875,
46.778,24.8125,10.298421859741211,20.2254638671875,19.4375,9.544880867004395,21.794551849365234,
46.788,25.875,11.196574211120605,21.471757888793945,17.875,9.03210163116455,20.69757843017578,
46.798,25.875,12.024850845336914,22.609981536865234,17.875,8.423096656799316,19.450517654418945,
46.808,26.9375,12.698281288146973,23.583850860595703,16.3125,7.610524654388428,17.957143783569336,
46.818,28.75,13.350924491882324,24.50222396850586,12.9375,6.848939418792725,16.46834945678711,
46.828,29.5,14.09174919128418,25.438186645507812,11.125,6.133453369140625,15.011894226074219,
46.838,30.1875,14.846115112304688,26.346799850463867,9.3125,5.429050922393799,13.526883125305176,
46.848,30.1875,15.489886283874512,27.09898567199707,9.3125,4.6359710693359375,11.917497634887695,
46.858,30.6875,16.063339233398438,27.751632690429688,7.4375,3.8061230182647705,10.242915153503418,
46.868,31.375,16.496973037719727,28.240821838378906,3.5,2.9392991065979004,8.52906322479248,
46.878,31.5625,16.91465950012207,28.649625778198242,1.5625,2.073002815246582,6.80312442779541,
46.888,31.625,17.30698585510254,28.978130340576172,-0.375,1.1754909753799438,5.034369945526123,
46.898,31.625,17.70011329650879,29.237207412719727,-0.375,0.25649234652519226,3.238567352294922,
46.908,31.5,17.97395896911621,29.35010528564453,-2.3125,-0.6835789680480957,1.4228684902191162,
46.918,31,18.07868003845215,29.278636932373047,-6.125,-1.6412227153778076,-0.37231969833374023,
46.928,30.5625,18.118757247924805,29.084314346313477,-8,-2.613025665283203,-2.1620826721191406,
46.938,30.0625,18.214004516601562,28.87855339050293,-9.8125,-3.547109842300415,-3.8781638145446777,
46.948,30.0625,18.260679244995117,28.577617645263672,-9.8125,-4.465396881103516,-5.5427069664001465,
46.958,29.5,18.20785140991211,28.156240463256836,-11.5,-5.3963470458984375,-7.183752059936523,
46.968,28.125,18.04989242553711,27.613651275634766,-14.6875,-6.288906574249268,-8.773633003234863,
46.978,27.375,17.9661865234375,27.09589385986328,-16.1875,-7.200776100158691,-10.324355125427246,
46.988,26.5625,17.90345001220703,26.56182289123535,-17.5625,-8.068486213684082,-11.775513648986816,
46.998,26.5625,17.789281845092773,25.950599670410156,-17.5625,-8.894108772277832,-13.1312837600708,
47.008,25.625,17.490318298339844,25.169288635253906,-18.8125,-9.701371192932129,-14.432875633239746,
47.018,23.6875,17.180030822753906,24.37468910217285,-21.125,-10.501692771911621,-15.678991317749023,
47.028,22.75,16.844287872314453,23.549882888793945,-22.125,-11.210918426513672,-16.76249885559082,
47.038,21.75,16.504690170288086,22.726093292236328,-22.9375,-11.892008781433105,-17.747453689575195,
47.048,21.75,16.09474754333496,21.833696365356445,-22.9375,-12.535327911376953,-18.640138626098633,
47.058,20.8125,15.678671836853027,20.930744171142578,-23.6875,-13.149944305419922,-19.48275375366211,
47.068,19.0625,15.349446296691895,20.150203704833984,-24.9375,-13.749706268310547,-20.236448287963867,
47.078,18.3125,15.11688232421875,19.527441024780273,-25.375,-14.278769493103027,-20.8459415435791,
47.088,17.5625,14.842583656311035,18.9669189453125,-25.5625,-14.670950889587402,-21.234325408935547,
47.098,17.5625,14.499406814575195,18.36689567565918,-25.5625,-14.975815773010254,-21.472030639648438,
47.108,17.0625,14.087288856506348,17.78003692626953,-25.5,-15.133296012878418,-21.55290985107422,
47.118,16.375,13.699938774108887,17.301563262939453,-24.75,-15.14356803894043,-21.47698974609375,
47.128,16.25,13.368886947631836,16.930063247680664,-24.3125,-15.111331939697266,-21.26490592956543,
47.138,16.1875,13.281549453735352,16.799442291259766,-23.875,-14.905842781066895,-20.830387115478516,
47.148,16.1875,13.239872932434082,16.729963302612305,-23.875,-14.585470199584961,-20.27277374267578,
47.158,16.1875,13.286164283752441,16.72873878479004,-23.5,-14.333134651184082,-19.755157470703125,
47.168,16,13.224081039428711,16.639881134033203,-23.3125,-14.347335815429688,-19.48523712158203,
47.178,15.875,13.077409744262695,16.471511840820312,-23.4375,-14.537078857421875,-19.38004493713379,
47.188,15.75,12.890053749084473,16.254663467407227,-23.6875,-14.866436958312988,-19.419742584228516,
47.198,15.75,12.653457641601562,15.96441650390625,-23.6875,-15.316142082214355,-19.607467651367188,
47.208,15.6875,12.49299144744873,15.719629287719727,-23.9375,-15.88744068145752,-19.95466423034668,
47.218,15.6875,12.550871849060059,15.639845848083496,-24.625,-16.363908767700195,-20.2341251373291,
47.228,15.75,12.570972442626953,15.51812744140625,-25,-16.873449325561523,-20.567935943603516,
47.238,15.8125,12.721416473388672,15.49691390991211,-25.375,-17.381555557250977,-20.917383193969727,
47.248,15.8125,12.927820205688477,15.521876335144043,-25.375,-17.918394088745117,-21.305198669433594,
47.258,15.9375,13.181578636169434,15.576966285705566,-25.8125,-18.51028060913086,-21.76507568359375,
47.268,16.0625,13.451056480407715,15.658086776733398,-26.5,-19.036462783813477,-22.196622848510742,
47.278,16,13.706293106079102,15.747550010681152,-26.625,-19.472999572753906,-22.564987182617188,
47.288,15.875,13.897004127502441,15.774945259094238,-26.6875,-19.84880828857422,-22.892019271850586,
47.298,15.875,13.944507598876953,15.675172805786133,-26.6875,-20.08934783935547,-23.08209228515625,
47.308,15.6875,13.845366477966309,15.422104835510254,-26.75,-20.13205909729004,-23.078920364379883,
47.318,15.1875,13.645343780517578,15.045900344848633,-27,-20.13437271118164,-23.03398895263672,
47.328,14.9375,13.571157455444336,14.715499877929688,-27.1875,-20.236013412475586,-23.098770141601562,
47.338,14.8125,13.611832618713379,14.447022438049316,-27.375,-20.49466896057129,-23.353609085083008,
47.348,14.8125,13.767251014709473,14.24685001373291,-27.375,-20.761966705322266,-23.63902473449707,
47.358,14.625,13.997462272644043,14.094049453735352,-27.625,-20.9689998626709,-23.884355545043945,
47.368,14.3125,14.187907218933105,13.914310455322266,-27.8125,-21.07184410095215,-24.06620979309082,
47.378,14.1875,14.459070205688477,13.788121223449707,-27.8125,-21.142892837524414,-24.228046417236328,
47.388,14,14.746244430541992,13.663917541503906,-27.9375,-21.169757843017578,-24.34975242614746,
47.398,14,14.942480087280273,13.435636520385742,-27.9375,-21.10955047607422,-24.38302993774414,
47.408,13.75,15.180843353271484,13.199204444885254,-28.0625,-21.036436080932617,-24.417165756225586,
47.418,13,15.401554107666016,12.907084465026855,-28.375,-21.048437118530273,-24.55500030517578,
47.428,12.625,15.66521167755127,12.620138168334961,-28.5,-21.126134872436523,-24.787269592285156,
47.438,12.1875,15.945786476135254,12.30663776397705,-28.625,-21.189260482788086,-25.025129318237305,
47.448,12.1875,16.128015518188477,11.866365432739258,-28.625,-21.202024459838867,-25.216381072998047,
47.458,11.75,16.26291275024414,11.342658042907715,-28.8125,-21.151399612426758,-25.35832977294922,
47.468,11.3125,16.571712493896484,10.89979076385498,-28.875,-21.076372146606445,-25.490137100219727,
47.478,10.625,17.058229446411133,10.559002876281738,-29.125,-21.043567657470703,-25.680360794067383,
47.488,10.375,17.644737243652344,10.278264045715332,-29.1875,-21.06308937072754,-25.939449310302734,
47.498,10.375,18.34396743774414,10.058167457580566,-29.1875,-20.957571029663086,-26.069772720336914,
47.508,10.0625,19.00884437561035,9.833568572998047,-29.25,-20.80406951904297,-26.160871505737305,
47.518,9.5,19.84402847290039,9.744603157043457,-29.3125,-20.668413162231445,-26.254852294921875,
47.528,9.125,20.592531204223633,9.609249114990234,-29.3125,-20.552732467651367,-26.359827041625977,
47.538,8.8125,21.369285583496094,9.51125717163086,-29.25,-20.41267204284668,-26.416728973388672,
47.548,8.8125,21.837120056152344,9.1890287399292,-29.25,-20.24615478515625,-26.440067291259766,
47.558,8.4375,22.25596809387207,8.853559494018555,-29.3125,-20.154138565063477,-26.49028968811035,
47.568,8.125,22.837068557739258,8.670053482055664,-29.3125,-20.1571102142334,-26.61347007751465,
47.578,7.5,23.361289978027344,8.483104705810547,-29.5,-20.235074996948242,-26.798439025878906,
47.588,7.1875,24.000165939331055,8.395562171936035,-29.5625,-20.25102996826172,-26.892377853393555,
47.598,7.1875,24.325904846191406,8.095035552978516,-29.5625,-20.324344635009766,-27.024124145507812,
47.608,6.875,24.74555015563965,7.888479232788086,-29.6875,-20.390748977661133,-27.13978385925293,
47.618,6.1875,25.13858413696289,7.69704008102417,-29.8125,-20.520597457885742,-27.313804626464844,
47.628,5.875,25.541746139526367,7.552464962005615,-29.8125,-20.693601608276367,-27.516687393188477,
47.638,5.5,25.789958953857422,7.303576469421387,-29.8125,-20.77042579650879,-27.61587142944336,
47.648,5.5,26.007644653320312,7.061986923217773,-29.8125,-20.803483963012695,-27.652042388916016,
47.658,5.125,26.046953201293945,6.703519344329834,-29.8125,-20.845848083496094,-27.67985725402832,
47.668,4.75,26.115739822387695,6.395668029785156,-29.75,-20.895402908325195,-27.69685935974121,
47.678,4.375,26.18102264404297,6.107028484344482,-29.6875,-20.976612091064453,-27.72267723083496,
47.688,3.9375,26.161460876464844,5.775489807128906,-29.6875,-21.13153648376465,-27.793203353881836,
47.698,3.625,26.1385440826416,5.452552318572998,-29.75,-21.25787925720215,-27.82163429260254,
47.708,3.25,26.05837631225586,5.1101393699646,-29.75,-21.39920997619629,-27.852031707763672,
47.718,2.875,25.95230484008789,4.772090911865234,-29.8125,-21.6234188079834,-27.95232582092285,
47.728,2.5625,25.85660171508789,4.461408615112305,-29.9375,-21.898147583007812,-28.1001033782959,
47.738,2.1875,25.792509078979492,4.1960625648498535,-30,-22.16876792907715,-28.23451042175293,
47.748,1.8125,25.645198822021484,3.8895928859710693,-30,-22.413410186767578,-28.338024139404297,
47.758,1.5,25.487646102905273,3.5984625816345215,-30.0625,-22.616302490234375,-28.402202606201172,
47.768,1.125,25.274564743041992,3.2859790325164795,-30,-22.83860206604004,-28.485788345336914,
47.778,0.75,25.0181884765625,2.9660940170288086,-30,-23.03118133544922,-28.53352165222168,
47.788,0.4375,24.74079704284668,2.647003173828125,-29.9375,-23.168638229370117,-28.511686325073242,
47.798,0.125,24.421693801879883,2.319359540939331,-29.875,-23.271007537841797,-28.44384765625,
47.808,-0.1875,24.095237731933594,2.008594036102295,-29.8125,-23.421133041381836,-28.412334442138672,
47.818,-0.5,23.721675872802734,1.6795967817306519,-29.75,-23.579973220825195,-28.387617111206055,
47.828,-0.8125,23.315420150756836,1.3432658910751343,-29.75,-23.771595001220703,-28.384174346923828,
47.838,-1.1875,22.909305572509766,1.0310583114624023,-29.6875,-23.95903968811035,-28.370370864868164,
47.848,-1.5,22.491378784179688,0.7251314520835876,-29.6875,-24.13540267944336,-28.34328842163086,
47.858,-1.8125,22.044397354125977,0.4193565249443054,-29.6875,-24.35955047607422,-28.366926193237305,
47.868,-2.125,21.573057174682617,0.1115603968501091,-29.6875,-24.59668731689453,-28.402511596679688,
47.878,-2.4375,21.079570770263672,-0.19358611106872559,-29.6875,-24.814109802246094,-28.424636840820312,
47.888,-2.75,20.567995071411133,-0.49413159489631653,-29.625,-24.995391845703125,-28.410322189331055,
47.898,-3.0625,20.045915603637695,-0.7845242023468018,-29.5625,-25.156923294067383,-28.376230239868164,
47.908,-3.3125,19.516891479492188,-1.0610551834106445,-29.5,-25.311141967773438,-28.340713500976562,
47.918,-3.625,18.919219970703125,-1.3732028007507324,-29.4375,-25.446401596069336,-28.29048728942871,
47.928,-3.875,18.322696685791016,-1.6709370613098145,-29.375,-25.582059860229492,-28.23666763305664,
47.938,-4.1875,17.712902069091797,-1.9604581594467163,-29.3125,-25.696218490600586,-28.163652420043945,
47.948,-4.4375,17.097667694091797,-2.2360916137695312,-29.1875,-25.798261642456055,-28.081947326660156,
47.958,-4.75,16.44515037536621,-2.525714159011841,-29.125,-25.908626556396484,-28.01028823852539,
47.968,-5,15.755465507507324,-2.83268404006958,-29.125,-26.01384925842285,-27.938051223754883,
47.978,-5.3125,15.058945655822754,-3.1333885192871094,-29.0625,-26.13817596435547,-27.885379791259766,
47.988,-5.5625,14.328794479370117,-3.450498104095459,-29,-26.229328155517578,-27.800045013427734,
47.998,-5.75,13.651810646057129,-3.712935447692871,-29,-26.324054718017578,-27.722394943237305,
48.008,-5.875,13.044330596923828,-3.9062235355377197,-29,-26.45195198059082,-27.681068420410156,
48.018,-5.9375,12.46263313293457,-4.053466796875,-28.9375,-26.623920440673828,-27.692975997924805,
48.028,-5.875,11.927032470703125,-4.136168003082275,-29,-26.746122360229492,-27.661449432373047,
48.038,-5.75,11.498618125915527,-4.114012241363525,-29,-26.866939544677734,-27.626508712768555,
48.048,-5.5625,11.089372634887695,-4.0510125160217285,-29,-27.002727508544922,-27.612354278564453,
48.058,-5.375,10.759660720825195,-3.9006967544555664,-29,-27.146970748901367,-27.613100051879883,
48.068,-5.0625,10.495965957641602,-3.681987762451172,-29.0625,-27.32261848449707,-27.648988723754883,
48.078,-4.75,10.256714820861816,-3.433180570602417,-29.125,-27.5263729095459,-27.714889526367188,
48.088,-4.375,10.04541301727295,-3.1482551097869873,-29.1875,-27.680904388427734,-27.73516082763672,
48.098,-3.9375,9.887615203857422,-2.817692518234253,-29.25,-27.823253631591797,-27.743080139160156,
48.108,-3.5625,9.730318069458008,-2.4840619564056396,-29.3125,-27.973554611206055,-27.757631301879883,
48.118,-3.125,9.570582389831543,-2.155872106552124,-29.375,-28.16826629638672,-27.825965881347656,
48.128,-2.75,9.447700500488281,-1.7989407777786255,-29.4375,-28.383718490600586,-27.91254234313965,
48.138,-2.375,9.322392463684082,-1.455946445465088,-29.5,-28.578105926513672,-27.978221893310547,
48.148,-2.0625,9.164183616638184,-1.1515605449676514,-29.5625,-28.73278045654297,-28.011301040649414,
48.158,-1.8125,8.942771911621094,-0.9170359373092651,-29.625,-28.884035110473633,-28.045516967773438,
48.168,-1.5625,8.69165325164795,-0.7243615984916687,-29.625,-29.022979736328125,-28.07264518737793,
48.178,-1.375,8.43618106842041,-0.5587025284767151,-29.625,-29.14217758178711,-28.079063415527344,
48.188,-1.1875,8.15661334991455,-0.43033018708229065,-29.625,-29.24711799621582,-28.067861557006836,
48.198,-1.0625,7.883607387542725,-0.31263405084609985,-29.625,-29.356327056884766,-28.059926986694336,
48.208,-0.9375,7.635457992553711,-0.19240301847457886,-29.625,-29.478471755981445,-28.068849563598633,
48.218,-0.8125,7.361972332000732,-0.10567660629749298,-29.625,-29.620588302612305,-28.103748321533203,
48.228,-0.75,7.076003551483154,-0.042968932539224625,-29.625,-29.732532501220703,-28.1107120513916,
48.238,-0.6875,6.79388427734375,0.006923745386302471,-29.5625,-29.817237854003906,-28.09103012084961,
48.248,-0.5625,6.530171871185303,0.06051415577530861,-29.5625,-29.895959854125977,-28.066879272460938,
48.258,-0.5,6.274363994598389,0.11121871322393417,-29.5,-29.98842430114746,-28.057432174682617,
48.268,-0.4375,6.017058372497559,0.15342161059379578,-29.5,-30.09054183959961,-28.060409545898438,
48.278,-0.375,5.7786545753479,0.20483168959617615,-29.5,-30.19814109802246,-28.06881332397461,
48.288,-0.3125,5.540231227874756,0.25351810455322266,-29.5,-30.28212547302246,-28.054250717163086,
48.298,-0.25,5.301901340484619,0.29968300461769104,-29.4375,-30.361635208129883,-28.039913177490234,
48.308,-0.1875,5.0774030685424805,0.3484516441822052,-29.4375,-30.44579315185547,-28.03364372253418,
48.318,-0.125,4.859567642211914,0.3969326913356781,-29.4375,-30.532258987426758,-28.030677795410156,
48.328,-0.0625,4.636483192443848,0.43437862396240234,-29.4375,-30.61743927001953,-28.027408599853516,
48.338,0,4.40626335144043,0.45385345816612244,-29.375,-30.692392349243164,-28.014680862426758,
48.348,0,4.1669020652771,0.45184123516082764,-29.375,-30.76789093017578,-28.005725860595703,
48.358,-0.0625,3.9129936695098877,0.42732715606689453,-29.375,-30.84894371032715,-28.004329681396484,
48.368,-0.0625,3.6548447608947754,0.3866505026817322,-29.375,-30.92838478088379,-28.00356674194336,
48.378,-0.125,3.3995115756988525,0.3395727574825287,-29.3125,-30.99567985534668,-27.9920654296875,
48.388,-0.1875,3.1450612545013428,0.28399717807769775,-29.3125,-31.059375762939453,-27.97801399230957,
48.398,-0.25,2.880201578140259,0.2136300653219223,-29.3125,-31.12490463256836,-27.96744728088379,
48.408,-0.3125,2.6126222610473633,0.13472767174243927,-29.3125,-31.191972732543945,-27.961149215698242,
48.418,-0.375,2.3392021656036377,0.045433953404426575,-29.25,-31.255874633789062,-27.952072143554688,
48.428,-0.5,2.068845748901367,-0.045768532902002335,-29.25,-31.31654930114746,-27.941511154174805,
48.438,-0.5625,1.8065814971923828,-0.13581430912017822,-29.25,-31.375268936157227,-27.931394577026367,
48.448,-0.6875,1.5366191864013672,-0.23699986934661865,-29.25,-31.437162399291992,-27.926414489746094,
48.458,-0.75,1.2580506801605225,-0.3493462800979614,-29.1875,-31.494037628173828,-27.917327880859375,
48.468,-0.875,0.9765632748603821,-0.47105085849761963,-29.1875,-31.54664421081543,-27.90618896484375,
48.478,-1,0.7026094794273376,-0.5946558713912964,-29.1875,-31.596698760986328,-27.893281936645508,
48.488,-1.125,0.42513737082481384,-0.7279512882232666,-29.1875,-31.644121170043945,-27.878826141357422,
48.498,-1.3125,0.1446128636598587,-0.8737249970436096,-29.125,-31.690650939941406,-27.866233825683594,
48.508,-1.4375,-0.1337774395942688,-1.0270695686340332,-29.125,-31.735376358032227,-27.852407455444336,
48.518,-1.625,-0.4194750487804413,-1.1962298154830933,-29.0625,-31.777055740356445,-27.83762550354004,
48.528,-1.8125,-0.7021231055259705,-1.3728362321853638,-29.0625,-31.804641723632812,-27.808849334716797,
48.538,-2,-0.9882811307907104,-1.5625290870666504,-29,-31.82988166809082,-27.77940559387207,
48.548,-2.25,-1.2903149127960205,-1.7754424810409546,-29,-31.860240936279297,-27.754650115966797,
48.558,-2.5,-1.599481463432312,-2.0033507347106934,-28.9375,-31.888427734375,-27.728618621826172,
48.568,-2.75,-1.9124091863632202,-2.2449190616607666,-28.875,-31.914655685424805,-27.703529357910156,
48.578,-3,-2.2262189388275146,-2.5008864402770996,-28.875,-31.929716110229492,-27.66554832458496,
48.588,-3.3125,-2.5673468112945557,-2.788038492202759,-28.8125,-31.945903778076172,-27.630271911621094,
48.598,-3.625,-2.9022154808044434,-3.0837886333465576,-28.75,-31.949731826782227,-27.581130981445312,
48.608,-3.9375,-3.230029582977295,-3.3776609897613525,-28.6875,-31.953020095825195,-27.530778884887695,
48.618,-4.25,-3.5659358501434326,-3.684616804122925,-28.625,-31.9561710357666,-27.480430603027344,
48.628,-4.625,-3.9103987216949463,-4.011402606964111,-28.5625,-31.949954986572266,-27.420616149902344,
48.638,-4.9375,-4.24764347076416,-4.342433929443359,-28.5,-31.944360733032227,-27.36036491394043,
48.648,-5.3125,-4.594503402709961,-4.684851169586182,-28.375,-31.92974853515625,-27.290124893188477,
48.658,-5.3125,-4.934014320373535,-5.023226737976074,-28.375,-31.914884567260742,-27.218536376953125,
48.668,-5.6875,-5.275096416473389,-5.3636474609375,-28.3125,-31.89381217956543,-27.142160415649414,
48.678,-6.4375,-5.623123645782471,-5.709303855895996,-28.125,-31.867250442504883,-27.061939239501953,
48.688,-6.8125,-5.993887901306152,-6.075864315032959,-28,-31.830904006958008,-26.97138023376465,
48.698,-7.1875,-6.361076831817627,-6.440252780914307,-27.875,-31.792831420898438,-26.877899169921875,
48.708,-7.5625,-6.719741344451904,-6.798489570617676,-27.8125,-31.750459671020508,-26.778705596923828,
48.718,-7.9375,-7.093728542327881,-7.168585777282715,-27.6875,-31.70085906982422,-26.67323875427246,
48.728,-8.3125,-7.45928955078125,-7.530944347381592,-27.5625,-31.650447845458984,-26.567161560058594,
48.738,-8.6875,-7.821257591247559,-7.889110565185547,-27.4375,-31.594074249267578,-26.453876495361328,
48.748,-9.0625,-8.17819881439209,-8.239713668823242,-27.3125,-31.540063858032227,-26.342750549316406,
48.758,-9.0625,-8.533361434936523,-8.58530044555664,-27.3125,-31.4810791015625,-26.226314544677734,
48.768,-9.375,-8.873138427734375,-8.915860176086426,-27.1875,-31.42145347595215,-26.107830047607422,
48.778,-10,-9.194740295410156,-9.224419593811035,-27,-31.36381721496582,-25.99386215209961,
48.788,-10.3125,-9.513655662536621,-9.522371292114258,-26.875,-31.305591583251953,-25.8813419342041,
48.798,-10.625,-9.828569412231445,-9.810746192932129,-26.75,-31.248655319213867,-25.772794723510742,
48.808,-10.625,-10.14331340789795,-10.096024513244629,-26.75,-31.188507080078125,-25.66118812561035,
48.818,-10.875,-10.456987380981445,-10.377646446228027,-26.625,-31.118755340576172,-25.542133331298828,
48.828,-11.4375,-10.751446723937988,-10.640392303466797,-26.375,-31.05314826965332,-25.42705535888672,
48.838,-11.6875,-11.042081832885742,-10.894906044006348,-26.25,-30.987226486206055,-25.31232452392578,
48.848,-11.9375,-11.33519172668457,-11.148014068603516,-26.125,-30.923635482788086,-25.199739456176758,
48.858,-11.9375,-11.624417304992676,-11.396221160888672,-26.125,-30.86142921447754,-25.09038734436035,
48.868,-12.1875,-11.903313636779785,-11.634976387023926,-26,-30.797121047973633,-24.979835510253906,
48.878,-12.625,-12.177779197692871,-11.868379592895508,-25.75,-30.730621337890625,-24.86827850341797,
48.888,-12.875,-12.446263313293457,-12.094401359558105,-25.625,-30.66477394104004,-24.7584228515625,
48.898,-13.0625,-12.709532737731934,-12.311975479125977,-25.5,-30.597341537475586,-24.64887809753418,
48.908,-13.0625,-12.971601486206055,-12.526830673217773,-25.5,-30.529399871826172,-24.53977394104004,
48.918,-13.3125,-13.226821899414062,-12.7358980178833,-25.375,-30.459091186523438,-24.428081512451172,
48.928,-13.6875,-13.468951225280762,-12.93289566040039,-25.1875,-30.394454956054688,-24.323057174682617,
48.938,-13.875,-13.708263397216797,-13.12566089630127,-25.0625,-30.329862594604492,-24.21870994567871,
48.948,-14.0625,-13.946537017822266,-13.317964553833008,-24.9375,-30.264080047607422,-24.11396026611328,
48.958,-14.0625,-14.180974006652832,-13.50609016418457,-24.9375,-30.19331169128418,-24.00482177734375,
48.968,-14.25,-14.41845989227295,-13.695817947387695,-24.8125,-30.12201499938965,-23.896148681640625,
48.978,-14.4375,-14.65821361541748,-13.887774467468262,-24.6875,-30.05074119567871,-23.786556243896484,
48.988,-14.8125,-14.889248847961426,-14.072879791259766,-24.5,-29.99151611328125,-23.686763763427734,
48.998,-15,-15.110766410827637,-14.24959945678711,-24.375,-29.939224243164062,-23.595319747924805,
49.008,-15,-15.332709312438965,-14.425349235534668,-24.375,-29.88432502746582,-23.50368309020996,
49.018,-15.125,-15.547731399536133,-14.596080780029297,-24.3125,-29.831146240234375,-23.413427352905273,
49.028,-15.3125,-15.757640838623047,-14.760498046875,-24.1875,-29.78240966796875,-23.328699111938477,
49.038,-15.625,-15.94924259185791,-14.907020568847656,-24.0625,-29.729263305664062,-23.246471405029297,
49.048,-15.75,-16.135055541992188,-15.044539451599121,-23.9375,-29.67262840270996,-23.16266441345215,
49.058,-15.75,-16.317081451416016,-15.177042961120605,-23.9375,-29.615100860595703,-23.078460693359375,
49.068,-16,-16.507633209228516,-15.31246566772461,-23.75,-29.547882080078125,-22.987850189208984,
49.078,-16.125,-16.697311401367188,-15.446455001831055,-23.6875,-29.48577308654785,-22.903234481811523,
49.088,-16.25,-16.891996383666992,-15.58543872833252,-23.5625,-29.426652908325195,-22.82353401184082,
49.098,-16.375,-17.084535598754883,-15.723296165466309,-23.5,-29.357511520385742,-22.735679626464844,
49.108,-16.375,-17.279705047607422,-15.86486530303955,-23.5,-29.287734985351562,-22.647130966186523,
49.118,-16.5625,-17.475900650024414,-16.00840950012207,-23.375,-29.21522331237793,-22.55692481994629,
49.128,-16.6875,-17.670942306518555,-16.151973724365234,-23.3125,-29.13821792602539,-22.463577270507812,
49.138,-17,-17.861825942993164,-16.29348373413086,-23.0625,-29.061500549316406,-22.36984634399414,
49.148,-17.125,-18.056251525878906,-16.437824249267578,-23,-28.97896385192871,-22.27068519592285,
49.158,-17.125,-18.246681213378906,-16.579586029052734,-23,-28.89502716064453,-22.170841217041016,
49.168,-17.375,-18.436609268188477,-16.718564987182617,-22.75,-28.807161331176758,-22.071155548095703,
49.178,-17.5625,-18.632539749145508,-16.862693786621094,-22.6875,-28.723299026489258,-21.97615623474121,
49.188,-17.6875,-18.827104568481445,-17.004833221435547,-22.5625,-28.637531280517578,-21.880603790283203,
49.198,-17.8125,-19.014955520629883,-17.141111373901367,-22.4375,-28.550493240356445,-21.78464698791504,
49.208,-17.8125,-19.196096420288086,-17.270763397216797,-22.4375,-28.460102081298828,-21.686342239379883,
49.218,-17.9375,-19.370283126831055,-17.39463996887207,-22.375,-28.375240325927734,-21.594615936279297,
49.228,-18.0625,-19.54245948791504,-17.51592254638672,-22.25,-28.294185638427734,-21.508161544799805,
49.238,-18.25,-19.714641571044922,-17.636123657226562,-22.0625,-28.206666946411133,-21.418514251708984,
49.248,-18.375,-19.891218185424805,-17.75840187072754,-22,-28.11056137084961,-21.322769165039062,
49.258,-18.375,-20.068117141723633,-17.879892349243164,-22,-28.01347541809082,-21.226966857910156,
49.268,-18.5,-20.240312576293945,-17.996150970458984,-21.875,-27.91379737854004,-21.131261825561523,
49.278,-18.625,-20.420000076293945,-18.11602020263672,-21.8125,-27.81437873840332,-21.038034439086914,
49.288,-18.875,-20.603015899658203,-18.23642349243164,-21.625,-27.723600387573242,-20.95634651184082,
49.298,-18.9375,-20.785236358642578,-18.353734970092773,-21.5625,-27.637449264526367,-20.883325576782227,
49.308,-18.9375,-20.97110366821289,-18.470691680908203,-21.5625,-27.544904708862305,-20.809072494506836,
49.318,-19.0625,-21.151458740234375,-18.57994842529297,-21.5,-27.457990646362305,-20.744709014892578,
49.328,-19.125,-21.3240966796875,-18.68027687072754,-21.4375,-27.372516632080078,-20.684734344482422,
49.338,-19.3125,-21.49247932434082,-18.774242401123047,-21.3125,-27.28654670715332,-20.62624168395996,
49.348,-19.3125,-21.64689064025879,-18.854249954223633,-21.3125,-27.206022262573242,-20.574838638305664,
49.358,-19.3125,-21.781476974487305,-18.915536880493164,-21.3125,-27.134349822998047,-20.535898208618164,
49.368,-19.375,-21.90682029724121,-18.965564727783203,-21.25,-27.079919815063477,-20.517230987548828,
49.378,-19.375,-22.024959564208984,-19.006851196289062,-21.25,-27.02519416809082,-20.501134872436523,
49.388,-19.4375,-22.133237838745117,-19.03795051574707,-21.25,-26.96977424621582,-20.484966278076172,
49.398,-19.4375,-22.226581573486328,-19.05583953857422,-21.25,-26.91583251953125,-20.47150421142578,
49.408,-19.4375,-22.314422607421875,-19.069494247436523,-21.25,-26.877521514892578,-20.474708557128906,
49.418,-19.4375,-22.39832878112793,-19.08159065246582,-21.25,-26.837661743164062,-20.476154327392578,
49.428,-19.4375,-22.481037139892578,-19.093461990356445,-21.1875,-26.797494888305664,-20.477001190185547,
49.438,-19.4375,-22.56597900390625,-19.109174728393555,-21.1875,-26.744123458862305,-20.46328353881836,
49.448,-19.4375,-22.647964477539062,-19.126462936401367,-21.1875,-26.68766212463379,-20.446388244628906,
49.458,-19.4375,-22.72511863708496,-19.144119262695312,-21.1875,-26.636991500854492,-20.431974411010742,
49.468,-19.4375,-22.791303634643555,-19.156625747680664,-21.1875,-26.588804244995117,-20.41604995727539,
49.478,-19.4375,-22.844820022583008,-19.161779403686523,-21.125,-26.539348602294922,-20.396371841430664,
49.488,-19.375,-22.88597869873047,-19.158273696899414,-21.125,-26.496047973632812,-20.380491256713867,
49.498,-19.375,-22.91341781616211,-19.145057678222656,-21.125,-26.456554412841797,-20.367921829223633,
49.508,-19.375,-22.93975257873535,-19.130353927612305,-21.125,-26.41986083984375,-20.358795166015625,
49.518,-19.3125,-22.963703155517578,-19.113208770751953,-21.125,-26.38331413269043,-20.34916114807129,
49.528,-19.3125,-22.98288917541504,-19.09208106994629,-21.0625,-26.349273681640625,-20.340837478637695,
49.538,-19.1875,-22.9802188873291,-19.05312156677246,-21.125,-26.30821990966797,-20.325336456298828,
49.548,-19.125,-22.976289749145508,-19.012224197387695,-21.125,-26.282514572143555,-20.325984954833984,
49.558,-19.125,-22.97435188293457,-18.970243453979492,-21.125,-26.271207809448242,-20.344961166381836,
49.568,-19.0625,-22.966127395629883,-18.919116973876953,-21.125,-26.268192291259766,-20.37729835510254,
49.578,-19.0625,-22.963237762451172,-18.86962127685547,-21.125,-26.25136947631836,-20.400466918945312,
49.588,-19,-22.978059768676758,-18.833986282348633,-21.1875,-26.218151092529297,-20.41229248046875,
49.598,-19,-23.01152992248535,-18.814266204833984,-21.1875,-26.175582885742188,-20.41744613647461,
49.608,-19,-23.05816078186035,-18.80866050720215,-21.1875,-26.136547088623047,-20.426677703857422,
49.618,-18.9375,-23.104961395263672,-18.805641174316406,-21.1875,-26.097251892089844,-20.434383392333984,
49.628,-18.9375,-23.151044845581055,-18.8043155670166,-21.1875,-26.054954528808594,-20.43671226501465,
49.638,-18.9375,-23.196487426757812,-18.804487228393555,-21.1875,-26.01243782043457,-20.438810348510742,
49.648,-18.9375,-23.242952346801758,-18.80756378173828,-21.1875,-25.97236442565918,-20.443763732910156,
49.658,-18.9375,-23.290367126464844,-18.8131103515625,-21.1875,-25.935514450073242,-20.452865600585938,
49.668,-18.9375,-23.333791732788086,-18.817302703857422,-21.1875,-25.891979217529297,-20.453716278076172,
49.678,-18.9375,-23.36943817138672,-18.81688690185547,-21.1875,-25.84394073486328,-20.448057174682617,
49.688,-18.9375,-23.403493881225586,-18.81587028503418,-21.1875,-25.796756744384766,-20.442487716674805,
49.698,-18.9375,-23.44243812561035,-18.820560455322266,-21.1875,-25.76171875,-20.449939727783203,
49.708,-18.9375,-23.48399543762207,-18.830303192138672,-21.1875,-25.720705032348633,-20.4501895904541,
49.718,-18.9375,-23.534513473510742,-18.849868774414062,-21.125,-25.67815399169922,-20.448030471801758,
49.728,-19,-23.589494705200195,-18.87662124633789,-21.125,-25.624544143676758,-20.43286895751953,
49.738,-19,-23.644821166992188,-18.90765380859375,-21.125,-25.568073272705078,-20.413808822631836,
49.748,-19.0625,-23.7076358795166,-18.948698043823242,-21.0625,-25.513452529907227,-20.39421844482422,
49.758,-19.125,-23.778766632080078,-19.00183868408203,-21.0625,-25.45916748046875,-20.37386131286621,
49.768,-19.1875,-23.85651206970215,-19.06548500061035,-21,-25.388778686523438,-20.334243774414062,
49.778,-19.25,-23.936721801757812,-19.13741683959961,-20.9375,-25.30974578857422,-20.28171157836914,
49.788,-19.375,-24.023204803466797,-19.21985626220703,-20.875,-25.223878860473633,-20.219099044799805,
49.798,-19.4375,-24.110286712646484,-19.30960464477539,-20.8125,-25.13986587524414,-20.1536808013916,
49.808,-19.5,-24.19199562072754,-19.400476455688477,-20.75,-25.062530517578125,-20.088645935058594,
49.818,-19.625,-24.265169143676758,-19.48929786682129,-20.625,-24.97791290283203,-20.01223373413086,
49.828,-19.6875,-24.337392807006836,-19.578845977783203,-20.5625,-24.886796951293945,-19.926183700561523,
49.838,-19.8125,-24.405935287475586,-19.668655395507812,-20.4375,-24.7978572845459,-19.840309143066406,
49.848,-19.875,-24.477582931518555,-19.762001037597656,-20.375,-24.71004867553711,-19.75421905517578,
49.858,-20,-24.54930305480957,-19.857088088989258,-20.25,-24.62131118774414,-19.665584564208984,
49.868,-20.125,-24.627399444580078,-19.957740783691406,-20.125,-24.52186393737793,-19.565168380737305,
49.878,-20.1875,-24.700241088867188,-20.055593490600586,-20.0625,-24.427663803100586,-19.46879768371582,
49.888,-20.3125,-24.77129554748535,-20.151695251464844,-19.9375,-24.336299896240234,-19.376468658447266,
49.898,-20.4375,-24.845136642456055,-20.24921226501465,-19.875,-24.2413330078125,-19.282669067382812,
49.908,-20.5,-24.9172420501709,-20.34408187866211,-19.75,-24.14065170288086,-19.18448829650879,
49.918,-20.625,-24.981443405151367,-20.4304141998291,-19.625,-24.0361270904541,-19.08390235900879,
49.928,-20.6875,-25.045045852661133,-20.512659072875977,-19.5625,-23.934892654418945,-18.988615036010742,
49.938,-20.75,-25.103708267211914,-20.58657455444336,-19.4375,-23.835365295410156,-18.899078369140625,
49.948,-20.875,-25.161893844604492,-20.656003952026367,-19.375,-23.74329376220703,-18.820661544799805,
49.958,-20.9375,-25.212989807128906,-20.714866638183594,-19.3125,-23.656435012817383,-18.751163482666016,
49.968,-20.9375,-25.260562896728516,-20.76653480529785,-19.25,-23.57417869567871,-18.690719604492188,
49.978,-21,-25.304561614990234,-20.812129974365234,-19.1875,-23.493989944458008,-18.636856079101562,
49.988,-21.0625,-25.328723907470703,-20.837055206298828,-19.125,-23.418142318725586,-18.590198516845703,
49.998,-21.0625,-25.35319709777832,-20.85880470275879,-19.125,-23.3383731842041,-18.54429054260254,
50.008,-21.0625,-25.368450164794922,-20.87075424194336,-19.0625,-23.26689338684082,-18.50893211364746,
50.018,-21.125,-25.385839462280273,-20.882593154907227,-19.0625,-23.194448471069336,-18.47474479675293,
50.028,-21.125,-25.407508850097656,-20.897756576538086,-19,-23.122581481933594,-18.44271469116211,
50.038,-21.1875,-25.427820205688477,-20.911184310913086,-18.9375,-23.05195426940918,-18.41309928894043,
50.048,-21.1875,-25.452444076538086,-20.929195404052734,-18.9375,-22.975543975830078,-18.379112243652344,
50.058,-21.25,-25.480989456176758,-20.950759887695312,-18.875,-22.888031005859375,-18.335124969482422,
50.068,-21.25,-25.464195251464844,-20.936134338378906,-18.8125,-22.78035545349121,-18.27204132080078,
50.078,-21.3125,-25.486921310424805,-20.953659057617188,-18.6875,-22.67352294921875,-18.213134765625,
50.088,-21.375,-25.6270751953125,-21.07779884338379,-18.5625,-22.571163177490234,-18.164306640625,
50.098,-21.5625,-25.85679054260254,-21.284042358398438,-18.4375,-22.430906295776367,-18.05618667602539,
50.108,-21.8125,-26.061784744262695,-21.478200912475586,-18.3125,-22.26962661743164,-17.932981491088867,
50.118,-21.9375,-26.2047119140625,-21.642356872558594,-18.0625,-22.051904678344727,-17.758562088012695,
50.128,-22.0625,-26.378328323364258,-21.838712692260742,-17.8125,-21.860904693603516,-17.621360778808594,
50.138,-22.125,-26.403881072998047,-21.923137664794922,-17.4375,-21.592464447021484,-17.403783798217773,
50.148,-22.0625,-26.29470443725586,-21.905513763427734,-16.875,-21.15203857421875,-17.032691955566406,
50.158,-21.875,-26.080631256103516,-21.790170669555664,-16.25,-20.58871841430664,-16.531478881835938,
50.168,-21.625,-25.734376907348633,-21.564586639404297,-15.4375,-19.862049102783203,-15.886526107788086,
50.178,-21.1875,-25.37325096130371,-21.315380096435547,-14.5,-18.976146697998047,-15.110939979553223,
50.188,-20.75,-25.02372169494629,-21.037405014038086,-13.4375,-18.03972816467285,-14.301495552062988,
50.198,-20.25,-24.350513458251953,-20.468463897705078,-12.25,-16.881723403930664,-13.256345748901367,
50.208,-19.6875,-23.598081588745117,-19.841278076171875,-11,-15.567587852478027,-12.084874153137207,
50.218,-19.125,-23.075603485107422,-19.349464416503906,-9.6875,-14.263113021850586,-10.925882339477539,
50.228,-18.5,-22.42684555053711,-18.77500343322754,-8.3125,-12.779834747314453,-9.62061882019043,
50.238,-17.875,-21.77753448486328,-18.183698654174805,-6.875,-11.351445198059082,-8.38212776184082,
50.248,-17.1875,-21.151153564453125,-17.599117279052734,-5.4375,-9.812132835388184,-7.047621726989746,
50.258,-16.4375,-20.37483024597168,-16.884851455688477,-3.9375,-8.151007652282715,-5.6020402908325195,
50.268,-15.5625,-19.52169418334961,-16.1041259765625,-2.4375,-6.459092617034912,-4.139095306396484,
50.278,-14.75,-18.687442779541016,-15.325360298156738,-1,-4.84614372253418,-2.7713937759399414,
50.288,-13.875,-17.78168296813965,-14.488601684570312,0.5,-3.1637892723083496,-1.355610728263855,
50.298,-12.9375,-16.8653621673584,-13.650410652160645,2.0625,-1.4736318588256836,0.061507076025009155,
50.308,-12.0625,-15.993392944335938,-12.83279037475586,3.5625,0.24294957518577576,1.5181434154510498,
50.318,-11.1875,-15.051650047302246,-11.971858024597168,5.1875,2.057206869125366,3.064474582672119,
50.328,-10.375,-14.117030143737793,-11.12063217163086,6.875,3.895613431930542,4.646398067474365,
50.338,-9.5625,-13.259795188903809,-10.34219741821289,8.5,5.696804523468018,6.205822467803955,
50.348,-8.75,-12.374320030212402,-9.557605743408203,10.0625,7.463479995727539,7.746945381164551,
50.358,-8,-11.472105026245117,-8.772542953491211,11.625,9.319390296936035,9.395442008972168,
50.368,-7.3125,-10.618667602539062,-8.045417785644531,13.0625,11.035577774047852,10.930782318115234,
50.378,-6.5625,-9.76757526397705,-7.340961933135986,14.4375,12.634474754333496,12.36782169342041,
50.388,-5.9375,-8.922295570373535,-6.661707878112793,15.6875,14.133711814880371,13.720147132873535,
50.398,-5.25,-8.10658073425293,-6.021864891052246,16.875,15.494149208068848,14.955848693847656,
50.408,-4.625,-7.282349109649658,-5.384811878204346,17.9375,16.713390350341797,16.068828582763672,
50.418,-3.9375,-6.453493118286133,-4.7429656982421875,18.9375,17.840553283691406,17.097700119018555,
50.428,-3.25,-5.629088878631592,-4.099601745605469,19.875,18.875261306762695,18.04186248779297,
50.438,-2.625,-4.789191246032715,-3.4308042526245117,20.75,19.833324432373047,18.921300888061523,
50.448,-1.9375,-3.9689455032348633,-2.7623753547668457,21.625,20.777790069580078,19.793136596679688,
50.458,-1.25,-3.152142286300659,-2.081422805786133,22.5,21.8072566986084,20.76004981994629,
50.468,-0.625,-2.3458046913146973,-1.400038480758667,23.3125,22.750041961669922,21.666427612304688,
50.478,0,-1.596325159072876,-0.7581807971000671,24.0625,23.549190521240234,22.460609436035156,
50.488,0.5625,-0.8698593974113464,-0.1357227861881256,24.6875,24.267475128173828,23.18898582458496,
50.498,1.1875,-0.1600036770105362,0.4723588526248932,25.1875,24.874568939208984,23.814760208129883,
50.508,1.8125,0.5230247378349304,1.0635592937469482,25.6875,25.363248825073242,24.33393096923828,
50.518,2.375,1.21603524684906,1.6656174659729004,26.0625,25.764013290405273,24.769969940185547,
50.528,3,1.9526100158691406,2.3016247749328613,26.375,26.105518341064453,25.141836166381836,
50.538,3.6875,2.6911535263061523,2.950556516647339,26.75,26.385295867919922,25.4483699798584,
50.548,4.3125,3.431025505065918,3.625373363494873,27.0625,26.70557403564453,25.79560089111328,
50.558,4.875,4.077915191650391,4.252835273742676,27.3125,27.008655548095703,26.13844108581543,
50.568,5.375,4.768998146057129,4.929294109344482,27.5625,27.31407356262207,26.495586395263672,
50.578,5.875,5.304661750793457,5.491098403930664,27.6875,27.465469360351562,26.691518783569336,
50.588,6.1875,5.698981761932373,5.949182033538818,27.8125,27.584936141967773,26.857206344604492,
50.598,6.5,5.976114273071289,6.299482822418213,27.9375,27.610702514648438,26.918415069580078,
50.608,6.6875,6.161136627197266,6.573873519897461,28,27.64043617248535,26.984586715698242,
50.618,6.875,6.2905755043029785,6.797840118408203,28.0625,27.683107376098633,27.04633331298828,
50.628,7,6.316765308380127,6.93874979019165,28.125,27.72557830810547,27.102684020996094,
50.638,7.125,6.365450859069824,7.089451789855957,28.1875,27.762876510620117,27.155166625976562,
50.648,7.1875,6.387105464935303,7.222062110900879,28.1875,27.81572151184082,27.23020362854004,
50.658,7.3125,6.4015116691589355,7.3441162109375,28.1875,27.86046600341797,27.293542861938477,
50.668,7.375,6.4159088134765625,7.461060047149658,28.1875,27.904603958129883,27.352121353149414,
50.678,7.5,6.418905258178711,7.566287994384766,28.1875,27.91086196899414,27.377946853637695,
50.688,7.5625,6.379380226135254,7.635120868682861,28.1875,27.884334564208984,27.364261627197266,
50.698,7.5625,6.349788188934326,7.697347640991211,28.1875,27.88014793395996,27.37090492248535,
50.708,7.625,6.319653034210205,7.748712539672852,28.1875,27.89361000061035,27.39483070373535,
50.718,7.625,6.290390491485596,7.798141002655029,28.1875,27.90683937072754,27.420860290527344,
50.728,7.6875,6.259022235870361,7.836672306060791,28.25,27.917530059814453,27.438880920410156,
50.738,7.8125,6.273329734802246,7.9022908210754395,28.375,27.95199966430664,27.470455169677734,
50.748,7.9375,6.310592174530029,7.986618995666504,28.4375,28.024898529052734,27.53972053527832,
50.758,8,6.3551812171936035,8.07650089263916,28.625,28.150981903076172,27.65838623046875,
50.768,8.125,6.404778957366943,8.171224594116211,28.75,28.272645950317383,27.782808303833008,
50.778,8.25,6.457951545715332,8.267244338989258,29,28.409217834472656,27.90973663330078,
50.788,8.3125,6.519371032714844,8.368548393249512,29.25,28.642362594604492,28.11992073059082,
50.798,8.4375,6.577778339385986,8.468047142028809,29.5,28.911550521850586,28.379592895507812,
50.808,8.5,6.62644624710083,8.566154479980469,29.75,29.06635856628418,28.538240432739258,
50.818,8.5,6.643615245819092,8.632389068603516,29.75,29.245372772216797,28.717493057250977,
50.828,8.5625,6.653631687164307,8.693721771240234,29.9375,29.496715545654297,28.974817276000977,
50.838,8.5625,6.65164041519165,8.758828163146973,30.125,29.689647674560547,29.22477149963379,
50.848,8.5625,6.610192775726318,8.783367156982422,30.125,29.7629451751709,29.345369338989258,
50.858,8.5625,6.542230129241943,8.79022216796875,30.1875,29.71695899963379,29.316909790039062,
50.868,8.5625,6.481584072113037,8.798216819763184,30.1875,29.64632797241211,29.25505256652832,
50.878,8.5625,6.38584566116333,8.792098999023438,30.1875,29.605186462402344,29.217283248901367,
50.888,8.4375,6.241887092590332,8.8222074508667,30.25,29.721343994140625,29.28900909423828,
50.898,8.3125,6.018340587615967,8.8209867477417,30.3125,29.861642837524414,29.378116607666016,
50.908,8.0625,5.703823566436768,8.768667221069336,30.375,29.963289260864258,29.42296600341797,
50.918,8.0625,5.411004543304443,8.704236030578613,30.375,30.05562973022461,29.457630157470703,
50.928,7.6875,4.86802864074707,8.473447799682617,30.4375,30.160703659057617,29.487802505493164,
50.938,6.4375,4.016148567199707,8.080249786376953,30.625,30.33723258972168,29.547338485717773,
50.948,5.5625,2.9131929874420166,7.46563720703125,30.75,30.541810989379883,29.62575912475586,
50.958,4.5625,1.670804500579834,6.726827144622803,30.9375,30.828678131103516,29.801420211791992,
50.968,4.5625,0.3582514524459839,5.876540184020996,30.9375,31.120563507080078,29.993797302246094,
50.978,3.375,-1.1228556632995605,4.922963619232178,31.0625,31.37047576904297,30.16407012939453,
50.988,0.75,-2.9525234699249268,3.7132344245910645,31.1875,31.498109817504883,30.260562896728516,
50.998,-0.625,-4.873936176300049,2.389573574066162,31.1875,31.57126235961914,30.33130645751953,
51.008,-2.0625,-6.824371337890625,1.0196601152420044,31.125,31.562944412231445,30.354145050048828,
51.018,-2.0625,-8.800073623657227,-0.3934857249259949,31.125,31.599334716796875,30.429868698120117,
51.028,-3.4375,-10.785879135131836,-1.8367375135421753,31,31.478832244873047,30.410335540771484,
51.038,-6.0625,-12.5740327835083,-3.1535027027130127,30.5,31.14282989501953,30.26285743713379,
51.048,-7.3125,-14.28741455078125,-4.400753021240234,30.1875,30.775867462158203,30.073368072509766,
51.058,-8.5,-16.11725425720215,-5.733823299407959,29.9375,30.293989181518555,29.76207733154297,
51.068,-8.5,-17.779394149780273,-6.931370258331299,29.9375,29.827064514160156,29.485254287719727,
51.078,-9.625,-19.269926071166992,-8.039956092834473,29.5,29.153778076171875,29.081096649169922,
51.088,-11.75,-20.603118896484375,-9.047447204589844,28.6875,28.6876163482666,28.89712905883789,
51.098,-12.75,-22.04589080810547,-10.150409698486328,28.1875,28.089736938476562,28.576841354370117,
51.108,-13.75,-23.279640197753906,-11.12063217163086,27.625,27.28973388671875,28.04739761352539,
51.118,-13.75,-24.473262786865234,-12.058257102966309,27.625,26.341386795043945,27.355133056640625,
51.128,-14.6875,-25.605371475219727,-13.037745475769043,27,25.489351272583008,26.755542755126953,
51.138,-16.5625,-26.659114837646484,-14.005264282226562,25.8125,24.843162536621094,26.350942611694336,
51.148,-17.375,-27.515621185302734,-14.86635971069336,25.125,23.966421127319336,25.69285774230957,
51.158,-18.125,-28.38205337524414,-15.73735237121582,24.25,22.898656845092773,24.8616886138916,
51.168,-18.125,-29.14175796508789,-16.512622833251953,24.25,22.033611297607422,24.21207046508789,
51.178,-18.875,-30.010574340820312,-17.410200119018555,23.25,20.831287384033203,23.25954818725586,
51.188,-20,-30.38532066345215,-17.95711898803711,20.625,19.64679527282715,22.39406394958496,
51.198,-20.3125,-30.681678771972656,-18.465442657470703,19,18.193994522094727,21.213830947875977,
51.208,-20.5625,-31.11324119567871,-19.036468505859375,17.125,16.60097312927246,19.811391830444336,
51.218,-20.5625,-31.361156463623047,-19.492841720581055,17.125,14.76891040802002,18.184410095214844,
51.228,-20.5625,-31.189977645874023,-19.619422912597656,15.125,12.745970726013184,16.332563400268555,
51.238,-20.25,-31.171356201171875,-19.864633560180664,10.8125,10.982909202575684,14.702987670898438,
51.248,-19.9375,-30.635438919067383,-19.698944091796875,8.625,8.7841796875,12.571932792663574,
51.258,-19.5,-30.14495086669922,-19.5339298248291,6.3125,6.641860485076904,10.446072578430176,
51.268,-19.5,-29.58456039428711,-19.304195404052734,6.3125,4.371527671813965,8.180529594421387,
51.278,-18.9375,-28.779407501220703,-18.8559513092041,4,2.2882418632507324,6.06207275390625,
51.288,-17.4375,-27.907155990600586,-18.3223876953125,-0.6875,0.1369221806526184,3.8653621673583984,
51.298,-16.5,-26.88892936706543,-17.64396858215332,-3.1875,-2.0472307205200195,1.5876047611236572,
51.308,-15.375,-25.851308822631836,-16.91219711303711,-5.6875,-4.210038661956787,-0.6512338519096375,
51.318,-15.375,-24.71954345703125,-16.04538345336914,-5.6875,-6.514019966125488,-3.040864944458008,
51.328,-14.25,-23.438993453979492,-15.000588417053223,-8.1875,-8.83070182800293,-5.452693462371826,
51.338,-11.75,-22.045486450195312,-13.794919967651367,-13,-11.094340324401855,-7.819809913635254,
51.348,-10.5625,-20.57032012939453,-12.447098731994629,-15.3125,-13.46281623840332,-10.300798416137695,
51.358,-9.375,-19.41249656677246,-11.28646469116211,-17.4375,-15.670403480529785,-12.638998985290527,
51.368,-9.375,-18.183902740478516,-10.021270751953125,-17.4375,-17.795364379882812,-14.889382362365723,
51.378,-8.25,-17.259550094604492,-8.919612884521484,-19.375,-19.765216827392578,-17.02741050720215,
51.388,-5.5,-16.258134841918945,-7.708880424499512,-22.5625,-21.46397590637207,-18.914493560791016,
51.398,-3.875,-15.24678897857666,-6.421740531921387,-23.6875,-22.86686134338379,-20.51348876953125,
51.408,-2.125,-14.204787254333496,-5.059351921081543,-24.4375,-24.116241455078125,-21.982961654663086,
51.418,-2.125,-13.155658721923828,-3.6285970211029053,-24.4375,-25.00900650024414,-23.104848861694336,
51.428,-0.1875,-11.872015953063965,-1.9810032844543457,-24.8125,-25.56289291381836,-23.87335205078125,
51.438,3.8125,-10.519450187683105,-0.25060638785362244,-24.5625,-25.789724349975586,-24.28839874267578,
51.448,5.875,-9.099318504333496,1.5272057056427002,-24.0625,-25.569629669189453,-24.23480796813965,
51.458,7.9375,-7.513607501983643,3.4161934852600098,-23.375,-25.15949821472168,-23.92438316345215,
51.468,7.9375,-6.019136905670166,5.196667671203613,-23.375,-24.680063247680664,-23.49576759338379,
51.478,9.9375,-4.327709674835205,7.0920000076293945,-22.5625,-24.063526153564453,-22.91926383972168,
51.488,13.875,-2.6423165798187256,8.95180606842041,-20.5,-23.38274574279785,-22.23249053955078,
51.498,15.75,-0.9156181812286377,10.804142951965332,-19.25,-22.5644588470459,-21.395719528198242,
51.508,17.5,0.7881979942321777,12.601936340332031,-17.8125,-21.575918197631836,-20.379117965698242,
51.518,17.5,2.459167003631592,14.340656280517578,-17.8125,-20.501771926879883,-19.276254653930664,
51.528,19.1875,4.049741268157959,15.972929000854492,-16.25,-19.400753021240234,-18.11703872680664,
51.538,22.3125,5.565159797668457,17.495555877685547,-12.625,-18.121171951293945,-16.781719207763672,
51.548,23.6875,7.0811896324157715,18.9818115234375,-10.5,-16.578258514404297,-15.179550170898438,
51.558,25,8.571493148803711,20.400859832763672,-8.1875,-14.8782377243042,-13.416041374206543,
51.568,25,10.016155242919922,21.732593536376953,-8.1875,-13.11427116394043,-11.579562187194824,
51.578,26.25,11.4799165725708,23.04269027709961,-5.75,-11.118401527404785,-9.492633819580078,
51.588,28.3125,12.885590553283691,24.278242111206055,-0.5,-8.989156723022461,-7.231276035308838,
51.598,29.3125,14.221948623657227,25.395090103149414,2.125,-6.870128154754639,-4.931148529052734,
51.608,30,15.632835388183594,26.53252410888672,4.75,-4.645970344543457,-2.4963831901550293,
51.618,30,17.119722366333008,27.72848129272461,4.75,-1.9550209045410156,0.47918885946273804,
51.628,30.0625,17.670560836791992,28.17292594909668,7.0625,-0.06500659883022308,2.7379908561706543,
51.638,29.375,18.16753387451172,28.47916030883789,10.5625,1.8170582056045532,5.016871929168701,
51.648,28.75,18.508686065673828,28.580181121826172,11.875,3.4396557807922363,7.036318778991699,
51.658,28.125,18.490272521972656,28.32215690612793,12.9375,4.798947811126709,8.730998992919922,
51.668,28.125,18.193485260009766,27.7636775970459,12.9375,5.908848762512207,10.166088104248047,
51.678,27.75,17.66229820251465,26.94147491455078,13.875,6.6645965576171875,11.179877281188965,
51.688,27.375,17.6463680267334,26.552879333496094,15.4375,7.354389667510986,12.098272323608398,
51.698,27.375,18.02968406677246,26.550546646118164,15.4375,7.958362579345703,12.918684005737305,
51.708,27.1875,18.427919387817383,26.6092472076416,15.875,8.420525550842285,13.557133674621582,
51.718,26.9375,18.666231155395508,26.57065773010254,16.25,8.835803031921387,14.078842163085938,
51.728,26.6875,18.660078048706055,26.351810455322266,16.5,9.119587898254395,14.388531684875488,
51.738,26.375,18.379520416259766,25.912763595581055,16.8125,9.326570510864258,14.540033340454102,
51.748,26.0625,18.253984451293945,25.598451614379883,17.25,9.669849395751953,14.774445533752441,
51.758,25.75,18.27808380126953,25.409496307373047,17.75,10.198294639587402,15.180998802185059,
51.768,25.375,18.21571922302246,25.166189193725586,18.3125,10.826297760009766,15.67759895324707,
51.778,25,18.02872657775879,24.835233688354492,18.9375,11.539640426635742,16.237741470336914,
51.788,24.5625,17.801166534423828,24.474853515625,19.5,12.330541610717773,16.88079261779785,
51.798,24.0625,17.5863094329834,24.121013641357422,20.0625,13.069772720336914,17.488433837890625,
51.808,23.5625,17.274293899536133,23.683053970336914,20.5625,13.749187469482422,18.047658920288086,
51.818,23.0625,16.94652557373047,23.210384368896484,21,14.410874366760254,18.614839553833008,
51.828,22.625,16.670686721801758,22.763568878173828,21.3125,14.997852325439453,19.14295196533203,
51.838,22.1875,16.303884506225586,22.241676330566406,21.5625,15.349682807922363,19.46143341064453,
51.848,21.875,16.009286880493164,21.781755447387695,21.6875,15.633543968200684,19.720136642456055,
51.858,21.625,15.896796226501465,21.474273681640625,21.6875,15.773191452026367,19.840980529785156,
51.868,21.5,15.939277648925781,21.31005859375,21.6875,15.866364479064941,19.903728485107422,
51.878,21.375,16.031475067138672,21.204307556152344,21.6875,15.90743637084961,19.90523338317871,
51.888,21.375,16.199947357177734,21.17532730102539,21.6875,15.955544471740723,19.892414093017578,
51.898,21.4375,16.399150848388672,21.198762893676758,21.75,16.032764434814453,19.895362854003906,
51.908,21.4375,16.552406311035156,21.205493927001953,21.75,16.12175750732422,19.903491973876953,
51.918,21.375,16.682268142700195,21.196077346801758,21.875,16.232839584350586,19.927719116210938,
51.928,21.375,16.866592407226562,21.230741500854492,21.9375,16.417695999145508,20.021265029907227,
51.938,21.3125,17.024084091186523,21.242338180541992,22.125,16.639911651611328,20.156042098999023,
51.948,21.25,17.111919403076172,21.191612243652344,22.25,16.886648178100586,20.314916610717773,
51.958,21.1875,17.1656494140625,21.107810974121094,22.5,17.14803123474121,20.489248275756836,
51.968,21.1875,17.247377395629883,21.04905128479004,22.6875,17.4201602935791,20.678709030151367,
51.978,21.1875,17.37358856201172,21.02074432373047,22.875,17.688154220581055,20.880578994750977,
51.988,21.25,17.6025447845459,21.065488815307617,23.125,17.9945011138916,21.13820457458496,
51.998,21.3125,17.85555648803711,21.146156311035156,23.3125,18.33220863342285,21.437002182006836,
52.008,21.375,18.06081199645996,21.21185874938965,23.4375,18.534149169921875,21.61423110961914,
52.018,21.4375,18.294292449951172,21.306137084960938,23.5,18.670625686645508,21.729501724243164,
52.028,21.4375,18.525489807128906,21.41219139099121,23.4375,18.742399215698242,21.78830909729004,
52.038,21.375,18.686113357543945,21.468841552734375,23.3125,18.779207229614258,21.802963256835938,
52.048,21.375,18.69179344177246,21.402437210083008,23.1875,18.650171279907227,21.62239646911621,
52.058,21.3125,18.698835372924805,21.333139419555664,23,18.56056785583496,21.451480865478516,
52.068,21.375,18.705169677734375,21.26267433166504,22.9375,18.483308792114258,21.28388786315918,
52.078,21.4375,18.82635498046875,21.279537200927734,22.875,18.50271987915039,21.2063045501709,
52.088,21.5625,19.062084197998047,21.39632225036621,22.875,18.59771156311035,21.20506477355957,
52.098,21.6875,19.33409881591797,21.56218719482422,22.9375,18.73904800415039,21.252595901489258,
52.108,21.75,19.523849487304688,21.680021286010742,22.9375,18.84538459777832,21.275754928588867,
52.118,21.8125,19.67442512512207,21.76801300048828,22.9375,18.94718360900879,21.29553985595703,
52.128,21.875,19.862646102905273,21.893890380859375,22.875,19.02606773376465,21.306716918945312,
52.138,21.875,19.979604721069336,21.961538314819336,22.75,19.052106857299805,21.263092041015625,
52.148,21.875,20.03146743774414,21.969440460205078,22.625,19.02935028076172,21.154109954833984,
52.158,21.875,20.062742233276367,21.948711395263672,22.5,19.027881622314453,21.055259704589844,
52.168,21.9375,20.096847534179688,21.929841995239258,22.4375,18.99353790283203,20.918533325195312,
52.178,22.0625,20.239057540893555,22.000144958496094,22.4375,19.049577713012695,20.871051788330078,
52.188,22.1875,20.42411994934082,22.111692428588867,22.4375,19.1423282623291,20.86986541748047,
52.198,22.3125,20.64866828918457,22.26718521118164,22.375,19.267051696777344,20.913877487182617,
52.208,22.375,20.84807014465332,22.411293029785156,22.3125,19.361774444580078,20.931713104248047,
52.218,22.4375,20.99260902404785,22.51338005065918,22.25,19.39511489868164,20.890365600585938,
52.228,22.4375,21.054420471191406,22.544055938720703,22.125,19.355144500732422,20.779741287231445,
52.238,22.5,21.073877334594727,22.535436630249023,22,19.309677124023438,20.654516220092773,
52.248,22.5,21.142398834228516,22.561447143554688,21.875,19.302810668945312,20.55862808227539,
52.258,22.625,21.23844337463379,22.608287811279297,21.8125,19.283008575439453,20.446910858154297,
52.268,22.6875,21.373458862304688,22.6868896484375,21.75,19.294233322143555,20.3624324798584,
52.278,22.8125,21.53355598449707,22.792720794677734,21.6875,19.355562210083008,20.333850860595703,
52.288,22.9375,21.725107192993164,22.931354522705078,21.6875,19.443157196044922,20.34284210205078,
52.298,23,21.912485122680664,23.075889587402344,21.625,19.49807357788086,20.324382781982422,
52.308,23.0625,22.060152053833008,23.18833351135254,21.5,19.517297744750977,20.270124435424805,
52.318,23.125,22.159107208251953,23.257862091064453,21.375,19.489931106567383,20.172595977783203,
52.328,23.1875,22.192026138305664,23.268117904663086,21.25,19.431528091430664,20.038166046142578,
52.338,23.25,22.234254837036133,23.28173065185547,21.125,19.386493682861328,19.908788681030273,
52.348,23.3125,22.32553482055664,23.33296012878418,21.0625,19.361406326293945,19.7998046875,
52.358,23.375,22.484249114990234,23.441669464111328,21,19.3774356842041,19.732982635498047,
52.368,23.5,22.667797088623047,23.574539184570312,20.9375,19.424406051635742,19.697906494140625,
52.378,23.625,22.842561721801758,23.706995010375977,20.875,19.46112632751465,19.660810470581055,
52.388,23.6875,22.993528366088867,23.82455062866211,20.75,19.4833927154541,19.6148738861084,
52.398,23.75,23.108367919921875,23.913148880004883,20.6875,19.4820613861084,19.547821044921875,
52.408,23.8125,23.202775955200195,23.9826717376709,20.5625,19.446823120117188,19.446273803710938,
52.418,23.875,23.287599563598633,24.03998374938965,20.4375,19.3900089263916,19.320405960083008,
52.428,23.9375,23.350011825561523,24.074508666992188,20.3125,19.341745376586914,19.198360443115234,
52.438,24,23.419143676757812,24.112791061401367,20.1875,19.312583923339844,19.093429565429688,
52.448,24.125,23.53118896484375,24.188207626342773,20.125,19.299951553344727,19.00596046447754,
52.458,24.25,23.714553833007812,24.326017379760742,20.0625,19.31707763671875,18.951730728149414,
52.468,24.3125,23.886964797973633,24.459842681884766,20,19.332128524780273,18.90218734741211,
52.478,24.375,24.034751892089844,24.575305938720703,19.875,19.3410701751709,18.85073471069336,
52.488,24.4375,24.135419845581055,24.653484344482422,19.8125,19.324907302856445,18.774410247802734,
52.498,24.5,24.20513153076172,24.702728271484375,19.6875,19.270645141601562,18.659927368164062,
52.508,24.5625,24.269502639770508,24.744672775268555,19.5625,19.199356079101562,18.528654098510742,
52.518,24.625,24.341291427612305,24.788658142089844,19.4375,19.144750595092773,18.410320281982422,
52.528,24.6875,24.436382293701172,24.851411819458008,19.3125,19.11566925048828,18.316408157348633,
52.538,24.75,24.55352210998535,24.932537078857422,19.25,19.093765258789062,18.232019424438477,
52.548,24.875,24.681079864501953,25.02463150024414,19.1875,19.076574325561523,18.1541805267334,
52.558,24.9375,24.8223934173584,25.131715774536133,19.125,19.074270248413086,18.095443725585938,
52.568,25.0625,24.956533432006836,25.235639572143555,19,19.07016372680664,18.039783477783203,
52.578,25.0625,25.0739803314209,25.325977325439453,18.9375,19.055706024169922,17.97562026977539,
52.588,25.125,25.17339515686035,25.398927688598633,18.8125,19.028663635253906,17.898927688598633,
52.598,25.1875,25.224149703979492,25.428516387939453,18.6875,18.967147827148438,17.78568458557129,
52.608,25.25,25.29287338256836,25.470117568969727,18.625,18.91463279724121,17.68110466003418,
52.618,25.3125,25.378015518188477,25.52483558654785,18.5,18.873851776123047,17.58868980407715,
52.628,25.375,25.46866798400879,25.584659576416016,18.4375,18.83974266052246,17.50519371032715,
52.638,25.4375,25.578136444091797,25.662076950073242,18.3125,18.814083099365234,17.43140411376953,
52.648,25.5,25.691913604736328,25.745952606201172,18.25,18.801292419433594,17.373390197753906,
52.658,25.625,25.793163299560547,25.8199520111084,18.1875,18.768171310424805,17.29879379272461,
52.668,25.625,25.87615394592285,25.87813949584961,18.0625,18.726381301879883,17.2178955078125,
52.678,25.6875,25.95132064819336,25.92861557006836,18,18.681474685668945,17.134464263916016,
52.688,25.75,26.017173767089844,25.969619750976562,17.875,18.635881423950195,17.04987335205078,
52.698,25.8125,26.079675674438477,26.004772186279297,17.8125,18.579404830932617,16.953882217407227,
52.708,25.8125,26.152273178100586,26.0477294921875,17.6875,18.529661178588867,16.86564064025879,
52.718,25.875,26.251056671142578,26.112808227539062,17.625,18.501497268676758,16.801294326782227,
52.728,25.875,26.3477783203125,26.17841911315918,17.625,18.473663330078125,16.740005493164062,
52.738,25.9375,26.450292587280273,26.25002670288086,17.5625,18.452665328979492,16.686046600341797,
52.748,26.0625,26.542076110839844,26.31401824951172,17.4375,18.42275619506836,16.62752914428711,
52.758,26.125,26.6240291595459,26.369213104248047,17.3125,18.38829803466797,16.566404342651367,
52.768,26.125,26.68407440185547,26.40387725830078,17.25,18.343017578125,16.49510955810547,
52.778,26.1875,26.739002227783203,26.433265686035156,17.1875,18.2967586517334,16.42321014404297,
52.788,26.25,26.79493522644043,26.461177825927734,17.125,18.253551483154297,16.35591697692871,
52.798,26.25,26.863182067871094,26.499942779541016,17.0625,18.212648391723633,16.289566040039062,
52.808,26.3125,26.9354248046875,26.541852951049805,17,18.179119110107422,16.231769561767578,
52.818,26.375,27.008623123168945,26.586170196533203,16.9375,18.14838218688965,16.18082618713379,
52.828,26.375,27.087717056274414,26.63559341430664,16.9375,18.120737075805664,16.134052276611328,
52.838,26.375,27.162967681884766,26.682491302490234,16.875,18.09600067138672,16.091007232666016,
52.848,26.4375,27.230379104614258,26.723215103149414,16.75,18.060779571533203,16.04197120666504,
52.858,26.5,27.287628173828125,26.753726959228516,16.6875,18.026121139526367,15.994149208068848,
52.868,26.5,27.330827713012695,26.770551681518555,16.625,17.98422622680664,15.93990421295166,
52.878,26.5,27.37667465209961,26.789823532104492,16.625,17.9406795501709,15.884987831115723,
52.888,26.5,27.42448616027832,26.80975341796875,16.5625,17.898408889770508,15.83158016204834,
52.898,26.5625,27.49158477783203,26.845439910888672,16.5,17.872541427612305,15.794107437133789,
52.908,26.625,27.556642532348633,26.880741119384766,16.5,17.852439880371094,15.765941619873047,
52.918,26.625,27.61831283569336,26.9140682220459,16.4375,17.825407028198242,15.732812881469727,
52.928,26.625,27.67396354675293,26.941890716552734,16.4375,17.803096771240234,15.70499324798584,
52.938,26.6875,27.724946975708008,26.9658260345459,16.375,17.774221420288086,15.6725492477417,
52.948,26.6875,27.76862144470215,26.983314514160156,16.3125,17.744251251220703,15.642121315002441,
52.958,26.6875,27.8109073638916,26.997800827026367,16.3125,17.709203720092773,15.60637378692627,
52.968,26.75,27.852991104125977,27.011503219604492,16.25,17.677934646606445,15.57491397857666,
52.978,26.75,27.894725799560547,27.02574920654297,16.25,17.650775909423828,15.549413681030273,
52.988,26.75,27.940900802612305,27.043752670288086,16.25,17.62689781188965,15.526815414428711,
52.998,26.75,27.991531372070312,27.065391540527344,16.1875,17.606592178344727,15.509407043457031,
53.008,26.8125,28.041015625,27.086153030395508,16.1875,17.589937210083008,15.498467445373535,
53.018,26.8125,28.092090606689453,27.108657836914062,16.1875,17.572904586791992,15.490053176879883,
53.028,26.8125,28.118486404418945,27.109682083129883,16.1875,17.554039001464844,15.479805946350098,
53.038,26.8125,28.13384437561035,27.102130889892578,16.125,17.523122787475586,15.458431243896484,
53.048,26.8125,28.16413688659668,27.105005264282227,16.125,17.49514389038086,15.438894271850586,
53.058,26.8125,28.206146240234375,27.117605209350586,16.125,17.47762107849121,15.4324369430542,
53.068,26.8125,28.239702224731445,27.12314224243164,16.125,17.466812133789062,15.433257102966309,
53.078,26.8125,28.2736873626709,27.130075454711914,16.125,17.454917907714844,15.434144973754883,
53.088,26.8125,28.306861877441406,27.137117385864258,16.125,17.442420959472656,15.434834480285645,
53.098,26.8125,28.337997436523438,27.142173767089844,16.125,17.429290771484375,15.436742782592773,
53.108,26.8125,28.368045806884766,27.146324157714844,16.125,17.41523551940918,15.439640998840332,
53.118,26.8125,28.395599365234375,27.149301528930664,16.125,17.403120040893555,15.443285942077637,
53.128,26.8125,28.41773796081543,27.148406982421875,16.125,17.387990951538086,15.442901611328125,
53.138,26.8125,28.436756134033203,27.14582633972168,16.125,17.3704891204834,15.43744945526123,
53.148,26.8125,28.454330444335938,27.142250061035156,16.125,17.351991653442383,15.431676864624023,
53.158,26.8125,28.485517501831055,27.150352478027344,16.125,17.344749450683594,15.437630653381348,
53.168,26.8125,28.515697479248047,27.15876579284668,16.125,17.335018157958984,15.442387580871582,
53.178,26.8125,28.541933059692383,27.16394805908203,16.125,17.32420539855957,15.445782661437988,
53.188,26.8125,28.561491012573242,27.164644241333008,16.125,17.30698013305664,15.44288158416748,
53.198,26.8125,28.5839786529541,27.167587280273438,16.0625,17.285837173461914,15.435277938842773,
53.208,26.8125,28.607772827148438,27.17240333557129,16.0625,17.268821716308594,15.430948257446289,
53.218,26.875,28.62796974182129,27.174320220947266,16.0625,17.25823402404785,15.433541297912598,
53.228,26.875,28.641998291015625,27.171594619750977,16.0625,17.24706268310547,15.435895919799805,
53.238,26.875,28.661075592041016,27.173757553100586,16.0625,17.228986740112305,15.430390357971191,
53.248,26.875,28.680803298950195,27.17696762084961,16.0625,17.21395492553711,15.428126335144043,
53.258,26.875,28.703290939331055,27.182994842529297,16.0625,17.205547332763672,15.432579040527344,
53.268,26.875,28.723936080932617,27.187679290771484,16.0625,17.196685791015625,15.43674087524414,
53.278,26.875,28.74212646484375,27.19077491760254,16.0625,17.184133529663086,15.437207221984863,
53.288,26.875,28.75417709350586,27.18915557861328,16.0625,17.16610336303711,15.432317733764648,
53.298,26.875,28.765018463134766,27.186912536621094,16.0625,17.14926528930664,15.428547859191895,
53.308,26.875,28.78178596496582,27.190017700195312,16.0625,17.13323974609375,15.424781799316406,
53.318,26.875,28.80062484741211,27.195117950439453,16.0625,17.11959457397461,15.423901557922363,
53.328,26.875,28.817745208740234,27.198410034179688,16.0625,17.103593826293945,15.420493125915527,
53.338,26.875,28.83228874206543,27.200712203979492,16.0625,17.08428192138672,15.414186477661133,
53.348,26.875,28.843902587890625,27.201274871826172,16.0625,17.069395065307617,15.41242790222168,
53.358,26.875,28.85767936706543,27.203975677490234,16.0625,17.055652618408203,15.411422729492188,
53.368,26.875,28.87445831298828,27.209182739257812,16.0625,17.041366577148438,15.409650802612305,
53.378,26.875,28.88711166381836,27.211490631103516,16.0625,17.02528953552246,15.405702590942383,
53.388,26.875,28.89910888671875,27.21312713623047,16,17.00304412841797,15.39522647857666,
53.398,26.875,28.906335830688477,27.211828231811523,16,16.984041213989258,15.387819290161133,
53.408,26.875,28.921052932739258,27.216556549072266,16,16.971914291381836,15.387845993041992,
53.418,26.875,28.93533706665039,27.221094131469727,16,16.959537506103516,15.388056755065918,
53.428,26.875,28.944053649902344,27.221757888793945,16,16.945388793945312,15.386579513549805,
53.438,26.875,28.95650863647461,27.225793838500977,16,16.92900848388672,15.382760047912598,
53.448,26.875,28.965810775756836,27.22780990600586,16,16.90920066833496,15.373944282531738,
53.458,26.875,28.975189208984375,27.23000144958496,16,16.892311096191406,15.369522094726562,
53.468,26.875,28.98459243774414,27.23166847229004,16,16.8776798248291,15.368047714233398,
53.478,26.875,28.99238395690918,27.232776641845703,16,16.864395141601562,15.367016792297363,
53.488,26.875,29.00200080871582,27.235595703125,16,16.84913444519043,15.363567352294922,
53.498,26.875,29.009138107299805,27.237125396728516,16,16.83338165283203,15.360424995422363,
53.508,26.875,29.01613426208496,27.23850440979004,16,16.816951751708984,15.356040000915527,
53.518,26.875,29.02329444885254,27.24028205871582,16,16.800642013549805,15.351926803588867,
53.528,26.875,29.028583526611328,27.241212844848633,16,16.78228187561035,15.345113754272461,
53.538,26.9375,29.032859802246094,27.240800857543945,16,16.7662353515625,15.34072494506836,
53.548,26.9375,29.03959846496582,27.242454528808594,16,16.751096725463867,15.337739944458008,
53.558,26.9375,29.048486709594727,27.24652671813965,16,16.73542022705078,15.333698272705078,
53.568,26.9375,29.055328369140625,27.24908447265625,15.9375,16.72199058532715,15.33145809173584,
53.578,26.9375,29.062292098999023,27.252134323120117,15.9375,16.70728874206543,15.328526496887207,
53.588,26.9375,29.06718635559082,27.253820419311523,15.9375,16.692686080932617,15.325603485107422,
53.598,26.9375,29.071779251098633,27.255361557006836,15.9375,16.677570343017578,15.322333335876465,
53.608,26.9375,29.07770538330078,27.258235931396484,15.9375,16.663766860961914,15.320147514343262,
53.618,26.9375,29.081701278686523,27.25900650024414,15.9375,16.647825241088867,15.316765785217285,
53.628,26.9375,29.086511611938477,27.2616024017334,15.9375,16.633037567138672,15.313407897949219,
53.638,26.9375,29.0938777923584,27.266206741333008,15.9375,16.618947982788086,15.310835838317871,
53.648,26.9375,29.097238540649414,27.26772689819336,15.9375,16.607744216918945,15.311016082763672,
53.658,26.9375,29.102773666381836,27.270830154418945,15.9375,16.597856521606445,15.311868667602539,
53.668,26.9375,29.109516143798828,27.27584457397461,15.9375,16.587968826293945,15.313804626464844,
53.678,26.9375,29.109155654907227,27.275146484375,15.9375,16.571123123168945,15.308425903320312,
53.688,26.9375,29.11332130432129,27.278409957885742,15.9375,16.557422637939453,15.305848121643066,
53.698,26.9375,29.116138458251953,27.280384063720703,15.9375,16.543556213378906,15.30286979675293,
53.708,26.9375,29.119102478027344,27.28253936767578,15.9375,16.52820587158203,15.298336029052734,
53.718,26.9375,29.12103843688965,27.28422737121582,15.9375,16.515316009521484,15.295917510986328,
53.728,26.9375,29.121257781982422,27.28490447998047,15.9375,16.504377365112305,15.295530319213867,
53.738,26.9375,29.120445251464844,27.284982681274414,15.9375,16.493642807006836,15.295921325683594,
53.748,26.9375,29.121885299682617,27.28668212890625,15.9375,16.48339080810547,15.296331405639648,
53.758,26.9375,29.12685775756836,27.2911376953125,15.9375,16.467979431152344,15.292652130126953,
53.768,26.9375,29.129507064819336,27.29398536682129,15.9375,16.453134536743164,15.288481712341309,
53.778,26.9375,29.130428314208984,27.29589080810547,15.9375,16.440895080566406,15.286783218383789,
53.788,26.9375,29.128631591796875,27.296009063720703,15.9375,16.429208755493164,15.285698890686035,
53.798,26.9375,29.126163482666016,27.295156478881836,15.9375,16.417015075683594,15.284282684326172,
53.808,26.9375,29.12729263305664,27.29778289794922,15.9375,16.40373992919922,15.281037330627441,
53.818,26.9375,29.12662696838379,27.298789978027344,15.9375,16.39325523376465,15.280823707580566,
53.828,26.9375,29.1275577545166,27.301116943359375,15.9375,16.384334564208984,15.281888961791992,
53.838,26.9375,29.12495994567871,27.30127716064453,15.9375,16.370710372924805,15.279044151306152,
53.848,26.9375,29.122413635253906,27.301427841186523,15.9375,16.359365463256836,15.278228759765625,
53.858,26.9375,29.12114143371582,27.302553176879883,15.9375,16.347171783447266,15.275823593139648,
53.868,26.9375,29.12179183959961,27.304649353027344,15.9375,16.335216522216797,15.273557662963867,
53.878,26.9375,29.120141983032227,27.3057861328125,15.9375,16.324604034423828,15.273188591003418,
53.888,26.9375,29.121171951293945,27.308977127075195,15.9375,16.314037322998047,15.273268699645996,
53.898,26.9375,29.118675231933594,27.30978775024414,15.9375,16.301847457885742,15.271468162536621,
53.908,26.9375,29.118724822998047,27.312936782836914,15.9375,16.29005241394043,15.26968765258789,
53.918,26.9375,29.1137638092041,27.31145477294922,15.9375,16.28103256225586,15.270508766174316,
53.928,26.9375,29.108686447143555,27.31064796447754,15.9375,16.271286010742188,15.270256042480469,
53.938,26.9375,29.107940673828125,27.312633514404297,15.9375,16.25851058959961,15.267598152160645,
53.948,26.9375,29.104623794555664,27.31309700012207,15.9375,16.2511043548584,15.269964218139648,
53.958,26.9375,29.09725570678711,27.3105411529541,15.9375,16.24264144897461,15.271450996398926,
53.968,26.9375,29.091472625732422,27.3084659576416,15.9375,16.229639053344727,15.268959999084473,
53.978,26.9375,29.087987899780273,27.30875015258789,15.9375,16.218109130859375,15.266836166381836,
53.988,26.9375,29.0850887298584,27.309724807739258,15.9375,16.204097747802734,15.262548446655273,
53.998,26.9375,29.082765579223633,27.31188201904297,15.9375,16.193578720092773,15.260902404785156,
54.008,26.9375,29.078630447387695,27.3123779296875,15.9375,16.183439254760742,15.259689331054688,
54.018,26.9375,29.076879501342773,27.314498901367188,15.9375,16.172937393188477,15.257831573486328,
54.028,26.9375,29.076614379882812,27.318256378173828,15.9375,16.161848068237305,15.256368637084961,
54.038,26.9375,29.072662353515625,27.318641662597656,15.9375,16.153959274291992,15.257381439208984,
54.048,26.9375,29.067676544189453,27.319257736206055,15.9375,16.146316528320312,15.258316993713379,
54.058,26.9375,29.06234359741211,27.31885528564453,15.9375,16.133283615112305,15.254171371459961,
54.068,26.9375,29.058862686157227,27.320045471191406,15.9375,16.124357223510742,15.253983497619629,
54.078,26.9375,29.054094314575195,27.320363998413086,15.9375,16.113996505737305,15.252718925476074,
54.088,26.9375,29.050302505493164,27.321693420410156,15.9375,16.105241775512695,15.25227165222168,
54.098,26.9375,29.047317504882812,27.32367706298828,15.9375,16.097335815429688,15.252947807312012,
54.108,26.9375,29.048351287841797,27.328243255615234,15.9375,16.08913803100586,15.254264831542969,
54.118,26.9375,29.045583724975586,27.330280303955078,15.9375,16.07973861694336,15.253493309020996,
54.128,26.9375,29.044116973876953,27.333641052246094,15.9375,16.06700325012207,15.249642372131348,
54.138,26.9375,29.048805236816406,27.34190559387207,15.9375,16.05674171447754,15.248804092407227,
54.148,26.9375,29.037023544311523,27.337726593017578,15.9375,16.050817489624023,15.251384735107422,
54.158,26.9375,29.007083892822266,27.3177433013916,15.9375,16.042509078979492,15.250975608825684,
54.168,26.9375,29.000898361206055,27.316986083984375,15.9375,16.021778106689453,15.238813400268555,
54.178,26.9375,29.005027770996094,27.325210571289062,15.9375,16.007848739624023,15.232921600341797,
54.188,26.9375,29.02092170715332,27.342653274536133,15.9375,16.00201988220215,15.23525333404541,
54.198,26.9375,29.038427352905273,27.362083435058594,15.9375,16.001144409179688,15.2425537109375,
54.208,26.9375,29.02756690979004,27.358985900878906,15.9375,15.999540328979492,15.24881362915039,
54.218,26.9375,29.005332946777344,27.34662628173828,15.9375,15.982245445251465,15.239053726196289,
54.228,26.9375,28.979921340942383,27.33064842224121,15.9375,15.958297729492188,15.222978591918945,
54.238,26.9375,28.97730255126953,27.333173751831055,15.9375,15.953994750976562,15.227484703063965,
54.248,26.9375,28.97713279724121,27.338176727294922,15.9375,15.956372261047363,15.237955093383789,
54.258,26.9375,28.977645874023438,27.343246459960938,15.9375,15.948009490966797,15.236937522888184,
54.268,26.9375,28.975101470947266,27.3455753326416,15.9375,15.93405818939209,15.227994918823242,
54.278,26.9375,28.974414825439453,27.350696563720703,15.9375,15.922475814819336,15.22220230102539,
54.288,26.9375,28.97623062133789,27.35809326171875,15.9375,15.92009449005127,15.228506088256836,
54.298,26.9375,28.972707748413086,27.361270904541016,15.9375,15.920195579528809,15.239036560058594,
