time,ac_x,ac_x_f,ac_y,ac_y_f,
0,4.610000133514404,4.606987953186035,1.0499999523162842,1.0505802631378174,
0.008,4.599999904632568,4.6020965576171875,1.0399999618530273,1.043174147605896,
0.019,4.610000133514404,4.60762882232666,1.0399999618530273,1.040952205657959,
0.029,4.599999904632568,4.602288722991943,1.0299999713897705,1.0332856178283691,
0.038,4.619999885559082,4.614686489105225,1.0499999523162842,1.0449856519699097,
0.048,4.610000133514404,4.611405849456787,1.0700000524520874,1.0624957084655762,
0.058,4.610000133514404,4.610421657562256,1.0499999523162842,1.0537487268447876,
0.068,4.599999904632568,4.603126525878906,1.0499999523162842,1.0511245727539062,
0.078,4.619999885559082,4.614937782287598,1.0299999713897705,1.0363373756408691,
0.088,4.590000152587891,4.5974812507629395,1.0399999618530273,1.0389012098312378,
0.098,4.599999904632568,4.599244594573975,1.0700000524520874,1.0606703758239746,
0.108,4.610000133514404,4.606773376464844,1.059999942779541,1.0602011680603027,
0.118,4.619999885559082,4.616032123565674,1.0299999713897705,1.039060354232788,
0.128,4.610000133514404,4.611809730529785,1.059999942779541,1.053718090057373,
0.138,4.599999904632568,4.603542804718018,1.0199999809265137,1.0301154851913452,
0.148,4.610000133514404,4.608062744140625,1.0499999523162842,1.0440346002578735,
0.158,4.590000152587891,4.595418930053711,1.0499999523162842,1.0482103824615479,
0.168,4.599999904632568,4.598625659942627,1.059999942779541,1.0564631223678589,
0.178,4.619999885559082,4.613587856292725,1.0299999713897705,1.0379389524459839,
0.188,4.610000133514404,4.611076354980469,1.0299999713897705,1.0323816537857056,
0.198,4.590000152587891,4.596323013305664,1.0499999523162842,1.0447144508361816,
0.208,4.599999904632568,4.5988969802856445,1.059999942779541,1.0554143190383911,
0.218,4.599999904632568,4.599668979644775,1.059999942779541,1.058624267578125,
0.228,4.610000133514404,4.606900691986084,1.0399999618530273,1.0455873012542725,
0.238,4.599999904632568,4.602070331573486,1.0700000524520874,1.062676191329956,
0.248,4.590000152587891,4.593621253967285,1.059999942779541,1.0608028173446655,
0.258,4.619999885559082,4.612086296081543,1.059999942779541,1.0602408647537231,
0.268,4.630000114440918,4.624626159667969,1.059999942779541,1.0600723028182983,
0.278,4.639999866485596,4.635387897491455,1.0399999618530273,1.0460216999053955,
0.288,4.630000114440918,4.631616592407227,1.0399999618530273,1.0418065786361694,
0.298,4.610000133514404,4.616485118865967,1.0700000524520874,1.06154203414917,
0.308,4.590000152587891,4.597945690155029,1.059999942779541,1.0604625940322876,
0.318,4.599999904632568,4.59938383102417,1.059999942779541,1.0601388216018677,
0.328,4.610000133514404,4.606815338134766,1.0199999809265137,1.0320416688919067,
0.338,4.630000114440918,4.623044490814209,1.0399999618530273,1.0376125574111938,
0.348,4.619999885559082,4.620913505554199,1.0499999523162842,1.0462837219238281,
0.358,4.619999885559082,4.620274066925049,1.059999942779541,1.0558850765228271,
0.368,4.610000133514404,4.613082408905029,1.0499999523162842,1.0517655611038208,
0.378,4.630000114440918,4.624924659729004,1.059999942779541,1.0575296878814697,
0.388,4.619999885559082,4.621477127075195,1.0499999523162842,1.0522589683532715,
0.398,4.610000133514404,4.613442897796631,1.0399999618530273,1.0436776876449585,
0.408,4.610000133514404,4.611032962799072,1.059999942779541,1.0551033020019531,
0.418,4.619999885559082,4.617310047149658,1.0399999618530273,1.044530987739563,
0.428,4.610000133514404,4.6121931076049805,1.059999942779541,1.0553593635559082,
0.438,4.599999904632568,4.6036577224731445,1.0499999523162842,1.0516078472137451,
0.448,4.610000133514404,4.608097076416016,1.059999942779541,1.057482361793518,
0.458,4.619999885559082,4.616428852081299,1.0499999523162842,1.0522446632385254,
0.468,4.599999904632568,4.604928493499756,1.0499999523162842,1.0506733655929565,
0.479,4.599999904632568,4.601478576660156,1.0499999523162842,1.0502020120620728,
0.488,4.599999904632568,4.600443363189697,1.0700000524520874,1.0640605688095093,
0.498,4.599999904632568,4.600132942199707,1.0700000524520874,1.0682182312011719,
0.508,4.599999904632568,4.600039958953857,1.059999942779541,1.0624654293060303,
0.518,4.599999904632568,4.600011825561523,1.059999942779541,1.0607396364212036,
0.528,4.590000152587891,4.593003749847412,1.0499999523162842,1.0532219409942627,
0.538,4.610000133514404,4.604901313781738,1.0499999523162842,1.0509666204452515,
0.548,4.619999885559082,4.6154704093933105,1.059999942779541,1.057289958000183,
0.558,4.619999885559082,4.618640899658203,1.0299999713897705,1.038187026977539,
0.568,4.599999904632568,4.605592250823975,1.0299999713897705,1.0324561595916748,
0.578,4.599999904632568,4.601677894592285,1.059999942779541,1.051736831665039,
0.588,4.590000152587891,4.593503475189209,1.059999942779541,1.057521104812622,
0.598,4.590000152587891,4.59105110168457,1.0499999523162842,1.0522563457489014,
0.608,4.610000133514404,4.604315280914307,1.0399999618530273,1.0436769723892212,
0.618,4.630000114440918,4.6222944259643555,1.0399999618530273,1.0411031246185303,
0.628,4.630000114440918,4.627688407897949,1.059999942779541,1.0543309450149536,
0.638,4.610000133514404,4.615306377410889,1.0399999618530273,1.0442992448806763,
0.648,4.610000133514404,4.611591815948486,1.0499999523162842,1.0482897758483887,
0.658,4.599999904632568,4.603477478027344,1.0199999809265137,1.028486967086792,
0.668,4.579999923706055,4.587043285369873,1.059999942779541,1.0505460500717163,
0.679,4.610000133514404,4.603113174438477,1.059999942779541,1.0571638345718384,
0.688,4.590000152587891,4.593934059143066,1.0499999523162842,1.0521491765975952,
0.698,4.630000114440918,4.619180202484131,1.0399999618530273,1.0436447858810425,
0.708,4.630000114440918,4.626754283905029,1.0399999618530273,1.0410934686660767,
0.718,4.630000114440918,4.629026412963867,1.0399999618530273,1.040328025817871,
0.729,4.590000152587891,4.601707935333252,1.0499999523162842,1.0470983982086182,
0.738,4.590000152587891,4.593512535095215,1.0399999618530273,1.0421295166015625,
0.748,4.590000152587891,4.5910539627075195,1.0499999523162842,1.0476388931274414,
0.758,4.630000114440918,4.618316173553467,1.0499999523162842,1.049291729927063,
0.768,4.619999885559082,4.619494915008545,1.0499999523162842,1.0497875213623047,
0.778,4.619999885559082,4.619848251342773,1.059999942779541,1.056936264038086,
0.788,4.599999904632568,4.605954647064209,1.0499999523162842,1.0520808696746826,
0.798,4.590000152587891,4.594786643981934,1.059999942779541,1.0576242208480835,
0.808,4.610000133514404,4.605435848236084,1.0399999618530273,1.0452872514724731,
0.818,4.619999885559082,4.615630626678467,1.059999942779541,1.0555862188339233,
0.828,4.619999885559082,4.618689060211182,1.0700000524520874,1.0656758546829224,
0.838,4.610000133514404,4.612606525421143,1.0700000524520874,1.0687028169631958,
0.848,4.610000133514404,4.610782146453857,1.0499999523162842,1.0556108951568604,
0.858,4.610000133514404,4.61023473739624,1.059999942779541,1.0586832761764526,
0.868,4.599999904632568,4.603070259094238,1.0399999618530273,1.045604944229126,
0.878,4.599999904632568,4.600921154022217,1.059999942779541,1.0556814670562744,
0.888,4.610000133514404,4.607276439666748,1.0499999523162842,1.0517044067382812,
0.898,4.599999904632568,4.602182865142822,1.0399999618530273,1.0435113906860352,
0.908,4.619999885559082,4.614655017852783,1.0299999713897705,1.0340534448623657,
0.918,4.599999904632568,4.604396343231201,1.0499999523162842,1.0452160835266113,
0.928,4.599999904632568,4.601318836212158,1.0499999523162842,1.0485647916793823,
0.938,4.619999885559082,4.614395618438721,1.059999942779541,1.0565694570541382,
0.948,4.599999904632568,4.604318618774414,1.0499999523162842,1.0519708395004272,
0.958,4.590000152587891,4.594295501708984,1.059999942779541,1.0575913190841675,
0.968,4.599999904632568,4.598288536071777,1.059999942779541,1.0592774152755737,
0.978,4.610000133514404,4.6064863204956055,1.059999942779541,1.0597832202911377,
0.988,4.610000133514404,4.608945846557617,1.059999942779541,1.0599349737167358,
0.998,4.599999904632568,4.6026835441589355,1.0499999523162842,1.0529805421829224,
1.008,4.619999885559082,4.614805221557617,1.0399999618530273,1.0438941717147827,
1.018,4.599999904632568,4.6044416427612305,1.0299999713897705,1.0341682434082031,
1.028,4.610000133514404,4.608332633972168,1.0499999523162842,1.0452505350112915,
1.038,4.619999885559082,4.616499900817871,1.0499999523162842,1.0485751628875732,
1.048,4.590000152587891,4.597949981689453,1.059999942779541,1.0565725564956665,
1.058,4.630000114440918,4.62038516998291,1.059999942779541,1.0589717626571655,
1.068,4.599999904632568,4.606115341186523,1,1.0176914930343628,
1.078,4.599999904632568,4.601834774017334,1.059999942779541,1.0473074913024902,
1.088,4.599999904632568,4.600550651550293,1.0499999523162842,1.0491923093795776,
1.098,4.599999904632568,4.600165367126465,1.059999942779541,1.0567576885223389,
1.108,4.610000133514404,4.607049465179443,1.059999942779541,1.0590273141860962,
1.118,4.599999904632568,4.602114677429199,1.0399999618530273,1.045708179473877,
1.128,4.610000133514404,4.607634544372559,1.059999942779541,1.0557124614715576,
1.138,4.579999923706055,4.588290214538574,1.059999942779541,1.0587137937545776,
1.148,4.590000152587891,4.589487075805664,1.0499999523162842,1.0526140928268433,
1.158,4.619999885559082,4.610846042633057,1.059999942779541,1.0577841997146606,
1.168,4.619999885559082,4.61725378036499,1.059999942779541,1.0593352317810059,
1.178,4.619999885559082,4.619175910949707,1.090000033378601,1.0808005332946777,
1.188,4.639999866485596,4.633752822875977,1.059999942779541,1.0662401914596558,
1.198,4.590000152587891,4.603126049041748,1.0299999713897705,1.0408720970153809,
1.208,4.599999904632568,4.600937843322754,1.0399999618530273,1.0402616262435913,
1.218,4.639999866485596,4.628281593322754,1.0299999713897705,1.0330785512924194,
1.228,4.619999885559082,4.62248420715332,1.0299999713897705,1.03092360496521,
1.238,4.619999885559082,4.6207451820373535,1.0399999618530273,1.037277102470398,
1.248,4.619999885559082,4.620223522186279,1.0499999523162842,1.0461831092834473,
1.258,4.619999885559082,4.620067119598389,1.0800000429153442,1.069854974746704,
1.268,4.630000114440918,4.627020359039307,1.0399999618530273,1.0489565134048462,
1.278,4.610000133514404,4.615106105804443,1.059999942779541,1.0566869974136353,
1.288,4.610000133514404,4.611531734466553,1.059999942779541,1.0590060949325562,
1.298,4.590000152587891,4.59645938873291,1.0499999523162842,1.0527018308639526,
1.308,4.619999885559082,4.612937927246094,1.0399999618530273,1.0438106060028076,
1.318,4.610000133514404,4.610881328582764,1.0299999713897705,1.0341432094573975,
1.328,4.619999885559082,4.617264270782471,1.0299999713897705,1.0312429666519165,
1.338,4.610000133514404,4.612179279327393,1.0299999713897705,1.0303728580474854,
1.348,4.599999904632568,4.603653907775879,1.0199999809265137,1.0231118202209473,
1.358,4.590000152587891,4.5940961837768555,1.100000023841858,1.07693350315094,
1.368,4.710000038146973,4.675229072570801,1.090000033378601,1.0860800743103027,
1.378,4.619999885559082,4.636568546295166,0.8899999856948853,0.9488239884376526,
1.388,4.610000133514404,4.6179704666137695,0.949999988079071,0.9496471881866455,
1.398,4.570000171661377,4.584391117095947,1.0499999523162842,1.0198941230773926,
1.408,4.550000190734863,4.560317516326904,1.149999976158142,1.1109682321548462,
1.418,4.590000152587891,4.581095218658447,1.1399999856948853,1.1312904357910156,
1.428,4.650000095367432,4.629328727722168,1.0099999904632568,1.0463871955871582,
1.438,4.599999904632568,4.608798503875732,1.0199999809265137,1.0279161930084229,
1.448,4.570000171661377,4.581639766693115,1.0800000429153442,1.0643749237060547,
1.458,4.590000152587891,4.587491989135742,1.090000033378601,1.0823124647140503,
1.468,4.619999885559082,4.610247611999512,1.0099999904632568,1.031693696975708,
1.478,4.639999866485596,4.63107442855835,0.9800000190734863,0.995508074760437,
1.488,4.639999866485596,4.637322425842285,1.059999942779541,1.0406523942947388,
1.498,4.579999923706055,4.597196578979492,1.100000023841858,1.08219575881958,
1.508,4.53000020980835,4.550158977508545,1.0800000429153442,1.0806587934494019,
1.518,4.570000171661377,4.564047813415527,1,1.0241975784301758,
1.528,4.630000114440918,4.6102142333984375,0.9700000286102295,0.9862592816352844,
1.538,4.630000114440918,4.6240644454956055,1.0199999809265137,1.0098778009414673,
1.548,4.630000114440918,4.6282196044921875,1.100000023841858,1.0729633569717407,
1.558,4.630000114440918,4.6294660568237305,1.1399999856948853,1.1198890209197998,
1.568,4.570000171661377,4.587839603424072,1.0499999523162842,1.0709667205810547,
1.578,4.590000152587891,4.589352130889893,1,1.0212900638580322,
1.588,4.619999885559082,4.610805511474609,0.9900000095367432,0.9993870258331299,
1.598,4.619999885559082,4.617241382598877,1.059999942779541,1.0418161153793335,
1.608,4.599999904632568,4.605172634124756,1.059999942779541,1.0545448064804077,
1.618,4.590000152587891,4.594552040100098,1.059999942779541,1.058363437652588,
1.628,4.659999847412109,4.6403656005859375,1.0199999809265137,1.0315090417861938,
1.638,4.599999904632568,4.612109661102295,1.0299999713897705,1.0304527282714844,
1.648,4.579999923706055,4.589632987976074,1.0499999523162842,1.0441358089447021,
1.658,4.579999923706055,4.582890033721924,1.100000023841858,1.0832407474517822,
1.668,4.619999885559082,4.608867168426514,1.0800000429153442,1.0809721946716309,
1.678,4.659999847412109,4.644659996032715,1.0399999618530273,1.0522916316986084,
1.688,4.670000076293945,4.662397861480713,1,1.0156874656677246,
1.698,4.590000152587891,4.611719608306885,1.059999942779541,1.046706199645996,
1.708,4.570000171661377,4.582515716552734,1.059999942779541,1.0560119152069092,
1.718,4.539999961853027,4.552754878997803,1.0499999523162842,1.0518035888671875,
1.728,4.650000095367432,4.620826244354248,0.9700000286102295,0.9945410490036011,
1.738,4.650000095367432,4.641247749328613,1.0499999523162842,1.0333622694015503,
1.748,4.599999904632568,4.612374305725098,1.0299999713897705,1.0310087203979492,
1.758,4.550000190734863,4.56871223449707,1.1399999856948853,1.1073026657104492,
1.768,4.599999904632568,4.590613842010498,1.0700000524520874,1.081190824508667,
1.778,4.630000114440918,4.6181840896606445,0.9900000095367432,1.0173572301864624,
1.788,4.590000152587891,4.598455429077148,1.0299999713897705,1.0262072086334229,
1.798,4.570000171661377,4.578536510467529,1.090000033378601,1.0708621740341187,
1.808,4.579999923706055,4.57956075668335,1.0800000429153442,1.0772587060928345,
1.818,4.579999923706055,4.579868316650391,1.0199999809265137,1.0371776819229126,
1.828,4.659999847412109,4.635960578918457,1.0800000429153442,1.0671533346176147,
1.838,4.670000076293945,4.659788131713867,1.090000033378601,1.0831459760665894,
1.848,4.650000095367432,4.6529364585876465,1.0800000429153442,1.0809438228607178,
1.858,4.550000190734863,4.580881118774414,1,1.0242831707000732,
1.868,4.599999904632568,4.594264507293701,1.0299999713897705,1.0282849073410034,
1.878,4.610000133514404,4.605279445648193,1.0800000429153442,1.0644854307174683,
1.888,4.619999885559082,4.615583896636963,1.059999942779541,1.0613456964492798,
1.898,4.650000095367432,4.639675140380859,1.0399999618530273,1.0464037656784058,
1.908,4.619999885559082,4.6259026527404785,1.0399999618530273,1.0419211387634277,
1.918,4.590000152587891,4.600770950317383,1.0399999618530273,1.0405763387680054,
1.928,4.599999904632568,4.600231170654297,1.0299999713897705,1.0331729650497437,
1.938,4.599999904632568,4.600069522857666,1.0499999523162842,1.0449519157409668,
1.948,4.599999904632568,4.600020885467529,1.0499999523162842,1.0484856367111206,
1.958,4.630000114440918,4.621006488800049,1.0800000429153442,1.0705456733703613,
1.968,4.630000114440918,4.627302169799805,1.0399999618530273,1.0491636991500854,
1.978,4.610000133514404,4.615190505981445,1.0299999713897705,1.035749077796936,
1.988,4.570000171661377,4.58355712890625,1,1.0107247829437256,
1.998,4.579999923706055,4.581067085266113,1.0499999523162842,1.0382174253463745,
2.008,4.599999904632568,4.594320297241211,1.0800000429153442,1.0674651861190796,
2.018,4.659999847412109,4.64029598236084,1.0800000429153442,1.0762395858764648,
2.028,4.670000076293945,4.661088943481445,1.059999942779541,1.064871907234192,
2.038,4.630000114440918,4.639326572418213,1.0199999809265137,1.033461570739746,
2.048,4.599999904632568,4.61179780960083,1.0099999904632568,1.0170384645462036,
2.058,4.590000152587891,4.596539497375488,1.0399999618530273,1.033111572265625,
2.068,4.610000133514404,4.605961799621582,1,1.0099334716796875,
2.078,4.619999885559082,4.615788459777832,1.0700000524520874,1.0519800186157227,
2.088,4.659999847412109,4.6467366218566895,1.0800000429153442,1.071593999862671,
2.098,4.599999904632568,4.614020824432373,1.1100000143051147,1.0984781980514526,
2.108,4.570000171661377,4.5832061767578125,1.0700000524520874,1.0785434246063232,
2.118,4.590000152587891,4.587961673736572,0.9900000095367432,1.016563057899475,
2.128,4.619999885559082,4.610388278961182,1.0099999904632568,1.011968970298767,
2.138,4.610000133514404,4.610116481781006,1.0499999523162842,1.038590669631958,
2.148,4.630000114440918,4.624034881591797,1.100000023841858,1.081577181816101,
2.158,4.619999885559082,4.62121057510376,1.100000023841858,1.094473123550415,
2.168,4.590000152587891,4.599363327026367,1.0099999904632568,1.0353419780731201,
2.178,4.610000133514404,4.606809139251709,1.0099999904632568,1.017602562904358,
2.188,4.610000133514404,4.609042644500732,1.0499999523162842,1.040280818939209,
2.198,4.599999904632568,4.602712631225586,1.0800000429153442,1.0680842399597168,
2.208,4.639999866485596,4.628813743591309,1.0299999713897705,1.0414252281188965,
2.218,4.650000095367432,4.643644332885742,1.0399999618530273,1.040427565574646,
2.228,4.619999885559082,4.627093315124512,1.0700000524520874,1.0611282587051392,
2.238,4.610000133514404,4.615128040313721,1.0700000524520874,1.067338466644287,
2.248,4.570000171661377,4.58353853225708,1.0199999809265137,1.0342015027999878,
2.258,4.599999904632568,4.595061779022217,1.0399999618530273,1.0382604598999023,
2.268,4.610000133514404,4.605518341064453,1.0399999618530273,1.0394781827926636,
2.278,4.630000114440918,4.622655391693115,1.0499999523162842,1.046843409538269,
2.288,4.610000133514404,4.613796710968018,1.0700000524520874,1.063053011894226,
2.298,4.590000152587891,4.59713888168335,1.0299999713897705,1.039915919303894,
2.308,4.590000152587891,4.592141628265381,1.0399999618530273,1.0399748086929321,
2.318,4.619999885559082,4.611642360687256,1.0499999523162842,1.0469924211502075,
2.328,4.610000133514404,4.610492706298828,1.0499999523162842,1.0490977764129639,
2.338,4.619999885559082,4.617147922515869,1.059999942779541,1.0567293167114258,
2.348,4.610000133514404,4.612144470214844,1.059999942779541,1.059018850326538,
2.358,4.630000114440918,4.624643325805664,1.059999942779541,1.0597056150436401,
2.368,4.599999904632568,4.60739278793335,1.0399999618530273,1.0459116697311401,
2.378,4.590000152587891,4.595217704772949,1.0399999618530273,1.0417735576629639,
2.388,4.599999904632568,4.598565101623535,1.0499999523162842,1.047532081604004,
2.398,4.610000133514404,4.606569290161133,1.0800000429153442,1.070259690284729,
2.408,4.610000133514404,4.608970642089844,1.0800000429153442,1.077077865600586,
2.418,4.639999866485596,4.630691051483154,1.059999942779541,1.0651233196258545,
2.428,4.599999904632568,4.6092071533203125,1.0199999809265137,1.0335370302200317,
2.438,4.610000133514404,4.609762191772461,1.0399999618530273,1.0380611419677734,
2.448,4.610000133514404,4.609928607940674,1.0299999713897705,1.0324183702468872,
2.458,4.610000133514404,4.609978675842285,1.059999942779541,1.0517255067825317,
2.468,4.630000114440918,4.623993873596191,1.0700000524520874,1.064517617225647,
2.478,4.630000114440918,4.628198146820068,1.0700000524520874,1.0683553218841553,
2.488,4.630000114440918,4.629459381103516,1.0399999618530273,1.0485066175460815,
2.498,4.599999904632568,4.608837604522705,1.0399999618530273,1.0425519943237305,
2.508,4.579999923706055,4.588651180267334,1.0299999713897705,1.0337655544281006,
2.518,4.630000114440918,4.617595195770264,1.059999942779541,1.0521296262741089,
2.528,4.619999885559082,4.619278430938721,1.0700000524520874,1.0646388530731201,
2.538,4.610000133514404,4.612783432006836,1.059999942779541,1.0613917112350464,
2.548,4.599999904632568,4.603835105895996,1.0399999618530273,1.046417474746704,
2.558,4.610000133514404,4.608150482177734,1.0199999809265137,1.0279252529144287,
2.568,4.590000152587891,4.595445156097412,1.0199999809265137,1.022377610206604,
2.578,4.610000133514404,4.605633735656738,1.0399999618530273,1.0347132682800293,
2.588,4.610000133514404,4.60869026184082,1.0700000524520874,1.059414029121399,
2.598,4.619999885559082,4.616607189178467,1.0399999618530273,1.0458241701126099,
2.608,4.599999904632568,4.604982376098633,1.0700000524520874,1.0627472400665283,
2.618,4.590000152587891,4.594494819641113,1.0499999523162842,1.0538241863250732,
2.628,4.599999904632568,4.598348617553711,1.0299999713897705,1.0371472835540771,
2.638,4.599999904632568,4.599504470825195,1.0499999523162842,1.0461442470550537,
2.648,4.599999904632568,4.599851131439209,1.0499999523162842,1.048843264579773,
2.658,4.610000133514404,4.606955528259277,1.0399999618530273,1.04265296459198,
2.668,4.619999885559082,4.616086483001709,1.0700000524520874,1.061795949935913,
2.678,4.599999904632568,4.604825973510742,1.059999942779541,1.0605387687683105,
2.688,4.599999904632568,4.601447582244873,1.059999942779541,1.0601615905761719,
2.698,4.590000152587891,4.5934343338012695,1.0499999523162842,1.0530484914779663,
2.708,4.590000152587891,4.591030120849609,1.0399999618530273,1.043914556503296,
2.718,4.610000133514404,4.60430908203125,1.0499999523162842,1.0481743812561035,
2.728,4.610000133514404,4.608292579650879,1.059999942779541,1.0564522743225098,
2.738,4.639999866485596,4.63048791885376,1.0499999523162842,1.0519356727600098,
2.748,4.590000152587891,4.602146625518799,1.059999942779541,1.0575807094573975,
2.758,4.599999904632568,4.600644111633301,1.0399999618530273,1.045274257659912,
2.768,4.590000152587891,4.593193054199219,1.0399999618530273,1.0415823459625244,
2.778,4.619999885559082,4.611958026885986,1.0299999713897705,1.0334746837615967,
2.788,4.630000114440918,4.624587535858154,1.0399999618530273,1.038042426109314,
2.798,4.610000133514404,4.614376068115234,1.0700000524520874,1.0604127645492554,
2.808,4.619999885559082,4.618312835693359,1.0499999523162842,1.0531238317489624,
2.818,4.619999885559082,4.618312835693359,1.0499999523162842,1.0531238317489624,
2.828,4.599999904632568,4.603748321533203,1.0399999618530273,1.0453811883926392,
2.838,4.599999904632568,4.601124286651611,1.0499999523162842,1.0486143827438354,
2.848,4.599999904632568,4.601124286651611,1.0499999523162842,1.0486143827438354,
2.858,4.619999885559082,4.61433744430542,1.059999942779541,1.056584358215332,
2.868,4.619999885559082,4.6183013916015625,1.0700000524520874,1.065975308418274,
2.878,4.619999885559082,4.619490146636963,1.0499999523162842,1.0547926425933838,
2.888,4.619999885559082,4.619846820831299,1.0399999618530273,1.0444377660751343,
2.898,4.590000152587891,4.598954200744629,1.0199999809265137,1.0273313522338867,
2.908,4.599999904632568,4.599686145782471,1.0399999618530273,1.0361994504928589,
2.919,4.599999904632568,4.599905967712402,1.059999942779541,1.052859902381897,
2.928,4.639999866485596,4.627971649169922,1.0700000524520874,1.0648579597473145,
2.938,4.590000152587891,4.601391315460205,1.059999942779541,1.0614573955535889,
2.948,4.599999904632568,4.600417613983154,1.059999942779541,1.0604372024536133,
2.958,4.610000133514404,4.607125282287598,1.0399999618530273,1.0461311340332031,
2.968,4.599999904632568,4.602137565612793,1.0299999713897705,1.034839391708374,
2.978,4.590000152587891,4.59364128112793,1.0399999618530273,1.0384517908096313,
2.988,4.610000133514404,4.605092525482178,1.0700000524520874,1.0605355501174927,
2.998,4.610000133514404,4.608527660369873,1.059999942779541,1.0601606369018555,
3.008,4.599999904632568,4.602558135986328,1.0499999523162842,1.0530482530593872,
3.018,4.599999904632568,4.600767612457275,1.0499999523162842,1.0509145259857178,
3.028,4.610000133514404,4.60706901550293,1.0700000524520874,1.0640822649002075,
3.038,4.610000133514404,4.60706901550293,1.0700000524520874,1.0640822649002075,
3.048,4.619999885559082,4.6161208152771,1.059999942779541,1.0612246990203857,
3.058,4.590000152587891,4.597836494445801,1.0299999713897705,1.039367437362671,
3.068,4.610000133514404,4.606350898742676,1.059999942779541,1.0538102388381958,
3.078,4.590000152587891,4.594905376434326,1.0700000524520874,1.06514310836792,
3.088,4.610000133514404,4.605471611022949,1.0499999523162842,1.054542899131775,
3.098,4.610000133514404,4.608641624450684,1.0199999809265137,1.030362844467163,
3.108,4.599999904632568,4.602592468261719,1.0499999523162842,1.0441088676452637,
3.118,4.610000133514404,4.6077775955200195,1.0199999809265137,1.0272326469421387,
3.128,4.590000152587891,4.597899913787842,1.0399999618530273,1.04305100440979,
3.138,4.590000152587891,4.597899913787842,1.0399999618530273,1.04305100440979,
3.148,4.610000133514404,4.606369972229004,1.0399999618530273,1.0409153699874878,
3.158,4.599999904632568,4.6019110679626465,1.059999942779541,1.0542746782302856,
3.168,4.619999885559082,4.6145734786987305,1.0499999523162842,1.0512824058532715,
3.178,4.599999904632568,4.601311683654785,1.0399999618530273,1.043115496635437,
3.188,4.599999904632568,4.601311683654785,1.0399999618530273,1.043115496635437,
3.198,4.619999885559082,4.61439323425293,1.059999942779541,1.0549346208572388,
3.208,4.599999904632568,4.604318141937256,1.059999942779541,1.0584803819656372,
3.218,4.610000133514404,4.608295440673828,1.0499999523162842,1.052544116973877,
3.228,4.610000133514404,4.6119465827941895,1.059999942779541,1.0572290420532227,
3.238,4.610000133514404,4.6119465827941895,1.059999942779541,1.0572290420532227,
3.248,4.610000133514404,4.610583782196045,1.0499999523162842,1.0521687269210815,
3.258,4.610000133514404,4.610175132751465,1.0499999523162842,1.0506505966186523,
3.268,4.630000114440918,4.62405252456665,1.0700000524520874,1.064195156097412,
3.278,4.630000114440918,4.62106466293335,1.0700000524520874,1.0652775764465332,
3.288,4.630000114440918,4.62106466293335,1.0700000524520874,1.0652775764465332,
3.298,4.590000152587891,4.5993194580078125,1.059999942779541,1.0615832805633545,
3.308,4.610000133514404,4.606795787811279,1.0399999618530273,1.0464750528335571,
3.318,4.699999809265137,4.672038555145264,1.0499999523162842,1.0489425659179688,
3.328,4.619999885559082,4.643583297729492,1.0499999523162842,1.047804832458496,
3.338,4.619999885559082,4.643583297729492,1.0499999523162842,1.047804832458496,
3.348,4.570000171661377,4.592074871063232,1.090000033378601,1.0773414373397827,
3.358,4.539999961853027,4.555622577667236,1.0800000429153442,1.07920241355896,
3.368,4.519999980926514,4.530686855316162,1.0299999713897705,1.0447607040405273,
3.378,4.639999866485596,4.607061862945557,1.0700000524520874,1.0635284185409546,
3.388,4.639999866485596,4.607061862945557,1.0700000524520874,1.0635284185409546,
3.398,4.710000038146973,4.679118633270264,1.0299999713897705,1.0400584936141968,
3.408,4.619999885559082,4.637735366821289,1.0099999904632568,1.0190175771713257,
3.418,4.78000020980835,4.737320423126221,0.9200000166893005,0.9497052431106567,
3.428,4.46999979019165,4.546558856964111,1.100000023841858,1.0528734922409058,
3.438,4.46999979019165,4.546558856964111,1.100000023841858,1.0528734922409058,
3.448,4.400000095367432,4.443967819213867,1.2300000190734863,1.1768620014190674,
3.458,4.739999771118164,4.651190280914307,1.0299999713897705,1.0740586519241333,
3.468,4.989999771118164,4.888357162475586,0.9300000071525574,0.9732176065444946,
3.478,4.460000038146973,4.525852203369141,1.0700000524520874,1.0465896129608154,
3.488,4.460000038146973,4.525852203369141,1.0700000524520874,1.0465896129608154,
3.498,4.460000038146973,4.479755401611328,1.1100000143051147,1.0909768342971802,
3.508,4.559999942779541,4.535926818847656,1.0800000429153442,1.083293080329895,
3.518,4.699999809265137,4.650777816772461,0.949999988079071,0.9899879097938538,
3.528,4.579999923706055,4.59896993637085,1.1399999856948853,1.107598900794983,
3.539,4.579999923706055,4.59896993637085,1.1399999856948853,1.107598900794983,
3.548,4.489999771118164,4.522690773010254,1.149999976158142,1.1372796297073364,
3.558,4.619999885559082,4.59080696105957,1.0299999713897705,1.0621838569641113,
3.568,4.769999980926514,4.716241836547852,0.949999988079071,0.9836551547050476,
3.578,4.460000038146973,4.508261680603027,1.0800000429153442,1.0482289791107178,
3.588,4.460000038146973,4.508261680603027,1.0800000429153442,1.0482289791107178,
3.598,4.510000228881836,4.509478569030762,1.149999976158142,1.1194686889648438,
3.608,4.619999885559082,4.586843490600586,1.1299999952316284,1.126840591430664,
3.618,4.739999771118164,4.6940531730651855,0.9399999976158142,0.9960521459579468,
3.628,4.630000114440918,4.652565002441406,0.9399999976158142,0.9177446961402893,
3.638,4.869999885559082,4.804769515991211,1.190000057220459,1.1083234548568726,
3.648,4.940000057220459,4.899430751800537,1.100000023841858,1.1024971008300781,
3.658,4.929999828338623,4.9208292961120605,0.8299999833106995,0.9117491245269775,
3.668,4.570000171661377,4.675248622894287,0.8600000143051147,0.8755247592926025,
3.678,4.440000057220459,4.510574817657471,1.0099999904632568,0.9696574211120605,
3.688,4.369999885559082,4.412172317504883,1.0199999809265137,1.0048972368240356,
3.698,4.369999885559082,4.412172317504883,1.0199999809265137,1.0048972368240356,
3.708,4.369999885559082,4.3826518058776855,1.1299999952316284,1.0924692153930664,
3.718,4.440000057220459,4.42279577255249,0.9700000286102295,1.0067408084869385,
3.728,4.429999828338623,4.408351421356201,1.340000033378601,1.3100066184997559,
3.738,4.639999866485596,4.570505619049072,1.309999942779541,1.3100019693374634,
3.748,4.71999979019165,4.675151824951172,1.159999966621399,1.205000638961792,
3.758,4.71999979019165,4.675151824951172,1.159999966621399,1.205000638961792,
3.768,4.800000190734863,4.762545585632324,1.0800000429153442,1.1175001859664917,
3.778,4.489999771118164,4.510329246520996,1.0199999809265137,1.0371750593185425,
3.788,4.409999847412109,4.440098762512207,0.9599999785423279,0.9831525087356567,
3.798,4.409999847412109,4.419029712677002,0.9200000166893005,0.9389457702636719,
3.808,4.449999809265137,4.440709114074707,0.9900000095367432,0.9746837019920349,
3.818,4.309999942779541,4.349212646484375,1.0199999809265137,1.0064051151275635,
3.828,4.210000038146973,4.251763820648193,1.090000033378601,1.064921498298645,
3.838,4.190000057220459,4.208528995513916,1.1699999570846558,1.1384764909744263,
3.848,4.329999923706055,4.293558597564697,1.2100000381469727,1.1885429620742798,
3.858,4.489999771118164,4.43106746673584,1.25,1.231562852859497,
3.868,4.460000038146973,4.451320171356201,1.2899999618530273,1.2724688053131104,
3.878,4.389999866485596,4.408395767211914,1.2899999618530273,1.284740686416626,
3.888,4.360000133514404,4.374518871307373,1.2400000095367432,1.2534222602844238,
3.898,4.25,4.287355899810791,1.399999976158142,1.3560266494750977,
3.908,4.389999866485596,4.359206676483154,1.4299999475479126,1.4078079462051392,
3.918,4.440000057220459,4.415761947631836,1.4700000286102295,1.4513423442840576,
3.928,4.440000057220459,4.4327287673950195,1.4500000476837158,1.4504027366638184,
3.938,4.420000076293945,4.423818588256836,1.5499999523162842,1.5201208591461182,
3.948,4.420000076293945,4.421145439147949,1.5,1.5060362815856934,
3.958,4.510000228881836,4.483343601226807,1.440000057220459,1.4598108530044556,
3.968,4.639999866485596,4.593003273010254,1.4600000381469727,1.4599432945251465,
3.978,4.599999904632568,4.597900867462158,1.4500000476837158,1.452983021736145,
3.988,4.409999847412109,4.466370105743408,1.6699999570846558,1.6048948764801025,
3.998,3.9700000286102295,4.118911266326904,1.5700000524520874,1.5804684162139893,
4.008,5.150000095367432,4.840673446655273,2.509999990463257,2.231140613555908,
4.018,3.890000104904175,4.175201892852783,1.6200000047683716,1.8033422231674194,
4.028,3.609999895095825,3.7795605659484863,1.5399999618530273,1.6190026998519897,
4.038,4.309999942779541,4.150867938995361,1.659999966621399,1.6477007865905762,
4.048,3.6500000953674316,3.800260543823242,1.5499999523162842,1.5793102979660034,
4.058,4.690000057220459,4.4230780601501465,2.140000104904175,1.9717930555343628,
4.068,3.9100000858306885,4.063923358917236,2.0799999237060547,2.0475380420684814,
4.078,3.759999990463257,3.8511769771575928,2.130000114440918,2.1052613258361816,
4.088,3.5899999141693115,3.6683530807495117,1.9600000381469727,2.0035784244537354,
4.098,2.990000009536743,3.1935060024261475,1.840000033378601,1.8890734910964966,
4.108,2.930000066757202,3.00905179977417,2.130000114440918,2.0577220916748047,
4.118,3.2100000381469727,3.1497154235839844,2.1600000858306885,2.129316568374634,
4.128,2.680000066757202,2.8209145069122314,2.1600000858306885,2.1507949829101562,
4.138,2.7100000381469727,2.743274450302124,2.2100000381469727,2.1922385692596436,
4.148,2.430000066757202,2.523982286453247,2.109999895095825,2.134671449661255,
4.158,2.240000009536743,2.3251945972442627,1.850000023841858,1.935401439666748,
4.168,2.2200000286102295,2.251558303833008,1.7799999713897705,1.8266204595565796,
4.178,1.840000033378601,1.9634674787521362,1.559999942779541,1.6399861574172974,
4.188,1.5499999523162842,1.6740403175354004,1.309999942779541,1.4089958667755127,
4.198,1.3200000524520874,1.4262120723724365,1.2000000476837158,1.262698769569397,
4.208,1.25,1.302863597869873,0.8700000047683716,0.9878096580505371,
4.218,1.159999966621399,1.2028590440750122,0.9200000166893005,0.940342903137207,
4.228,0.6499999761581421,0.8158577084541321,0.6700000166893005,0.751102864742279,
4.238,0.4399999976158142,0.5527573227882385,0.6000000238418579,0.6453308463096619,
4.248,0.20999999344348907,0.3128271996974945,0.3199999928474426,0.41759926080703735,
4.258,0.25999999046325684,0.2758481502532959,-0.3799999952316284,-0.1407202184200287,
4.269,0.009999999776482582,0.08975444734096527,-0.4000000059604645,-0.32221606373786926,
4.278,-0.3499999940395355,-0.21807366609573364,-0.5,-0.44666481018066406,
4.288,-0.5899999737739563,-0.4784221053123474,-0.7699999809265137,-0.6729994416236877,
4.298,-0.7699999809265137,-0.6825266480445862,-1.0399999618530273,-0.9298998117446899,
4.308,-1.0499999523162842,-0.9397580027580261,-1.2999999523162842,-1.1889699697494507,
4.318,-1.340000033378601,-1.219927430152893,-1.5800000429153442,-1.4626909494400024,
4.328,-1.7200000286102295,-1.5699782371520996,-2.0199999809265137,-1.8528072834014893,
4.338,-1.9299999475479126,-1.8219934701919556,-2.119999885559082,-2.039842128753662,
4.348,-2.190000057220459,-2.0795979499816895,-2.380000114440918,-2.2779526710510254,
4.358,-2.4100000858306885,-2.3108794689178467,-2.640000104904175,-2.531385898590088,
4.368,-2.680000066757202,-2.5692639350891113,-2.809999942779541,-2.7264158725738525,
4.378,-3.2899999618530273,-3.0737791061401367,-3.619999885559082,-3.3519246578216553,
4.388,-5.260000228881836,-4.604133605957031,-4.329999923706055,-4.036577224731445,
4.398,-5.989999771118164,-5.574240207672119,-5.559999942779541,-5.102972984313965,
4.408,-5.360000133514404,-5.424272060394287,-5.039999961853027,-5.058891773223877,
4.418,-3.5799999237060547,-4.133281707763672,-5.800000190734863,-5.577667713165283,
4.428,-4.380000114440918,-4.3059844970703125,-7.199999809265137,-6.7133002281188965,
4.438,-5.269999980926514,-4.980795383453369,-7.03000020980835,-6.934989929199219,
4.448,-0.7699999809265137,-2.033238649368286,-5.53000020980835,-5.9514970779418945,
4.458,-1,-1.309971570968628,-2.2100000381469727,-3.332449197769165,
4.468,-5.210000038146973,-4.03999137878418,-2.8399999141693115,-2.987734794616699,
4.478,-6.119999885559082,-5.495997428894043,-2.3499999046325684,-2.541320323944092,
4.488,-7.75,-7.073799133300781,-3.009999990463257,-2.869396209716797,
4.498,-5.489999771118164,-5.965139865875244,-2.4100000858306885,-2.547818899154663,
4.508,-1.6799999475479126,-2.9655420780181885,-2.4100000858306885,-2.451345682144165,
4.518,-4.139999866485596,-3.7876627445220947,-0.5,-1.0854036808013916,
4.528,-5.579999923706055,-5.042298793792725,-1.5399999618530273,-1.4036210775375366,
4.538,-7.059999942779541,-6.4546895027160645,-1.5499999523162842,-1.5060863494873047,
4.548,-6.559999942779541,-6.528407096862793,-0.49000000953674316,-0.7948259115219116,
4.558,-3.630000114440918,-4.4995222091674805,0.47999998927116394,0.09755221009254456,
4.568,-4.130000114440918,-4.240856647491455,1.350000023841858,0.9742656350135803,
4.578,-4.71999979019165,-4.576257228851318,0.38999998569488525,0.5652796626091003,
4.588,-5.869999885559082,-5.481877326965332,0.28999999165534973,0.37258389592170715,
4.598,-4.699999809265137,-4.934563159942627,1.1699999570846558,0.9307751655578613,
4.608,-3.9700000286102295,-4.259368896484375,2.4000000953674316,1.9592325687408447,
4.618,-4.820000171661377,-4.651810646057129,2.069999933242798,2.0367698669433594,
4.628,-4.789999961853027,-4.7485432624816895,1.3899999856948853,1.5840309858322144,
4.638,-4.320000171661377,-4.448563098907471,2.0299999713897705,1.8962093591690063,
4.648,-4.989999771118164,-4.827569007873535,1.7899999618530273,1.821862816810608,
4.658,-4.510000228881836,-4.605270862579346,1.25,1.4215588569641113,
4.668,-4.480000019073486,-4.517581462860107,1.7000000476837158,1.6164677143096924,
4.678,-4.480000019073486,-4.517581462860107,1.7000000476837158,1.6164677143096924,
4.688,-5.460000038146973,-5.375182151794434,1.809999942779541,1.7925820350646973,
4.698,-5.460000038146973,-5.375182151794434,1.809999942779541,1.7925820350646973,
4.708,-4.590000152587891,-4.825554847717285,1.7400000095367432,1.7557746171951294,
4.718,-4.309999942779541,-4.464666366577148,2.4600000381469727,2.248732328414917,
4.728,-4.039999961853027,-4.167399883270264,2.390000104904175,2.3476197719573975,
4.738,-4.420000076293945,-4.397265911102295,2.7100000381469727,2.6773858070373535,
4.748,-4.679999828338623,-4.595179557800293,2.8399999141693115,2.791215658187866,
4.758,-4.679999828338623,-4.595179557800293,2.8399999141693115,2.791215658187866,
4.768,-3.2100000381469727,-3.625553846359253,3.009999990463257,2.9443647861480713,
4.778,-3.5199999809265137,-3.551666021347046,3.1500000953674316,3.0883095264434814,
4.788,-3.759999990463257,-3.690849781036377,2.9700000286102295,3.0184478759765625,
4.798,-3.740000009536743,-3.725255012512207,3.0999999046325684,3.0755343437194824,
4.808,-3.740000009536743,-3.725255012512207,3.0999999046325684,3.0755343437194824,
4.818,-3.9600000381469727,-3.8895764350891113,3.0999999046325684,3.092660427093506,
4.828,-3.9800000190734863,-3.9528729915618896,3.25,3.2027981281280518,
4.838,-3.8399999141693115,-3.7997584342956543,3.359999895095825,3.196751832962036,
4.848,-3.940000057220459,-3.8979275226593018,3.5899999141693115,3.4720256328582764,
4.858,-3.940000057220459,-3.8979275226593018,3.5899999141693115,3.4720256328582764,
4.868,-2.680000066757202,-3.0453782081604004,3.440000057220459,3.4496076107025146,
4.878,-3.069999933242798,-3.0626134872436523,3.5,3.484882354736328,
4.888,-1.9900000095367432,-2.258735179901123,4.039999961853027,3.960639476776123,
4.898,-2.4100000858306885,-2.3646204471588135,4.110000133514404,4.065191745758057,
4.908,-2.4100000858306885,-2.3646204471588135,4.110000133514404,4.065191745758057,
4.918,-2.5399999618530273,-2.4873862266540527,4.300000190734863,4.229557514190674,
4.928,-2.430000066757202,-2.4472157955169678,3.869999885559082,3.9778671264648438,
4.938,-2.180000066757202,-2.1242494583129883,4.78000020980835,4.604907989501953,
4.948,-1.809999942779541,-1.904274821281433,4.159999847412109,4.2934722900390625,
4.958,-1.809999942779541,-1.904274821281433,4.159999847412109,4.2934722900390625,
4.968,-1.3600000143051147,-1.5232824087142944,4.639999866485596,4.536041736602783,
4.978,-2,-1.8569847345352173,4.489999771118164,4.503812313079834,
4.988,0.2199999988079071,-0.14122866094112396,5.360000133514404,5.282943248748779,
4.998,-0.33000001311302185,-0.27336859703063965,5.800000190734863,5.644883155822754,
5.008,-0.33000001311302185,-0.27336859703063965,5.800000190734863,5.644883155822754,
5.018,-0.36000001430511475,-0.3340105712413788,5.639999866485596,5.641464710235596,
5.028,0.2800000011920929,0.09579681605100632,4.869999885559082,5.101439476013184,
5.038,0.14000000059604645,0.08142171055078506,4.110000133514404,4.266429424285889,
5.048,-0.12999999523162842,-0.06657348573207855,3.950000047683716,4.044929027557373,
5.058,-0.12999999523162842,-0.06657348573207855,3.950000047683716,4.044929027557373,
5.068,0.14000000059604645,0.07802794873714447,5.050000190734863,4.748478889465332,
5.078,1.059999942779541,0.7654083967208862,4.71999979019165,4.728543758392334,
5.088,1.8799999952316284,1.6389867067337036,5.090000152587891,5.055368900299072,
5.099,2.6700000762939453,2.3606960773468018,5.300000190734863,5.2266106605529785,
5.108,2.6700000762939453,2.3606960773468018,5.300000190734863,5.2266106605529785,
5.118,1.3899999856948853,1.681208848953247,5.869999885559082,5.67698335647583,
5.128,1.7599999904632568,1.7363626956939697,4.599999904632568,4.923095226287842,
5.138,0.7400000095367432,0.8527726531028748,3.2100000381469727,3.4502785205841064,
5.148,2.200000047683716,1.7958317995071411,3.0899999141693115,3.1980836391448975,
5.158,2.200000047683716,1.7958317995071411,3.0899999141693115,3.1980836391448975,
5.168,2.7699999809265137,2.4777495861053467,4.980000019073486,4.445425033569336,
5.178,3.2899999618530273,3.0463247299194336,4.050000190734863,4.168627738952637,
5.188,3.009999990463257,2.971269369125366,3.4000000953674316,3.521676540374756,
5.198,3.319999933242798,3.215380907058716,3.6600000858306885,3.6185030937194824,
5.208,3.319999933242798,3.215380907058716,3.6600000858306885,3.6185030937194824,
5.218,3.4800000190734863,3.4006142616271973,3.6700000762939453,3.6545510292053223,
5.228,3.2699999809265137,3.3091843128204346,3.2100000381469727,3.34336519241333,
5.238,3.0899999141693115,3.1265265941619873,3.130000114440918,3.1282029151916504,
5.248,3.740000009536743,3.5559580326080322,3.0799999237060547,3.094460964202881,
5.258,3.740000009536743,3.5559580326080322,3.0799999237060547,3.094460964202881,
5.268,2.880000114440918,3.08278751373291,3.619999885559082,3.4623382091522217,
5.278,3.690000057220459,3.50783634185791,2.869999885559082,3.047701597213745,
5.288,4.019999980926514,3.940305233001709,2.869999885559082,2.8145930767059326,
5.298,4.019999980926514,4.276091575622559,2.869999885559082,2.4753777980804443,
5.308,4.420000076293945,4.276091575622559,2.3299999237060547,2.4753777980804443,
5.318,4.380000114440918,4.348827362060547,2.4700000286102295,2.4716134071350098,
5.328,3.890000104904175,4.027648448944092,2.930000066757202,2.7924840450286865,
5.338,4.659999847412109,4.554788589477539,2.0399999618530273,2.053123712539673,
5.348,4.659999847412109,4.62843656539917,1.2799999713897705,1.511937141418457,
5.358,4.659999847412109,4.62843656539917,1.2799999713897705,1.511937141418457,
5.368,4.269999980926514,4.377531051635742,1.7699999809265137,1.6925811767578125,
5.378,4.289999961853027,4.316259384155273,1.7000000476837158,1.6977742910385132,
5.388,4.510000228881836,4.198563575744629,1.4900000095367432,1.8586996793746948,
5.398,4.090000152587891,4.731569290161133,1.9900000095367432,1.208609938621521,
5.408,4.960000038146973,4.731569290161133,0.9300000071525574,1.208609938621521,
5.418,4.440000057220459,4.527470588684082,1.840000033378601,1.6505829095840454,
5.428,3.9800000190734863,4.1442413330078125,0.8100000023841858,1.062174916267395,
5.438,3.930000066757202,4.523281574249268,0.7900000214576721,0.8354957699775696,
5.448,4.75,4.523281574249268,0.8199999928474426,1.0346487760543823,
5.458,4.449999809265137,4.471984386444092,1.1200000047683716,1.0346487760543823,
5.468,4.320000171661377,4.36559534072876,0.27000001072883606,0.49939465522766113,
5.478,4.150000095367432,4.214678764343262,0.5299999713897705,0.5208184123039246,
5.488,4.139999866485596,4.162403583526611,0.27000001072883606,0.4045736491680145,
5.498,3.7300000190734863,3.8597211837768555,0.4300000071525574,0.4045736491680145,
5.508,3.9700000286102295,3.9369163513183594,0.12999999523162842,0.2123720943927765,
5.518,3.5,3.631074905395508,-0.14000000059604645,-0.03428836911916733,
5.528,3.940000057220459,3.847322463989258,-0.17000000178813934,-0.1292865127325058,
5.538,3.6700000762939453,3.7231967449188232,-0.14000000059604645,-0.13678595423698425,
5.548,3.759999990463257,3.7489590644836426,0.12999999523162842,0.049964211881160736,
5.558,3.549999952316284,3.6096878051757812,-0.05999999865889549,-0.027010735124349594,
5.568,3.6600000858306885,3.6449062824249268,-0.44999998807907104,-0.3231032192707062,
5.578,3.490000009536743,3.5364718437194824,-0.4000000059604645,-0.37693098187446594,
5.588,3.3499999046325684,3.4059414863586426,-0.3100000023841858,-0.3300792872905731,
5.598,3.490000009536743,3.464782476425171,-0.3499999940395355,-0.34402379393577576,
5.608,3.3399999141693115,3.377434730529785,-0.30000001192092896,-0.31320714950561523,
5.618,3.119999885559082,3.197230339050293,-0.46000000834465027,-0.4159621298313141,
5.628,3.1500000953674316,3.1641690731048584,-0.5199999809265137,-0.4887886345386505,
5.638,3.109999895095825,3.126250743865967,-0.5899999737739563,-0.5596365928649902,
5.648,3.2300000190734863,3.1988751888275146,-0.5199999809265137,-0.5318909883499146,
5.658,3.0999999046325684,3.12966251373291,-0.6499999761581421,-0.6145672798156738,
5.668,3,3.0388987064361572,-0.6899999976158142,-0.6673702001571655,
5.678,2.9100000858306885,2.948669672012329,-0.7400000095367432,-0.7182110548019409,
5.688,2.6700000762939453,2.753600835800171,-0.8199999928474426,-0.7894633412361145,
5.698,2.7300000190734863,2.7370803356170654,-0.8799999952316284,-0.8528389930725098,
5.708,2.690000057220459,2.7041242122650146,-1.0399999618530273,-0.9838517308235168,
5.718,2.5199999809265137,2.575237274169922,-1.4199999570846558,-1.2891554832458496,
5.728,2.4200000762939453,2.466571092605591,-1.4900000095367432,-1.4297466278076172,
5.738,2.3299999237060547,2.370971202850342,-1.5299999713897705,-1.4999239444732666,
5.748,2.240000009536743,2.2792913913726807,-1.590000033378601,-1.5629771947860718,
5.758,2.0999999046325684,2.15378737449646,-1.8300000429153442,-1.7498931884765625,
5.768,2.0199999809265137,2.060136318206787,-1.9600000381469727,-1.896967887878418,
5.778,1.9199999570846558,1.962040901184082,-2.109999895095825,-2.0460903644561768,
5.788,1.7599999904632568,1.8206123113632202,-2.4000000953674316,-2.2938270568847656,
5.798,1.6100000143051147,1.6731836795806885,-2.4600000381469727,-2.4101481437683105,
5.808,1.3899999856948853,1.4749550819396973,-2.5799999237060547,-2.5290443897247314,
5.818,0.9599999785423279,1.114486575126648,-2.759999990463257,-2.690713405609131,
5.828,0.8500000238418579,0.929345965385437,-2.890000104904175,-2.830214023590088,
5.838,0.7300000190734863,0.7898038029670715,-3.109999895095825,-3.026064157485962,
5.848,0.5699999928474426,0.6359411478042603,-3.2799999713897705,-3.2038192749023438,
5.858,0.46000000834465027,0.5127823352813721,-3.3299999237060547,-3.2921457290649414,
5.868,0.3499999940395355,0.3988347053527832,-3.440000057220459,-3.395643711090088,
5.878,0.18000000715255737,0.24565041065216064,-3.569999933242798,-3.517693281173706,
5.888,-0.009999999776482582,0.06669512391090393,-3.7899999618530273,-3.708307981491089,
5.898,-0.17000000178813934,-0.09899146109819412,-4,-3.912492275238037,
5.908,-0.33000001311302185,-0.2606974244117737,-4.199999809265137,-4.113747596740723,
5.918,-0.800000011920929,-0.6382092237472534,-4.960000038146973,-4.706124305725098,
5.928,-0.7599999904632568,-0.7234627604484558,-6.360000133514404,-5.863837242126465,
5.938,-1.690000057220459,-1.4000388383865356,-4.820000171661377,-5.133151054382324,
5.948,-1.6299999952316284,-1.5610116720199585,-5.179999828338623,-5.165945529937744,
5.958,-1.5,-1.5183035135269165,-6.059999942779541,-5.791783809661865,
5.968,-1.8300000429153442,-1.736491084098816,-5.579999923706055,-5.643535137176514,
5.978,-1.309999942779541,-1.4379472732543945,-6.369999885559082,-6.152060508728027,
5.988,-1.8600000143051147,-1.733384132385254,-7.110000133514404,-6.822618007659912,
5.998,-2.190000057220459,-2.0530152320861816,-6.980000019073486,-6.932785511016846,
6.008,-0.6899999976158142,-1.0989046096801758,-5.309999942779541,-5.796835422515869,
6.018,0.11999999731779099,-0.24567139148712158,-2.890000104904175,-3.7620506286621094,
6.028,-1.0499999523162842,-0.8087013959884644,-3.6500000953674316,-3.683615207672119,
6.038,-4.039999961853027,-3.070610284805298,-4.199999809265137,-4.045084476470947,
6.048,-4.349999904632568,-3.9661829471588135,-3.5899999141693115,-3.72652530670166,
6.058,-3.6700000762939453,-3.758854866027832,-3.640000104904175,-3.665957450866699,
6.068,-3.6700000762939453,-3.6966564655303955,-2.4200000762939453,-2.7937872409820557,
6.078,-2.890000104904175,-3.1319968700408936,-3.390000104904175,-3.2111361026763916,
6.088,-2.5199999809265137,-2.703598976135254,-3.569999933242798,-3.462340831756592,
6.098,-3.0999999046325684,-2.9810798168182373,-3.799999952316284,-3.698702096939087,
6.108,-2.569999933242798,-2.693324089050293,-3.4600000381469727,-3.5316107273101807,
6.118,-2.940000057220459,-2.865997314453125,-2.609999895095825,-2.8864831924438477,
6.128,-3.390000104904175,-3.2327990531921387,-2.609999895095825,-2.6929450035095215,
6.138,-4.389999866485596,-4.042839527130127,-2.7699999809265137,-2.7468836307525635,
6.148,-4.769999980926514,-4.551851749420166,-2.680000066757202,-2.7000651359558105,
6.158,-5.039999961853027,-4.893555641174316,-2.3399999141693115,-2.448019504547119,
6.168,-4.650000095367432,-4.723066806793213,-2.0199999809265137,-2.1484057903289795,
6.178,-4.090000152587891,-4.2799201011657715,-1.5,-1.6945217847824097,
6.188,-4.630000114440918,-4.5249762535095215,-1.4900000095367432,-1.551356554031372,
6.198,-4.769999980926514,-4.696492671966553,-1.7200000286102295,-1.6694070100784302,
6.208,-4.380000114440918,-4.474947929382324,-1.1299999952316284,-1.291822075843811,
6.218,-4.800000190734863,-4.702484607696533,-1.1299999952316284,-1.178546667098999,
6.228,-5.550000190734863,-5.295745372772217,-0.550000011920929,-0.7385640144348145,
6.238,-4.599999904632568,-4.808723449707031,-0.8199999928474426,-0.7955691814422607,
6.248,-5.699999809265137,-5.4326171875,-0.7599999904632568,-0.7706707715988159,
6.258,-5.539999961853027,-5.507785320281982,-0.6100000143051147,-0.6582012176513672,
6.268,-5.110000133514404,-5.229335784912109,-0.8100000023841858,-0.7644603848457336,
6.278,-4.079999923706055,-4.424800872802734,-0.30000001192092896,-0.4393381178379059,
6.288,-4.550000190734863,-4.512440204620361,-0.47999998927116394,-0.46780142188072205,
6.298,-5.349999904632568,-5.098731994628906,0.27000001072883606,0.048659563064575195,
6.308,-5.309999942779541,-5.246619701385498,-0.05000000074505806,-0.020402129739522934,
6.318,-5.190000057220459,-5.206985950469971,-0.1899999976158142,-0.13912063837051392,
6.328,-5.340000152587891,-5.300096035003662,0,-0.041736193001270294,
6.338,-4.610000133514404,-4.817028999328613,0.44999998807907104,0.3024791479110718,
6.348,-4.75,-4.770108699798584,0.5899999737739563,0.5037437677383423,
6.358,-4.769999980926514,-4.7700324058532715,1.0099999904632568,0.8581231236457825,
6.368,-4.710000038146973,-4.7280097007751465,0.8600000143051147,0.8594369292259216,
6.378,-4.760000228881836,-4.750402927398682,0.7900000214576721,0.8108310699462891,
6.388,-4.289999961853027,-4.428121089935303,1,0.9432493448257446,
6.398,-4.159999847412109,-4.240436553955078,1.2599999904632568,1.1649748086929321,
6.408,-4.619999885559082,-4.506130695343018,1.409999966621399,1.3364924192428589,
6.418,-4.449999809265137,-4.46683931350708,1.6799999475479126,1.5769476890563965,
6.428,-4.050000190734863,-4.175051689147949,1.600000023841858,1.5930843353271484,
6.438,-4.070000171661377,-4.101515293121338,2,1.8779252767562866,
6.448,-4.190000057220459,-4.163454532623291,2.4000000953674316,2.243377685546875,
6.458,-4.099999904632568,-4.1190361976623535,2.450000047683716,2.3880133628845215,
6.468,-3.9700000286102295,-4.014710903167725,2.3399999141693115,2.3544039726257324,
6.478,-3.8499999046325684,-3.8994133472442627,2.0299999713897705,2.127321243286133,
6.488,-3.7300000190734863,-3.7808239459991455,2.630000114440918,2.479196310043335,
6.498,-3.7699999809265137,-3.773247241973877,2.799999952316284,2.703758955001831,
6.508,-3.5899999141693115,-3.6449742317199707,3.0399999618530273,2.9391276836395264,
6.518,-3.4800000190734863,-3.529492139816284,2.930000066757202,2.9327383041381836,
6.528,-3.450000047683716,-3.4738476276397705,2.859999895095825,2.881821393966675,
6.538,-3.630000114440918,-3.5831542015075684,2.9600000381469727,2.9365463256835938,
6.548,-3.430000066757202,-3.4759461879730225,3.240000009536743,3.1489639282226562,
6.558,-3.2100000381469727,-3.2897837162017822,2.9700000286102295,3.0236892700195312,
6.568,-3.4100000858306885,-3.3739349842071533,2.990000009536743,3.0001068115234375,
6.578,-2.950000047683716,-3.0771806240081787,2.6700000762939453,2.7690320014953613,
6.588,-3.319999933242798,-3.2471542358398438,3.119999885559082,3.014709711074829,
6.598,-3.4700000286102295,-3.403146266937256,3.2699999809265137,3.1934127807617188,
6.608,-3.0199999809265137,-3.134943962097168,2.950000047683716,3.023023843765259,
6.618,-3.180000066757202,-3.166483163833618,2.990000009536743,2.9999072551727295,
6.628,-3.1500000953674316,-3.154944896697998,3,2.999972105026245,
6.638,-2.619999885559082,-2.7804834842681885,2.8499999046325684,2.894991636276245,
6.648,-2.700000047683716,-2.72414493560791,3.069999933242798,3.0174975395202637,
6.658,-2.859999895095825,-2.8192434310913086,3.0799999237060547,3.061249256134033,
6.668,-2.5799999237060547,-2.651772975921631,2.9200000762939453,2.962374687194824,
6.678,-2.7699999809265137,-2.734531879425049,3,2.9887123107910156,
6.688,-2.7100000381469727,-2.7173595428466797,2.809999942779541,2.8636136054992676,
6.698,-2.609999895095825,-2.6422078609466553,2.5399999618530273,2.6370840072631836,
6.708,-2.7200000286102295,-2.696662425994873,2.6700000762939453,2.660125255584717,
6.718,-2.7799999713897705,-2.7549986839294434,2.569999933242798,2.5970375537872314,
6.728,-2.609999895095825,-2.6534996032714844,2.5,2.529111385345459,
6.738,-2.4600000381469727,-2.518049955368042,2.4100000858306885,2.4457333087921143,
6.748,-2.5399999618530273,-2.5334150791168213,2.2699999809265137,2.3227200508117676,
6.758,-2.4800000190734863,-2.4960246086120605,2.1500000953674316,2.2018160820007324,
6.768,-2.5899999141693115,-2.56180739402771,2.009999990463257,2.067544937133789,
6.778,-2.6700000762939453,-2.637542247772217,1.899999976158142,1.950263500213623,
6.788,-2.640000104904175,-2.6392626762390137,1.690000057220459,1.7680790424346924,
6.798,-2.490000009536743,-2.5347788333892822,1.3700000047683716,1.4894237518310547,
6.808,-2.5799999237060547,-2.5664336681365967,1.2699999809265137,1.335827112197876,
6.818,-2.440000057220459,-2.4779300689697266,1.0499999523162842,1.1357481479644775,
6.828,-2.299999952316284,-2.353379011154175,0.9399999976158142,0.9987244606018066,
6.839,-2.4600000381469727,-2.428013801574707,0.6399999856948853,0.7476173639297485,
6.848,-2.390000104904175,-2.4014041423797607,0.3499999940395355,0.4692852199077606,
6.858,-2.299999952316284,-2.330421209335327,0.05000000074505806,0.17578557133674622,
6.868,-2.680000066757202,-2.5751264095306396,-0.23999999463558197,-0.11526431888341904,
6.878,-2.640000104904175,-2.6205379962921143,-0.47999998927116394,-0.3705793023109436,
6.888,-2.619999885559082,-2.620161294937134,-0.6899999976158142,-0.594173789024353,
6.898,-2.450000047683716,-2.5010483264923096,-1.059999942779541,-0.9202521443367004,
6.908,-2.450000047683716,-2.4653143882751465,-1.059999942779541,-1.018075704574585,
6.918,-2.430000066757202,-2.44059419631958,-1.2599999904632568,-1.187422752380371,
6.928,-2.5,-2.482178211212158,-1.5299999713897705,-1.4272267818450928,
6.938,-2.5399999618530273,-2.522653341293335,-1.9299999475479126,-1.7791680097579956,
6.948,-2.490000009536743,-2.499795913696289,-2.140000104904175,-2.031750440597534,
6.958,-2.490000009536743,-2.492938756942749,-2.140000104904175,-2.107525110244751,
6.968,-2.5199999809265137,-2.5118815898895264,-2.3399999141693115,-2.2702574729919434,
6.978,-2.7699999809265137,-2.6925644874572754,-2.609999895095825,-2.5080771446228027,
6.988,-2.7699999809265137,-2.746769428253174,-2.75,-2.6774232387542725,
6.998,-2.619999885559082,-2.6580307483673096,-2.869999885559082,-2.8122270107269287,
7.008,-2.5299999713897705,-2.5684092044830322,-3.2300000190734863,-3.104668140411377,
7.018,-2.450000047683716,-2.485522747039795,-3.3299999237060547,-3.2624003887176514,
7.028,-2.5299999713897705,-2.5166568756103516,-3.490000009536743,-3.421720027923584,
7.038,-3.440000057220459,-3.162997007369995,-5.889999866485596,-5.1495161056518555,
7.048,-3.440000057220459,-3.3568990230560303,-3.930000066757202,-4.2958550453186035,
7.058,-2.759999990463257,-2.9390697479248047,-5.190000057220459,-4.921756744384766,
7.068,-2.7699999809265137,-2.820720911026001,-5.090000152587891,-5.03952693939209,
7.078,-2.450000047683716,-2.561216354370117,-4.849999904632568,-4.906857967376709,
7.088,-1.5299999713897705,-1.839365005493164,-4.679999828338623,-4.7480573654174805,
7.099,-2.0399999618530273,-1.9798095226287842,-4.940000057220459,-4.88241720199585,
7.108,-2.140000104904175,-2.09194278717041,-5.489999771118164,-5.307724952697754,
7.118,-2.259999990463257,-2.209582805633545,-5.760000228881836,-5.624317646026611,
7.128,-2.200000047683716,-2.2028748989105225,-5.75,-5.712295055389404,
7.138,-0.9200000166893005,-1.3048624992370605,-3.559999942779541,-4.2056884765625,
7.148,-1.350000023841858,-1.3364588022232056,-3.859999895095825,-3.9637064933776855,
7.158,-1.9800000190734863,-1.7869375944137573,-4.329999923706055,-4.220111846923828,
7.168,-2.109999895095825,-2.0130813121795654,-4.53000020980835,-4.437033653259277,
7.178,-2.2300000190734863,-2.164924383163452,-4.360000133514404,-4.383110046386719,
7.188,-1.8600000143051147,-1.951477289199829,-4.349999904632568,-4.359932899475098,
7.198,-1.7400000095367432,-1.803443193435669,-4.900000095367432,-4.737979888916016,
7.208,-1.1699999570846558,-1.3600329160690308,-4.659999847412109,-4.683393955230713,
7.218,-1.2799999713897705,-1.3040099143981934,-5.090000152587891,-4.968018054962158,
7.228,-1.3799999952316284,-1.3572030067443848,-4.980000019073486,-4.976405143737793,
7.238,-1.7300000190734863,-1.6181608438491821,-5.170000076293945,-5.111921310424805,
7.248,-1.850000023841858,-1.7804481983184814,-4.210000038146973,-4.480576515197754,
7.258,-1.9299999475479126,-1.8851344585418701,-4.119999885559082,-4.228172779083252,
7.268,-2.049999952316284,-2.000540256500244,-3.7300000190734863,-3.8794519901275635,
7.278,-2.5,-2.3501620292663574,-4.329999923706055,-4.194835662841797,
7.288,-1.8799999952316284,-2.0210485458374023,-4.329999923706055,-4.289450645446777,
7.298,-1.7000000476837158,-1.7963145971298218,-3.8399999141693115,-3.974835157394409,
7.308,-1.6799999475479126,-1.714894413948059,-3.4700000286102295,-3.621450662612915,
7.318,-1.649999976158142,-1.6694684028625488,-3.259999990463257,-3.3684351444244385,
7.328,-1.409999966621399,-1.4878405332565308,-2.940000057220459,-3.068530559539795,
7.338,-1.7699999809265137,-1.6853522062301636,-2.7899999618530273,-2.8735592365264893,
7.348,-1.909999966621399,-1.842605710029602,-2.490000009536743,-2.605067729949951,
7.358,-1.5099999904632568,-1.6097817420959473,-1.8799999952316284,-2.097520351409912,
7.368,-1.8700000047683716,-1.7919344902038574,-1.2699999809265137,-1.5182560682296753,
7.378,-1.850000023841858,-1.832580327987671,-1.3200000524520874,-1.37947678565979,
7.388,-1.6399999856948853,-1.697774052619934,-1.159999966621399,-1.225843071937561,
7.398,-1.3200000524520874,-1.4333322048187256,-0.5,-0.7177529335021973,
7.408,-1.1299999952316284,-1.2209997177124023,-0.36000001430511475,-0.467325896024704,
7.418,-0.8999999761581421,-0.9962999224662781,0.07000000029802322,-0.09119776636362076,
7.428,-1.1200000047683716,-1.0828900337219238,0.3499999940395355,0.21764066815376282,
7.438,-1.2599999904632568,-1.206866979598999,0.3799999952316284,0.33129221200942993,
7.448,-1.2999999523162842,-1.2720600366592407,0.8799999952316284,0.7153876423835754,
7.458,-1.0499999523162842,-1.116618037223816,1.090000033378601,0.9776163101196289,
7.468,-1.2100000381469727,-1.1819853782653809,1.1399999856948853,1.0912848711013794,
7.478,-1.159999966621399,-1.1665955781936646,1.340000033378601,1.2653855085372925,
7.488,-0.7699999809265137,-0.8889786601066589,1.4600000381469727,1.4016156196594238,
7.498,-0.8600000143051147,-0.8686935901641846,1.7400000095367432,1.6384847164154053,
7.508,-0.5400000214576721,-0.6386080980300903,1.809999942779541,1.7585453987121582,
7.518,-0.23000000417232513,-0.3525824248790741,2.049999952316284,1.9625636339187622,
7.528,-0.49000000953674316,-0.4487747251987457,2.3299999237060547,2.21976900100708,
7.538,-0.5699999928474426,-0.5336323976516724,2.3299999237060547,2.2969307899475098,
7.549,-0.44999998807907104,-0.4750897288322449,2.369999885559082,2.348079204559326,
7.558,-0.4300000071525574,-0.4435269236564636,2.700000047683716,2.594423770904541,
7.568,-0.03999999910593033,-0.16105808317661285,2.8499999046325684,2.773327112197876,
7.578,0.07000000029802322,0.00068257050588727,3.0999999046325684,3.00199818611145,
7.588,-0.2199999988079071,-0.15379522740840912,3.240000009536743,3.1685993671417236,
7.598,0.23999999463558197,0.12186142802238464,3.200000047683716,3.190579891204834,
7.608,0.44999998807907104,0.3515584170818329,3.549999952316284,3.442173957824707,
7.618,0.49000000953674316,0.44846752285957336,3.700000047683716,3.622652292251587,
7.628,0.3400000035762787,0.37254026532173157,3.890000104904175,3.809795618057251,
7.638,0.5299999713897705,0.48276206851005554,4.139999866485596,4.040938854217529,
7.648,0.8600000143051147,0.7468286156654358,5.730000019073486,5.2232818603515625,
7.658,0.6200000047683716,0.6580485701560974,5.460000038146973,5.388984680175781,
7.668,0.9800000190734863,0.8834145665168762,5.139999866485596,5.214695453643799,
7.678,0.46000000834465027,0.5870243906974792,6.699999809265137,6.254408359527588,
7.688,1.1100000143051147,0.9531072974205017,5.320000171661377,5.600322723388672,
7.698,2.5299999713897705,2.056932210922241,7.159999847412109,6.692096710205078,
7.708,1.8300000429153442,1.8980796337127686,7.940000057220459,7.565629005432129,
7.718,1.2599999904632568,1.4514238834381104,5.980000019073486,6.455688953399658,
7.728,-0.25999999046325684,0.2534271776676178,1.4800000190734863,2.9727067947387695,
7.738,-0.3700000047683716,-0.18297183513641357,2.299999952316284,2.501811981201172,
7.748,1.0399999618530273,0.6731084585189819,3.559999942779541,3.2425436973571777,
7.758,2.2200000286102295,1.7559325695037842,4.880000114440918,4.388762950897217,
7.768,1.4299999475479126,1.5277796983718872,4.119999885559082,4.200628757476807,
7.778,0.9200000166893005,1.102333903312683,3.450000047683716,3.6751885414123535,
7.788,0.75,0.8557001948356628,3.319999933242798,3.4265565872192383,
7.798,2.5999999046325684,2.0767099857330322,4.21999979019165,3.981966972351074,
7.809,1.909999966621399,1.9600130319595337,5.130000114440918,4.785590171813965,
7.818,0.800000011920929,1.1480039358139038,4.409999847412109,4.522676944732666,
7.828,-0.3100000023841858,0.1274011880159378,3.140000104904175,3.5548031330108643,
7.838,0.5199999809265137,0.40222033858299255,4.670000076293945,4.3354411125183105,
7.848,0.8100000023841858,0.687666118144989,4.690000057220459,4.583632469177246,
7.858,1.100000023841858,0.9762998223304749,3.9800000190734863,4.161089897155762,
7.868,0.6299999952316284,0.7338899374008179,4.599999904632568,4.468327045440674,
7.878,0.17000000178813934,0.3391669988632202,4.610000133514404,4.567498207092285,
7.888,0.6800000071525574,0.5777500867843628,4.079999923706055,4.226249694824219,
7.898,1.6100000143051147,1.3003250360488892,3.9000000953674316,3.9978749752044678,
7.908,1.399999976158142,1.3700975179672241,3.990000009536743,3.9923624992370605,
7.918,0.9599999785423279,1.0830292701721191,3.7300000190734863,3.808708906173706,
7.928,1.409999966621399,1.3119087219238281,3.7699999809265137,3.7816126346588135,
7.939,1.4900000095367432,1.436572551727295,3.819999933242798,3.808483839035034,
7.948,1.649999976158142,1.585971713066101,3.25,3.4175450801849365,
7.958,1.809999942779541,1.7427915334701538,3.0799999237060547,3.1812634468078613,
7.968,1.4800000190734863,1.5588374137878418,2.880000114440918,2.970379114151001,
7.978,1.4700000286102295,1.4966511726379395,2.759999990463257,2.8231136798858643,
7.988,2.4800000190734863,2.184995412826538,2.9600000381469727,2.9189341068267822,
7.998,2.2699999809265137,2.2444984912872314,2.9100000858306885,2.912680149078369,
8.008,2.009999990463257,2.0803494453430176,2.509999990463257,2.6308040618896484,
8.018,2.3499999046325684,2.2691047191619873,2.069999933242798,2.238241195678711,
8.028,2.630000114440918,2.521731376647949,2.690000057220459,2.5544724464416504,
8.038,2.569999933242798,2.5555193424224854,2.450000047683716,2.481341600418091,
8.048,2.809999942779541,2.7336559295654297,2.1600000858306885,2.2564024925231934,
8.058,2.7799999713897705,2.766096830368042,2.0199999809265137,2.0909206867218018,
8.068,2.740000009536743,2.747828960418701,1.8700000047683716,1.9362761974334717,
8.078,2.930000066757202,2.8753488063812256,1.7599999904632568,1.812882900238037,
8.088,2.940000057220459,2.920604705810547,1.9600000381469727,1.9158648252487183,
8.098,2.8499999046325684,2.8711814880371094,1.6200000047683716,1.7087594270706177,
8.108,3.3399999141693115,3.199354410171509,0.9100000262260437,1.1496278047561646,
8.118,3.7200000286102295,3.5638062953948975,0.7400000095367432,0.8628883361816406,
8.128,3.359999895095825,3.4211418628692627,1.1100000143051147,1.0358664989471436,
8.138,3.690000057220459,3.609342575073242,0.9200000166893005,0.954759955406189,
8.148,3.700000047683716,3.672802686691284,0.6299999952316284,0.7274280190467834,
8.158,3.3499999046325684,3.446840763092041,0.20000000298023224,0.3582284152507782,
8.168,3.640000104904175,3.582052230834961,-0.05999999865889549,0.06546853482723236,
8.178,4.070000171661377,3.9236156940460205,-0.1599999964237213,-0.09235943853855133,
8.188,3.7799999713897705,3.823084831237793,-0.10999999940395355,-0.10470782965421677,
8.198,3.869999885559082,3.8559253215789795,-0.4099999964237213,-0.31841233372688293,
8.208,4.269999980926514,4.145777702331543,-0.6899999976158142,-0.5785236954689026,
8.218,4.179999828338623,4.16973352432251,-0.9300000071525574,-0.8245571255683899,
8.228,4.070000171661377,4.09991979598999,-1.190000057220459,-1.080367088317871,
8.238,4.21999979019165,4.183975696563721,-1.409999966621399,-1.3111101388931274,
8.248,4.019999980926514,4.069192886352539,-1.6299999952316284,-1.5343329906463623,
8.258,3.690000057220459,3.803757905960083,-2.109999895095825,-1.9372998476028442,
8.268,3.8299999237060547,3.822127342224121,-2.3499999046325684,-2.2261898517608643,
8.278,3.7100000381469727,3.743638277053833,-2.380000114440918,-2.3338570594787598,
8.288,3.490000009536743,3.566091537475586,-2.890000104904175,-2.7231571674346924,
8.298,3.690000057220459,3.652827501296997,-3.2300000190734863,-3.0779471397399902,
8.308,3.700000047683716,3.6858482360839844,-3.359999895095825,-3.2753841876983643,
8.318,3.569999933242798,3.6047544479370117,-4.539999961853027,-4.16061544418335,
8.328,2.4200000762939453,2.7754263877868652,-4.309999942779541,-4.26518440246582,
8.338,2.7200000286102295,2.7366278171539307,-5.239999771118164,-4.947555065155029,
8.348,1.7300000190734863,2.0319883823394775,-5.090000152587891,-5.047266483306885,
8.358,2.7100000381469727,2.506596565246582,-6.099999904632568,-5.784180164337158,
8.368,1.9299999475479126,2.1029789447784424,-4.71999979019165,-5.039254188537598,
8.378,1.7000000476837158,1.82089364528656,-7.25,-6.586776256561279,
8.388,1.6399999856948853,1.6942681074142456,-6.46999979019165,-6.505033016204834,
8.398,0.9700000286102295,1.1872804164886475,-7.550000190734863,-7.236509799957275,
8.408,1.3300000429153442,1.2871841192245483,-6.75,-6.895953178405762,
8.418,1.1200000047683716,1.1701552867889404,-5.25,-5.743785858154297,
8.428,0.4099999964237213,0.6380465626716614,-3.7100000381469727,-4.320135593414307,
8.438,0.75,0.7164139747619629,-4.889999866485596,-4.719040870666504,
8.448,-1.2000000476837158,-0.6250757575035095,-4.800000190734863,-4.775712490081787,
8.458,-1.0099999904632568,-0.8945227265357971,-5.260000228881836,-5.114713668823242,
8.468,-1.159999966621399,-1.0803568363189697,-4.03000020980835,-4.355413913726807,
8.478,-1.6699999570846558,-1.4931070804595947,-5.010000228881836,-4.813623905181885,
8.488,-1.159999966621399,-1.2599321603775024,-4.539999961853027,-4.622087001800537,
8.498,-1.9299999475479126,-1.7289795875549316,-4.25,-4.361626148223877,
8.508,-2.8299999237060547,-2.4996938705444336,-4.869999885559082,-4.717487812042236,
8.518,-2.609999895095825,-2.5769081115722656,-4.210000038146973,-4.362246513366699,
8.528,-3.1500000953674316,-2.97807240486145,-4.440000057220459,-4.4166741371154785,
8.538,-2.2899999618530273,-2.4964218139648438,-4.900000095367432,-4.755002021789551,
8.548,-4.010000228881836,-3.555926561355591,-4.71999979019165,-4.7305006980896,
8.558,-4.380000114440918,-4.132778167724609,-4.659999847412109,-4.681149959564209,
8.568,-4.070000171661377,-4.088833332061768,-3.9600000381469727,-4.176344871520996,
8.578,-3.319999933242798,-3.550649881362915,-3.9800000190734863,-4.03890323638916,
8.588,-4.440000057220459,-4.173194885253906,-2.930000066757202,-3.2626709938049316,
8.598,-4.550000190734863,-4.436958312988281,-2.8499999046325684,-2.973801374435425,
8.608,-4.340000152587891,-4.3690876960754395,-2.7799999713897705,-2.8381404876708984,
8.618,-4.670000076293945,-4.579726219177246,-2.309999942779541,-2.46844220161438,
8.628,-4.96999979019165,-4.852917671203613,-1.8799999952316284,-2.056532621383667,
8.638,-4.789999961853027,-4.808875560760498,-1.5299999713897705,-1.6879597902297974,
8.648,-5.050000190734863,-4.977662563323975,-0.7200000286102295,-1.010387897491455,
8.658,-6.059999942779541,-5.7352986335754395,0.25999999046325684,-0.12111638486385345,
8.668,-5.260000228881836,-5.402589797973633,-0.4000000059604645,-0.31633490324020386,
8.678,-4.809999942779541,-4.987776756286621,-0.029999999329447746,-0.11590047180652618,
8.688,-4.949999809265137,-4.961333274841309,0.6100000143051147,0.3922298550605774,
8.698,-4.650000095367432,-4.7434000968933105,0.5199999809265137,0.48166894912719727,
8.708,-4.849999904632568,-4.818019866943359,0.8299999833106995,0.7255007028579712,
8.718,-5.380000114440918,-5.2114057540893555,1.3600000143051147,1.1696501970291138,
8.728,-5.130000114440918,-5.154421806335449,1.309999942779541,1.2678951025009155,
8.738,-5.610000133514404,-5.473326683044434,1.2400000095367432,1.248368501663208,
8.748,-4.949999809265137,-5.106997966766357,0.8100000023841858,0.9415105581283569,
8.758,-4.849999904632568,-4.927099227905273,1.059999942779541,1.0244531631469727,
8.768,-5.099999904632568,-5.048130035400391,1.0800000429153442,1.0633360147476196,
8.778,-5.929999828338623,-5.665439128875732,1.4700000286102295,1.3480007648468018,
8.788,-5.25,-5.374631881713867,1.6299999952316284,1.5454002618789673,
8.798,-4.849999904632568,-5.007389545440674,1.5299999713897705,1.5346200466156006,
8.808,-4.389999866485596,-4.575216770172119,2.240000009536743,2.028386116027832,
8.818,-3.619999885559082,-3.906564950942993,2.109999895095825,2.0855157375335693,
8.828,-4.059999942779541,-4.013969421386719,2.4800000190734863,2.361654758453369,
8.838,-3.759999990463257,-3.836190700531006,2.7699999809265137,2.647496461868286,
8.849,-2.3299999237060547,-2.7818572521209717,2.5,2.5442490577697754,
8.858,-2.819999933242798,-2.8085572719573975,2.869999885559082,2.7722747325897217,
8.868,-2.690000057220459,-2.725567102432251,2.430000066757202,2.532682418823242,
8.878,-3.0199999809265137,-2.9316701889038086,3.25,3.0348048210144043,
8.888,-2.200000047683716,-2.4195010662078857,2.950000047683716,2.9754414558410645,
8.898,-2.549999952316284,-2.510850429534912,3.2899999618530273,3.1956324577331543,
8.908,-2.7200000286102295,-2.657255172729492,4.840000152587891,4.346689701080322,
8.918,-1.8200000524520874,-2.071176528930664,3.809999942779541,3.9710068702697754,
8.928,-1.600000023841858,-1.741352915763855,4.070000171661377,4.04030179977417,
8.938,-1.5,-1.5724059343338013,5.260000228881836,4.89409065246582,
8.948,-0.27000001072883606,-0.6607217788696289,4.539999961853027,4.6462273597717285,
8.958,-1.0700000524520874,-0.9472165107727051,4.739999771118164,4.7118682861328125,
8.968,0.15000000596046448,-0.17916496098041534,4.210000038146973,4.360560417175293,
8.978,0.07999999821186066,0.0022505084052681923,4.670000076293945,4.577167987823486,
8.988,0.5400000214576721,0.3786751329898834,4.840000152587891,4.761150360107422,
8.998,0.23999999463558197,0.28160253167152405,6.079999923706055,5.684345245361328,
9.008,1.3600000143051147,1.0364807844161987,5.699999809265137,5.695303440093994,
9.018,0.15000000596046448,0.41594424843788147,6.389999866485596,6.181591033935547,
9.028,1.0700000524520874,0.8737832903862,6.28000020980835,6.250477313995361,
9.038,-1.1699999570846558,-0.5568649768829346,4.429999828338623,4.9761433601379395,
9.048,0.17000000178813934,-0.04805949702858925,2.869999885559082,3.501842975616455,
9.058,-0.4300000071525574,-0.3154178559780121,2.8399999141693115,3.03855299949646,
9.068,-0.4300000071525574,-0.39562535285949707,2.8399999141693115,2.8995659351348877,
9.078,0.5099999904632568,0.23831239342689514,3.799999952316284,3.529869794845581,
9.088,2.4700000286102295,1.8004937171936035,4.809999942779541,4.425961017608643,
9.098,2.119999885559082,2.0241482257843018,4.340000152587891,4.365788459777832,
9.108,2.5,2.3572444915771484,5.079999923706055,4.865736484527588,
9.118,2.5,2.4571733474731445,5.079999923706055,5.015720844268799,
9.128,3.319999933242798,3.0611519813537598,4.900000095367432,4.93471622467041,
9.138,1.4800000190734863,1.9543455839157104,2.5999999046325684,3.300414800643921,
9.148,1.100000023841858,1.3563036918640137,2.630000114440918,2.8311245441436768,
9.158,2.130000114440918,1.8978911638259888,3.559999942779541,3.3413374423980713,
9.168,2.130000114440918,2.0603673458099365,3.559999942779541,3.494401216506958,
9.178,3.4200000762939453,3.0121102333068848,4.420000076293945,4.142320156097412,
9.188,3.3299999237060547,3.234632968902588,3.890000104904175,3.965696096420288,
9.198,3.5799999237060547,3.4763898849487305,3.75,3.814708709716797,
9.208,3.3499999046325684,3.3879170417785645,3.759999990463257,3.7764124870300293,
9.218,3.690000057220459,3.5993752479553223,3.380000114440918,3.4989237785339355,
9.228,3.509999990463257,3.5368125438690186,3.059999942779541,3.1916770935058594,
9.238,2.7899999618530273,3.0140438079833984,3.1700000762939453,3.1765031814575195,
9.248,3.3399999141693115,3.242213249206543,3.2200000286102295,3.2069509029388428,
9.258,3.240000009536743,3.240664005279541,3.940000057220459,3.7200851440429688,
9.268,3.8399999141693115,3.6601991653442383,3.4600000381469727,3.5380256175994873,
9.278,3.2699999809265137,3.3870596885681152,3.1700000762939453,3.280407667160034,
9.288,3.6700000762939453,3.585117816925049,2.619999885559082,2.818122386932373,
9.298,3.809999942779541,3.742535352706909,2.4100000858306885,2.5324366092681885,
9.308,3.9000000953674316,3.8527605533599854,3.1500000953674316,2.964730978012085,
9.318,4.429999828338623,4.256828308105469,2.7899999618530273,2.842419385910034,
9.328,3.819999933242798,3.9510486125946045,2.6500000953674316,2.707725763320923,
9.338,4.230000019073486,4.14631462097168,2.059999942779541,2.2543177604675293,
9.348,4.510000228881836,4.400894641876221,2.259999990463257,2.2582952976226807,
9.358,4.139999866485596,4.218268394470215,3.0199999809265137,2.7914886474609375,
9.368,4.329999923706055,4.296480655670166,2.549999952316284,2.6224465370178223,
9.378,4.829999923706055,4.6699442863464355,1.6299999952316284,1.9277340173721313,
9.388,3.9700000286102295,4.179983139038086,2.2699999809265137,2.1673202514648438,
9.398,4.099999904632568,4.123994827270508,2.190000057220459,2.1831960678100586,
9.408,4.340000152587891,4.275198459625244,2.2200000286102295,2.208958864212036,
9.418,5.21999979019165,4.936559677124023,3.569999933242798,3.1616876125335693,
9.428,3.799999952316284,4.140967845916748,1.8600000143051147,2.2505061626434326,
9.438,3.569999933242798,3.741290330886841,1.850000023841858,1.9701519012451172,
9.448,4.380000114440918,4.188386917114258,1.8200000524520874,1.8650455474853516,
9.458,3.6500000953674316,3.811516046524048,1.649999976158142,1.7145136594772339,
9.468,5.079999923706055,4.6994547843933105,2.359999895095825,2.166354179382324,
9.478,4.070000171661377,4.258836269378662,1.9700000286102295,2.0289063453674316,
9.488,4,4.077651023864746,1.3200000524520874,1.5326719284057617,
9.498,4.019999980926514,4.037295341491699,1.3700000047683716,1.4188015460968018,
9.508,3.430000066757202,3.6121885776519775,1.090000033378601,1.1886404752731323,
9.518,2.9600000381469727,3.155656576156616,0.8999999761581421,0.9865921139717102,
9.528,3.3499999046325684,3.2916970252990723,0.7400000095367432,0.8139776587486267,
9.538,3.2200000286102295,3.241509199142456,0.25,0.419193297624588,
9.548,3.0199999809265137,3.0864527225494385,0.25999999046325684,0.30775800347328186,
9.558,3.049999952316284,3.0609357357025146,0,0.09232740104198456,
9.568,2.890000104904175,2.9412808418273926,0.019999999552965164,0.04169822111725807,
9.578,2.4100000858306885,2.5693843364715576,-0.4699999988079071,-0.3164905309677124,
9.588,1.940000057220459,2.128815174102783,-0.550000011920929,-0.47994714975357056,
9.598,1.75,1.8636445999145508,-0.8299999833106995,-0.7249841690063477,
9.608,1.350000023841858,1.5040934085845947,-0.949999988079071,-0.8824952244758606,
9.618,1.2599999904632568,1.3332279920578003,-1.090000033378601,-1.0277485847473145,
9.628,1.1399999856948853,1.1979683637619019,-1.2999999523162842,-1.2183245420455933,
9.638,0.5400000214576721,0.7373905181884766,-1.5,-1.4154973030090332,
9.648,0.5199999809265137,0.5852171778678894,-1.4700000286102295,-1.4536491632461548,
9.658,0.38999998569488525,0.44856515526771545,-1.649999976158142,-1.591094732284546,
9.668,0.05000000074505806,0.16956955194473267,-1.809999942779541,-1.7443283796310425,
9.678,-0.550000011920929,-0.33412912487983704,-2.240000009536743,-2.0912985801696777,
9.688,-0.5,-0.45023873448371887,-2.5899999141693115,-2.440389633178711,
9.698,-0.8700000047683716,-0.7440716028213501,-2.509999990463257,-2.489116907119751,
9.708,-1.340000033378601,-1.1612215042114258,-2.8299999237060547,-2.7277350425720215,
9.718,-1.4800000190734863,-1.3843663930892944,-2.950000047683716,-2.8833205699920654,
9.728,-1.5099999904632568,-1.472309947013855,-3.1700000762939453,-3.083996057510376,
9.738,-1.6699999570846558,-1.6106929779052734,-3.3499999046325684,-3.2701988220214844,
9.748,-1.5299999713897705,-1.5542079210281372,-3.7799999713897705,-3.6270596981048584,
9.758,-1.7100000381469727,-1.6632623672485352,-4.079999923706055,-3.944118022918701,
9.768,-2.5899999141693115,-2.311978816986084,-6.159999847412109,-5.495235443115234,
9.778,-3.0899999141693115,-2.856593608856201,-4.78000020980835,-4.994570732116699,
9.788,-2.569999933242798,-2.655978202819824,-6.670000076293945,-6.1673712730407715,
9.798,-2.130000114440918,-2.2877933979034424,-6.949999809265137,-6.715211391448975,
9.808,-1.6200000047683716,-1.8203380107879639,-6.599999904632568,-6.634563446044922,
9.818,-1.7400000095367432,-1.7641013860702515,-7.309999942779541,-7.1073689460754395,
9.828,-1.6299999952316284,-1.6702303886413574,-8.369999885559082,-7.991210460662842,
9.839,1.1399999856948853,0.29693084955215454,-1.9700000286102295,-3.7763631343841553,
9.848,-0.05000000074505806,0.05407926067709923,-5.579999923706055,-5.038908958435059,
9.858,-1.909999966621399,-1.3207762241363525,-3.240000009536743,-3.779672622680664,
9.868,-3.619999885559082,-2.9302327632904053,-5.360000133514404,-4.885901927947998,
9.878,-2.7899999618530273,-2.8320698738098145,-4.329999923706055,-4.49677038192749,
9.888,-3.490000009536743,-3.292620897293091,-5.710000038146973,-5.346031188964844,
9.898,-0.6499999761581421,-1.4427863359451294,-4.940000057220459,-5.061809539794922,
9.908,-0.05000000074505806,-0.4678359031677246,-3.569999933242798,-4.017542839050293,
9.918,-0.7599999904632568,-0.6723507642745972,-4.840000152587891,-4.593262672424316,
9.928,-1.5199999809265137,-1.2657052278518677,-4.150000095367432,-4.282978534698486,
9.938,0.17000000178813934,-0.2607116103172302,-2.990000009536743,-3.3778936862945557,
9.948,-0.7900000214576721,-0.6312134861946106,-3.0899999141693115,-3.176367998123169,
9.958,-1.5099999904632568,-1.2463639974594116,-4.369999885559082,-4.011910438537598,
9.968,-2.630000114440918,-2.214909076690674,-3.3399999141693115,-3.5415732860565186,
9.978,-1.5499999523162842,-1.749472737312317,-3.2899999618530273,-3.365471839904785,
9.988,-1.850000023841858,-1.8198418617248535,-2.690000057220459,-2.892641544342041,
9.998,-0.4300000071525574,-0.8469525575637817,-2.2699999809265137,-2.4567923545837402,
10.008,-1.1799999475479126,-1.0800857543945312,-1.7899999618530273,-1.9900376796722412,
10.018,-1.0399999618530273,-1.0520257949829102,-1.909999966621399,-1.9340113401412964,
10.028,-0.5600000023841858,-0.7076077461242676,-1.0499999523162842,-1.3152034282684326,
10.038,-1.340000033378601,-1.1502822637557983,-0.8799999952316284,-1.0105609893798828,
10.048,-1.3899999856948853,-1.318084716796875,-0.7599999904632568,-0.8351683020591736,
10.058,-1.7200000286102295,-1.5994254350662231,-0.3499999940395355,-0.4955505132675171,
10.068,-1.8700000047683716,-1.788827657699585,0.5099999904632568,0.20833483338356018,
10.078,-1.9900000095367432,-1.9296482801437378,0.10999999940395355,0.1395004540681839,
10.088,-1.350000023841858,-1.5238944292068481,0.41999998688697815,0.3358501195907593,
10.098,-0.9599999785423279,-1.1291682720184326,0.9700000286102295,0.7797550559043884,
10.108,-1.1200000047683716,-1.1227505207061768,0.8500000238418579,0.8289265036582947,
10.118,-1.1699999570846558,-1.155825138092041,0.9399999976158142,0.9066779613494873,
10.128,-0.8100000023841858,-0.9137475490570068,1.2400000095367432,1.1400034427642822,
10.138,-1.4700000286102295,-1.303124189376831,1.6100000143051147,1.469001054763794,
10.148,-1.3600000143051147,-1.3429372310638428,1.659999966621399,1.6027003526687622,
10.158,-1.149999976158142,-1.207881212234497,1.6100000143051147,1.607810139656067,
10.168,-1.5199999809265137,-1.4263644218444824,1.6100000143051147,1.6093430519104004,
10.178,-1.3300000429153442,-1.3589093685150146,1.75,1.7078028917312622,
10.188,-0.9700000286102295,-1.0866727828979492,2.1700000762939453,2.0313408374786377,
10.198,-1.1299999952316284,-1.1170018911361694,2.009999990463257,2.016402244567871,
10.208,-0.5899999737739563,-0.7481005787849426,1.899999976158142,1.9349206686019897,
10.218,-0.3499999940395355,-0.46943017840385437,2.240000009536743,2.1484761238098145,
10.228,-0.8999999761581421,-0.7708290219306946,2.690000057220459,2.52754282951355,
10.238,-0.9399999976158142,-0.8892487287521362,2.2899999618530273,2.361262798309326,
10.248,-0.8199999928474426,-0.8407745957374573,2.450000047683716,2.4233787059783936,
10.258,-0.7400000095367432,-0.7702323794364929,2.450000047683716,2.4420135021209717,
10.268,-0.46000000834465027,-0.5530697107315063,2.5199999809265137,2.4966039657592773,
10.278,-0.25,-0.34092092514038086,2.680000066757202,2.624981164932251,
10.288,-0.33000001311302185,-0.33327627182006836,2.799999952316284,2.7474942207336426,
10.298,-0.3799999952316284,-0.36598289012908936,2.859999895095825,2.8262481689453125,
10.308,0.05999999865889549,-0.06779487431049347,2.9600000381469727,2.919874429702759,
10.318,0.14000000059604645,0.07766153663396835,2.9200000762939453,2.9199624061584473,
10.328,-0.15000000596046448,-0.08170153945684433,2.990000009536743,2.9689886569976807,
10.338,-0.009999999776482582,-0.03151046484708786,3.109999895095825,3.0676965713500977,
10.348,0.009999999776482582,-0.002453140215948224,3.1700000762939453,3.1393089294433594,
10.358,-0.019999999552965164,-0.014735941775143147,3.1500000953674316,3.1467926502227783,
10.368,0.46000000834465027,0.3175792098045349,3.4000000953674316,3.324037790298462,
10.378,0.5,0.445273756980896,3.450000047683716,3.4122114181518555,
10.388,0.30000001192092896,0.3435821235179901,3.5299999713897705,3.4946634769439697,
10.398,0.49000000953674316,0.44607463479042053,3.430000066757202,3.449398994445801,
10.408,0.5400000214576721,0.5118224024772644,3.5,3.4848196506500244,
10.418,0.38999998569488525,0.42654672265052795,3.630000114440918,3.5864458084106445,
10.428,0.6600000262260437,0.5899640321731567,3.430000066757202,3.476933717727661,
10.438,0.699999988079071,0.6669892072677612,3.390000104904175,3.4160802364349365,
10.448,0.6800000071525574,0.6760967373847961,3.2200000286102295,3.2788240909576416,
10.458,1.1799999475479126,1.0288289785385132,3.180000066757202,3.2096471786499023,
10.468,1.3600000143051147,1.2606487274169922,3.069999933242798,3.111894130706787,
10.478,1.3700000047683716,1.337194561958313,2.859999895095825,2.935568332672119,
10.488,1.5399999618530273,1.4791584014892578,2.640000104904175,2.728670597076416,
10.498,1.9600000381469727,1.8157474994659424,2.5199999809265137,2.5826010704040527,
10.508,1.9199999570846558,1.8887242078781128,2.4100000858306885,2.461780309677124,
10.518,1.9199999570846558,1.9106172323226929,2.2100000381469727,2.285534143447876,
10.528,2.0899999141693115,2.0361852645874023,1.7300000190734863,1.8966602087020874,
10.538,2.109999895095825,2.087855577468872,1.440000057220459,1.5769981145858765,
10.548,2.190000057220459,2.1593565940856934,1.2400000095367432,1.3410993814468384,
10.558,2.450000047683716,2.362807035446167,0.8100000023841858,0.969329833984375,
10.568,2.1600000858306885,2.220842123031616,0.5400000214576721,0.6687989830970764,
10.578,2.059999942779541,2.108252763748169,0.25999999046325684,0.38263970613479614,
10.588,2.0899999141693115,2.095475912094116,-0.07999999821186066,0.05879191681742668,
10.598,1.9800000190734863,2.0146427154541016,-0.75,-0.507362425327301,
10.608,1.899999976158142,1.9343928098678589,-0.9700000286102295,-0.8312087059020996,
10.618,1.75,1.8053178787231445,-1.1100000143051147,-1.026362657546997,
10.628,1.3700000047683716,1.5005953311920166,-1.75,-1.5329087972640991,
10.638,1.2300000190734863,1.3111785650253296,-2.0899999141693115,-1.9228726625442505,
10.648,1.2699999809265137,1.2823535203933716,-2.2799999713897705,-2.1728618144989014,
10.658,0.6499999761581421,0.8397060632705688,-2.8499999046325684,-2.6468584537506104,
10.668,0.33000001311302185,0.4829118251800537,-3.1600000858306885,-3.0060575008392334,
10.678,0.05999999865889549,0.18687355518341064,-3.2699999809265137,-3.19081711769104,
10.688,-0.20000000298023224,-0.08393792808055878,-3.7899999618530273,-3.6102452278137207,
10.698,-0.4099999964237213,-0.31218138337135315,-4.010000228881836,-3.890073537826538,
10.708,-0.5699999928474426,-0.492654412984848,-4.130000114440918,-4.0580220222473145,
10.718,-0.8799999952316284,-0.763796329498291,-4.269999980926514,-4.206406593322754,
10.728,-1.6699999570846558,-1.3981388807296753,-4.610000133514404,-4.488922119140625,
10.738,-1.7899999618530273,-1.6724416017532349,-4.650000095367432,-4.6016764640808105,
10.748,-3.4100000858306885,-2.888732433319092,-6.150000095367432,-5.685503005981445,
10.758,-3.299999952316284,-3.1766197681427,-5.070000171661377,-5.254651069641113,
10.768,-2.819999933242798,-2.9269859790802,-5.260000228881836,-5.258395195007324,
10.778,-3.7300000190734863,-3.489095687866211,-5.679999828338623,-5.553518295288086,
10.788,-3.7699999809265137,-3.6857287883758545,-5.429999828338623,-5.467055320739746,
10.798,-1.909999966621399,-2.442718744277954,-5.900000095367432,-5.770116806030273,
10.808,-3.759999990463257,-3.3648154735565186,-5.949999809265137,-5.896035194396973,
10.818,-1.2899999618530273,-1.9124447107315063,-3.7200000286102295,-4.372810363769531,
10.828,-2.200000047683716,-2.1137335300445557,-4.769999980926514,-4.650843143463135,
10.838,-1.8899999856948853,-1.9571200609207153,-3.390000104904175,-3.7682528495788574,
10.848,-2.990000009536743,-2.68013596534729,-3.2100000381469727,-3.3774757385253906,
10.858,-5.210000038146973,-4.451040744781494,-3.4100000858306885,-3.400242567062378,
10.868,-6.739999771118164,-6.053312301635742,-2.5,-2.7700726985931396,
10.878,-5.25,-5.490993499755859,-1.600000023841858,-1.9510217905044556,
10.888,-3.4200000762939453,-4.041297912597656,-1.4700000286102295,-1.6143065690994263,
10.898,-3.5399999618530273,-3.690389394760132,-2.119999885559082,-1.968291997909546,
10.908,-4.110000133514404,-3.984116792678833,-3.1700000762939453,-2.8094875812530518,
10.918,-4.320000171661377,-4.219234943389893,-1.100000023841858,-1.6128463745117188,
10.928,-3.9700000286102295,-4.04477071762085,-1.409999966621399,-1.4708539247512817,
10.938,-4.420000076293945,-4.307431221008301,0.009999999776482582,-0.4342561960220337,
10.948,-4.360000133514404,-4.344229221343994,-0.7200000286102295,-0.6342768669128418,
10.958,-6.050000190734863,-5.538268566131592,0,-0.19028307497501373,
10.968,-5.860000133514404,-5.7634806632995605,-0.20999999344348907,-0.20408491790294647,
10.978,-5.099999904632568,-5.299044132232666,0.28999999165534973,0.141774520277977,
10.988,-4,-4.389713287353516,0.1899999976158142,0.17553235590457916,
10.998,-4.329999923706055,-4.347914218902588,0.8799999952316284,0.6686596870422363,
11.008,-5.039999961853027,-4.832374095916748,1.4299999475479126,1.2015979290008545,
11.018,-4.650000095367432,-4.704712390899658,1.6799999475479126,1.5364793539047241,
11.028,-4.510000228881836,-4.568413734436035,1.809999942779541,1.727943778038025,
11.038,-4.389999866485596,-4.44352388381958,2.049999952316284,1.9533830881118774,
11.048,-4.519999980926514,-4.49705696105957,2.200000047683716,2.1260149478912354,
11.058,-4.599999904632568,-4.569117069244385,2.299999952316284,2.2478044033050537,
11.068,-4.730000019073486,-4.681735038757324,2.4600000381469727,2.396341323852539,
11.078,-4.119999885559082,-4.288520336151123,2.5199999809265137,2.4829022884368896,
11.088,-3.7100000381469727,-3.8835561275482178,2.9800000190734863,2.8308706283569336,
11.098,-3.4600000381469727,-3.587066888809204,2.890000104904175,2.8722612857818604,
11.108,-3.6500000953674316,-3.631120204925537,3.3499999046325684,3.2066783905029297,
11.118,-3.759999990463257,-3.7213361263275146,2.8299999237060547,2.9430034160614014,
11.128,-3.759999990463257,-3.7484006881713867,2.8299999237060547,2.863901138305664,
11.138,-3.359999895095825,-3.476520299911499,2.950000047683716,2.9241702556610107,
11.148,-2.380000114440918,-2.708956003189087,3.0299999713897705,2.998250961303711,
11.158,-2.930000066757202,-2.8636868000030518,3.3499999046325684,3.2444753646850586,
11.168,-2.7699999809265137,-2.7981059551239014,3.559999942779541,3.4653425216674805,
11.178,-2.7699999809265137,-2.7784318923950195,3.559999942779541,3.531602621078491,
11.188,-2.430000066757202,-2.534529447555542,2.869999885559082,3.0684807300567627,
11.198,-2.299999952316284,-2.370358943939209,3.1700000762939453,3.1395442485809326,
11.208,-2.490000009536743,-2.4541077613830566,3.4000000953674316,3.3218631744384766,
11.218,-2.299999952316284,-2.3462324142456055,4.579999923706055,4.202558994293213,
11.228,-1.809999942779541,-1.970869779586792,4.139999866485596,4.1587677001953125,
11.238,-1.5099999904632568,-1.6482609510421753,4.460000038146973,4.369630336761475,
11.248,-1.0299999713897705,-1.2154783010482788,4.650000095367432,4.56588888168335,
11.258,-0.5099999904632568,-0.7216435074806213,4.590000152587891,4.582766532897949,
11.268,-1.2799999713897705,-1.1124930381774902,5.199999809265137,5.014830112457275,
11.278,-1.2799999713897705,-1.2297478914260864,5.199999809265137,5.144449234008789,
11.288,-0.4000000059604645,-0.6489243507385254,4.5,4.693334579467773,
11.298,-0.3199999928474426,-0.41867730021476746,4.710000038146973,4.705000400543213,
11.308,-0.6499999761581421,-0.5806031823158264,4.559999942779541,4.6035003662109375,
11.319,0.20999999344348907,-0.027180956676602364,4.71999979019165,4.685050010681152,
11.328,0.20999999344348907,0.13884571194648743,4.71999979019165,4.70951509475708,
11.338,0,0.04165371507406235,4.340000152587891,4.450854301452637,
11.348,0.8899999856948853,0.6354960799217224,4.46999979019165,4.464256286621094,
11.358,1.309999942779541,1.1076488494873047,4.559999942779541,4.531276702880859,
11.368,1.4500000476837158,1.3472946882247925,4.21999979019165,4.313383102416992,
11.378,1.4500000476837158,1.419188380241394,4.21999979019165,4.2480149269104,
11.388,1.7999999523162842,1.6857565641403198,4.650000095367432,4.529404640197754,
11.398,1.9600000381469727,1.8777269124984741,4.28000020980835,4.35482120513916,
11.408,2.2799999713897705,2.159317970275879,4.679999828338623,4.582446575164795,
11.418,2.2200000286102295,2.2017953395843506,5.170000076293945,4.993733882904053,
11.428,2.6500000953674316,2.5155386924743652,5.599999904632568,5.41811990737915,
11.438,2.700000047683716,2.6446616649627686,4.949999809265137,5.090435981750488,
11.448,2.690000057220459,2.676398515701294,4.71999979019165,4.8311309814453125,
11.458,2.200000047683716,2.3429195880889893,2.9700000286102295,3.528339385986328,
11.468,2.390000104904175,2.375875949859619,3.759999990463257,3.6905016899108887,
11.478,4.190000057220459,3.6457626819610596,3.809999942779541,3.7741506099700928,
11.488,4.269999980926514,4.082728862762451,4.25,4.107244968414307,
11.498,3.7699999809265137,3.863818645477295,3.430000066757202,3.6331734657287598,
11.508,4.400000095367432,4.239145755767822,2.569999933242798,2.8889520168304443,
11.518,3.630000114440918,3.812743663787842,2.700000047683716,2.756685495376587,
11.528,3.819999933242798,3.8178231716156006,3.119999885559082,3.0110056400299072,
11.538,3.9200000762939453,3.8893468379974365,3.069999933242798,3.0523016452789307,
11.548,4.650000095367432,4.421803951263428,3.809999942779541,3.582690477371216,
11.558,3.0199999809265137,3.4405412673950195,1.9700000286102295,2.4538071155548096,
11.568,4.039999961853027,3.8601624965667725,1.9800000190734863,2.1221420764923096,
11.578,4.360000133514404,4.210048675537109,2.180000066757202,2.16264271736145,
11.588,4.760000228881836,4.595014572143555,2.509999990463257,2.4057929515838623,
11.598,4.320000171661377,4.4025044441223145,1.7000000476837158,1.9117379188537598,
11.608,3.7100000381469727,3.9177513122558594,1.4800000190734863,1.6095213890075684,
11.618,3.5399999618530273,3.653325319290161,1.2999999523162842,1.3928563594818115,
11.628,3.5299999713897705,3.566997766494751,1.5199999809265137,1.4818569421768188,
11.638,3.2899999618530273,3.3730993270874023,1.100000023841858,1.2145570516586304,
11.648,3.609999895095825,3.5389299392700195,0.8799999952316284,0.980367124080658,
11.658,3.7899999618530273,3.714679002761841,0.4699999988079071,0.6231101155281067,
11.668,3.619999885559082,3.6484036445617676,0.6299999952316284,0.6279330253601074,
11.678,3.5899999141693115,3.6075210571289062,0.5899999737739563,0.601379930973053,
11.688,3.309999942779541,3.3992562294006348,0.27000001072883606,0.36941400170326233,
11.698,3.240000009536743,3.2877769470214844,-0.07999999821186066,0.05482420697808266,
11.708,3.0799999237060547,3.1423330307006836,-0.07999999821186066,-0.03955273702740669,
11.718,2.680000066757202,2.818699836730957,-0.3100000023841858,-0.2288658171892166,
11.728,2.5199999809265137,2.609609842300415,-0.3700000047683716,-0.3276597261428833,
11.738,2.2799999713897705,2.378882884979248,-0.5199999809265137,-0.4622979164123535,
11.748,2.3299999237060547,2.3446648120880127,-0.75,-0.663689374923706,
11.758,2.369999885559082,2.3623993396759033,-0.7400000095367432,-0.717106819152832,
11.768,2.259999990463257,2.290719747543335,-0.8199999928474426,-0.7891320586204529,
11.778,1.9600000381469727,2.059215784072876,-0.8299999833106995,-0.8177396059036255,
11.788,1.4700000286102295,1.6467647552490234,-1.090000033378601,-1.0083218812942505,
11.798,1.4600000381469727,1.5160293579101562,-1.2100000381469727,-1.1494965553283691,
11.808,1.4199999570846558,1.4488087892532349,-1.1799999475479126,-1.1708489656448364,
11.818,1.1200000047683716,1.2186425924301147,-1.2599999904632568,-1.2332546710968018,
11.828,1.0499999523162842,1.1005927324295044,-1.3700000047683716,-1.3289763927459717,
11.838,0.9800000190734863,1.016177773475647,-1.5,-1.4486929178237915,
11.848,1.1399999856948853,1.1028532981872559,-1.4600000381469727,-1.4566078186035156,
11.858,1.0199999809265137,1.0448559522628784,-1.4199999570846558,-1.4309823513031006,
11.868,0.8399999737739563,0.9014567732810974,-1.4600000381469727,-1.4512946605682373,
11.878,0.7200000286102295,0.7744370102882385,-1.7200000286102295,-1.6393884420394897,
11.888,0.75,0.757331132888794,-1.7000000476837158,-1.681816577911377,
11.898,0.8399999737739563,0.8151993155479431,-1.6100000143051147,-1.6315449476242065,
11.908,0.949999988079071,0.9095597863197327,-1.5399999618530273,-1.5674635171890259,
11.918,0.949999988079071,0.9378679394721985,-1.6399999856948853,-1.6182390451431274,
11.928,0.949999988079071,0.9463603496551514,-1.6799999475479126,-1.6614717245101929,
11.938,1.1200000047683716,1.0679081678390503,-1.690000057220459,-1.6814415454864502,
11.948,1.2000000476837158,1.1603724956512451,-1.6799999475479126,-1.6804324388504028,
11.958,1.0800000429153442,1.1041117906570435,-1.6299999952316284,-1.6451297998428345,
11.968,1.059999942779541,1.0732336044311523,-1.6699999570846558,-1.6625388860702515,
11.978,0.9900000095367432,1.014970064163208,-1.8300000429153442,-1.7797616720199585,
11.988,1.1100000143051147,1.0814909934997559,-1.909999966621399,-1.8709285259246826,
11.998,1.0800000429153442,1.0804473161697388,-1.7899999618530273,-1.8142786026000977,
12.008,1.1799999475479126,1.1501342058181763,-1.7899999618530273,-1.79728364944458,
12.018,1.25,1.220040202140808,-1.8799999952316284,-1.8551850318908691,
12.028,1.2799999713897705,1.262012004852295,-1.940000057220459,-1.9145554304122925,
12.038,1.340000033378601,1.3166035413742065,-2.069999933242798,-2.023366689682007,
12.048,1.5399999618530273,1.4729810953140259,-2.190000057220459,-2.140009880065918,
12.058,1.5399999618530273,1.5198943614959717,-1.9199999570846558,-1.9860029220581055,
12.068,1.6100000143051147,1.5829683542251587,-2.059999942779541,-2.0378007888793945,
12.078,1.649999976158142,1.6298905611038208,-2.319999933242798,-2.2353403568267822,
12.088,1.809999942779541,1.755967140197754,-2.2699999809265137,-2.2596020698547363,
12.098,2.049999952316284,1.9617900848388672,-2.430000066757202,-2.378880500793457,
12.108,2.2200000286102295,2.1425371170043945,-2.440000057220459,-2.421664237976074,
12.118,6.550000190734863,5.227761268615723,-5.760000228881836,-4.7584991455078125,
12.128,1.6399999856948853,2.7163283824920654,-2.299999952316284,-3.0375497341156006,
12.138,5.230000019073486,4.475898265838623,-4.579999923706055,-4.117264747619629,
12.148,7.5,6.592769622802734,-6.900000095367432,-6.065179347991943,
12.158,6.320000171661377,6.401831150054932,-5.730000019073486,-5.830554008483887,
12.168,6.739999771118164,6.638549327850342,-5.960000038146973,-5.921165943145752,
12.178,6.960000038146973,6.863564968109131,-6.010000228881836,-5.983349800109863,
12.189,2.8499999046325684,4.054069519042969,-2.740000009536743,-3.7130048274993896,
12.198,2.7799999713897705,3.1622207164764404,-2.619999885559082,-2.947901487350464,
12.208,2.319999933242798,2.5726661682128906,-2.059999942779541,-2.3263704776763916,
12.218,2.940000057220459,2.8297998905181885,-3.059999942779541,-2.8399112224578857,
12.228,4.820000171661377,4.222939968109131,-3,-2.9519734382629395,
12.238,1.8899999856948853,2.5898821353912354,-2.4100000858306885,-2.57259202003479,
12.248,3.0899999141693115,2.939964532852173,-2.549999952316284,-2.5567777156829834,
12.258,1.4700000286102295,1.9109894037246704,-1.6799999475479126,-1.9430333375930786,
12.268,1.2000000476837158,1.4132968187332153,-0.550000011920929,-0.9679099917411804,
12.278,3.319999933242798,2.7479889392852783,-2.109999895095825,-1.767372965812683,
12.288,3,2.9243967533111572,-1.7300000190734863,-1.7412118911743164,
12.298,2.549999952316284,2.6623189449310303,-1.6799999475479126,-1.6983635425567627,
12.308,2.6500000953674316,2.653695821762085,-2,-1.9095090627670288,
12.318,2.569999933242798,2.5951087474823,-1.940000057220459,-1.9308526515960693,
12.328,4.139999866485596,3.676532745361328,-1.9600000381469727,-1.9512557983398438,
12.338,2.6500000953674316,2.9579598903656006,-1.7200000286102295,-1.7893767356872559,
12.348,5.139999866485596,4.485387802124023,-2.740000009536743,-2.454813003540039,
12.358,3.369999885559082,3.7046163082122803,-1.590000033378601,-1.8494439125061035,
12.368,3.069999933242798,3.260385036468506,-1.940000057220459,-1.9128330945968628,
12.378,5.090000152587891,4.5411152839660645,-2.5199999809265137,-2.3378498554229736,
12.388,7.5,6.612334728240967,-3.190000057220459,-2.9343550205230713,
12.398,6.710000038146973,6.680700302124023,-2.759999990463257,-2.8123064041137695,
12.408,6.5,6.554210186004639,-2.440000057220459,-2.551692008972168,
12.418,4.369999885559082,5.02526330947876,-3.240000009536743,-3.0335075855255127,
12.428,2.819999933242798,3.481579065322876,-1.6699999570846558,-2.079052209854126,
12.438,2.940000057220459,3.102473735809326,-1.0399999618530273,-1.3517156839370728,
12.448,4.659999847412109,4.192741870880127,-1.440000057220459,-1.4135147333145142,
12.458,4.25,4.232822418212891,-1.440000057220459,-1.4320544004440308,
12.468,3.740000009536743,3.8878467082977295,-2,-1.8296163082122803,
12.478,3.0899999141693115,3.3293540477752686,-1.6699999570846558,-1.71788489818573,
12.488,3.630000114440918,3.5398061275482178,-1.7400000095367432,-1.7333654165267944,
12.498,3.5199999809265137,3.525941848754883,-1.409999966621399,-1.5070096254348755,
12.508,5.239999771118164,4.72578239440918,-1.6100000143051147,-1.579102873802185,
12.518,4.429999828338623,4.518734455108643,-1.7599999904632568,-1.70573091506958,
12.528,4.25,4.330620288848877,-1.9700000286102295,-1.8907192945480347,
12.538,4.309999942779541,4.31618595123291,-1.350000023841858,-1.5122157335281372,
12.548,4.239999771118164,4.2628560066223145,-1.059999942779541,-1.1956647634506226,
12.558,5,4.7788567543029785,-1.7799999713897705,-1.6046993732452393,
12.568,4.909999847412109,4.870656967163086,-1.9800000190734863,-1.8674098253250122,
12.578,5.03000020980835,4.982197284698486,-1.190000057220459,-1.3932229280471802,
12.588,5.5,5.344659328460693,-1.440000057220459,-1.4259668588638306,
12.598,5.449999809265137,5.418397903442383,-0.9200000166893005,-1.071790099143982,
12.608,5.619999885559082,5.559519290924072,-1.7300000190734863,-1.5325369834899902,
12.618,4.480000019073486,4.803855895996094,-1.5499999523162842,-1.544761061668396,
12.628,3.7899999618530273,4.094156742095947,-1.5,-1.5134283304214478,
12.638,3.809999942779541,3.895246982574463,-0.5600000023841858,-0.8460285067558289,
12.648,4.590000152587891,4.3815741539001465,-0.6200000047683716,-0.6878085732460022,
12.658,4.889999866485596,4.737472057342529,-0.6800000071525574,-0.6823425889015198,
12.668,5.059999942779541,4.9632415771484375,-1.0499999523162842,-0.9397027492523193,
12.678,5.059999942779541,5.030972480773926,-1.0399999618530273,-1.0099108219146729,
12.688,4.909999847412109,4.946291923522949,-0.7699999809265137,-0.8419732451438904,
12.698,4.630000114440918,4.724887847900391,-0.7300000190734863,-0.763592004776001,
12.708,4.739999771118164,4.735466480255127,-0.9800000190734863,-0.9150775671005249,
12.718,4.599999904632568,4.640639781951904,-1,-0.9745233058929443,
12.728,4.340000152587891,4.430191993713379,-0.7400000095367432,-0.8103569746017456,
12.738,4.840000152587891,4.717057704925537,-0.5099999904632568,-0.6001070737838745,
12.748,5.110000133514404,4.992117404937744,-0.6700000166893005,-0.6490321159362793,
12.758,5.139999866485596,5.095635414123535,-0.6000000238418579,-0.6147096157073975,
12.768,4.710000038146973,4.825690746307373,-0.6299999952316284,-0.6254128813743591,
12.778,4.679999828338623,4.72370719909668,-0.5299999713897705,-0.5586238503456116,
12.788,4.610000133514404,4.6441121101379395,-0.30000001192092896,-0.3775871694087982,
12.798,4.429999828338623,4.49423360824585,-0.36000001430511475,-0.36527615785598755,
12.808,4.820000171661377,4.7222700119018555,-0.3400000035762787,-0.3475828468799591,
12.818,4.989999771118164,4.9096808433532715,-0.17000000178813934,-0.2232748568058014,
12.828,4.869999885559082,4.881904125213623,-0.2199999988079071,-0.22098246216773987,
12.838,4.829999923706055,4.845571041107178,-0.30000001192092896,-0.2762947380542755,
12.848,4.650000095367432,4.7086710929870605,-0.3100000023841858,-0.2998884320259094,
12.858,4.610000133514404,4.639601230621338,-0.27000001072883606,-0.2789665460586548,
12.868,4.760000228881836,4.723880290985107,-0.18000000715255737,-0.20968995988368988,
12.878,4.739999771118164,4.735164165496826,-0.12999999523162842,-0.15390698611736298,
12.888,4.840000152587891,4.808549404144287,-0.15000000596046448,-0.15117210149765015,
12.898,4.820000171661377,4.816564559936523,-0.25999999046325684,-0.22735163569450378,
12.908,4.900000095367432,4.874969482421875,-0.12999999523162842,-0.15920549631118774,
12.918,4.829999923706055,4.843491077423096,0.029999999329447746,-0.026761652901768684,
12.928,4.599999904632568,4.6730475425720215,0.03999999910593033,0.01997150294482708,
12.938,4.710000038146973,4.698914527893066,0.05999999865889549,0.04799145087599754,
12.948,4.659999847412109,4.6716742515563965,0.09000000357627869,0.0773974359035492,
12.958,4.679999828338623,4.677502155303955,0.11999999731779099,0.10721922665834427,
12.968,4.929999828338623,4.854250431060791,0.20000000298023224,0.17216576635837555,
12.978,4.78000020980835,4.80227518081665,0.17000000178813934,0.1706497222185135,
12.988,4.659999847412109,4.7026824951171875,0.07000000029802322,0.10019491612911224,
12.998,4.730000019073486,4.721804618835449,0.05000000074505806,0.06505847722291946,
13.008,4.800000190734863,4.776541233062744,0.15000000596046448,0.1245175451040268,
13.018,4.820000171661377,4.806962490081787,0.25,0.21235525608062744,
13.028,4.769999980926514,4.781088829040527,0.11999999731779099,0.14770656824111938,
13.038,4.820000171661377,4.808326721191406,0.05999999865889549,0.08631196618080139,
13.048,4.800000190734863,4.802497863769531,0.09000000357627869,0.0888935923576355,
13.058,4.739999771118164,4.758749485015869,0.3499999940395355,0.27166807651519775,
13.068,4.78000020980835,4.773624897003174,0.44999998807907104,0.3965004086494446,
13.078,4.650000095367432,4.687087535858154,0.3700000047683716,0.37795013189315796,
13.088,4.639999866485596,4.654126167297363,0.28999999165534973,0.31638503074645996,
13.098,4.769999980926514,4.7352375984191895,0.2800000011920929,0.29091551899909973,
13.108,4.78000020980835,4.766571044921875,0.2800000011920929,0.28327465057373047,
13.118,4.820000171661377,4.803971290588379,0.2800000011920929,0.2809824049472809,
13.128,4.690000057220459,4.724191188812256,0.25,0.259294718503952,
13.138,4.710000038146973,4.71425724029541,0.23000000417232513,0.2387884110212326,
13.148,4.789999961853027,4.767277240753174,0.25,0.2466365247964859,
13.158,4.730000019073486,4.741183280944824,0.3400000035762787,0.3119909465312958,
13.168,4.739999771118164,4.740355014801025,0.3199999928474426,0.31759727001190186,
13.178,4.699999809265137,4.712106227874756,0.30000001192092896,0.3052791953086853,
13.188,4.75,4.738631725311279,0.3199999928474426,0.3155837655067444,
13.198,4.730000019073486,4.7325897216796875,0.2800000011920929,0.2906751334667206,
13.208,4.699999809265137,4.709776878356934,0.27000001072883606,0.276202529668808,
13.218,4.71999979019165,4.716933250427246,0.25999999046325684,0.26486074924468994,
13.228,4.75,4.740079879760742,0.27000001072883606,0.26845821738243103,
13.238,4.710000038146973,4.719024181365967,0.23999999463558197,0.24853746592998505,
13.248,4.739999771118164,4.733707427978516,0.25999999046325684,0.2565612494945526,
13.258,4.710000038146973,4.717112064361572,0.25,0.2519683837890625,
13.268,4.710000038146973,4.712133884429932,0.25999999046325684,0.25759053230285645,
13.278,4.75,4.738640308380127,0.23000000417232513,0.2382771521806717,
13.288,4.75,4.746592044830322,0.23000000417232513,0.2324831485748291,
13.299,4.760000228881836,4.755977630615234,0.20000000298023224,0.20974494516849518,
13.308,4.71999979019165,4.730793476104736,0.15000000596046448,0.1679234802722931,
13.318,4.659999847412109,4.681238174438477,0.1599999964237213,0.16237704455852509,
13.328,4.730000019073486,4.715371608734131,0.18000000715255737,0.1747131049633026,
13.338,4.730000019073486,4.725611686706543,0.18000000715255737,0.17841392755508423,
13.348,4.75,4.742683410644531,0.18000000715255737,0.17952418327331543,
13.358,4.670000076293945,4.691804885864258,0.11999999731779099,0.13785725831985474,
13.368,4.690000057220459,4.6905412673950195,0.11999999731779099,0.12535718083381653,
13.378,4.71999979019165,4.711162567138672,0.1599999964237213,0.14960715174674988,
13.388,4.71999979019165,4.717348575592041,0.1599999964237213,0.1568821519613266,
13.398,4.710000038146973,4.712204456329346,0.10999999940395355,0.12406464666128159,
13.408,4.760000228881836,4.74566125869751,0.14000000059604645,0.13521939516067505,
13.418,4.670000076293945,4.6926984786987305,0.17000000178813934,0.15956582129001617,
13.428,4.71999979019165,4.7118096351623535,0.1599999964237213,0.1598697453737259,
13.438,4.71999979019165,4.717543125152588,0.1599999964237213,0.15996092557907104,
13.448,4.769999980926514,4.754262924194336,0.17000000178813934,0.1669882833957672,
13.458,4.699999809265137,4.716279029846191,0.10999999940395355,0.127096489071846,
13.468,4.710000038146973,4.711883544921875,0.15000000596046448,0.14312894642353058,
13.478,4.739999771118164,4.731564998626709,0.15000000596046448,0.14793868362903595,
13.488,4.710000038146973,4.716469764709473,0.09000000357627869,0.10738160461187363,
13.498,4.710000038146973,4.711940765380859,0.09000000357627869,0.09521447867155075,
13.508,4.71999979019165,4.7175822257995605,0.10000000149011612,0.09856434166431427,
13.518,4.710000038146973,4.712274551391602,0.15000000596046448,0.13456930220127106,
13.528,4.690000057220459,4.696682453155518,0.14000000059604645,0.1383707970380783,
13.538,4.739999771118164,4.727004528045654,0.14000000059604645,0.13951124250888824,
13.548,4.75,4.743101596832275,0.14000000059604645,0.139853373169899,
13.558,4.730000019073486,4.733930587768555,0.11999999731779099,0.12595601379871368,
13.568,4.75,4.745179176330566,0.09000000357627869,0.10078680515289307,
13.578,4.71999979019165,4.727553844451904,0.10000000149011612,0.10023604333400726,
13.588,4.75,4.7432661056518555,0.09000000357627869,0.09307081252336502,
13.598,4.739999771118164,4.7409796714782715,0.11999999731779099,0.11192124336957932,
13.608,4.710000038146973,4.71929407119751,0.12999999523162842,0.1245763748884201,
13.618,4.699999809265137,4.7057881355285645,0.18000000715255737,0.16337290406227112,
13.628,4.710000038146973,4.708736419677734,0.18000000715255737,0.17501187324523926,
13.638,4.730000019073486,4.723620891571045,0.14000000059604645,0.15050356090068817,
13.648,4.760000228881836,4.749086380004883,0.07999999821186066,0.10115107148885727,
13.658,4.739999771118164,4.742725849151611,0.10000000149011612,0.10034532099962234,
13.668,4.730000019073486,4.7338175773620605,0.1599999964237213,0.14210359752178192,
13.678,4.730000019073486,4.73114538192749,0.23999999463558197,0.21063107252120972,
13.688,4.670000076293945,4.688343524932861,0.25999999046325684,0.24518932402133942,
13.698,4.75,4.731503009796143,0.07999999821186066,0.129556804895401,
13.708,4.760000228881836,4.751451015472412,0.1599999964237213,0.1508670449256897,
13.718,4.71999979019165,4.729435443878174,0.18000000715255737,0.17126011848449707,
13.728,4.699999809265137,4.7088303565979,0.1599999964237213,0.1633780300617218,
13.738,4.710000038146973,4.709649085998535,0.15000000596046448,0.15401341021060944,
13.748,4.760000228881836,4.744894504547119,0.20999999344348907,0.19320401549339294,
13.758,4.739999771118164,4.74146842956543,0.20000000298023224,0.1979612112045288,
13.768,4.71999979019165,4.7264404296875,0.14000000059604645,0.1573883593082428,
13.778,4.75,4.742932319641113,0.12999999523162842,0.1382165104150772,
13.788,4.75,4.747879505157471,0.17000000178813934,0.16046495735645294,
13.798,4.739999771118164,4.742363929748535,0.1899999976158142,0.1811394840478897,
13.808,4.739999771118164,4.74070930480957,0.23000000417232513,0.21534185111522675,
13.818,4.739999771118164,4.740212917327881,0.2199999988079071,0.21860255300998688,
13.828,4.699999809265137,4.712063789367676,0.18000000715255737,0.19158077239990234,
13.838,4.710000038146973,4.71061897277832,0.18000000715255737,0.18347422778606415,
13.848,4.710000038146973,4.710185527801514,0.17000000178813934,0.17404226958751678,
13.858,4.78000020980835,4.7590556144714355,0.10999999940395355,0.12921267747879028,
13.868,4.78000020980835,4.773716449737549,0.14000000059604645,0.1367638111114502,
13.878,4.739999771118164,4.750114917755127,0.14000000059604645,0.1390291452407837,
13.888,4.690000057220459,4.708034515380859,0.18000000715255737,0.16770873963832855,
13.898,4.71999979019165,4.716410160064697,0.18000000715255737,0.1763126254081726,
13.908,4.710000038146973,4.711923122406006,0.14000000059604645,0.15089379251003265,
13.918,4.730000019073486,4.724576950073242,0.12999999523162842,0.13626813888549805,
13.928,4.75,4.742372989654541,0.15000000596046448,0.14588044583797455,
13.938,4.71999979019165,4.726711750030518,0.17000000178813934,0.16276413202285767,
13.948,4.730000019073486,4.729013442993164,0.1899999976158142,0.18182924389839172,
13.958,4.690000057220459,4.701704025268555,0.14000000059604645,0.15254877507686615,
13.968,4.710000038146973,4.7075114250183105,0.11999999731779099,0.1297646313905716,
13.978,4.730000019073486,4.72325325012207,0.11999999731779099,0.12292938679456711,
13.988,4.730000019073486,4.727975845336914,0.17000000178813934,0.15587881207466125,
13.998,4.739999771118164,4.736392498016357,0.17000000178813934,0.16576364636421204,
14.008,4.730000019073486,4.731917858123779,0.12999999523162842,0.14072909951210022,
14.018,4.71999979019165,4.723575592041016,0.12999999523162842,0.13321873545646667,
14.028,4.699999809265137,4.707072734832764,0.15000000596046448,0.14496561884880066,
14.038,4.679999828338623,4.688121795654297,0.20999999344348907,0.19048967957496643,
14.048,4.690000057220459,4.689436435699463,0.1899999976158142,0.19014690816402435,
14.058,4.760000228881836,4.738831043243408,0.07000000029802322,0.10604407638311386,
14.068,4.769999980926514,4.76064920425415,0.09000000357627869,0.09481322020292282,
14.078,4.730000019073486,4.739194869995117,0.10999999940395355,0.10544396936893463,
14.088,4.659999847412109,4.68375825881958,0.1599999964237213,0.1436331868171692,
14.098,4.679999828338623,4.681127548217773,0.1899999976158142,0.17608995735645294,
14.108,4.75,4.7293381690979,0.1899999976158142,0.18582698702812195,
14.118,4.769999980926514,4.757801532745361,0.10999999940395355,0.1327480971813202,
14.128,4.739999771118164,4.745340347290039,0.11999999731779099,0.12382442504167557,
14.138,4.739999771118164,4.741601943969727,0.1599999964237213,0.14914733171463013,
14.148,4.690000057220459,4.705480575561523,0.1599999964237213,0.15674419701099396,
14.158,4.730000019073486,4.722644329071045,0.1599999964237213,0.159023255109787,
14.168,4.760000228881836,4.748793125152588,0.18000000715255737,0.17370697855949402,
14.178,4.730000019073486,4.73563814163208,0.1899999976158142,0.1851120889186859,
14.188,4.710000038146973,4.717691421508789,0.11999999731779099,0.1395336240530014,
14.198,4.739999771118164,4.733307361602783,0.12999999523162842,0.13286009430885315,
14.208,4.769999980926514,4.7589921951293945,0.10999999940395355,0.11685802787542343,
14.218,4.75,4.752697467803955,0.20000000298023224,0.17505741119384766,
14.228,4.739999771118164,4.743809223175049,0.17000000178813934,0.17151722311973572,
14.238,4.699999809265137,4.7131428718566895,0.20000000298023224,0.1914551705121994,
14.248,4.710000038146973,4.71094274520874,0.1599999964237213,0.16943654417991638,
14.258,4.730000019073486,4.724282741546631,0.12999999523162842,0.14183096587657928,
14.268,4.739999771118164,4.735284805297852,0.12999999523162842,0.1335492879152298,
14.278,4.730000019073486,4.731585502624512,0.2199999988079071,0.19406478106975555,
14.288,4.710000038146973,4.716475486755371,0.11999999731779099,0.1422194391489029,
14.298,4.710000038146973,4.711942672729492,0.1599999964237213,0.15466582775115967,
14.308,4.730000019073486,4.724582672119141,0.07999999821186066,0.10239975154399872,
14.318,4.650000095367432,4.672374725341797,0.1599999964237213,0.14271992444992065,
14.328,4.730000019073486,4.712712287902832,0.1899999976158142,0.17581598460674286,
14.338,4.760000228881836,4.745813846588135,0.18000000715255737,0.17874479293823242,
14.348,4.760000228881836,4.755743980407715,0.11999999731779099,0.13762344419956207,
14.358,4.760000228881836,4.758723258972168,0.12999999523162842,0.13228704035282135,
14.368,4.71999979019165,4.731616973876953,0.15000000596046448,0.14468611776828766,
14.378,4.710000038146973,4.716485023498535,0.12999999523162842,0.13440583646297455,
14.388,4.71999979019165,4.718945503234863,0.10999999940395355,0.11732175201177597,
14.398,4.71999979019165,4.719683647155762,0.1599999964237213,0.14719653129577637,
14.408,4.760000228881836,4.747905254364014,0.17000000178813934,0.16315895318984985,
14.418,4.71999979019165,4.728371620178223,0.11999999731779099,0.13294768333435059,
14.428,4.679999828338623,4.694511413574219,0.10000000149011612,0.10988430678844452,
14.438,4.699999809265137,4.698353290557861,0.11999999731779099,0.11696529388427734,
14.448,4.739999771118164,4.727506160736084,0.1899999976158142,0.1680895835161209,
