time;copter_pitch_angle;copter_pitch_angle_kal;copter_pitch_angle_komp;copter_roll_angle;copter_roll_angle_kal;copter_roll_angle_komp;REF_PITCH_ANGLE;REF_ROLL_ANGLE;REF_YAW_ANGLE;REF_Z_DISTANCE;SS;
472,102;29,3125;29,262104034423828;29,23790740966797;5,375;5,920501232147217;5,861051559448242;0;0;100;10;0;
472,107;29,3125;29,262104034423828;29,23790740966797;5,375;5,920501232147217;5,861051559448242;0;0;100;10;0;
472,111;29,3125;29,262104034423828;29,23790740966797;5,375;5,920501232147217;5,861051559448242;0;0;100;10;0;
472,114;29,3125;29,284326553344727;29,25346565246582;5,375;5,901130676269531;5,849033355712891;0;0;100;10;0;
472,118;29,3125;29,284326553344727;29,25346565246582;5,375;5,901130676269531;5,849033355712891;0;0;100;10;0;
472,121;29,3125;29,284326553344727;29,25346565246582;5,375;5,901130676269531;5,849033355712891;0;0;100;10;0;
472,125;29,3125;29,218883514404297;29,21146011352539;5,375;5,866137981414795;5,826462745666504;0;0;100;10;0;
472,128;29,3125;29,218883514404297;29,21146011352539;5,375;5,866137981414795;5,826462745666504;0;0;100;10;0;
472,132;29,3125;29,31441307067871;29,274211883544922;5,375;5,946708679199219;5,878478527069092;0;0;100;10;0;
472,135;29,3125;29,31441307067871;29,274211883544922;5,375;5,946708679199219;5,878478527069092;0;0;100;10;0;
472,139;29,3125;29,31441307067871;29,274211883544922;5,375;5,946708679199219;5,878478527069092;0;0;100;10;0;
472,143;29,375;29,376325607299805;29,31418800354004;5,4375;6,011329174041748;5,921054840087891;0;0;100;10;0;
472,146;29,375;29,376325607299805;29,31418800354004;5,4375;6,011329174041748;5,921054840087891;0;0;100;10;0;
472,149;29,375;29,376325607299805;29,31418800354004;5,4375;6,011329174041748;5,921054840087891;0;0;100;10;0;
472,153;29,375;29,361066818237305;29,304542541503906;5,4375;5,965804576873779;5,892597675323486;0;0;100;10;0;
472,156;29,375;29,361066818237305;29,304542541503906;5,4375;5,965804576873779;5,892597675323486;0;0;100;10;0;
472,16;29,375;29,361066818237305;29,304542541503906;5,4375;5,965804576873779;5,892597675323486;0;0;100;10;0;
472,163;29,375;29,3106746673584;29,271873474121094;5,4375;5,967085838317871;5,893542289733887;0;0;100;10;0;
472,167;29,375;29,3106746673584;29,271873474121094;5,4375;5,967085838317871;5,893542289733887;0;0;100;10;0;
472,171;29,375;29,3106746673584;29,271873474121094;5,4375;5,967085838317871;5,893542289733887;0;0;100;10;0;
472,175;29,375;29,213130950927734;29,20828628540039;5,4375;5,872628688812256;5,830540180206299;0;0;100;10;0;
472,179;29,375;29,213130950927734;29,20828628540039;5,4375;5,872628688812256;5,830540180206299;0;0;100;10;0;
472,182;29,375;29,213130950927734;29,20828628540039;5,4375;5,872628688812256;5,830540180206299;0;0;100;10;0;
472,185;29,375;29,286352157592773;29,255353927612305;5,4375;5,958822250366211;5,887731075286865;0;0;100;10;0;
472,188;29,375;29,286352157592773;29,255353927612305;5,4375;5,958822250366211;5,887731075286865;0;0;100;10;0;
472,192;29,375;29,286352157592773;29,255353927612305;5,4375;5,958822250366211;5,887731075286865;0;0;100;10;0;
472,195;29,375;29,239042282104492;29,22467803955078;5,4375;5,888495922088623;5,842526912689209;0;0;100;10;0;
472,199;29,375;29,239042282104492;29,22467803955078;5,4375;5,888495922088623;5,842526912689209;0;0;100;10;0;
472,202;29,375;29,239042282104492;29,22467803955078;5,4375;5,906170845031738;5,842526912689209;0;0;100;10;0;
472,206;29,375;29,30429458618164;29,26874542236328;5,4375;5,906170845031738;5,8542938232421875;0;0;100;10;0;
472,209;29,375;29,30429458618164;29,26874542236328;5,4375;5,906170845031738;5,8542938232421875;0;0;100;10;0;
472,213;29,375;29,199356079101562;29,199926376342773;5,4375;5,815831661224365;5,79538631439209;0;0;100;10;0;
472,216;29,375;29,199356079101562;29,199926376342773;5,4375;5,815831661224365;5,79538631439209;0;0;100;10;0;
472,219;29,375;29,199356079101562;29,199926376342773;5,4375;5,815831661224365;5,79538631439209;0;0;100;10;0;
472,222;29,375;29,199356079101562;29,199926376342773;5,4375;5,815831661224365;5,79538631439209;0;0;100;10;0;
472,226;29,375;29,29214859008789;29,259363174438477;5,4375;5,915768146514893;5,860799789428711;0;0;100;10;0;
472,229;29,375;29,29214859008789;29,259363174438477;5,4375;5,915768146514893;5,860799789428711;0;0;100;10;0;
472,231;29,375;29,29214859008789;29,259363174438477;5,4375;5,915768146514893;5,860799789428711;0;0;100;10;0;
472,234;29,375;29,220125198364258;29,212759017944336;5,4375;5,825986385345459;5,803309917449951;0;0;100;10;0;
472,237;29,375;29,220125198364258;29,212759017944336;5,4375;5,825986385345459;5,803309917449951;0;0;100;10;0;
472,24;29,375;29,220125198364258;29,212759017944336;5,4375;5,825986385345459;5,803309917449951;0;0;100;10;0;
472,244;29,375;29,258102416992188;29,238876342773438;5,4375;5,801220417022705;5,788835048675537;0;0;100;10;0;
472,247;29,375;29,258102416992188;29,238876342773438;5,4375;5,801220417022705;5,788835048675537;0;0;100;10;0;
472,251;29,375;29,258102416992188;29,238876342773438;5,4375;5,801220417022705;5,788835048675537;0;0;100;10;0;
472,254;29,3125;29,1771240234375;29,185279846191406;5,4375;5,7598161697387695;5,761754512786865;0;0;100;10;0;
472,258;29,3125;29,1771240234375;29,185279846191406;5,4375;5,7598161697387695;5,761754512786865;0;0;100;10;0;
472,261;29,3125;29,1771240234375;29,185279846191406;5,4375;5,7598161697387695;5,761754512786865;0;0;100;10;0;
472,264;29,375;29,27823257446289;29,25066375732422;5,4375;5,8414506912231445;5,815057277679443;0;0;100;10;0;
472,268;29,375;29,27823257446289;29,25066375732422;5,4375;5,8414506912231445;5,815057277679443;0;0;100;10;0;
472,272;29,375;29,27823257446289;29,25066375732422;5,4375;5,8414506912231445;5,815057277679443;0;0;100;10;0;
472,276;29,375;29,341243743896484;29,291406631469727;5,4375;5,9568281173706055;5,8917694091796875;0;0;100;10;0;
472,28;29,375;29,341243743896484;29,291406631469727;5,4375;5,9568281173706055;5,8917694091796875;0;0;100;10;0;
472,283;29,375;29,3332462310791;29,28668785095215;5,4375;5,895948886871338;5,85225248336792;0;0;100;10;0;
472,287;29,375;29,3332462310791;29,28668785095215;5,4375;5,895948886871338;5,85225248336792;0;0;100;10;0;
472,29;29,375;29,3332462310791;29,28668785095215;5,4375;5,895948886871338;5,85225248336792;0;0;100;10;0;
472,294;29,375;29,2843074798584;29,25384521484375;5,4375;5,898532867431641;5,8530378341674805;0;0;100;10;0;
472,298;29,375;29,2843074798584;29,25384521484375;5,4375;5,898532867431641;5,8530378341674805;0;0;100;10;0;
472,302;29,375;29,2843074798584;29,25384521484375;5,4375;5,898532867431641;5,8530378341674805;0;0;100;10;0;
472,304;29,375;29,18400001525879;29,1876220703125;5,4375;5,820500373840332;5,8026957511901855;0;0;100;10;0;
472,308;29,375;29,18400001525879;29,1876220703125;5,4375;5,820500373840332;5,8026957511901855;0;0;100;10;0;
472,312;29,375;29,18400001525879;29,1876220703125;5,4375;5,820500373840332;5,8026957511901855;0;0;100;10;0;
472,316;29,375;29,259817123413086;29,237415313720703;5,4375;5,93745756149292;5,879979610443115;0;0;100;10;0;
472,319;29,375;29,259817123413086;29,237415313720703;5,4375;5,93745756149292;5,879979610443115;0;0;100;10;0;
472,322;29,375;29,259817123413086;29,237415313720703;5,4375;5,93745756149292;5,879979610443115;0;0;100;10;0;
472,326;29,375;29,235950469970703;29,22171974182129;5,4375;5,843601703643799;5,818892002105713;0;0;100;10;0;
472,329;29,375;29,235950469970703;29,22171974182129;5,4375;5,843601703643799;5,818892002105713;0;0;100;10;0;
472,332;29,375;29,235950469970703;29,22171974182129;5,4375;5,843601703643799;5,818892002105713;0;0;100;10;0;
472,335;29,375;29,306758880615234;29,26798439025879;5,4375;5,85584831237793;5,8263139724731445;0;0;100;10;0;
472,337;29,375;29,306758880615234;29,26798439025879;5,4375;5,85584831237793;5,8263139724731445;0;0;100;10;0;
472,341;29,375;29,306758880615234;29,26798439025879;5,4375;5,85584831237793;5,8263139724731445;0;0;100;10;0;
472,343;29,375;29,201589584350586;29,198686599731445;5,4375;5,798211574554443;5,78825569152832;0;0;100;10;0;
472,346;29,375;29,201589584350586;29,198686599731445;5,4375;5,798211574554443;5,78825569152832;0;0;100;10;0;
472,35;29,375;29,201589584350586;29,198686599731445;5,4375;5,798211574554443;5,78825569152832;0;0;100;10;0;
472,353;29,375;29,201589584350586;29,198686599731445;5,4375;5,798211574554443;5,78825569152832;0;0;100;10;0;
472,356;29,375;29,298381805419922;29,261775970458984;5,4375;5,903450012207031;5,858206272125244;0;0;100;10;0;
472,359;29,375;29,298381805419922;29,261775970458984;5,4375;5,903450012207031;5,858206272125244;0;0;100;10;0;
472,362;29,375;29,298381805419922;29,261775970458984;5,4375;5,903450012207031;5,858206272125244;0;0;100;10;0;
472,366;29,3125;29,228683471679688;29,216880798339844;5,4375;5,789694309234619;5,786190986633301;0;0;100;10;0;
472,37;29,3125;29,228683471679688;29,216880798339844;5,4375;5,789694309234619;5,786190986633301;0;0;100;10;0;
472,374;29,3125;29,1597957611084;29,172273635864258;5,4375;5,672797679901123;5,710066318511963;0;0;100;10;0;
472,377;29,3125;29,1597957611084;29,172273635864258;5,4375;5,672797679901123;5,710066318511963;0;0;100;10;0;
472,38;29,3125;29,1597957611084;29,172273635864258;5,4375;5,672797679901123;5,710066318511963;0;0;100;10;0;
472,383;29,3125;29,1597957611084;29,172273635864258;5,4375;5,672797679901123;5,710066318511963;0;0;100;10;0;
472,385;29,3125;29,194854736328125;29,195486068725586;5,4375;5,652841091156006;5,696511268615723;0;0;100;10;0;
472,389;29,3125;29,194854736328125;29,195486068725586;5,4375;5,652841091156006;5,696511268615723;0;0;100;10;0;
472,392;29,3125;29,194854736328125;29,195486068725586;5,4375;5,652841091156006;5,696511268615723;0;0;100;10;0;
472,396;29,3125;29,125293731689453;29,150022506713867;5,4375;5,626687049865723;5,679868221282959;0;0;100;10;0;
472,399;29,3125;29,125293731689453;29,150022506713867;5,4375;5,626687049865723;5,679868221282959;0;0;100;10;0;
472,402;29,3125;29,125293731689453;29,150022506713867;5,4375;5,626687049865723;5,679868221282959;0;0;100;10;0;
472,405;29,3125;29,223224639892578;29,21445655822754;5,4375;5,705488681793213;5,73336935043335;0;0;100;10;0;
472,409;29,3125;29,223224639892578;29,21445655822754;5,4375;5,705488681793213;5,73336935043335;0;0;100;10;0;
472,412;29,3125;29,223224639892578;29,21445655822754;5,4375;5,705488681793213;5,73336935043335;0;0;100;10;0;
472,415;29,3125;29,258243560791016;29,237749099731445;5,4375;5,834845542907715;5,8174567222595215;0;0;100;10;0;
472,418;29,3125;29,258243560791016;29,237749099731445;5,4375;5,834845542907715;5,8174567222595215;0;0;100;10;0;
472,421;29,3125;29,258243560791016;29,237749099731445;5,4375;5,834845542907715;5,8174567222595215;0;0;100;10;0;
472,425;29,3125;29,2569522857666;29,23668670654297;5,4375;5,771193981170654;5,775763034820557;0;0;100;10;0;
472,429;29,3125;29,2569522857666;29,23668670654297;5,4375;5,771193981170654;5,775763034820557;0;0;100;10;0;
472,432;29,3125;29,2569522857666;29,23668670654297;5,4375;5,771193981170654;5,775763034820557;0;0;100;10;0;
472,435;29,3125;29,214059829711914;29,20770835876465;5,4375;5,765034198760986;5,771866798400879;0;0;100;10;0;
472,438;29,3125;29,214059829711914;29,20770835876465;5,4375;5,765034198760986;5,771866798400879;0;0;100;10;0;
472,442;29,3125;29,214059829711914;29,20770835876465;5,4375;5,765034198760986;5,771866798400879;0;0;100;10;0;
472,445;29,3125;29,135631561279297;29,15663719177246;5,4375;5,693041801452637;5,726476192474365;0;0;100;10;0;
472,449;29,3125;29,135631561279297;29,15663719177246;5,4375;5,693041801452637;5,726476192474365;0;0;100;10;0;
472,452;29,3125;29,135631561279297;29,15663719177246;5,4375;5,693041801452637;5,726476192474365;0;0;100;10;0;
472,455;29,3125;29,189104080200195;29,191165924072266;5,4375;5,824103355407715;5,812655448913574;0;0;100;10;0;
472,458;29,3125;29,189104080200195;29,191165924072266;5,4375;5,824103355407715;5,812655448913574;0;0;100;10;0;
472,462;29,3125;29,189104080200195;29,191165924072266;5,4375;5,824103355407715;5,812655448913574;0;0;100;10;0;
472,465;29,3125;29,174009323120117;29,180557250976562;5,4375;5,726230621337891;5,74946403503418;0;0;100;10;0;
472,468;29,3125;29,174009323120117;29,180557250976562;5,4375;5,726230621337891;5,74946403503418;0;0;100;10;0;
472,472;29,3125;29,174009323120117;29,180557250976562;5,4375;5,726230621337891;5,74946403503418;0;0;100;10;0;
472,476;29,3125;29,140180587768555;29,158254623413086;5,4375;5,771496772766113;5,779369354248047;0;0;100;10;0;
472,479;29,3125;29,140180587768555;29,158254623413086;5,4375;5,771496772766113;5,779369354248047;0;0;100;10;0;
472,482;29,3125;29,140180587768555;29,158254623413086;5,4375;5,771496772766113;5,779369354248047;0;0;100;10;0;
472,485;29,3125;29,059059143066406;29,104801177978516;5,4375;5,702876091003418;5,735245704650879;0;0;100;10;0;
472,488;29,3125;29,059059143066406;29,104801177978516;5,4375;5,702876091003418;5,735245704650879;0;0;100;10;0;
472,492;29,3125;29,059059143066406;29,104801177978516;5,4375;5,702876091003418;5,735245704650879;0;0;100;10;0;
472,495;29,3125;29,136913299560547;29,15555191040039;5,4375;5,800037384033203;5,798576831817627;0;0;100;10;0;
472,498;29,3125;29,136913299560547;29,15555191040039;5,4375;5,800037384033203;5,798576831817627;0;0;100;10;0;
472,501;29,3125;29,136913299560547;29,15555191040039;5,4375;5,800037384033203;5,798576831817627;0;0;100;10;0;
472,504;29,3125;29,09477424621582;29,128021240234375;5,4375;5,698393821716309;5,733349323272705;0;0;100;10;0;
472,507;29,3125;29,09477424621582;29,128021240234375;5,4375;5,698393821716309;5,733349323272705;0;0;100;10;0;
472,511;29,3125;29,09477424621582;29,128021240234375;5,4375;5,698393821716309;5,733349323272705;0;0;100;10;0;
472,513;29,3125;29,09477424621582;29,128021240234375;5,4375;5,698393821716309;5,733349323272705;0;0;100;10;0;
472,516;29,3125;29,134716033935547;29,153329849243164;5,4375;5,687532424926758;5,726903438568115;0;0;100;10;0;
472,52;29,3125;29,134716033935547;29,153329849243164;5,4375;5,687532424926758;5,726903438568115;0;0;100;10;0;
472,524;29,3125;29,06814193725586;29,10967445373535;5,4375;5,64446496963501;5,700347423553467;0;0;100;10;0;
472,527;29,3125;29,06814193725586;29,10967445373535;5,4375;5,64446496963501;5,700347423553467;0;0;100;10;0;
472,53;29,3125;29,06814193725586;29,10967445373535;5,4375;5,64446496963501;5,700347423553467;0;0;100;10;0;
472,533;29,3125;29,06814193725586;29,10967445373535;5,4375;5,64446496963501;5,700347423553467;0;0;100;10;0;
472,536;29,3125;29,14682960510254;29,16077995300293;5,4375;5,737631320953369;5,761980056762695;0;0;100;10;0;
472,539;29,3125;29,14682960510254;29,16077995300293;5,4375;5,737631320953369;5,761980056762695;0;0;100;10;0;
472,543;29,3125;29,14682960510254;29,16077995300293;5,4375;5,737631320953369;5,761980056762695;0;0;100;10;0;
472,546;29,3125;29,172208786010742;29,177499771118164;5,4375;5,8484883308410645;5,835052490234375;0;0;100;10;0;
472,549;29,3125;29,172208786010742;29,177499771118164;5,4375;5,8484883308410645;5,835052490234375;0;0;100;10;0;
472,552;29,3125;29,172208786010742;29,177499771118164;5,4375;5,8484883308410645;5,835052490234375;0;0;100;10;0;
472,554;29,3125;29,186279296875;29,185897827148438;5,4375;5,77851676940918;5,788683891296387;0;0;100;10;0;
472,557;29,3125;29,186279296875;29,185897827148438;5,4375;5,77851676940918;5,788683891296387;0;0;100;10;0;
472,561;29,3125;29,186279296875;29,185897827148438;5,4375;5,77851676940918;5,788683891296387;0;0;100;10;0;
472,564;29,3125;29,133316040039062;29,150724411010742;5,4375;5,774200916290283;5,787376403808594;0;0;100;10;0;
472,567;29,3125;29,133316040039062;29,150724411010742;5,4375;5,774200916290283;5,787376403808594;0;0;100;10;0;
472,571;29,3125;29,133316040039062;29,150724411010742;5,4375;5,774200916290283;5,787376403808594;0;0;100;10;0;
472,574;29,3125;29,080400466918945;29,115922927856445;5,4375;5,702978610992432;5,743157386779785;0;0;100;10;0;
472,578;29,3125;29,080400466918945;29,115922927856445;5,4375;5,702978610992432;5,743157386779785;0;0;100;10;0;
472,581;29,3125;29,080400466918945;29,115922927856445;5,4375;5,702978610992432;5,743157386779785;0;0;100;10;0;
472,584;29,3125;29,126649856567383;29,146467208862305;5,4375;5,802156448364258;5,808340549468994;0;0;100;10;0;
472,587;29,3125;29,126649856567383;29,146467208862305;5,4375;5,802156448364258;5,808340549468994;0;0;100;10;0;
472,591;29,3125;29,126649856567383;29,146467208862305;5,4375;5,802156448364258;5,808340549468994;0;0;100;10;0;
472,594;29,3125;29,130521774291992;29,149023056030273;5,4375;5,724554538726807;5,756828308105469;0;0;100;10;0;
472,597;29,3125;29,130521774291992;29,149023056030273;5,4375;5,724554538726807;5,756828308105469;0;0;100;10;0;
472,601;29,3125;29,130521774291992;29,149023056030273;5,4375;5,724554538726807;5,756828308105469;0;0;100;10;0;
472,604;29,3125;29,130521774291992;29,149023056030273;5,4375;5,724554538726807;5,756828308105469;0;0;100;10;0;
472,607;29,3125;29,08836555480957;29,121706008911133;5,4375;5,763659954071045;5,782463550567627;0;0;100;10;0;
472,61;29,3125;29,08836555480957;29,121706008911133;5,4375;5,763659954071045;5,782463550567627;0;0;100;10;0;
472,613;29,3125;29,08836555480957;29,121706008911133;5,4375;5,763659954071045;5,782463550567627;0;0;100;10;0;
472,616;29,3125;29,032800674438477;29,08562660217285;5,4375;5,676975250244141;5,727384090423584;0;0;100;10;0;
472,619;29,3125;29,032800674438477;29,08562660217285;5,4375;5,676975250244141;5,727384090423584;0;0;100;10;0;
472,623;29,3125;29,032800674438477;29,08562660217285;5,4375;5,676975250244141;5,727384090423584;0;0;100;10;0;
472,627;29,3125;29,079509735107422;29,116186141967773;5,4375;5,768469333648682;5,786840915679932;0;0;100;10;0;
472,629;29,3125;29,079509735107422;29,116186141967773;5,4375;5,768469333648682;5,786840915679932;0;0;100;10;0;
472,632;29,3125;29,079509735107422;29,116186141967773;5,4375;5,768469333648682;5,786840915679932;0;0;100;10;0;
472,635;29,3125;29,07488441467285;29,113203048706055;5,4375;5,707318305969238;5,746357440948486;0;0;100;10;0;
472,638;29,3125;29,07488441467285;29,113203048706055;5,4375;5,707318305969238;5,746357440948486;0;0;100;10;0;
472,642;29,3125;29,07488441467285;29,113203048706055;5,4375;5,707318305969238;5,746357440948486;0;0;100;10;0;
472,645;29,3125;29,126916885375977;29,146696090698242;5,4375;5,70667028427124;5,7466583251953125;0;0;100;10;0;
472,648;29,3125;29,126916885375977;29,146696090698242;5,4375;5,70667028427124;5,7466583251953125;0;0;100;10;0;
472,652;29,3125;29,126916885375977;29,146696090698242;5,4375;5,70667028427124;5,7466583251953125;0;0;100;10;0;
472,654;29,3125;29,058780670166016;29,101816177368164;5,4375;5,639689922332764;5,7035369873046875;0;0;100;10;0;
472,658;29,3125;29,058780670166016;29,101816177368164;5,4375;5,639689922332764;5,7035369873046875;0;0;100;10;0;
472,661;29,3125;29,058780670166016;29,101816177368164;5,4375;5,639689922332764;5,7035369873046875;0;0;100;10;0;
472,664;29,3125;29,104223251342773;29,1313533782959;5,4375;5,746976375579834;5,773870944976807;0;0;100;10;0;
472,667;29,3125;29,104223251342773;29,1313533782959;5,4375;5,746976375579834;5,773870944976807;0;0;100;10;0;
472,67;29,3125;29,104223251342773;29,1313533782959;5,4375;5,746976375579834;5,773870944976807;0;0;100;10;0;
472,674;29,3125;29,1181640625;29,1313533782959;5,4375;5,818174362182617;5,773870944976807;0;0;100;10;0;
472,678;29,3125;29,1181640625;29,140438079833984;5,4375;5,818174362182617;5,820404529571533;0;0;100;10;0;
472,681;29,3125;29,1181640625;29,140438079833984;5,4375;5,818174362182617;5,820404529571533;0;0;100;10;0;
472,684;29,3125;29,146183013916016;29,140438079833984;5,4375;5,778757572174072;5,794083595275879;0;0;100;10;0;
472,688;29,3125;29,146183013916016;29,158573150634766;5,4375;5,778757572174072;5,794083595275879;0;0;100;10;0;
472,691;29,3125;29,146183013916016;29,158573150634766;5,4375;5,778757572174072;5,794083595275879;0;0;100;10;0;
472,695;29,3125;29,097139358520508;29,126380920410156;5,4375;5,761496067047119;5,783507823944092;0;0;100;10;0;
472,698;29,3125;29,097139358520508;29,126380920410156;5,4375;5,761496067047119;5,783507823944092;0;0;100;10;0;
472,701;29,3125;29,097139358520508;29,126380920410156;5,4375;5,761496067047119;5,783507823944092;0;0;100;10;0;
472,703;29,3125;29,097139358520508;29,126380920410156;5,4375;5,761496067047119;5,783507823944092;0;0;100;10;0;
472,707;29,3125;29,070270538330078;29,10905647277832;5,4375;5,677020072937012;5,727994918823242;0;0;100;10;0;
472,71;29,3125;29,070270538330078;29,10905647277832;5,4375;5,677020072937012;5,727994918823242;0;0;100;10;0;
472,713;29,3125;29,070270538330078;29,10905647277832;5,4375;5,677020072937012;5,727994918823242;0;0;100;10;0;
472,716;29,3125;29,090848922729492;29,122570037841797;5,4375;5,746255397796631;5,772976398468018;0;0;100;10;0;
472,719;29,3125;29,090848922729492;29,122570037841797;5,4375;5,746255397796631;5,772976398468018;0;0;100;10;0;
472,722;29,3125;29,090848922729492;29,122570037841797;5,4375;5,746255397796631;5,772976398468018;0;0;100;10;0;
472,725;29,3125;29,096534729003906;29,12638282775879;5,4375;5,6962409019470215;5,740460395812988;0;0;100;10;0;
472,729;29,3125;29,096534729003906;29,12638282775879;5,4375;5,6962409019470215;5,740460395812988;0;0;100;10;0;
472,732;29,3125;29,096534729003906;29,12638282775879;5,4375;5,6962409019470215;5,740460395812988;0;0;100;10;0;
472,736;29,3125;29,057811737060547;29,101016998291016;5,4375;5,722772121429443;5,7580037117004395;0;0;100;10;0;
472,739;29,3125;29,057811737060547;29,101016998291016;5,4375;5,722772121429443;5,7580037117004395;0;0;100;10;0;
472,743;29,3125;29,057811737060547;29,101016998291016;5,4375;5,722772121429443;5,7580037117004395;0;0;100;10;0;
472,746;29,3125;29,02676773071289;29,080373764038086;5,4375;5,645209789276123;5,708258628845215;0;0;100;10;0;
472,749;29,3125;29,02676773071289;29,080373764038086;5,4375;5,645209789276123;5,708258628845215;0;0;100;10;0;
472,752;29,3125;29,02676773071289;29,080373764038086;5,4375;5,645209789276123;5,708258628845215;0;0;100;10;0;
472,755;29,3125;29,0554256439209;29,09873390197754;5,4375;5,727084159851074;5,762678146362305;0;0;100;10;0;
472,759;29,3125;29,0554256439209;29,09873390197754;5,4375;5,727084159851074;5,762678146362305;0;0;100;10;0;
472,762;29,3125;29,0554256439209;29,09873390197754;5,4375;5,727084159851074;5,762678146362305;0;0;100;10;0;
472,765;29,3125;29,055461883544922;29,0983943939209;5,4375;5,670439720153809;5,725072383880615;0;0;100;10;0;
472,768;29,3125;29,055461883544922;29,0983943939209;5,4375;5,670439720153809;5,725072383880615;0;0;100;10;0;
472,771;29,3125;29,055461883544922;29,0983943939209;5,4375;5,670439720153809;5,725072383880615;0;0;100;10;0;
472,775;29,3125;29,100746154785156;29,127836227416992;5,4375;5,697235584259033;5,743088245391846;0;0;100;10;0;
472,779;29,3125;29,100746154785156;29,127836227416992;5,4375;5,697235584259033;5,743088245391846;0;0;100;10;0;
472,782;29,3125;29,100746154785156;29,127836227416992;5,4375;5,697235584259033;5,743088245391846;0;0;100;10;0;
472,785;29,3125;29,065418243408203;29,105398178100586;5,4375;5,639255523681641;5,706821918487549;0;0;100;10;0;
472,788;29,3125;29,065418243408203;29,105398178100586;5,4375;5,639255523681641;5,706821918487549;0;0;100;10;0;
472,791;29,3125;29,065418243408203;29,105398178100586;5,4375;5,639255523681641;5,706821918487549;0;0;100;10;0;
472,795;29,3125;29,065418243408203;29,105398178100586;5,4375;5,639255523681641;5,706821918487549;0;0;100;10;0;
472,798;29,3125;29,09795379638672;29,125741958618164;5,4375;5,7258620262146;5,764462947845459;0;0;100;10;0;
472,801;29,3125;29,09795379638672;29,125741958618164;5,4375;5,7258620262146;5,764462947845459;0;0;100;10;0;
472,804;29,3125;29,09795379638672;29,125741958618164;5,4375;5,7258620262146;5,764462947845459;0;0;100;10;0;
472,807;29,3125;29,079442977905273;29,1127986907959;5,4375;5,785609722137451;5,8035783767700195;0;0;100;10;0;
472,81;29,3125;29,079442977905273;29,1127986907959;5,4375;5,785609722137451;5,8035783767700195;0;0;100;10;0;
472,814;29,3125;29,079442977905273;29,1127986907959;5,4375;5,785609722137451;5,8035783767700195;0;0;100;10;0;
472,817;29,3125;29,11859130859375;29,138446807861328;5,4375;5,789950847625732;5,806295871734619;0;0;100;10;0;
472,82;29,3125;29,11859130859375;29,138446807861328;5,4375;5,789950847625732;5,806295871734619;0;0;100;10;0;
472,823;29,3125;29,11859130859375;29,138446807861328;5,4375;5,789950847625732;5,806295871734619;0;0;100;10;0;
472,826;29,3125;29,08802604675293;29,119184494018555;5,4375;5,752715587615967;5,782374858856201;0;0;100;10;0;
472,83;29,3125;29,08802604675293;29,119184494018555;5,4375;5,752715587615967;5,782374858856201;0;0;100;10;0;
472,833;29,3125;29,08802604675293;29,119184494018555;5,4375;5,752715587615967;5,782374858856201;0;0;100;10;0;
472,836;29,3125;29,121902465820312;29,141111373901367;5,4375;5,820975303649902;5,82780122756958;0;0;100;10;0;
472,84;29,3125;29,121902465820312;29,141111373901367;5,4375;5,820975303649902;5,82780122756958;0;0;100;10;0;
472,843;29,3125;29,121902465820312;29,141111373901367;5,4375;5,820975303649902;5,82780122756958;0;0;100;10;0;
472,847;29,3125;29,128036499023438;29,144834518432617;5,4375;5,89185094833374;5,873163223266602;0;0;100;10;0;
472,85;29,3125;29,128036499023438;29,144834518432617;5,4375;5,89185094833374;5,873163223266602;0;0;100;10;0;
472,853;29,3125;29,154682159423828;29,161964416503906;5,4375;5,865840911865234;5,8552422523498535;0;0;100;10;0;
472,856;29,3125;29,154682159423828;29,161964416503906;5,4375;5,865840911865234;5,8552422523498535;0;0;100;10;0;
472,86;29,3125;29,154682159423828;29,161964416503906;5,4375;5,865840911865234;5,8552422523498535;0;0;100;10;0;
472,863;29,3125;29,154682159423828;29,161964416503906;5,4375;5,865840911865234;5,8552422523498535;0;0;100;10;0;
472,866;29,3125;29,10393714904785;29,128522872924805;5,4375;5,8520660400390625;5,845968246459961;0;0;100;10;0;
472,869;29,3125;29,10393714904785;29,128522872924805;5,4375;5,8520660400390625;5,845968246459961;0;0;100;10;0;
472,873;29,3125;29,10393714904785;29,128522872924805;5,4375;5,8520660400390625;5,845968246459961;0;0;100;10;0;
472,877;29,3125;29,07421875;29,108095169067383;5,4375;5,800771713256836;5,81284236907959;0;0;100;10;0;
472,88;29,3125;29,07421875;29,108095169067383;5,4375;5,800771713256836;5,81284236907959;0;0;100;10;0;
472,883;29,3125;29,07421875;29,108095169067383;5,4375;5,800771713256836;5,81284236907959;0;0;100;10;0;
472,887;29,3125;29,0867977142334;29,11621856689453;5,4375;5,878785610198975;5,863579273223877;0;0;100;10;0;
472,89;29,3125;29,0867977142334;29,11621856689453;5,4375;5,878785610198975;5,863579273223877;0;0;100;10;0;
472,893;29,3125;29,0867977142334;29,11621856689453;5,4375;5,878785610198975;5,863579273223877;0;0;100;10;0;
472,897;29,3125;29,105329513549805;29,1290283203125;5,4375;5,8328962326049805;5,83363676071167;0;0;100;10;0;
472,901;29,3125;29,105329513549805;29,1290283203125;5,4375;5,8328962326049805;5,83363676071167;0;0;100;10;0;
472,903;29,3125;29,14286994934082;29,154264450073242;5,4375;5,86741828918457;5,856229782104492;0;0;100;10;0;
472,906;29,3125;29,14286994934082;29,154264450073242;5,4375;5,86741828918457;5,856229782104492;0;0;100;10;0;
472,91;29,3125;29,14286994934082;29,154264450073242;5,4375;5,86741828918457;5,856229782104492;0;0;100;10;0;
472,912;29,3125;29,14286994934082;29,154264450073242;5,4375;5,86741828918457;5,856229782104492;0;0;100;10;0;
472,915;29,3125;29,11349868774414;29,13471794128418;5,4375;5,828564167022705;5,831137657165527;0;0;100;10;0;
472,919;29,3125;29,11349868774414;29,13471794128418;5,4375;5,828564167022705;5,831137657165527;0;0;100;10;0;
472,922;29,3125;29,11349868774414;29,13471794128418;5,4375;5,828564167022705;5,831137657165527;0;0;100;10;0;
472,925;29,3125;29,128253936767578;29,14372444152832;5,4375;5,8873796463012695;5,870388507843018;0;0;100;10;0;
472,928;29,3125;29,128253936767578;29,14372444152832;5,4375;5,8873796463012695;5,870388507843018;0;0;100;10;0;
472,932;29,3125;29,128253936767578;29,14372444152832;5,4375;5,8873796463012695;5,870388507843018;0;0;100;10;0;
472,935;29,3125;29,128253936767578;29,14372444152832;5,4375;5,8873796463012695;5,870388507843018;0;0;100;10;0;
472,938;29,3125;29,102502822875977;29,126262664794922;5,5;5,910854816436768;5,886562347412109;0;0;100;10;0;
472,941;29,3125;29,102502822875977;29,126262664794922;5,5;5,910854816436768;5,886562347412109;0;0;100;10;0;
472,944;29,3125;29,102502822875977;29,126262664794922;5,5;5,910854816436768;5,886562347412109;0;0;100;10;0;
472,947;29,3125;29,139785766601562;29,150720596313477;5,5;5,952226638793945;5,914827346801758;0;0;100;10;0;
472,95;29,3125;29,139785766601562;29,150720596313477;5,5;5,952226638793945;5,914827346801758;0;0;100;10;0;
472,953;29,3125;29,122159957885742;29,139307022094727;5,5;5,914272308349609;5,8912482261657715;0;0;100;10;0;
472,956;29,3125;29,122159957885742;29,139307022094727;5,5;5,914272308349609;5,8912482261657715;0;0;100;10;0;
472,96;29,3125;29,122159957885742;29,139307022094727;5,5;5,914272308349609;5,8912482261657715;0;0;100;10;0;
472,963;29,3125;29,122159957885742;29,139307022094727;5,5;5,914272308349609;5,8912482261657715;0;0;100;10;0;
472,966;29,3125;29,130062103271484;29,14436149597168;5,5;5,951592445373535;5,916800498962402;0;0;100;10;0;
472,969;29,3125;29,130062103271484;29,14436149597168;5,5;5,951592445373535;5,916800498962402;0;0;100;10;0;
472,972;29,3125;29,130062103271484;29,14436149597168;5,5;5,951592445373535;5,916800498962402;0;0;100;10;0;
472,975;29,3125;29,111059188842773;29,131258010864258;5,5;6,007574081420898;5,954106330871582;0;0;100;10;0;
472,979;29,3125;29,111059188842773;29,131258010864258;5,5;6,007574081420898;5,954106330871582;0;0;100;10;0;
472,982;29,3125;29,111059188842773;29,131258010864258;5,5;6,007574081420898;5,954106330871582;0;0;100;10;0;
472,985;29,3125;29,15718650817871;29,131258010864258;5,5;6,018001079559326;5,954106330871582;0;0;100;10;0;
472,989;29,3125;29,15718650817871;29,16090965270996;5,5;6,018001079559326;5,959774017333984;0;0;100;10;0;
472,993;29,3125;29,15718650817871;29,16090965270996;5,5;6,018001079559326;5,959774017333984;0;0;100;10;0;
472,996;29,3125;29,15718650817871;29,16090965270996;5,5;6,018001079559326;5,959774017333984;0;0;100;10;0;
472,999;29,3125;29,120805740356445;29,136869430541992;5,5;5,973499774932861;5,930249214172363;0;0;100;10;0;
473,002;29,3125;29,120805740356445;29,136869430541992;5,5;5,973499774932861;5,930249214172363;0;0;100;10;0;
473,005;29,3125;29,103212356567383;29,125732421875;5,5;5,925386428833008;5,898683547973633;0;0;100;10;0;
473,008;29,3125;29,103212356567383;29,125732421875;5,5;5,925386428833008;5,898683547973633;0;0;100;10;0;
473,011;29,3125;29,103212356567383;29,125732421875;5,5;5,925386428833008;5,898683547973633;0;0;100;10;0;
473,013;29,3125;29,103212356567383;29,125732421875;5,5;5,925386428833008;5,898683547973633;0;0;100;10;0;
473,016;29,3125;29,083066940307617;29,111997604370117;5,5;5,9969964027404785;5,946424961090088;0;0;100;10;0;
473,019;29,3125;29,083066940307617;29,111997604370117;5,5;5,9969964027404785;5,946424961090088;0;0;100;10;0;
473,022;29,3125;29,083066940307617;29,111997604370117;5,5;5,9969964027404785;5,946424961090088;0;0;100;10;0;
473,026;29,3125;29,11058807373047;29,129199981689453;5,5;5,971883773803711;5,929651260375977;0;0;100;10;0;
473,029;29,3125;29,11058807373047;29,129199981689453;5,5;5,971883773803711;5,929651260375977;0;0;100;10;0;
473,032;29,3125;29,11058807373047;29,129199981689453;5,5;5,971883773803711;5,929651260375977;0;0;100;10;0;
473,036;29,3125;29,141279220581055;29,149337768554688;5,5;5,982512474060059;5,935946941375732;0;0;100;10;0;
473,039;29,3125;29,141279220581055;29,149337768554688;5,5;5,982512474060059;5,935946941375732;0;0;100;10;0;
473,043;29,3125;29,141279220581055;29,149337768554688;5,5;5,982512474060059;5,935946941375732;0;0;100;10;0;
473,046;29,3125;29,15242576599121;29,15679931640625;5,5;6,005000114440918;5,951587200164795;0;0;100;10;0;
473,049;29,3125;29,15242576599121;29,15679931640625;5,5625;6,005000114440918;5,951587200164795;0;0;100;10;0;
473,052;29,3125;29,15242576599121;29,15679931640625;5,5625;6,005000114440918;5,951587200164795;0;0;100;10;0;
473,055;29,3125;29,158395767211914;29,160436630249023;5,5625;6,127943515777588;6,0334954261779785;0;0;100;10;0;
473,058;29,3125;29,158395767211914;29,160436630249023;5,5625;6,127943515777588;6,0334954261779785;0;0;100;10;0;
473,061;29,3125;29,158395767211914;29,160436630249023;5,5625;6,127943515777588;6,0334954261779785;0;0;100;10;0;
473,064;29,3125;29,158395767211914;29,160436630249023;5,5625;6,127943515777588;6,0334954261779785;0;0;100;10;0;
473,067;29,3125;29,176578521728516;29,171972274780273;5,5625;6,06828498840332;5,995842933654785;0;0;100;10;0;
473,069;29,3125;29,176578521728516;29,171972274780273;5,5625;6,06828498840332;5,995842933654785;0;0;100;10;0;
473,072;29,3125;29,176578521728516;29,171972274780273;5,5625;6,06828498840332;5,995842933654785;0;0;100;10;0;
473,076;29,3125;29,208850860595703;29,192325592041016;5,5625;6,053995132446289;5,986668109893799;0;0;100;10;0;
473,079;29,3125;29,208850860595703;29,192325592041016;5,5;6,053995132446289;5,986668109893799;0;0;100;10;0;
473,082;29,3125;29,208850860595703;29,192325592041016;5,5;6,053995132446289;5,986668109893799;0;0;100;10;0;
473,085;29,3125;29,208850860595703;29,192325592041016;5,5;6,053995132446289;5,986668109893799;0;0;100;10;0;
473,088;29,3125;29,20566749572754;29,190675735473633;5,5625;5,9891743659973145;5,941036701202393;0;0;100;10;0;
473,092;29,3125;29,20566749572754;29,190675735473633;5,5625;5,9891743659973145;5,941036701202393;0;0;100;10;0;
473,095;29,3125;29,20566749572754;29,190675735473633;5,5625;5,9891743659973145;5,941036701202393;0;0;100;10;0;
473,098;29,3125;29,244632720947266;29,21719741821289;5,5625;6,134279251098633;6,034013271331787;0;0;100;10;0;
473,1;29,3125;29,244632720947266;29,21719741821289;5,5625;6,134279251098633;6,034013271331787;0;0;100;10;0;
473,103;29,3125;29,202930450439453;29,190292358398438;5,5625;6,124176502227783;6,030432224273682;0;0;100;10;0;
473,106;29,3125;29,202930450439453;29,190292358398438;5,5625;6,124176502227783;6,030432224273682;0;0;100;10;0;
473,109;29,3125;29,202930450439453;29,190292358398438;5,5625;6,124176502227783;6,030432224273682;0;0;100;10;0;
473,112;29,3125;29,202930450439453;29,190292358398438;5,5625;6,124176502227783;6,030432224273682;0;0;100;10;0;
473,114;29,3125;29,205547332763672;29,19133949279785;5,5625;6,0859694480896;6,008852481842041;0;0;100;10;0;
473,117;29,3125;29,205547332763672;29,19133949279785;5,5625;6,0859694480896;6,008852481842041;0;0;100;10;0;
473,12;29,3125;29,205547332763672;29,19133949279785;5,5625;6,0859694480896;6,008852481842041;0;0;100;10;0;
473,123;29,3125;29,205547332763672;29,19133949279785;5,5625;6,0859694480896;6,008852481842041;0;0;100;10;0;
473,127;29,3125;29,159231185913086;29,160911560058594;5,5625;5,989664077758789;5,942527770996094;0;0;100;10;0;
473,13;29,3125;29,159231185913086;29,160911560058594;5,5625;5,989664077758789;5,942527770996094;0;0;100;10;0;
473,133;29,3125;29,159231185913086;29,160911560058594;5,5625;5,989664077758789;5,942527770996094;0;0;100;10;0;
473,136;29,3125;29,197126388549805;29,185461044311523;5,5625;5,941259860992432;5,9067230224609375;0;0;100;10;0;
473,139;29,3125;29,197126388549805;29,185461044311523;5,5625;5,941259860992432;5,9067230224609375;0;0;100;10;0;
473,143;29,3125;29,197126388549805;29,185461044311523;5,5625;5,941259860992432;5,9067230224609375;0;0;100;10;0;
473,146;29,3125;29,197126388549805;29,185461044311523;5,5625;5,941259860992432;5,9067230224609375;0;0;100;10;0;
473,149;29,3125;29,21476173400879;29,197134017944336;5,5625;6,011655330657959;5,950926303863525;0;0;100;10;0;
473,151;29,3125;29,21476173400879;29,197134017944336;5,5625;6,011655330657959;5,950926303863525;0;0;100;10;0;
473,154;29,3125;29,256256103515625;29,224517822265625;5,5625;6,029697418212891;5,963324069976807;0;0;100;10;0;
473,157;29,3125;29,256256103515625;29,224517822265625;5,5625;6,029697418212891;5,963324069976807;0;0;100;10;0;
473,161;29,3125;29,256256103515625;29,224517822265625;5,5625;6,029697418212891;5,963324069976807;0;0;100;10;0;
473,164;29,3125;29,256256103515625;29,224517822265625;5,5625;6,029697418212891;5,963324069976807;0;0;100;10;0;
473,167;29,3125;29,23418426513672;29,210285186767578;5,5625;6,062379837036133;5,986349582672119;0;0;100;10;0;
473,17;29,3125;29,23418426513672;29,210285186767578;5,5625;6,062379837036133;5,986349582672119;0;0;100;10;0;
473,173;29,3125;29,23418426513672;29,210285186767578;5,5625;6,062379837036133;5,986349582672119;0;0;100;10;0;
473,176;29,3125;29,23418426513672;29,210285186767578;5,5625;6,062379837036133;5,986349582672119;0;0;100;10;0;
473,179;29,3125;29,215749740600586;29,198102951049805;5,5625;5,981687068939209;5,934225082397461;0;0;100;10;0;
473,182;29,3125;29,215749740600586;29,198102951049805;5,5625;5,981687068939209;5,934225082397461;0;0;100;10;0;
473,185;29,3125;29,215749740600586;29,198102951049805;5,5625;5,981687068939209;5,934225082397461;0;0;100;10;0;
473,188;29,3125;29,220125198364258;29,19993019104004;5,5625;6,025537967681885;5,960842132568359;0;0;100;10;0;
473,192;29,3125;29,220125198364258;29,19993019104004;5,5625;6,025537967681885;5,960842132568359;0;0;100;10;0;
473,195;29,3125;29,220125198364258;29,19993019104004;5,5625;6,025537967681885;5,960842132568359;0;0;100;10;0;
473,198;29,3125;29,277196884155273;29,2372989654541;5,5625;6,051447868347168;5,9769816398620605;0;0;100;10;0;
473,2;29,3125;29,277196884155273;29,2372989654541;5,5625;6,051447868347168;5,9769816398620605;0;0;100;10;0;
473,203;29,3125;29,30904197692871;29,25908660888672;5,5625;6,105416297912598;6,013461589813232;0;0;100;10;0;
473,206;29,3125;29,30904197692871;29,25908660888672;5,5625;6,105416297912598;6,013461589813232;0;0;100;10;0;
473,209;29,3125;29,30904197692871;29,25908660888672;5,5625;6,105416297912598;6,013461589813232;0;0;100;10;0;
473,212;29,3125;29,30904197692871;29,25908660888672;5,5625;6,105416297912598;6,013461589813232;0;0;100;10;0;
473,215;29,3125;29,30904197692871;29,25908660888672;5,5625;6,105416297912598;6,013461589813232;0;0;100;10;0;
473,218;29,3125;29,290895462036133;29,2474308013916;5,5625;6,0162529945373535;5,957460880279541;0;0;100;10;0;
473,221;29,3125;29,290895462036133;29,2474308013916;5,5625;6,0162529945373535;5,957460880279541;0;0;100;10;0;
473,224;29,3125;29,290895462036133;29,2474308013916;5,5625;6,0162529945373535;5,957460880279541;0;0;100;10;0;
473,228;29,3125;29,25526237487793;29,222637176513672;5,5625;6,024850368499756;5,9620232582092285;0;0;100;10;0;
473,231;29,3125;29,25526237487793;29,222637176513672;5,5625;6,024850368499756;5,9620232582092285;0;0;100;10;0;
473,234;29,3125;29,25526237487793;29,222637176513672;5,5625;6,024850368499756;5,9620232582092285;0;0;100;10;0;
473,238;29,3125;29,21858024597168;29,19778823852539;5,5625;6,033720016479492;5,964954376220703;0;0;100;10;0;
473,241;29,3125;29,21858024597168;29,19778823852539;5,5625;6,033720016479492;5,964954376220703;0;0;100;10;0;
473,244;29,3125;29,21858024597168;29,19778823852539;5,5625;6,033720016479492;5,964954376220703;0;0;100;10;0;
473,248;29,3125;29,263608932495117;29,226884841918945;5,5625;6,123896598815918;6,021101474761963;0;0;100;10;0;
473,25;29,3125;29,263608932495117;29,226884841918945;5,5625;6,123896598815918;6,021101474761963;0;0;100;10;0;
473,253;29,3125;29,236406326293945;29,2096004486084;5,5625;6,128616809844971;6,026047706604004;0;0;100;10;0;
473,256;29,3125;29,236406326293945;29,2096004486084;5,5625;6,128616809844971;6,026047706604004;0;0;100;10;0;
473,259;29,3125;29,236406326293945;29,2096004486084;5,5625;6,128616809844971;6,026047706604004;0;0;100;10;0;
473,262;29,3125;29,236406326293945;29,2096004486084;5,5625;6,128616809844971;6,026047706604004;0;0;100;10;0;
473,265;29,3125;29,236406326293945;29,2096004486084;5,5625;6,128616809844971;6,026047706604004;0;0;100;10;0;
473,268;29,3125;29,226970672607422;29,203874588012695;5,5625;6,01550817489624;5,956688404083252;0;0;100;10;0;
473,271;29,3125;29,226970672607422;29,203874588012695;5,5625;6,01550817489624;5,956688404083252;0;0;100;10;0;
473,273;29,3125;29,226970672607422;29,203874588012695;5,5625;6,01550817489624;5,956688404083252;0;0;100;10;0;
473,277;29,3125;29,226970672607422;29,203874588012695;5,5625;6,01550817489624;5,956688404083252;0;0;100;10;0;
473,28;29,3125;29,20695686340332;29,19124412536621;5,5625;5,987338542938232;5,939738750457764;0;0;100;10;0;
473,282;29,3125;29,20695686340332;29,19124412536621;5,5625;5,987338542938232;5,939738750457764;0;0;100;10;0;
473,285;29,3125;29,20695686340332;29,19124412536621;5,5625;5,987338542938232;5,939738750457764;0;0;100;10;0;
473,289;29,3125;29,247352600097656;29,2174072265625;5,5625;5,999467372894287;5,94340705871582;0;0;100;10;0;
473,292;29,3125;29,247352600097656;29,2174072265625;5,5625;5,999467372894287;5,94340705871582;0;0;100;10;0;
473,295;29,3125;29,247352600097656;29,2174072265625;5,5625;5,999467372894287;5,94340705871582;0;0;100;10;0;
473,298;29,3125;29,233198165893555;29,20757484436035;5,5625;6,013481616973877;5,949657917022705;0;0;100;10;0;
473,301;29,3125;29,233198165893555;29,20757484436035;5,5625;6,013481616973877;5,949657917022705;0;0;100;10;0;
473,304;29,3125;29,212581634521484;29,19402313232422;5,5625;5,968317031860352;5,9219512939453125;0;0;100;10;0;
473,307;29,3125;29,212581634521484;29,19402313232422;5,5625;5,968317031860352;5,9219512939453125;0;0;100;10;0;
473,31;29,3125;29,212581634521484;29,19402313232422;5,5625;5,968317031860352;5,9219512939453125;0;0;100;10;0;
473,313;29,3125;29,212581634521484;29,19402313232422;5,5625;5,968317031860352;5,9219512939453125;0;0;100;10;0;
473,315;29,3125;29,212581634521484;29,19402313232422;5,5625;5,968317031860352;5,9219512939453125;0;0;100;10;0;
473,318;29,3125;29,164386749267578;29,162717819213867;5,5625;5,993577003479004;5,941042423248291;0;0;100;10;0;
473,321;29,3125;29,164386749267578;29,162717819213867;5,5625;5,993577003479004;5,941042423248291;0;0;100;10;0;
473,325;29,3125;29,164386749267578;29,162717819213867;5,5625;5,993577003479004;5,941042423248291;0;0;100;10;0;
473,328;29,3125;29,186508178710938;29,177581787109375;5,5625;5,9688873291015625;5,926003456115723;0;0;100;10;0;
473,331;29,3125;29,186508178710938;29,177581787109375;5,5625;5,9688873291015625;5,926003456115723;0;0;100;10;0;
473,334;29,3125;29,186508178710938;29,177581787109375;5,5625;5,9688873291015625;5,926003456115723;0;0;100;10;0;
473,337;29,3125;29,240264892578125;29,213436126708984;5,5625;6,02358341217041;5,961203575134277;0;0;100;10;0;
473,341;29,3125;29,240264892578125;29,213436126708984;5,5625;6,02358341217041;5,961203575134277;0;0;100;10;0;
473,344;29,3125;29,240264892578125;29,213436126708984;5,5625;6,02358341217041;5,961203575134277;0;0;100;10;0;
473,348;29,3125;29,254867553710938;29,223791122436523;5,5625;5,992902755737305;5,939836502075195;0;0;100;10;0;
473,351;29,3125;29,254867553710938;29,223791122436523;5,625;5,992902755737305;5,939836502075195;0;0;100;10;0;
473,353;29,3125;29,264053344726562;29,229955673217773;5,625;6,084881782531738;6,001567840576172;0;0;100;10;0;
473,356;29,3125;29,264053344726562;29,229955673217773;5,625;6,084881782531738;6,001567840576172;0;0;100;10;0;
473,359;29,3125;29,264053344726562;29,229955673217773;5,625;6,084881782531738;6,001567840576172;0;0;100;10;0;
473,362;29,3125;29,264053344726562;29,229955673217773;5,625;6,084881782531738;6,001567840576172;0;0;100;10;0;
473,366;29,3125;29,264053344726562;29,229955673217773;5,625;6,084881782531738;6,001567840576172;0;0;100;10;0;
473,368;29,3125;29,205638885498047;29,19072723388672;5,625;6,040550231933594;5,97413444519043;0;0;100;10;0;
473,371;29,3125;29,205638885498047;29,19072723388672;5,625;6,040550231933594;5,97413444519043;0;0;100;10;0;
473,374;29,3125;29,205638885498047;29,19072723388672;5,625;6,040550231933594;5,97413444519043;0;0;100;10;0;
473,378;29,3125;29,2034969329834;29,18838119506836;5,625;6,045356273651123;5,975760459899902;0;0;100;10;0;
473,38;29,3125;29,2034969329834;29,18838119506836;5,625;6,045356273651123;5,975760459899902;0;0;100;10;0;
473,383;29,3125;29,2034969329834;29,18838119506836;5,625;6,045356273651123;5,975760459899902;0;0;100;10;0;
473,385;29,3125;29,2034969329834;29,18838119506836;5,625;6,045356273651123;5,975760459899902;0;0;100;10;0;
473,388;29,3125;29,191843032836914;29,18181610107422;5,625;6,011579990386963;5,951297283172607;0;0;100;10;0;
473,39;29,3125;29,191843032836914;29,18181610107422;5,625;6,011579990386963;5,951297283172607;0;0;100;10;0;
473,393;29,3125;29,191843032836914;29,18181610107422;5,625;6,011579990386963;5,951297283172607;0;0;100;10;0;
473,396;29,3125;29,191843032836914;29,18181610107422;5,625;6,011579990386963;5,951297283172607;0;0;100;10;0;
473,4;29,3125;29,204675674438477;29,191486358642578;5,625;5,987566947937012;5,935390949249268;0;0;100;10;0;
473,402;29,3125;29,204675674438477;29,191486358642578;5,625;5,987566947937012;5,935390949249268;0;0;100;10;0;
473,405;29,3125;29,193815231323242;29,18439483642578;5,625;5,990813255310059;5,939668655395508;0;0;100;10;0;
473,408;29,3125;29,193815231323242;29,18439483642578;5,625;5,990813255310059;5,939668655395508;0;0;100;10;0;
473,411;29,3125;29,193815231323242;29,18439483642578;5,625;5,990813255310059;5,939668655395508;0;0;100;10;0;
473,414;29,3125;29,193815231323242;29,18439483642578;5,625;5,990813255310059;5,939668655395508;0;0;100;10;0;
473,417;29,3125;29,189620971679688;29,181127548217773;5,625;5,9865498542785645;5,937188625335693;0;0;100;10;0;
473,42;29,3125;29,189620971679688;29,181127548217773;5,625;5,9865498542785645;5,937188625335693;0;0;100;10;0;
473,423;29,3125;29,189620971679688;29,181127548217773;5,625;5,9865498542785645;5,937188625335693;0;0;100;10;0;
473,427;29,3125;29,162363052368164;29,16258430480957;5,625;5,929706573486328;5,898575782775879;0;0;100;10;0;
473,43;29,3125;29,162363052368164;29,16258430480957;5,625;5,929706573486328;5,898575782775879;0;0;100;10;0;
473,433;29,3125;29,162363052368164;29,16258430480957;5,625;5,929706573486328;5,898575782775879;0;0;100;10;0;
473,435;29,3125;29,162363052368164;29,16258430480957;5,625;5,929706573486328;5,898575782775879;0;0;100;10;0;
473,438;29,3125;29,171939849853516;29,16861343383789;5,5625;5,9012627601623535;5,8784308433532715;0;0;100;10;0;
473,442;29,3125;29,171939849853516;29,16861343383789;5,5625;5,9012627601623535;5,8784308433532715;0;0;100;10;0;
473,445;29,3125;29,171939849853516;29,16861343383789;5,5625;5,9012627601623535;5,8784308433532715;0;0;100;10;0;
473,448;29,3125;29,167911529541016;29,16618537902832;5,5625;5,953639984130859;5,912460803985596;0;0;100;10;0;
473,451;29,3125;29,167911529541016;29,16618537902832;5,625;5,953639984130859;5,912460803985596;0;0;100;10;0;
473,454;29,3125;29,197954177856445;29,18636703491211;5,625;5,974742889404297;5,927801132202148;0;0;100;10;0;
473,457;29,3125;29,197954177856445;29,18636703491211;5,625;5,974742889404297;5,927801132202148;0;0;100;10;0;
473,46;29,3125;29,197954177856445;29,18636703491211;5,625;5,974742889404297;5,927801132202148;0;0;100;10;0;
473,463;29,3125;29,197954177856445;29,18636703491211;5,625;5,974742889404297;5,927801132202148;0;0;100;10;0;
473,466;29,3125;29,197954177856445;29,18636703491211;5,625;5,974742889404297;5,927801132202148;0;0;100;10;0;
473,468;29,3125;29,2083740234375;29,194307327270508;5,625;5,992341041564941;5,941742897033691;0;0;100;10;0;
473,471;29,3125;29,2083740234375;29,194307327270508;5,625;5,992341041564941;5,941742897033691;0;0;100;10;0;
473,473;29,3125;29,2083740234375;29,194307327270508;5,625;5,992341041564941;5,941742897033691;0;0;100;10;0;
473,476;29,3125;29,18654441833496;29,18025779724121;5,625;5,91805362701416;5,89323091506958;0;0;100;10;0;
473,48;29,3125;29,18654441833496;29,18025779724121;5,625;5,91805362701416;5,89323091506958;0;0;100;10;0;
473,483;29,3125;29,18654441833496;29,18025779724121;5,625;5,91805362701416;5,89323091506958;0;0;100;10;0;
473,485;29,3125;29,19951820373535;29,188220977783203;5,625;5,965071678161621;5,921843528747559;0;0;100;10;0;
473,488;29,3125;29,19951820373535;29,188220977783203;5,625;5,965071678161621;5,921843528747559;0;0;100;10;0;
473,491;29,3125;29,19951820373535;29,188220977783203;5,625;5,965071678161621;5,921843528747559;0;0;100;10;0;
473,495;29,3125;29,19951820373535;29,188220977783203;5,625;5,965071678161621;5,921843528747559;0;0;100;10;0;
473,498;29,3125;29,186315536499023;29,17914581298828;5,625;5,9903669357299805;5,93703031539917;0;0;100;10;0;
473,501;29,3125;29,186315536499023;29,17914581298828;5,625;5,9903669357299805;5,93703031539917;0;0;100;10;0;
473,504;29,3125;29,196701049804688;29,185758590698242;5,625;6,015091419219971;5,952867031097412;0;0;100;10;0;
473,507;29,3125;29,196701049804688;29,185758590698242;5,625;6,015091419219971;5,952867031097412;0;0;100;10;0;
473,51;29,3125;29,196701049804688;29,185758590698242;5,625;6,015091419219971;5,952867031097412;0;0;100;10;0;
473,512;29,3125;29,196701049804688;29,185758590698242;5,625;6,015091419219971;5,952867031097412;0;0;100;10;0;
473,515;29,3125;29,196701049804688;29,185758590698242;5,625;6,015091419219971;5,952867031097412;0;0;100;10;0;
473,518;29,3125;29,16180992126465;29,163991928100586;5,625;5,959422588348389;5,917610168457031;0;0;100;10;0;
473,52;29,3125;29,16180992126465;29,163991928100586;5,625;5,959422588348389;5,917610168457031;0;0;100;10;0;
473,524;29,3125;29,16180992126465;29,163991928100586;5,625;5,959422588348389;5,917610168457031;0;0;100;10;0;
473,527;29,3125;29,164180755615234;29,166412353515625;5,625;5,985308647155762;5,933968544006348;0;0;100;10;0;
473,53;29,3125;29,164180755615234;29,166412353515625;5,625;5,985308647155762;5,933968544006348;0;0;100;10;0;
473,533;29,3125;29,164180755615234;29,166412353515625;5,625;5,985308647155762;5,933968544006348;0;0;100;10;0;
473,535;29,3125;29,18871307373047;29,183122634887695;5,625;5,993842601776123;5,937869071960449;0;0;100;10;0;
473,538;29,3125;29,18871307373047;29,183122634887695;5,625;5,993842601776123;5,937869071960449;0;0;100;10;0;
473,541;29,3125;29,18871307373047;29,183122634887695;5,625;5,993842601776123;5,937869071960449;0;0;100;10;0;
473,544;29,3125;29,18871307373047;29,183122634887695;5,625;5,993842601776123;5,937869071960449;0;0;100;10;0;
473,547;29,3125;29,20387077331543;29,192350387573242;5,625;5,99429178237915;5,93577766418457;0;0;100;10;0;
473,55;29,3125;29,20387077331543;29,192350387573242;5,625;5,99429178237915;5,93577766418457;0;0;100;10;0;
473,553;29,3125;29,20454978942871;29,19303321838379;5,625;5,984473705291748;5,9293928146362305;0;0;100;10;0;
473,556;29,3125;29,20454978942871;29,19303321838379;5,625;5,984473705291748;5,9293928146362305;0;0;100;10;0;
473,559;29,3125;29,20454978942871;29,19303321838379;5,625;5,984473705291748;5,9293928146362305;0;0;100;10;0;
473,562;29,3125;29,20454978942871;29,19303321838379;5,625;5,984473705291748;5,9293928146362305;0;0;100;10;0;
473,565;29,3125;29,17919158935547;29,176633834838867;5,625;5,953974723815918;5,9102783203125;0;0;100;10;0;
473,568;29,3125;29,17919158935547;29,176633834838867;5,625;5,953974723815918;5,9102783203125;0;0;100;10;0;
473,571;29,3125;29,17919158935547;29,176633834838867;5,625;5,953974723815918;5,9102783203125;0;0;100;10;0;
473,573;29,3125;29,17919158935547;29,176633834838867;5,625;5,958527565002441;5,9102783203125;0;0;100;10;0;
473,577;29,3125;29,1711483001709;29,171751022338867;5,625;5,958527565002441;5,913023948669434;0;0;100;10;0;
473,579;29,3125;29,1711483001709;29,171751022338867;5,625;5,958527565002441;5,913023948669434;0;0;100;10;0;
473,582;29,3125;29,1711483001709;29,171751022338867;5,625;5,958527565002441;5,913023948669434;0;0;100;10;0;
473,585;29,3125;29,164339065551758;29,16788101196289;5,625;5,946141242980957;5,90409517288208;0;0;100;10;0;
473,589;29,3125;29,164339065551758;29,16788101196289;5,625;5,946141242980957;5,90409517288208;0;0;100;10;0;
473,592;29,3125;29,164339065551758;29,16788101196289;5,625;5,946141242980957;5,90409517288208;0;0;100;10;0;
473,595;29,3125;29,185102462768555;29,182113647460938;5,625;5,990927696228027;5,932387828826904;0;0;100;10;0;
473,598;29,3125;29,185102462768555;29,182113647460938;5,625;5,990927696228027;5,932387828826904;0;0;100;10;0;
473,601;29,3125;29,185102462768555;29,182113647460938;5,625;5,990927696228027;5,932387828826904;0;0;100;10;0;
473,604;29,3125;29,18096351623535;29,18022918701172;5,625;5,9508771896362305;5,906922340393066;0;0;100;10;0;
473,607;29,3125;29,18096351623535;29,18022918701172;5,625;5,9508771896362305;5,906922340393066;0;0;100;10;0;
473,61;29,3125;29,18096351623535;29,18022918701172;5,625;5,9508771896362305;5,906922340393066;0;0;100;10;0;
473,613;29,3125;29,18096351623535;29,18022918701172;5,625;5,9508771896362305;5,906922340393066;0;0;100;10;0;
473,615;29,3125;29,18270492553711;29,181608200073242;5,625;5,954967021942139;5,91004753112793;0;0;100;10;0;
473,618;29,3125;29,18270492553711;29,181608200073242;5,625;5,954967021942139;5,91004753112793;0;0;100;10;0;
473,621;29,3125;29,18270492553711;29,181608200073242;5,625;5,954967021942139;5,91004753112793;0;0;100;10;0;
473,625;29,3125;29,163015365600586;29,167978286743164;5,625;5,985297203063965;5,929588317871094;0;0;100;10;0;
473,628;29,3125;29,163015365600586;29,167978286743164;5,625;5,985297203063965;5,929588317871094;0;0;100;10;0;
473,631;29,3125;29,163015365600586;29,167978286743164;5,625;5,985297203063965;5,929588317871094;0;0;100;10;0;
473,634;29,3125;29,17181968688965;29,17363929748535;5,625;5,985121250152588;5,92662239074707;0;0;100;10;0;
473,637;29,3125;29,17181968688965;29,17363929748535;5,625;5,985121250152588;5,92662239074707;0;0;100;10;0;
473,64;29,3125;29,17181968688965;29,17363929748535;5,625;5,985121250152588;5,92662239074707;0;0;100;10;0;
473,643;29,3125;29,17181968688965;29,17363929748535;5,625;5,985121250152588;5,92662239074707;0;0;100;10;0;
473,646;29,3125;29,166845321655273;29,171443939208984;5,625;5,955225944519043;5,906024932861328;0;0;100;10;0;
473,648;29,3125;29,166845321655273;29,171443939208984;5,625;5,955225944519043;5,906024932861328;0;0;100;10;0;
473,652;29,3125;29,166845321655273;29,171443939208984;5,625;5,955225944519043;5,906024932861328;0;0;100;10;0;
473,654;29,3125;29,18271827697754;29,182979583740234;5,625;5,999241352081299;5,936375141143799;0;0;100;10;0;
473,658;29,3125;29,18271827697754;29,182979583740234;5,625;5,999241352081299;5,936375141143799;0;0;100;10;0;
473,661;29,3125;29,18271827697754;29,182979583740234;5,625;5,999241352081299;5,936375141143799;0;0;100;10;0;
473,664;29,3125;29,208473205566406;29,200401306152344;5,625;6,021949768066406;5,952569007873535;0;0;100;10;0;
473,667;29,3125;29,208473205566406;29,200401306152344;5,625;6,021949768066406;5,952569007873535;0;0;100;10;0;
473,67;29,3125;29,208473205566406;29,200401306152344;5,625;6,021949768066406;5,952569007873535;0;0;100;10;0;
473,673;29,3125;29,195358276367188;29,191984176635742;5,625;5,98536491394043;5,928014755249023;0;0;100;10;0;
473,676;29,3125;29,195358276367188;29,191984176635742;5,625;5,98536491394043;5,928014755249023;0;0;100;10;0;
473,679;29,3125;29,195358276367188;29,191984176635742;5,625;5,98536491394043;5,928014755249023;0;0;100;10;0;
473,682;29,3125;29,195358276367188;29,191984176635742;5,625;5,98536491394043;5,928014755249023;0;0;100;10;0;
473,685;29,3125;29,201404571533203;29,195507049560547;5,625;5,983496189117432;5,925702095031738;0;0;100;10;0;
473,688;29,3125;29,201404571533203;29,195507049560547;5,625;5,983496189117432;5,925702095031738;0;0;100;10;0;
473,69;29,3125;29,201404571533203;29,195507049560547;5,625;5,983496189117432;5,925702095031738;0;0;100;10;0;
473,694;29,3125;29,19693374633789;29,192583084106445;5,625;5,98006534576416;5,922459125518799;0;0;100;10;0;
473,697;29,3125;29,19693374633789;29,192583084106445;5,625;5,98006534576416;5,922459125518799;0;0;100;10;0;
473,699;29,3125;29,19693374633789;29,192583084106445;5,625;5,98006534576416;5,922459125518799;0;0;100;10;0;
473,703;29,3125;29,19693374633789;29,192583084106445;5,625;5,98006534576416;5,922459125518799;0;0;100;10;0;
473,706;29,3125;29,213167190551758;29,202693939208984;5,625;5,989507675170898;5,927267551422119;0;0;100;10;0;
473,709;29,3125;29,213167190551758;29,202693939208984;5,625;5,989507675170898;5,927267551422119;0;0;100;10;0;
473,712;29,3125;29,213167190551758;29,202693939208984;5,625;5,989507675170898;5,927267551422119;0;0;100;10;0;
473,714;29,3125;29,178361892700195;29,179880142211914;5,625;5,950290203094482;5,90165901184082;0;0;100;10;0;
473,717;29,3125;29,178361892700195;29,179880142211914;5,625;5,950290203094482;5,90165901184082;0;0;100;10;0;
473,72;29,3125;29,178361892700195;29,179880142211914;5,625;5,950290203094482;5,90165901184082;0;0;100;10;0;
473,723;29,3125;29,172712326049805;29,175682067871094;5,625;5,971866607666016;5,9172234535217285;0;0;100;10;0;
473,727;29,3125;29,172712326049805;29,175682067871094;5,625;5,971866607666016;5,9172234535217285;0;0;100;10;0;
473,73;29,3125;29,172712326049805;29,175682067871094;5,625;5,971866607666016;5,9172234535217285;0;0;100;10;0;
473,733;29,3125;29,172712326049805;29,175682067871094;5,625;5,971866607666016;5,9172234535217285;0;0;100;10;0;
473,736;29,3125;29,154932022094727;29,164058685302734;5,625;5,941365718841553;5,8976054191589355;0;0;100;10;0;
473,738;29,3125;29,154932022094727;29,164058685302734;5,625;5,941365718841553;5,8976054191589355;0;0;100;10;0;
473,741;29,3125;29,154932022094727;29,164058685302734;5,625;5,941365718841553;5,8976054191589355;0;0;100;10;0;
473,745;29,3125;29,187910079956055;29,186370849609375;5,625;5,94148588180542;5,895459175109863;0;0;100;10;0;
473,748;29,3125;29,187910079956055;29,186370849609375;5,625;5,94148588180542;5,895459175109863;0;0;100;10;0;
473,75;29,3125;29,187910079956055;29,186370849609375;5,625;5,94148588180542;5,895459175109863;0;0;100;10;0;
473,754;29,3125;29,140504837036133;29,154809951782227;5,625;5,912032127380371;5,8747687339782715;0;0;100;10;0;
473,757;29,3125;29,140504837036133;29,154809951782227;5,625;5,912032127380371;5,8747687339782715;0;0;100;10;0;
473,761;29,3125;29,140504837036133;29,154809951782227;5,625;5,912032127380371;5,8747687339782715;0;0;100;10;0;
473,764;29,25;29,126787185668945;29,146499633789062;5,625;5,894866943359375;5,8627729415893555;0;0;100;10;0;
473,766;29,25;29,126787185668945;29,146499633789062;5,625;5,894866943359375;5,8627729415893555;0;0;100;10;0;
473,769;29,25;29,126787185668945;29,146499633789062;5,625;5,894866943359375;5,8627729415893555;0;0;100;10;0;
473,772;29,25;29,126787185668945;29,146499633789062;5,625;5,894866943359375;5,8627729415893555;0;0;100;10;0;
473,776;29,25;29,12359046936035;29,1451416015625;5,625;5,88417911529541;5,856601238250732;0;0;100;10;0;
473,779;29,25;29,12359046936035;29,1451416015625;5,625;5,88417911529541;5,856601238250732;0;0;100;10;0;
473,782;29,25;29,12359046936035;29,1451416015625;5,625;5,88417911529541;5,856601238250732;0;0;100;10;0;
473,785;29,25;29,15349578857422;29,16534996032715;5,625;5,902845859527588;5,869301795959473;0;0;100;10;0;
473,787;29,25;29,15349578857422;29,16534996032715;5,625;5,902845859527588;5,869301795959473;0;0;100;10;0;
473,79;29,25;29,15349578857422;29,16534996032715;5,625;5,902845859527588;5,869301795959473;0;0;100;10;0;
473,793;29,25;29,211111068725586;29,202762603759766;5,625;5,95414924621582;5,902671813964844;0;0;100;10;0;
473,797;29,3125;29,211111068725586;29,202762603759766;5,625;5,95414924621582;5,902671813964844;0;0;100;10;0;
473,799;29,3125;29,211111068725586;29,202762603759766;5,625;5,95414924621582;5,902671813964844;0;0;100;10;0;
473,803;29,3125;29,189104080200195;29,202762603759766;5,625;5,921651840209961;5,880047798156738;0;0;100;10;0;
473,806;29,3125;29,189104080200195;29,188344955444336;5,625;5,921651840209961;5,880047798156738;0;0;100;10;0;
473,809;29,3125;29,189104080200195;29,188344955444336;5,625;5,921651840209961;5,880047798156738;0;0;100;10;0;
473,812;29,3125;29,189104080200195;29,188344955444336;5,625;5,921651840209961;5,880047798156738;0;0;100;10;0;
473,815;29,3125;29,20768928527832;29,200321197509766;5,625;5,934305667877197;5,8882670402526855;0;0;100;10;0;
473,818;29,3125;29,20768928527832;29,200321197509766;5,625;5,934305667877197;5,8882670402526855;0;0;100;10;0;
473,821;29,3125;29,20768928527832;29,200321197509766;5,625;5,934305667877197;5,8882670402526855;0;0;100;10;0;
473,824;29,3125;29,160999298095703;29,170495986938477;5,625;5,918450355529785;5,877349376678467;0;0;100;10;0;
473,828;29,3125;29,160999298095703;29,170495986938477;5,625;5,918450355529785;5,877349376678467;0;0;100;10;0;
473,831;29,3125;29,160999298095703;29,170495986938477;5,625;5,918450355529785;5,877349376678467;0;0;100;10;0;
473,834;29,3125;29,20876693725586;29,202150344848633;5,625;5,958672046661377;5,902202129364014;0;0;100;10;0;
473,837;29,3125;29,20876693725586;29,202150344848633;5,625;5,958672046661377;5,902202129364014;0;0;100;10;0;
473,84;29,3125;29,20876693725586;29,202150344848633;5,625;5,958672046661377;5,902202129364014;0;0;100;10;0;
473,844;29,3125;29,150123596191406;29,163293838500977;5,625;5,907934188842773;5,868396282196045;0;0;100;10;0;
473,847;29,3125;29,150123596191406;29,163293838500977;5,625;5,907934188842773;5,868396282196045;0;0;100;10;0;
473,85;29,3125;29,150123596191406;29,163293838500977;5,625;5,907934188842773;5,868396282196045;0;0;100;10;0;
473,853;29,3125;29,144485473632812;29,160268783569336;5,625;5,909679412841797;5,870946884155273;0;0;100;10;0;
473,856;29,3125;29,144485473632812;29,160268783569336;5,625;5,909679412841797;5,870946884155273;0;0;100;10;0;
473,859;29,3125;29,144485473632812;29,160268783569336;5,625;5,909679412841797;5,870946884155273;0;0;100;10;0;
473,862;29,3125;29,144485473632812;29,160268783569336;5,625;5,909679412841797;5,870946884155273;0;0;100;10;0;
473,865;29,3125;29,12055015563965;29,145492553710938;5,625;5,912112236022949;5,87376070022583;0;0;100;10;0;
473,868;29,3125;29,12055015563965;29,145492553710938;5,625;5,912112236022949;5,87376070022583;0;0;100;10;0;
473,871;29,3125;29,12055015563965;29,145492553710938;5,625;5,912112236022949;5,87376070022583;0;0;100;10;0;
473,874;29,3125;29,171934127807617;29,178861618041992;5,625;5,952719211578369;5,900047302246094;0;0;100;10;0;
473,877;29,3125;29,171934127807617;29,178861618041992;5,625;5,952719211578369;5,900047302246094;0;0;100;10;0;
473,88;29,3125;29,171934127807617;29,178861618041992;5,625;5,952719211578369;5,900047302246094;0;0;100;10;0;
473,883;29,3125;29,171934127807617;29,178861618041992;5,625;5,952719211578369;5,900047302246094;0;0;100;10;0;
473,885;29,25;29,111276626586914;29,13808250427246;5,625;5,889782905578613;5,8571696281433105;0;0;100;10;0;
473,888;29,25;29,111276626586914;29,13808250427246;5,625;5,889782905578613;5,8571696281433105;0;0;100;10;0;
473,891;29,25;29,111276626586914;29,13808250427246;5,625;5,889782905578613;5,8571696281433105;0;0;100;10;0;
473,894;29,25;29,093671798706055;29,126689910888672;5,625;5,865865230560303;5,840212821960449;0;0;100;10;0;
473,897;29,25;29,093671798706055;29,126689910888672;5,625;5,865865230560303;5,840212821960449;0;0;100;10;0;
473,9;29,25;29,093671798706055;29,126689910888672;5,625;5,865865230560303;5,840212821960449;0;0;100;10;0;
473,904;29,25;29,093975067138672;29,1275634765625;5,625;5,8843512535095215;5,85184907913208;0;0;100;10;0;
473,907;29,25;29,093975067138672;29,1275634765625;5,625;5,8843512535095215;5,85184907913208;0;0;100;10;0;
473,91;29,25;29,093975067138672;29,1275634765625;5,625;5,8843512535095215;5,85184907913208;0;0;100;10;0;
473,913;29,25;29,093975067138672;29,1275634765625;5,625;5,8843512535095215;5,85184907913208;0;0;100;10;0;
473,915;29,25;29,1457462310791;29,16158103942871;5,625;5,908310413360596;5,867991924285889;0;0;100;10;0;
473,918;29,25;29,1457462310791;29,16158103942871;5,625;5,908310413360596;5,867991924285889;0;0;100;10;0;
473,921;29,25;29,1457462310791;29,16158103942871;5,625;5,908310413360596;5,867991924285889;0;0;100;10;0;
473,924;29,25;29,198490142822266;29,19540023803711;5,625;5,976048469543457;5,912831783294678;0;0;100;10;0;
473,928;29,25;29,198490142822266;29,19540023803711;5,625;5,976048469543457;5,912831783294678;0;0;100;10;0;
473,931;29,25;29,198490142822266;29,19540023803711;5,625;5,976048469543457;5,912831783294678;0;0;100;10;0;
473,934;29,25;29,15113067626953;29,164003372192383;5,625;5,9422760009765625;5,890548229217529;0;0;100;10;0;
473,936;29,25;29,15113067626953;29,164003372192383;5,625;5,9422760009765625;5,890548229217529;0;0;100;10;0;
473,939;29,25;29,15113067626953;29,164003372192383;5,625;5,9422760009765625;5,890548229217529;0;0;100;10;0;
473,942;29,25;29,15113067626953;29,164003372192383;5,625;5,9422760009765625;5,890548229217529;0;0;100;10;0;
473,946;29,25;29,168472290039062;29,175447463989258;5,625;5,974375247955322;5,911557197570801;0;0;100;10;0;
473,949;29,25;29,168472290039062;29,175447463989258;5,625;5,974375247955322;5,911557197570801;0;0;100;10;0;
473,951;29,25;29,168472290039062;29,175447463989258;5,625;5,974375247955322;5,911557197570801;0;0;100;10;0;
473,955;29,25;29,126766204833984;29,148027420043945;5,625;5,951056957244873;5,894943714141846;0;0;100;10;0;
473,958;29,25;29,126766204833984;29,148027420043945;5,625;5,951056957244873;5,894943714141846;0;0;100;10;0;
473,961;29,25;29,126766204833984;29,148027420043945;5,625;5,951056957244873;5,894943714141846;0;0;100;10;0;
473,964;29,25;29,18998146057129;29,18861198425293;5,625;6,00941801071167;5,931676864624023;0;0;100;10;0;
473,967;29,25;29,18998146057129;29,18861198425293;5,625;6,00941801071167;5,931676864624023;0;0;100;10;0;
473,969;29,25;29,18998146057129;29,18861198425293;5,625;6,00941801071167;5,931676864624023;0;0;100;10;0;
473,973;29,25;29,18998146057129;29,18861198425293;5,625;6,00941801071167;5,931676864624023;0;0;100;10;0;
473,976;29,25;29,12858772277832;29,147207260131836;5,625;5,942290782928467;5,888348579406738;0;0;100;10;0;
473,979;29,25;29,12858772277832;29,147207260131836;5,625;5,942290782928467;5,888348579406738;0;0;100;10;0;
473,982;29,25;29,12858772277832;29,147207260131836;5,625;5,942290782928467;5,888348579406738;0;0;100;10;0;
473,984;29,25;29,150794982910156;29,16154670715332;5,625;5,98468017578125;5,91727876663208;0;0;100;10;0;
473,987;29,25;29,150794982910156;29,16154670715332;5,625;5,98468017578125;5,91727876663208;0;0;100;10;0;
473,99;29,25;29,150794982910156;29,16154670715332;5,625;5,98468017578125;5,91727876663208;0;0;100;10;0;
473,993;29,25;29,150794982910156;29,16154670715332;5,625;5,98468017578125;5,91727876663208;0;0;100;10;0;
473,996;29,25;29,105777740478516;29,13286590576172;5,625;5,9892048835754395;5,92020320892334;0;0;100;10;0;
473,999;29,25;29,105777740478516;29,13286590576172;5,625;5,9892048835754395;5,92020320892334;0;0;100;10;0;
474,001;29,25;29,105777740478516;29,13286590576172;5,625;5,9892048835754395;5,92020320892334;0;0;100;10;0;
474,005;29,25;29,185726165771484;29,184926986694336;5,625;6,040272235870361;5,952463150024414;0;0;100;10;0;
474,007;29,25;29,185726165771484;29,184926986694336;5,625;6,040272235870361;5,952463150024414;0;0;100;10;0;
474,01;29,25;29,185726165771484;29,184926986694336;5,625;6,040272235870361;5,952463150024414;0;0;100;10;0;
474,013;29,25;29,185726165771484;29,184926986694336;5,625;5,96776819229126;5,952463150024414;0;0;100;10;0;
474,016;29,25;29,10914421081543;29,13407325744629;5,625;5,96776819229126;5,904747009277344;0;0;100;10;0;
474,018;29,25;29,10914421081543;29,13407325744629;5,625;5,96776819229126;5,904747009277344;0;0;100;10;0;
474,022;29,25;29,10914421081543;29,13407325744629;5,625;5,96776819229126;5,904747009277344;0;0;100;10;0;
474,025;29,25;29,08635139465332;29,11849021911621;5,625;5,929534912109375;5,879786491394043;0;0;100;10;0;
474,028;29,25;29,08635139465332;29,11849021911621;5,625;5,929534912109375;5,879786491394043;0;0;100;10;0;
474,031;29,25;29,08635139465332;29,11849021911621;5,625;5,929534912109375;5,879786491394043;0;0;100;10;0;
474,034;29,25;29,0610294342041;29,10202980041504;5,625;5,953637599945068;5,896465301513672;0;0;100;10;0;
474,037;29,25;29,0610294342041;29,10202980041504;5,625;5,953637599945068;5,896465301513672;0;0;100;10;0;
474,04;29,25;29,0610294342041;29,10202980041504;5,625;5,953637599945068;5,896465301513672;0;0;100;10;0;
474,043;29,25;29,11600685119629;29,13810157775879;5,625;5,962397575378418;5,9016947746276855;0;0;100;10;0;
474,046;29,25;29,11600685119629;29,13810157775879;5,625;5,962397575378418;5,9016947746276855;0;0;100;10;0;
474,049;29,25;29,11600685119629;29,13810157775879;5,625;5,962397575378418;5,9016947746276855;0;0;100;10;0;
474,052;29,25;29,11600685119629;29,13810157775879;5,625;5,962397575378418;5,9016947746276855;0;0;100;10;0;
474,055;29,25;29,18172836303711;29,180273056030273;5,625;6,035685062408447;5,948680877685547;0;0;100;10;0;
474,058;29,25;29,18172836303711;29,180273056030273;5,625;6,035685062408447;5,948680877685547;0;0;100;10;0;
474,062;29,25;29,18172836303711;29,180273056030273;5,625;6,035685062408447;5,948680877685547;0;0;100;10;0;
474,064;29,25;29,13304328918457;29,14757537841797;5,625;5,999579429626465;5,925544261932373;0;0;100;10;0;
474,067;29,25;29,13304328918457;29,14757537841797;5,625;5,999579429626465;5,925544261932373;0;0;100;10;0;
474,07;29,25;29,13304328918457;29,14757537841797;5,625;5,999579429626465;5,925544261932373;0;0;100;10;0;
474,073;29,25;29,13304328918457;29,14757537841797;5,625;5,999579429626465;5,925544261932373;0;0;100;10;0;
474,076;29,25;29,140104293823242;29,152355194091797;5,625;6,041975498199463;5,954532146453857;0;0;100;10;0;
474,079;29,25;29,140104293823242;29,152355194091797;5,625;6,041975498199463;5,954532146453857;0;0;100;10;0;
474,082;29,25;29,140104293823242;29,152355194091797;5,625;6,041975498199463;5,954532146453857;0;0;100;10;0;
474,085;29,25;29,08653450012207;29,11746597290039;5,625;6,004250526428223;5,9312663078308105;0;0;100;10;0;
474,088;29,25;29,08653450012207;29,11746597290039;5,625;6,004250526428223;5,9312663078308105;0;0;100;10;0;
474,091;29,25;29,08653450012207;29,11746597290039;5,625;6,004250526428223;5,9312663078308105;0;0;100;10;0;
474,094;29,25;29,152557373046875;29,160425186157227;5,625;6,063241481781006;5,969554901123047;0;0;100;10;0;
474,097;29,25;29,152557373046875;29,160425186157227;5,625;6,063241481781006;5,969554901123047;0;0;100;10;0;
474,1;29,25;29,152557373046875;29,160425186157227;5,625;6,063241481781006;5,969554901123047;0;0;100;10;0;
474,103;29,25;29,152557373046875;29,160425186157227;5,625;6,063241481781006;5,969554901123047;0;0;100;10;0;
474,106;29,25;29,097314834594727;29,12407112121582;5,625;6,023882865905762;5,944379806518555;0;0;100;10;0;
474,109;29,25;29,097314834594727;29,12407112121582;5,625;6,023882865905762;5,944379806518555;0;0;100;10;0;
474,112;29,25;29,097314834594727;29,12407112121582;5,625;6,023882865905762;5,944379806518555;0;0;100;10;0;
474,115;29,25;29,13165283203125;29,146793365478516;5,625;6,082474231719971;5,9836859703063965;0;0;100;10;0;
474,117;29,25;29,13165283203125;29,146793365478516;5,625;6,082474231719971;5,9836859703063965;0;0;100;10;0;
474,12;29,25;29,13165283203125;29,146793365478516;5,625;6,082474231719971;5,9836859703063965;0;0;100;10;0;
474,122;29,25;29,13165283203125;29,146793365478516;5,625;6,082474231719971;5,9836859703063965;0;0;100;10;0;
474,126;29,25;29,08309555053711;29,116241455078125;5,625;6,075508117675781;5,981353282928467;0;0;100;10;0;
474,129;29,25;29,08309555053711;29,116241455078125;5,625;6,075508117675781;5,981353282928467;0;0;100;10;0;
474,132;29,25;29,08309555053711;29,116241455078125;5,625;6,075508117675781;5,981353282928467;0;0;100;10;0;
474,135;29,25;29,152067184448242;29,161975860595703;5,6875;6,112753391265869;6,006017684936523;0;0;100;10;0;
474,138;29,25;29,152067184448242;29,161975860595703;5,6875;6,112753391265869;6,006017684936523;0;0;100;10;0;
474,141;29,25;29,152067184448242;29,161975860595703;5,6875;6,112753391265869;6,006017684936523;0;0;100;10;0;
474,145;29,25;29,080520629882812;29,11431884765625;5,6875;6,057990550994873;5,97088623046875;0;0;100;10;0;
474,148;29,25;29,080520629882812;29,11431884765625;5,6875;6,057990550994873;5,97088623046875;0;0;100;10;0;
474,151;29,25;29,080520629882812;29,11431884765625;5,6875;6,057990550994873;5,97088623046875;0;0;100;10;0;
474,154;29,25;29,067272186279297;29,106224060058594;5,6875;6,013389587402344;5,942845821380615;0;0;100;10;0;
474,157;29,25;29,067272186279297;29,106224060058594;5,6875;6,013389587402344;5,942845821380615;0;0;100;10;0;
474,161;29,25;29,067272186279297;29,106224060058594;5,6875;6,013389587402344;5,942845821380615;0;0;100;10;0;
474,164;29,25;29,051015853881836;29,095325469970703;5,6875;6,04110860824585;5,962532043457031;0;0;100;10;0;
474,167;29,25;29,051015853881836;29,095325469970703;5,6875;6,04110860824585;5,962532043457031;0;0;100;10;0;
474,17;29,25;29,051015853881836;29,095325469970703;5,6875;6,04110860824585;5,962532043457031;0;0;100;10;0;
474,173;29,25;29,051015853881836;29,095325469970703;5,6875;6,04110860824585;5,962532043457031;0;0;100;10;0;
474,176;29,25;29,099239349365234;29,126564025878906;5,6875;6,0461931228637695;5,965901851654053;0;0;100;10;0;
474,179;29,25;29,099239349365234;29,126564025878906;5,6875;6,0461931228637695;5,965901851654053;0;0;100;10;0;
474,182;29,25;29,099239349365234;29,126564025878906;5,6875;6,0461931228637695;5,965901851654053;0;0;100;10;0;
474,185;29,25;29,154565811157227;29,16210174560547;5,6875;6,095194339752197;5,99798583984375;0;0;100;10;0;
474,188;29,25;29,154565811157227;29,16210174560547;5,6875;6,095194339752197;5,99798583984375;0;0;100;10;0;
474,191;29,25;29,154565811157227;29,16210174560547;5,6875;6,095194339752197;5,99798583984375;0;0;100;10;0;
474,195;29,25;29,12933921813965;29,145654678344727;5,6875;6,042048454284668;5,964511394500732;0;0;100;10;0;
474,197;29,25;29,12933921813965;29,145654678344727;5,6875;6,042048454284668;5,964511394500732;0;0;100;10;0;
474,2;29,25;29,12933921813965;29,145654678344727;5,6875;6,042048454284668;5,964511394500732;0;0;100;10;0;
474,203;29,25;29,12933921813965;29,145654678344727;5,6875;6,042048454284668;5,964511394500732;0;0;100;10;0;
474,205;29,25;29,135616302490234;29,150577545166016;5,6875;6,102091312408447;6,005465984344482;0;0;100;10;0;
474,208;29,25;29,135616302490234;29,150577545166016;5,6875;6,102091312408447;6,005465984344482;0;0;100;10;0;
474,212;29,25;29,135616302490234;29,150577545166016;5,6875;6,102091312408447;6,005465984344482;0;0;100;10;0;
474,215;29,25;29,088985443115234;29,12047576904297;5,6875;6,0730509757995605;5,986644744873047;0;0;100;10;0;
474,217;29,25;29,088985443115234;29,12047576904297;5,6875;6,0730509757995605;5,986644744873047;0;0;100;10;0;
474,22;29,25;29,088985443115234;29,12047576904297;5,6875;6,0730509757995605;5,986644744873047;0;0;100;10;0;
474,223;29,25;29,147314071655273;29,15825080871582;5,6875;6,1148881912231445;6,0137248039245605;0;0;100;10;0;
474,227;29,25;29,147314071655273;29,15825080871582;5,6875;6,1148881912231445;6,0137248039245605;0;0;100;10;0;
474,23;29,25;29,147314071655273;29,15825080871582;5,6875;6,1148881912231445;6,0137248039245605;0;0;100;10;0;
474,233;29,25;29,147314071655273;29,15825080871582;5,6875;6,1148881912231445;6,0137248039245605;0;0;100;10;0;
474,236;29,25;29,103349685668945;29,129127502441406;5,6875;6,0582404136657715;5,977443218231201;0;0;100;10;0;
474,238;29,25;29,103349685668945;29,129127502441406;5,6875;6,0582404136657715;5,977443218231201;0;0;100;10;0;
474,242;29,25;29,103349685668945;29,129127502441406;5,6875;6,0582404136657715;5,977443218231201;0;0;100;10;0;
474,245;29,25;29,108638763427734;29,13282012939453;5,6875;6,132415294647217;6,027393341064453;0;0;100;10;0;
474,248;29,25;29,108638763427734;29,13282012939453;5,6875;6,132415294647217;6,027393341064453;0;0;100;10;0;
474,251;29,25;29,108638763427734;29,13282012939453;5,6875;6,132415294647217;6,027393341064453;0;0;100;10;0;
474,254;29,25;29,071096420288086;29,10907554626465;5,6875;6,118656635284424;6,018204212188721;0;0;100;10;0;
474,256;29,25;29,071096420288086;29,10907554626465;5,6875;6,118656635284424;6,018204212188721;0;0;100;10;0;
474,26;29,25;29,071096420288086;29,10907554626465;5,6875;6,118656635284424;6,018204212188721;0;0;100;10;0;
474,263;29,25;29,071096420288086;29,10907554626465;5,6875;6,118656635284424;6,018204212188721;0;0;100;10;0;
474,266;29,25;29,134532928466797;29,150903701782227;5,6875;6,144038200378418;6,035796165466309;0;0;100;10;0;
474,269;29,25;29,134532928466797;29,150903701782227;5,6875;6,144038200378418;6,035796165466309;0;0;100;10;0;
474,272;29,25;29,134532928466797;29,150903701782227;5,6875;6,144038200378418;6,035796165466309;0;0;100;10;0;
474,275;29,25;29,070344924926758;29,108407974243164;5,6875;6,102909564971924;6,009706020355225;0;0;100;10;0;
474,279;29,25;29,070344924926758;29,108407974243164;5,6875;6,102909564971924;6,009706020355225;0;0;100;10;0;
474,282;29,25;29,070344924926758;29,108407974243164;5,6875;6,102909564971924;6,009706020355225;0;0;100;10;0;
474,285;29,25;29,06012725830078;29,101730346679688;5,6875;6,042309284210205;5,971535682678223;0;0;100;10;0;
474,288;29,25;29,06012725830078;29,101730346679688;5,6875;6,042309284210205;5,971535682678223;0;0;100;10;0;
474,29;29,25;29,06012725830078;29,101730346679688;5,6875;6,042309284210205;5,971535682678223;0;0;100;10;0;
474,294;29,25;29,042552947998047;29,091218948364258;5,6875;6,078747749328613;5,99556827545166;0;0;100;10;0;
474,297;29,25;29,042552947998047;29,091218948364258;5,6875;6,078747749328613;5,99556827545166;0;0;100;10;0;
474,3;29,25;29,042552947998047;29,091218948364258;5,6875;6,078747749328613;5,99556827545166;0;0;100;10;0;
474,303;29,25;29,042552947998047;29,091218948364258;5,6875;6,078747749328613;5,99556827545166;0;0;100;10;0;
474,306;29,25;29,0908260345459;29,122474670410156;5,6875;6,0904154777526855;6,003401756286621;0;0;100;10;0;
474,309;29,25;29,0908260345459;29,122474670410156;5,6875;6,0904154777526855;6,003401756286621;0;0;100;10;0;
474,312;29,25;29,0908260345459;29,122474670410156;5,6875;6,0904154777526855;6,003401756286621;0;0;100;10;0;
474,315;29,25;29,142972946166992;29,156259536743164;5,6875;6,125668525695801;6,026454925537109;0;0;100;10;0;
474,318;29,25;29,142972946166992;29,156259536743164;5,6875;6,125668525695801;6,026454925537109;0;0;100;10;0;
474,32;29,25;29,142972946166992;29,156259536743164;5,6875;6,125668525695801;6,026454925537109;0;0;100;10;0;
474,323;29,25;29,142972946166992;29,156259536743164;5,6875;6,125668525695801;6,026454925537109;0;0;100;10;0;
474,327;29,25;29,113405227661133;29,13650894165039;5,6875;6,068446636199951;5,989146709442139;0;0;100;10;0;
474,329;29,25;29,113405227661133;29,13650894165039;5,6875;6,068446636199951;5,989146709442139;0;0;100;10;0;
474,332;29,25;29,113405227661133;29,13650894165039;5,6875;6,068446636199951;5,989146709442139;0;0;100;10;0;
474,335;29,25;29,113019943237305;29,1364803314209;5,6875;6,127771377563477;6,029382228851318;0;0;100;10;0;
474,338;29,25;29,113019943237305;29,1364803314209;5,6875;6,127771377563477;6,029382228851318;0;0;100;10;0;
474,341;29,25;29,113019943237305;29,1364803314209;5,6875;6,127771377563477;6,029382228851318;0;0;100;10;0;
474,345;29,25;29,147762298583984;29,15926170349121;5,6875;6,116223335266113;6,022936820983887;0;0;100;10;0;
474,348;29,25;29,147762298583984;29,15926170349121;5,6875;6,116223335266113;6,022936820983887;0;0;100;10;0;
474,35;29,25;29,147762298583984;29,15926170349121;5,6875;6,116223335266113;6,022936820983887;0;0;100;10;0;
474,353;29,25;29,147762298583984;29,15926170349121;5,6875;6,116223335266113;6,022936820983887;0;0;100;10;0;
474,355;29,25;29,195009231567383;29,189313888549805;5,6875;6,141427516937256;6,039187908172607;0;0;100;10;0;
474,358;29,25;29,195009231567383;29,189313888549805;5,6875;6,141427516937256;6,039187908172607;0;0;100;10;0;
474,361;29,25;29,195009231567383;29,189313888549805;5,6875;6,141427516937256;6,039187908172607;0;0;100;10;0;
474,365;29,25;29,160057067871094;29,16607666015625;5,6875;6,093148231506348;6,00773286819458;0;0;100;10;0;
474,368;29,25;29,160057067871094;29,16607666015625;5,6875;6,093148231506348;6,00773286819458;0;0;100;10;0;
474,372;29,25;29,160057067871094;29,16607666015625;5,6875;6,093148231506348;6,00773286819458;0;0;100;10;0;
474,374;29,25;29,16339683532715;29,168447494506836;5,6875;6,154040813446045;6,049564361572266;0;0;100;10;0;
474,378;29,25;29,16339683532715;29,168447494506836;5,6875;6,154040813446045;6,049564361572266;0;0;100;10;0;
474,381;29,25;29,16339683532715;29,168447494506836;5,6875;6,154040813446045;6,049564361572266;0;0;100;10;0;
474,384;29,25;29,1398983001709;29,153194427490234;5,6875;6,155657768249512;6,050865650177002;0;0;100;10;0;
474,387;29,25;29,1398983001709;29,153194427490234;5,6875;6,155657768249512;6,050865650177002;0;0;100;10;0;
474,389;29,25;29,1398983001709;29,153194427490234;5,6875;6,155657768249512;6,050865650177002;0;0;100;10;0;
474,392;29,25;29,1398983001709;29,153194427490234;5,6875;6,155657768249512;6,050865650177002;0;0;100;10;0;
474,396;29,25;29,176025390625;29,177038192749023;5,6875;6,173491954803467;6,0623064041137695;0;0;100;10;0;
474,399;29,25;29,176025390625;29,177038192749023;5,6875;6,173491954803467;6,0623064041137695;0;0;100;10;0;
474,401;29,25;29,176025390625;29,177038192749023;5,6875;6,173491954803467;6,0623064041137695;0;0;100;10;0;
474,404;29,25;29,143760681152344;29,1556396484375;5,6875;6,1439127922058105;6,044254779815674;0;0;100;10;0;
474,407;29,25;29,143760681152344;29,1556396484375;5,6875;6,1439127922058105;6,044254779815674;0;0;100;10;0;
474,41;29,25;29,143760681152344;29,1556396484375;5,6875;6,1439127922058105;6,044254779815674;0;0;100;10;0;
474,414;29,25;29,14627456665039;29,157108306884766;5,6875;6,106110572814941;6,020975589752197;0;0;100;10;0;
474,416;29,25;29,14627456665039;29,157108306884766;5,6875;6,106110572814941;6,020975589752197;0;0;100;10;0;
474,419;29,25;29,14627456665039;29,157108306884766;5,6875;6,106110572814941;6,020975589752197;0;0;100;10;0;
474,422;29,25;29,14627456665039;29,157108306884766;5,6875;6,106110572814941;6,020975589752197;0;0;100;10;0;
474,424;29,25;29,118528366088867;29,138778686523438;5,6875;6,124861240386963;6,033363342285156;0;0;100;10;0;
474,428;29,25;29,118528366088867;29,138778686523438;5,6875;6,124861240386963;6,033363342285156;0;0;100;10;0;
474,431;29,25;29,118528366088867;29,138778686523438;5,6875;6,124861240386963;6,033363342285156;0;0;100;10;0;
474,434;29,25;29,147136688232422;29,157716751098633;5,6875;6,135547161102295;6,040329456329346;0;0;100;10;0;
474,437;29,25;29,147136688232422;29,157716751098633;5,6875;6,135547161102295;6,040329456329346;0;0;100;10;0;
474,439;29,25;29,147136688232422;29,157716751098633;5,6875;6,135547161102295;6,040329456329346;0;0;100;10;0;
474,443;29,25;29,147136688232422;29,157716751098633;5,6875;6,135547161102295;6,040329456329346;0;0;100;10;0;
474,446;29,25;29,149293899536133;29,159019470214844;5,6875;6,157317638397217;6,054992198944092;0;0;100;10;0;
474,449;29,25;29,149293899536133;29,159019470214844;5,6875;6,157317638397217;6,054992198944092;0;0;100;10;0;
474,452;29,25;29,149293899536133;29,159019470214844;5,6875;6,157317638397217;6,054992198944092;0;0;100;10;0;
474,455;29,25;29,1489200592041;29,159095764160156;5,6875;6,120407581329346;6,031816005706787;0;0;100;10;0;
474,458;29,25;29,1489200592041;29,159095764160156;5,6875;6,120407581329346;6,031816005706787;0;0;100;10;0;
474,461;29,25;29,1489200592041;29,159095764160156;5,6875;6,120407581329346;6,031816005706787;0;0;100;10;0;
474,464;29,25;29,130704879760742;29,14757537841797;5,6875;6,15041971206665;6,052238464355469;0;0;100;10;0;
474,467;29,25;29,130704879760742;29,14757537841797;5,6875;6,15041971206665;6,052238464355469;0;0;100;10;0;
474,47;29,25;29,130704879760742;29,14757537841797;5,6875;6,15041971206665;6,052238464355469;0;0;100;10;0;
474,473;29,25;29,130704879760742;29,14757537841797;5,6875;6,15041971206665;6,052238464355469;0;0;100;10;0;
474,476;29,25;29,168140411376953;29,172142028808594;5,6875;6,141719341278076;6,046814441680908;0;0;100;10;0;
474,479;29,25;29,168140411376953;29,172142028808594;5,6875;6,141719341278076;6,046814441680908;0;0;100;10;0;
474,482;29,25;29,168140411376953;29,172142028808594;5,6875;6,141719341278076;6,046814441680908;0;0;100;10;0;
474,485;29,25;29,188907623291016;29,18560028076172;5,6875;6,1721649169921875;6,065663814544678;0;0;100;10;0;
474,488;29,25;29,188907623291016;29,18560028076172;5,6875;6,1721649169921875;6,065663814544678;0;0;100;10;0;
474,491;29,25;29,188907623291016;29,18560028076172;5,6875;6,1721649169921875;6,065663814544678;0;0;100;10;0;
474,494;29,25;29,183748245239258;29,182205200195312;5,6875;6,1399359703063965;6,045166969299316;0;0;100;10;0;
474,497;29,25;29,183748245239258;29,182205200195312;5,6875;6,1399359703063965;6,045166969299316;0;0;100;10;0;
474,499;29,25;29,183748245239258;29,182205200195312;5,6875;6,1399359703063965;6,045166969299316;0;0;100;10;0;
474,502;29,25;29,183748245239258;29,182205200195312;5,6875;6,1399359703063965;6,045166969299316;0;0;100;10;0;
474,504;29,25;29,172006607055664;29,17465591430664;5,6875;6,168054103851318;6,064481258392334;0;0;100;10;0;
474,507;29,25;29,172006607055664;29,17465591430664;5,75;6,168054103851318;6,064481258392334;0;0;100;10;0;
474,51;29,25;29,172006607055664;29,17465591430664;5,75;6,168054103851318;6,064481258392334;0;0;100;10;0;
474,512;29,25;29,172006607055664;29,17465591430664;5,75;6,168054103851318;6,064481258392334;0;0;100;10;0;
474,516;29,25;29,14051628112793;29,15434455871582;5,75;6,164484024047852;6,063688278198242;0;0;100;10;0;
474,519;29,25;29,14051628112793;29,15434455871582;5,75;6,164484024047852;6,063688278198242;0;0;100;10;0;
474,522;29,25;29,14051628112793;29,15434455871582;5,75;6,164484024047852;6,063688278198242;0;0;100;10;0;
474,525;29,25;29,16435432434082;29,170310974121094;5,75;6,190516948699951;6,080904006958008;0;0;100;10;0;
474,528;29,25;29,16435432434082;29,170310974121094;5,75;6,190516948699951;6,080904006958008;0;0;100;10;0;
474,531;29,25;29,16435432434082;29,170310974121094;5,75;6,190516948699951;6,080904006958008;0;0;100;10;0;
474,535;29,25;29,150766372680664;29,161401748657227;5,75;6,164458274841309;6,064018249511719;0;0;100;10;0;
474,538;29,25;29,150766372680664;29,161401748657227;5,75;6,164458274841309;6,064018249511719;0;0;100;10;0;
474,54;29,25;29,150766372680664;29,161401748657227;5,75;6,164458274841309;6,064018249511719;0;0;100;10;0;
474,544;29,25;29,150766372680664;29,161401748657227;5,75;6,151351451873779;6,064018249511719;0;0;100;10;0;
474,547;29,25;29,17247772216797;29,176132202148438;5,75;6,151351451873779;6,056258201599121;0;0;100;10;0;
474,549;29,25;29,17247772216797;29,176132202148438;5,75;6,151351451873779;6,056258201599121;0;0;100;10;0;
474,552;29,25;29,17247772216797;29,176132202148438;5,75;6,151351451873779;6,056258201599121;0;0;100;10;0;
474,555;29,25;29,150915145874023;29,161867141723633;5,75;6,156468868255615;6,059576034545898;0;0;100;10;0;
474,558;29,25;29,150915145874023;29,161867141723633;5,75;6,156468868255615;6,059576034545898;0;0;100;10;0;
474,561;29,25;29,150915145874023;29,161867141723633;5,75;6,156468868255615;6,059576034545898;0;0;100;10;0;
474,564;29,25;29,159780502319336;29,161867141723633;5,75;6,15777063369751;6,058401107788086;0;0;100;10;0;
474,567;29,25;29,159780502319336;29,16739273071289;5,75;6,15777063369751;6,058401107788086;0;0;100;10;0;
474,57;29,25;29,159780502319336;29,16739273071289;5,75;6,15777063369751;6,058401107788086;0;0;100;10;0;
474,573;29,25;29,159780502319336;29,16739273071289;5,75;6,15777063369751;6,058401107788086;0;0;100;10;0;
474,576;29,25;29,153635025024414;29,162405014038086;5,75;6,124077320098877;6,034830570220947;0;0;100;10;0;
474,579;29,25;29,153635025024414;29,162405014038086;5,75;6,124077320098877;6,034830570220947;0;0;100;10;0;
474,582;29,25;29,153635025024414;29,162405014038086;5,75;6,124077320098877;6,034830570220947;0;0;100;10;0;
474,585;29,25;29,167644500732422;29,171096801757812;5,75;6,12322473526001;6,035252571105957;0;0;100;10;0;
474,588;29,25;29,167644500732422;29,171096801757812;5,75;6,12322473526001;6,035252571105957;0;0;100;10;0;
474,59;29,25;29,167644500732422;29,171096801757812;5,75;6,12322473526001;6,035252571105957;0;0;100;10;0;
474,594;29,25;29,167644500732422;29,171096801757812;5,75;6,12322473526001;6,035252571105957;0;0;100;10;0;
474,597;29,25;29,147966384887695;29,158203125;5,75;6,122556686401367;6,03587007522583;0;0;100;10;0;
474,599;29,25;29,147966384887695;29,158203125;5,75;6,122556686401367;6,03587007522583;0;0;100;10;0;
474,602;29,25;29,147966384887695;29,158203125;5,75;6,122556686401367;6,03587007522583;0;0;100;10;0;
474,605;29,25;29,175678253173828;29,176767349243164;5,75;6,125514984130859;6,038157939910889;0;0;100;10;0;
474,607;29,25;29,175678253173828;29,176767349243164;5,75;6,125514984130859;6,038157939910889;0;0;100;10;0;
474,61;29,25;29,175678253173828;29,176767349243164;5,75;6,125514984130859;6,038157939910889;0;0;100;10;0;
474,613;29,25;29,175678253173828;29,176767349243164;5,75;6,125514984130859;6,038157939910889;0;0;100;10;0;
474,616;29,25;29,1661319732666;29,170434951782227;5,75;6,157202243804932;6,059189796447754;0;0;100;10;0;
474,619;29,25;29,1661319732666;29,170434951782227;5,75;6,157202243804932;6,059189796447754;0;0;100;10;0;
474,622;29,25;29,1661319732666;29,170434951782227;5,75;6,157202243804932;6,059189796447754;0;0;100;10;0;
474,624;29,25;29,18112564086914;29,18035316467285;5,75;6,129910945892334;6,04193639755249;0;0;100;10;0;
474,628;29,25;29,18112564086914;29,18035316467285;5,75;6,129910945892334;6,04193639755249;0;0;100;10;0;
474,631;29,25;29,18112564086914;29,18035316467285;5,75;6,129910945892334;6,04193639755249;0;0;100;10;0;
474,634;29,25;29,160287857055664;29,166860580444336;5,75;6,119678020477295;6,035815715789795;0;0;100;10;0;
474,638;29,25;29,160287857055664;29,166860580444336;5,75;6,119678020477295;6,035815715789795;0;0;100;10;0;
474,641;29,25;29,160287857055664;29,166860580444336;5,75;6,119678020477295;6,035815715789795;0;0;100;10;0;
474,644;29,25;29,160287857055664;29,166860580444336;5,75;6,119678020477295;6,035815715789795;0;0;100;10;0;
474,647;29,25;29,1500244140625;29,160400390625;5,75;6,116480350494385;6,03295373916626;0;0;100;10;0;
474,65;29,25;29,1500244140625;29,160400390625;5,75;6,116480350494385;6,03295373916626;0;0;100;10;0;
474,653;29,25;29,1500244140625;29,160400390625;5,75;6,116480350494385;6,03295373916626;0;0;100;10;0;
474,656;29,25;29,144397735595703;29,156904220581055;5,75;6,125194549560547;6,038658142089844;0;0;100;10;0;
474,659;29,25;29,144397735595703;29,156904220581055;5,75;6,125194549560547;6,038658142089844;0;0;100;10;0;
474,662;29,25;29,144397735595703;29,156904220581055;5,75;6,125194549560547;6,038658142089844;0;0;100;10;0;
474,665;29,25;29,156524658203125;29,1644344329834;5,75;6,10424280166626;6,025396347045898;0;0;100;10;0;
474,669;29,25;29,156524658203125;29,1644344329834;5,75;6,10424280166626;6,025396347045898;0;0;100;10;0;
474,672;29,25;29,156524658203125;29,1644344329834;5,75;6,10424280166626;6,025396347045898;0;0;100;10;0;
474,675;29,25;29,18097686767578;29,180322647094727;5,75;6,122066020965576;6,038228988647461;0;0;100;10;0;
474,678;29,25;29,18097686767578;29,180322647094727;5,75;6,122066020965576;6,038228988647461;0;0;100;10;0;
474,681;29,25;29,18097686767578;29,180322647094727;5,75;6,122066020965576;6,038228988647461;0;0;100;10;0;
474,684;29,25;29,18097686767578;29,180322647094727;5,75;6,122066020965576;6,038228988647461;0;0;100;10;0;
474,687;29,25;29,206134796142578;29,197046279907227;5,75;6,13767671585083;6,049379825592041;0;0;100;10;0;
474,689;29,25;29,206134796142578;29,197046279907227;5,75;6,13767671585083;6,049379825592041;0;0;100;10;0;
474,692;29,25;29,206134796142578;29,197046279907227;5,75;6,13767671585083;6,049379825592041;0;0;100;10;0;
474,695;29,25;29,194156646728516;29,189640045166016;5,75;6,140580654144287;6,051322937011719;0;0;100;10;0;
474,698;29,25;29,194156646728516;29,189640045166016;5,75;6,140580654144287;6,051322937011719;0;0;100;10;0;
474,701;29,25;29,194156646728516;29,189640045166016;5,75;6,140580654144287;6,051322937011719;0;0;100;10;0;
474,704;29,25;29,194156646728516;29,189640045166016;5,75;6,140580654144287;6,051322937011719;0;0;100;10;0;
474,706;29,25;29,188451766967773;29,185972213745117;5,75;6,1344499588012695;6,046301364898682;0;0;100;10;0;
474,709;29,25;29,188451766967773;29,185972213745117;5,75;6,1344499588012695;6,046301364898682;0;0;100;10;0;
474,712;29,25;29,188451766967773;29,185972213745117;5,75;6,1344499588012695;6,046301364898682;0;0;100;10;0;
474,715;29,25;29,211069107055664;29,199914932250977;5,75;6,122839450836182;6,03939151763916;0;0;100;10;0;
474,717;29,25;29,211069107055664;29,199914932250977;5,75;6,122839450836182;6,03939151763916;0;0;100;10;0;
474,72;29,25;29,211069107055664;29,199914932250977;5,75;6,122839450836182;6,03939151763916;0;0;100;10;0;
474,723;29,25;29,211069107055664;29,199914932250977;5,75;6,122839450836182;6,03939151763916;0;0;100;10;0;
474,727;29,25;29,241334915161133;29,219343185424805;5,75;6,1422200202941895;6,0526909828186035;0;0;100;10;0;
474,73;29,25;29,241334915161133;29,219343185424805;5,75;6,1422200202941895;6,0526909828186035;0;0;100;10;0;
474,733;29,25;29,241334915161133;29,219343185424805;5,75;6,1422200202941895;6,0526909828186035;0;0;100;10;0;
474,736;29,25;29,21470832824707;29,20209312438965;5,75;6,118535041809082;6,0369415283203125;0;0;100;10;0;
474,739;29,25;29,21470832824707;29,20209312438965;5,75;6,118535041809082;6,0369415283203125;0;0;100;10;0;
474,742;29,25;29,21470832824707;29,20209312438965;5,75;6,118535041809082;6,0369415283203125;0;0;100;10;0;
474,745;29,25;29,231327056884766;29,213459014892578;5,75;6,12272834777832;6,039182662963867;0;0;100;10;0;
474,748;29,25;29,231327056884766;29,213459014892578;5,75;6,12272834777832;6,039182662963867;0;0;100;10;0;
474,751;29,25;29,231327056884766;29,213459014892578;5,75;6,12272834777832;6,039182662963867;0;0;100;10;0;
474,754;29,25;29,231327056884766;29,213459014892578;5,75;6,12272834777832;6,039182662963867;0;0;100;10;0;
474,756;29,25;29,206125259399414;29,19752311706543;5,75;6,120910167694092;6,0389933586120605;0;0;100;10;0;
474,759;29,25;29,206125259399414;29,19752311706543;5,75;6,120910167694092;6,0389933586120605;0;0;100;10;0;
474,763;29,25;29,206125259399414;29,19752311706543;5,75;6,120910167694092;6,0389933586120605;0;0;100;10;0;
474,766;29,25;29,232704162597656;29,215211868286133;5,75;6,115001678466797;6,03542947769165;0;0;100;10;0;
474,768;29,25;29,232704162597656;29,215211868286133;5,75;6,115001678466797;6,03542947769165;0;0;100;10;0;
474,772;29,25;29,232704162597656;29,215211868286133;5,75;6,115001678466797;6,03542947769165;0;0;100;10;0;
474,775;29,25;29,211017608642578;29,201583862304688;5,75;6,087863922119141;6,0184431076049805;0;0;100;10;0;
474,778;29,25;29,211017608642578;29,201583862304688;5,75;6,087863922119141;6,0184431076049805;0;0;100;10;0;
474,781;29,25;29,211017608642578;29,201583862304688;5,75;6,087863922119141;6,0184431076049805;0;0;100;10;0;
474,784;29,25;29,211017608642578;29,201583862304688;5,75;6,087863922119141;6,0184431076049805;0;0;100;10;0;
474,787;29,25;29,219322204589844;29,20804214477539;5,75;6,0900492668151855;6,020759105682373;0;0;100;10;0;
474,789;29,25;29,219322204589844;29,20804214477539;5,75;6,0900492668151855;6,020759105682373;0;0;100;10;0;
474,792;29,25;29,219322204589844;29,20804214477539;5,75;6,0900492668151855;6,020759105682373;0;0;100;10;0;
474,795;29,25;29,187862396240234;29,187664031982422;5,75;6,079893589019775;6,015072345733643;0;0;100;10;0;
474,798;29,25;29,187862396240234;29,187664031982422;5,75;6,079893589019775;6,015072345733643;0;0;100;10;0;
474,802;29,25;29,187862396240234;29,187664031982422;5,75;6,079893589019775;6,015072345733643;0;0;100;10;0;
474,804;29,25;29,187862396240234;29,187664031982422;5,75;6,079893589019775;6,015072345733643;0;0;100;10;0;
474,807;29,25;29,2125244140625;29,203380584716797;5,75;6,096822261810303;6,0270609855651855;0;0;100;10;0;
474,811;29,25;29,2125244140625;29,203380584716797;5,75;6,096822261810303;6,0270609855651855;0;0;100;10;0;
474,813;29,25;29,2125244140625;29,203380584716797;5,75;6,096822261810303;6,0270609855651855;0;0;100;10;0;
474,816;29,25;29,172611236572266;29,17775535583496;5,75;6,083438396453857;6,018738269805908;0;0;100;10;0;
474,819;29,25;29,172611236572266;29,17775535583496;5,75;6,083438396453857;6,018738269805908;0;0;100;10;0;
474,822;29,25;29,172611236572266;29,17775535583496;5,75;6,083438396453857;6,018738269805908;0;0;100;10;0;
474,825;29,25;29,181690216064453;29,184349060058594;5,75;6,075255870819092;6,0129780769348145;0;0;100;10;0;
474,829;29,25;29,181690216064453;29,184349060058594;5,75;6,075255870819092;6,0129780769348145;0;0;100;10;0;
474,832;29,25;29,181690216064453;29,184349060058594;5,75;6,075255870819092;6,0129780769348145;0;0;100;10;0;
474,836;29,25;29,164133071899414;29,173620223999023;5,75;6,057412624359131;6,0007476806640625;0;0;100;10;0;
474,839;29,25;29,164133071899414;29,173620223999023;5,75;6,057412624359131;6,0007476806640625;0;0;100;10;0;
474,842;29,25;29,164133071899414;29,173620223999023;5,75;6,057412624359131;6,0007476806640625;0;0;100;10;0;
474,845;29,25;29,218929290771484;29,209321975708008;5,75;6,07186222076416;6,01075553894043;0;0;100;10;0;
474,848;29,25;29,218929290771484;29,209321975708008;5,75;6,07186222076416;6,01075553894043;0;0;100;10;0;
474,851;29,25;29,218929290771484;29,209321975708008;5,75;6,07186222076416;6,01075553894043;0;0;100;10;0;
474,854;29,25;29,218929290771484;29,209321975708008;5,75;6,07186222076416;6,01075553894043;0;0;100;10;0;
474,857;29,25;29,253196716308594;29,23210334777832;5,75;6,092127799987793;6,023881435394287;0;0;100;10;0;
474,86;29,25;29,253196716308594;29,23210334777832;5,75;6,092127799987793;6,023881435394287;0;0;100;10;0;
474,862;29,25;29,253196716308594;29,23210334777832;5,75;6,092127799987793;6,023881435394287;0;0;100;10;0;
474,865;29,25;29,24059295654297;29,22452163696289;5,75;6,079680919647217;6,01406717300415;0;0;100;10;0;
474,868;29,25;29,24059295654297;29,22452163696289;5,75;6,079680919647217;6,01406717300415;0;0;100;10;0;
474,871;29,25;29,24059295654297;29,22452163696289;5,75;6,079680919647217;6,01406717300415;0;0;100;10;0;
474,874;29,25;29,24059295654297;29,22452163696289;5,75;6,079680919647217;6,01406717300415;0;0;100;10;0;
474,878;29,25;29,214324951171875;29,206974029541016;5,75;6,085053443908691;6,017439365386963;0;0;100;10;0;
474,881;29,25;29,214324951171875;29,206974029541016;5,75;6,085053443908691;6,017439365386963;0;0;100;10;0;
474,884;29,25;29,214324951171875;29,206974029541016;5,75;6,085053443908691;6,017439365386963;0;0;100;10;0;
474,887;29,25;29,158281326293945;29,17005729675293;5,75;6,058926105499268;6,0022172927856445;0;0;100;10;0;
474,89;29,25;29,158281326293945;29,17005729675293;5,75;6,058926105499268;6,0022172927856445;0;0;100;10;0;
474,894;29,25;29,158281326293945;29,17005729675293;5,75;6,058926105499268;6,0022172927856445;0;0;100;10;0;
474,897;29,25;29,205677032470703;29,20085906982422;5,75;6,086353778839111;6,021270275115967;0;0;100;10;0;
474,899;29,25;29,205677032470703;29,20085906982422;5,75;6,086353778839111;6,021270275115967;0;0;100;10;0;
474,902;29,25;29,205677032470703;29,20085906982422;5,75;6,086353778839111;6,021270275115967;0;0;100;10;0;
474,905;29,25;29,205677032470703;29,20085906982422;5,75;6,086353778839111;6,021270275115967;0;0;100;10;0;
474,908;29,25;29,173141479492188;29,18006134033203;5,75;6,0578742027282715;6,002391815185547;0;0;100;10;0;
474,911;29,25;29,173141479492188;29,18006134033203;5,75;6,0578742027282715;6,002391815185547;0;0;100;10;0;
474,914;29,25;29,173141479492188;29,18006134033203;5,75;6,0578742027282715;6,002391815185547;0;0;100;10;0;
474,916;29,25;29,196643829345703;29,19529914855957;5,75;6,055270195007324;5,999530792236328;0;0;100;10;0;
474,919;29,25;29,196643829345703;29,19529914855957;5,75;6,055270195007324;5,999530792236328;0;0;100;10;0;
474,922;29,25;29,196643829345703;29,19529914855957;5,75;6,055270195007324;5,999530792236328;0;0;100;10;0;
474,925;29,25;29,196643829345703;29,19529914855957;5,75;6,055270195007324;5,999530792236328;0;0;100;10;0;
474,928;29,25;29,151290893554688;29,165672302246094;5,75;6,026151180267334;5,979964256286621;0;0;100;10;0;
474,932;29,25;29,151290893554688;29,165672302246094;5,75;6,026151180267334;5,979964256286621;0;0;100;10;0;
474,935;29,25;29,151290893554688;29,165672302246094;5,75;6,026151180267334;5,979964256286621;0;0;100;10;0;
474,937;29,25;29,198057174682617;29,19601058959961;5,75;6,071756839752197;6,009643077850342;0;0;100;10;0;
474,941;29,25;29,198057174682617;29,19601058959961;5,75;6,071756839752197;6,009643077850342;0;0;100;10;0;
474,944;29,25;29,198057174682617;29,19601058959961;5,75;6,071756839752197;6,009643077850342;0;0;100;10;0;
474,947;29,25;29,153539657592773;29,16764259338379;5,75;6,046844959259033;5,9941277503967285;0;0;100;10;0;
474,95;29,25;29,153539657592773;29,16764259338379;5,75;6,046844959259033;5,9941277503967285;0;0;100;10;0;
474,953;29,25;29,153539657592773;29,16764259338379;5,75;6,046844959259033;5,9941277503967285;0;0;100;10;0;
474,956;29,25;29,16448974609375;29,174951553344727;5,75;6,048916816711426;5,995983123779297;0;0;100;10;0;
474,959;29,25;29,16448974609375;29,174951553344727;5,75;6,048916816711426;5,995983123779297;0;0;100;10;0;
474,962;29,25;29,16448974609375;29,174951553344727;5,75;6,048916816711426;5,995983123779297;0;0;100;10;0;
474,965;29,25;29,16448974609375;29,174951553344727;5,75;6,048916816711426;5,995983123779297;0;0;100;10;0;
474,969;29,25;29,123851776123047;29,148420333862305;5,75;6,032649993896484;5,98522424697876;0;0;100;10;0;
474,972;29,25;29,123851776123047;29,148420333862305;5,75;6,032649993896484;5,98522424697876;0;0;100;10;0;
474,975;29,25;29,123851776123047;29,148420333862305;5,75;6,032649993896484;5,98522424697876;0;0;100;10;0;
474,978;29,25;29,187227249145508;29,189834594726562;5,75;6,0677924156188965;6,008280277252197;0;0;100;10;0;
474,981;29,25;29,187227249145508;29,189834594726562;5,75;6,0677924156188965;6,008280277252197;0;0;100;10;0;
474,984;29,25;29,187227249145508;29,189834594726562;5,75;6,0677924156188965;6,008280277252197;0;0;100;10;0;
474,987;29,25;29,221885681152344;29,212631225585938;5,75;6,085289001464844;6,01913595199585;0;0;100;10;0;
474,99;29,25;29,221885681152344;29,212631225585938;5,75;6,085289001464844;6,01913595199585;0;0;100;10;0;
474,993;29,25;29,221885681152344;29,212631225585938;5,75;6,085289001464844;6,01913595199585;0;0;100;10;0;
474,996;29,25;29,216413497924805;29,209575653076172;5,75;6,0748114585876465;6,012573719024658;0;0;100;10;0;
474,999;29,25;29,216413497924805;29,209575653076172;5,75;6,0748114585876465;6,012573719024658;0;0;100;10;0;
475,002;29,25;29,216413497924805;29,209575653076172;5,75;6,0748114585876465;6,012573719024658;0;0;100;10;0;
475,005;29,25;29,216413497924805;29,209575653076172;5,75;6,0748114585876465;6,012573719024658;0;0;100;10;0;
475,008;29,25;29,193017959594727;29,19409942626953;5,75;6,075374603271484;6,013460636138916;0;0;100;10;0;
475,011;29,25;29,193017959594727;29,19409942626953;5,75;6,075374603271484;6,013460636138916;0;0;100;10;0;
475,014;29,25;29,193017959594727;29,19409942626953;5,75;6,075374603271484;6,013460636138916;0;0;100;10;0;
475,016;29,25;29,14226722717285;29,16073226928711;5,75;6,029923439025879;5,984272480010986;0;0;100;10;0;
475,019;29,25;29,14226722717285;29,16073226928711;5,75;6,029923439025879;5,984272480010986;0;0;100;10;0;
475,022;29,25;29,14226722717285;29,16073226928711;5,75;6,029923439025879;5,984272480010986;0;0;100;10;0;
475,025;29,25;29,14226722717285;29,16073226928711;5,75;6,029923439025879;5,984272480010986;0;0;100;10;0;
475,028;29,25;29,189184188842773;29,19194793701172;5,75;6,071819305419922;6,011363983154297;0;0;100;10;0;
475,032;29,25;29,189184188842773;29,19194793701172;5,75;6,071819305419922;6,011363983154297;0;0;100;10;0;
475,036;29,25;29,189184188842773;29,19194793701172;5,75;6,071819305419922;6,011363983154297;0;0;100;10;0;
475,038;29,25;29,180919647216797;29,186405181884766;5,75;6,055500030517578;5,9995832443237305;0;0;100;10;0;
475,042;29,25;29,180919647216797;29,186405181884766;5,75;6,055500030517578;5,9995832443237305;0;0;100;10;0;
475,045;29,25;29,180919647216797;29,186405181884766;5,75;6,055500030517578;5,9995832443237305;0;0;100;10;0;
475,048;29,25;29,16519546508789;29,175556182861328;5,75;6,061340808868408;6,001781940460205;0;0;100;10;0;
475,051;29,25;29,16519546508789;29,175556182861328;5,75;6,061340808868408;6,001781940460205;0;0;100;10;0;
475,054;29,25;29,16519546508789;29,175556182861328;5,75;6,061340808868408;6,001781940460205;0;0;100;10;0;
475,057;29,25;29,097091674804688;29,130252838134766;5,75;6,006962299346924;5,965029716491699;0;0;100;10;0;
475,06;29,25;29,097091674804688;29,130252838134766;5,75;6,006962299346924;5,965029716491699;0;0;100;10;0;
475,064;29,25;29,097091674804688;29,130252838134766;5,75;6,006962299346924;5,965029716491699;0;0;100;10;0;
475,066;29,25;29,16059112548828;29,17108154296875;5,75;6,062443733215332;6,002175331115723;0;0;100;10;0;
475,069;29,25;29,16059112548828;29,17108154296875;5,75;6,062443733215332;6,002175331115723;0;0;100;10;0;
475,072;29,25;29,16059112548828;29,17108154296875;5,75;6,062443733215332;6,002175331115723;0;0;100;10;0;
475,075;29,25;29,16059112548828;29,17108154296875;5,75;6,062443733215332;6,002175331115723;0;0;100;10;0;
475,078;29,25;29,114093780517578;29,14116859436035;5,75;6,029759883880615;5,981771945953369;0;0;100;10;0;
475,081;29,25;29,114093780517578;29,14116859436035;5,75;6,029759883880615;5,981771945953369;0;0;100;10;0;
475,084;29,25;29,114093780517578;29,14116859436035;5,75;6,029759883880615;5,981771945953369;0;0;100;10;0;
475,087;29,25;29,133403778076172;29,154117584228516;5,75;6,045636177062988;5,993557929992676;0;0;100;10;0;
475,09;29,25;29,133403778076172;29,154117584228516;5,75;6,045636177062988;5,993557929992676;0;0;100;10;0;
475,093;29,25;29,133403778076172;29,154117584228516;5,75;6,045636177062988;5,993557929992676;0;0;100;10;0;
475,096;29,25;29,079729080200195;29,11928367614746;5,75;6,015486240386963;5,9736738204956055;0;0;100;10;0;
475,099;29,25;29,079729080200195;29,11928367614746;5,75;6,015486240386963;5,9736738204956055;0;0;100;10;0;
475,102;29,25;29,079729080200195;29,11928367614746;5,75;6,015486240386963;5,9736738204956055;0;0;100;10;0;
475,105;29,25;29,079729080200195;29,11928367614746;5,75;6,015486240386963;5,9736738204956055;0;0;100;10;0;
475,107;29,25;29,142316818237305;29,159643173217773;5,75;6,070634365081787;6,010102272033691;0;0;100;10;0;
475,111;29,25;29,142316818237305;29,159643173217773;5,75;6,070634365081787;6,010102272033691;0;0;100;10;0;
475,113;29,25;29,142316818237305;29,159643173217773;5,75;6,070634365081787;6,010102272033691;0;0;100;10;0;
475,116;29,25;29,142316818237305;29,159643173217773;5,75;6,070634365081787;6,010102272033691;0;0;100;10;0;
475,119;29,25;29,165374755859375;29,174959182739258;5,75;6,097696304321289;6,027400970458984;0;0;100;10;0;
475,121;29,25;29,165374755859375;29,174959182739258;5,75;6,097696304321289;6,027400970458984;0;0;100;10;0;
475,124;29,25;29,165374755859375;29,174959182739258;5,75;6,097696304321289;6,027400970458984;0;0;100;10;0;
475,127;29,25;29,171003341674805;29,1788272857666;5,75;6,095882892608643;6,026400566101074;0;0;100;10;0;
475,13;29,25;29,171003341674805;29,1788272857666;5,75;6,095882892608643;6,026400566101074;0;0;100;10;0;
475,133;29,25;29,171003341674805;29,1788272857666;5,75;6,095882892608643;6,026400566101074;0;0;100;10;0;
475,137;29,25;29,125259399414062;29,14954376220703;5,75;6,071199417114258;6,00965690612793;0;0;100;10;0;
475,14;29,25;29,125259399414062;29,14954376220703;5,75;6,071199417114258;6,00965690612793;0;0;100;10;0;
475,144;29,25;29,125259399414062;29,14954376220703;5,75;6,071199417114258;6,00965690612793;0;0;100;10;0;
475,146;29,25;29,069923400878906;29,114097595214844;5,75;6,025908946990967;5,98026704788208;0;0;100;10;0;
475,149;29,25;29,069923400878906;29,114097595214844;5,75;6,025908946990967;5,98026704788208;0;0;100;10;0;
475,152;29,25;29,069923400878906;29,114097595214844;5,75;6,025908946990967;5,98026704788208;0;0;100;10;0;
475,155;29,25;29,069923400878906;29,114097595214844;5,75;6,025908946990967;5,98026704788208;0;0;100;10;0;
475,158;29,25;29,116640090942383;29,14476776123047;5,75;6,084558486938477;6,020058631896973;0;0;100;10;0;
475,161;29,25;29,116640090942383;29,14476776123047;5,75;6,084558486938477;6,020058631896973;0;0;100;10;0;
475,164;29,25;29,116640090942383;29,14476776123047;5,75;6,084558486938477;6,020058631896973;0;0;100;10;0;
475,167;29,25;29,113195419311523;29,142667770385742;5,75;6,066261291503906;6,009578704833984;0;0;100;10;0;
475,169;29,25;29,113195419311523;29,142667770385742;5,75;6,066261291503906;6,009578704833984;0;0;100;10;0;
475,172;29,25;29,113195419311523;29,142667770385742;5,75;6,066261291503906;6,009578704833984;0;0;100;10;0;
475,175;29,25;29,113195419311523;29,142667770385742;5,75;6,066261291503906;6,009578704833984;0;0;100;10;0;
475,179;29,25;29,096351623535156;29,1317195892334;5,75;6,058804512023926;6,003724575042725;0;0;100;10;0;
475,182;29,25;29,096351623535156;29,1317195892334;5,75;6,058804512023926;6,003724575042725;0;0;100;10;0;
475,185;29,25;29,096351623535156;29,1317195892334;5,75;6,058804512023926;6,003724575042725;0;0;100;10;0;
475,188;29,25;29,032384872436523;29,08878517150879;5,75;6,017770290374756;5,977055072784424;0;0;100;10;0;
475,191;29,25;29,032384872436523;29,08878517150879;5,75;6,017770290374756;5,977055072784424;0;0;100;10;0;
475,194;29,25;29,032384872436523;29,08878517150879;5,75;6,017770290374756;5,977055072784424;0;0;100;10;0;
475,197;29,25;29,085086822509766;29,122997283935547;5,75;6,072539329528809;6,0136332511901855;0;0;100;10;0;
475,2;29,25;29,085086822509766;29,122997283935547;5,75;6,072539329528809;6,0136332511901855;0;0;100;10;0;
475,203;29,25;29,085086822509766;29,122997283935547;5,75;6,072539329528809;6,0136332511901855;0;0;100;10;0;
475,205;29,25;29,085086822509766;29,122997283935547;5,75;6,072539329528809;6,0136332511901855;0;0;100;10;0;
475,208;29,25;29,05282974243164;29,101972579956055;5,75;6,032460689544678;5,987490177154541;0;0;100;10;0;
475,211;29,25;29,05282974243164;29,101972579956055;5,75;6,032460689544678;5,987490177154541;0;0;100;10;0;
475,214;29,25;29,05282974243164;29,101972579956055;5,75;6,032460689544678;5,987490177154541;0;0;100;10;0;
475,216;29,25;29,09137535095215;29,127206802368164;5,75;6,044883728027344;5,995635986328125;0;0;100;10;0;
475,219;29,25;29,09137535095215;29,127206802368164;5,75;6,044883728027344;5,995635986328125;0;0;100;10;0;
475,222;29,25;29,09137535095215;29,127206802368164;5,75;6,044883728027344;5,995635986328125;0;0;100;10;0;
475,224;29,25;29,09137535095215;29,127206802368164;5,75;6,044883728027344;5,995635986328125;0;0;100;10;0;
475,228;29,25;29,04498291015625;29,09672737121582;5,75;5,996162414550781;5,964210033416748;0;0;100;10;0;
475,231;29,25;29,04498291015625;29,09672737121582;5,75;5,996162414550781;5,964210033416748;0;0;100;10;0;
475,235;29,25;29,04498291015625;29,09672737121582;5,75;5,996162414550781;5,964210033416748;0;0;100;10;0;
475,238;29,25;29,09121322631836;29,126312255859375;5,75;6,051738262176514;6,0002312660217285;0;0;100;10;0;
475,241;29,25;29,09121322631836;29,126312255859375;5,75;6,051738262176514;6,0002312660217285;0;0;100;10;0;
475,245;29,25;29,09121322631836;29,126312255859375;5,75;6,051738262176514;6,0002312660217285;0;0;100;10;0;
475,247;29,25;29,098787307739258;29,131244659423828;5,75;6,079954147338867;6,0199055671691895;0;0;100;10;0;
475,25;29,25;29,098787307739258;29,131244659423828;5,75;6,079954147338867;6,0199055671691895;0;0;100;10;0;
475,253;29,25;29,098787307739258;29,131244659423828;5,75;6,079954147338867;6,0199055671691895;0;0;100;10;0;
475,256;29,25;29,098787307739258;29,131244659423828;5,75;6,079954147338867;6,0199055671691895;0;0;100;10;0;
475,259;29,25;29,11789321899414;29,143138885498047;5,75;6,068469524383545;6,013181686401367;0;0;100;10;0;
475,262;29,25;29,11789321899414;29,143138885498047;5,75;6,068469524383545;6,013181686401367;0;0;100;10;0;
475,265;29,25;29,075782775878906;29,115028381347656;5,75;6,037344455718994;5,993609428405762;0;0;100;10;0;
475,267;29,25;29,075782775878906;29,115028381347656;5,75;6,037344455718994;5,993609428405762;0;0;100;10;0;
475,271;29,25;29,075782775878906;29,115028381347656;5,75;6,037344455718994;5,993609428405762;0;0;100;10;0;
475,274;29,25;29,075782775878906;29,115028381347656;5,75;6,037344455718994;5,993609428405762;0;0;100;10;0;
475,276;29,25;29,075782775878906;29,115028381347656;5,75;6,037344455718994;5,993609428405762;0;0;100;10;0;
475,28;29,25;29,1343936920166;29,152971267700195;5,75;6,101195335388184;6,036748886108398;0;0;100;10;0;
475,283;29,25;29,1343936920166;29,152971267700195;5,75;6,101195335388184;6,036748886108398;0;0;100;10;0;
475,286;29,25;29,1343936920166;29,152971267700195;5,75;6,101195335388184;6,036748886108398;0;0;100;10;0;
475,289;29,25;29,156208038330078;29,166887283325195;5,75;6,1279120445251465;6,055620193481445;0;0;100;10;0;
475,292;29,25;29,156208038330078;29,166887283325195;5,75;6,1279120445251465;6,055620193481445;0;0;100;10;0;
475,295;29,25;29,156208038330078;29,166887283325195;5,75;6,1279120445251465;6,055620193481445;0;0;100;10;0;
475,298;29,25;29,168733596801758;29,174942016601562;5,75;6,108691692352295;6,043868064880371;0;0;100;10;0;
475,3;29,25;29,168733596801758;29,174942016601562;5,75;6,108691692352295;6,043868064880371;0;0;100;10;0;
475,303;29,25;29,168733596801758;29,174942016601562;5,75;6,108691692352295;6,043868064880371;0;0;100;10;0;
475,306;29,25;29,168733596801758;29,174942016601562;5,75;6,108691692352295;6,043868064880371;0;0;100;10;0;
475,308;29,25;29,125789642333984;29,147371292114258;5,75;6,0978102684021;6,036604881286621;0;0;100;10;0;
475,311;29,25;29,125789642333984;29,147371292114258;5,75;6,0978102684021;6,036604881286621;0;0;100;10;0;
475,314;29,25;29,069124221801758;29,110042572021484;5,75;6,043410301208496;6,00169563293457;0;0;100;10;0;
475,317;29,25;29,069124221801758;29,110042572021484;5,75;6,043410301208496;6,00169563293457;0;0;100;10;0;
475,32;29,25;29,069124221801758;29,110042572021484;5,75;6,043410301208496;6,00169563293457;0;0;100;10;0;
475,323;29,25;29,069124221801758;29,110042572021484;5,75;6,043410301208496;6,00169563293457;0;0;100;10;0;
475,325;29,25;29,069124221801758;29,110042572021484;5,75;6,043410301208496;6,00169563293457;0;0;100;10;0;
475,329;29,25;29,102136611938477;29,131784439086914;5,75;6,073824882507324;6,020198822021484;0;0;100;10;0;
475,332;29,25;29,102136611938477;29,131784439086914;5,75;6,073824882507324;6,020198822021484;0;0;100;10;0;
475,335;29,25;29,102136611938477;29,131784439086914;5,75;6,073824882507324;6,020198822021484;0;0;100;10;0;
475,337;29,25;29,08601951599121;29,120677947998047;5,75;6,053791522979736;6,007591247558594;0;0;100;10;0;
475,34;29,25;29,08601951599121;29,120677947998047;5,75;6,053791522979736;6,007591247558594;0;0;100;10;0;
475,343;29,25;29,08601951599121;29,120677947998047;5,75;6,053791522979736;6,007591247558594;0;0;100;10;0;
475,346;29,25;29,08601951599121;29,120677947998047;5,75;6,053791522979736;6,007591247558594;0;0;100;10;0;
475,349;29,25;29,13646125793457;29,153690338134766;5,75;6,0843281745910645;6,02770471572876;0;0;100;10;0;
475,352;29,25;29,13646125793457;29,153690338134766;5,75;6,0843281745910645;6,02770471572876;0;0;100;10;0;
475,355;29,25;29,13646125793457;29,153690338134766;5,75;6,0843281745910645;6,02770471572876;0;0;100;10;0;
475,358;29,25;29,091800689697266;29,124353408813477;5,75;6,0113444328308105;5,98056173324585;0;0;100;10;0;
475,361;29,25;29,091800689697266;29,124353408813477;5,75;6,0113444328308105;5,98056173324585;0;0;100;10;0;
475,364;29,25;29,13120460510254;29,150432586669922;5,75;6,058272838592529;6,010835647583008;0;0;100;10;0;
475,367;29,25;29,13120460510254;29,150432586669922;5,75;6,058272838592529;6,010835647583008;0;0;100;10;0;
475,37;29,25;29,13120460510254;29,150432586669922;5,75;6,058272838592529;6,010835647583008;0;0;100;10;0;
475,372;29,25;29,13120460510254;29,150432586669922;5,75;6,058272838592529;6,010835647583008;0;0;100;10;0;
475,375;29,25;29,13120460510254;29,150432586669922;5,75;6,058272838592529;6,010835647583008;0;0;100;10;0;
475,378;29,25;29,113601684570312;29,13822364807129;5,75;6,08192253112793;6,027656078338623;0;0;100;10;0;
475,382;29,25;29,113601684570312;29,13822364807129;5,75;6,08192253112793;6,027656078338623;0;0;100;10;0;
475,385;29,25;29,113601684570312;29,13822364807129;5,75;6,08192253112793;6,027656078338623;0;0;100;10;0;
475,388;29,25;29,157564163208008;29,16616439819336;5,75;6,103216648101807;6,042213439941406;0;0;100;10;0;
475,39;29,25;29,157564163208008;29,16616439819336;5,75;6,103216648101807;6,042213439941406;0;0;100;10;0;
475,394;29,25;29,157564163208008;29,16616439819336;5,75;6,103216648101807;6,042213439941406;0;0;100;10;0;
475,397;29,25;29,157564163208008;29,16616439819336;5,75;6,103216648101807;6,042213439941406;0;0;100;10;0;
475,4;29,25;29,109163284301758;29,134267807006836;5,75;6,042868137359619;6,003337383270264;0;0;100;10;0;
475,403;29,25;29,109163284301758;29,134267807006836;5,75;6,042868137359619;6,003337383270264;0;0;100;10;0;
475,405;29,25;29,109163284301758;29,134267807006836;5,75;6,042868137359619;6,003337383270264;0;0;100;10;0;
475,408;29,25;29,155372619628906;29,164382934570312;5,75;6,100776195526123;6,040905952453613;0;0;100;10;0;
475,412;29,25;29,155372619628906;29,164382934570312;5,75;6,100776195526123;6,040905952453613;0;0;100;10;0;
475,414;29,25;29,15081024169922;29,162139892578125;5,75;6,134232044219971;6,063843727111816;0;0;100;10;0;
475,417;29,25;29,15081024169922;29,162139892578125;5,75;6,134232044219971;6,063843727111816;0;0;100;10;0;
475,42;29,25;29,15081024169922;29,162139892578125;5,75;6,134232044219971;6,063843727111816;0;0;100;10;0;
475,422;29,25;29,15081024169922;29,162139892578125;5,75;6,134232044219971;6,063843727111816;0;0;100;10;0;
475,425;29,25;29,15081024169922;29,162139892578125;5,75;6,134232044219971;6,063843727111816;0;0;100;10;0;
475,429;29,25;29,186655044555664;29,18594741821289;5,75;6,124317646026611;6,058661937713623;0;0;100;10;0;
475,432;29,25;29,186655044555664;29,18594741821289;5,75;6,124317646026611;6,058661937713623;0;0;100;10;0;
475,435;29,25;29,186655044555664;29,18594741821289;5,75;6,124317646026611;6,058661937713623;0;0;100;10;0;
475,438;29,25;29,1347599029541;29,15185546875;5,75;6,079874515533447;6,0306596755981445;0;0;100;10;0;
475,441;29,25;29,1347599029541;29,15185546875;5,75;6,079874515533447;6,0306596755981445;0;0;100;10;0;
475,445;29,25;29,1347599029541;29,15185546875;5,75;6,079874515533447;6,0306596755981445;0;0;100;10;0;
475,448;29,25;29,107519149780273;29,134414672851562;5,75;6,036594867706299;6,002562522888184;0;0;100;10;0;
475,451;29,25;29,107519149780273;29,134414672851562;5,75;6,036594867706299;6,002562522888184;0;0;100;10;0;
475,454;29,25;29,107519149780273;29,134414672851562;5,75;6,036594867706299;6,002562522888184;0;0;100;10;0;
475,457;29,25;29,107519149780273;29,134414672851562;5,75;6,036594867706299;6,002562522888184;0;0;100;10;0;
475,459;29,25;29,111583709716797;29,136930465698242;5,75;6,071915626525879;6,0254387855529785;0;0;100;10;0;
475,462;29,25;29,111583709716797;29,136930465698242;5,75;6,071915626525879;6,0254387855529785;0;0;100;10;0;
475,465;29,25;29,130802154541016;29,149497985839844;5,75;6,051354885101318;6,012609958648682;0;0;100;10;0;
475,468;29,25;29,130802154541016;29,149497985839844;5,75;6,051354885101318;6,012609958648682;0;0;100;10;0;
475,471;29,25;29,130802154541016;29,149497985839844;5,75;6,051354885101318;6,012609958648682;0;0;100;10;0;
475,474;29,25;29,130802154541016;29,149497985839844;5,75;6,051354885101318;6,012609958648682;0;0;100;10;0;
475,476;29,25;29,130802154541016;29,149497985839844;5,75;6,051354885101318;6,012609958648682;0;0;100;10;0;
475,479;29,25;29,184242248535156;29,183717727661133;5,75;6,11519718170166;6,054103851318359;0;0;100;10;0;
475,483;29,25;29,184242248535156;29,183717727661133;5,75;6,11519718170166;6,054103851318359;0;0;100;10;0;
475,486;29,25;29,184242248535156;29,183717727661133;5,75;6,11519718170166;6,054103851318359;0;0;100;10;0;
475,489;29,25;29,139652252197266;29,154829025268555;5,8125;6,06734561920166;6,023921489715576;0;0;100;10;0;
475,492;29,25;29,139652252197266;29,154829025268555;5,8125;6,06734561920166;6,023921489715576;0;0;100;10;0;
475,494;29,25;29,139652252197266;29,154829025268555;5,8125;6,06734561920166;6,023921489715576;0;0;100;10;0;
475,497;29,25;29,139652252197266;29,154829025268555;5,8125;6,06734561920166;6,023921489715576;0;0;100;10;0;
475,5;29,25;29,157480239868164;29,16629409790039;5,8125;6,118640899658203;6,0575714111328125;0;0;100;10;0;
475,503;29,25;29,157480239868164;29,16629409790039;5,8125;6,118640899658203;6,0575714111328125;0;0;100;10;0;
475,506;29,25;29,157480239868164;29,16629409790039;5,8125;6,118640899658203;6,0575714111328125;0;0;100;10;0;
475,509;29,25;29,172588348388672;29,1759090423584;5,8125;6,085819244384766;6,03640604019165;0;0;100;10;0;
475,512;29,25;29,172588348388672;29,1759090423584;5,8125;6,085819244384766;6,03640604019165;0;0;100;10;0;
475,515;29,25;29,224687576293945;29,209857940673828;5,8125;6,1290974617004395;6,064913749694824;0;0;100;10;0;
475,518;29,25;29,224687576293945;29,209857940673828;5,8125;6,1290974617004395;6,064913749694824;0;0;100;10;0;
475,521;29,25;29,224687576293945;29,209857940673828;5,8125;6,1290974617004395;6,064913749694824;0;0;100;10;0;
475,523;29,25;29,224687576293945;29,209857940673828;5,8125;6,1290974617004395;6,064913749694824;0;0;100;10;0;
475,526;29,25;29,224687576293945;29,209857940673828;5,8125;6,1290974617004395;6,064913749694824;0;0;100;10;0;
475,53;29,25;29,167266845703125;29,172332763671875;5,8125;6,061506748199463;6,021907329559326;0;0;100;10;0;
475,533;29,25;29,167266845703125;29,172332763671875;5,8125;6,061506748199463;6,021907329559326;0;0;100;10;0;
475,536;29,25;29,167266845703125;29,172332763671875;5,8125;6,061506748199463;6,021907329559326;0;0;100;10;0;
475,539;29,25;29,19755744934082;29,192184448242188;5,8125;6,118021488189697;6,0589799880981445;0;0;100;10;0;
475,542;29,25;29,19755744934082;29,192184448242188;5,8125;6,118021488189697;6,0589799880981445;0;0;100;10;0;
475,546;29,25;29,19755744934082;29,192184448242188;5,8125;6,118021488189697;6,0589799880981445;0;0;100;10;0;
475,549;29,25;29,175745010375977;29,178062438964844;5,8125;6,128311634063721;6,066165447235107;0;0;100;10;0;
475,552;29,25;29,175745010375977;29,178062438964844;5,8125;6,128311634063721;6,066165447235107;0;0;100;10;0;
475,555;29,25;29,175745010375977;29,178062438964844;5,8125;6,128311634063721;6,066165447235107;0;0;100;10;0;
475,558;29,25;29,175745010375977;29,178062438964844;5,8125;6,128311634063721;6,066165447235107;0;0;100;10;0;
475,561;29,25;29,217817306518555;29,205347061157227;5,8125;6,148053169250488;6,081042766571045;0;0;100;10;0;
475,564;29,25;29,1635684967041;29,169979095458984;5,8125;6,087709426879883;6,04283332824707;0;0;100;10;0;
475,567;29,25;29,1635684967041;29,169979095458984;5,8125;6,087709426879883;6,04283332824707;0;0;100;10;0;
475,57;29,25;29,1635684967041;29,169979095458984;5,8125;6,087709426879883;6,04283332824707;0;0;100;10;0;
475,574;29,25;29,1635684967041;29,169979095458984;5,8125;6,087709426879883;6,04283332824707;0;0;100;10;0;
475,577;29,25;29,1635684967041;29,169979095458984;5,8125;6,087709426879883;6,04283332824707;0;0;100;10;0;
475,58;29,25;29,158185958862305;29,16695785522461;5,8125;6,045424461364746;6,016245365142822;0;0;100;10;0;
475,583;29,25;29,158185958862305;29,16695785522461;5,8125;6,045424461364746;6,016245365142822;0;0;100;10;0;
475,587;29,25;29,158185958862305;29,16695785522461;5,8125;6,045424461364746;6,016245365142822;0;0;100;10;0;
475,59;29,25;29,14451789855957;29,157794952392578;5,8125;6,068484783172607;6,031296253204346;0;0;100;10;0;
475,593;29,25;29,14451789855957;29,157794952392578;5,8125;6,068484783172607;6,031296253204346;0;0;100;10;0;
475,597;29,25;29,14451789855957;29,157794952392578;5,8125;6,068484783172607;6,031296253204346;0;0;100;10;0;
475,6;29,25;29,19240379333496;29,18794059753418;5,8125;6,072742938995361;6,034267425537109;0;0;100;10;0;
475,603;29,25;29,19240379333496;29,18794059753418;5,8125;6,072742938995361;6,034267425537109;0;0;100;10;0;
475,606;29,25;29,19240379333496;29,18794059753418;5,8125;6,072742938995361;6,034267425537109;0;0;100;10;0;
475,609;29,25;29,240144729614258;29,218442916870117;5,8125;6,171475887298584;6,099494934082031;0;0;100;10;0;
475,612;29,25;29,240144729614258;29,218442916870117;5,8125;6,171475887298584;6,099494934082031;0;0;100;10;0;
475,615;29,25;29,203182220458984;29,194034576416016;5,8125;6,104907035827637;6,056797027587891;0;0;100;10;0;
475,618;29,25;29,203182220458984;29,194034576416016;5,8125;6,104907035827637;6,056797027587891;0;0;100;10;0;
475,621;29,25;29,203182220458984;29,194034576416016;5,8125;6,104907035827637;6,056797027587891;0;0;100;10;0;
475,624;29,25;29,203182220458984;29,194034576416016;5,8125;6,104907035827637;6,056797027587891;0;0;100;10;0;
475,628;29,25;29,203182220458984;29,194034576416016;5,8125;6,104907035827637;6,056797027587891;0;0;100;10;0;
475,631;29,25;29,19291877746582;29,187917709350586;5,8125;6,150423049926758;6,087257385253906;0;0;100;10;0;
475,634;29,25;29,19291877746582;29,187917709350586;5,8125;6,150423049926758;6,087257385253906;0;0;100;10;0;
475,638;29,25;29,19291877746582;29,187917709350586;5,8125;6,150423049926758;6,087257385253906;0;0;100;10;0;
475,641;29,25;29,243499755859375;29,221006393432617;5,8125;6,125402450561523;6,0724568367004395;0;0;100;10;0;
475,644;29,25;29,243499755859375;29,221006393432617;5,8125;6,125402450561523;6,0724568367004395;0;0;100;10;0;
475,647;29,25;29,243499755859375;29,221006393432617;5,8125;6,125402450561523;6,0724568367004395;0;0;100;10;0;
475,65;29,25;29,30872917175293;29,263574600219727;5,8125;6,211487293243408;6,131148338317871;0;0;100;10;0;
475,653;29,25;29,30872917175293;29,263574600219727;5,8125;6,211487293243408;6,131148338317871;0;0;100;10;0;
475,656;29,25;29,30872917175293;29,263574600219727;5,8125;6,211487293243408;6,131148338317871;0;0;100;10;0;
475,659;29,25;29,254562377929688;29,2279109954834;5,8125;6,135153770446777;6,082598686218262;0;0;100;10;0;
475,662;29,25;29,254562377929688;29,2279109954834;5,8125;6,135153770446777;6,082598686218262;0;0;100;10;0;
475,666;29,25;29,264432907104492;29,233747482299805;5,8125;6,200990676879883;6,126930236816406;0;0;100;10;0;
475,669;29,25;29,264432907104492;29,233747482299805;5,8125;6,200990676879883;6,126930236816406;0;0;100;10;0;
475,671;29,25;29,264432907104492;29,233747482299805;5,8125;6,200990676879883;6,126930236816406;0;0;100;10;0;
475,674;29,25;29,264432907104492;29,233747482299805;5,8125;6,200990676879883;6,126930236816406;0;0;100;10;0;
475,677;29,25;29,264432907104492;29,233747482299805;5,8125;6,200990676879883;6,126930236816406;0;0;100;10;0;
475,68;29,25;29,220115661621094;29,20417594909668;5,8125;6,203612804412842;6,129740238189697;0;0;100;10;0;
475,683;29,25;29,220115661621094;29,20417594909668;5,8125;6,203612804412842;6,129740238189697;0;0;100;10;0;
475,686;29,25;29,220115661621094;29,20417594909668;5,8125;6,203612804412842;6,129740238189697;0;0;100;10;0;
475,689;29,25;29,279691696166992;29,243268966674805;5,8125;6,257850646972656;6,1663498878479;0;0;100;10;0;
475,692;29,25;29,279691696166992;29,243268966674805;5,8125;6,257850646972656;6,1663498878479;0;0;100;10;0;
475,695;29,25;29,279691696166992;29,243268966674805;5,8125;6,257850646972656;6,1663498878479;0;0;100;10;0;
475,698;29,25;29,230375289916992;29,243268966674805;5,8125;6,175466537475586;6,113685131072998;0;0;100;10;0;
475,701;29,25;29,230375289916992;29,211223602294922;5,8125;6,175466537475586;6,113685131072998;0;0;100;10;0;
475,704;29,25;29,230375289916992;29,211223602294922;5,8125;6,175466537475586;6,113685131072998;0;0;100;10;0;
475,706;29,25;29,230375289916992;29,211223602294922;5,8125;6,175466537475586;6,113685131072998;0;0;100;10;0;
475,709;29,25;29,238521575927734;29,216657638549805;5,8125;6,116221904754639;6,075361728668213;0;0;100;10;0;
475,712;29,25;29,238521575927734;29,216657638549805;5,8125;6,116221904754639;6,075361728668213;0;0;100;10;0;
475,715;29,25;29,188091278076172;29,182388305664062;5,8125;6,136672019958496;6,089143753051758;0;0;100;10;0;
475,718;29,25;29,188091278076172;29,182388305664062;5,8125;6,136672019958496;6,089143753051758;0;0;100;10;0;
475,72;29,25;29,188091278076172;29,182388305664062;5,8125;6,136672019958496;6,089143753051758;0;0;100;10;0;
475,723;29,25;29,188091278076172;29,182388305664062;5,8125;6,136672019958496;6,089143753051758;0;0;100;10;0;
475,725;29,25;29,188091278076172;29,182388305664062;5,8125;6,136672019958496;6,089143753051758;0;0;100;10;0;
475,729;29,25;29,256019592285156;29,226314544677734;5,8125;6,167995929718018;6,110401153564453;0;0;100;10;0;
475,732;29,25;29,256019592285156;29,226314544677734;5,8125;6,167995929718018;6,110401153564453;0;0;100;10;0;
475,735;29,25;29,256019592285156;29,226314544677734;5,8125;6,167995929718018;6,110401153564453;0;0;100;10;0;
475,738;29,25;29,256019592285156;29,226314544677734;5,8125;6,28102970123291;6,110401153564453;0;0;100;10;0;
475,742;29,25;29,30440902709961;29,25827407836914;5,8125;6,28102970123291;6,184936046600342;0;0;100;10;0;
475,745;29,25;29,30440902709961;29,25827407836914;5,8125;6,28102970123291;6,184936046600342;0;0;100;10;0;
475,748;29,25;29,30440902709961;29,25827407836914;5,8125;6,28102970123291;6,184936046600342;0;0;100;10;0;
475,752;29,25;29,27765655517578;29,24073600769043;5,8125;6,194947719573975;6,129942417144775;0;0;100;10;0;
475,755;29,25;29,27765655517578;29,24073600769043;5,8125;6,194947719573975;6,129942417144775;0;0;100;10;0;
475,757;29,25;29,261058807373047;29,230749130249023;5,8125;6,2556633949279785;6,171088218688965;0;0;100;10;0;
475,76;29,25;29,261058807373047;29,230749130249023;5,8125;6,2556633949279785;6,171088218688965;0;0;100;10;0;
475,764;29,25;29,261058807373047;29,230749130249023;5,8125;6,2556633949279785;6,171088218688965;0;0;100;10;0;
475,767;29,25;29,314104080200195;29,265426635742188;5,8125;6,2530999183654785;6,171182632446289;0;0;100;10;0;
475,77;29,25;29,314104080200195;29,265426635742188;5,8125;6,2530999183654785;6,171182632446289;0;0;100;10;0;
475,773;29,25;29,314104080200195;29,265426635742188;5,8125;6,2530999183654785;6,171182632446289;0;0;100;10;0;
475,776;29,25;29,314104080200195;29,265426635742188;5,8125;6,2530999183654785;6,171182632446289;0;0;100;10;0;
475,779;29,25;29,38222885131836;29,310270309448242;5,8125;6,359278678894043;6,241395473480225;0;0;100;10;0;
475,782;29,3125;29,38222885131836;29,310270309448242;5,875;6,359278678894043;6,241395473480225;0;0;100;10;0;
475,785;29,3125;29,38222885131836;29,310270309448242;5,875;6,359278678894043;6,241395473480225;0;0;100;10;0;
475,788;29,3125;29,32914161682129;29,276126861572266;5,875;6,263339996337891;6,178317070007324;0;0;100;10;0;
475,791;29,3125;29,32914161682129;29,276126861572266;5,875;6,263339996337891;6,178317070007324;0;0;100;10;0;
475,794;29,3125;29,32914161682129;29,276126861572266;5,875;6,263339996337891;6,178317070007324;0;0;100;10;0;
475,798;29,3125;29,33310317993164;29,2789249420166;5,875;6,3552680015563965;6,238857269287109;0;0;100;10;0;
475,801;29,3125;29,33310317993164;29,2789249420166;5,875;6,3552680015563965;6,238857269287109;0;0;100;10;0;
475,804;29,3125;29,33310317993164;29,2789249420166;5,875;6,3552680015563965;6,238857269287109;0;0;100;10;0;
475,807;29,3125;29,33310317993164;29,2789249420166;5,875;6,3552680015563965;6,238857269287109;0;0;100;10;0;
475,809;29,3125;29,26862907409668;29,236494064331055;5,875;6,324765205383301;6,219483852386475;0;0;100;10;0;
475,813;29,3125;29,26862907409668;29,236494064331055;5,875;6,324765205383301;6,219483852386475;0;0;100;10;0;
475,815;29,3125;29,32131576538086;29,27174949645996;5,875;6,387481212615967;6,261531352996826;0;0;100;10;0;
475,818;29,3125;29,32131576538086;29,27174949645996;5,875;6,387481212615967;6,261531352996826;0;0;100;10;0;
475,821;29,3125;29,32131576538086;29,27174949645996;5,875;6,387481212615967;6,261531352996826;0;0;100;10;0;
475,824;29,3125;29,32131576538086;29,27174949645996;5,875;6,387481212615967;6,261531352996826;0;0;100;10;0;
475,826;29,3125;29,32131576538086;29,27174949645996;5,875;6,387481212615967;6,261531352996826;0;0;100;10;0;
475,83;29,3125;29,27425765991211;29,241985321044922;5,875;6,285236835479736;6,1957478523254395;0;0;100;10;0;
475,833;29,3125;29,27425765991211;29,241985321044922;5,875;6,285236835479736;6,1957478523254395;0;0;100;10;0;
475,836;29,3125;29,27425765991211;29,241985321044922;5,875;6,285236835479736;6,1957478523254395;0;0;100;10;0;
475,839;29,3125;29,288135528564453;29,250682830810547;5,875;6,209846496582031;6,146726608276367;0;0;100;10;0;
475,842;29,3125;29,288135528564453;29,250682830810547;5,875;6,209846496582031;6,146726608276367;0;0;100;10;0;
475,846;29,3125;29,288135528564453;29,250682830810547;5,875;6,209846496582031;6,146726608276367;0;0;100;10;0;
475,849;29,3125;29,24188995361328;29,219327926635742;5,875;6,21309232711792;6,150073051452637;0;0;100;10;0;
475,852;29,3125;29,24188995361328;29,219327926635742;5,875;6,21309232711792;6,150073051452637;0;0;100;10;0;
475,855;29,3125;29,24188995361328;29,219327926635742;5,875;6,21309232711792;6,150073051452637;0;0;100;10;0;
475,857;29,3125;29,296199798583984;29,254945755004883;5,875;6,249940872192383;6,174312591552734;0;0;100;10;0;
475,86;29,3125;29,296199798583984;29,254945755004883;5,875;6,249940872192383;6,174312591552734;0;0;100;10;0;
475,863;29,3125;29,296199798583984;29,254945755004883;5,875;6,249940872192383;6,174312591552734;0;0;100;10;0;
475,866;29,3125;29,23603057861328;29,216337203979492;5,875;6,1711955070495605;6,123902797698975;0;0;100;10;0;
475,869;29,3125;29,23603057861328;29,216337203979492;5,875;6,1711955070495605;6,123902797698975;0;0;100;10;0;
475,872;29,3125;29,23603057861328;29,216337203979492;5,875;6,1711955070495605;6,123902797698975;0;0;100;10;0;
475,875;29,3125;29,23603057861328;29,216337203979492;5,875;6,1711955070495605;6,123902797698975;0;0;100;10;0;
475,879;29,3125;29,2310733795166;29,213302612304688;5,8125;6,064871311187744;6,055690288543701;0;0;100;10;0;
475,881;29,3125;29,2310733795166;29,213302612304688;5,8125;6,064871311187744;6,055690288543701;0;0;100;10;0;
475,884;29,3125;29,2310733795166;29,213302612304688;5,8125;6,064871311187744;6,055690288543701;0;0;100;10;0;
475,887;29,3125;29,213855743408203;29,202617645263672;5,8125;6,1201090812683105;6,0938544273376465;0;0;100;10;0;
475,89;29,3125;29,213855743408203;29,202617645263672;5,8125;6,1201090812683105;6,0938544273376465;0;0;100;10;0;
475,893;29,3125;29,213855743408203;29,202617645263672;5,8125;6,1201090812683105;6,0938544273376465;0;0;100;10;0;
475,897;29,3125;29,213855743408203;29,202617645263672;5,8125;6,1201090812683105;6,0938544273376465;0;0;100;10;0;
475,899;29,3125;29,264060974121094;29,235633850097656;5,8125;6,140622615814209;6,1084723472595215;0;0;100;10;0;
475,902;29,3125;29,264060974121094;29,235633850097656;5,8125;6,140622615814209;6,1084723472595215;0;0;100;10;0;
475,905;29,3125;29,264060974121094;29,235633850097656;5,8125;6,140622615814209;6,1084723472595215;0;0;100;10;0;
475,907;29,3125;29,264060974121094;29,235633850097656;5,8125;6,140622615814209;6,1084723472595215;0;0;100;10;0;
475,91;29,3125;29,321718215942383;29,27311897277832;5,8125;6,248693943023682;6,180673122406006;0;0;100;10;0;
475,913;29,3125;29,321718215942383;29,27311897277832;5,8125;6,248693943023682;6,180673122406006;0;0;100;10;0;
475,915;29,3125;29,281099319458008;29,246618270874023;5,8125;6,140018939971924;6,110198020935059;0;0;100;10;0;
475,918;29,3125;29,281099319458008;29,246618270874023;5,8125;6,140018939971924;6,110198020935059;0;0;100;10;0;
475,921;29,3125;29,281099319458008;29,246618270874023;5,8125;6,140018939971924;6,110198020935059;0;0;100;10;0;
475,924;29,3125;29,281099319458008;29,246618270874023;5,8125;6,140018939971924;6,110198020935059;0;0;100;10;0;
475,927;29,3125;29,280759811401367;29,246644973754883;5,8125;6,243016719818115;6,177616596221924;0;0;100;10;0;
475,93;29,3125;29,280759811401367;29,246644973754883;5,8125;6,243016719818115;6,177616596221924;0;0;100;10;0;
475,933;29,3125;29,280759811401367;29,246644973754883;5,8125;6,243016719818115;6,177616596221924;0;0;100;10;0;
475,936;29,3125;29,215991973876953;29,204071044921875;5,8125;6,210564613342285;6,157238960266113;0;0;100;10;0;
475,939;29,25;29,215991973876953;29,204071044921875;5,8125;6,210564613342285;6,157238960266113;0;0;100;10;0;
475,942;29,25;29,215991973876953;29,204071044921875;5,8125;6,210564613342285;6,157238960266113;0;0;100;10;0;
475,945;29,25;29,268014907836914;29,238298416137695;5,8125;6,292402744293213;6,21234655380249;0;0;100;10;0;
475,948;29,25;29,268014907836914;29,238298416137695;5,875;6,292402744293213;6,21234655380249;0;0;100;10;0;
475,951;29,25;29,268014907836914;29,238298416137695;5,875;6,292402744293213;6,21234655380249;0;0;100;10;0;
475,954;29,25;29,268014907836914;29,238298416137695;5,875;6,292402744293213;6,21234655380249;0;0;100;10;0;
475,957;29,25;29,268014907836914;29,238298416137695;5,875;6,292402744293213;6,21234655380249;0;0;100;10;0;
475,96;29,25;29,220609664916992;29,207138061523438;5,875;6,18331241607666;6,1413164138793945;0;0;100;10;0;
475,963;29,25;29,220609664916992;29,207138061523438;5,875;6,18331241607666;6,1413164138793945;0;0;100;10;0;
475,966;29,25;29,228483200073242;29,21208953857422;5,875;6,110825061798096;6,094370365142822;0;0;100;10;0;
475,969;29,25;29,228483200073242;29,21208953857422;5,875;6,110825061798096;6,094370365142822;0;0;100;10;0;
475,971;29,25;29,228483200073242;29,21208953857422;5,875;6,110825061798096;6,094370365142822;0;0;100;10;0;
475,974;29,25;29,228483200073242;29,21208953857422;5,875;6,110825061798096;6,094370365142822;0;0;100;10;0;
475,977;29,25;29,228483200073242;29,21208953857422;5,875;6,110825061798096;6,094370365142822;0;0;100;10;0;
475,98;29,25;29,186695098876953;29,184736251831055;5,875;6,130486011505127;6,108851432800293;0;0;100;10;0;
475,983;29,25;29,186695098876953;29,184736251831055;5,875;6,130486011505127;6,108851432800293;0;0;100;10;0;
475,986;29,25;29,23819923400879;29,218406677246094;5,875;6,190245628356934;6,149620532989502;0;0;100;10;0;
475,989;29,25;29,23819923400879;29,218406677246094;5,875;6,190245628356934;6,149620532989502;0;0;100;10;0;
475,993;29,25;29,23819923400879;29,218406677246094;5,875;6,190245628356934;6,149620532989502;0;0;100;10;0;
475,996;29,25;29,17913246154785;29,18017578125;5,8125;6,095985412597656;6,088007926940918;0;0;100;10;0;
475,999;29,25;29,17913246154785;29,18017578125;5,8125;6,095985412597656;6,088007926940918;0;0;100;10;0;
476,001;29,25;29,17913246154785;29,18017578125;5,8125;6,095985412597656;6,088007926940918;0;0;100;10;0;
476,004;29,25;29,168094635009766;29,18017578125;5,8125;6,0005598068237305;6,026610374450684;0;0;100;10;0;
476,007;29,25;29,168094635009766;29,173110961914062;5,8125;6,0005598068237305;6,026610374450684;0;0;100;10;0;
476,01;29,25;29,168094635009766;29,173110961914062;5,8125;6,0005598068237305;6,026610374450684;0;0;100;10;0;
476,013;29,25;29,168094635009766;29,173110961914062;5,8125;6,0005598068237305;6,026610374450684;0;0;100;10;0;
476,016;29,25;29,145299911499023;29,15787124633789;5,8125;6,058012008666992;6,065550327301025;0;0;100;10;0;
476,019;29,25;29,145299911499023;29,15787124633789;5,8125;6,058012008666992;6,065550327301025;0;0;100;10;0;
476,022;29,25;29,145299911499023;29,15787124633789;5,8125;6,058012008666992;6,065550327301025;0;0;100;10;0;
476,024;29,25;29,145299911499023;29,15787124633789;5,8125;6,058012008666992;6,065550327301025;0;0;100;10;0;
476,027;29,25;29,145299911499023;29,15787124633789;5,8125;6,058012008666992;6,065550327301025;0;0;100;10;0;
476,03;29,25;29,194766998291016;29,19046974182129;5,8125;6,078250408172607;6,0794291496276855;0;0;100;10;0;
476,033;29,25;29,194766998291016;29,19046974182129;5,8125;6,078250408172607;6,0794291496276855;0;0;100;10;0;
476,036;29,25;29,194766998291016;29,19046974182129;5,8125;6,078250408172607;6,0794291496276855;0;0;100;10;0;
476,039;29,25;29,243623733520508;29,22269058227539;5,8125;6,196747779846191;6,157097339630127;0;0;100;10;0;
476,042;29,25;29,243623733520508;29,22269058227539;5,8125;6,196747779846191;6,157097339630127;0;0;100;10;0;
476,046;29,25;29,243623733520508;29,22269058227539;5,8125;6,196747779846191;6,157097339630127;0;0;100;10;0;
476,049;29,25;29,206802368164062;29,19900894165039;5,8125;6,093682765960693;6,0904998779296875;0;0;100;10;0;
476,052;29,25;29,206802368164062;29,19900894165039;5,8125;6,093682765960693;6,0904998779296875;0;0;100;10;0;
476,055;29,25;29,214155197143555;29,20431900024414;5,8125;6,1923418045043945;6,155869483947754;0;0;100;10;0;
476,057;29,25;29,214155197143555;29,20431900024414;5,8125;6,1923418045043945;6,155869483947754;0;0;100;10;0;
476,06;29,25;29,214155197143555;29,20431900024414;5,8125;6,1923418045043945;6,155869483947754;0;0;100;10;0;
476,063;29,25;29,214155197143555;29,20431900024414;5,8125;6,1923418045043945;6,155869483947754;0;0;100;10;0;
476,066;29,25;29,17816162109375;29,180742263793945;5,8125;6,153503894805908;6,132664680480957;0;0;100;10;0;
476,069;29,25;29,17816162109375;29,180742263793945;5,8125;6,153503894805908;6,132664680480957;0;0;100;10;0;
476,072;29,25;29,17816162109375;29,180742263793945;5,8125;6,153503894805908;6,132664680480957;0;0;100;10;0;
476,074;29,25;29,17816162109375;29,180742263793945;5,8125;6,244132041931152;6,132664680480957;0;0;100;10;0;
476,077;29,25;29,215044021606445;29,203994750976562;5,8125;6,244132041931152;6,193342208862305;0;0;100;10;0;
476,08;29,25;29,215044021606445;29,203994750976562;5,8125;6,244132041931152;6,193342208862305;0;0;100;10;0;
476,083;29,25;29,215044021606445;29,203994750976562;5,8125;6,244132041931152;6,193342208862305;0;0;100;10;0;
476,086;29,25;29,17909812927246;29,180089950561523;5,8125;6,152185916900635;6,133712291717529;0;0;100;10;0;
476,089;29,25;29,17909812927246;29,180089950561523;5,8125;6,152185916900635;6,133712291717529;0;0;100;10;0;
476,092;29,25;29,17909812927246;29,180089950561523;5,8125;6,152185916900635;6,133712291717529;0;0;100;10;0;
476,096;29,25;29,189924240112305;29,18709945678711;5,875;6,2709059715271;6,212790012359619;0;0;100;10;0;
476,098;29,25;29,189924240112305;29,18709945678711;5,875;6,2709059715271;6,212790012359619;0;0;100;10;0;
476,101;29,25;29,189924240112305;29,18709945678711;5,875;6,2709059715271;6,212790012359619;0;0;100;10;0;
476,104;29,25;29,189924240112305;29,18709945678711;5,875;6,2709059715271;6,212790012359619;0;0;100;10;0;
476,106;29,25;29,154983520507812;29,163692474365234;5,875;6,266903877258301;6,210687637329102;0;0;100;10;0;
476,109;29,25;29,154983520507812;29,163692474365234;5,875;6,266903877258301;6,210687637329102;0;0;100;10;0;
476,112;29,25;29,154983520507812;29,163692474365234;5,875;6,266903877258301;6,210687637329102;0;0;100;10;0;
476,115;29,25;29,192981719970703;29,187942504882812;5,875;6,322187423706055;6,247769832611084;0;0;100;10;0;
476,118;29,25;29,192981719970703;29,187942504882812;5,875;6,322187423706055;6,247769832611084;0;0;100;10;0;
476,12;29,25;29,192981719970703;29,187942504882812;5,875;6,322187423706055;6,247769832611084;0;0;100;10;0;
476,123;29,25;29,192981719970703;29,187942504882812;5,875;6,322187423706055;6,247769832611084;0;0;100;10;0;
476,126;29,25;29,14078712463379;29,15453338623047;5,875;6,226016521453857;6,184814929962158;0;0;100;10;0;
476,129;29,25;29,14078712463379;29,15453338623047;5,875;6,226016521453857;6,184814929962158;0;0;100;10;0;
476,132;29,25;29,14078712463379;29,15453338623047;5,875;6,226016521453857;6,184814929962158;0;0;100;10;0;
476,135;29,25;29,129079818725586;29,147218704223633;5,875;6,1237640380859375;6,118483543395996;0;0;100;10;0;
476,138;29,25;29,129079818725586;29,147218704223633;5,875;6,1237640380859375;6,118483543395996;0;0;100;10;0;
476,14;29,25;29,129079818725586;29,147218704223633;5,875;6,1237640380859375;6,118483543395996;0;0;100;10;0;
476,144;29,25;29,129079818725586;29,147218704223633;5,875;6,1237640380859375;6,118483543395996;0;0;100;10;0;
476,147;29,25;29,12427520751953;29,144323348999023;5,875;6,175899505615234;6,1531476974487305;0;0;100;10;0;
476,15;29,25;29,12427520751953;29,144323348999023;5,875;6,175899505615234;6,1531476974487305;0;0;100;10;0;
476,153;29,25;29,12427520751953;29,144323348999023;5,875;6,175899505615234;6,1531476974487305;0;0;100;10;0;
476,156;29,25;29,15364646911621;29,164182662963867;5,875;6,201144218444824;6,171626567840576;0;0;100;10;0;
476,158;29,25;29,15364646911621;29,164182662963867;5,875;6,201144218444824;6,171626567840576;0;0;100;10;0;
476,161;29,25;29,15364646911621;29,164182662963867;5,875;6,201144218444824;6,171626567840576;0;0;100;10;0;
476,164;29,25;29,1833553314209;29,164182662963867;5,875;6,288534641265869;6,230286598205566;0;0;100;10;0;
476,167;29,25;29,1833553314209;29,182649612426758;5,875;6,288534641265869;6,230286598205566;0;0;100;10;0;
476,17;29,25;29,1833553314209;29,182649612426758;5,875;6,288534641265869;6,230286598205566;0;0;100;10;0;
476,173;29,25;29,1833553314209;29,182649612426758;5,875;6,288534641265869;6,230286598205566;0;0;100;10;0;
476,175;29,25;29,147140502929688;29,1588134765625;5,875;6,195395469665527;6,17041015625;0;0;100;10;0;
476,178;29,25;29,147140502929688;29,1588134765625;5,875;6,195395469665527;6,17041015625;0;0;100;10;0;
476,182;29,25;29,147140502929688;29,1588134765625;5,875;6,195395469665527;6,17041015625;0;0;100;10;0;
476,185;29,25;29,15936851501465;29,16704559326172;5,875;6,280637264251709;6,226725101470947;0;0;100;10;0;
476,188;29,25;29,15936851501465;29,16704559326172;5,875;6,280637264251709;6,226725101470947;0;0;100;10;0;
476,19;29,25;29,15936851501465;29,16704559326172;5,875;6,280637264251709;6,226725101470947;0;0;100;10;0;
476,194;29,25;29,15936851501465;29,16704559326172;5,875;6,280637264251709;6,226725101470947;0;0;100;10;0;
476,198;29,25;29,13532257080078;29,151161193847656;5,875;6,248566627502441;6,206951141357422;0;0;100;10;0;
476,2;29,25;29,13532257080078;29,151161193847656;5,875;6,248566627502441;6,206951141357422;0;0;100;10;0;
476,203;29,25;29,13532257080078;29,151161193847656;5,875;6,248566627502441;6,206951141357422;0;0;100;10;0;
476,206;29,25;29,167156219482422;29,172489166259766;5,875;6,313846111297607;6,2503275871276855;0;0;100;10;0;
476,208;29,25;29,167156219482422;29,172489166259766;5,875;6,313846111297607;6,2503275871276855;0;0;100;10;0;
476,211;29,25;29,167156219482422;29,172489166259766;5,875;6,313846111297607;6,2503275871276855;0;0;100;10;0;
476,214;29,25;29,167156219482422;29,172489166259766;5,875;6,313846111297607;6,2503275871276855;0;0;100;10;0;
476,217;29,25;29,143165588378906;29,157760620117188;5,875;6,216849327087402;6,187108039855957;0;0;100;10;0;
476,219;29,25;29,143165588378906;29,157760620117188;5,875;6,216849327087402;6,187108039855957;0;0;100;10;0;
476,222;29,25;29,143165588378906;29,157760620117188;5,875;6,216849327087402;6,187108039855957;0;0;100;10;0;
476,225;29,25;29,158374786376953;29,167997360229492;5,875;6,30580472946167;6,245495796203613;0;0;100;10;0;
476,228;29,25;29,158374786376953;29,167997360229492;5,875;6,30580472946167;6,245495796203613;0;0;100;10;0;
476,231;29,25;29,158374786376953;29,167997360229492;5,875;6,30580472946167;6,245495796203613;0;0;100;10;0;
476,233;29,25;29,158374786376953;29,167997360229492;5,875;6,30580472946167;6,245495796203613;0;0;100;10;0;
476,236;29,25;29,136457443237305;29,153261184692383;5,875;6,309629917144775;6,24938440322876;0;0;100;10;0;
476,239;29,25;29,136457443237305;29,153261184692383;5,875;6,309629917144775;6,24938440322876;0;0;100;10;0;
476,242;29,25;29,136457443237305;29,153261184692383;5,875;6,309629917144775;6,24938440322876;0;0;100;10;0;
476,245;29,25;29,145225524902344;29,15814208984375;5,875;6,363204479217529;6,28507137298584;0;0;100;10;0;
476,249;29,25;29,145225524902344;29,15814208984375;5,875;6,363204479217529;6,28507137298584;0;0;100;10;0;
476,252;29,25;29,145225524902344;29,15814208984375;5,875;6,363204479217529;6,28507137298584;0;0;100;10;0;
476,255;29,25;29,09884262084961;29,12712287902832;5,875;6,296109199523926;6,242079257965088;0;0;100;10;0;
476,257;29,25;29,09884262084961;29,12712287902832;5,875;6,296109199523926;6,242079257965088;0;0;100;10;0;
476,26;29,25;29,09884262084961;29,12712287902832;5,875;6,296109199523926;6,242079257965088;0;0;100;10;0;
476,263;29,25;29,09884262084961;29,12712287902832;5,875;6,296109199523926;6,242079257965088;0;0;100;10;0;
476,266;29,25;29,080297470092773;29,115127563476562;5,875;6,21590518951416;6,191070556640625;0;0;100;10;0;
476,269;29,25;29,080297470092773;29,115127563476562;5,875;6,21590518951416;6,191070556640625;0;0;100;10;0;
476,272;29,25;29,080297470092773;29,115127563476562;5,875;6,21590518951416;6,191070556640625;0;0;100;10;0;
476,274;29,25;29,080297470092773;29,115127563476562;5,875;6,21590518951416;6,191070556640625;0;0;100;10;0;
476,277;29,25;29,089130401611328;29,12137794494629;5,875;6,2465386390686035;6,21222448348999;0;0;100;10;0;
476,28;29,25;29,089130401611328;29,12137794494629;5,875;6,2465386390686035;6,21222448348999;0;0;100;10;0;
476,283;29,25;29,089130401611328;29,12137794494629;5,875;6,2465386390686035;6,21222448348999;0;0;100;10;0;
476,286;29,25;29,094758987426758;29,125089645385742;5,875;6,243351459503174;6,209926128387451;0;0;100;10;0;
476,289;29,25;29,094758987426758;29,125089645385742;5,875;6,243351459503174;6,209926128387451;0;0;100;10;0;
476,292;29,25;29,094758987426758;29,125089645385742;5,875;6,243351459503174;6,209926128387451;0;0;100;10;0;
476,295;29,25;29,11981964111328;29,141206741333008;5,875;6,317293643951416;6,257077217102051;0;0;100;10;0;
476,298;29,25;29,11981964111328;29,141206741333008;5,875;6,317293643951416;6,257077217102051;0;0;100;10;0;
476,301;29,25;29,11981964111328;29,141206741333008;5,875;6,317293643951416;6,257077217102051;0;0;100;10;0;
476,304;29,25;29,11981964111328;29,141206741333008;5,875;6,317293643951416;6,257077217102051;0;0;100;10;0;
476,307;29,25;29,09032440185547;29,121538162231445;5,875;6,2268290519714355;6,198155879974365;0;0;100;10;0;
476,309;29,25;29,09032440185547;29,121538162231445;5,875;6,2268290519714355;6,198155879974365;0;0;100;10;0;
476,313;29,25;29,09032440185547;29,121538162231445;5,875;6,2268290519714355;6,198155879974365;0;0;100;10;0;
476,316;29,25;29,10200309753418;29,129741668701172;5,875;6,29130220413208;6,241023540496826;0;0;100;10;0;
476,318;29,25;29,10200309753418;29,129741668701172;5,875;6,29130220413208;6,241023540496826;0;0;100;10;0;
476,321;29,25;29,10200309753418;29,129741668701172;5,875;6,29130220413208;6,241023540496826;0;0;100;10;0;
476,324;29,25;29,10200309753418;29,129741668701172;5,875;6,29130220413208;6,241023540496826;0;0;100;10;0;
476,328;29,25;29,09540557861328;29,12566375732422;5,875;6,285519123077393;6,238847255706787;0;0;100;10;0;
476,331;29,25;29,09540557861328;29,12566375732422;5,875;6,285519123077393;6,238847255706787;0;0;100;10;0;
476,333;29,25;29,09540557861328;29,12566375732422;5,875;6,285519123077393;6,238847255706787;0;0;100;10;0;
476,337;29,25;29,121517181396484;29,142881393432617;5,875;6,324343681335449;6,264444828033447;0;0;100;10;0;
476,34;29,25;29,121517181396484;29,142881393432617;5,875;6,324343681335449;6,264444828033447;0;0;100;10;0;
476,343;29,25;29,121517181396484;29,142881393432617;5,875;6,324343681335449;6,264444828033447;0;0;100;10;0;
476,346;29,25;29,097705841064453;29,12733268737793;5,875;6,239518165588379;6,209299564361572;0;0;100;10;0;
476,35;29,25;29,097705841064453;29,12733268737793;5,875;6,239518165588379;6,209299564361572;0;0;100;10;0;
476,353;29,25;29,097705841064453;29,12733268737793;5,875;6,239518165588379;6,209299564361572;0;0;100;10;0;
476,356;29,25;29,109867095947266;29,135997772216797;5,875;6,3229241371154785;6,264690399169922;0;0;100;10;0;
476,358;29,25;29,109867095947266;29,135997772216797;5,875;6,3229241371154785;6,264690399169922;0;0;100;10;0;
476,361;29,25;29,109867095947266;29,135997772216797;5,875;6,3229241371154785;6,264690399169922;0;0;100;10;0;
476,365;29,25;29,1035099029541;29,132266998291016;5,875;6,325193881988525;6,266109943389893;0;0;100;10;0;
476,368;29,25;29,1035099029541;29,132266998291016;5,875;6,325193881988525;6,266109943389893;0;0;100;10;0;
476,371;29,25;29,1035099029541;29,132266998291016;5,875;6,325193881988525;6,266109943389893;0;0;100;10;0;
476,374;29,25;29,1035099029541;29,132266998291016;5,875;6,325193881988525;6,266109943389893;0;0;100;10;0;
476,377;29,25;29,118247985839844;29,14139747619629;5,875;6,327661991119385;6,267858982086182;0;0;100;10;0;
476,38;29,25;29,118247985839844;29,14139747619629;5,875;6,327661991119385;6,267858982086182;0;0;100;10;0;
476,383;29,25;29,118247985839844;29,14139747619629;5,875;6,327661991119385;6,267858982086182;0;0;100;10;0;
476,385;29,25;29,07746124267578;29,114303588867188;5,875;6,286827564239502;6,241404056549072;0;0;100;10;0;
476,388;29,25;29,07746124267578;29,114303588867188;5,875;6,286827564239502;6,241404056549072;0;0;100;10;0;
476,391;29,25;29,07746124267578;29,114303588867188;5,875;6,286827564239502;6,241404056549072;0;0;100;10;0;
476,394;29,25;29,07746124267578;29,114303588867188;5,875;6,286827564239502;6,241404056549072;0;0;100;10;0;
476,397;29,25;29,04973030090332;29,096294403076172;5,875;6,227715492248535;6,203660488128662;0;0;100;10;0;
476,401;29,25;29,04973030090332;29,096294403076172;5,875;6,227715492248535;6,203660488128662;0;0;100;10;0;
476,403;29,25;29,04973030090332;29,096294403076172;5,875;6,227715492248535;6,203660488128662;0;0;100;10;0;
476,406;29,25;29,082263946533203;29,11758804321289;5,875;6,24931526184082;6,218979835510254;0;0;100;10;0;
476,409;29,25;29,082263946533203;29,11758804321289;5,875;6,24931526184082;6,218979835510254;0;0;100;10;0;
476,412;29,25;29,082263946533203;29,11758804321289;5,875;6,24931526184082;6,218979835510254;0;0;100;10;0;
476,415;29,25;29,065101623535156;29,105627059936523;5,875;6,240271091461182;6,2139997482299805;0;0;100;10;0;
476,418;29,25;29,065101623535156;29,105627059936523;5,875;6,240271091461182;6,2139997482299805;0;0;100;10;0;
476,421;29,25;29,065101623535156;29,105627059936523;5,875;6,240271091461182;6,2139997482299805;0;0;100;10;0;
476,423;29,25;29,065101623535156;29,105627059936523;5,875;6,240271091461182;6,2139997482299805;0;0;100;10;0;
476,427;29,25;29,07805824279785;29,113540649414062;5,875;6,28636360168457;6,242952346801758;0;0;100;10;0;
476,43;29,25;29,07805824279785;29,113540649414062;5,875;6,28636360168457;6,242952346801758;0;0;100;10;0;
476,433;29,25;29,07805824279785;29,113540649414062;5,875;6,28636360168457;6,242952346801758;0;0;100;10;0;
476,436;29,25;29,052867889404297;29,096662521362305;5,875;6,238047122955322;6,211049556732178;0;0;100;10;0;
476,439;29,25;29,052867889404297;29,096662521362305;5,875;6,238047122955322;6,211049556732178;0;0;100;10;0;
476,442;29,25;29,052867889404297;29,096662521362305;5,875;6,238047122955322;6,211049556732178;0;0;100;10;0;
476,446;29,25;29,093271255493164;29,12355613708496;5,9375;6,282474517822266;6,239565372467041;0;0;100;10;0;
476,449;29,25;29,093271255493164;29,12355613708496;5,9375;6,282474517822266;6,239565372467041;0;0;100;10;0;
476,452;29,25;29,093271255493164;29,12355613708496;5,9375;6,282474517822266;6,239565372467041;0;0;100;10;0;
476,455;29,25;29,075515747070312;29,11246109008789;5,9375;6,271276950836182;6,233031272888184;0;0;100;10;0;
476,458;29,25;29,075515747070312;29,11246109008789;5,9375;6,271276950836182;6,233031272888184;0;0;100;10;0;
476,461;29,25;29,075515747070312;29,11246109008789;5,9375;6,271276950836182;6,233031272888184;0;0;100;10;0;
476,464;29,25;29,075515747070312;29,11246109008789;5,9375;6,271276950836182;6,233031272888184;0;0;100;10;0;
476,467;29,25;29,08786392211914;29,119672775268555;5,9375;6,2887282371521;6,243626117706299;0;0;100;10;0;
476,47;29,25;29,08786392211914;29,119672775268555;5,9375;6,2887282371521;6,243626117706299;0;0;100;10;0;
476,473;29,25;29,08786392211914;29,119672775268555;5,9375;6,2887282371521;6,243626117706299;0;0;100;10;0;
476,477;29,25;29,05742073059082;29,099475860595703;5,9375;6,24489688873291;6,214234352111816;0;0;100;10;0;
476,48;29,25;29,05742073059082;29,099475860595703;5,9375;6,24489688873291;6,214234352111816;0;0;100;10;0;
476,483;29,25;29,05742073059082;29,099475860595703;5,9375;6,24489688873291;6,214234352111816;0;0;100;10;0;
476,486;29,25;29,0892391204834;29,12017822265625;5,9375;6,306831359863281;6,255069255828857;0;0;100;10;0;
476,488;29,25;29,0892391204834;29,12017822265625;5,9375;6,306831359863281;6,255069255828857;0;0;100;10;0;
476,491;29,25;29,0892391204834;29,12017822265625;5,9375;6,306831359863281;6,255069255828857;0;0;100;10;0;
476,494;29,25;29,0892391204834;29,12017822265625;5,9375;6,306831359863281;6,255069255828857;0;0;100;10;0;
476,497;29,25;29,11179542541504;29,13434410095215;5,9375;6,3134684562683105;6,259408473968506;0;0;100;10;0;
476,501;29,25;29,11179542541504;29,13434410095215;5,9375;6,3134684562683105;6,259408473968506;0;0;100;10;0;
476,503;29,25;29,11179542541504;29,13434410095215;5,9375;6,3134684562683105;6,259408473968506;0;0;100;10;0;
476,506;29,25;29,113462448120117;29,13549041748047;5,9375;6,305419921875;6,252776145935059;0;0;100;10;0;
476,509;29,25;29,113462448120117;29,13549041748047;5,9375;6,305419921875;6,252776145935059;0;0;100;10;0;
476,512;29,25;29,113462448120117;29,13549041748047;5,9375;6,305419921875;6,252776145935059;0;0;100;10;0;
476,515;29,25;29,086877822875977;29,11859703063965;5,9375;6,2895660400390625;6,242215633392334;0;0;100;10;0;
476,518;29,25;29,086877822875977;29,11859703063965;5,9375;6,2895660400390625;6,242215633392334;0;0;100;10;0;
476,52;29,25;29,086877822875977;29,11859703063965;5,9375;6,2895660400390625;6,242215633392334;0;0;100;10;0;
476,523;29,25;29,086877822875977;29,11859703063965;5,9375;6,2895660400390625;6,242215633392334;0;0;100;10;0;
476,526;29,25;29,045654296875;29,092195510864258;5,9375;6,239182472229004;6,210027694702148;0;0;100;10;0;
476,529;29,25;29,045654296875;29,092195510864258;5,9375;6,239182472229004;6,210027694702148;0;0;100;10;0;
476,532;29,25;29,045654296875;29,092195510864258;5,9375;6,239182472229004;6,210027694702148;0;0;100;10;0;
476,535;29,25;29,082279205322266;29,115943908691406;5,9375;6,267344951629639;6,228733062744141;0;0;100;10;0;
476,538;29,25;29,082279205322266;29,115943908691406;5,9375;6,267344951629639;6,228733062744141;0;0;100;10;0;
476,541;29,25;29,082279205322266;29,115943908691406;5,9375;6,267344951629639;6,228733062744141;0;0;100;10;0;
476,544;29,25;29,082279205322266;29,115943908691406;5,9375;6,267344951629639;6,228733062744141;0;0;100;10;0;
476,548;29,25;29,05490493774414;29,097585678100586;5,9375;6,2522711753845215;6,218000888824463;0;0;100;10;0;
476,551;29,25;29,05490493774414;29,097585678100586;5,9375;6,2522711753845215;6,218000888824463;0;0;100;10;0;
476,554;29,25;29,05490493774414;29,097585678100586;5,9375;6,2522711753845215;6,218000888824463;0;0;100;10;0;
476,557;29,25;29,059858322143555;29,100746154785156;5,9375;6,245322227478027;6,212038040161133;0;0;100;10;0;
476,56;29,25;29,059858322143555;29,100746154785156;5,9375;6,245322227478027;6,212038040161133;0;0;100;10;0;
476,564;29,25;29,059858322143555;29,100746154785156;5,9375;6,245322227478027;6,212038040161133;0;0;100;10;0;
476,567;29,25;29,034366607666016;29,084671020507812;5,9375;6,209987163543701;6,19063138961792;0;0;100;10;0;
476,57;29,25;29,034366607666016;29,084671020507812;5,9375;6,209987163543701;6,19063138961792;0;0;100;10;0;
476,573;29,25;29,034366607666016;29,084671020507812;5,9375;6,209987163543701;6,19063138961792;0;0;100;10;0;
476,575;29,25;29,07878875732422;29,11454200744629;5,9375;6,250119209289551;6,215646266937256;0;0;100;10;0;
476,578;29,25;29,07878875732422;29,11454200744629;5,9375;6,250119209289551;6,215646266937256;0;0;100;10;0;
476,582;29,25;29,07878875732422;29,11454200744629;5,9375;6,250119209289551;6,215646266937256;0;0;100;10;0;
476,585;29,25;29,047208786010742;29,09362030029297;5,9375;6,217959403991699;6,193377494812012;0;0;100;10;0;
476,588;29,25;29,047208786010742;29,09362030029297;5,9375;6,217959403991699;6,193377494812012;0;0;100;10;0;
476,591;29,25;29,047208786010742;29,09362030029297;5,9375;6,217959403991699;6,193377494812012;0;0;100;10;0;
476,593;29,25;29,047208786010742;29,09362030029297;5,9375;6,217959403991699;6,193377494812012;0;0;100;10;0;
476,597;29,25;29,058563232421875;29,100807189941406;5,9375;6,235827445983887;6,2041120529174805;0;0;100;10;0;
476,6;29,25;29,058563232421875;29,100807189941406;5,9375;6,235827445983887;6,2041120529174805;0;0;100;10;0;
476,603;29,25;29,058563232421875;29,100807189941406;5,9375;6,235827445983887;6,2041120529174805;0;0;100;10;0;
476,606;29,25;29,021793365478516;29,076736450195312;5,9375;6,213019847869873;6,187699794769287;0;0;100;10;0;
476,609;29,25;29,021793365478516;29,076736450195312;5,9375;6,213019847869873;6,187699794769287;0;0;100;10;0;
476,612;29,25;29,021793365478516;29,076736450195312;5,9375;6,213019847869873;6,187699794769287;0;0;100;10;0;
476,615;29,25;29,064598083496094;29,105234146118164;5,9375;6,245670795440674;6,208413124084473;0;0;100;10;0;
476,618;29,25;29,064598083496094;29,105234146118164;5,9375;6,245670795440674;6,208413124084473;0;0;100;10;0;
476,62;29,25;29,064598083496094;29,105234146118164;5,9375;6,245670795440674;6,208413124084473;0;0;100;10;0;
476,623;29,25;29,064598083496094;29,105234146118164;5,9375;6,245670795440674;6,208413124084473;0;0;100;10;0;
476,626;29,25;29,0916805267334;29,122831344604492;5,9375;6,276974201202393;6,228152751922607;0;0;100;10;0;
476,629;29,25;29,0916805267334;29,122831344604492;5,9375;6,276974201202393;6,228152751922607;0;0;100;10;0;
476,632;29,25;29,0916805267334;29,122831344604492;5,9375;6,276974201202393;6,228152751922607;0;0;100;10;0;
476,635;29,25;29,07253646850586;29,109943389892578;5,9375;6,2712531089782715;6,22445011138916;0;0;100;10;0;
476,638;29,25;29,07253646850586;29,109943389892578;5,9375;6,2712531089782715;6,22445011138916;0;0;100;10;0;
476,64;29,25;29,07253646850586;29,109943389892578;5,9375;6,2712531089782715;6,22445011138916;0;0;100;10;0;
476,643;29,25;29,07253646850586;29,109943389892578;5,9375;6,2712531089782715;6,22445011138916;0;0;100;10;0;
476,646;29,25;29,047657012939453;29,09400177001953;5,9375;6,259068489074707;6,2167277336120605;0;0;100;10;0;
476,649;29,25;29,047657012939453;29,09400177001953;5,9375;6,259068489074707;6,2167277336120605;0;0;100;10;0;
476,653;29,25;29,047657012939453;29,09400177001953;5,9375;6,259068489074707;6,2167277336120605;0;0;100;10;0;
476,656;29,25;28,995433807373047;29,060386657714844;5,9375;6,215370178222656;6,188228130340576;0;0;100;10;0;
476,658;29,25;28,995433807373047;29,060386657714844;5,9375;6,215370178222656;6,188228130340576;0;0;100;10;0;
476,662;29,25;28,995433807373047;29,060386657714844;5,9375;6,215370178222656;6,188228130340576;0;0;100;10;0;
476,665;29,25;29,06066131591797;29,103654861450195;5,9375;6,270462512969971;6,224008083343506;0;0;100;10;0;
476,668;29,25;29,06066131591797;29,103654861450195;5,9375;6,270462512969971;6,224008083343506;0;0;100;10;0;
476,671;29,25;29,06066131591797;29,103654861450195;5,9375;6,270462512969971;6,224008083343506;0;0;100;10;0;
476,674;29,25;29,06066131591797;29,103654861450195;5,9375;6,270462512969971;6,224008083343506;0;0;100;10;0;
476,677;29,25;29,028331756591797;29,08161163330078;5,9375;6,228682994842529;6,195303916931152;0;0;100;10;0;
476,68;29,25;29,028331756591797;29,08161163330078;5,9375;6,228682994842529;6,195303916931152;0;0;100;10;0;
476,683;29,25;29,028331756591797;29,08161163330078;5,9375;6,228682994842529;6,195303916931152;0;0;100;10;0;
476,686;29,25;29,0335693359375;29,084461212158203;5,9375;6,227530479431152;6,193349361419678;0;0;100;10;0;
476,689;29,25;29,0335693359375;29,084461212158203;5,9375;6,227530479431152;6,193349361419678;0;0;100;10;0;
476,692;29,25;29,0335693359375;29,084461212158203;5,9375;6,227530479431152;6,193349361419678;0;0;100;10;0;
476,695;29,25;28,983184814453125;29,052438735961914;5,9375;6,2015790939331055;6,176533222198486;0;0;100;10;0;
476,699;29,25;28,983184814453125;29,052438735961914;5,9375;6,2015790939331055;6,176533222198486;0;0;100;10;0;
476,702;29,25;28,983184814453125;29,052438735961914;5,9375;6,2015790939331055;6,176533222198486;0;0;100;10;0;
476,705;29,25;29,05303192138672;29,098844528198242;5,9375;6,258200168609619;6,213702201843262;0;0;100;10;0;
476,708;29,25;29,05303192138672;29,098844528198242;5,9375;6,258200168609619;6,213702201843262;0;0;100;10;0;
476,711;29,25;29,05303192138672;29,098844528198242;5,9375;6,258200168609619;6,213702201843262;0;0;100;10;0;
476,714;29,25;29,05303192138672;29,098844528198242;5,9375;6,258200168609619;6,213702201843262;0;0;100;10;0;
476,717;29,25;29,003681182861328;29,0662899017334;5,9375;6,202079772949219;6,176177501678467;0;0;100;10;0;
476,72;29,25;29,003681182861328;29,0662899017334;5,9375;6,202079772949219;6,176177501678467;0;0;100;10;0;
476,722;29,25;29,003681182861328;29,0662899017334;5,9375;6,202079772949219;6,176177501678467;0;0;100;10;0;
476,725;29,25;29,003681182861328;29,0662899017334;5,9375;6,202079772949219;6,176177501678467;0;0;100;10;0;
476,727;29,25;29,012163162231445;29,071144104003906;5,9375;6,204269886016846;6,176558494567871;0;0;100;10;0;
476,73;29,25;29,012163162231445;29,071144104003906;5,9375;6,204269886016846;6,176558494567871;0;0;100;10;0;
476,733;29,25;29,012163162231445;29,071144104003906;5,9375;6,204269886016846;6,176558494567871;0;0;100;10;0;
476,736;29,25;28,96505355834961;29,040508270263672;5,9375;6,185487270355225;6,164264678955078;0;0;100;10;0;
476,739;29,25;28,96505355834961;29,040508270263672;5,9375;6,185487270355225;6,164264678955078;0;0;100;10;0;
476,742;29,25;28,96505355834961;29,040508270263672;5,9375;6,185487270355225;6,164264678955078;0;0;100;10;0;
476,745;29,25;29,02605438232422;29,040508270263672;5,9375;6,224652290344238;6,189180850982666;0;0;100;10;0;
476,748;29,25;29,02605438232422;29,08086585998535;5,9375;6,224652290344238;6,189180850982666;0;0;100;10;0;
476,752;29,25;29,02605438232422;29,08086585998535;5,9375;6,224652290344238;6,189180850982666;0;0;100;10;0;
476,755;29,25;29,066242218017578;29,08086585998535;5,9375;6,268651962280273;6,189180850982666;0;0;100;10;0;
476,758;29,25;29,066242218017578;29,10652732849121;5,9375;6,268651962280273;6,217841625213623;0;0;100;10;0;
476,761;29,25;29,066242218017578;29,10652732849121;5,9375;6,268651962280273;6,217841625213623;0;0;100;10;0;
476,765;29,25;29,066242218017578;29,10652732849121;5,9375;6,268651962280273;6,217841625213623;0;0;100;10;0;
476,768;29,25;29,05499267578125;29,098424911499023;5,9375;6,253607273101807;6,207353115081787;0;0;100;10;0;
476,771;29,25;29,05499267578125;29,098424911499023;5,9375;6,253607273101807;6,207353115081787;0;0;100;10;0;
476,774;29,25;29,05499267578125;29,098424911499023;5,9375;6,253607273101807;6,207353115081787;0;0;100;10;0;
476,777;29,25;29,03041648864746;29,082454681396484;5,9375;6,242228984832764;6,200283050537109;0;0;100;10;0;
476,78;29,25;29,03041648864746;29,082454681396484;5,9375;6,242228984832764;6,200283050537109;0;0;100;10;0;
476,783;29,25;29,03041648864746;29,082454681396484;5,9375;6,242228984832764;6,200283050537109;0;0;100;10;0;
476,786;29,25;29,095848083496094;29,125873565673828;5,9375;6,280655384063721;6,225138187408447;0;0;100;10;0;
476,788;29,25;29,095848083496094;29,125873565673828;5,9375;6,280655384063721;6,225138187408447;0;0;100;10;0;
476,791;29,25;29,095848083496094;29,125873565673828;5,9375;6,280655384063721;6,225138187408447;0;0;100;10;0;
476,794;29,25;29,095848083496094;29,125873565673828;5,9375;6,280655384063721;6,225138187408447;0;0;100;10;0;
476,797;29,25;29,16282081604004;29,170114517211914;6;6,354809761047363;6,273545265197754;0;0;100;10;0;
476,8;29,25;29,16282081604004;29,170114517211914;6;6,354809761047363;6,273545265197754;0;0;100;10;0;
476,803;29,25;29,16282081604004;29,170114517211914;6;6,354809761047363;6,273545265197754;0;0;100;10;0;
476,807;29,25;29,117515563964844;29,139360427856445;6;6,309594631195068;6,242467403411865;0;0;100;10;0;
476,81;29,25;29,117515563964844;29,139360427856445;6;6,309594631195068;6,242467403411865;0;0;100;10;0;
476,813;29,25;29,117515563964844;29,139360427856445;6;6,309594631195068;6,242467403411865;0;0;100;10;0;
476,816;29,25;29,12183952331543;29,141813278198242;6;6,305240154266357;6,238804817199707;0;0;100;10;0;
476,819;29,25;29,12183952331543;29,141813278198242;6;6,305240154266357;6,238804817199707;0;0;100;10;0;
476,821;29,25;29,12183952331543;29,141813278198242;6;6,305240154266357;6,238804817199707;0;0;100;10;0;
476,824;29,25;29,12183952331543;29,141813278198242;6;6,305240154266357;6,238804817199707;0;0;100;10;0;
476,826;29,25;29,0642032623291;29,10441017150879;6;6,255688667297363;6,206151962280273;0;0;100;10;0;
476,829;29,25;29,0642032623291;29,10441017150879;6;6,255688667297363;6,206151962280273;0;0;100;10;0;
476,832;29,25;29,0642032623291;29,10441017150879;6;6,255688667297363;6,206151962280273;0;0;100;10;0;
476,836;29,25;29,132326126098633;29,148685455322266;6;6,321903705596924;6,2498459815979;0;0;100;10;0;
476,838;29,25;29,132326126098633;29,148685455322266;6;6,321903705596924;6,2498459815979;0;0;100;10;0;
476,841;29,25;29,132326126098633;29,148685455322266;6;6,321903705596924;6,2498459815979;0;0;100;10;0;
476,844;29,25;29,132326126098633;29,148685455322266;6;6,321903705596924;6,2498459815979;0;0;100;10;0;
476,847;29,25;29,082313537597656;29,11648178100586;6;6,275588035583496;6,219790458679199;0;0;100;10;0;
476,85;29,25;29,082313537597656;29,11648178100586;6;6,275588035583496;6,219790458679199;0;0;100;10;0;
476,853;29,25;29,082313537597656;29,11648178100586;6;6,275588035583496;6,219790458679199;0;0;100;10;0;
476,857;29,25;29,100488662719727;29,128253936767578;6;6,279244422912598;6,222796440124512;0;0;100;10;0;
476,86;29,25;29,100488662719727;29,128253936767578;6;6,279244422912598;6,222796440124512;0;0;100;10;0;
476,863;29,25;29,100488662719727;29,128253936767578;6;6,279244422912598;6,222796440124512;0;0;100;10;0;
476,867;29,25;29,041410446166992;29,089540481567383;6;6,239284515380859;6,196874141693115;0;0;100;10;0;
476,87;29,25;29,041410446166992;29,089540481567383;6;6,239284515380859;6,196874141693115;0;0;100;10;0;
476,872;29,25;29,041410446166992;29,089540481567383;6;6,239284515380859;6,196874141693115;0;0;100;10;0;
476,875;29,25;29,12065887451172;29,14171600341797;6;6,305596828460693;6,240110397338867;0;0;100;10;0;
476,878;29,25;29,12065887451172;29,14171600341797;6;6,305596828460693;6,240110397338867;0;0;100;10;0;
476,881;29,25;29,12065887451172;29,14171600341797;6;6,305596828460693;6,240110397338867;0;0;100;10;0;
476,884;29,25;29,12065887451172;29,14171600341797;6;6,305596828460693;6,240110397338867;0;0;100;10;0;
476,887;29,25;29,155479431152344;29,162609100341797;6;6,3557047843933105;6,272034645080566;0;0;100;10;0;
476,89;29,25;29,155479431152344;29,162609100341797;6;6,3557047843933105;6,272034645080566;0;0;100;10;0;
476,893;29,25;29,155479431152344;29,162609100341797;6;6,3557047843933105;6,272034645080566;0;0;100;10;0;
476,896;29,25;29,15850257873535;29,16330909729004;6;6,318765163421631;6,24711799621582;0;0;100;10;0;
476,899;29,25;29,15850257873535;29,16330909729004;6;6,318765163421631;6,24711799621582;0;0;100;10;0;
476,902;29,25;29,15850257873535;29,16330909729004;6;6,318765163421631;6,24711799621582;0;0;100;10;0;
476,904;29,25;29,15850257873535;29,16330909729004;6;6,318765163421631;6,24711799621582;0;0;100;10;0;
476,908;29,25;29,11678695678711;29,13562774658203;6;6,295605659484863;6,232213020324707;0;0;100;10;0;
476,911;29,25;29,11678695678711;29,13562774658203;6;6,295605659484863;6,232213020324707;0;0;100;10;0;
476,914;29,25;29,11678695678711;29,13562774658203;6;6,295605659484863;6,232213020324707;0;0;100;10;0;
476,917;29,25;29,193483352661133;29,185970306396484;6;6,350874423980713;6,269536018371582;0;0;100;10;0;
476,92;29,25;29,193483352661133;29,185970306396484;6;6,350874423980713;6,269536018371582;0;0;100;10;0;
476,923;29,25;29,193483352661133;29,185970306396484;6;6,350874423980713;6,269536018371582;0;0;100;10;0;
476,925;29,25;29,254037857055664;29,185970306396484;6;6,416624069213867;6,313442230224609;0;0;100;10;0;
476,928;29,25;29,254037857055664;29,225374221801758;6;6,416624069213867;6,313442230224609;0;0;100;10;0;
476,932;29,25;29,254037857055664;29,225374221801758;6;6,416624069213867;6,313442230224609;0;0;100;10;0;
476,935;29,25;29,254037857055664;29,225374221801758;6;6,416624069213867;6,313442230224609;0;0;100;10;0;
476,937;29,25;29,224498748779297;29,205354690551758;6;6,366743564605713;6,28026819229126;0;0;100;10;0;
476,94;29,25;29,224498748779297;29,205354690551758;6;6,366743564605713;6,28026819229126;0;0;100;10;0;
476,943;29,25;29,224498748779297;29,205354690551758;6;6,366743564605713;6,28026819229126;0;0;100;10;0;
476,947;29,25;29,195947647094727;29,186054229736328;6;6,386724472045898;6,294548988342285;0;0;100;10;0;
476,95;29,25;29,195947647094727;29,186054229736328;6;6,386724472045898;6,294548988342285;0;0;100;10;0;
476,953;29,25;29,195947647094727;29,186054229736328;6;6,386724472045898;6,294548988342285;0;0;100;10;0;
476,956;29,25;29,13179588317871;29,14405632019043;6;6,320557117462158;6,2529802322387695;0;0;100;10;0;
476,96;29,25;29,13179588317871;29,14405632019043;6;6,320557117462158;6,2529802322387695;0;0;100;10;0;
476,963;29,25;29,13179588317871;29,14405632019043;6;6,320557117462158;6,2529802322387695;0;0;100;10;0;
476,966;29,25;29,203319549560547;29,190929412841797;6;6,3832268714904785;6,293663501739502;0;0;100;10;0;
476,969;29,25;29,203319549560547;29,190929412841797;6;6,3832268714904785;6,293663501739502;0;0;100;10;0;
476,972;29,25;29,203319549560547;29,190929412841797;6;6,3832268714904785;6,293663501739502;0;0;100;10;0;
476,975;29,25;29,203319549560547;29,190929412841797;6;6,3832268714904785;6,293663501739502;0;0;100;10;0;
476,978;29,25;29,154809951782227;29,15838623046875;6;6,315683841705322;6,249162197113037;0;0;100;10;0;
476,981;29,25;29,154809951782227;29,15838623046875;6;6,315683841705322;6,249162197113037;0;0;100;10;0;
476,984;29,25;29,154809951782227;29,15838623046875;6;6,315683841705322;6,249162197113037;0;0;100;10;0;
476,987;29,25;29,188013076782227;29,179515838623047;6;6,3207221031188965;6,253498077392578;0;0;100;10;0;
476,99;29,25;29,188013076782227;29,179515838623047;6;6,3207221031188965;6,253498077392578;0;0;100;10;0;
476,992;29,25;29,188013076782227;29,179515838623047;6;6,3207221031188965;6,253498077392578;0;0;100;10;0;
476,995;29,25;29,188013076782227;29,179515838623047;6;6,3207221031188965;6,253498077392578;0;0;100;10;0;
476,998;29,25;29,11838150024414;29,134292602539062;6;6,260181903839111;6,214282035827637;0;0;100;10;0;
477,002;29,25;29,11838150024414;29,134292602539062;6;6,260181903839111;6,214282035827637;0;0;100;10;0;
477,005;29,25;29,11838150024414;29,134292602539062;6;6,260181903839111;6,214282035827637;0;0;100;10;0;
477,007;29,25;29,051395416259766;29,091121673583984;6;6,198435306549072;6,17381477355957;0;0;100;10;0;
477,011;29,25;29,051395416259766;29,091121673583984;6;6,198435306549072;6,17381477355957;0;0;100;10;0;
477,014;29,25;29,051395416259766;29,091121673583984;6;6,198435306549072;6,17381477355957;0;0;100;10;0;
477,017;29,25;29,13123321533203;29,143539428710938;6;6,272134780883789;6,221412658691406;0;0;100;10;0;
477,02;29,25;29,13123321533203;29,143539428710938;6;6,272134780883789;6,221412658691406;0;0;100;10;0;
477,023;29,25;29,13123321533203;29,143539428710938;6;6,272134780883789;6,221412658691406;0;0;100;10;0;
477,025;29,25;29,13123321533203;29,143539428710938;6;6,272134780883789;6,221412658691406;0;0;100;10;0;
477,028;29,25;29,07040023803711;29,103477478027344;6;6,213841438293457;6,182749271392822;0;0;100;10;0;
477,031;29,25;29,07040023803711;29,103477478027344;6;6,213841438293457;6,182749271392822;0;0;100;10;0;
477,034;29,25;29,07040023803711;29,103477478027344;6;6,213841438293457;6,182749271392822;0;0;100;10;0;
477,036;29,25;29,089155197143555;29,114864349365234;6;6,184978485107422;6,1649580001831055;0;0;100;10;0;
477,039;29,25;29,089155197143555;29,114864349365234;6;6,184978485107422;6,1649580001831055;0;0;100;10;0;
477,042;29,25;29,089155197143555;29,114864349365234;6;6,184978485107422;6,1649580001831055;0;0;100;10;0;
477,045;29,25;29,089155197143555;29,114864349365234;6;6,184978485107422;6,1649580001831055;0;0;100;10;0;
477,048;29,25;29,034183502197266;29,07954978942871;6;6,148096561431885;6,141516208648682;0;0;100;10;0;
477,051;29,25;29,034183502197266;29,07954978942871;6;6,148096561431885;6,141516208648682;0;0;100;10;0;
477,054;29,25;29,034183502197266;29,07954978942871;6;6,148096561431885;6,141516208648682;0;0;100;10;0;
477,057;29,25;29,1098690032959;29,128332138061523;6;6,211443901062012;6,182681083679199;0;0;100;10;0;
477,059;29,25;29,1098690032959;29,128332138061523;6;6,211443901062012;6,182681083679199;0;0;100;10;0;
477,063;29,25;29,1098690032959;29,128332138061523;6;6,211443901062012;6,182681083679199;0;0;100;10;0;
477,066;29,25;29,1592960357666;29,16005516052246;6;6,274806499481201;6,224399566650391;0;0;100;10;0;
477,069;29,25;29,1592960357666;29,16005516052246;6;6,274806499481201;6,224399566650391;0;0;100;10;0;
477,072;29,25;29,1592960357666;29,16005516052246;6;6,274806499481201;6,224399566650391;0;0;100;10;0;
477,075;29,25;29,1592960357666;29,16005516052246;6;6,274806499481201;6,224399566650391;0;0;100;10;0;
477,078;29,25;29,152074813842773;29,15462875366211;6;6,237702369689941;6,201182842254639;0;0;100;10;0;
477,081;29,25;29,152074813842773;29,15462875366211;6;6,237702369689941;6,201182842254639;0;0;100;10;0;
477,084;29,25;29,152074813842773;29,15462875366211;6;6,237702369689941;6,201182842254639;0;0;100;10;0;
477,087;29,25;29,118871688842773;29,132793426513672;6;6,237180233001709;6,20123291015625;0;0;100;10;0;
477,09;29,25;29,118871688842773;29,132793426513672;6;6,237180233001709;6,20123291015625;0;0;100;10;0;
477,093;29,25;29,118871688842773;29,132793426513672;6;6,237180233001709;6,20123291015625;0;0;100;10;0;
477,096;29,25;29,118871688842773;29,132793426513672;6;6,237180233001709;6,20123291015625;0;0;100;10;0;
477,099;29,25;29,06043243408203;29,094383239746094;6;6,167149066925049;6,156185626983643;0;0;100;10;0;
477,102;29,25;29,06043243408203;29,094383239746094;6;6,167149066925049;6,156185626983643;0;0;100;10;0;
477,105;29,25;29,06043243408203;29,094383239746094;6;6,167149066925049;6,156185626983643;0;0;100;10;0;
477,107;29,25;29,116931915283203;29,131072998046875;6;6,245673179626465;6,207757949829102;0;0;100;10;0;
477,11;29,25;29,116931915283203;29,131072998046875;6;6,245673179626465;6,207757949829102;0;0;100;10;0;
477,114;29,25;29,116931915283203;29,131072998046875;6;6,245673179626465;6,207757949829102;0;0;100;10;0;
477,117;29,25;29,094242095947266;29,115673065185547;6;6,199259281158447;6,1783623695373535;0;0;100;10;0;
477,12;29,25;29,094242095947266;29,115673065185547;6;6,199259281158447;6,1783623695373535;0;0;100;10;0;
477,123;29,25;29,094242095947266;29,115673065185547;6;6,199259281158447;6,1783623695373535;0;0;100;10;0;
477,126;29,25;29,094242095947266;29,115673065185547;6;6,199259281158447;6,1783623695373535;0;0;100;10;0;
477,128;29,25;29,143310546875;29,147525787353516;6;6,221977710723877;6,194540500640869;0;0;100;10;0;
477,131;29,25;29,143310546875;29,147525787353516;6;6,221977710723877;6,194540500640869;0;0;100;10;0;
477,134;29,25;29,143310546875;29,147525787353516;6;6,221977710723877;6,194540500640869;0;0;100;10;0;
477,137;29,25;29,072555541992188;29,101774215698242;6;6,165425777435303;6,157186508178711;0;0;100;10;0;
477,139;29,25;29,072555541992188;29,101774215698242;6;6,165425777435303;6,157186508178711;0;0;100;10;0;
477,142;29,25;29,072555541992188;29,101774215698242;6;6,165425777435303;6,157186508178711;0;0;100;10;0;
477,145;29,25;29,072555541992188;29,101774215698242;6;6,165425777435303;6,157186508178711;0;0;100;10;0;
477,148;29,25;29,135414123535156;29,142126083374023;6;6,251235485076904;6,2127156257629395;0;0;100;10;0;
477,152;29,25;29,135414123535156;29,142126083374023;6;6,251235485076904;6,2127156257629395;0;0;100;10;0;
477,155;29,25;29,135414123535156;29,142126083374023;6;6,251235485076904;6,2127156257629395;0;0;100;10;0;
477,158;29,25;29,10148811340332;29,119606018066406;6;6,184664249420166;6,169101238250732;0;0;100;10;0;
477,161;29,25;29,10148811340332;29,119606018066406;6;6,184664249420166;6,169101238250732;0;0;100;10;0;
477,164;29,25;29,10148811340332;29,119606018066406;6;6,184664249420166;6,169101238250732;0;0;100;10;0;
477,168;29,25;29,147127151489258;29,15022087097168;6;6,186802387237549;6,171909809112549;0;0;100;10;0;
477,171;29,25;29,147127151489258;29,15022087097168;6;6,186802387237549;6,171909809112549;0;0;100;10;0;
477,174;29,25;29,147127151489258;29,15022087097168;6;6,186802387237549;6,171909809112549;0;0;100;10;0;
477,177;29,25;29,07932472229004;29,105995178222656;6;6,146892547607422;6,146387577056885;0;0;100;10;0;
477,18;29,25;29,07932472229004;29,105995178222656;6;6,146892547607422;6,146387577056885;0;0;100;10;0;
477,183;29,25;29,07932472229004;29,105995178222656;6;6,146892547607422;6,146387577056885;0;0;100;10;0;
477,186;29,25;29,07932472229004;29,105995178222656;6;6,146892547607422;6,146387577056885;0;0;100;10;0;
477,189;29,25;29,14554214477539;29,148483276367188;6;6,207205295562744;6,185116767883301;0;0;100;10;0;
477,191;29,25;29,14554214477539;29,148483276367188;6;6,207205295562744;6,185116767883301;0;0;100;10;0;
477,195;29,25;29,14554214477539;29,148483276367188;6;6,207205295562744;6,185116767883301;0;0;100;10;0;
477,197;29,25;29,161832809448242;29,15794563293457;6;6,273406982421875;6,228077411651611;0;0;100;10;0;
477,201;29,25;29,161832809448242;29,15794563293457;6;6,273406982421875;6,228077411651611;0;0;100;10;0;
477,204;29,25;29,161832809448242;29,15794563293457;6;6,273406982421875;6,228077411651611;0;0;100;10;0;
477,207;29,25;29,181684494018555;29,170881271362305;6;6,249959468841553;6,213616371154785;0;0;100;10;0;
477,211;29,25;29,181684494018555;29,170881271362305;6;6,249959468841553;6,213616371154785;0;0;100;10;0;
477,214;29,25;29,181684494018555;29,170881271362305;6;6,249959468841553;6,213616371154785;0;0;100;10;0;
477,217;29,25;29,13338851928711;29,139219284057617;6;6,227652072906494;6,200450420379639;0;0;100;10;0;
477,22;29,25;29,13338851928711;29,139219284057617;6;6,227652072906494;6,200450420379639;0;0;100;10;0;
477,223;29,25;29,13338851928711;29,139219284057617;6;6,227652072906494;6,200450420379639;0;0;100;10;0;
477,225;29,25;29,13338851928711;29,139219284057617;6;6,227652072906494;6,200450420379639;0;0;100;10;0;
477,228;29,25;29,072092056274414;29,09968376159668;6;6,163583278656006;6,159002780914307;0;0;100;10;0;
477,231;29,25;29,072092056274414;29,09968376159668;6;6,163583278656006;6,159002780914307;0;0;100;10;0;
477,234;29,25;29,072092056274414;29,09968376159668;6;6,163583278656006;6,159002780914307;0;0;100;10;0;
477,237;29,25;29,072092056274414;29,09968376159668;6;6,163583278656006;6,159002780914307;0;0;100;10;0;
477,239;29,25;29,099422454833984;29,117406845092773;6;6,238795757293701;6,20736026763916;0;0;100;10;0;
477,243;29,25;29,099422454833984;29,117406845092773;6;6,238795757293701;6,20736026763916;0;0;100;10;0;
477,246;29,25;29,099422454833984;29,117406845092773;6;6,238795757293701;6,20736026763916;0;0;100;10;0;
477,249;29,25;29,098289489746094;29,116748809814453;6;6,206782341003418;6,186134338378906;0;0;100;10;0;
477,252;29,25;29,098289489746094;29,116748809814453;6;6,206782341003418;6,186134338378906;0;0;100;10;0;
477,255;29,25;29,098289489746094;29,116748809814453;6;6,206782341003418;6,186134338378906;0;0;100;10;0;
477,257;29,25;29,06000518798828;29,09182357788086;6;6,208588123321533;6,18848180770874;0;0;100;10;0;
477,26;29,25;29,06000518798828;29,09182357788086;6;6,208588123321533;6,18848180770874;0;0;100;10;0;
477,262;29,25;29,06000518798828;29,09182357788086;6;6,208588123321533;6,18848180770874;0;0;100;10;0;
477,265;29,25;29,06000518798828;29,09182357788086;6;6,208588123321533;6,18848180770874;0;0;100;10;0;
477,269;29,25;29,002458572387695;29,054208755493164;6;6,141490459442139;6,144835948944092;0;0;100;10;0;
477,272;29,25;29,002458572387695;29,054208755493164;6;6,141490459442139;6,144835948944092;0;0;100;10;0;
477,275;29,25;29,002458572387695;29,054208755493164;6;6,141490459442139;6,144835948944092;0;0;100;10;0;
477,278;29,25;29,054563522338867;29,08766746520996;6;6,213429927825928;6,1913580894470215;0;0;100;10;0;
477,281;29,25;29,054563522338867;29,08766746520996;6;6,213429927825928;6,1913580894470215;0;0;100;10;0;
477,284;29,25;29,054563522338867;29,08766746520996;6;6,213429927825928;6,1913580894470215;0;0;100;10;0;
477,287;29,25;29,031837463378906;29,08766746520996;6;6,1601691246032715;6,157086372375488;0;0;100;10;0;
477,29;29,25;29,031837463378906;29,071807861328125;6;6,1601691246032715;6,157086372375488;0;0;100;10;0;
477,293;29,25;29,031837463378906;29,071807861328125;6;6,1601691246032715;6,157086372375488;0;0;100;10;0;
477,295;29,25;29,031837463378906;29,071807861328125;6;6,1601691246032715;6,157086372375488;0;0;100;10;0;
477,299;29,25;29,07267951965332;29,097633361816406;6;6,17414665222168;6,167977809906006;0;0;100;10;0;
477,302;29,25;29,07267951965332;29,097633361816406;6;6,17414665222168;6,167977809906006;0;0;100;10;0;
477,305;29,25;29,07267951965332;29,097633361816406;6;6,17414665222168;6,167977809906006;0;0;100;10;0;
477,308;29,25;29,010814666748047;29,0576229095459;6;6,133055686950684;6,142223834991455;0;0;100;10;0;
477,31;29,25;29,010814666748047;29,0576229095459;6;6,133055686950684;6,142223834991455;0;0;100;10;0;
477,314;29,25;29,010814666748047;29,0576229095459;6;6,133055686950684;6,142223834991455;0;0;100;10;0;
477,317;29,25;29,010814666748047;29,0576229095459;6;6,133055686950684;6,142223834991455;0;0;100;10;0;
477,32;29,25;29,071975708007812;29,09750747680664;6;6,220993995666504;6,199952125549316;0;0;100;10;0;
477,322;29,25;29,071975708007812;29,09750747680664;6;6,220993995666504;6,199952125549316;0;0;100;10;0;
477,325;29,25;29,071975708007812;29,09750747680664;6;6,220993995666504;6,199952125549316;0;0;100;10;0;
477,328;29,25;29,072486877441406;29,097694396972656;6;6,2613983154296875;6,225919723510742;0;0;100;10;0;
477,331;29,25;29,072486877441406;29,097694396972656;6;6,2613983154296875;6,225919723510742;0;0;100;10;0;
477,333;29,25;29,072486877441406;29,097694396972656;6;6,2613983154296875;6,225919723510742;0;0;100;10;0;
477,336;29,25;29,072486877441406;29,097694396972656;6;6,2613983154296875;6,225919723510742;0;0;100;10;0;
477,339;29,25;29,10837173461914;29,120573043823242;6;6,24778938293457;6,216311931610107;0;0;100;10;0;
477,342;29,25;29,10837173461914;29,120573043823242;6;6,24778938293457;6,216311931610107;0;0;100;10;0;
477,344;29,25;29,10837173461914;29,120573043823242;6;6,24778938293457;6,216311931610107;0;0;100;10;0;
477,348;29,25;29,056814193725586;29,08681297302246;6;6,214284896850586;6,194080352783203;0;0;100;10;0;
477,351;29,25;29,056814193725586;29,08681297302246;6;6,214284896850586;6,194080352783203;0;0;100;10;0;
477,354;29,25;29,056814193725586;29,08681297302246;6;6,214284896850586;6,194080352783203;0;0;100;10;0;
477,357;29,25;29,056814193725586;29,08681297302246;6;6,214284896850586;6,194080352783203;0;0;100;10;0;
477,36;29,25;29,015106201171875;29,059104919433594;6;6,137484073638916;6,143128871917725;0;0;100;10;0;
477,363;29,25;29,015106201171875;29,059104919433594;6;6,137484073638916;6,143128871917725;0;0;100;10;0;
477,366;29,25;29,015106201171875;29,059104919433594;6;6,137484073638916;6,143128871917725;0;0;100;10;0;
477,37;29,25;29,016618728637695;29,060195922851562;6;6,204087734222412;6,186549663543701;0;0;100;10;0;
477,373;29,25;29,016618728637695;29,060195922851562;6;6,204087734222412;6,186549663543701;0;0;100;10;0;
477,376;29,25;29,016618728637695;29,060195922851562;6;6,204087734222412;6,186549663543701;0;0;100;10;0;
477,379;29,25;29,04044532775879;29,07586669921875;6;6,184510707855225;6,173673152923584;0;0;100;10;0;
477,382;29,25;29,04044532775879;29,07586669921875;6;6,184510707855225;6,173673152923584;0;0;100;10;0;
477,385;29,25;29,04044532775879;29,07586669921875;6;6,184510707855225;6,173673152923584;0;0;100;10;0;
477,388;29,1875;28,97907066345215;29,035446166992188;6;6,175105571746826;6,168850898742676;0;0;100;10;0;
477,391;29,1875;28,97907066345215;29,035446166992188;6;6,175105571746826;6,168850898742676;0;0;100;10;0;
477,394;29,1875;28,97907066345215;29,035446166992188;6;6,175105571746826;6,168850898742676;0;0;100;10;0;
477,397;29,1875;28,97907066345215;29,035446166992188;6;6,175105571746826;6,168850898742676;0;0;100;10;0;
477,4;29,1875;28,936189651489258;29,00687026977539;6;6,103321552276611;6,122114181518555;0;0;100;10;0;
477,403;29,1875;28,936189651489258;29,00687026977539;6;6,103321552276611;6,122114181518555;0;0;100;10;0;
477,405;29,1875;28,936189651489258;29,00687026977539;6;6,103321552276611;6,122114181518555;0;0;100;10;0;
477,408;29,1875;28,977148056030273;29,033479690551758;6;6,189088821411133;6,177326202392578;0;0;100;10;0;
477,411;29,1875;28,977148056030273;29,033479690551758;6;6,189088821411133;6,177326202392578;0;0;100;10;0;
477,414;29,1875;28,977148056030273;29,033479690551758;6;6,189088821411133;6,177326202392578;0;0;100;10;0;
477,417;29,1875;28,977148056030273;29,033479690551758;6;6,189088821411133;6,177326202392578;0;0;100;10;0;
477,42;29,1875;28,98780632019043;29,038738250732422;6;6,1454596519470215;6,148519039154053;0;0;100;10;0;
477,423;29,1875;28,98780632019043;29,038738250732422;6;6,1454596519470215;6,148519039154053;0;0;100;10;0;
477,426;29,1875;28,98780632019043;29,038738250732422;6;6,1454596519470215;6,148519039154053;0;0;100;10;0;
477,429;29,1875;29,035676956176758;29,068321228027344;6;6,16711950302124;6,162367820739746;0;0;100;10;0;
477,432;29,1875;29,035676956176758;29,068321228027344;6;6,16711950302124;6,162367820739746;0;0;100;10;0;
477,435;29,1875;29,035676956176758;29,068321228027344;6;6,16711950302124;6,162367820739746;0;0;100;10;0;
477,437;29,1875;28,982141494750977;29,03384017944336;6;6,113492012023926;6,127910137176514;0;0;100;10;0;
477,44;29,1875;28,982141494750977;29,03384017944336;6;6,113492012023926;6,127910137176514;0;0;100;10;0;
477,443;29,1875;28,982141494750977;29,03384017944336;6;6,113492012023926;6,127910137176514;0;0;100;10;0;
477,447;29,1875;28,982141494750977;29,03384017944336;6;6,113492012023926;6,127910137176514;0;0;100;10;0;
477,451;29,1875;29,019550323486328;29,058496475219727;6;6,190108776092529;6,177990913391113;0;0;100;10;0;
477,453;29,1875;29,019550323486328;29,058496475219727;6;6,190108776092529;6,177990913391113;0;0;100;10;0;
477,456;29,1875;29,019550323486328;29,058496475219727;6;6,190108776092529;6,177990913391113;0;0;100;10;0;
477,459;29,1875;28,987428665161133;29,037439346313477;6;6,214827060699463;6,193831443786621;0;0;100;10;0;
477,461;29,1875;28,987428665161133;29,037439346313477;6;6,214827060699463;6,193831443786621;0;0;100;10;0;
477,464;29,1875;28,987428665161133;29,037439346313477;6;6,214827060699463;6,193831443786621;0;0;100;10;0;
477,468;29,1875;29,05095100402832;29,078523635864258;6;6,238095760345459;6,209181785583496;0;0;100;10;0;
477,471;29,1875;29,05095100402832;29,078523635864258;6;6,238095760345459;6,209181785583496;0;0;100;10;0;
477,474;29,1875;29,05095100402832;29,078523635864258;6;6,238095760345459;6,209181785583496;0;0;100;10;0;
477,478;29,1875;29,05095100402832;29,078523635864258;6;6,238095760345459;6,209181785583496;0;0;100;10;0;
477,481;29,1875;28,992374420166016;29,039697647094727;6;6,191647529602051;6,18051815032959;0;0;100;10;0;
477,484;29,1875;28,992374420166016;29,039697647094727;6;6,191647529602051;6,18051815032959;0;0;100;10;0;
477,487;29,1875;28,992374420166016;29,039697647094727;6;6,191647529602051;6,18051815032959;0;0;100;10;0;
477,49;29,1875;28,975730895996094;29,028812408447266;6;6,114748954772949;6,1300129890441895;0;0;100;10;0;
477,493;29,1875;28,975730895996094;29,028812408447266;6;6,114748954772949;6,1300129890441895;0;0;100;10;0;
477,496;29,1875;28,975730895996094;29,028812408447266;6;6,114748954772949;6,1300129890441895;0;0;100;10;0;
477,499;29,1875;28,94975471496582;29,011030197143555;6;6,167110919952393;6,163471221923828;0;0;100;10;0;
477,502;29,1875;28,94975471496582;29,011030197143555;6;6,167110919952393;6,163471221923828;0;0;100;10;0;
477,505;29,1875;28,94975471496582;29,011030197143555;6;6,167110919952393;6,163471221923828;0;0;100;10;0;
477,507;29,1875;28,94975471496582;29,011030197143555;6;6,167110919952393;6,163471221923828;0;0;100;10;0;
477,51;29,1875;29,005863189697266;29,047386169433594;6;6,180473804473877;6,173768043518066;0;0;100;10;0;
477,513;29,1875;29,005863189697266;29,047386169433594;6;6,180473804473877;6,173768043518066;0;0;100;10;0;
477,516;29,1875;29,005863189697266;29,047386169433594;6;6,180473804473877;6,173768043518066;0;0;100;10;0;
477,519;29,1875;28,940603256225586;29,005077362060547;6;6,148297309875488;6,153971195220947;0;0;100;10;0;
477,522;29,1875;28,940603256225586;29,005077362060547;6;6,148297309875488;6,153971195220947;0;0;100;10;0;
477,525;29,1875;28,940603256225586;29,005077362060547;6;6,148297309875488;6,153971195220947;0;0;100;10;0;
477,528;29,1875;28,915159225463867;28,988759994506836;6;6,0787529945373535;6,109720706939697;0;0;100;10;0;
477,531;29,1875;28,915159225463867;28,988759994506836;6;6,0787529945373535;6,109720706939697;0;0;100;10;0;
477,534;29,1875;28,915159225463867;28,988759994506836;6;6,0787529945373535;6,109720706939697;0;0;100;10;0;
477,537;29,1875;28,915159225463867;28,988759994506836;6;6,0787529945373535;6,109720706939697;0;0;100;10;0;
477,54;29,1875;28,934412002563477;29,000791549682617;6;6,141119956970215;6,150413513183594;0;0;100;10;0;
477,542;29,1875;28,934412002563477;29,000791549682617;6;6,141119956970215;6,150413513183594;0;0;100;10;0;
477,546;29,1875;28,934412002563477;29,000791549682617;6;6,141119956970215;6,150413513183594;0;0;100;10;0;
477,55;29,1875;28,960304260253906;29,016313552856445;6;6,122854232788086;6,138275146484375;0;0;100;10;0;
477,553;29,1875;28,960304260253906;29,016313552856445;6;6,122854232788086;6,138275146484375;0;0;100;10;0;
477,556;29,1875;28,960304260253906;29,016313552856445;6;6,122854232788086;6,138275146484375;0;0;100;10;0;
477,558;29,1875;29,010618209838867;29,04895782470703;6;6,1772990226745605;6,174755573272705;0;0;100;10;0;
477,561;29,1875;29,010618209838867;29,04895782470703;6;6,1772990226745605;6,174755573272705;0;0;100;10;0;
477,565;29,1875;29,010618209838867;29,04895782470703;6;6,1772990226745605;6,174755573272705;0;0;100;10;0;
477,568;29,1875;29,010618209838867;29,04895782470703;6;6,1772990226745605;6,174755573272705;0;0;100;10;0;
477,571;29,1875;28,97146224975586;29,023408889770508;6;6,116474151611328;6,135193824768066;0;0;100;10;0;
477,574;29,1875;28,97146224975586;29,023408889770508;6;6,116474151611328;6,135193824768066;0;0;100;10;0;
477,577;29,1875;28,98765754699707;29,03401756286621;6;6,193731307983398;6,185858726501465;0;0;100;10;0;
477,58;29,1875;28,98765754699707;29,03401756286621;6;6,193731307983398;6,185858726501465;0;0;100;10;0;
477,583;29,1875;28,98765754699707;29,03401756286621;6;6,193731307983398;6,185858726501465;0;0;100;10;0;
477,586;29,1875;28,98765754699707;29,03401756286621;6;6,193731307983398;6,185858726501465;0;0;100;10;0;
477,589;29,1875;28,931568145751953;28,99648094177246;6;6,185492038726807;6,18148946762085;0;0;100;10;0;
477,592;29,1875;28,931568145751953;28,99648094177246;6;6,185492038726807;6,18148946762085;0;0;100;10;0;
477,595;29,1875;28,931568145751953;28,99648094177246;6;6,185492038726807;6,18148946762085;0;0;100;10;0;
477,598;29,1875;28,9942626953125;29,036558151245117;6;6,223574638366699;6,207371234893799;0;0;100;10;0;
477,601;29,1875;28,9942626953125;29,036558151245117;6;6,223574638366699;6,207371234893799;0;0;100;10;0;
477,604;29,1875;28,9942626953125;29,036558151245117;6;6,223574638366699;6,207371234893799;0;0;100;10;0;
477,606;29,1875;28,9942626953125;29,036558151245117;6;6,223574638366699;6,207371234893799;0;0;100;10;0;
477,609;29,1875;28,955839157104492;29,01091957092285;6;6,157924175262451;6,165245532989502;0;0;100;10;0;
477,612;29,1875;28,955839157104492;29,01091957092285;6;6,157924175262451;6,165245532989502;0;0;100;10;0;
477,615;29,1875;28,955839157104492;29,01091957092285;6;6,157924175262451;6,165245532989502;0;0;100;10;0;
477,618;29,1875;28,955839157104492;29,01091957092285;6;6,157924175262451;6,165245532989502;0;0;100;10;0;
477,62;29,1875;28,994184494018555;29,036211013793945;6;6,249048709869385;6,224771499633789;0;0;100;10;0;
477,623;29,1875;28,994184494018555;29,036211013793945;6;6,249048709869385;6,224771499633789;0;0;100;10;0;
477,626;29,1875;28,962690353393555;29,01494789123535;6;6,264540672302246;6,234884262084961;0;0;100;10;0;
477,629;29,1875;28,962690353393555;29,01494789123535;6;6,264540672302246;6,234884262084961;0;0;100;10;0;
477,632;29,1875;28,962690353393555;29,01494789123535;6;6,264540672302246;6,234884262084961;0;0;100;10;0;
477,635;29,1875;28,962690353393555;29,01494789123535;6;6,264540672302246;6,234884262084961;0;0;100;10;0;
477,638;29,1875;28,962690353393555;29,01494789123535;6;6,264540672302246;6,234884262084961;0;0;100;10;0;
477,641;29,1875;29,016260147094727;29,049551010131836;6;6,277011871337891;6,2423014640808105;0;0;100;10;0;
477,643;29,1875;29,016260147094727;29,049551010131836;6;6,277011871337891;6,2423014640808105;0;0;100;10;0;
477,647;29,1875;29,016260147094727;29,049551010131836;6;6,277011871337891;6,2423014640808105;0;0;100;10;0;
477,651;29,1875;28,959732055664062;29,012292861938477;6;6,228387832641602;6,211382865905762;0;0;100;10;0;
477,654;29,1875;28,959732055664062;29,012292861938477;6;6,228387832641602;6,211382865905762;0;0;100;10;0;
477,656;29,1875;28,959732055664062;29,012292861938477;6;6,228387832641602;6,211382865905762;0;0;100;10;0;
477,659;29,1875;28,944095611572266;29,0019474029541;6;6,163889408111572;6,170098304748535;0;0;100;10;0;
477,662;29,1875;28,944095611572266;29,0019474029541;6;6,163889408111572;6,170098304748535;0;0;100;10;0;
477,665;29,1875;28,944095611572266;29,0019474029541;6;6,163889408111572;6,170098304748535;0;0;100;10;0;
477,669;29,1875;28,944095611572266;29,0019474029541;6;6,163889408111572;6,170098304748535;0;0;100;10;0;
477,671;29,1875;28,93739128112793;28,99748420715332;6;6,205198764801025;6,196113109588623;0;0;100;10;0;
477,675;29,1875;28,93739128112793;28,99748420715332;6;6,205198764801025;6,196113109588623;0;0;100;10;0;
477,678;29,1875;28,978124618530273;29,023540496826172;6;6,194056510925293;6,188547134399414;0;0;100;10;0;
477,681;29,1875;28,978124618530273;29,023540496826172;6;6,194056510925293;6,188547134399414;0;0;100;10;0;
477,684;29,1875;28,978124618530273;29,023540496826172;6;6,194056510925293;6,188547134399414;0;0;100;10;0;
477,688;29,1875;28,978124618530273;29,023540496826172;6;6,194056510925293;6,188547134399414;0;0;100;10;0;
477,69;29,1875;29,025405883789062;29,05438804626465;6;6,27013635635376;6,238147735595703;0;0;100;10;0;
477,693;29,1875;29,025405883789062;29,05438804626465;6;6,27013635635376;6,238147735595703;0;0;100;10;0;
477,696;29,1875;29,025405883789062;29,05438804626465;6;6,27013635635376;6,238147735595703;0;0;100;10;0;
477,7;29,1875;29,00176239013672;29,03840446472168;6;6,180271625518799;6,179802894592285;0;0;100;10;0;
477,703;29,1875;29,00176239013672;29,03840446472168;6;6,180271625518799;6,179802894592285;0;0;100;10;0;
477,705;29,1875;29,00176239013672;29,03840446472168;6;6,180271625518799;6,179802894592285;0;0;100;10;0;
477,708;29,1875;29,00176239013672;29,03840446472168;6;6,180271625518799;6,179802894592285;0;0;100;10;0;
477,711;29,1875;29,00356674194336;29,03968620300293;6;6,2456488609313965;6,223206996917725;0;0;100;10;0;
477,713;29,1875;29,00356674194336;29,03968620300293;6;6,2456488609313965;6,223206996917725;0;0;100;10;0;
477,717;29,1875;29,00356674194336;29,03968620300293;6;6,2456488609313965;6,223206996917725;0;0;100;10;0;
477,719;29,1875;28,939210891723633;28,997713088989258;6;6,230081081390381;6,212026119232178;0;0;100;10;0;
477,722;29,1875;28,939210891723633;28,997713088989258;6;6,230081081390381;6,212026119232178;0;0;100;10;0;
477,725;29,1875;28,939210891723633;28,997713088989258;6;6,230081081390381;6,212026119232178;0;0;100;10;0;
477,728;29,1875;29,001304626464844;29,038156509399414;6;6,271817684173584;6,239538669586182;0;0;100;10;0;
477,732;29,1875;29,001304626464844;29,038156509399414;6;6,271817684173584;6,239538669586182;0;0;100;10;0;
477,735;29,1875;29,001304626464844;29,038156509399414;6;6,271817684173584;6,239538669586182;0;0;100;10;0;
477,738;29,1875;29,001304626464844;29,038156509399414;6;6,271817684173584;6,239538669586182;0;0;100;10;0;
477,741;29,1875;28,96221923828125;29,012432098388672;6;6,18563175201416;6,184009075164795;0;0;100;10;0;
477,744;29,1875;28,96221923828125;29,012432098388672;6;6,18563175201416;6,184009075164795;0;0;100;10;0;
477,747;29,1875;28,96221923828125;29,012432098388672;6;6,18563175201416;6,184009075164795;0;0;100;10;0;
477,75;29,1875;28,995197296142578;29,034137725830078;6;6,274169445037842;6,241989612579346;0;0;100;10;0;
477,753;29,1875;28,995197296142578;29,034137725830078;6;6,274169445037842;6,241989612579346;0;0;100;10;0;
477,756;29,1875;28,995197296142578;29,034137725830078;6;6,274169445037842;6,241989612579346;0;0;100;10;0;
477,759;29,1875;28,952150344848633;29,006166458129883;6;6,278589248657227;6,244597434997559;0;0;100;10;0;
477,762;29,1875;28,952150344848633;29,006166458129883;6;6,278589248657227;6,244597434997559;0;0;100;10;0;
477,765;29,1875;28,952150344848633;29,006166458129883;6;6,278589248657227;6,244597434997559;0;0;100;10;0;
477,769;29,1875;28,952150344848633;29,006166458129883;6;6,278589248657227;6,244597434997559;0;0;100;10;0;
477,771;29,1875;29,00304412841797;29,039012908935547;6;6,317418098449707;6,270951271057129;0;0;100;10;0;
477,774;29,1875;29,00304412841797;29,039012908935547;6;6,317418098449707;6,270951271057129;0;0;100;10;0;
477,777;29,1875;28,94733238220215;29,002059936523438;6;6,2590651512146;6,234071254730225;0;0;100;10;0;
477,781;29,1875;28,94733238220215;29,002059936523438;6;6,2590651512146;6,234071254730225;0;0;100;10;0;
477,784;29,1875;28,94733238220215;29,002059936523438;6;6,2590651512146;6,234071254730225;0;0;100;10;0;
477,787;29,1875;28,94733238220215;29,002059936523438;6;6,2590651512146;6,234071254730225;0;0;100;10;0;
477,79;29,1875;28,94426727294922;28,999561309814453;6;6,197205543518066;6,194316387176514;0;0;100;10;0;
477,793;29,1875;28,94426727294922;28,999561309814453;6;6,197205543518066;6,194316387176514;0;0;100;10;0;
477,796;29,1875;28,94426727294922;28,999561309814453;6;6,197205543518066;6,194316387176514;0;0;100;10;0;
477,799;29,1875;28,933502197265625;28,992733001708984;6;6,2258100509643555;6,211919784545898;0;0;100;10;0;
477,802;29,1875;28,933502197265625;28,992733001708984;6;6,2258100509643555;6,211919784545898;0;0;100;10;0;
477,805;29,1875;28,933502197265625;28,992733001708984;6;6,2258100509643555;6,211919784545898;0;0;100;10;0;
477,807;29,1875;28,933502197265625;28,992733001708984;6;6,2258100509643555;6,211919784545898;0;0;100;10;0;
477,81;29,1875;28,978378295898438;29,022411346435547;6;6,248434543609619;6,22622537612915;0;0;100;10;0;
477,812;29,1875;28,978378295898438;29,022411346435547;6;6,248434543609619;6,22622537612915;0;0;100;10;0;
477,815;29,1875;28,978378295898438;29,022411346435547;6;6,248434543609619;6,22622537612915;0;0;100;10;0;
477,818;29,1875;28,978378295898438;29,022411346435547;6;6,248434543609619;6,22622537612915;0;0;100;10;0;
477,821;29,1875;29,012189865112305;29,04374122619629;6;6,319786071777344;6,272760391235352;0;0;100;10;0;
477,823;29,1875;29,012189865112305;29,04374122619629;6;6,319786071777344;6,272760391235352;0;0;100;10;0;
477,826;29,1875;29,011554718017578;29,042509078979492;6;6,235222339630127;6,218407154083252;0;0;100;10;0;
477,831;29,1875;29,011554718017578;29,042509078979492;6;6,235222339630127;6,218407154083252;0;0;100;10;1;
477,834;29,1875;29,011554718017578;29,042509078979492;6;6,235222339630127;6,218407154083252;0;0;100;10;1;
477,837;29,1875;29,011554718017578;29,042509078979492;6;6,235222339630127;6,218407154083252;0;0;100;10;1;
477,84;29,1875;28,997812271118164;29,03346824645996;6;6,2849860191345215;6,250188827514648;0;0;100;10;1;
477,843;29,1875;28,997812271118164;29,03346824645996;6;6,2849860191345215;6,250188827514648;0;0;100;10;1;
477,846;29,1875;28,997812271118164;29,03346824645996;6;6,2849860191345215;6,250188827514648;0;0;100;10;1;
477,849;29,1875;28,997812271118164;29,03346824645996;6;6,287307262420654;6,250188827514648;0;0;100;10;1;
477,853;29,1875;29,037677764892578;29,058834075927734;6,0625;6,287307262420654;6,251298427581787;0;0;100;10;1;
477,856;29,1875;29,037677764892578;29,058834075927734;6,0625;6,287307262420654;6,251298427581787;0;0;100;10;1;
477,858;29,1875;29,037677764892578;29,058834075927734;6,0625;6,287307262420654;6,251298427581787;0;0;100;10;1;
477,861;29,1875;29,082691192626953;29,087810516357422;6,0625;6,359973907470703;6,299483776092529;0;0;100;10;1;
477,864;29,1875;29,082691192626953;29,087810516357422;6,0625;6,359973907470703;6,299483776092529;0;0;100;10;1;
477,867;29,1875;29,082691192626953;29,087810516357422;6,0625;6,359973907470703;6,299483776092529;0;0;100;10;1;
477,87;29,1875;29,02817726135254;29,051259994506836;6,0625;6,299159049987793;6,261170387268066;0;0;100;10;1;
477,873;29,1875;29,02817726135254;29,051259994506836;6,0625;6,299159049987793;6,261170387268066;0;0;100;10;1;
477,876;29,1875;29,44217872619629;29,315757751464844;6,0625;6,3722004890441895;6,330329895019531;0;0;100;10;1;
477,879;29,1875;29,44217872619629;29,315757751464844;6,0625;6,3722004890441895;6,330329895019531;0;0;100;10;1;
477,882;29,1875;29,44217872619629;29,315757751464844;6,0625;6,3722004890441895;6,330329895019531;0;0;100;10;1;
477,886;29,1875;29,248838424682617;29,164567947387695;6,0625;6,362502098083496;6,376328468322754;0;0;100;10;1;
477,889;29,125;29,248838424682617;29,164567947387695;6,0625;6,362502098083496;6,376328468322754;0;0;100;10;1;
477,892;29,125;29,248838424682617;29,164567947387695;6,0625;6,362502098083496;6,376328468322754;0;0;100;10;1;
477,895;29,125;29,248838424682617;29,164567947387695;6,0625;6,362502098083496;6,376328468322754;0;0;100;10;1;
477,898;29,125;29,248838424682617;29,164567947387695;6,0625;6,362502098083496;6,376328468322754;0;0;100;10;1;
477,901;29,3125;29,09258270263672;29,08059310913086;6,125;6,446241855621338;6,433849811553955;0;0;100;10;1;
477,904;29,3125;29,09258270263672;29,08059310913086;6,125;6,446241855621338;6,433849811553955;0;0;100;10;1;
477,906;29,3125;29,09258270263672;29,08059310913086;6,125;6,446241855621338;6,433849811553955;0;0;100;10;1;
477,909;29,3125;29,09258270263672;29,08059310913086;6,125;6,446241855621338;6,433849811553955;0;0;100;10;1;
477,912;29,5625;28,741056442260742;28,904762268066406;6,3125;6,363925933837891;6,3776092529296875;0;0;100;10;1;
477,915;29,5625;28,741056442260742;28,904762268066406;6,3125;6,363925933837891;6,3776092529296875;0;0;100;10;1;
477,918;29,5625;28,741056442260742;28,904762268066406;6,3125;6,363925933837891;6,3776092529296875;0;0;100;10;1;
477,921;29,75;28,046436309814453;28,537166595458984;6,6875;6,223088264465332;6,315464496612549;0;0;100;10;1;
477,923;29,75;28,046436309814453;28,537166595458984;6,6875;6,223088264465332;6,315464496612549;0;0;100;10;1;
477,926;29,75;28,351255416870117;28,82594871520996;6,6875;6,3232221603393555;6,47471284866333;0;0;100;10;1;
477,929;29,75;28,351255416870117;28,82594871520996;6,6875;6,3232221603393555;6,47471284866333;0;0;100;10;1;
477,933;29,75;28,351255416870117;28,82594871520996;6,6875;6,3232221603393555;6,47471284866333;0;0;100;10;1;
477,936;30,0625;29,53799819946289;29,69399070739746;7,0625;8,30379867553711;7,929559707641602;0;0;100;10;1;
477,939;30,0625;29,53799819946289;29,69399070739746;7,0625;8,30379867553711;7,929559707641602;0;0;100;10;1;
477,942;30,0625;29,53799819946289;29,69399070739746;7,0625;8,30379867553711;7,929559707641602;0;0;100;10;1;
477,945;30,0625;29,53799819946289;29,69399070739746;7,0625;8,30379867553711;7,929559707641602;0;0;100;10;1;
477,948;30,0625;29,53799819946289;29,69399070739746;7,0625;8,30379867553711;7,929559707641602;0;0;100;10;1;
477,952;29,9375;30,233055114746094;30,13564682006836;7,6875;8,863547325134277;8,51036548614502;0;0;100;10;1;
477,955;29,9375;30,233055114746094;30,13564682006836;7,6875;8,863547325134277;8,51036548614502;0;0;100;10;1;
477,958;29,9375;30,233055114746094;30,13564682006836;7,6875;8,863547325134277;8,51036548614502;0;0;100;10;1;
477,961;29,6875;29,953903198242188;29,893728256225586;8,125;8,934112548828125;8,67864990234375;0;0;100;10;1;
477,964;29,6875;29,953903198242188;29,893728256225586;8,125;8,934112548828125;8,67864990234375;0;0;100;10;1;
477,968;29,6875;29,953903198242188;29,893728256225586;8,125;8,934112548828125;8,67864990234375;0;0;100;10;1;
477,972;29,5;29,275426864624023;29,365415573120117;8,75;8,648604393005371;8,647015571594238;0;0;100;10;1;
477,975;29,5;29,275426864624023;29,365415573120117;8,75;8,648604393005371;8,647015571594238;0;0;100;10;1;
477,978;29,5;28,25801658630371;28,625324249267578;8,75;8,200072288513184;8,598499298095703;0;0;100;10;1;
477,982;29,5;28,25801658630371;28,625324249267578;8,75;8,200072288513184;8,598499298095703;0;0;100;10;1;
477,986;29,5;27,57833480834961;28,103662490844727;8,75;8,390801429748535;9,095000267028809;0;0;100;10;1;
477,989;29,3125;27,57833480834961;28,103662490844727;9,625;8,390801429748535;9,095000267028809;0;0;100;10;1;
477,992;29,3125;27,57833480834961;28,103662490844727;9,625;8,390801429748535;9,095000267028809;0;0;100;10;1;
477,996;29,3125;27,57833480834961;28,103662490844727;9,625;8,390801429748535;9,095000267028809;0;0;100;10;1;
478;29,3125;27,154836654663086;27,765975952148438;9,625;10,071663856506348;10,616963386535645;0;0;100;10;1;
478,003;28,9375;27,154836654663086;27,765975952148438;12,0625;10,071663856506348;10,616963386535645;0;0;100;10;1;
478,006;28,9375;27,154836654663086;27,765975952148438;12,0625;10,071663856506348;10,616963386535645;0;0;100;10;1;
478,01;28,9375;26,574966430664062;27,27674102783203;12,0625;11,462861061096191;12,05521297454834;0;0;100;10;1;
478,013;28,5;26,574966430664062;27,27674102783203;13,4375;11,462861061096191;12,05521297454834;0;0;100;10;1;
478,017;28,5;26,574966430664062;27,27674102783203;13,4375;11,462861061096191;12,05521297454834;0;0;100;10;1;
478,02;28,5;26,574966430664062;27,27674102783203;13,4375;12,906652450561523;12,05521297454834;0;0;100;10;1;
478,023;27,8125;25,21373176574707;26,189252853393555;14,8125;12,906652450561523;13,543268203735352;0;0;100;10;1;
478,025;27,8125;24,012928009033203;26,189252853393555;14,8125;14,62899398803711;15,165724754333496;0;0;100;10;1;
478,028;27,8125;24,012928009033203;25,139495849609375;14,8125;14,62899398803711;15,165724754333496;0;0;100;10;1;
478,032;27,8125;24,012928009033203;25,139495849609375;14,8125;14,62899398803711;15,165724754333496;0;0;100;10;1;
478,035;27,8125;24,012928009033203;25,139495849609375;14,8125;14,62899398803711;15,165724754333496;0;0;100;10;1;
478,038;27,0625;22,31644058227539;23,74433135986328;15,875;16,933349609375;17,03990364074707;0;0;100;10;1;
478,041;27,0625;22,31644058227539;23,74433135986328;15,875;16,933349609375;17,03990364074707;0;0;100;10;1;
478,044;27,0625;22,31644058227539;23,74433135986328;15,875;16,933349609375;17,03990364074707;0;0;100;10;1;
478,047;27,0625;22,31644058227539;23,74433135986328;15,875;16,933349609375;17,03990364074707;0;0;100;10;1;
478,051;25,5625;20,678020477294922;22,339746475219727;17,25;18,023157119750977;18,028217315673828;0;0;100;10;1;
478,054;25,5625;20,678020477294922;22,339746475219727;17,25;18,023157119750977;18,028217315673828;0;0;100;10;1;
478,056;25,5625;20,678020477294922;22,339746475219727;17,25;18,023157119750977;18,028217315673828;0;0;100;10;1;
478,059;25,5625;20,678020477294922;22,339746475219727;17,25;18,023157119750977;18,028217315673828;0;0;100;10;1;
478,062;25;19,212692260742188;21,135122299194336;18,25;18,656829833984375;18,644439697265625;0;0;100;10;1;
478,065;25;19,212692260742188;21,135122299194336;18,25;18,656829833984375;18,644439697265625;0;0;100;10;1;
478,069;25;19,212692260742188;21,135122299194336;18,25;18,656829833984375;18,644439697265625;0;0;100;10;1;
478,072;24,5625;18,16131591796875;20,2377872467041;19,5;18,82691764831543;19,1104793548584;0;0;100;10;1;
478,074;24,5625;18,16131591796875;20,2377872467041;19,5;18,82691764831543;19,1104793548584;0;0;100;10;1;
478,077;24,5625;17,683330535888672;19,717308044433594;19,5;19,047330856323242;19,710769653320312;0;0;100;10;1;
478,079;24,5625;17,683330535888672;19,717308044433594;19,5;19,047330856323242;19,710769653320312;0;0;100;10;1;
478,083;24,5625;17,683330535888672;19,717308044433594;19,5;19,047330856323242;19,710769653320312;0;0;100;10;1;
478,087;24,125;17,89651870727539;19,64626693725586;20,625;21,739728927612305;21,89823341369629;0;0;100;10;1;
478,089;24,125;17,89651870727539;19,64626693725586;20,625;21,739728927612305;21,89823341369629;0;0;100;10;1;
478,092;24,125;17,89651870727539;19,64626693725586;20,625;21,739728927612305;21,89823341369629;0;0;100;10;1;
478,095;24,125;17,89651870727539;19,64626693725586;20,625;21,739728927612305;21,89823341369629;0;0;100;10;1;
478,097;24,125;17,89651870727539;19,64626693725586;20,625;21,739728927612305;21,89823341369629;0;0;100;10;1;
478,101;22,8125;17,051624298095703;18,905790328979492;21,4375;24,4931583404541;23,91193962097168;0;0;100;10;1;
478,104;22,8125;17,051624298095703;18,905790328979492;21,4375;24,4931583404541;23,91193962097168;0;0;100;10;1;
478,107;22,8125;17,051624298095703;18,905790328979492;21,4375;24,4931583404541;23,91193962097168;0;0;100;10;1;
478,11;22,8125;16,876323699951172;18,440410614013672;21,4375;26,13559913635254;25,052406311035156;0;0;100;10;1;
478,113;21,75;16,876323699951172;18,440410614013672;21,1875;26,13559913635254;25,052406311035156;0;0;100;10;1;
478,117;21,75;16,876323699951172;18,440410614013672;21,1875;26,13559913635254;25,052406311035156;0;0;100;10;1;
478,12;21,75;15,843409538269043;17,28558349609375;21,1875;26,338632583618164;25,105674743652344;0;0;100;10;1;
478,123;20,4375;15,843409538269043;17,28558349609375;20,75;26,338632583618164;25,105674743652344;0;0;100;10;1;
478,126;20,4375;14,178923606872559;15,605401992797852;20,75;27,454687118530273;25,660974502563477;0;0;100;10;1;
478,128;20,4375;14,178923606872559;15,605401992797852;20,75;27,454687118530273;25,660974502563477;0;0;100;10;1;
478,132;20,4375;14,178923606872559;15,605401992797852;20,75;27,454687118530273;25,660974502563477;0;0;100;10;1;
478,135;20,4375;14,178923606872559;15,605401992797852;20,75;27,454687118530273;25,660974502563477;0;0;100;10;1;
478,138;19,0625;13,640801429748535;14,66928768157959;19,8125;26,916919708251953;24,961530685424805;0;0;100;10;1;
478,141;19,0625;13,640801429748535;14,66928768157959;19,8125;26,916919708251953;24,961530685424805;0;0;100;10;1;
478,144;19,0625;13,640801429748535;14,66928768157959;19,8125;26,916919708251953;24,961530685424805;0;0;100;10;1;
478,148;19,0625;12,91565227508545;13,589117050170898;19,8125;25,340404510498047;23,42827606201172;0;0;100;10;1;
478,151;17,75;12,91565227508545;13,589117050170898;18,375;25,340404510498047;23,42827606201172;0;0;100;10;1;
478,154;17,75;12,91565227508545;13,589117050170898;18,375;25,340404510498047;23,42827606201172;0;0;100;10;1;
478,157;17,75;12,91565227508545;13,589117050170898;18,375;25,340404510498047;23,42827606201172;0;0;100;10;1;
478,161;17,75;11,878939628601074;12,406465530395508;18,375;24,282930374145508;22,134912490844727;0;0;100;10;1;
478,164;16,5;11,878939628601074;12,406465530395508;16,75;24,282930374145508;22,134912490844727;0;0;100;10;1;
478,167;16,5;11,878939628601074;12,406465530395508;16,75;24,282930374145508;22,134912490844727;0;0;100;10;1;
478,17;16,5;10,922561645507812;11,293883323669434;16,75;21,99581527709961;20,043254852294922;0;0;100;10;1;
478,174;15,375;10,922561645507812;11,293883323669434;15,0625;21,99581527709961;20,043254852294922;0;0;100;10;1;
478,177;14,25;9,337722778320312;9,737388610839844;13,625;19,64378547668457;18,007951736450195;0;0;100;10;1;
478,18;14,25;9,337722778320312;9,737388610839844;13,625;19,64378547668457;18,007951736450195;0;0;100;10;1;
478,183;14,25;9,337722778320312;9,737388610839844;13,625;19,64378547668457;18,007951736450195;0;0;100;10;1;
478,186;13,0625;8,409197807312012;8,551655769348145;12,25;17,246816635131836;15,974833488464355;0;0;100;10;1;
478,19;13,0625;8,409197807312012;8,551655769348145;12,25;17,246816635131836;15,974833488464355;0;0;100;10;1;
478,193;13,0625;8,409197807312012;8,551655769348145;12,25;17,246816635131836;15,974833488464355;0;0;100;10;1;
478,197;13,0625;8,409197807312012;8,551655769348145;12,25;17,246816635131836;15,974833488464355;0;0;100;10;1;
478,2;13,0625;7,051279544830322;7,113635540008545;12,25;15,376962661743164;14,383742332458496;0;0;100;10;1;
478,204;10,6875;7,051279544830322;7,113635540008545;10,75;15,376962661743164;14,383742332458496;0;0;100;10;1;
478,207;10,6875;7,051279544830322;7,113635540008545;10,75;15,376962661743164;14,383742332458496;0;0;100;10;1;
478,21;10,6875;5,932430267333984;5,886163711547852;10,75;13,736387252807617;13,170720100402832;0;0;100;10;1;
478,213;10,6875;5,932430267333984;5,886163711547852;10,75;13,736387252807617;13,170720100402832;0;0;100;10;1;
478,216;10,6875;5,932430267333984;5,886163711547852;10,75;13,736387252807617;13,170720100402832;0;0;100;10;1;
478,219;10,6875;4,793457508087158;4,8055009841918945;10,75;12,553647994995117;12,457772254943848;0;0;100;10;1;
478,222;9,9375;4,793457508087158;4,8055009841918945;10,875;12,553647994995117;12,457772254943848;0;0;100;10;1;
478,225;9,9375;4,793457508087158;4,8055009841918945;10,875;12,553647994995117;12,457772254943848;0;0;100;10;1;
478,228;9,6875;4,455916404724121;4,43911600112915;11,5;12,167418479919434;12,416749000549316;0;0;100;10;1;
478,232;9,6875;4,455916404724121;4,43911600112915;11,5;12,167418479919434;12,416749000549316;0;0;100;10;1;
478,235;9,6875;4,455916404724121;4,43911600112915;11,5;12,167418479919434;12,416749000549316;0;0;100;10;1;
478,238;10,0625;4,7568559646606445;4,70187520980835;12,5625;12,903343200683594;13,27754020690918;0;0;100;10;1;
478,241;10,0625;4,7568559646606445;4,70187520980835;12,5625;12,903343200683594;13,27754020690918;0;0;100;10;1;
478,244;10,0625;4,7568559646606445;4,70187520980835;12,5625;12,903343200683594;13,27754020690918;0;0;100;10;1;
478,248;10,0625;5,500797271728516;5,301244258880615;12,5625;14,609515190124512;14,94787883758545;0;0;100;10;1;
478,251;10,625;5,500797271728516;5,301244258880615;14,125;14,609515190124512;14,94787883758545;0;0;100;10;1;
478,254;10,625;5,500797271728516;5,301244258880615;14,125;14,609515190124512;14,94787883758545;0;0;100;10;1;
478,257;10,625;5,500797271728516;5,301244258880615;14,125;14,609515190124512;14,94787883758545;0;0;100;10;1;
478,26;10,625;5,911838054656982;5,791797161102295;14,125;16,094240188598633;16,50273895263672;0;0;100;10;1;
478,264;11,625;5,911838054656982;5,791797161102295;15,6875;16,094240188598633;16,50273895263672;0;0;100;10;1;
478,268;11,625;5,911838054656982;5,791797161102295;15,6875;16,094240188598633;16,50273895263672;0;0;100;10;1;
478,27;12,625;7,221536636352539;6,867173194885254;17,0625;18,407146453857422;18,507526397705078;0;0;100;10;1;
478,273;12,625;7,221536636352539;6,867173194885254;17,0625;18,407146453857422;18,507526397705078;0;0;100;10;1;
478,277;13,5625;8,264214515686035;7,729739189147949;17,9375;20,890819549560547;20,459264755249023;0;0;100;10;1;
478,28;13,5625;8,264214515686035;7,729739189147949;17,9375;20,890819549560547;20,459264755249023;0;0;100;10;1;
478,283;13,5625;8,264214515686035;7,729739189147949;17,9375;20,890819549560547;20,459264755249023;0;0;100;10;1;
478,286;13,5625;9,570271492004395;8,703777313232422;17,9375;22,729265213012695;21,782045364379883;0;0;100;10;1;
478,289;14,4375;9,570271492004395;8,703777313232422;18,125;22,729265213012695;21,782045364379883;0;0;100;10;1;
478,292;14,4375;9,570271492004395;8,703777313232422;18,125;22,729265213012695;21,782045364379883;0;0;100;10;1;
478,295;14,4375;9,570271492004395;8,703777313232422;18,125;22,729265213012695;21,782045364379883;0;0;100;10;1;
478,298;14,4375;10,472503662109375;9,389923095703125;18,125;23,8078556060791;22,41359519958496;0;0;100;10;1;
478,302;15,0625;10,472503662109375;9,389923095703125;17,875;23,8078556060791;22,41359519958496;0;0;100;10;1;
478,304;15,0625;10,472503662109375;9,389923095703125;17,875;23,8078556060791;22,41359519958496;0;0;100;10;1;
478,307;15,0625;10,472503662109375;9,389923095703125;17,875;23,8078556060791;22,41359519958496;0;0;100;10;1;
478,31;15,4375;12,298748970031738;10,56900691986084;16,875;23,611713409423828;21,963520050048828;0;0;100;10;1;
478,313;15,4375;12,298748970031738;10,56900691986084;16,875;23,611713409423828;21,963520050048828;0;0;100;10;1;
478,317;15,4375;13,199204444885254;11,045215606689453;16,875;21,220916748046875;19,806549072265625;0;0;100;10;1;
478,32;15,4375;13,199204444885254;11,045215606689453;15,125;21,220916748046875;19,806549072265625;0;0;100;10;1;
478,323;15,4375;13,199204444885254;11,045215606689453;15,125;21,220916748046875;19,806549072265625;0;0;100;10;1;
478,326;15,4375;13,415205001831055;10,997591972351074;15,125;18,836362838745117;17,482269287109375;0;0;100;10;1;
478,329;15,125;13,415205001831055;10,997591972351074;12,875;18,836362838745117;17,482269287109375;0;0;100;10;1;
478,332;15,125;13,415205001831055;10,997591972351074;12,875;18,836362838745117;17,482269287109375;0;0;100;10;1;
478,336;15,125;12,769735336303711;10,997591972351074;12,875;16,585412979125977;15,116226196289062;0;0;100;10;1;
478,339;14,3125;12,769735336303711;10,246330261230469;10,375;16,585412979125977;15,116226196289062;0;0;100;10;1;
478,342;14,3125;12,769735336303711;10,246330261230469;10,375;16,585412979125977;15,116226196289062;0;0;100;10;1;
478,345;14,3125;12,769735336303711;10,246330261230469;10,375;16,585412979125977;15,116226196289062;0;0;100;10;1;
478,349;13;11,957158088684082;9,228602409362793;7,625;14,292908668518066;12,624564170837402;0;0;100;10;1;
478,352;13;11,957158088684082;9,228602409362793;7,625;14,292908668518066;12,624564170837402;0;0;100;10;1;
478,355;13;11,957158088684082;9,228602409362793;7,625;14,292908668518066;12,624564170837402;0;0;100;10;1;
478,358;11,1875;11,245079040527344;8,1182861328125;4,875;10,249255180358887;8,966157913208008;0;0;100;10;1;
478,361;11,1875;11,245079040527344;8,1182861328125;4,875;10,249255180358887;8,966157913208008;0;0;100;10;1;
478,364;11,1875;11,245079040527344;8,1182861328125;4,875;10,249255180358887;8,966157913208008;0;0;100;10;1;
478,368;9,125;9,637345314025879;6,319131851196289;2,375;6,602607727050781;5,665914058685303;0;0;100;10;1;
478,372;9,125;9,637345314025879;6,319131851196289;2,375;6,602607727050781;5,665914058685303;0;0;100;10;1;
478,374;9,125;9,637345314025879;6,319131851196289;2,375;6,602607727050781;5,665914058685303;0;0;100;10;1;
478,377;6,6875;7,8151068687438965;4,28429651260376;0,125;2,9835920333862305;2,4961962699890137;0;0;100;10;1;
478,38;6,6875;7,8151068687438965;4,28429651260376;0,125;2,9835920333862305;2,4961962699890137;0;0;100;10;1;
478,383;6,6875;7,8151068687438965;4,28429651260376;0,125;2,9835920333862305;2,4961962699890137;0;0;100;10;1;
478,386;6,6875;5,036229610443115;1,6379966735839844;0,125;0,3265208601951599;0,07812705636024475;0;0;100;10;1;
478,389;4,3125;5,036229610443115;1,6379966735839844;-1,75;0,3265208601951599;0,07812705636024475;0;0;100;10;1;
478,392;4,3125;5,036229610443115;1,6379966735839844;-1,75;0,3265208601951599;0,07812705636024475;0;0;100;10;1;
478,396;4,3125;2,6904823780059814;-0,6526991724967957;-1,75;-2,0221948623657227;-2,028365135192871;0;0;100;10;1;
478,4;2,0625;2,6904823780059814;-0,6526991724967957;-3,3125;-2,0221948623657227;-2,028365135192871;0;0;100;10;1;
478,402;2,0625;2,6904823780059814;-0,6526991724967957;-3,3125;-2,0221948623657227;-2,028365135192871;0;0;100;10;1;
478,406;2,0625;0,4921954274177551;-2,7305469512939453;-3,3125;-3,9903323650360107;-3,788252353668213;0;0;100;10;1;
478,409;0;0,4921954274177551;-2,7305469512939453;-4,4375;-3,9903323650360107;-3,788252353668213;0;0;100;10;1;
478,412;0;0,4921954274177551;-2,7305469512939453;-4,4375;-3,9903323650360107;-3,788252353668213;0;0;100;10;1;
478,416;0;-1,853513479232788;-4,797637462615967;-4,4375;-5,826230049133301;-5,381766319274902;0;0;100;10;1;
478,419;-1,8125;-1,853513479232788;-4,797637462615967;-5,3125;-5,826230049133301;-5,381766319274902;0;0;100;10;1;
478,423;-1,8125;-1,853513479232788;-4,797637462615967;-5,3125;-5,826230049133301;-5,381766319274902;0;0;100;10;1;
478,426;-1,8125;-4,242899417877197;-6,763947486877441;-5,3125;-6,96507453918457;-6,479040145874023;0;0;100;10;1;
478,429;-3,375;-4,242899417877197;-6,763947486877441;-5,875;-6,96507453918457;-6,479040145874023;0;0;100;10;1;
478,433;-3,375;-4,242899417877197;-6,763947486877441;-5,875;-6,96507453918457;-6,479040145874023;0;0;100;10;1;
478,436;-4,75;-5,844234943389893;-8,10527229309082;-6,1875;-7,678225994110107;-7,255449295043945;0;0;100;10;1;
478,439;-4,75;-5,844234943389893;-8,10527229309082;-6,1875;-7,678225994110107;-7,255449295043945;0;0;100;10;1;
478,443;-4,75;-5,844234943389893;-8,10527229309082;-6,1875;-7,678225994110107;-7,255449295043945;0;0;100;10;1;
478,446;-5,8125;-6,983704566955566;-9,025863647460938;-6,1875;-7,643856048583984;-7,438971519470215;0;0;100;10;1;
478,45;-5,8125;-6,983704566955566;-9,025863647460938;-6,1875;-7,643856048583984;-7,438971519470215;0;0;100;10;1;
478,452;-5,8125;-6,983704566955566;-9,025863647460938;-6,1875;-7,643856048583984;-7,438971519470215;0;0;100;10;1;
478,456;-5,8125;-8,017085075378418;-9,755447387695312;-6,1875;-7,474126815795898;-7,4378156661987305;0;0;100;10;1;
478,459;-6,625;-8,017085075378418;-9,755447387695312;-5,8125;-7,474126815795898;-7,4378156661987305;0;0;100;10;1;
478,462;-6,625;-8,017085075378418;-9,755447387695312;-5,8125;-7,474126815795898;-7,4378156661987305;0;0;100;10;1;
478,466;-6,625;-8,017085075378418;-9,755447387695312;-5,8125;-7,474126815795898;-7,4378156661987305;0;0;100;10;1;
478,468;-7;-8,76508903503418;-10,156193733215332;-5,3125;-6,753329277038574;-7,047603607177734;0;0;100;10;1;
478,471;-7;-8,76508903503418;-10,156193733215332;-5,3125;-6,753329277038574;-7,047603607177734;0;0;100;10;1;
478,474;-7;-8,76508903503418;-10,156193733215332;-5,3125;-6,753329277038574;-7,047603607177734;0;0;100;10;1;
478,477;-7,125;-9,305055618286133;-10,30954360961914;-4,75;-6,097758769989014;-6,689802169799805;0;0;100;10;1;
478,48;-7,125;-9,305055618286133;-10,30954360961914;-4,75;-6,097758769989014;-6,689802169799805;0;0;100;10;1;
478,483;-7,125;-9,305055618286133;-10,30954360961914;-4,75;-6,097758769989014;-6,689802169799805;0;0;100;10;1;
478,486;-7,125;-9,10174560546875;-9,877175331115723;-4,75;-5,112880706787109;-6,134829998016357;0;0;100;10;1;
478,489;-6,875;-9,10174560546875;-9,877175331115723;-4,1875;-5,112880706787109;-6,134829998016357;0;0;100;10;1;
478,492;-6,875;-9,10174560546875;-9,877175331115723;-4,1875;-5,112880706787109;-6,134829998016357;0;0;100;10;1;
478,495;-6,875;-9,10174560546875;-9,877175331115723;-4,1875;-5,112880706787109;-6,134829998016357;0;0;100;10;1;
478,499;-6,375;-8,585134506225586;-9,147705078125;-3,6875;-4,507093906402588;-5,8351006507873535;0;0;100;10;1;
478,501;-6,375;-8,585134506225586;-9,147705078125;-3,6875;-4,507093906402588;-5,8351006507873535;0;0;100;10;1;
478,504;-6,375;-8,585134506225586;-9,147705078125;-3,6875;-4,507093906402588;-5,8351006507873535;0;0;100;10;1;
478,507;-5,625;-7,897454738616943;-8,226506233215332;-3,3125;-3,354870080947876;-5,197492599487305;0;0;100;10;1;
478,509;-5,625;-7,897454738616943;-8,226506233215332;-3,3125;-3,354870080947876;-5,197492599487305;0;0;100;10;1;
478,512;-5,625;-7,897454738616943;-8,226506233215332;-3,3125;-3,354870080947876;-5,197492599487305;0;0;100;10;1;
478,515;-5,625;-7,897454738616943;-8,226506233215332;-3,3125;-3,354870080947876;-5,197492599487305;0;0;100;10;1;
478,518;-4,625;-6,880270957946777;-7,017282962799072;-3,0625;-2,2228307723999023;-4,599807262420654;0;0;100;10;1;
478,52;-4,625;-6,880270957946777;-7,017282962799072;-3,0625;-2,2228307723999023;-4,599807262420654;0;0;100;10;1;
478,523;-4,625;-6,880270957946777;-7,017282962799072;-3,0625;-2,2228307723999023;-4,599807262420654;0;0;100;10;1;
478,526;-4,625;-6,880270957946777;-7,017282962799072;-3,0625;-2,2228307723999023;-4,599807262420654;0;0;100;10;1;
478,528;-3,4375;-5,832528591156006;-5,750382900238037;-3;-1,0790255069732666;-4,019330024719238;0;0;100;10;1;
478,531;-3,4375;-5,832528591156006;-5,750382900238037;-3;-1,0790255069732666;-4,019330024719238;0;0;100;10;1;
478,534;-3,4375;-5,832528591156006;-5,750382900238037;-3;-1,0790255069732666;-4,019330024719238;0;0;100;10;1;
478,536;-3,4375;-4,315616130828857;-4,146732807159424;-3;-0,551071286201477;-3,847616195678711;0;0;100;10;1;
478,539;-2,125;-4,315616130828857;-4,146732807159424;-3;-0,551071286201477;-3,847616195678711;0;0;100;10;1;
478,542;-2,125;-4,315616130828857;-4,146732807159424;-3;-0,551071286201477;-3,847616195678711;0;0;100;10;1;
478,544;-2,125;-4,315616130828857;-4,146732807159424;-3;-0,551071286201477;-3,847616195678711;0;0;100;10;1;
478,548;-0,75;-2,7797460556030273;-2,5249085426330566;-3,125;-0,5083325505256653;-3,9728071689605713;0;0;100;10;1;
478,551;-0,75;-2,7797460556030273;-2,5249085426330566;-3,125;-0,5083325505256653;-3,9728071689605713;0;0;100;10;1;
478,554;-0,75;-2,7797460556030273;-2,5249085426330566;-3,125;-0,5083325505256653;-3,9728071689605713;0;0;100;10;1;
478,557;0,5625;-1,2386480569839478;-0,8770817518234253;-3,25;-0,9598648548126221;-4,382092475891113;0;0;100;10;1;
478,56;0,5625;-1,2386480569839478;-0,8770817518234253;-3,25;-0,9598648548126221;-4,382092475891113;0;0;100;10;1;
478,563;0,5625;-1,2386480569839478;-0,8770817518234253;-3,25;-0,9598648548126221;-4,382092475891113;0;0;100;10;1;
478,567;1,9375;0,7917381525039673;1,0800371170043945;-3,4375;-1,2187309265136719;-4,627338409423828;0;0;100;10;1;
478,57;1,9375;0,7917381525039673;1,0800371170043945;-3,4375;-1,2187309265136719;-4,627338409423828;0;0;100;10;1;
478,572;1,9375;0,7917381525039673;1,0800371170043945;-3,4375;-1,2187309265136719;-4,627338409423828;0;0;100;10;1;
478,575;1,9375;0,7917381525039673;1,0800371170043945;-3,4375;-1,2187309265136719;-4,627338409423828;0;0;100;10;1;
478,578;3,1875;2,3051090240478516;2,665199041366577;-3,5625;-1,3382846117019653;-4,693937301635742;0;0;100;10;1;
478,581;3,1875;2,3051090240478516;2,665199041366577;-3,5625;-1,3382846117019653;-4,693937301635742;0;0;100;10;1;
478,584;3,1875;2,3051090240478516;2,665199041366577;-3,5625;-1,3382846117019653;-4,693937301635742;0;0;100;10;1;
478,587;4,25;3,919052839279175;4,262300491333008;-3,625;-1,5769585371017456;-4,769911289215088;0;0;100;10;1;
478,59;4,25;3,919052839279175;4,262300491333008;-3,625;-1,5769585371017456;-4,769911289215088;0;0;100;10;1;
478,593;4,25;3,919052839279175;4,262300491333008;-3,625;-1,5769585371017456;-4,769911289215088;0;0;100;10;1;
478,596;4,25;5,429354190826416;5,753875255584717;-3,625;-1,9098519086837769;-4,81141996383667;0;0;100;10;1;
478,599;5,1875;5,429354190826416;5,753875255584717;-3,625;-1,9098519086837769;-4,81141996383667;0;0;100;10;1;
478,602;5,1875;5,429354190826416;5,753875255584717;-3,625;-1,9098519086837769;-4,81141996383667;0;0;100;10;1;
478,605;5,1875;5,429354190826416;5,753875255584717;-3,625;-1,9098519086837769;-4,81141996383667;0;0;100;10;1;
478,607;5,9375;6,35142183303833;6,77490234375;-3,5625;-2,351447582244873;-4,844933986663818;0;0;100;10;1;
478,61;5,9375;6,35142183303833;6,77490234375;-3,5625;-2,351447582244873;-4,844933986663818;0;0;100;10;1;
478,613;5,9375;6,35142183303833;6,77490234375;-3,5625;-2,351447582244873;-4,844933986663818;0;0;100;10;1;
478,616;5,9375;6,35142183303833;6,77490234375;-3,5625;-2,810483932495117;-4,844933986663818;0;0;100;10;1;
478,618;6,4375;6,91296911239624;7,478961944580078;-3,375;-2,810483932495117;-4,820727825164795;0;0;100;10;1;
478,621;6,4375;6,91296911239624;7,478961944580078;-3,375;-2,810483932495117;-4,820727825164795;0;0;100;10;1;
478,624;6,4375;6,91296911239624;7,478961944580078;-3,375;-2,810483932495117;-4,820727825164795;0;0;100;10;1;
478,626;6,4375;7,377708435058594;8,006022453308105;-3,375;-3,2006115913391113;-4,708884239196777;0;0;100;10;1;
478,629;6,625;7,377708435058594;8,006022453308105;-3,1875;-3,2006115913391113;-4,708884239196777;0;0;100;10;1;
478,632;6,625;7,377708435058594;8,006022453308105;-3,1875;-3,2006115913391113;-4,708884239196777;0;0;100;10;1;
478,635;6,625;7,377708435058594;8,006022453308105;-3,1875;-3,2006115913391113;-4,708884239196777;0;0;100;10;1;
478,637;6,5;7,664498329162598;8,320778846740723;-2,875;-3,3911166191101074;-4,4038543701171875;0;0;100;10;1;
478,64;6,5;7,664498329162598;8,320778846740723;-2,875;-3,3911166191101074;-4,4038543701171875;0;0;100;10;1;
478,643;6,5;7,664498329162598;8,320778846740723;-2,875;-3,3911166191101074;-4,4038543701171875;0;0;100;10;1;
478,646;6,5;7,664498329162598;8,320778846740723;-2,875;-3,559527635574341;-4,4038543701171875;0;0;100;10;1;
478,649;6,1875;7,548234939575195;8,269651412963867;-2,5;-3,559527635574341;-4,060360908508301;0;0;100;10;1;
478,652;6,1875;7,548234939575195;8,269651412963867;-2,5;-3,559527635574341;-4,060360908508301;0;0;100;10;1;
478,655;6,1875;7,548234939575195;8,269651412963867;-2,5;-3,559527635574341;-4,060360908508301;0;0;100;10;1;
478,658;5,625;7,0450897216796875;7,881492614746094;-2,125;-3,562528610229492;-3,596930503845215;0;0;100;10;1;
478,661;5,625;7,0450897216796875;7,881492614746094;-2,125;-3,562528610229492;-3,596930503845215;0;0;100;10;1;
478,664;5,625;7,0450897216796875;7,881492614746094;-2,125;-3,562528610229492;-3,596930503845215;0;0;100;10;1;
478,667;4,9375;5,877535343170166;6,972784996032715;-1,75;-3,587406873703003;-3,1650595664978027;0;0;100;10;1;
478,67;4,9375;5,877535343170166;6,972784996032715;-1,75;-3,587406873703003;-3,1650595664978027;0;0;100;10;1;
478,673;4,9375;5,877535343170166;6,972784996032715;-1,75;-3,587406873703003;-3,1650595664978027;0;0;100;10;1;
478,676;4,9375;5,877535343170166;6,972784996032715;-1,75;-3,587406873703003;-3,1650595664978027;0;0;100;10;1;
478,679;4,0625;5,029473304748535;6,208680629730225;-1,4375;-3,5123517513275146;-2,7191972732543945;0;0;100;10;1;
478,682;4,0625;5,029473304748535;6,208680629730225;-1,4375;-3,5123517513275146;-2,7191972732543945;0;0;100;10;1;
478,685;4,0625;5,029473304748535;6,208680629730225;-1,4375;-3,5123517513275146;-2,7191972732543945;0;0;100;10;1;
478,688;3,125;4,165858745574951;5,379781246185303;-1,1875;-3,406355142593384;-2,3136162757873535;0;0;100;10;1;
478,691;3,125;4,165858745574951;5,379781246185303;-1,1875;-3,406355142593384;-2,3136162757873535;0;0;100;10;1;
478,693;3,125;4,165858745574951;5,379781246185303;-1,1875;-3,406355142593384;-2,3136162757873535;0;0;100;10;1;
478,697;2,125;3,438178062438965;4,620214462280273;-1,0625;-3,374408721923828;-2,026186943054199;0;0;100;10;1;
478,7;2,125;3,438178062438965;4,620214462280273;-1,0625;-3,374408721923828;-2,026186943054199;0;0;100;10;1;
478,703;2,125;3,438178062438965;4,620214462280273;-1,0625;-3,374408721923828;-2,026186943054199;0;0;100;10;1;
478,706;2,125;3,438178062438965;4,620214462280273;-1,0625;-3,374408721923828;-2,026186943054199;0;0;100;10;1;
478,709;1,25;1,9996401071548462;3,4013311862945557;-1,0625;-3,2819323539733887;-1,777872085571289;0;0;100;10;1;
478,711;1,25;1,9996401071548462;3,4013311862945557;-1,0625;-3,2819323539733887;-1,777872085571289;0;0;100;10;1;
478,714;1,25;1,9996401071548462;3,4013311862945557;-1,0625;-3,2819323539733887;-1,777872085571289;0;0;100;10;1;
478,717;0,5;0,6220765113830566;2,253120183944702;-1,1875;-3,4450926780700684;-1,805396318435669;0;0;100;10;1;
478,72;0,5;0,6220765113830566;2,253120183944702;-1,1875;-3,4450926780700684;-1,805396318435669;0;0;100;10;1;
478,722;0,5;0,6220765113830566;2,253120183944702;-1,1875;-3,4450926780700684;-1,805396318435669;0;0;100;10;1;
478,725;0,5;0,6220765113830566;2,253120183944702;-1,1875;-3,4450926780700684;-1,805396318435669;0;0;100;10;1;
478,728;-0,0625;-0,469637006521225;1,3295313119888306;-1,5;-3,696307420730591;-1,9995688199996948;0;0;100;10;1;
478,73;-0,0625;-0,469637006521225;1,3295313119888306;-1,5;-3,696307420730591;-1,9995688199996948;0;0;100;10;1;
478,734;-0,0625;-0,469637006521225;1,3295313119888306;-1,5;-3,696307420730591;-1,9995688199996948;0;0;100;10;1;
478,737;-0,5625;-0,5443150997161865;1,1425187587738037;-1,875;-3,9043691158294678;-2,2458767890930176;0;0;100;10;1;
478,739;-0,5625;-0,5443150997161865;1,1425187587738037;-1,875;-3,9043691158294678;-2,2458767890930176;0;0;100;10;1;
478,742;-0,5625;-0,5443150997161865;1,1425187587738037;-1,875;-3,9043691158294678;-2,2458767890930176;0;0;100;10;1;
478,745;-0,5625;-0,5443150997161865;1,1425187587738037;-1,875;-3,9043691158294678;-2,2458767890930176;0;0;100;10;1;
478,748;-0,8125;-1,0511831045150757;0,7479808926582336;-2,375;-4,270990371704102;-2,6302642822265625;0;0;100;10;1;
478,752;-0,8125;-1,0511831045150757;0,7479808926582336;-2,375;-4,270990371704102;-2,6302642822265625;0;0;100;10;1;
478,755;-0,8125;-1,0511831045150757;0,7479808926582336;-2,375;-4,270990371704102;-2,6302642822265625;0;0;100;10;1;
478,757;-0,875;-1,010195255279541;0,7999324202537537;-2,9375;-4,713438510894775;-3,0931296348571777;0;0;100;10;1;
478,76;-0,875;-1,010195255279541;0,7999324202537537;-2,9375;-4,713438510894775;-3,0931296348571777;0;0;100;10;1;
478,763;-0,875;-1,010195255279541;0,7999324202537537;-2,9375;-4,713438510894775;-3,0931296348571777;0;0;100;10;1;
478,767;-0,75;-1,046949863433838;0,8732303977012634;-3,4375;-5,329407691955566;-3,6677093505859375;0;0;100;10;1;
478,769;-0,75;-1,046949863433838;0,8732303977012634;-3,4375;-5,329407691955566;-3,6677093505859375;0;0;100;10;1;
478,772;-0,75;-1,046949863433838;0,8732303977012634;-3,4375;-5,329407691955566;-3,6677093505859375;0;0;100;10;1;
478,775;-0,75;-1,046949863433838;0,8732303977012634;-3,4375;-5,329407691955566;-3,6677093505859375;0;0;100;10;1;
478,778;-0,4375;-0,6421329975128174;1,3192341327667236;-3,9375;-5,754635810852051;-4,095478534698486;0;0;100;10;1;
478,781;-0,4375;-0,6421329975128174;1,3192341327667236;-3,9375;-5,754635810852051;-4,095478534698486;0;0;100;10;1;
478,785;-0,4375;-0,6421329975128174;1,3192341327667236;-3,9375;-5,754635810852051;-4,095478534698486;0;0;100;10;1;
478,788;0;-0,6429442167282104;1,5628777742385864;-4,3125;-6,013311862945557;-4,366919994354248;0;0;100;10;1;
478,79;0;-0,6429442167282104;1,5628777742385864;-4,3125;-6,013311862945557;-4,366919994354248;0;0;100;10;1;
478,793;0;-0,6429442167282104;1,5628777742385864;-4,3125;-6,013311862945557;-4,366919994354248;0;0;100;10;1;
478,796;0;-0,6429442167282104;1,5628777742385864;-4,3125;-6,013311862945557;-4,366919994354248;0;0;100;10;1;
478,799;0,5625;0,007036685943603516;2,296865463256836;-4,625;-6,29013204574585;-4,619757175445557;0;0;100;10;1;
478,802;0,5625;0,007036685943603516;2,296865463256836;-4,625;-6,29013204574585;-4,619757175445557;0;0;100;10;1;
478,805;0,5625;0,007036685943603516;2,296865463256836;-4,625;-6,29013204574585;-4,619757175445557;0;0;100;10;1;
478,808;1,25;0,5839922428131104;3,017488956451416;-4,75;-6,730966091156006;-4,907224655151367;0;0;100;10;1;
478,811;1,25;0,5839922428131104;3,017488956451416;-4,75;-6,730966091156006;-4,907224655151367;0;0;100;10;1;
478,814;1,25;0,5839922428131104;3,017488956451416;-4,75;-6,730966091156006;-4,907224655151367;0;0;100;10;1;
478,817;1,9375;1,1936806440353394;3,7790639400482178;-4,75;-6,773463726043701;-4,8419342041015625;0;0;100;10;1;
478,819;1,9375;1,1936806440353394;3,7790639400482178;-4,75;-6,773463726043701;-4,8419342041015625;0;0;100;10;1;
478,822;1,9375;1,1936806440353394;3,7790639400482178;-4,75;-6,773463726043701;-4,8419342041015625;0;0;100;10;1;
478,825;1,9375;1,1936806440353394;3,7790639400482178;-4,75;-6,773463726043701;-4,8419342041015625;0;0;100;10;1;
478,827;2,625;1,7008371353149414;4,453000068664551;-4,5625;-7,065252304077148;-4,847838878631592;0;0;100;10;1;
478,83;2,625;1,7008371353149414;4,453000068664551;-4,5625;-7,065252304077148;-4,847838878631592;0;0;100;10;1;
478,833;2,625;1,7008371353149414;4,453000068664551;-4,5625;-7,065252304077148;-4,847838878631592;0;0;100;10;1;
478,836;2,625;2,390260934829712;5,2216291427612305;-4,5625;-6,768704414367676;-4,38654088973999;0;0;100;10;1;
478,839;3,1875;2,390260934829712;5,2216291427612305;-4,1875;-6,768704414367676;-4,38654088973999;0;0;100;10;1;
478,841;3,1875;2,390260934829712;5,2216291427612305;-4,1875;-6,768704414367676;-4,38654088973999;0;0;100;10;1;
478,844;3,1875;2,390260934829712;5,2216291427612305;-4,1875;-6,768704414367676;-4,38654088973999;0;0;100;10;1;
478,847;3,1875;2,7587673664093018;5,714761734008789;-4,1875;-6,539590835571289;-3,8827130794525146;0;0;100;10;1;
478,85;3,625;2,7587673664093018;5,714761734008789;-3,6875;-6,539590835571289;-3,8827130794525146;0;0;100;10;1;
478,853;3,625;2,7587673664093018;5,714761734008789;-3,6875;-6,539590835571289;-3,8827130794525146;0;0;100;10;1;
478,856;3,625;3,249011993408203;6,206941604614258;-3,6875;-6,177455425262451;-3,230550765991211;0;0;100;10;1;
478,859;3,9375;3,249011993408203;6,206941604614258;-3,0625;-6,177455425262451;-3,230550765991211;0;0;100;10;1;
478,862;3,9375;3,249011993408203;6,206941604614258;-3,0625;-6,177455425262451;-3,230550765991211;0;0;100;10;1;
478,865;3,9375;3,249011993408203;6,206941604614258;-3,0625;-6,177455425262451;-3,230550765991211;0;0;100;10;1;
478,869;4,0625;3,498594284057617;6,44620418548584;-2,3125;-5,695024013519287;-2,4510087966918945;0;0;100;10;1;
478,872;4,0625;3,498594284057617;6,44620418548584;-2,3125;-5,695024013519287;-2,4510087966918945;0;0;100;10;1;
478,874;4,0625;3,498594284057617;6,44620418548584;-2,3125;-5,695024013519287;-2,4510087966918945;0;0;100;10;1;
478,877;4;3,9182209968566895;6,708976745605469;-1,5625;-5,021903991699219;-1,535875916481018;0;0;100;10;1;
478,88;4;3,9182209968566895;6,708976745605469;-1,5625;-5,021903991699219;-1,535875916481018;0;0;100;10;1;
478,883;4;3,9182209968566895;6,708976745605469;-1,5625;-5,021903991699219;-1,535875916481018;0;0;100;10;1;
478,886;4;3,709712505340576;6,444386959075928;-1,5625;-4,187349319458008;-0,5180627107620239;0;0;100;10;1;
478,889;3,6875;3,709712505340576;6,444386959075928;-0,875;-4,187349319458008;-0,5180627107620239;0;0;100;10;1;
478,892;3,6875;3,709712505340576;6,444386959075928;-0,875;-4,187349319458008;-0,5180627107620239;0;0;100;10;1;
478,895;3,6875;3,709712505340576;6,444386959075928;-0,875;-4,187349319458008;-0,5180627107620239;0;0;100;10;1;
478,898;3,25;3,622345447540283;6,159949779510498;-0,1875;-3,559274673461914;0,32646211981773376;0;0;100;10;1;
478,901;3,25;3,622345447540283;6,159949779510498;-0,1875;-3,559274673461914;0,32646211981773376;0;0;100;10;1;
478,904;3,25;3,622345447540283;6,159949779510498;-0,1875;-3,559274673461914;0,32646211981773376;0;0;100;10;1;
478,907;2,625;3,3345582485198975;5,644734859466553;0,25;-2,679318904876709;1,272707462310791;0;0;100;10;1;
478,91;2,625;3,3345582485198975;5,644734859466553;0,25;-2,679318904876709;1,272707462310791;0;0;100;10;1;
478,912;2,625;3,3345582485198975;5,644734859466553;0,25;-2,679318904876709;1,272707462310791;0;0;100;10;1;
478,915;2,625;3,3345582485198975;5,644734859466553;0,25;-2,679318904876709;1,272707462310791;0;0;100;10;1;
478,918;1,9375;2,833695888519287;4,90957498550415;0,5625;-1,9558415412902832;2,032994508743286;0;0;100;10;1;
478,921;1,9375;2,833695888519287;4,90957498550415;0,5625;-1,9558415412902832;2,032994508743286;0;0;100;10;1;
478,924;1,9375;2,833695888519287;4,90957498550415;0,5625;-1,9558415412902832;2,032994508743286;0;0;100;10;1;
478,926;1,9375;1,7184288501739502;4,90957498550415;0,5625;-1,1997871398925781;2,731769561767578;0;0;100;10;1;
478,929;1,0625;1,7184288501739502;3,711404323577881;0,8125;-1,1997871398925781;2,731769561767578;0;0;100;10;1;
478,932;1,0625;1,7184288501739502;3,711404323577881;0,8125;-1,1997871398925781;2,731769561767578;0;0;100;10;1;
478,934;1,0625;1,7184288501739502;3,711404323577881;0,8125;-1,1997871398925781;2,731769561767578;0;0;100;10;1;
478,937;0,25;1,097226619720459;2,7994544506073;0,8125;-0,817598283290863;3,071465492248535;0;0;100;10;1;
478,94;0,25;1,097226619720459;2,7994544506073;0,8125;-0,817598283290863;3,071465492248535;0;0;100;10;1;
478,943;0,25;1,097226619720459;2,7994544506073;0,8125;-0,817598283290863;3,071465492248535;0;0;100;10;1;
478,945;0,25;1,097226619720459;2,7994544506073;0,8125;-0,817598283290863;3,071465492248535;0;0;100;10;1;
478,948;-0,5625;-0,06981420516967773;1,5230629444122314;0,6875;-0,4734971523284912;3,292743682861328;0;0;100;10;1;
478,951;-0,5625;-0,06981420516967773;1,5230629444122314;0,6875;-0,4734971523284912;3,292743682861328;0;0;100;10;1;
478,954;-0,5625;-0,06981420516967773;1,5230629444122314;0,6875;-0,4734971523284912;3,292743682861328;0;0;100;10;1;
478,957;-1,3125;-1,085402011871338;0,3539898097515106;0,4375;-0,6727538704872131;3,052720785140991;0;0;100;10;1;
478,96;-1,3125;-1,085402011871338;0,3539898097515106;0,4375;-0,6727538704872131;3,052720785140991;0;0;100;10;1;
478,963;-1,3125;-1,085402011871338;0,3539898097515106;0,4375;-0,6727538704872131;3,052720785140991;0;0;100;10;1;
478,966;-1,3125;-1,858234167098999;-0,5986242294311523;0,4375;-0,98613440990448;2,6331329345703125;0;0;100;10;1;
478,969;-2;-1,858234167098999;-0,5986242294311523;0;-0,98613440990448;2,6331329345703125;0;0;100;10;1;
478,972;-2;-1,858234167098999;-0,5986242294311523;0;-0,98613440990448;2,6331329345703125;0;0;100;10;1;
478,975;-2;-1,858234167098999;-0,5986242294311523;0;-0,98613440990448;2,6331329345703125;0;0;100;10;1;
478,978;-2,5625;-2,606121778488159;-1,4699467420578003;-0,5625;-1,540236473083496;1,9715615510940552;0;0;100;10;1;
478,981;-2,5625;-2,606121778488159;-1,4699467420578003;-0,5625;-1,540236473083496;1,9715615510940552;0;0;100;10;1;
478,984;-2,5625;-2,606121778488159;-1,4699467420578003;-0,5625;-1,540236473083496;1,9715615510940552;0;0;100;10;1;
478,987;-2,875;-3,0325305461883545;-2,045926570892334;-1,1875;-2,040809392929077;1,3034703731536865;0;0;100;10;1;
478,99;-2,875;-3,0325305461883545;-2,045926570892334;-1,1875;-2,040809392929077;1,3034703731536865;0;0;100;10;1;
478,992;-2,875;-3,0325305461883545;-2,045926570892334;-1,1875;-2,040809392929077;1,3034703731536865;0;0;100;10;1;
478,995;-2,875;-3,0325305461883545;-2,045926570892334;-1,1875;-2,040809392929077;1,3034703731536865;0;0;100;10;1;
478,998;-3,125;-3,503854990005493;-2,566075563430786;-1,8125;-2,979893684387207;0,32502496242523193;0;0;100;10;1;
479,001;-3,125;-3,503854990005493;-2,566075563430786;-1,8125;-2,979893684387207;0,32502496242523193;0;0;100;10;1;
479,004;-3,125;-3,503854990005493;-2,566075563430786;-1,8125;-2,979893684387207;0,32502496242523193;0;0;100;10;1;
479,006;-3,125;-3,6425626277923584;-2,7776670455932617;-1,8125;-3,6216225624084473;-0,46086734533309937;0;0;100;10;1;
479,009;-3,1875;-3,6425626277923584;-2,7776670455932617;-2,4375;-3,6216225624084473;-0,46086734533309937;0;0;100;10;1;
479,012;-3,1875;-3,6425626277923584;-2,7776670455932617;-2,4375;-3,6216225624084473;-0,46086734533309937;0;0;100;10;1;
479,014;-3,1875;-3,6425626277923584;-2,7776670455932617;-2,4375;-3,6216225624084473;-0,46086734533309937;0;0;100;10;1;
479,017;-3,0625;-3,7201504707336426;-2,8697397708892822;-2,9375;-4,1143951416015625;-1,1251449584960938;0;0;100;10;1;
479,02;-3,0625;-3,7201504707336426;-2,8697397708892822;-2,9375;-4,1143951416015625;-1,1251449584960938;0;0;100;10;1;
479,023;-3,0625;-3,7201504707336426;-2,8697397708892822;-2,9375;-4,1143951416015625;-1,1251449584960938;0;0;100;10;1;
479,025;-3,0625;-3,7201504707336426;-2,8697397708892822;-2,9375;-4,1143951416015625;-1,1251449584960938;0;0;100;10;1;
479,028;-2,875;-3,6857824325561523;-2,8087100982666016;-3,25;-4,92679500579834;-1,9444687366485596;0;0;100;10;1;
479,03;-2,875;-3,6857824325561523;-2,8087100982666016;-3,25;-4,92679500579834;-1,9444687366485596;0;0;100;10;1;
479,034;-2,875;-3,6857824325561523;-2,8087100982666016;-3,25;-4,92679500579834;-1,9444687366485596;0;0;100;10;1;
479,036;-2,875;-3,0237414836883545;-2,2853493690490723;-3,25;-5,188990116119385;-2,349985361099243;0;0;100;10;1;
479,039;-2,5625;-3,0237414836883545;-2,2853493690490723;-3,4375;-5,188990116119385;-2,349985361099243;0;0;100;10;1;
479,042;-2,5625;-3,0237414836883545;-2,2853493690490723;-3,4375;-5,188990116119385;-2,349985361099243;0;0;100;10;1;
479,045;-2,5625;-3,0237414836883545;-2,2853493690490723;-3,4375;-5,188990116119385;-2,349985361099243;0;0;100;10;1;
479,048;-2,25;-3,20979642868042;-2,2787277698516846;-3,4375;-5,380866527557373;-2,6134724617004395;0;0;100;10;1;
479,052;-2,25;-3,20979642868042;-2,2787277698516846;-3,4375;-5,380866527557373;-2,6134724617004395;0;0;100;10;1;
479,055;-2,25;-3,20979642868042;-2,2787277698516846;-3,4375;-5,380866527557373;-2,6134724617004395;0;0;100;10;1;
479,058;-1,875;-4,0171613693237305;-2,6531336307525635;-3,3125;-5,529562473297119;-2,7864577770233154;0;0;100;10;1;
479,061;-1,875;-4,0171613693237305;-2,6531336307525635;-3,3125;-5,529562473297119;-2,7864577770233154;0;0;100;10;1;
479,064;-1,875;-4,0171613693237305;-2,6531336307525635;-3,3125;-5,529562473297119;-2,7864577770233154;0;0;100;10;1;
479,067;-1,5;-4,182616233825684;-2,6003975868225098;-2,9375;-5,294590473175049;-2,669811725616455;0;0;100;10;1;
479,07;-1,5;-4,182616233825684;-2,6003975868225098;-2,9375;-5,294590473175049;-2,669811725616455;0;0;100;10;1;
479,073;-1,5;-4,182616233825684;-2,6003975868225098;-2,9375;-5,294590473175049;-2,669811725616455;0;0;100;10;1;
479,076;-1,5;-4,390456676483154;-2,5990092754364014;-2,9375;-4,5748209953308105;-2,179053544998169;0;0;100;10;1;
479,08;-1,1875;-4,390456676483154;-2,5990092754364014;-2,5;-4,5748209953308105;-2,179053544998169;0;0;100;10;1;
479,083;-1,1875;-4,390456676483154;-2,5990092754364014;-2,5;-4,5748209953308105;-2,179053544998169;0;0;100;10;1;
479,086;-1,1875;-4,390456676483154;-2,5990092754364014;-2,5;-4,5748209953308105;-2,179053544998169;0;0;100;10;1;
479,089;-0,9375;-4,026397228240967;-2,2739531993865967;-1,8125;-3,751129388809204;-1,5553112030029297;0;0;100;10;1;
479,092;-0,9375;-4,026397228240967;-2,2739531993865967;-1,8125;-3,751129388809204;-1,5553112030029297;0;0;100;10;1;
479,094;-0,9375;-4,026397228240967;-2,2739531993865967;-1,8125;-3,751129388809204;-1,5553112030029297;0;0;100;10;1;
479,097;-0,9375;-4,153142929077148;-2,2965707778930664;-1,8125;-2,8447091579437256;-0,8603882789611816;0;0;100;10;1;
479,1;-0,75;-4,153142929077148;-2,2965707778930664;-1,125;-2,8447091579437256;-0,8603882789611816;0;0;100;10;1;
479,103;-0,75;-4,153142929077148;-2,2965707778930664;-1,125;-2,8447091579437256;-0,8603882789611816;0;0;100;10;1;
479,106;-0,75;-4,165133953094482;-2,301372528076172;-1,125;-2,0074596405029297;-0,206283301115036;0;0;100;10;1;
479,109;-0,6875;-4,165133953094482;-2,301372528076172;-0,5;-2,0074596405029297;-0,206283301115036;0;0;100;10;1;
479,112;-0,6875;-4,165133953094482;-2,301372528076172;-0,5;-2,0074596405029297;-0,206283301115036;0;0;100;10;1;
479,114;-0,6875;-4,165133953094482;-2,301372528076172;-0,5;-2,0074596405029297;-0,206283301115036;0;0;100;10;1;
479,117;-0,75;-4,395076274871826;-2,52604341506958;0,0625;-1,4872303009033203;0,22079619765281677;0;0;100;10;1;
479,12;-0,75;-4,395076274871826;-2,52604341506958;0,0625;-1,4872303009033203;0,22079619765281677;0;0;100;10;1;
479,123;-0,75;-4,395076274871826;-2,52604341506958;0,0625;-1,4872303009033203;0,22079619765281677;0;0;100;10;1;
479,125;-0,75;-4,395076274871826;-2,52604341506958;0,0625;-1,4872303009033203;0,22079619765281677;0;0;100;10;1;
479,128;-0,9375;-4,415366172790527;-2,6604866981506348;0,5625;-0,6039919853210449;0,8520326614379883;0;0;100;10;1;
479,13;-0,9375;-4,415366172790527;-2,6604866981506348;0,5625;-0,6039919853210449;0,8520326614379883;0;0;100;10;1;
479,133;-0,9375;-4,415366172790527;-2,6604866981506348;0,5625;-0,6039919853210449;0,8520326614379883;0;0;100;10;1;
479,136;-0,9375;-4,502124309539795;-2,8849339485168457;0,5625;0,12129196524620056;1,3332527875900269;0;0;100;10;1;
479,139;-1,1875;-4,502124309539795;-2,8849339485168457;0,9375;0,12129196524620056;1,3332527875900269;0;0;100;10;1;
479,142;-1,1875;-4,502124309539795;-2,8849339485168457;0,9375;0,12129196524620056;1,3332527875900269;0;0;100;10;1;
479,144;-1,1875;-4,502124309539795;-2,8849339485168457;0,9375;0,12129196524620056;1,3332527875900269;0;0;100;10;1;
479,147;-1,5;-4,5830254554748535;-3,121786117553711;1,3125;0,8686763048171997;1,8236743211746216;0;0;100;10;1;
479,151;-1,5;-4,5830254554748535;-3,121786117553711;1,3125;0,8686763048171997;1,8236743211746216;0;0;100;10;1;
479,154;-1,5;-4,5830254554748535;-3,121786117553711;1,3125;0,8686763048171997;1,8236743211746216;0;0;100;10;1;
479,157;-1,875;-4,831943035125732;-3,5213029384613037;1,4375;1,5889487266540527;2,2195327281951904;0;0;100;10;1;
479,16;-1,875;-4,831943035125732;-3,5213029384613037;1,4375;1,5889487266540527;2,2195327281951904;0;0;100;10;1;
479,163;-1,875;-4,831943035125732;-3,5213029384613037;1,4375;1,5889487266540527;2,2195327281951904;0;0;100;10;1;
479,166;-1,875;-5,700933933258057;-4,352062225341797;1,4375;2,5652873516082764;2,741415500640869;0;0;100;10;1;
479,17;-2,375;-5,700933933258057;-4,352062225341797;1,5;2,5652873516082764;2,741415500640869;0;0;100;10;1;
479,173;-2,375;-5,700933933258057;-4,352062225341797;1,5;2,5652873516082764;2,741415500640869;0;0;100;10;1;
479,175;-2,375;-5,700933933258057;-4,352062225341797;1,5;2,5652873516082764;2,741415500640869;0;0;100;10;1;
479,178;-2,8125;-6,485009670257568;-5,1351494789123535;1,375;3,0580902099609375;2,8914995193481445;0;0;100;10;1;
479,181;-2,8125;-6,485009670257568;-5,1351494789123535;1,375;3,0580902099609375;2,8914995193481445;0;0;100;10;1;
479,184;-2,8125;-6,485009670257568;-5,1351494789123535;1,375;3,0580902099609375;2,8914995193481445;0;0;100;10;1;
479,187;-2,8125;-7,2478508949279785;-5,904760837554932;1,1875;3,442756414413452;2,916792869567871;0;0;100;10;1;
479,19;-3,1875;-7,2478508949279785;-5,904760837554932;1,1875;3,442756414413452;2,916792869567871;0;0;100;10;1;
479,193;-3,1875;-7,2478508949279785;-5,904760837554932;1,1875;3,442756414413452;2,916792869567871;0;0;100;10;1;
479,195;-3,1875;-7,2478508949279785;-5,904760837554932;1,1875;3,442756414413452;2,916792869567871;0;0;100;10;1;
479,198;-3,5625;-8,004799842834473;-6,634658336639404;0,9375;3,634704828262329;2,7689290046691895;0;0;100;10;1;
479,201;-3,5625;-8,004799842834473;-6,634658336639404;0,9375;3,634704828262329;2,7689290046691895;0;0;100;10;1;
479,204;-3,5625;-8,004799842834473;-6,634658336639404;0,9375;3,634704828262329;2,7689290046691895;0;0;100;10;1;
479,207;-3,5625;-8,89920711517334;-7,427702903747559;0,9375;3,3884992599487305;2,300297498703003;0;0;100;10;1;
479,21;-3,8125;-8,89920711517334;-7,427702903747559;0,5625;3,3884992599487305;2,300297498703003;0;0;100;10;1;
479,212;-3,8125;-8,89920711517334;-7,427702903747559;0,5625;3,3884992599487305;2,300297498703003;0;0;100;10;1;
479,215;-3,8125;-8,89920711517334;-7,427702903747559;0,5625;3,3884992599487305;2,300297498703003;0;0;100;10;1;
479,218;-4,0625;-9,36722469329834;-7,904155731201172;0,1875;3,205209493637085;1,8568556308746338;0;0;100;10;1;
479,22;-4,0625;-9,36722469329834;-7,904155731201172;0,1875;3,205209493637085;1,8568556308746338;0;0;100;10;1;
479,223;-4,0625;-9,36722469329834;-7,904155731201172;0,1875;3,205209493637085;1,8568556308746338;0;0;100;10;1;
479,226;-4,0625;-9,36722469329834;-7,904155731201172;0,1875;3,205209493637085;1,8568556308746338;0;0;100;10;1;
479,228;-4,1875;-9,668055534362793;-8,237611770629883;-0,125;2,601921319961548;1,1385942697525024;0;0;100;10;1;
479,231;-4,1875;-9,668055534362793;-8,237611770629883;-0,125;2,601921319961548;1,1385942697525024;0;0;100;10;1;
479,234;-4,1875;-9,668055534362793;-8,237611770629883;-0,125;2,601921319961548;1,1385942697525024;0;0;100;10;1;
479,237;-4,25;-9,961090087890625;-8,543580055236816;-0,4375;2,0131568908691406;0,4244871139526367;0;0;100;10;1;
479,24;-4,25;-9,961090087890625;-8,543580055236816;-0,4375;2,0131568908691406;0,4244871139526367;0;0;100;10;1;
479,242;-4,25;-9,961090087890625;-8,543580055236816;-0,4375;2,0131568908691406;0,4244871139526367;0;0;100;10;1;
479,245;-4,25;-9,961090087890625;-8,543580055236816;-0,4375;2,0131568908691406;0,4244871139526367;0;0;100;10;1;
479,248;-4,3125;-9,910353660583496;-8,581194877624512;-0,6875;1,5847513675689697;-0,16210131347179413;0;0;100;10;1;
479,251;-4,3125;-9,910353660583496;-8,581194877624512;-0,6875;1,5847513675689697;-0,16210131347179413;0;0;100;10;1;
479,254;-4,3125;-9,910353660583496;-8,581194877624512;-0,6875;1,5847513675689697;-0,16210131347179413;0;0;100;10;1;
479,257;-4,3125;-10,100955963134766;-8,72939395904541;-0,6875;1,3876792192459106;-0,5191575884819031;0;0;100;10;1;
479,26;-4,3125;-10,100955963134766;-8,72939395904541;-0,8125;1,3876792192459106;-0,5191575884819031;0;0;100;10;1;
479,263;-4,3125;-10,100955963134766;-8,72939395904541;-0,8125;1,3876792192459106;-0,5191575884819031;0;0;100;10;1;
479,266;-4,3125;-10,100955963134766;-8,72939395904541;-0,8125;1,3876792192459106;-0,5191575884819031;0;0;100;10;1;
479,269;-4,3125;-9,978521347045898;-8,660826683044434;-0,875;1,3045424222946167;-0,7620797753334045;0;0;100;10;1;
479,272;-4,3125;-9,978521347045898;-8,660826683044434;-0,875;1,3045424222946167;-0,7620797753334045;0;0;100;10;1;
479,275;-4,3125;-9,978521347045898;-8,660826683044434;-0,875;1,3045424222946167;-0,7620797753334045;0;0;100;10;1;
479,278;-4,3125;-10,306581497192383;-8,861991882324219;-0,8125;0,8690943121910095;-1,1913278102874756;0;0;100;10;1;
479,28;-4,1875;-10,306581497192383;-8,861991882324219;-0,8125;0,8690943121910095;-1,1913278102874756;0;0;100;10;1;
479,283;-4,1875;-10,306581497192383;-8,861991882324219;-0,8125;0,8690943121910095;-1,1913278102874756;0;0;100;10;1;
479,286;-4,1875;-10,306581497192383;-8,861991882324219;-0,8125;0,8690943121910095;-1,1913278102874756;0;0;100;10;1;
479,289;-4,125;-10,628347396850586;-9,048460960388184;-0,6875;0,44078528881073;-1,6170228719711304;0;0;100;10;1;
479,292;-4,125;-10,628347396850586;-9,048460960388184;-0,6875;0,44078528881073;-1,6170228719711304;0;0;100;10;1;
479,295;-4,125;-10,628347396850586;-9,048460960388184;-0,6875;0,44078528881073;-1,6170228719711304;0;0;100;10;1;
479,298;-4;-10,310322761535645;-8,798737525939941;-0,5;0,40796685218811035;-1,7177469730377197;0;0;100;10;1;
479,301;-4;-10,310322761535645;-8,798737525939941;-0,5;0,40796685218811035;-1,7177469730377197;0;0;100;10;1;
479,304;-4;-10,310322761535645;-8,798737525939941;-0,5;0,40796685218811035;-1,7177469730377197;0;0;100;10;1;
479,307;-4;-10,310322761535645;-8,798737525939941;-0,5;0,40796685218811035;-1,7177469730377197;0;0;100;10;1;
479,309;-3,9375;-10,25352668762207;-8,71323299407959;-0,25;0,776931881904602;-1,5181540250778198;0;0;100;10;1;
479,312;-3,9375;-10,25352668762207;-8,71323299407959;-0,25;0,776931881904602;-1,5181540250778198;0;0;100;10;1;
479,315;-3,9375;-10,25352668762207;-8,71323299407959;-0,25;0,776931881904602;-1,5181540250778198;0;0;100;10;1;
479,318;-3,8125;-10,306851387023926;-8,709650993347168;0;1,2213636636734009;-1,2363063097000122;0;0;100;10;1;
479,32;-3,8125;-10,306851387023926;-8,709650993347168;0;1,2213636636734009;-1,2363063097000122;0;0;100;10;1;
479,323;-3,8125;-10,306851387023926;-8,709650993347168;0;1,2213636636734009;-1,2363063097000122;0;0;100;10;1;
479,326;-3,8125;-10,306851387023926;-8,709650993347168;0;1,2213636636734009;-1,2363063097000122;0;0;100;10;1;
479,329;-3,75;-10,110273361206055;-8,559118270874023;0,375;1,3249577283859253;-1,162480115890503;0;0;100;10;1;
479,331;-3,75;-10,110273361206055;-8,559118270874023;0,375;1,3249577283859253;-1,162480115890503;0;0;100;10;1;
479,334;-3,75;-10,110273361206055;-8,559118270874023;0,375;1,3249577283859253;-1,162480115890503;0;0;100;10;1;
479,337;-3,75;-9,918328285217285;-8,413079261779785;0,375;1,422060251235962;-1,0870554447174072;0;0;100;10;1;
479,339;-3,75;-9,918328285217285;-8,413079261779785;0,6875;1,422060251235962;-1,0870554447174072;0;0;100;10;1;
479,342;-3,75;-9,918328285217285;-8,413079261779785;0,6875;1,422060251235962;-1,0870554447174072;0;0;100;10;1;
479,345;-3,75;-9,918328285217285;-8,413079261779785;0,6875;1,422060251235962;-1,0870554447174072;0;0;100;10;1;
479,348;-3,75;-10,52436637878418;-8,801847457885742;1;1,760465145111084;-0,8407593965530396;0;0;100;10;1;
479,351;-3,75;-10,52436637878418;-8,801847457885742;1;1,760465145111084;-0,8407593965530396;0;0;100;10;1;
479,354;-3,75;-10,52436637878418;-8,801847457885742;1;1,760465145111084;-0,8407593965530396;0;0;100;10;1;
479,357;-3,75;-10,52436637878418;-8,801847457885742;1;1,760465145111084;-0,8407593965530396;0;0;100;10;1;
479,36;-3,8125;-11,027236938476562;-9,152914047241211;1,3125;2,489300489425659;-0,3449736535549164;0;0;100;10;1;
479,363;-3,8125;-11,027236938476562;-9,152914047241211;1,3125;2,489300489425659;-0,3449736535549164;0;0;100;10;1;
479,367;-3,8125;-11,027236938476562;-9,152914047241211;1,3125;2,489300489425659;-0,3449736535549164;0;0;100;10;1;
479,37;-3,9375;-11,596763610839844;-9,576683044433594;1,5625;3,1058764457702637;0,07103696465492249;0;0;100;10;1;
479,373;-3,9375;-11,596763610839844;-9,576683044433594;1,5625;3,1058764457702637;0,07103696465492249;0;0;100;10;1;
479,376;-3,9375;-11,596763610839844;-9,576683044433594;1,5625;3,1058764457702637;0,07103696465492249;0;0;100;10;1;
479,378;-4,0625;-12,104216575622559;-9,97604751586914;1,75;2,8961291313171387;-0,061326250433921814;0;0;100;10;1;
479,381;-4,0625;-12,104216575622559;-9,97604751586914;1,75;2,8961291313171387;-0,061326250433921814;0;0;100;10;1;
479,384;-4,0625;-12,104216575622559;-9,97604751586914;1,75;2,8961291313171387;-0,061326250433921814;0;0;100;10;1;
479,388;-4,25;-12,169836044311523;-10,08447265625;1,9375;3,3546528816223145;0,23874926567077637;0;0;100;10;1;
479,39;-4,25;-12,169836044311523;-10,08447265625;1,9375;3,3546528816223145;0,23874926567077637;0;0;100;10;1;
479,393;-4,25;-12,169836044311523;-10,08447265625;1,9375;3,3546528816223145;0,23874926567077637;0;0;100;10;1;
479,396;-4,25;-12,169836044311523;-10,08447265625;1,9375;3,3546528816223145;0,23874926567077637;0;0;100;10;1;
479,399;-4,4375;-11,424779891967773;-9,679205894470215;2,0625;3,6524696350097656;0,42774397134780884;0;0;100;10;1;
479,402;-4,4375;-11,424779891967773;-9,679205894470215;2,0625;3,6524696350097656;0,42774397134780884;0;0;100;10;1;
479,404;-4,4375;-11,424779891967773;-9,679205894470215;2,0625;3,6524696350097656;0,42774397134780884;0;0;100;10;1;
479,407;-4,4375;-11,424779891967773;-9,679205894470215;2,0625;3,6524696350097656;0,42774397134780884;0;0;100;10;1;
479,41;-4,6875;-11,138017654418945;-9,601099014282227;2,125;3,885110855102539;0,5278359651565552;0;0;100;10;1;
479,413;-4,6875;-11,138017654418945;-9,601099014282227;2,125;3,885110855102539;0,5278359651565552;0;0;100;10;1;
479,416;-4,6875;-11,138017654418945;-9,601099014282227;2,125;3,885110855102539;0,5278359651565552;0;0;100;10;1;
479,419;-4,9375;-11,055086135864258;-9,663090705871582;2,1875;4,035465240478516;0,5565177798271179;0;0;100;10;1;
479,421;-4,9375;-11,055086135864258;-9,663090705871582;2,1875;4,035465240478516;0,5565177798271179;0;0;100;10;1;
479,424;-4,9375;-11,055086135864258;-9,663090705871582;2,1875;4,035465240478516;0,5565177798271179;0;0;100;10;1;
479,427;-4,9375;-11,055086135864258;-9,663090705871582;2,1875;4,035465240478516;0,5565177798271179;0;0;100;10;1;
479,429;-5,375;-11,426169395446777;-10,074607849121094;2,3125;4,03511905670166;0,5113040208816528;0;0;100;10;1;
479,432;-5,375;-11,426169395446777;-10,074607849121094;2,3125;4,03511905670166;0,5113040208816528;0;0;100;10;1;
479,435;-5,375;-11,426169395446777;-10,074607849121094;2,3125;4,03511905670166;0,5113040208816528;0;0;100;10;1;
479,438;-5,375;-12,330660820007324;-10,833205223083496;2,3125;3,8770570755004883;0,3571077585220337;0;0;100;10;1;
479,441;-5,375;-12,330660820007324;-10,833205223083496;2,3125;3,8770570755004883;0,3571077585220337;0;0;100;10;1;
479,444;-5,375;-12,330660820007324;-10,833205223083496;2,3125;3,8770570755004883;0,3571077585220337;0;0;100;10;1;
479,446;-5,375;-12,819720268249512;-10,833205223083496;2,3125;4,2814226150512695;0,5483325719833374;0;0;100;10;1;
479,449;-5,75;-12,819720268249512;-11,313193321228027;2,4375;4,2814226150512695;0,5483325719833374;0;0;100;10;1;
479,452;-5,75;-12,819720268249512;-11,313193321228027;2,4375;4,2814226150512695;0,5483325719833374;0;0;100;10;1;
479,455;-5,75;-12,819720268249512;-11,313193321228027;2,4375;4,2814226150512695;0,5483325719833374;0;0;100;10;1;
479,458;-6,4375;-12,550126075744629;-11,255289077758789;2,4375;4,415346145629883;0,4977641701698303;0;0;100;10;1;
479,461;-6,4375;-12,550126075744629;-11,255289077758789;2,4375;4,415346145629883;0,4977641701698303;0;0;100;10;1;
479,465;-6,4375;-12,550126075744629;-11,255289077758789;2,4375;4,415346145629883;0,4977641701698303;0;0;100;10;1;
479,468;-6,4375;-12,629493713378906;-11,391036033630371;2,4375;4,9249773025512695;0,7216464877128601;0;0;100;10;1;
479,471;-6,625;-12,629493713378906;-11,391036033630371;2,4375;4,9249773025512695;0,7216464877128601;0;0;100;10;1;
479,474;-6,625;-12,629493713378906;-11,391036033630371;2,4375;4,9249773025512695;0,7216464877128601;0;0;100;10;1;
479,477;-6,625;-12,629493713378906;-11,391036033630371;2,4375;4,9249773025512695;0,7216464877128601;0;0;100;10;1;
479,479;-6,625;-13,015085220336914;-11,67025089263916;2,5;5,037026405334473;0,7373053431510925;0;0;100;10;1;
479,482;-6,625;-13,015085220336914;-11,67025089263916;2,5;5,037026405334473;0,7373053431510925;0;0;100;10;1;
479,486;-6,625;-13,015085220336914;-11,67025089263916;2,5;5,037026405334473;0,7373053431510925;0;0;100;10;1;
479,489;-6,625;-14,073486328125;-12,389080047607422;2,5;4,733520984649658;0,4788535237312317;0;0;100;10;1;
479,491;-6,625;-14,073486328125;-12,389080047607422;2,5;4,733520984649658;0,4788535237312317;0;0;100;10;1;
479,494;-6,625;-14,073486328125;-12,389080047607422;2,5;4,733520984649658;0,4788535237312317;0;0;100;10;1;
479,497;-6,5;-14,024103164672852;-12,325332641601562;2,625;4,812572956085205;0,45825710892677307;0;0;100;10;1;
479,501;-6,5;-14,024103164672852;-12,325332641601562;2,625;4,812572956085205;0,45825710892677307;0;0;100;10;1;
479,504;-6,5;-14,024103164672852;-12,325332641601562;2,625;4,812572956085205;0,45825710892677307;0;0;100;10;1;
479,506;-6,5;-14,024103164672852;-12,325332641601562;2,625;4,812572956085205;0,45825710892677307;0;0;100;10;1;
479,509;-6,1875;-13,681665420532227;-12,07167911529541;2,6875;5,38666296005249;0,7082419395446777;0;0;100;10;1;
479,512;-6,1875;-13,681665420532227;-12,07167911529541;2,6875;5,38666296005249;0,7082419395446777;0;0;100;10;1;
479,515;-6,1875;-13,681665420532227;-12,07167911529541;2,6875;5,38666296005249;0,7082419395446777;0;0;100;10;1;
479,518;-6,1875;-12,595504760742188;-11,326811790466309;2,6875;5,737498760223389;0,8292336463928223;0;0;100;10;1;
479,52;-6,0625;-12,595504760742188;-11,326811790466309;2,6875;5,737498760223389;0,8292336463928223;0;0;100;10;1;
479,523;-6,0625;-12,595504760742188;-11,326811790466309;2,6875;5,737498760223389;0,8292336463928223;0;0;100;10;1;
479,526;-6,0625;-12,595504760742188;-11,326811790466309;2,6875;5,737498760223389;0,8292336463928223;0;0;100;10;1;
479,528;-6,0625;-12,319670677185059;-11,326811790466309;2,6875;6,0087480545043945;0,8292336463928223;0;0;100;10;1;
479,531;-6;-12,319670677185059;-11,130516052246094;2,5625;6,0087480545043945;0,8710343837738037;0;0;100;10;1;
479,534;-6;-12,319670677185059;-11,130516052246094;2,5625;6,0087480545043945;0,8710343837738037;0;0;100;10;1;
479,536;-6;-12,15080738067627;-11,004302978515625;2,5625;5,904661178588867;0,6746834516525269;0;0;100;10;1;
479,539;-6;-12,15080738067627;-11,004302978515625;2,5625;5,904661178588867;0,6746834516525269;0;0;100;10;1;
479,542;-6;-12,15080738067627;-11,004302978515625;2,5625;5,904661178588867;0,6746834516525269;0;0;100;10;1;
479,544;-6;-12,15080738067627;-11,004302978515625;2,5625;5,904661178588867;0,6746834516525269;0;0;100;10;1;
479,547;-6;-11,945500373840332;-10,878514289855957;2,5;5,6937642097473145;0,4088912904262543;0;0;100;10;1;
479,551;-6;-11,945500373840332;-10,878514289855957;2,5;5,6937642097473145;0,4088912904262543;0;0;100;10;1;
479,554;-6;-11,945500373840332;-10,878514289855957;2,5;5,6937642097473145;0,4088912904262543;0;0;100;10;1;
479,557;-6;-11,945500373840332;-10,878514289855957;2,5;5,6937642097473145;0,4088912904262543;0;0;100;10;1;
479,56;-6,4375;-11,468786239624023;-10,678775787353516;2,5;5,804998397827148;0,39476773142814636;0;0;100;10;1;
479,563;-6,4375;-11,468786239624023;-10,678775787353516;2,5;5,804998397827148;0,39476773142814636;0;0;100;10;1;
479,566;-6,4375;-11,468786239624023;-10,678775787353516;2,5;5,804998397827148;0,39476773142814636;0;0;100;10;1;
479,569;-6,8125;-11,618436813354492;-10,908864974975586;2,5;5,775400638580322;0,2778109014034271;0;0;100;10;1;
479,572;-6,8125;-11,618436813354492;-10,908864974975586;2,5;5,775400638580322;0,2778109014034271;0;0;100;10;1;
479,575;-6,8125;-11,618436813354492;-10,908864974975586;2,5;5,775400638580322;0,2778109014034271;0;0;100;10;1;
479,578;-6,8125;-11,618436813354492;-10,908864974975586;2,5;5,775400638580322;0,2778109014034271;0;0;100;10;1;
479,581;-7,0625;-11,320804595947266;-10,82260799407959;2,5;5,722719192504883;0,1389150768518448;0;0;100;10;1;
479,584;-7,0625;-11,320804595947266;-10,82260799407959;2,5;5,722719192504883;0,1389150768518448;0;0;100;10;1;
479,587;-7,0625;-11,97105884552002;-11,351984977722168;2,5;5,697102069854736;0,02267036959528923;0;0;100;10;1;
479,59;-7,0625;-11,97105884552002;-11,351984977722168;2,5;5,697102069854736;0,02267036959528923;0;0;100;10;1;
479,593;-7,0625;-11,97105884552002;-11,351984977722168;2,5;5,697102069854736;0,02267036959528923;0;0;100;10;1;
479,595;-7,0625;-11,97105884552002;-11,351984977722168;2,5;5,697102069854736;0,02267036959528923;0;0;100;10;1;
479,598;-7,1875;-12,361222267150879;-11,642213821411133;2,3125;6,008144378662109;0,06390604376792908;0;0;100;10;1;
479,601;-7,1875;-12,361222267150879;-11,642213821411133;2,3125;6,008144378662109;0,06390604376792908;0;0;100;10;1;
479,605;-7,1875;-12,361222267150879;-11,642213821411133;2,3125;6,008144378662109;0,06390604376792908;0;0;100;10;1;
479,607;-7,1875;-12,361222267150879;-11,642213821411133;2,3125;6,008144378662109;0,06390604376792908;0;0;100;10;1;
479,611;-6,625;-11,862586975097656;-11,171919822692871;1,5;5,900933265686035;-0,27503636479377747;0;0;100;10;1;
479,614;-6,625;-11,862586975097656;-11,171919822692871;1,5;5,900933265686035;-0,27503636479377747;0;0;100;10;1;
479,617;-6,625;-11,862586975097656;-11,171919822692871;1,5;5,900933265686035;-0,27503636479377747;0;0;100;10;1;
479,62;-6,1875;-11,106414794921875;-10,512182235717773;0,8125;5,827512741088867;-0,6294445395469666;0;0;100;10;1;
479,623;-6,1875;-11,106414794921875;-10,512182235717773;0,8125;5,827512741088867;-0,6294445395469666;0;0;100;10;1;
479,625;-6,1875;-11,106414794921875;-10,512182235717773;0,8125;5,827512741088867;-0,6294445395469666;0;0;100;10;1;
479,628;-6,1875;-11,106414794921875;-10,512182235717773;0,8125;5,827512741088867;-0,6294445395469666;0;0;100;10;1;
479,63;-5,6875;-10,826422691345215;-10,151225090026855;0;5,933231353759766;-0,930545449256897;0;0;100;10;1;
479,634;-5,6875;-10,826422691345215;-10,151225090026855;0;5,933231353759766;-0,930545449256897;0;0;100;10;1;
479,636;-5,6875;-10,826422691345215;-10,151225090026855;0;5,933231353759766;-0,930545449256897;0;0;100;10;1;
479,639;-5,6875;-10,209084510803223;-9,563496589660645;0;5,047268867492676;-1,868756890296936;0;0;100;10;1;
479,642;-5,6875;-10,209084510803223;-9,563496589660645;0;5,047268867492676;-1,868756890296936;0;0;100;10;1;
479,645;-5,6875;-10,209084510803223;-9,563496589660645;0;5,047268867492676;-1,868756890296936;0;0;100;10;1;
479,648;-5,1875;-9,364151000976562;-8,79639720916748;-0,8125;4,092222213745117;-2,833662986755371;0;0;100;10;1;
479,651;-5,1875;-9,364151000976562;-8,79639720916748;-0,8125;4,092222213745117;-2,833662986755371;0;0;100;10;1;
479,653;-5,1875;-9,364151000976562;-8,79639720916748;-0,8125;4,092222213745117;-2,833662986755371;0;0;100;10;1;
479,656;-5,1875;-9,364151000976562;-8,79639720916748;-0,8125;4,092222213745117;-2,833662986755371;0;0;100;10;1;
479,659;-4,4375;-8,445870399475098;-8,076581954956055;-1,9375;3,4649133682250977;-3,399827480316162;0;0;100;10;1;
479,662;-4,4375;-8,445870399475098;-8,076581954956055;-1,9375;3,4649133682250977;-3,399827480316162;0;0;100;10;1;
479,666;-4,4375;-8,445870399475098;-8,076581954956055;-1,9375;3,4649133682250977;-3,399827480316162;0;0;100;10;1;
479,669;-4,375;-7,773218631744385;-7,582125663757324;-2,0625;2,4744534492492676;-4,075575351715088;0;0;100;10;1;
479,673;-4,375;-7,773218631744385;-7,582125663757324;-2,0625;2,4744534492492676;-4,075575351715088;0;0;100;10;1;
479,676;-4,375;-7,773218631744385;-7,582125663757324;-2,0625;2,4744534492492676;-4,075575351715088;0;0;100;10;1;
479,678;-4,375;-7,773218631744385;-7,582125663757324;-2,0625;2,4744534492492676;-4,075575351715088;0;0;100;10;1;
479,681;-4,5625;-7,551828384399414;-7,462411403656006;-1,875;2,352635383605957;-4,048614978790283;0;0;100;10;1;
479,685;-4,5625;-7,551828384399414;-7,462411403656006;-1,875;2,352635383605957;-4,048614978790283;0;0;100;10;1;
479,688;-4,5625;-7,330957889556885;-7,344101428985596;-1,875;2,2961313724517822;-3,977372884750366;0;0;100;10;1;
479,69;-4,5625;-7,330957889556885;-7,344101428985596;-1,875;2,2961313724517822;-3,977372884750366;0;0;100;10;1;
479,693;-4,5625;-7,330957889556885;-7,344101428985596;-1,875;2,2961313724517822;-3,977372884750366;0;0;100;10;1;
479,696;-4,5625;-7,330957889556885;-7,344101428985596;-1,875;2,2961313724517822;-3,977372884750366;0;0;100;10;1;
479,699;-4,9375;-7,541396141052246;-7,583930969238281;-1,3125;1,9341559410095215;-4,004415512084961;0;0;100;10;1;
479,702;-4,9375;-7,541396141052246;-7,583930969238281;-1,3125;1,9341559410095215;-4,004415512084961;0;0;100;10;1;
479,705;-4,9375;-7,541396141052246;-7,583930969238281;-1,3125;1,9341559410095215;-4,004415512084961;0;0;100;10;1;
479,708;-4,9375;-7,541396141052246;-7,583930969238281;-1,3125;1,9341559410095215;-4,004415512084961;0;0;100;10;1;
479,71;-6,0625;-7,8472700119018555;-7,925823211669922;-0,25;2,1481916904449463;-3,672736406326294;0;0;100;10;1;
479,713;-6,0625;-7,8472700119018555;-7,925823211669922;-0,25;2,1481916904449463;-3,672736406326294;0;0;100;10;1;
479,717;-6,0625;-7,8472700119018555;-7,925823211669922;-0,25;2,1481916904449463;-3,672736406326294;0;0;100;10;1;
479,719;-6,6875;-8,926301002502441;-8,80885124206543;0,1875;2,534134864807129;-3,2279763221740723;0;0;100;10;1;
479,722;-6,6875;-8,926301002502441;-8,80885124206543;0,1875;2,534134864807129;-3,2279763221740723;0;0;100;10;1;
479,725;-6,6875;-8,926301002502441;-8,80885124206543;0,1875;2,534134864807129;-3,2279763221740723;0;0;100;10;1;
479,727;-6,6875;-8,926301002502441;-8,80885124206543;0,1875;2,534134864807129;-3,2279763221740723;0;0;100;10;1;
479,73;-7,5625;-10,69679069519043;-10,232287406921387;0,8125;3,365401268005371;-2,437849283218384;0;0;100;10;1;
479,733;-7,5625;-10,69679069519043;-10,232287406921387;0,8125;3,365401268005371;-2,437849283218384;0;0;100;10;1;
479,736;-7,5625;-10,69679069519043;-10,232287406921387;0,8125;3,365401268005371;-2,437849283218384;0;0;100;10;1;
479,739;-7,5625;-11,419050216674805;-10,984182357788086;0,8125;4,840491771697998;-1,2482517957687378;0;0;100;10;1;
479,741;-7,5625;-11,419050216674805;-10,984182357788086;0,8125;4,840491771697998;-1,2482517957687378;0;0;100;10;1;
479,744;-7,5625;-11,419050216674805;-10,984182357788086;0,8125;4,840491771697998;-1,2482517957687378;0;0;100;10;1;
479,747;-7,5625;-11,94367504119873;-11,723943710327148;0,8125;5,211938381195068;-0,7755412459373474;0;0;100;10;1;
479,75;-8,6875;-11,94367504119873;-11,723943710327148;1,4375;5,211938381195068;-0,7755412459373474;0;0;100;10;1;
479,754;-8,6875;-11,94367504119873;-11,723943710327148;1,4375;5,211938381195068;-0,7755412459373474;0;0;100;10;1;
479,756;-8,6875;-11,94367504119873;-11,723943710327148;1,4375;5,211938381195068;-0,7755412459373474;0;0;100;10;1;
479,759;-10,625;-11,88210391998291;-11,993227005004883;2,625;5,508052349090576;-0,3831843137741089;0;0;100;10;1;
479,762;-10,625;-11,88210391998291;-11,993227005004883;2,625;5,508052349090576;-0,3831843137741089;0;0;100;10;1;
479,765;-10,625;-11,88210391998291;-11,993227005004883;2,625;5,508052349090576;-0,3831843137741089;0;0;100;10;1;
479,769;-10,625;-11,968623161315918;-12,28571891784668;2,625;5,93097448348999;0,023216702044010162;0;0;100;10;1;
479,772;-11,3125;-11,968623161315918;-12,28571891784668;3,0625;5,93097448348999;0,023216702044010162;0;0;100;10;1;
479,775;-11,3125;-11,968623161315918;-12,28571891784668;3,0625;5,93097448348999;0,023216702044010162;0;0;100;10;1;
479,778;-11,3125;-11,968623161315918;-12,28571891784668;3,0625;5,93097448348999;0,023216702044010162;0;0;100;10;1;
479,781;-11,75;-13,112682342529297;-13,187566757202148;3,4375;6,504347801208496;0,4990805983543396;0;0;100;10;1;
479,784;-11,75;-13,112682342529297;-13,187566757202148;3,4375;6,504347801208496;0,4990805983543396;0;0;100;10;1;
479,787;-11,75;-13,503813743591309;-13,60555362701416;3,4375;7,448141098022461;1,2025922536849976;0;0;100;10;1;
479,79;-11,75;-13,503813743591309;-13,60555362701416;3,4375;7,448141098022461;1,2025922536849976;0;0;100;10;1;
479,792;-11,75;-13,503813743591309;-13,60555362701416;3,4375;7,448141098022461;1,2025922536849976;0;0;100;10;1;
479,795;-11,75;-13,503813743591309;-13,60555362701416;3,4375;7,448141098022461;1,2025922536849976;0;0;100;10;1;
479,798;-12;-14,044816970825195;-14,065932273864746;3,5625;8,1571626663208;1,6781153678894043;0;0;100;10;1;
479,801;-12;-14,044816970825195;-14,065932273864746;3,5625;8,1571626663208;1,6781153678894043;0;0;100;10;1;
479,804;-12;-14,044816970825195;-14,065932273864746;3,5625;8,1571626663208;1,6781153678894043;0;0;100;10;1;
479,807;-12;-14,044816970825195;-14,065932273864746;3,5625;8,1571626663208;1,6781153678894043;0;0;100;10;1;
479,81;-11,375;-13,30811882019043;-13,441512107849121;3,125;8,478986740112305;1,707279920578003;0;0;100;10;1;
479,812;-11,375;-13,30811882019043;-13,441512107849121;3,125;8,478986740112305;1,707279920578003;0;0;100;10;1;
479,815;-11,375;-13,30811882019043;-13,441512107849121;3,125;8,478986740112305;1,707279920578003;0;0;100;10;1;
479,819;-11,375;-13,30811882019043;-13,441512107849121;3,125;8,478986740112305;1,707279920578003;0;0;100;10;1;
479,821;-10,5;-11,950469970703125;-12,270730018615723;2,6875;8,751981735229492;1,7093099355697632;0;0;100;10;1;
479,824;-10,5;-11,950469970703125;-12,270730018615723;2,6875;8,751981735229492;1,7093099355697632;0;0;100;10;1;
479,827;-10,5;-11,950469970703125;-12,270730018615723;2,6875;8,751981735229492;1,7093099355697632;0;0;100;10;1;
479,829;-10,5;-11,950469970703125;-12,270730018615723;2,6875;8,751981735229492;1,7093099355697632;0;0;100;10;1;
479,832;-9,5625;-11,24376106262207;-11,499330520629883;2,3125;8,785199165344238;1,6137373447418213;0;0;100;10;1;
479,835;-9,5625;-11,24376106262207;-11,499330520629883;2,3125;8,785199165344238;1,6137373447418213;0;0;100;10;1;
479,837;-9,5625;-12,212263107299805;-11,820669174194336;2,3125;6,410775184631348;-0,0426253080368042;0;0;100;10;1;
479,84;-9,5625;-12,212263107299805;-11,820669174194336;2,3125;6,410775184631348;-0,0426253080368042;0;0;100;10;1;
479,843;-9,5625;-12,212263107299805;-11,820669174194336;2,3125;6,410775184631348;-0,0426253080368042;0;0;100;10;1;
479,846;-9,5625;-12,212263107299805;-11,820669174194336;2,3125;6,410775184631348;-0,0426253080368042;0;0;100;10;1;
479,849;-8,625;-10,215394020080566;-10,167699813842773;2;5,983631134033203;-0,37824562191963196;0;0;100;10;1;
479,852;-8,625;-10,215394020080566;-10,167699813842773;2;5,983631134033203;-0,37824562191963196;0;0;100;10;1;
479,855;-8,625;-10,215394020080566;-10,167699813842773;2;5,983631134033203;-0,37824562191963196;0;0;100;10;1;
479,858;-8,625;-10,215394020080566;-10,167699813842773;2;5,983631134033203;-0,37824562191963196;0;0;100;10;1;
479,86;-7;-8,868975639343262;-9,025792121887207;1,375;5,544623851776123;-0,7714304327964783;0;0;100;10;1;
479,863;-7;-8,868975639343262;-9,025792121887207;1,375;5,544623851776123;-0,7714304327964783;0;0;100;10;1;
479,866;-7;-8,868975639343262;-9,025792121887207;1,375;5,544623851776123;-0,7714304327964783;0;0;100;10;1;
479,87;-6,3125;-7,932640552520752;-8,15683650970459;0,8125;5,184761047363281;-1,1861915588378906;0;0;100;10;1;
479,873;-6,3125;-7,932640552520752;-8,15683650970459;0,8125;5,184761047363281;-1,1861915588378906;0;0;100;10;1;
479,876;-6,3125;-7,932640552520752;-8,15683650970459;0,8125;5,184761047363281;-1,1861915588378906;0;0;100;10;1;
479,879;-6,3125;-7,932640552520752;-8,15683650970459;0,8125;5,184761047363281;-1,1861915588378906;0;0;100;10;1;
479,881;-5,5;-7,305263519287109;-7,441821098327637;0,0625;5,014228820800781;-1,5661101341247559;0;0;100;10;1;
479,884;-5,5;-7,305263519287109;-7,441821098327637;0,0625;5,014228820800781;-1,5661101341247559;0;0;100;10;1;
479,887;-5,5;-6,705284118652344;-6,737188816070557;0,0625;4,500403881072998;-2,154195547103882;0;0;100;10;1;
479,89;-5,5;-6,705284118652344;-6,737188816070557;0,0625;4,500403881072998;-2,154195547103882;0;0;100;10;1;
479,893;-5,5;-6,705284118652344;-6,737188816070557;0,0625;4,500403881072998;-2,154195547103882;0;0;100;10;1;
479,896;-5,5;-6,705284118652344;-6,737188816070557;0,0625;4,500403881072998;-2,154195547103882;0;0;100;10;1;
479,898;-4,5625;-5,378392219543457;-5,484096527099609;-1,125;3,3873584270477295;-3,2747578620910645;0;0;100;10;1;
479,901;-4,5625;-5,378392219543457;-5,484096527099609;-1,125;3,3873584270477295;-3,2747578620910645;0;0;100;10;1;
479,904;-4,5625;-5,378392219543457;-5,484096527099609;-1,125;3,3873584270477295;-3,2747578620910645;0;0;100;10;1;
479,907;-4,5625;-5,378392219543457;-5,484096527099609;-1,125;3,3873584270477295;-3,2747578620910645;0;0;100;10;1;
479,91;-4,5625;-4,129328727722168;-4,2487640380859375;-1,125;2,2497692108154297;-4,468854904174805;0;0;100;10;1;
479,913;-2,4375;-4,129328727722168;-4,2487640380859375;-3,8125;2,2497692108154297;-4,468854904174805;0;0;100;10;1;
479,916;-2,4375;-4,129328727722168;-4,2487640380859375;-3,8125;2,2497692108154297;-4,468854904174805;0;0;100;10;1;
479,919;-2,4375;-4,129328727722168;-4,2487640380859375;-3,8125;2,2497692108154297;-4,468854904174805;0;0;100;10;1;
479,922;-1,4375;-2,9709291458129883;-3,077678918838501;-5,125;1,0830591917037964;-5,649242401123047;0;0;100;10;1;
479,925;-1,4375;-2,9709291458129883;-3,077678918838501;-5,125;1,0830591917037964;-5,649242401123047;0;0;100;10;1;
479,927;-1,4375;-2,9709291458129883;-3,077678918838501;-5,125;1,0830591917037964;-5,649242401123047;0;0;100;10;1;
479,93;-1,4375;-2,9709291458129883;-3,077678918838501;-5,125;1,0830591917037964;-5,649242401123047;0;0;100;10;1;
479,932;-0,5;-1,77656888961792;-1,8547203540802002;-6,3125;-0,28417831659317017;-6,929986953735352;0;0;100;10;1;
479,935;-0,5;-1,77656888961792;-1,8547203540802002;-6,3125;-0,28417831659317017;-6,929986953735352;0;0;100;10;1;
479,938;-0,5;-1,4436745643615723;-1,1706392765045166;-6,3125;-1,821671724319458;-8,268680572509766;0;0;100;10;1;
479,941;-0,5;-1,4436745643615723;-1,1706392765045166;-6,3125;-1,821671724319458;-8,268680572509766;0;0;100;10;1;
479,943;-0,5;-1,4436745643615723;-1,1706392765045166;-6,3125;-1,821671724319458;-8,268680572509766;0;0;100;10;1;
479,946;-0,5;-1,4436745643615723;-1,1706392765045166;-6,3125;-1,821671724319458;-8,268680572509766;0;0;100;10;1;
479,948;0,25;-0,7355465292930603;-0,27670931816101074;-7,3125;-3,229912757873535;-9,44045639038086;0;0;100;10;1;
479,951;0,25;-0,7355465292930603;-0,27670931816101074;-7,3125;-3,229912757873535;-9,44045639038086;0;0;100;10;1;
479,954;0,25;-0,7355465292930603;-0,27670931816101074;-7,3125;-3,229912757873535;-9,44045639038086;0;0;100;10;1;
479,957;0,25;-0,7355465292930603;-0,27670931816101074;-7,3125;-3,229912757873535;-9,44045639038086;0;0;100;10;1;
479,96;0,875;0,13579845428466797;0,653035581111908;-8,125;-4,565057754516602;-10,394867897033691;0;0;100;10;1;
479,963;0,875;0,13579845428466797;0,653035581111908;-8,125;-4,565057754516602;-10,394867897033691;0;0;100;10;1;
479,966;0,875;0,13579845428466797;0,653035581111908;-8,125;-4,565057754516602;-10,394867897033691;0;0;100;10;1;
479,969;0,875;0,13579845428466797;0,653035581111908;-8,125;-4,565057754516602;-10,394867897033691;0;0;100;10;1;
479,973;0,75;0,5899627804756165;1,2092082500457764;-8,0625;-5,856306552886963;-11,161660194396973;0;0;100;10;1;
479,976;0,75;0,5899627804756165;1,2092082500457764;-8,0625;-5,856306552886963;-11,161660194396973;0;0;100;10;1;
479,979;0,75;0,5899627804756165;1,2092082500457764;-8,0625;-5,856306552886963;-11,161660194396973;0;0;100;10;1;
479,982;0,4375;0,6829941868782043;1,4765487909317017;-7,875;-6,784371376037598;-11,583260536193848;0;0;100;10;1;
479,985;0,4375;0,6829941868782043;1,4765487909317017;-7,875;-6,784371376037598;-11,583260536193848;0;0;100;10;1;
479,988;0,4375;0,5987228155136108;1,6241109371185303;-7,875;-7,150298118591309;-11,599668502807617;0;0;100;10;1;
479,991;0,4375;0,5987228155136108;1,6241109371185303;-7,875;-7,150298118591309;-11,599668502807617;0;0;100;10;1;
479,994;0,4375;0,5987228155136108;1,6241109371185303;-7,875;-7,150298118591309;-11,599668502807617;0;0;100;10;1;
479,997;0,4375;0,5987228155136108;1,6241109371185303;-7,875;-7,150298118591309;-11,599668502807617;0;0;100;10;1;
479,999;0,25;-0,0664779394865036;1,4171979427337646;-7,8125;-6,1278181076049805;-10,709113121032715;0;0;100;10;1;
480,002;0,25;-0,0664779394865036;1,4171979427337646;-7,8125;-6,1278181076049805;-10,709113121032715;0;0;100;10;1;
480,005;0,25;-0,0664779394865036;1,4171979427337646;-7,8125;-6,1278181076049805;-10,709113121032715;0;0;100;10;1;
480,007;0,25;-0,0664779394865036;1,4171979427337646;-7,8125;-6,1278181076049805;-10,709113121032715;0;0;100;10;1;
480,01;0,1875;-0,49600616097450256;1,3614314794540405;-8,0625;-5,858543395996094;-10,37870979309082;0;0;100;10;1;
480,013;0,1875;-0,49600616097450256;1,3614314794540405;-8,0625;-5,858543395996094;-10,37870979309082;0;0;100;10;1;
480,016;0,1875;-0,49600616097450256;1,3614314794540405;-8,0625;-5,858543395996094;-10,37870979309082;0;0;100;10;1;
480,019;0,1875;-0,49600616097450256;1,3614314794540405;-8,0625;-5,858543395996094;-10,37870979309082;0;0;100;10;1;
480,022;0,375;-0,8777749538421631;1,4234665632247925;-8,25;-5,287054061889648;-9,903295516967773;0;0;100;10;1;
480,025;0,375;-0,8777749538421631;1,4234665632247925;-8,25;-5,287054061889648;-9,903295516967773;0;0;100;10;1;
480,028;0,375;-0,8777749538421631;1,4234665632247925;-8,25;-5,287054061889648;-9,903295516967773;0;0;100;10;1;
480,03;0,375;-0,8777749538421631;1,4234665632247925;-8,25;-5,287054061889648;-9,903295516967773;0;0;100;10;1;
480,033;0,4375;-0,697101891040802;1,8382006883621216;-8,3125;-5,99775505065918;-10,269853591918945;0;0;100;10;1;
480,036;0,4375;-0,697101891040802;1,8382006883621216;-8,3125;-5,99775505065918;-10,269853591918945;0;0;100;10;1;
480,038;0,4375;-0,9217504262924194;1,9675161838531494;-8,3125;-6,723022937774658;-10,58332347869873;0;0;100;10;1;
480,041;0,4375;-0,9217504262924194;1,9675161838531494;-8,3125;-6,723022937774658;-10,58332347869873;0;0;100;10;1;
480,044;0,4375;-0,9217504262924194;1,9675161838531494;-8,3125;-6,723022937774658;-10,58332347869873;0;0;100;10;1;
480,047;0,4375;-0,9217504262924194;1,9675161838531494;-8,3125;-6,723022937774658;-10,58332347869873;0;0;100;10;1;
480,05;0,1875;-1,1603859663009644;1,9909554719924927;-8;-7,179159164428711;-10,584495544433594;0;0;100;10;1;
480,053;0,1875;-1,1603859663009644;1,9909554719924927;-8;-7,179159164428711;-10,584495544433594;0;0;100;10;1;
480,055;0,1875;-1,1603859663009644;1,9909554719924927;-8;-7,179159164428711;-10,584495544433594;0;0;100;10;1;
480,058;0,1875;-1,1603859663009644;1,9909554719924927;-8;-7,179159164428711;-10,584495544433594;0;0;100;10;1;
480,061;-1,3125;-1,8472338914871216;1,6043176651000977;-6,5625;-7,456677436828613;-10,338749885559082;0;0;100;10;1;
480,064;-1,3125;-1,8472338914871216;1,6043176651000977;-6,5625;-7,456677436828613;-10,338749885559082;0;0;100;10;1;
480,067;-1,3125;-1,8472338914871216;1,6043176651000977;-6,5625;-7,456677436828613;-10,338749885559082;0;0;100;10;1;
480,071;-2,375;-2,993619680404663;0,7930932641029358;-5,75;-7,680716514587402;-10,007983207702637;0;0;100;10;1;
480,074;-2,375;-2,993619680404663;0,7930932641029358;-5,75;-7,680716514587402;-10,007983207702637;0;0;100;10;1;
480,077;-2,375;-2,993619680404663;0,7930932641029358;-5,75;-7,680716514587402;-10,007983207702637;0;0;100;10;1;
480,079;-2,375;-2,993619680404663;0,7930932641029358;-5,75;-7,680716514587402;-10,007983207702637;0;0;100;10;1;
480,082;-3,4375;-3,7524709701538086;0,20256932079792023;-4,875;-6,978898525238037;-9,105537414550781;0;0;100;10;1;
480,085;-3,4375;-3,7524709701538086;0,20256932079792023;-4,875;-6,978898525238037;-9,105537414550781;0;0;100;10;1;
480,088;-3,4375;-4,5921149253845215;-0,5003352761268616;-4,875;-6,033024311065674;-8,036063194274902;0;0;100;10;1;
480,091;-3,4375;-4,5921149253845215;-0,5003352761268616;-4,875;-6,033024311065674;-8,036063194274902;0;0;100;10;1;
480,094;-3,4375;-4,5921149253845215;-0,5003352761268616;-4,875;-6,033024311065674;-8,036063194274902;0;0;100;10;1;
480,097;-3,4375;-4,5921149253845215;-0,5003352761268616;-4,875;-6,033024311065674;-8,036063194274902;0;0;100;10;1;
480,099;-4,5;-5,746820449829102;-1,4381635189056396;-3,9375;-3,8029286861419678;-6,098178386688232;0;0;100;10;1;
480,102;-4,5;-5,746820449829102;-1,4381635189056396;-3,9375;-3,8029286861419678;-6,098178386688232;0;0;100;10;1;
480,105;-4,5;-5,746820449829102;-1,4381635189056396;-3,9375;-3,8029286861419678;-6,098178386688232;0;0;100;10;1;
480,108;-4,5;-5,746820449829102;-1,4381635189056396;-3,9375;-3,8029286861419678;-6,098178386688232;0;0;100;10;1;
480,111;-4,5;-7,059574604034424;-2,5285956859588623;-3,9375;-2,8811614513397217;-5,040221691131592;0;0;100;10;1;
480,113;-6,5;-7,059574604034424;-2,5285956859588623;-1,9375;-2,8811614513397217;-5,040221691131592;0;0;100;10;1;
480,116;-6,5;-7,059574604034424;-2,5285956859588623;-1,9375;-2,8811614513397217;-5,040221691131592;0;0;100;10;1;
480,119;-6,5;-7,059574604034424;-2,5285956859588623;-1,9375;-2,8811614513397217;-5,040221691131592;0;0;100;10;1;
480,122;-7,625;-8,023154258728027;-3,42669677734375;-1;-1,8557223081588745;-3,9500248432159424;0;0;100;10;1;
480,124;-7,625;-8,023154258728027;-3,42669677734375;-1;-1,8557223081588745;-3,9500248432159424;0;0;100;10;1;
480,127;-7,625;-8,023154258728027;-3,42669677734375;-1;-1,8557223081588745;-3,9500248432159424;0;0;100;10;1;
480,13;-7,625;-8,023154258728027;-3,42669677734375;-1;-1,8557223081588745;-3,9500248432159424;0;0;100;10;1;
480,132;-8,5625;-9,03427505493164;-4,431605339050293;-0,4375;-1,3020315170288086;-3,23502254486084;0;0;100;10;1;
480,136;-8,5625;-9,03427505493164;-4,431605339050293;-0,4375;-1,3020315170288086;-3,23502254486084;0;0;100;10;1;
480,138;-8,5625;-10,218672752380371;-5,515167713165283;-0,4375;-0,0341266393661499;-2,2238149642944336;0;0;100;10;1;
480,141;-8,5625;-10,218672752380371;-5,515167713165283;-0,4375;-0,0341266393661499;-2,2238149642944336;0;0;100;10;1;
480,144;-8,5625;-10,218672752380371;-5,515167713165283;-0,4375;-0,0341266393661499;-2,2238149642944336;0;0;100;10;1;
480,147;-8,5625;-10,812128067016602;-6,173512935638428;-0,4375;0,9134979248046875;-1,6579713821411133;0;0;100;10;1;
480,15;-9,3125;-10,812128067016602;-6,173512935638428;-0,4375;0,9134979248046875;-1,6579713821411133;0;0;100;10;1;
480,153;-9,3125;-10,812128067016602;-6,173512935638428;-0,4375;0,9134979248046875;-1,6579713821411133;0;0;100;10;1;
480,156;-9,3125;-10,812128067016602;-6,173512935638428;-0,4375;0,9134979248046875;-1,6579713821411133;0;0;100;10;1;
480,158;-9,3125;-10,812128067016602;-6,173512935638428;-0,4375;0,9134979248046875;-1,6579713821411133;0;0;100;10;1;
480,161;-9,3125;-10,772928237915039;-6,173512935638428;-0,4375;2,5965113639831543;-0,8055951595306396;0;0;100;10;1;
480,164;-9,25;-10,772928237915039;-6,27555513381958;-1,875;2,5965113639831543;-0,8055951595306396;0;0;100;10;1;
480,167;-9,25;-10,772928237915039;-6,27555513381958;-1,875;2,5965113639831543;-0,8055951595306396;0;0;100;10;1;
480,17;-9,25;-10,485835075378418;-6,27555513381958;-1,875;3,2704310417175293;-0,7765527367591858;0;0;100;10;1;
480,174;-8,375;-10,485835075378418;-6,102935791015625;-3,125;3,2704310417175293;-0,7765527367591858;0;0;100;10;1;
480,176;-8,375;-10,485835075378418;-6,102935791015625;-3,125;3,2704310417175293;-0,7765527367591858;0;0;100;10;1;
480,179;-8,375;-10,485835075378418;-6,102935791015625;-3,125;3,2704310417175293;-0,7765527367591858;0;0;100;10;1;
480,182;-6,875;-10,166053771972656;-5,72214412689209;-4,8125;3,3120384216308594;-1,2977631092071533;0;0;100;10;1;
480,186;-6,875;-10,166053771972656;-5,72214412689209;-4,8125;3,3120384216308594;-1,2977631092071533;0;0;100;10;1;
480,189;-6,875;-8,923775672912598;-4,503227710723877;-4,8125;2,492142677307129;-2,5180716514587402;0;0;100;10;1;
480,191;-6,875;-8,923775672912598;-4,503227710723877;-4,8125;2,492142677307129;-2,5180716514587402;0;0;100;10;1;
480,194;-6,875;-8,923775672912598;-4,503227710723877;-4,8125;2,492142677307129;-2,5180716514587402;0;0;100;10;1;
480,197;-6,875;-6,672926425933838;-2,3324763774871826;-4,8125;0,7141607999801636;-4,455870151519775;0;0;100;10;1;
480,2;-4,625;-6,672926425933838;-2,3324763774871826;-6,875;0,7141607999801636;-4,455870151519775;0;0;100;10;1;
480,203;-4,625;-6,672926425933838;-2,3324763774871826;-6,875;0,7141607999801636;-4,455870151519775;0;0;100;10;1;
480,206;-4,625;-6,672926425933838;-2,3324763774871826;-6,875;0,7141607999801636;-4,455870151519775;0;0;100;10;1;
480,209;-4,625;-6,672926425933838;-2,3324763774871826;-6,875;0,7141607999801636;-4,455870151519775;0;0;100;10;1;
480,211;1,0625;-4,26036262512207;0,19693227112293243;-11,4375;-2,1098673343658447;-7,099595069885254;0;0;100;10;1;
480,214;1,0625;-4,26036262512207;0,19693227112293243;-11,4375;-2,1098673343658447;-7,099595069885254;0;0;100;10;1;
480,217;1,0625;-4,26036262512207;0,19693227112293243;-11,4375;-2,1098673343658447;-7,099595069885254;0;0;100;10;1;
480,22;1,0625;-4,26036262512207;0,19693227112293243;-11,4375;-2,1098673343658447;-7,099595069885254;0;0;100;10;1;
480,223;4,25;-1,7561182975769043;3,0044620037078857;-13,5625;-4,966638565063477;-9,633163452148438;0;0;100;10;1;
480,226;4,25;-1,7561182975769043;3,0044620037078857;-13,5625;-4,966638565063477;-9,633163452148438;0;0;100;10;1;
480,228;4,25;-1,7561182975769043;3,0044620037078857;-13,5625;-4,966638565063477;-9,633163452148438;0;0;100;10;1;
480,231;4,25;-1,7561182975769043;3,0044620037078857;-13,5625;-4,966638565063477;-9,633163452148438;0;0;100;10;1;
480,234;7,625;1,2435113191604614;6,318523406982422;-15,625;-7,294588088989258;-11,670296669006348;0;0;100;10;1;
480,237;7,625;1,2435113191604614;6,318523406982422;-15,625;-7,294588088989258;-11,670296669006348;0;0;100;10;1;
480,239;7,625;4,828953266143799;10,131322860717773;-15,625;-10,177360534667969;-13,924246788024902;0;0;100;10;1;
480,242;7,625;4,828953266143799;10,131322860717773;-15,625;-10,177360534667969;-13,924246788024902;0;0;100;10;1;
480,245;7,625;4,828953266143799;10,131322860717773;-15,625;-10,177360534667969;-13,924246788024902;0;0;100;10;1;
480,247;10,9375;8,481477737426758;14,054604530334473;-17,125;-12,611241340637207;-15,579915046691895;0;0;100;10;1;
480,251;10,9375;8,481477737426758;14,054604530334473;-17,125;-12,611241340637207;-15,579915046691895;0;0;100;10;1;
480,254;10,9375;8,481477737426758;14,054604530334473;-17,125;-12,611241340637207;-15,579915046691895;0;0;100;10;1;
480,257;10,9375;8,481477737426758;14,054604530334473;-17,125;-12,611241340637207;-15,579915046691895;0;0;100;10;1;
480,259;10,9375;8,481477737426758;14,054604530334473;-17,125;-12,611241340637207;-15,579915046691895;0;0;100;10;1;
480,262;16,6875;11,11041259765625;17,268543243408203;-18,125;-14,898736000061035;-16,760364532470703;0;0;100;10;1;
480,265;16,6875;11,11041259765625;17,268543243408203;-18,125;-14,898736000061035;-16,760364532470703;0;0;100;10;1;
480,268;16,6875;11,11041259765625;17,268543243408203;-18,125;-14,898736000061035;-16,760364532470703;0;0;100;10;1;
480,272;19,125;13,422048568725586;20,224092483520508;-17,4375;-16,90918731689453;-17,329978942871094;0;0;100;10;1;
480,275;19,125;13,422048568725586;20,224092483520508;-17,4375;-16,90918731689453;-17,329978942871094;0;0;100;10;1;
480,278;19,125;13,422048568725586;20,224092483520508;-17,4375;-16,90918731689453;-17,329978942871094;0;0;100;10;1;
480,281;19,125;13,422048568725586;20,224092483520508;-17,4375;-16,90918731689453;-17,329978942871094;0;0;100;10;1;
480,284;21,3125;14,569275856018066;22,38031578063965;-16,3125;-18,015134811401367;-16,888750076293945;0;0;100;10;1;
480,287;21,3125;14,569275856018066;22,38031578063965;-16,3125;-18,015134811401367;-16,888750076293945;0;0;100;10;1;
480,29;21,3125;15,235751152038574;24,070541381835938;-16,3125;-19,247713088989258;-16,299570083618164;0;0;100;10;1;
480,293;21,3125;15,235751152038574;24,070541381835938;-16,3125;-19,247713088989258;-16,299570083618164;0;0;100;10;1;
480,295;21,3125;15,235751152038574;24,070541381835938;-16,3125;-19,247713088989258;-16,299570083618164;0;0;100;10;1;
480,298;22,9375;16,450223922729492;25,90781593322754;-14,6875;-19,628055572509766;-14,923290252685547;0;0;100;10;1;
480,301;22,9375;16,450223922729492;25,90781593322754;-14,6875;-19,628055572509766;-14,923290252685547;0;0;100;10;1;
480,304;22,9375;16,450223922729492;25,90781593322754;-14,6875;-19,628055572509766;-14,923290252685547;0;0;100;10;1;
480,307;22,9375;16,450223922729492;25,90781593322754;-14,6875;-19,628055572509766;-14,923290252685547;0;0;100;10;1;
480,31;22,9375;16,450223922729492;25,90781593322754;-14,6875;-19,628055572509766;-14,923290252685547;0;0;100;10;1;
480,313;24,9375;17,219472885131836;27,29113006591797;-10,3125;-19,135812759399414;-12,665411949157715;0;0;100;10;1;
480,315;24,9375;17,219472885131836;27,29113006591797;-10,3125;-19,135812759399414;-12,665411949157715;0;0;100;10;1;
480,319;24,9375;17,219472885131836;27,29113006591797;-10,3125;-19,135812759399414;-12,665411949157715;0;0;100;10;1;
480,322;25,25;17,681970596313477;28,237060546875;-7,375;-18,23773193359375;-9,840808868408203;0;0;100;10;1;
480,324;25,25;17,681970596313477;28,237060546875;-7,375;-18,23773193359375;-9,840808868408203;0;0;100;10;1;
480,327;25,25;17,681970596313477;28,237060546875;-7,375;-18,23773193359375;-9,840808868408203;0;0;100;10;1;
480,33;25,25;17,681970596313477;28,237060546875;-7,375;-18,23773193359375;-9,840808868408203;0;0;100;10;1;
480,332;25,25;17,50382423400879;28,44951820373535;-7,375;-17,606882095336914;-6,925865173339844;0;0;100;10;1;
480,335;25,1875;17,50382423400879;28,44951820373535;-4,3125;-17,606882095336914;-6,925865173339844;0;0;100;10;1;
480,338;25,1875;17,712574005126953;28,635204315185547;-4,3125;-16,794069290161133;-3,946230888366699;0;0;100;10;1;
480,341;25,1875;17,712574005126953;28,635204315185547;-4,3125;-16,794069290161133;-3,946230888366699;0;0;100;10;1;
480,343;25,1875;17,712574005126953;28,635204315185547;-4,3125;-16,794069290161133;-3,946230888366699;0;0;100;10;1;
480,346;25,1875;17,712574005126953;28,635204315185547;-4,3125;-16,794069290161133;-3,946230888366699;0;0;100;10;1;
480,349;24,875;18,275781631469727;28,779687881469727;-1,5625;-16,30896759033203;-1,3563532829284668;0;0;100;10;1;
480,352;24,875;18,275781631469727;28,779687881469727;-1,5625;-16,30896759033203;-1,3563532829284668;0;0;100;10;1;
480,355;24,875;18,275781631469727;28,779687881469727;-1,5625;-16,30896759033203;-1,3563532829284668;0;0;100;10;1;
480,357;24,875;18,275781631469727;28,779687881469727;-1,5625;-16,30896759033203;-1,3563532829284668;0;0;100;10;1;
480,36;24,875;18,275781631469727;28,779687881469727;-1,5625;-16,30896759033203;-1,3563532829284668;0;0;100;10;1;
480,363;22,9375;17,482065200805664;27,77822494506836;2,625;-14,200098037719727;2,1167171001434326;0;0;100;10;1;
480,366;22,9375;17,482065200805664;27,77822494506836;2,625;-14,200098037719727;2,1167171001434326;0;0;100;10;1;
480,37;22,9375;17,482065200805664;27,77822494506836;2,625;-14,200098037719727;2,1167171001434326;0;0;100;10;1;
480,373;21,3125;16,871057510375977;26,581127166748047;4,1875;-12,097305297851562;5,281795501708984;0;0;100;10;1;
480,376;21,3125;16,871057510375977;26,581127166748047;4,1875;-12,097305297851562;5,281795501708984;0;0;100;10;1;
480,379;21,3125;16,871057510375977;26,581127166748047;4,1875;-12,097305297851562;5,281795501708984;0;0;100;10;1;
480,382;21,3125;16,533048629760742;25,244718551635742;4,1875;-11,317566871643066;7,363637924194336;0;0;100;10;1;
480,385;19,4375;16,533048629760742;25,244718551635742;5,8125;-11,317566871643066;7,363637924194336;0;0;100;10;1;
480,388;19,4375;15,18026065826416;23,028759002685547;5,8125;-11,613569259643555;8,684314727783203;0;0;100;10;1;
480,391;19,4375;15,18026065826416;23,028759002685547;5,8125;-11,613569259643555;8,684314727783203;0;0;100;10;1;
480,393;19,4375;15,18026065826416;23,028759002685547;5,8125;-11,613569259643555;8,684314727783203;0;0;100;10;1;
480,396;19,4375;15,18026065826416;23,028759002685547;5,8125;-11,613569259643555;8,684314727783203;0;0;100;10;1;
480,399;17,3125;13,64406967163086;20,58594512939453;7,5;-11,816829681396484;9,951826095581055;0;0;100;10;1;
480,402;17,3125;13,64406967163086;20,58594512939453;7,5;-11,816829681396484;9,951826095581055;0;0;100;10;1;
480,404;17,3125;13,64406967163086;20,58594512939453;7,5;-11,816829681396484;9,951826095581055;0;0;100;10;1;
480,407;17,3125;13,64406967163086;20,58594512939453;7,5;-11,816829681396484;9,951826095581055;0;0;100;10;1;
480,41;17,3125;13,64406967163086;20,58594512939453;7,5;-11,816829681396484;9,951826095581055;0;0;100;10;1;
480,412;13,125;12,104507446289062;18,116619110107422;10,1875;-11,222990036010742;11,489151000976562;0;0;100;10;1;
480,415;13,125;12,104507446289062;18,116619110107422;10,1875;-11,222990036010742;11,489151000976562;0;0;100;10;1;
480,418;13,125;12,104507446289062;18,116619110107422;10,1875;-11,222990036010742;11,489151000976562;0;0;100;10;1;
480,421;13,125;10,214118957519531;15,37180233001709;10,1875;-9,918354034423828;13,243354797363281;0;0;100;10;1;
480,424;11;10,214118957519531;15,37180233001709;11,125;-9,918354034423828;13,243354797363281;0;0;100;10;1;
480,427;11;10,214118957519531;15,37180233001709;11,125;-9,918354034423828;13,243354797363281;0;0;100;10;1;
480,429;11;10,214118957519531;15,37180233001709;11,125;-9,918354034423828;13,243354797363281;0;0;100;10;1;
480,432;11;8,491181373596191;12,648889541625977;11,125;-9,438570022583008;14,197454452514648;0;0;100;10;1;
480,435;9,125;8,491181373596191;12,648889541625977;11,6875;-9,438570022583008;14,197454452514648;0;0;100;10;1;
480,438;9,125;6,867620944976807;10,064241409301758;11,6875;-8,915596008300781;14,864734649658203;0;0;100;10;1;
480,441;9,125;6,867620944976807;10,064241409301758;11,6875;-8,915596008300781;14,864734649658203;0;0;100;10;1;
480,444;9,125;6,867620944976807;10,064241409301758;11,6875;-8,915596008300781;14,864734649658203;0;0;100;10;1;
480,447;9,125;6,867620944976807;10,064241409301758;11,6875;-8,915596008300781;14,864734649658203;0;0;100;10;1;
480,449;7,5;6,3088765144348145;8,316265106201172;11,75;-8,999797821044922;14,792915344238281;0;0;100;10;1;
480,452;7,5;6,3088765144348145;8,316265106201172;11,75;-8,999797821044922;14,792915344238281;0;0;100;10;1;
480,455;7,5;6,3088765144348145;8,316265106201172;11,75;-8,999797821044922;14,792915344238281;0;0;100;10;1;
480,458;7,5;6,3088765144348145;8,316265106201172;11,75;-8,999797821044922;14,792915344238281;0;0;100;10;1;
480,46;7,5;6,3088765144348145;8,316265106201172;11,75;-8,999797821044922;14,792915344238281;0;0;100;10;1;
480,463;5,625;5,785970687866211;6,773702144622803;10,8125;-8,276546478271484;15,04613971710205;0;0;100;10;1;
480,466;5,625;5,785970687866211;6,773702144622803;10,8125;-8,276546478271484;15,04613971710205;0;0;100;10;1;
480,469;5,625;5,785970687866211;6,773702144622803;10,8125;-8,276546478271484;15,04613971710205;0;0;100;10;1;
480,473;5;5,079866409301758;5,187525272369385;10,125;-7,828415393829346;14,967229843139648;0;0;100;10;1;
480,476;5;5,079866409301758;5,187525272369385;10,125;-7,828415393829346;14,967229843139648;0;0;100;10;1;
480,479;5;5,079866409301758;5,187525272369385;10,125;-7,828415393829346;14,967229843139648;0;0;100;10;1;
480,481;5;5,19956636428833;4,21267032623291;10,125;-8,039865493774414;14,340980529785156;0;0;100;10;1;
480,484;4,4375;5,19956636428833;4,21267032623291;9,4375;-8,039865493774414;14,340980529785156;0;0;100;10;1;
480,488;4,4375;5,6539506912231445;3,5174498558044434;9,4375;-9,362676620483398;12,946359634399414;0;0;100;10;1;
480,49;4,4375;5,6539506912231445;3,5174498558044434;9,4375;-9,362676620483398;12,946359634399414;0;0;100;10;1;
480,493;4,4375;5,6539506912231445;3,5174498558044434;9,4375;-9,362676620483398;12,946359634399414;0;0;100;10;1;
480,496;4,4375;5,6539506912231445;3,5174498558044434;9,4375;-9,362676620483398;12,946359634399414;0;0;100;10;1;
480,499;4,0625;5,999605178833008;2,9243879318237305;8,8125;-10,59886646270752;11,589345932006836;0;0;100;10;1;
480,502;4,0625;5,999605178833008;2,9243879318237305;8,8125;-10,59886646270752;11,589345932006836;0;0;100;10;1;
480,505;4,0625;5,999605178833008;2,9243879318237305;8,8125;-10,59886646270752;11,589345932006836;0;0;100;10;1;
480,508;4,0625;5,999605178833008;2,9243879318237305;8,8125;-10,59886646270752;11,589345932006836;0;0;100;10;1;
480,51;4,0625;5,999605178833008;2,9243879318237305;8,8125;-10,59886646270752;11,589345932006836;0;0;100;10;1;
480,513;3,1875;5,773418426513672;2,0314133167266846;8,125;-11,248201370239258;10,65674877166748;0;0;100;10;1;
480,516;3,1875;5,773418426513672;2,0314133167266846;8,125;-11,248201370239258;10,65674877166748;0;0;100;10;1;
480,519;3,1875;5,773418426513672;2,0314133167266846;8,125;-11,248201370239258;10,65674877166748;0;0;100;10;1;
480,521;3,1875;5,658737659454346;1,2807544469833374;8,125;-11,579737663269043;9,96019458770752;0;0;100;10;1;
480,525;2,625;5,658737659454346;1,2807544469833374;8;-11,579737663269043;9,96019458770752;0;0;100;10;1;
480,527;2,625;5,658737659454346;1,2807544469833374;8;-11,579737663269043;9,96019458770752;0;0;100;10;1;
480,53;2,625;5,658737659454346;1,2807544469833374;8;-11,579737663269043;9,96019458770752;0;0;100;10;1;
480,533;2,625;5,185358047485352;0,317830353975296;8;-11,020885467529297;9,847456932067871;0;0;100;10;1;
480,536;2,625;5,185358047485352;0,317830353975296;8;-11,020885467529297;9,847456932067871;0;0;100;10;1;
480,539;2,3125;5,521778583526611;-0,014380455017089844;7,8125;-10,702279090881348;9,511682510375977;0;0;100;10;1;
480,541;2,3125;5,521778583526611;-0,014380455017089844;7,8125;-10,702279090881348;9,511682510375977;0;0;100;10;1;
480,544;2,3125;5,521778583526611;-0,014380455017089844;7,8125;-10,702279090881348;9,511682510375977;0;0;100;10;1;
480,547;2,3125;6,118156909942627;0,025794025510549545;7,8125;-10,419571876525879;9,106431007385254;0;0;100;10;1;
480,55;2,5;6,118156909942627;0,025794025510549545;7,5;-10,419571876525879;9,106431007385254;0;0;100;10;1;
480,554;2,5;6,118156909942627;0,025794025510549545;7,5;-10,419571876525879;9,106431007385254;0;0;100;10;1;
480,556;2,5;6,118156909942627;0,025794025510549545;7,5;-10,419571876525879;9,106431007385254;0;0;100;10;1;
480,559;2,5;6,118156909942627;0,025794025510549545;7,5;-10,611465454101562;9,106431007385254;0;0;100;10;1;
480,562;2,5;6,904047966003418;0,32249096035957336;7,5;-10,611465454101562;8,325819969177246;0;0;100;10;1;
480,564;2,875;6,904047966003418;0,32249096035957336;7;-10,611465454101562;8,325819969177246;0;0;100;10;1;
480,567;2,875;6,904047966003418;0,32249096035957336;7;-10,611465454101562;8,325819969177246;0;0;100;10;1;
480,571;2,875;6,904047966003418;0,32249096035957336;7;-10,611465454101562;8,325819969177246;0;0;100;10;1;
480,574;3,875;7,501278400421143;0,5656052231788635;5,875;-10,090660095214844;8,025784492492676;0;0;100;10;1;
480,577;3,875;7,501278400421143;0,5656052231788635;5,875;-10,090660095214844;8,025784492492676;0;0;100;10;1;
480,58;3,875;7,501278400421143;0,5656052231788635;5,875;-10,090660095214844;8,025784492492676;0;0;100;10;1;
480,583;3,875;8,452126502990723;1,0571961402893066;5,875;-9,685014724731445;7,627054214477539;0;0;100;10;1;
480,587;3,875;8,452126502990723;1,0571961402893066;5,875;-9,685014724731445;7,627054214477539;0;0;100;10;1;
480,59;4,4375;8,94774055480957;1,2867279052734375;4,9375;-9,889996528625488;6,73429012298584;0;0;100;10;1;
480,592;4,4375;8,94774055480957;1,2867279052734375;4,9375;-9,889996528625488;6,73429012298584;0;0;100;10;1;
480,595;4,4375;8,94774055480957;1,2867279052734375;4,9375;-9,889996528625488;6,73429012298584;0;0;100;10;1;
480,598;5,125;9,827674865722656;1,8484721183776855;3,75;-11,009737014770508;5,1685566902160645;0;0;100;10;1;
480,601;5,125;9,827674865722656;1,8484721183776855;3,75;-11,009737014770508;5,1685566902160645;0;0;100;10;1;
480,604;5,125;9,827674865722656;1,8484721183776855;3,75;-11,009737014770508;5,1685566902160645;0;0;100;10;1;
480,606;5,125;9,827674865722656;1,8484721183776855;3,75;-11,009737014770508;5,1685566902160645;0;0;100;10;1;
480,609;5,125;9,827674865722656;1,8484721183776855;3,75;-11,009737014770508;5,1685566902160645;0;0;100;10;1;
480,611;5,125;11,032471656799316;2,7507801055908203;3,75;-11,953810691833496;3,736393690109253;0;0;100;10;1;
480,614;5,8125;11,032471656799316;2,7507801055908203;2,5;-11,953810691833496;3,736393690109253;0;0;100;10;1;
480,617;5,8125;11,032471656799316;2,7507801055908203;2,5;-11,953810691833496;3,736393690109253;0;0;100;10;1;
480,62;5,8125;11,636483192443848;3,310983419418335;2,5;-13,498641014099121;1,9943604469299316;0;0;100;10;1;
480,623;6,4375;11,636483192443848;3,310983419418335;1,375;-13,498641014099121;1,9943604469299316;0;0;100;10;1;
480,625;6,4375;11,636483192443848;3,310983419418335;1,375;-13,498641014099121;1,9943604469299316;0;0;100;10;1;
480,628;6,4375;11,636483192443848;3,310983419418335;1,375;-13,498641014099121;1,9943604469299316;0;0;100;10;1;
480,631;6,4375;12,901182174682617;4,3685622215271;1,375;-14,113508224487305;0,9766935706138611;0;0;100;10;1;
480,634;7;12,901182174682617;4,3685622215271;0,5625;-14,113508224487305;0,9766935706138611;0;0;100;10;1;
480,637;7;12,901182174682617;4,3685622215271;0,5625;-14,113508224487305;0,9766935706138611;0;0;100;10;1;
480,639;7,375;13,597464561462402;5,034883975982666;0;-14,96622085571289;-0,06362172961235046;0;0;100;10;1;
480,642;7,375;13,597464561462402;5,034883975982666;0;-14,96622085571289;-0,06362172961235046;0;0;100;10;1;
480,645;7,375;13,597464561462402;5,034883975982666;0;-14,96622085571289;-0,06362172961235046;0;0;100;10;1;
480,648;7,375;13,925188064575195;5,4570536613464355;-0,6875;-16,192005157470703;-1,3464128971099854;0;0;100;10;1;
480,651;7,6875;13,925188064575195;5,4570536613464355;-0,6875;-16,192005157470703;-1,3464128971099854;0;0;100;10;1;
480,654;7,6875;13,925188064575195;5,4570536613464355;-0,6875;-16,192005157470703;-1,3464128971099854;0;0;100;10;1;
480,656;7,6875;13,925188064575195;5,4570536613464355;-0,6875;-16,192005157470703;-1,3464128971099854;0;0;100;10;1;
480,659;7,875;13,571163177490234;5,4617438316345215;-1,5;-16,779909133911133;-2,2197725772857666;0;0;100;10;1;
480,662;7,875;13,571163177490234;5,4617438316345215;-1,5;-16,779909133911133;-2,2197725772857666;0;0;100;10;1;
480,665;7,875;13,571163177490234;5,4617438316345215;-1,5;-16,779909133911133;-2,2197725772857666;0;0;100;10;1;
480,668;7,875;13,367318153381348;5,5783915519714355;-1,5;-17,52157211303711;-3,2351691722869873;0;0;100;10;1;
480,672;8,0625;13,367318153381348;5,5783915519714355;-2,375;-17,52157211303711;-3,2351691722869873;0;0;100;10;1;
480,675;8,0625;13,367318153381348;5,5783915519714355;-2,375;-17,52157211303711;-3,2351691722869873;0;0;100;10;1;
480,678;8,0625;12,620664596557617;5,333414077758789;-2,375;-18,398540496826172;-4,272820949554443;0;0;100;10;1;
480,68;8,125;12,620664596557617;5,333414077758789;-3,0625;-18,398540496826172;-4,272820949554443;0;0;100;10;1;
480,683;8,125;12,620664596557617;5,333414077758789;-3,0625;-18,398540496826172;-4,272820949554443;0;0;100;10;1;
480,686;8,125;12,620664596557617;5,333414077758789;-3,0625;-18,398540496826172;-4,272820949554443;0;0;100;10;1;
480,689;7,9375;12,289555549621582;5,29482889175415;-3,5;-19,1395263671875;-5,126983165740967;0;0;100;10;1;
480,692;7,9375;12,289555549621582;5,29482889175415;-3,5;-19,1395263671875;-5,126983165740967;0;0;100;10;1;
480,695;7,9375;12,289555549621582;5,29482889175415;-3,5;-19,1395263671875;-5,126983165740967;0;0;100;10;1;
480,698;7,5;12,008997917175293;5,238890647888184;-3,625;-19,342761993408203;-5,545330047607422;0;0;100;10;1;
480,701;7,5;12,008997917175293;5,238890647888184;-3,625;-19,342761993408203;-5,545330047607422;0;0;100;10;1;
480,704;7,5;12,008997917175293;5,238890647888184;-3,625;-19,342761993408203;-5,545330047607422;0;0;100;10;1;
480,707;7,5;12,008997917175293;5,238890647888184;-3,625;-19,342761993408203;-5,545330047607422;0;0;100;10;1;
480,709;7,5;11,283750534057617;4,823585033416748;-3,625;-19,106313705444336;-5,668074607849121;0;0;100;10;1;
480,712;6,875;11,283750534057617;4,823585033416748;-3,8125;-19,106313705444336;-5,668074607849121;0;0;100;10;1;
480,715;6,875;11,283750534057617;4,823585033416748;-3,8125;-19,106313705444336;-5,668074607849121;0;0;100;10;1;
480,717;6,875;10,465458869934082;4,329182147979736;-3,8125;-19,129343032836914;-5,9462571144104;0;0;100;10;1;
480,72;6,1875;10,465458869934082;4,329182147979736;-3,9375;-19,129343032836914;-5,9462571144104;0;0;100;10;1;
480,723;6,1875;10,465458869934082;4,329182147979736;-3,9375;-19,129343032836914;-5,9462571144104;0;0;100;10;1;
480,725;6,1875;10,465458869934082;4,329182147979736;-3,9375;-19,129343032836914;-5,9462571144104;0;0;100;10;1;
480,728;6,1875;9,545995712280273;3,715643882751465;-3,9375;-19,227279663085938;-6,271382808685303;0;0;100;10;1;
480,731;5,375;9,545995712280273;3,715643882751465;-4,0625;-19,227279663085938;-6,271382808685303;0;0;100;10;1;
480,734;5,375;9,545995712280273;3,715643882751465;-4,0625;-19,227279663085938;-6,271382808685303;0;0;100;10;1;
480,737;5,375;9,545995712280273;3,715643882751465;-4,0625;-19,227279663085938;-6,271382808685303;0;0;100;10;1;
480,739;4,5;7,8322224617004395;2,5574851036071777;-4,0625;-19,53590202331543;-6,719481468200684;0;0;100;10;1;
480,742;4,5;7,8322224617004395;2,5574851036071777;-4,0625;-19,53590202331543;-6,719481468200684;0;0;100;10;1;
480,744;4,5;7,8322224617004395;2,5574851036071777;-4,0625;-19,53590202331543;-6,719481468200684;0;0;100;10;1;
480,747;4,5;7,8322224617004395;2,5574851036071777;-4,0625;-19,392765045166016;-6,719481468200684;0;0;100;10;1;
480,75;3,4375;6,647047996520996;1,6941064596176147;-4;-19,392765045166016;-6,882314205169678;0;0;100;10;1;
480,754;3,4375;6,647047996520996;1,6941064596176147;-4;-19,392765045166016;-6,882314205169678;0;0;100;10;1;
480,756;3,4375;6,647047996520996;1,6941064596176147;-4;-19,392765045166016;-6,882314205169678;0;0;100;10;1;
480,759;2,375;5,0305938720703125;0,5428643226623535;-3,8125;-18,773426055908203;-6,711947441101074;0;0;100;10;1;
480,762;2,375;5,0305938720703125;0,5428643226623535;-3,8125;-18,773426055908203;-6,711947441101074;0;0;100;10;1;
480,764;2,375;5,0305938720703125;0,5428643226623535;-3,8125;-18,773426055908203;-6,711947441101074;0;0;100;10;1;
480,767;2,375;5,0305938720703125;0,5428643226623535;-3,8125;-18,773426055908203;-6,711947441101074;0;0;100;10;1;
480,77;1,375;3,6999075412750244;-0,4182972311973572;-3,625;-18,178760528564453;-6,585394859313965;0;0;100;10;1;
480,773;1,375;3,6999075412750244;-0,4182972311973572;-3,625;-18,178760528564453;-6,585394859313965;0;0;100;10;1;
480,776;1,375;3,6999075412750244;-0,4182972311973572;-3,625;-18,178760528564453;-6,585394859313965;0;0;100;10;1;
480,779;0,5;1,9709656238555908;-1,5881493091583252;-3,5;-17,561729431152344;-6,472627639770508;0;0;100;10;1;
480,782;0,5;1,9709656238555908;-1,5881493091583252;-3,5;-17,561729431152344;-6,472627639770508;0;0;100;10;1;
480,785;0,5;1,9709656238555908;-1,5881493091583252;-3,5;-17,561729431152344;-6,472627639770508;0;0;100;10;1;
480,788;-0,1875;0,4448010325431824;-2,6223866939544678;-3,4375;-17,053041458129883;-6,4794158935546875;0;0;100;10;1;
480,791;-0,1875;0,4448010325431824;-2,6223866939544678;-3,4375;-17,053041458129883;-6,4794158935546875;0;0;100;10;1;
480,794;-0,1875;0,4448010325431824;-2,6223866939544678;-3,4375;-17,053041458129883;-6,4794158935546875;0;0;100;10;1;
480,797;-0,1875;0,4448010325431824;-2,6223866939544678;-3,4375;-17,053041458129883;-6,4794158935546875;0;0;100;10;1;
480,8;-0,8125;-0,7889374494552612;-3,4267609119415283;-3,4375;-16,346635818481445;-6,402415752410889;0;0;100;10;1;
480,803;-0,8125;-0,7889374494552612;-3,4267609119415283;-3,4375;-16,346635818481445;-6,402415752410889;0;0;100;10;1;
480,805;-0,8125;-0,7889374494552612;-3,4267609119415283;-3,4375;-16,346635818481445;-6,402415752410889;0;0;100;10;1;
480,808;-0,8125;-1,8505972623825073;-4,089987754821777;-3,4375;-15,622647285461426;-6,3400678634643555;0;0;100;10;1;
480,81;-1,3125;-1,8505972623825073;-4,089987754821777;-3,4375;-15,622647285461426;-6,3400678634643555;0;0;100;10;1;
480,813;-1,3125;-1,8505972623825073;-4,089987754821777;-3,4375;-15,622647285461426;-6,3400678634643555;0;0;100;10;1;
480,816;-1,3125;-1,8505972623825073;-4,089987754821777;-3,4375;-15,622647285461426;-6,3400678634643555;0;0;100;10;1;
480,819;-1,6875;-2,5778722763061523;-4,505011081695557;-3,4375;-15,045612335205078;-6,348581790924072;0;0;100;10;1;
480,822;-1,6875;-2,5778722763061523;-4,505011081695557;-3,4375;-15,045612335205078;-6,348581790924072;0;0;100;10;1;
480,824;-1,6875;-2,5778722763061523;-4,505011081695557;-3,4375;-15,045612335205078;-6,348581790924072;0;0;100;10;1;
480,827;-1,6875;-2,5778722763061523;-4,505011081695557;-3,4375;-15,045612335205078;-6,348581790924072;0;0;100;10;1;
480,83;-1,875;-3,034055233001709;-4,694321632385254;-3,375;-14,802055358886719;-6,566519260406494;0;0;100;10;1;
480,833;-1,875;-3,034055233001709;-4,694321632385254;-3,375;-14,802055358886719;-6,566519260406494;0;0;100;10;1;
480,836;-1,875;-3,034055233001709;-4,694321632385254;-3,375;-14,802055358886719;-6,566519260406494;0;0;100;10;1;
480,838;-1,9375;-3,186875343322754;-4,648866653442383;-3,3125;-14,233193397521973;-6,540676593780518;0;0;100;10;1;
480,841;-1,9375;-3,186875343322754;-4,648866653442383;-3,3125;-14,233193397521973;-6,540676593780518;0;0;100;10;1;
480,844;-1,9375;-3,186875343322754;-4,648866653442383;-3,3125;-14,233193397521973;-6,540676593780518;0;0;100;10;1;
480,846;-1,9375;-3,186875343322754;-4,648866653442383;-3,3125;-14,233193397521973;-6,540676593780518;0;0;100;10;1;
480,849;-2;-3,1533026695251465;-4,474148273468018;-3,1875;-13,387505531311035;-6,312744140625;0;0;100;10;1;
480,852;-2;-3,1533026695251465;-4,474148273468018;-3,1875;-13,387505531311035;-6,312744140625;0;0;100;10;1;
480,855;-2;-3,1533026695251465;-4,474148273468018;-3,1875;-13,387505531311035;-6,312744140625;0;0;100;10;1;
480,858;-2;-3,130936861038208;-4,281374931335449;-3,1875;-12,562677383422852;-6,065942764282227;0;0;100;10;1;
480,86;-1,875;-3,130936861038208;-4,281374931335449;-3,0625;-12,562677383422852;-6,065942764282227;0;0;100;10;1;
480,863;-1,875;-3,130936861038208;-4,281374931335449;-3,0625;-12,562677383422852;-6,065942764282227;0;0;100;10;1;
480,865;-1,875;-3,130936861038208;-4,281374931335449;-3,0625;-12,562677383422852;-6,065942764282227;0;0;100;10;1;
480,869;-1,75;-2,6317100524902344;-3,7833938598632812;-2,9375;-12,099074363708496;-6,044267177581787;0;0;100;10;1;
480,872;-1,75;-2,6317100524902344;-3,7833938598632812;-2,9375;-12,099074363708496;-6,044267177581787;0;0;100;10;1;
480,875;-1,75;-2,6317100524902344;-3,7833938598632812;-2,9375;-12,099074363708496;-6,044267177581787;0;0;100;10;1;
480,878;-1,75;-3,0726590156555176;-3,8903205394744873;-2,9375;-11,394200325012207;-5,841046333312988;0;0;100;10;1;
480,881;-1,625;-3,0726590156555176;-3,8903205394744873;-2,8125;-11,394200325012207;-5,841046333312988;0;0;100;10;1;
480,884;-1,625;-3,0726590156555176;-3,8903205394744873;-2,8125;-11,394200325012207;-5,841046333312988;0;0;100;10;1;
480,887;-1,625;-3,0658111572265625;-3,7151389122009277;-2,8125;-10,916582107543945;-5,808844089508057;0;0;100;10;1;
480,89;-1,4375;-3,0658111572265625;-3,7151389122009277;-2,8125;-10,916582107543945;-5,808844089508057;0;0;100;10;1;
480,893;-1,4375;-3,0658111572265625;-3,7151389122009277;-2,8125;-10,916582107543945;-5,808844089508057;0;0;100;10;1;
480,896;-1,4375;-3,0658111572265625;-3,7151389122009277;-2,8125;-10,916582107543945;-5,808844089508057;0;0;100;10;1;
480,899;-1,3125;-3,1921825408935547;-3,6635031700134277;-2,8125;-10,447166442871094;-5,790256500244141;0;0;100;10;1;
480,901;-1,3125;-3,1921825408935547;-3,6635031700134277;-2,8125;-10,447166442871094;-5,790256500244141;0;0;100;10;1;
480,905;-1,3125;-3,1921825408935547;-3,6635031700134277;-2,8125;-10,447166442871094;-5,790256500244141;0;0;100;10;1;
480,907;-1,3125;-3,0560672283172607;-3,4613871574401855;-2,8125;-9,933420181274414;-5,758689880371094;0;0;100;10;1;
480,91;-1,25;-3,0560672283172607;-3,4613871574401855;-2,9375;-9,933420181274414;-5,758689880371094;0;0;100;10;1;
480,913;-1,25;-3,0560672283172607;-3,4613871574401855;-2,9375;-9,933420181274414;-5,758689880371094;0;0;100;10;1;
480,915;-1,25;-3,0560672283172607;-3,4613871574401855;-2,9375;-9,933420181274414;-5,758689880371094;0;0;100;10;1;
480,919;-1,25;-3,0616674423217773;-3,387944459915161;-3,0625;-9,480998992919922;-5,765181541442871;0;0;100;10;1;
480,921;-1,25;-3,0616674423217773;-3,387944459915161;-3,0625;-9,480998992919922;-5,765181541442871;0;0;100;10;1;
480,924;-1,25;-3,0616674423217773;-3,387944459915161;-3,0625;-9,480998992919922;-5,765181541442871;0;0;100;10;1;
480,927;-1,25;-3,0616674423217773;-3,387944459915161;-3,0625;-9,480998992919922;-5,765181541442871;0;0;100;10;1;
480,929;-1,3125;-3,2213196754455566;-3,4383814334869385;-3,3125;-9,194637298583984;-5,8984270095825195;0;0;100;10;1;
480,932;-1,3125;-3,2213196754455566;-3,4383814334869385;-3,3125;-9,194637298583984;-5,8984270095825195;0;0;100;10;1;
480,935;-1,3125;-3,2213196754455566;-3,4383814334869385;-3,3125;-9,194637298583984;-5,8984270095825195;0;0;100;10;1;
480,938;-1,3125;-3,232775926589966;-3,4062156677246094;-3,5625;-8,755192756652832;-5,931654453277588;0;0;100;10;1;
480,941;-1,3125;-3,232775926589966;-3,4062156677246094;-3,5625;-8,755192756652832;-5,931654453277588;0;0;100;10;1;
480,944;-1,3125;-3,232775926589966;-3,4062156677246094;-3,5625;-8,755192756652832;-5,931654453277588;0;0;100;10;1;
480,946;-1,3125;-3,232775926589966;-3,4062156677246094;-3,5625;-8,755192756652832;-5,931654453277588;0;0;100;10;1;
480,949;-1,4375;-3,374204158782959;-3,4942281246185303;-3,875;-8,494901657104492;-6,095623016357422;0;0;100;10;1;
480,953;-1,4375;-3,374204158782959;-3,4942281246185303;-3,875;-8,494901657104492;-6,095623016357422;0;0;100;10;1;
480,955;-1,4375;-3,374204158782959;-3,4942281246185303;-3,875;-8,494901657104492;-6,095623016357422;0;0;100;10;1;
480,958;-1,5625;-3,5205206871032715;-3,5957443714141846;-4,25;-8,264508247375488;-6,268092155456543;0;0;100;10;1;
480,961;-1,5625;-3,5205206871032715;-3,5957443714141846;-4,25;-8,264508247375488;-6,268092155456543;0;0;100;10;1;
480,964;-1,5625;-3,5205206871032715;-3,5957443714141846;-4,25;-8,264508247375488;-6,268092155456543;0;0;100;10;1;
480,966;-1,5625;-3,5205206871032715;-3,5957443714141846;-4,25;-8,264508247375488;-6,268092155456543;0;0;100;10;1;
480,969;-1,8125;-3,5996928215026855;-3,6812663078308105;-4,5625;-8,344358444213867;-6,629283905029297;0;0;100;10;1;
480,972;-1,8125;-3,5996928215026855;-3,6812663078308105;-4,5625;-8,344358444213867;-6,629283905029297;0;0;100;10;1;
480,975;-1,8125;-3,5996928215026855;-3,6812663078308105;-4,5625;-8,344358444213867;-6,629283905029297;0;0;100;10;1;
480,977;-1,8125;-4,06640625;-4,027655124664307;-4,5625;-8,63699722290039;-7,104287147521973;0;0;100;10;1;
480,98;-2;-4,06640625;-4,027655124664307;-4,8125;-8,63699722290039;-7,104287147521973;0;0;100;10;1;
480,983;-2;-4,06640625;-4,027655124664307;-4,8125;-8,63699722290039;-7,104287147521973;0;0;100;10;1;
480,987;-2;-4,06640625;-4,027655124664307;-4,8125;-8,63699722290039;-7,104287147521973;0;0;100;10;1;
480,99;-2,1875;-4,237647533416748;-4,183190822601318;-5,0625;-8,73808765411377;-7,450014591217041;0;0;100;10;1;
480,993;-2,1875;-4,237647533416748;-4,183190822601318;-5,0625;-8,73808765411377;-7,450014591217041;0;0;100;10;1;
480,996;-2,1875;-4,237647533416748;-4,183190822601318;-5,0625;-8,73808765411377;-7,450014591217041;0;0;100;10;1;
480,999;-2,375;-3,8738491535186768;-3,987800121307373;-5,3125;-8,68243408203125;-7,668747901916504;0;0;100;10;1;
481,002;-2,375;-3,8738491535186768;-3,987800121307373;-5,3125;-8,68243408203125;-7,668747901916504;0;0;100;10;1;
481,004;-2,375;-3,8738491535186768;-3,987800121307373;-5,3125;-8,68243408203125;-7,668747901916504;0;0;100;10;1;
481,007;-2,375;-3,8738491535186768;-3,987800121307373;-5,3125;-8,68243408203125;-7,668747901916504;0;0;100;10;1;
481,01;-2,5625;-4,0527262687683105;-4,1323018074035645;-5,5625;-8,753475189208984;-7,976946830749512;0;0;100;10;1;
481,012;-2,5625;-4,0527262687683105;-4,1323018074035645;-5,5625;-8,753475189208984;-7,976946830749512;0;0;100;10;1;
481,015;-2,5625;-4,0527262687683105;-4,1323018074035645;-5,5625;-8,753475189208984;-7,976946830749512;0;0;100;10;1;
481,018;-2,75;-4,0682597160339355;-4,1613054275512695;-5,75;-8,143227577209473;-7,818987846374512;0;0;100;10;1;
481,021;-2,75;-4,0682597160339355;-4,1613054275512695;-5,75;-8,143227577209473;-7,818987846374512;0;0;100;10;1;
481,023;-2,75;-4,0682597160339355;-4,1613054275512695;-5,75;-8,143227577209473;-7,818987846374512;0;0;100;10;1;
481,026;-2,75;-4,0682597160339355;-4,1613054275512695;-5,75;-8,143227577209473;-7,818987846374512;0;0;100;10;1;
481,029;-2,9375;-4,758541584014893;-4,652919769287109;-6;-8,093489646911621;-8,044200897216797;0;0;100;10;1;
481,031;-2,9375;-4,758541584014893;-4,652919769287109;-6;-8,093489646911621;-8,044200897216797;0;0;100;10;1;
481,035;-2,9375;-4,758541584014893;-4,652919769287109;-6;-8,093489646911621;-8,044200897216797;0;0;100;10;1;
481,038;-3,125;-4,848535060882568;-4,764301300048828;-6,4375;-7,533384323120117;-7,987220764160156;0;0;100;10;1;
481,04;-3,125;-4,848535060882568;-4,764301300048828;-6,4375;-7,533384323120117;-7,987220764160156;0;0;100;10;1;
481,043;-3,125;-4,848535060882568;-4,764301300048828;-6,4375;-7,533384323120117;-7,987220764160156;0;0;100;10;1;
481,046;-3,125;-4,848535060882568;-4,764301300048828;-6,4375;-7,533384323120117;-7,987220764160156;0;0;100;10;1;
481,049;-3,3125;-5,507295608520508;-5,226364612579346;-7;-7,676258563995361;-8,445510864257812;0;0;100;10;1;
481,052;-3,3125;-5,507295608520508;-5,226364612579346;-7;-7,676258563995361;-8,445510864257812;0;0;100;10;1;
481,055;-3,3125;-5,507295608520508;-5,226364612579346;-7;-7,676258563995361;-8,445510864257812;0;0;100;10;1;
481,058;-3,3125;-5,654300212860107;-5,356552600860596;-7;-8,10597038269043;-9,082354545593262;0;0;100;10;1;
481,06;-3,4375;-5,654300212860107;-5,356552600860596;-7,625;-8,10597038269043;-9,082354545593262;0;0;100;10;1;
481,063;-3,4375;-5,654300212860107;-5,356552600860596;-7,625;-8,10597038269043;-9,082354545593262;0;0;100;10;1;
481,065;-3,4375;-5,654300212860107;-5,356552600860596;-7,625;-8,10597038269043;-9,082354545593262;0;0;100;10;1;
481,068;-3,4375;-6,224087238311768;-5,735358715057373;-8,1875;-8,85858154296875;-9,907176971435547;0;0;100;10;1;
481,071;-3,4375;-6,224087238311768;-5,735358715057373;-8,1875;-8,85858154296875;-9,907176971435547;0;0;100;10;1;
481,074;-3,4375;-6,224087238311768;-5,735358715057373;-8,1875;-8,85858154296875;-9,907176971435547;0;0;100;10;1;
481,077;-3,4375;-6,224087238311768;-5,735358715057373;-8,1875;-8,85858154296875;-9,907176971435547;0;0;100;10;1;
481,08;-3,3125;-6,376501083374023;-5,780860900878906;-8,5625;-9,29744815826416;-10,445536613464355;0;0;100;10;1;
481,082;-3,3125;-6,376501083374023;-5,780860900878906;-8,5625;-9,29744815826416;-10,445536613464355;0;0;100;10;1;
481,086;-3,3125;-6,376501083374023;-5,780860900878906;-8,5625;-9,29744815826416;-10,445536613464355;0;0;100;10;1;
481,089;-2,875;-6,398214817047119;-5,65313196182251;-8,625;-9,346463203430176;-10,621726989746094;0;0;100;10;1;
481,092;-2,875;-6,398214817047119;-5,65313196182251;-8,625;-9,346463203430176;-10,621726989746094;0;0;100;10;1;
481,095;-2,875;-6,398214817047119;-5,65313196182251;-8,625;-9,346463203430176;-10,621726989746094;0;0;100;10;1;
481,098;-2,875;-6,118600845336914;-5,244494438171387;-8,625;-9,570408821105957;-10,81991958618164;0;0;100;10;1;
481,1;-2,1875;-6,118600845336914;-5,244494438171387;-8,5;-9,570408821105957;-10,81991958618164;0;0;100;10;1;
481,103;-2,1875;-6,118600845336914;-5,244494438171387;-8,5;-9,570408821105957;-10,81991958618164;0;0;100;10;1;
481,106;-2,1875;-6,118600845336914;-5,244494438171387;-8,5;-9,570408821105957;-10,81991958618164;0;0;100;10;1;
481,109;-1,4375;-5,6510009765625;-4,6841654777526855;-8,3125;-8,701191902160645;-10,281046867370605;0;0;100;10;1;
481,111;-1,4375;-5,6510009765625;-4,6841654777526855;-8,3125;-8,701191902160645;-10,281046867370605;0;0;100;10;1;
481,114;-1,4375;-5,6510009765625;-4,6841654777526855;-8,3125;-8,701191902160645;-10,281046867370605;0;0;100;10;1;
481,117;-1,4375;-5,6510009765625;-4,6841654777526855;-8,3125;-8,701191902160645;-10,281046867370605;0;0;100;10;1;
481,12;-0,6875;-4,045108795166016;-3,3920412063598633;-8,125;-8,47651195526123;-10,146369934082031;0;0;100;10;1;
481,123;-0,6875;-4,045108795166016;-3,3920412063598633;-8,125;-8,47651195526123;-10,146369934082031;0;0;100;10;1;
481,125;-0,6875;-4,045108795166016;-3,3920412063598633;-8,125;-8,47651195526123;-10,146369934082031;0;0;100;10;1;
481,128;0;-3,540783643722534;-2,8560240268707275;-7,8125;-8,205333709716797;-9,950901985168457;0;0;100;10;1;
481,131;0;-3,540783643722534;-2,8560240268707275;-7,8125;-8,205333709716797;-9,950901985168457;0;0;100;10;1;
481,133;0;-3,540783643722534;-2,8560240268707275;-7,8125;-8,205333709716797;-9,950901985168457;0;0;100;10;1;
481,136;0;-3,540783643722534;-2,8560240268707275;-7,8125;-8,205333709716797;-9,950901985168457;0;0;100;10;1;
481,139;0,5;-2,555572032928467;-2,05716872215271;-7,375;-7,616560935974121;-9,495330810546875;0;0;100;10;1;
481,142;0,5;-2,555572032928467;-2,05716872215271;-7,375;-7,616560935974121;-9,495330810546875;0;0;100;10;1;
481,145;0,5;-2,555572032928467;-2,05716872215271;-7,375;-7,616560935974121;-9,495330810546875;0;0;100;10;1;
481,147;0,5;-1,7773820161819458;-1,434372901916504;-7,375;-7,021804332733154;-9,032912254333496;0;0;100;10;1;
481,15;0,9375;-1,7773820161819458;-1,434372901916504;-6,9375;-7,021804332733154;-9,032912254333496;0;0;100;10;1;
481,153;0,9375;-1,7773820161819458;-1,434372901916504;-6,9375;-7,021804332733154;-9,032912254333496;0;0;100;10;1;
481,156;0,9375;-1,7773820161819458;-1,434372901916504;-6,9375;-7,021804332733154;-9,032912254333496;0;0;100;10;1;
481,159;1,125;-1,1430752277374268;-0,9591896533966064;-6,5;-6,156862735748291;-8,374585151672363;0;0;100;10;1;
481,161;1,125;-1,1430752277374268;-0,9591896533966064;-6,5;-6,156862735748291;-8,374585151672363;0;0;100;10;1;
481,164;1,125;-1,1430752277374268;-0,9591896533966064;-6,5;-6,156862735748291;-8,374585151672363;0;0;100;10;1;
481,166;1,125;-1,1430752277374268;-0,9591896533966064;-6,5;-6,156862735748291;-8,374585151672363;0;0;100;10;1;
481,17;1,125;-1,4413349628448486;-1,1726882457733154;-6;-5,595232009887695;-7,91159725189209;0;0;100;10;1;
481,173;1,125;-1,4413349628448486;-1,1726882457733154;-6;-5,595232009887695;-7,91159725189209;0;0;100;10;1;
481,176;1,125;-1,4413349628448486;-1,1726882457733154;-6;-5,595232009887695;-7,91159725189209;0;0;100;10;1;
481,178;0,9375;-1,851653814315796;-1,5426528453826904;-5,5625;-4,777115821838379;-7,302553653717041;0;0;100;10;1;
481,181;0,9375;-1,851653814315796;-1,5426528453826904;-5,5625;-4,777115821838379;-7,302553653717041;0;0;100;10;1;
481,184;0,9375;-1,851653814315796;-1,5426528453826904;-5,5625;-4,777115821838379;-7,302553653717041;0;0;100;10;1;
481,187;0,9375;-2,1142873764038086;-1,9085562229156494;-5,5625;-3,886716365814209;-6,707120895385742;0;0;100;10;1;
481,19;0,4375;-2,1142873764038086;-1,9085562229156494;-5,3125;-3,886716365814209;-6,707120895385742;0;0;100;10;1;
481,193;0,4375;-2,1142873764038086;-1,9085562229156494;-5,3125;-3,886716365814209;-6,707120895385742;0;0;100;10;1;
481,196;0,4375;-2,1142873764038086;-1,9085562229156494;-5,3125;-3,886716365814209;-6,707120895385742;0;0;100;10;1;
481,199;-0,125;-2,172741174697876;-2,2203683853149414;-5,25;-3,0779216289520264;-6,214950084686279;0;0;100;10;1;
481,202;-0,125;-2,172741174697876;-2,2203683853149414;-5,25;-3,0779216289520264;-6,214950084686279;0;0;100;10;1;
481,205;-0,125;-2,172741174697876;-2,2203683853149414;-5,25;-3,0779216289520264;-6,214950084686279;0;0;100;10;1;
481,208;-0,9375;-3,437894344329834;-3,366132974624634;-5,3125;-2,843362808227539;-6,152451515197754;0;0;100;10;1;
481,211;-0,9375;-3,437894344329834;-3,366132974624634;-5,3125;-2,843362808227539;-6,152451515197754;0;0;100;10;1;
481,213;-0,9375;-3,437894344329834;-3,366132974624634;-5,3125;-2,843362808227539;-6,152451515197754;0;0;100;10;1;
481,216;-0,9375;-3,437894344329834;-3,366132974624634;-5,3125;-2,843362808227539;-6,152451515197754;0;0;100;10;1;
481,219;-1,6875;-4,5185112953186035;-4,371648788452148;-5,5625;-2,7319705486297607;-6,2288618087768555;0;0;100;10;1;
481,222;-1,6875;-4,5185112953186035;-4,371648788452148;-5,5625;-2,7319705486297607;-6,2288618087768555;0;0;100;10;1;
481,225;-1,6875;-4,5185112953186035;-4,371648788452148;-5,5625;-2,7319705486297607;-6,2288618087768555;0;0;100;10;1;
481,227;-1,6875;-5,804483413696289;-4,371648788452148;-5,5625;-2,699321746826172;-6,422266006469727;0;0;100;10;1;
481,23;-2,375;-5,804483413696289;-5,50032377243042;-6,0625;-2,699321746826172;-6,422266006469727;0;0;100;10;1;
481,233;-2,375;-5,804483413696289;-5,50032377243042;-6,0625;-2,699321746826172;-6,422266006469727;0;0;100;10;1;
481,236;-2,375;-5,804483413696289;-5,50032377243042;-6,0625;-2,699321746826172;-6,422266006469727;0;0;100;10;1;
481,239;-3,0625;-6,614424705505371;-6,3124237060546875;-6,5625;-3,432140588760376;-7,1317315101623535;0;0;100;10;1;
481,242;-3,0625;-6,614424705505371;-6,3124237060546875;-6,5625;-3,432140588760376;-7,1317315101623535;0;0;100;10;1;
481,244;-3,0625;-6,614424705505371;-6,3124237060546875;-6,5625;-3,432140588760376;-7,1317315101623535;0;0;100;10;1;
481,247;-3,0625;-6,614424705505371;-6,3124237060546875;-6,5625;-3,432140588760376;-7,1317315101623535;0;0;100;10;1;
481,25;-3,8125;-7,129167556762695;-6,9293437004089355;-7,0625;-3,803011655807495;-7,6063666343688965;0;0;100;10;1;
481,253;-3,8125;-7,129167556762695;-6,9293437004089355;-7,0625;-3,803011655807495;-7,6063666343688965;0;0;100;10;1;
481,255;-3,8125;-7,129167556762695;-6,9293437004089355;-7,0625;-3,803011655807495;-7,6063666343688965;0;0;100;10;1;
481,258;-4,3125;-7,327188014984131;-7,266796588897705;-7,625;-4,053393840789795;-8,009031295776367;0;0;100;10;1;
481,261;-4,3125;-7,327188014984131;-7,266796588897705;-7,625;-4,053393840789795;-8,009031295776367;0;0;100;10;1;
481,264;-4,3125;-7,327188014984131;-7,266796588897705;-7,625;-4,053393840789795;-8,009031295776367;0;0;100;10;1;
481,266;-4,3125;-7,327188014984131;-7,266796588897705;-7,625;-4,053393840789795;-8,009031295776367;0;0;100;10;1;
481,269;-4,5625;-8,295392036437988;-8,022717475891113;-8,1875;-4,173396110534668;-8,34725284576416;0;0;100;10;1;
481,272;-4,5625;-8,295392036437988;-8,022717475891113;-8,1875;-4,173396110534668;-8,34725284576416;0;0;100;10;1;
481,275;-4,5625;-8,295392036437988;-8,022717475891113;-8,1875;-4,173396110534668;-8,34725284576416;0;0;100;10;1;
481,277;-4,5625;-8,295392036437988;-8,022717475891113;-8,1875;-4,173396110534668;-8,34725284576416;0;0;100;10;1;
481,28;-4,6875;-9,277606010437012;-8,734127044677734;-8,75;-4,663316249847412;-8,88664722442627;0;0;100;10;1;
481,283;-4,6875;-9,277606010437012;-8,734127044677734;-8,75;-4,663316249847412;-8,88664722442627;0;0;100;10;1;
481,287;-4,6875;-9,277606010437012;-8,734127044677734;-8,75;-4,663316249847412;-8,88664722442627;0;0;100;10;1;
481,29;-4,625;-9,494246482849121;-8,888543128967285;-9,1875;-5,144583702087402;-9,387629508972168;0;0;100;10;1;
481,293;-4,625;-9,494246482849121;-8,888543128967285;-9,1875;-5,144583702087402;-9,387629508972168;0;0;100;10;1;
481,296;-4,625;-9,494246482849121;-8,888543128967285;-9,1875;-5,144583702087402;-9,387629508972168;0;0;100;10;1;
481,299;-4,5;-8,365788459777832;-8,134875297546387;-9,5625;-5,830053806304932;-9,958781242370605;0;0;100;10;1;
481,302;-4,5;-8,365788459777832;-8,134875297546387;-9,5625;-5,830053806304932;-9,958781242370605;0;0;100;10;1;
481,305;-4,5;-8,365788459777832;-8,134875297546387;-9,5625;-5,830053806304932;-9,958781242370605;0;0;100;10;1;
481,308;-4,5;-7,688726425170898;-7,663778781890869;-9,8125;-6,345130920410156;-10,40418529510498;0;0;100;10;1;
481,311;-4,3125;-7,688726425170898;-7,663778781890869;-9,8125;-6,345130920410156;-10,40418529510498;0;0;100;10;1;
481,313;-4,3125;-7,688726425170898;-7,663778781890869;-9,8125;-6,345130920410156;-10,40418529510498;0;0;100;10;1;
481,316;-4,3125;-7,688726425170898;-7,663778781890869;-9,8125;-6,345130920410156;-10,40418529510498;0;0;100;10;1;
481,319;-4,0625;-6,772584438323975;-7,045866966247559;-10,0625;-6,412938594818115;-10,533689498901367;0;0;100;10;1;
481,322;-4,0625;-6,772584438323975;-7,045866966247559;-10,0625;-6,412938594818115;-10,533689498901367;0;0;100;10;1;
481,325;-4,0625;-6,772584438323975;-7,045866966247559;-10,0625;-6,412938594818115;-10,533689498901367;0;0;100;10;1;
481,327;-4,0625;-6,772584438323975;-7,045866966247559;-10,0625;-6,412938594818115;-10,533689498901367;0;0;100;10;1;
481,33;-3,875;-6,628256320953369;-6,917020797729492;-10,1875;-6,565605640411377;-10,693191528320312;0;0;100;10;1;
481,333;-3,875;-6,628256320953369;-6,917020797729492;-10,1875;-6,565605640411377;-10,693191528320312;0;0;100;10;1;
481,335;-3,875;-6,628256320953369;-6,917020797729492;-10,1875;-6,565605640411377;-10,693191528320312;0;0;100;10;1;
481,338;-3,625;-5,623917579650879;-6,19929313659668;-10,25;-6,374517440795898;-10,604558944702148;0;0;100;10;1;
481,342;-3,625;-5,623917579650879;-6,19929313659668;-10,25;-6,374517440795898;-10,604558944702148;0;0;100;10;1;
481,344;-3,625;-5,623917579650879;-6,19929313659668;-10,25;-6,374517440795898;-10,604558944702148;0;0;100;10;1;
481,347;-3,625;-5,623917579650879;-6,19929313659668;-10,25;-6,374517440795898;-10,604558944702148;0;0;100;10;1;
481,35;-3,25;-5,837852478027344;-6,235620498657227;-10,3125;-6,240238666534424;-10,577348709106445;0;0;100;10;1;
481,354;-3,25;-5,837852478027344;-6,235620498657227;-10,3125;-6,240238666534424;-10,577348709106445;0;0;100;10;1;
481,357;-3,25;-5,837852478027344;-6,235620498657227;-10,3125;-6,240238666534424;-10,577348709106445;0;0;100;10;1;
481,359;-2,875;-5,421937465667725;-5,838066101074219;-10,4375;-6,351346969604492;-10,714958190917969;0;0;100;10;1;
481,362;-2,875;-5,421937465667725;-5,838066101074219;-10,4375;-6,351346969604492;-10,714958190917969;0;0;100;10;1;
481,365;-2,875;-5,421937465667725;-5,838066101074219;-10,4375;-6,351346969604492;-10,714958190917969;0;0;100;10;1;
481,367;-2,875;-5,421937465667725;-5,838066101074219;-10,4375;-6,351346969604492;-10,714958190917969;0;0;100;10;1;
481,37;-2,3125;-5,202610969543457;-5,516571998596191;-10,625;-6,475802898406982;-10,894495010375977;0;0;100;10;1;
481,374;-2,3125;-5,202610969543457;-5,516571998596191;-10,625;-6,475802898406982;-10,894495010375977;0;0;100;10;1;
481,377;-2,3125;-5,202610969543457;-5,516571998596191;-10,625;-6,475802898406982;-10,894495010375977;0;0;100;10;1;
481,379;-1,875;-4,738425254821777;-5,062913417816162;-10,6875;-6,4149274826049805;-10,89648723602295;0;0;100;10;1;
481,382;-1,875;-4,738425254821777;-5,062913417816162;-10,6875;-6,4149274826049805;-10,89648723602295;0;0;100;10;1;
481,385;-1,875;-4,738425254821777;-5,062913417816162;-10,6875;-6,4149274826049805;-10,89648723602295;0;0;100;10;1;
481,389;-1,6875;-4,144067764282227;-4,646678924560547;-10,625;-6,791109085083008;-11,127921104431152;0;0;100;10;1;
481,392;-1,6875;-4,144067764282227;-4,646678924560547;-10,625;-6,791109085083008;-11,127921104431152;0;0;100;10;1;
481,395;-1,6875;-4,144067764282227;-4,646678924560547;-10,625;-6,791109085083008;-11,127921104431152;0;0;100;10;1;
481,398;-1,8125;-3,767573118209839;-4,470744609832764;-10,5;-7,130163669586182;-11,314908981323242;0;0;100;10;1;
481,401;-1,8125;-3,767573118209839;-4,470744609832764;-10,5;-7,130163669586182;-11,314908981323242;0;0;100;10;1;
481,404;-1,8125;-3,767573118209839;-4,470744609832764;-10,5;-7,130163669586182;-11,314908981323242;0;0;100;10;1;
481,407;-1,8125;-3,767573118209839;-4,470744609832764;-10,5;-7,130163669586182;-11,314908981323242;0;0;100;10;1;
481,41;-2,1875;-3,318385124206543;-4,335188388824463;-10,375;-6,313166618347168;-10,765380859375;0;0;100;10;1;
481,412;-2,1875;-3,318385124206543;-4,335188388824463;-10,375;-6,313166618347168;-10,765380859375;0;0;100;10;1;
481,415;-2,1875;-3,318385124206543;-4,335188388824463;-10,375;-6,313166618347168;-10,765380859375;0;0;100;10;1;
481,418;-2,1875;-3,405764579772949;-4,607380390167236;-10,375;-5,95438289642334;-10,560747146606445;0;0;100;10;1;
481,421;-2,75;-3,405764579772949;-4,607380390167236;-10,375;-5,95438289642334;-10,560747146606445;0;0;100;10;1;
481,423;-2,75;-3,405764579772949;-4,607380390167236;-10,375;-5,95438289642334;-10,560747146606445;0;0;100;10;1;
481,426;-2,75;-3,405764579772949;-4,607380390167236;-10,375;-5,95438289642334;-10,560747146606445;0;0;100;10;1;
481,429;-3,5625;-4,492808818817139;-5,584548473358154;-10,5;-5,709073066711426;-10,481785774230957;0;0;100;10;1;
481,431;-3,5625;-4,492808818817139;-5,584548473358154;-10,5;-5,709073066711426;-10,481785774230957;0;0;100;10;1;
481,434;-3,5625;-4,492808818817139;-5,584548473358154;-10,5;-5,709073066711426;-10,481785774230957;0;0;100;10;1;
481,437;-3,5625;-4,492808818817139;-5,584548473358154;-10,5;-5,709073066711426;-10,481785774230957;0;0;100;10;1;
481,44;-4,3125;-6,213749885559082;-6,9906744956970215;-10,75;-6,285152912139893;-10,973235130310059;0;0;100;10;1;
481,443;-4,3125;-6,213749885559082;-6,9906744956970215;-10,75;-6,285152912139893;-10,973235130310059;0;0;100;10;1;
481,446;-4,3125;-6,213749885559082;-6,9906744956970215;-10,75;-6,285152912139893;-10,973235130310059;0;0;100;10;1;
481,449;-5,0625;-7,8911919593811035;-8,36802864074707;-11,0625;-6,84882926940918;-11,457498550415039;0;0;100;10;1;
481,453;-5,0625;-7,8911919593811035;-8,36802864074707;-11,0625;-6,84882926940918;-11,457498550415039;0;0;100;10;1;
481,455;-5,0625;-7,8911919593811035;-8,36802864074707;-11,0625;-6,84882926940918;-11,457498550415039;0;0;100;10;1;
481,458;-5,0625;-9,080878257751465;-9,400054931640625;-11,0625;-7,2473978996276855;-11,865731239318848;0;0;100;10;1;
481,461;-5,625;-9,080878257751465;-9,400054931640625;-11,3125;-7,2473978996276855;-11,865731239318848;0;0;100;10;1;
481,463;-5,625;-9,080878257751465;-9,400054931640625;-11,3125;-7,2473978996276855;-11,865731239318848;0;0;100;10;1;
481,466;-5,625;-9,080878257751465;-9,400054931640625;-11,3125;-7,2473978996276855;-11,865731239318848;0;0;100;10;1;
481,469;-6,125;-9,912199020385742;-10,109333038330078;-11,5;-7,317386627197266;-12,000999450683594;0;0;100;10;1;
481,472;-6,125;-9,912199020385742;-10,109333038330078;-11,5;-7,317386627197266;-12,000999450683594;0;0;100;10;1;
481,475;-6,125;-9,912199020385742;-10,109333038330078;-11,5;-7,317386627197266;-12,000999450683594;0;0;100;10;1;
481,478;-6,125;-10,883208274841309;-10,881829261779785;-11,5;-7,609992027282715;-12,200927734375;0;0;100;10;1;
481,481;-6,4375;-10,883208274841309;-10,881829261779785;-11,5;-7,609992027282715;-12,200927734375;0;0;100;10;1;
481,484;-6,4375;-10,883208274841309;-10,881829261779785;-11,5;-7,609992027282715;-12,200927734375;0;0;100;10;1;
481,487;-6,4375;-10,883208274841309;-10,881829261779785;-11,5;-7,609992027282715;-12,200927734375;0;0;100;10;1;
481,49;-6,75;-11,22362995147705;-11,212196350097656;-11,1875;-7,657900810241699;-12,145665168762207;0;0;100;10;1;
481,493;-6,75;-11,22362995147705;-11,212196350097656;-11,1875;-7,657900810241699;-12,145665168762207;0;0;100;10;1;
481,496;-6,75;-11,22362995147705;-11,212196350097656;-11,1875;-7,657900810241699;-12,145665168762207;0;0;100;10;1;
481,499;-6,8125;-12,127449989318848;-11,836091995239258;-10,875;-8,166885375976562;-12,356266975402832;0;0;100;10;1;
481,502;-6,8125;-12,127449989318848;-11,836091995239258;-10,875;-8,166885375976562;-12,356266975402832;0;0;100;10;1;
481,505;-6,8125;-12,127449989318848;-11,836091995239258;-10,875;-8,166885375976562;-12,356266975402832;0;0;100;10;1;
481,508;-6,8125;-12,121932983398438;-11,762057304382324;-10,875;-8,069536209106445;-12,189538955688477;0;0;100;10;1;
481,511;-6,625;-12,121932983398438;-11,762057304382324;-10,5625;-8,069536209106445;-12,189538955688477;0;0;100;10;1;
481,514;-6,625;-12,121932983398438;-11,762057304382324;-10,5625;-8,069536209106445;-12,189538955688477;0;0;100;10;1;
481,516;-6,625;-12,121932983398438;-11,762057304382324;-10,5625;-8,069536209106445;-12,189538955688477;0;0;100;10;1;
481,52;-6,25;-11,674397468566895;-11,37588119506836;-10,125;-8,095687866210938;-12,040610313415527;0;0;100;10;1;
481,522;-6,25;-11,674397468566895;-11,37588119506836;-10,125;-8,095687866210938;-12,040610313415527;0;0;100;10;1;
481,525;-6,25;-11,674397468566895;-11,37588119506836;-10,125;-8,095687866210938;-12,040610313415527;0;0;100;10;1;
481,528;-6,25;-11,674397468566895;-11,37588119506836;-10,125;-8,095687866210938;-12,040610313415527;0;0;100;10;1;
481,53;-6;-11,48913288116455;-11,166255950927734;-9,625;-7,681581020355225;-11,568643569946289;0;0;100;10;1;
481,533;-6;-11,48913288116455;-11,166255950927734;-9,625;-7,681581020355225;-11,568643569946289;0;0;100;10;1;
481,535;-6;-11,48913288116455;-11,166255950927734;-9,625;-7,681581020355225;-11,568643569946289;0;0;100;10;1;
481,538;-6;-10,89543342590332;-10,715861320495605;-9,625;-7,058790683746338;-10,900495529174805;0;0;100;10;1;
481,541;-5,6875;-10,89543342590332;-10,715861320495605;-9;-7,058790683746338;-10,900495529174805;0;0;100;10;1;
481,544;-5,6875;-10,89543342590332;-10,715861320495605;-9;-7,058790683746338;-10,900495529174805;0;0;100;10;1;
481,547;-5,6875;-10,89543342590332;-10,715861320495605;-9;-7,058790683746338;-10,900495529174805;0;0;100;10;1;
481,549;-5,4375;-10,462315559387207;-10,336013793945312;-8,3125;-5,858076095581055;-9,874624252319336;0;0;100;10;1;
481,553;-5,4375;-10,462315559387207;-10,336013793945312;-8,3125;-5,858076095581055;-9,874624252319336;0;0;100;10;1;
481,556;-5,4375;-10,462315559387207;-10,336013793945312;-8,3125;-5,858076095581055;-9,874624252319336;0;0;100;10;1;
481,559;-5,0625;-9,973390579223633;-9,896370887756348;-7,75;-4,753221035003662;-8,930068969726562;0;0;100;10;1;
481,561;-5,0625;-9,973390579223633;-9,896370887756348;-7,75;-4,753221035003662;-8,930068969726562;0;0;100;10;1;
481,564;-5,0625;-9,973390579223633;-9,896370887756348;-7,75;-4,753221035003662;-8,930068969726562;0;0;100;10;1;
481,567;-5,0625;-9,973390579223633;-9,896370887756348;-7,75;-4,753221035003662;-8,930068969726562;0;0;100;10;1;
481,57;-4,625;-10,21446704864502;-9,89741039276123;-7,25;-4,062027931213379;-8,314120292663574;0;0;100;10;1;
481,573;-4,625;-10,21446704864502;-9,89741039276123;-7,25;-4,062027931213379;-8,314120292663574;0;0;100;10;1;
481,575;-4,625;-10,21446704864502;-9,89741039276123;-7,25;-4,062027931213379;-8,314120292663574;0;0;100;10;1;
481,578;-4,625;-9,60964584350586;-9,332990646362305;-7,25;-3,0171186923980713;-7,510906219482422;0;0;100;10;1;
481,581;-4,125;-9,60964584350586;-9,332990646362305;-6,9375;-3,0171186923980713;-7,510906219482422;0;0;100;10;1;
481,584;-4,125;-9,60964584350586;-9,332990646362305;-6,9375;-3,0171186923980713;-7,510906219482422;0;0;100;10;1;
481,587;-4,125;-9,60964584350586;-9,332990646362305;-6,9375;-3,0171186923980713;-7,510906219482422;0;0;100;10;1;
481,59;-3,6875;-9,43283748626709;-9,053152084350586;-7;-2,262312412261963;-7,033432483673096;0;0;100;10;1;
481,594;-3,6875;-9,43283748626709;-9,053152084350586;-7;-2,262312412261963;-7,033432483673096;0;0;100;10;1;
481,597;-3,6875;-9,43283748626709;-9,053152084350586;-7;-2,262312412261963;-7,033432483673096;0;0;100;10;1;
481,6;-3,3125;-9,34685230255127;-8,883552551269531;-7,375;-1,8783591985702515;-6,8969879150390625;0;0;100;10;1;
481,602;-3,3125;-9,34685230255127;-8,883552551269531;-7,375;-1,8783591985702515;-6,8969879150390625;0;0;100;10;1;
481,606;-3,3125;-9,34685230255127;-8,883552551269531;-7,375;-1,8783591985702515;-6,8969879150390625;0;0;100;10;1;
481,608;-3,3125;-8,462309837341309;-8,242830276489258;-7,375;-1,4989917278289795;-6,905794620513916;0;0;100;10;1;
481,611;-3,125;-8,462309837341309;-8,242830276489258;-8,1875;-1,4989917278289795;-6,905794620513916;0;0;100;10;1;
481,614;-3,125;-8,462309837341309;-8,242830276489258;-8,1875;-1,4989917278289795;-6,905794620513916;0;0;100;10;1;
481,617;-3,125;-8,462309837341309;-8,242830276489258;-8,1875;-1,4989917278289795;-6,905794620513916;0;0;100;10;1;
481,62;-2,875;-8,109740257263184;-7,933731555938721;-9,375;-2,298133611679077;-7,848659992218018;0;0;100;10;1;
481,623;-2,875;-8,109740257263184;-7,933731555938721;-9,375;-2,298133611679077;-7,848659992218018;0;0;100;10;1;
481,625;-2,875;-8,109740257263184;-7,933731555938721;-9,375;-2,298133611679077;-7,848659992218018;0;0;100;10;1;
481,628;-2,875;-8,109740257263184;-7,933731555938721;-9,375;-2,298133611679077;-7,848659992218018;0;0;100;10;1;
481,63;-2,625;-9,208495140075684;-8,56348991394043;-11;-3,900355815887451;-9,458382606506348;0;0;100;10;1;
481,633;-2,625;-9,208495140075684;-8,56348991394043;-11;-3,900355815887451;-9,458382606506348;0;0;100;10;1;
481,635;-2,625;-9,208495140075684;-8,56348991394043;-11;-3,900355815887451;-9,458382606506348;0;0;100;10;1;
481,638;-2,625;-9,208495140075684;-8,56348991394043;-11;-3,900355815887451;-9,458382606506348;0;0;100;10;1;
481,641;-2,375;-9,238554954528809;-8,501216888427734;-12,6875;-5,559023380279541;-11,134995460510254;0;0;100;10;1;
481,644;-2,375;-9,238554954528809;-8,501216888427734;-12,6875;-5,559023380279541;-11,134995460510254;0;0;100;10;1;
481,647;-2,375;-9,238554954528809;-8,501216888427734;-12,6875;-5,559023380279541;-11,134995460510254;0;0;100;10;1;
481,65;-2,25;-9,270792961120605;-8,446460723876953;-14,4375;-7,167445659637451;-12,777124404907227;0;0;100;10;1;
481,653;-2,25;-9,270792961120605;-8,446460723876953;-14,4375;-7,167445659637451;-12,777124404907227;0;0;100;10;1;
481,656;-2,25;-9,270792961120605;-8,446460723876953;-14,4375;-7,167445659637451;-12,777124404907227;0;0;100;10;1;
481,659;-2,125;-9,051603317260742;-8,253418922424316;-15,75;-9,229251861572266;-14,7382230758667;0;0;100;10;1;
481,662;-2,125;-9,051603317260742;-8,253418922424316;-15,75;-9,229251861572266;-14,7382230758667;0;0;100;10;1;
481,664;-2,125;-9,051603317260742;-8,253418922424316;-15,75;-9,229251861572266;-14,7382230758667;0;0;100;10;1;
481,667;-2,125;-9,051603317260742;-8,253418922424316;-15,75;-9,229251861572266;-14,7382230758667;0;0;100;10;1;
481,67;-2,0625;-8,59917163848877;-7,941155433654785;-16,5625;-10,84512710571289;-16,08041763305664;0;0;100;10;1;
481,673;-2,0625;-8,59917163848877;-7,941155433654785;-16,5625;-10,84512710571289;-16,08041763305664;0;0;100;10;1;
481,676;-2,0625;-8,59917163848877;-7,941155433654785;-16,5625;-10,84512710571289;-16,08041763305664;0;0;100;10;1;
481,678;-2,0625;-8,59917163848877;-7,941155433654785;-16,5625;-10,84512710571289;-16,08041763305664;0;0;100;10;1;
481,681;-2,25;-8,349699020385742;-7,8394951820373535;-16,75;-11,843316078186035;-16,810537338256836;0;0;100;10;1;
481,684;-2,25;-8,349699020385742;-7,8394951820373535;-16,75;-11,843316078186035;-16,810537338256836;0;0;100;10;1;
481,687;-2,25;-8,349699020385742;-7,8394951820373535;-16,75;-11,843316078186035;-16,810537338256836;0;0;100;10;1;
481,69;-2,625;-8,100492477416992;-7,750237464904785;-16,5625;-12,654292106628418;-17,29534912109375;0;0;100;10;1;
481,693;-2,625;-8,100492477416992;-7,750237464904785;-16,5625;-12,654292106628418;-17,29534912109375;0;0;100;10;1;
481,696;-2,625;-8,100492477416992;-7,750237464904785;-16,5625;-12,654292106628418;-17,29534912109375;0;0;100;10;1;
481,699;-2,625;-8,283970832824707;-7,94277286529541;-16,5625;-13,221402168273926;-17,61955451965332;0;0;100;10;1;
481,701;-2,625;-8,283970832824707;-7,94277286529541;-16,5625;-13,221402168273926;-17,61955451965332;0;0;100;10;1;
481,705;-2,625;-8,283970832824707;-7,94277286529541;-16,5625;-13,221402168273926;-17,61955451965332;0;0;100;10;1;
481,707;-2,625;-8,283970832824707;-7,94277286529541;-16,5625;-13,221402168273926;-17,61955451965332;0;0;100;10;1;
481,71;-3,5625;-8,145604133605957;-7,991296768188477;-15,0625;-12,982064247131348;-17,266765594482422;0;0;100;10;1;
481,713;-3,5625;-8,145604133605957;-7,991296768188477;-15,0625;-12,982064247131348;-17,266765594482422;0;0;100;10;1;
481,716;-3,5625;-8,145604133605957;-7,991296768188477;-15,0625;-12,982064247131348;-17,266765594482422;0;0;100;10;1;
481,718;-3,5625;-8,145604133605957;-7,991296768188477;-15,0625;-12,982064247131348;-17,266765594482422;0;0;100;10;1;
481,721;-4,0625;-8,527698516845703;-8,389389038085938;-13,8125;-11,269392967224121;-15,712569236755371;0;0;100;10;1;
481,724;-4,0625;-8,527698516845703;-8,389389038085938;-13,8125;-11,269392967224121;-15,712569236755371;0;0;100;10;1;
481,727;-4,0625;-8,527698516845703;-8,389389038085938;-13,8125;-11,269392967224121;-15,712569236755371;0;0;100;10;1;
481,729;-4,0625;-9,26248550415039;-9,054086685180664;-13,8125;-9,519476890563965;-14,032769203186035;0;0;100;10;1;
481,732;-4,625;-9,26248550415039;-9,054086685180664;-12,25;-9,519476890563965;-14,032769203186035;0;0;100;10;1;
481,734;-4,625;-9,26248550415039;-9,054086685180664;-12,25;-9,519476890563965;-14,032769203186035;0;0;100;10;1;
481,738;-4,625;-9,26248550415039;-9,054086685180664;-12,25;-9,519476890563965;-14,032769203186035;0;0;100;10;1;
481,74;-5,1875;-10,047319412231445;-9,779131889343262;-10,625;-8,216205596923828;-12,586764335632324;0;0;100;10;1;
481,743;-5,1875;-10,047319412231445;-9,779131889343262;-10,625;-8,216205596923828;-12,586764335632324;0;0;100;10;1;
481,746;-5,1875;-10,047319412231445;-9,779131889343262;-10,625;-8,216205596923828;-12,586764335632324;0;0;100;10;1;
481,749;-5,6875;-10,715441703796387;-10,427483558654785;-9,1875;-6,547788619995117;-10,899059295654297;0;0;100;10;1;
481,752;-5,6875;-10,715441703796387;-10,427483558654785;-9,1875;-6,547788619995117;-10,899059295654297;0;0;100;10;1;
481,755;-5,6875;-10,715441703796387;-10,427483558654785;-9,1875;-6,547788619995117;-10,899059295654297;0;0;100;10;1;
481,758;-5,6875;-10,715441703796387;-10,427483558654785;-9,1875;-6,547788619995117;-10,899059295654297;0;0;100;10;1;
481,76;-5,6875;-11,787070274353027;-11,29326057434082;-9,1875;-4,484774112701416;-9,0452299118042;0;0;100;10;1;
481,763;-5,6875;-11,787070274353027;-11,29326057434082;-9,1875;-4,484774112701416;-9,0452299118042;0;0;100;10;1;
481,765;-5,6875;-11,787070274353027;-11,29326057434082;-9,1875;-4,484774112701416;-9,0452299118042;0;0;100;10;1;
481,768;-5,6875;-11,787070274353027;-11,29326057434082;-9,1875;-4,484774112701416;-9,0452299118042;0;0;100;10;1;
481,771;-5,6875;-10,939994812011719;-10,662520408630371;-7,4375;-1,9055596590042114;-7,144965648651123;0;0;100;10;1;
481,774;-5,6875;-10,939994812011719;-10,662520408630371;-7,4375;-1,9055596590042114;-7,144965648651123;0;0;100;10;1;
481,777;-5,6875;-10,939994812011719;-10,662520408630371;-7,4375;-1,9055596590042114;-7,144965648651123;0;0;100;10;1;
481,779;-5,6875;-10,381537437438965;-10,069838523864746;-7,4375;-0,5726399421691895;-6,243694305419922;0;0;100;10;1;
481,782;-5,0625;-10,381537437438965;-10,069838523864746;-7,3125;-0,5726399421691895;-6,243694305419922;0;0;100;10;1;
481,785;-5,0625;-10,381537437438965;-10,069838523864746;-7,3125;-0,5726399421691895;-6,243694305419922;0;0;100;10;1;
481,788;-5,0625;-10,381537437438965;-10,069838523864746;-7,3125;-0,5726399421691895;-6,243694305419922;0;0;100;10;1;
481,791;-4,125;-10,032809257507324;-9,478228569030762;-7,875;0,696192741394043;-5,62025260925293;0;0;100;10;1;
481,794;-4,125;-10,032809257507324;-9,478228569030762;-7,875;0,696192741394043;-5,62025260925293;0;0;100;10;1;
481,797;-4,125;-10,032809257507324;-9,478228569030762;-7,875;0,696192741394043;-5,62025260925293;0;0;100;10;1;
481,8;-4,125;-9,254512786865234;-8,608341217041016;-7,875;0,6589478254318237;-5,848491668701172;0;0;100;10;1;
481,804;-4,125;-9,254512786865234;-8,608341217041016;-7,875;0,6589478254318237;-5,848491668701172;0;0;100;10;1;
481,806;-4,125;-9,254512786865234;-8,608341217041016;-7,875;0,6589478254318237;-5,848491668701172;0;0;100;10;1;
481,809;-2,875;-7,653027534484863;-7,108562469482422;-8,875;0,6644851565361023;-6,185027122497559;0;0;100;10;1;
481,812;-2,875;-7,653027534484863;-7,108562469482422;-8,875;0,6644851565361023;-6,185027122497559;0;0;100;10;1;
481,814;-2,875;-7,653027534484863;-7,108562469482422;-8,875;0,6644851565361023;-6,185027122497559;0;0;100;10;1;
481,817;-2,875;-7,653027534484863;-7,108562469482422;-8,875;0,6644851565361023;-6,185027122497559;0;0;100;10;1;
481,82;0,1875;-5,770831108093262;-5,260826587677002;-11,6875;-0,43235287070274353;-7,452718734741211;0;0;100;10;1;
481,823;0,1875;-5,770831108093262;-5,260826587677002;-11,6875;-0,43235287070274353;-7,452718734741211;0;0;100;10;1;
481,826;0,1875;-5,770831108093262;-5,260826587677002;-11,6875;-0,43235287070274353;-7,452718734741211;0;0;100;10;1;
481,828;0,1875;-5,770831108093262;-5,260826587677002;-11,6875;-0,43235287070274353;-7,452718734741211;0;0;100;10;1;
481,831;2,25;-3,8038368225097656;-3,2176148891448975;-13,625;-1,5793325901031494;-8,897616386413574;0;0;100;10;1;
481,833;2,25;-3,8038368225097656;-3,2176148891448975;-13,625;-1,5793325901031494;-8,897616386413574;0;0;100;10;1;
481,836;2,25;-3,8038368225097656;-3,2176148891448975;-13,625;-1,5793325901031494;-8,897616386413574;0;0;100;10;1;
481,839;2,25;-3,8038368225097656;-3,2176148891448975;-13,625;-1,5793325901031494;-8,897616386413574;0;0;100;10;1;
481,841;4,6875;-1,269152045249939;-0,6600804328918457;-16,0625;-3,8783388137817383;-11,254735946655273;0;0;100;10;1;
481,844;4,6875;-1,269152045249939;-0,6600804328918457;-16,0625;-3,8783388137817383;-11,254735946655273;0;0;100;10;1;
481,847;4,6875;-1,269152045249939;-0,6600804328918457;-16,0625;-3,8783388137817383;-11,254735946655273;0;0;100;10;1;
481,851;4,6875;1,3747164011001587;1,9673826694488525;-16,0625;-6,336671352386475;-13,71229076385498;0;0;100;10;1;
481,854;4,6875;1,3747164011001587;1,9673826694488525;-16,0625;-6,336671352386475;-13,71229076385498;0;0;100;10;1;
481,857;4,6875;1,3747164011001587;1,9673826694488525;-16,0625;-6,336671352386475;-13,71229076385498;0;0;100;10;1;
481,86;7,5;4,1765313148498535;4,811905384063721;-18,8125;-9,222957611083984;-16,538724899291992;0;0;100;10;1;
481,862;7,5;4,1765313148498535;4,811905384063721;-18,8125;-9,222957611083984;-16,538724899291992;0;0;100;10;1;
481,865;7,5;4,1765313148498535;4,811905384063721;-18,8125;-9,222957611083984;-16,538724899291992;0;0;100;10;1;
481,868;7,5;4,1765313148498535;4,811905384063721;-18,8125;-9,222957611083984;-16,538724899291992;0;0;100;10;1;
481,871;12,8125;7,905588150024414;8,171195983886719;-24,0625;-13,580584526062012;-20,249401092529297;0;0;100;10;1;
481,874;12,8125;7,905588150024414;8,171195983886719;-24,0625;-13,580584526062012;-20,249401092529297;0;0;100;10;1;
481,877;12,8125;7,905588150024414;8,171195983886719;-24,0625;-13,580584526062012;-20,249401092529297;0;0;100;10;1;
481,88;12,8125;10,468805313110352;10,605680465698242;-24,0625;-18,39002227783203;-24,310510635375977;0;0;100;10;1;
481,883;14,9375;10,468805313110352;10,605680465698242;-26,625;-18,39002227783203;-24,310510635375977;0;0;100;10;1;
481,886;14,9375;10,468805313110352;10,605680465698242;-26,625;-18,39002227783203;-24,310510635375977;0;0;100;10;1;
481,889;14,9375;10,468805313110352;10,605680465698242;-26,625;-18,39002227783203;-24,310510635375977;0;0;100;10;1;
481,892;16,75;13,110320091247559;12,981775283813477;-29,3125;-22,003408432006836;-27,619787216186523;0;0;100;10;1;
481,895;16,75;13,110320091247559;12,981775283813477;-29,3125;-22,003408432006836;-27,619787216186523;0;0;100;10;1;
481,898;16,75;14,178954124450684;14,307333946228027;-29,3125;-24,180530548095703;-30,027612686157227;0;0;100;10;1;
481,901;16,75;14,178954124450684;14,307333946228027;-29,3125;-24,180530548095703;-30,027612686157227;0;0;100;10;1;
481,904;16,75;14,178954124450684;14,307333946228027;-29,3125;-24,180530548095703;-30,027612686157227;0;0;100;10;1;
481,907;16,75;14,178954124450684;14,307333946228027;-29,3125;-24,180530548095703;-30,027612686157227;0;0;100;10;1;
481,909;17,375;15,37391471862793;15,338293075561523;-30,5;-26,091686248779297;-31,683225631713867;0;0;100;10;1;
481,912;17,375;15,37391471862793;15,338293075561523;-30,5;-26,091686248779297;-31,683225631713867;0;0;100;10;1;
481,915;17,375;15,37391471862793;15,338293075561523;-30,5;-26,091686248779297;-31,683225631713867;0;0;100;10;1;
481,917;17,375;15,37391471862793;15,338293075561523;-30,5;-26,091686248779297;-31,683225631713867;0;0;100;10;1;
481,92;16,5;15,022626876831055;14,970001220703125;-27,6875;-25,88309097290039;-30,724056243896484;0;0;100;10;1;
481,923;16,5;15,022626876831055;14,970001220703125;-27,6875;-25,88309097290039;-30,724056243896484;0;0;100;10;1;
481,926;16,5;15,022626876831055;14,970001220703125;-27,6875;-25,88309097290039;-30,724056243896484;0;0;100;10;1;
481,928;16,5;15,022626876831055;14,970001220703125;-27,6875;-25,88309097290039;-30,724056243896484;0;0;100;10;1;
481,931;15,25;14,08920955657959;14,156265258789062;-25,5625;-25,120973587036133;-29,28525161743164;0;0;100;10;1;
481,933;15,25;14,08920955657959;14,156265258789062;-25,5625;-25,120973587036133;-29,28525161743164;0;0;100;10;1;
481,936;15,25;14,08920955657959;14,156265258789062;-25,5625;-25,120973587036133;-29,28525161743164;0;0;100;10;1;
481,939;15,25;14,08920955657959;14,156265258789062;-25,5625;-25,120973587036133;-29,28525161743164;0;0;100;10;1;
481,942;13,875;12,360312461853027;12,71756362915039;-23,375;-23,089696884155273;-26,978322982788086;0;0;100;10;1;
481,944;13,875;12,360312461853027;12,71756362915039;-23,375;-23,089696884155273;-26,978322982788086;0;0;100;10;1;
481,947;13,875;12,360312461853027;12,71756362915039;-23,375;-23,089696884155273;-26,978322982788086;0;0;100;10;1;
481,95;13,875;9,934029579162598;10,781861305236816;-23,375;-20,04339027404785;-24,049192428588867;0;0;100;10;1;
481,953;13,875;9,934029579162598;10,781861305236816;-23,375;-20,04339027404785;-24,049192428588867;0;0;100;10;1;
481,957;13,875;9,934029579162598;10,781861305236816;-23,375;-20,04339027404785;-24,049192428588867;0;0;100;10;1;
481,959;12,25;7,7794718742370605;8,983633041381836;-20,625;-18,23886489868164;-21,765596389770508;0;0;100;10;1;
481,962;12,25;7,7794718742370605;8,983633041381836;-20,625;-18,23886489868164;-21,765596389770508;0;0;100;10;1;
481,965;12,25;7,7794718742370605;8,983633041381836;-20,625;-18,23886489868164;-21,765596389770508;0;0;100;10;1;
481,968;12,25;7,7794718742370605;8,983633041381836;-20,625;-18,23886489868164;-21,765596389770508;0;0;100;10;1;
481,971;7,5625;5,914701461791992;7,1715216636657715;-13,6875;-15,7332124710083;-18,63545036315918;0;0;100;10;1;
481,974;7,5625;5,914701461791992;7,1715216636657715;-13,6875;-15,7332124710083;-18,63545036315918;0;0;100;10;1;
481,977;7,5625;5,914701461791992;7,1715216636657715;-13,6875;-15,7332124710083;-18,63545036315918;0;0;100;10;1;
481,98;7,5625;4,635888576507568;5,634125709533691;-13,6875;-13,806222915649414;-16,033967971801758;0;0;100;10;1;
481,983;5;4,635888576507568;5,634125709533691;-10,375;-13,806222915649414;-16,033967971801758;0;0;100;10;1;
481,986;5;4,635888576507568;5,634125709533691;-10,375;-13,806222915649414;-16,033967971801758;0;0;100;10;1;
481,989;5;4,635888576507568;5,634125709533691;-10,375;-13,806222915649414;-16,033967971801758;0;0;100;10;1;
481,992;2,0625;3,2758920192718506;3,885211944580078;-6,9375;-10,653112411499023;-12,648483276367188;0;0;100;10;1;
481,995;2,0625;3,2758920192718506;3,885211944580078;-6,9375;-10,653112411499023;-12,648483276367188;0;0;100;10;1;
481,998;2,0625;3,2758920192718506;3,885211944580078;-6,9375;-10,653112411499023;-12,648483276367188;0;0;100;10;1;
482,001;2,0625;0,3409245014190674;1,0266809463500977;-6,9375;-6,971516132354736;-8,973854064941406;0;0;100;10;1;
482,004;2,0625;0,3409245014190674;1,0266809463500977;-6,9375;-6,971516132354736;-8,973854064941406;0;0;100;10;1;
482,007;2,0625;0,3409245014190674;1,0266809463500977;-6,9375;-6,971516132354736;-8,973854064941406;0;0;100;10;1;
482,01;-1,125;-4,393129348754883;-3,181903123855591;-3,4375;-5,617873191833496;-6,8104448318481445;0;0;100;10;1;
482,012;-1,125;-4,393129348754883;-3,181903123855591;-3,4375;-5,617873191833496;-6,8104448318481445;0;0;100;10;1;
482,015;-1,125;-4,393129348754883;-3,181903123855591;-3,4375;-5,617873191833496;-6,8104448318481445;0;0;100;10;1;
482,017;-1,125;-4,393129348754883;-3,181903123855591;-3,4375;-5,617873191833496;-6,8104448318481445;0;0;100;10;1;
482,02;-1,125;-6,5532426834106445;-5,771659851074219;-3,4375;-5,080598831176758;-5,412227630615234;0;0;100;10;1;
482,023;-8,0625;-6,5532426834106445;-5,771659851074219;3;-5,080598831176758;-5,412227630615234;0;0;100;10;1;
482,026;-8,0625;-6,5532426834106445;-5,771659851074219;3;-5,080598831176758;-5,412227630615234;0;0;100;10;1;
482,028;-8,0625;-6,5532426834106445;-5,771659851074219;3;-5,080598831176758;-5,412227630615234;0;0;100;10;1;
482,031;-11,25;-10,763514518737793;-9,608968734741211;5,4375;-0,2798442840576172;-1,4670348167419434;0;0;100;10;1;
482,034;-11,25;-10,763514518737793;-9,608968734741211;5,4375;-0,2798442840576172;-1,4670348167419434;0;0;100;10;1;
482,037;-11,25;-10,763514518737793;-9,608968734741211;5,4375;-0,2798442840576172;-1,4670348167419434;0;0;100;10;1;
482,04;-11,25;-10,763514518737793;-9,608968734741211;5,4375;-0,2798442840576172;-1,4670348167419434;0;0;100;10;1;
482,043;-14;-13,70407772064209;-12,540806770324707;7,4375;4,533829212188721;2,280726432800293;0;0;100;10;1;
482,045;-14;-13,70407772064209;-12,540806770324707;7,4375;4,533829212188721;2,280726432800293;0;0;100;10;1;
482,048;-14;-16,807903289794922;-12,540806770324707;7,4375;9,015962600708008;5,8179121017456055;0;0;100;10;1;
482,051;-14;-16,807903289794922;-15,619566917419434;7,4375;9,015962600708008;5,8179121017456055;0;0;100;10;1;
482,055;-14;-16,807903289794922;-15,619566917419434;7,4375;9,015962600708008;5,8179121017456055;0;0;100;10;1;
482,057;-14;-16,807903289794922;-15,619566917419434;7,4375;9,015962600708008;5,8179121017456055;0;0;100;10;1;
482,061;-16,5625;-19,3148136138916;-18,263870239257812;9;11,714866638183594;8,05565071105957;0;0;100;10;1;
482,064;-16,5625;-19,3148136138916;-18,263870239257812;9;11,714866638183594;8,05565071105957;0;0;100;10;1;
482,067;-16,5625;-19,3148136138916;-18,263870239257812;9;11,714866638183594;8,05565071105957;0;0;100;10;1;
482,069;-16,5625;-19,3148136138916;-18,263870239257812;9;11,714866638183594;8,05565071105957;0;0;100;10;1;
482,072;-19,8125;-19,668691635131836;-19,053125381469727;9,9375;12,519402503967285;8,47657585144043;0;0;100;10;1;
482,075;-19,8125;-19,668691635131836;-19,053125381469727;9,9375;12,519402503967285;8,47657585144043;0;0;100;10;1;
482,077;-19,8125;-19,668691635131836;-19,053125381469727;9,9375;12,519402503967285;8,47657585144043;0;0;100;10;1;
482,08;-19,8125;-20,166772842407227;-19,708206176757812;9,9375;13,744241714477539;8,947053909301758;0;0;100;10;1;
482,083;-20,5;-20,166772842407227;-19,708206176757812;9,3125;13,744241714477539;8,947053909301758;0;0;100;10;1;
482,087;-20,5;-20,166772842407227;-19,708206176757812;9,3125;13,744241714477539;8,947053909301758;0;0;100;10;1;
482,09;-20,5;-20,166772842407227;-19,708206176757812;9,3125;13,744241714477539;8,947053909301758;0;0;100;10;1;
482,093;-21,125;-20,487462997436523;-20,25547218322754;8,375;13,878137588500977;8,597407341003418;0;0;100;10;1;
482,096;-21,125;-20,487462997436523;-20,25547218322754;8,375;13,878137588500977;8,597407341003418;0;0;100;10;1;
482,098;-21,125;-21,16094398498535;-21,026580810546875;8,375;13,663287162780762;8,017046928405762;0;0;100;10;1;
482,102;-21,125;-21,16094398498535;-21,026580810546875;8,375;13,663287162780762;8,017046928405762;0;0;100;10;1;
482,105;-21,125;-21,16094398498535;-21,026580810546875;8,375;13,663287162780762;8,017046928405762;0;0;100;10;1;
482,108;-21,125;-21,082557678222656;-21,31997299194336;8,375;11,693612098693848;6,3264007568359375;0;0;100;10;1;
482,111;-21,875;-21,082557678222656;-21,31997299194336;7,5625;11,693612098693848;6,3264007568359375;0;0;100;10;1;
482,113;-21,875;-21,082557678222656;-21,31997299194336;7,5625;11,693612098693848;6,3264007568359375;0;0;100;10;1;
482,116;-21,875;-21,082557678222656;-21,31997299194336;7,5625;11,693612098693848;6,3264007568359375;0;0;100;10;1;
482,118;-21,875;-21,082557678222656;-21,31997299194336;7,5625;11,693612098693848;6,3264007568359375;0;0;100;10;1;
482,121;-23,6875;-21,462278366088867;-21,948171615600586;6,5;11,261775016784668;5,801603317260742;0;0;100;10;1;
482,124;-23,6875;-21,462278366088867;-21,948171615600586;6,5;11,261775016784668;5,801603317260742;0;0;100;10;1;
482,126;-23,6875;-21,462278366088867;-21,948171615600586;6,5;11,261775016784668;5,801603317260742;0;0;100;10;1;
482,129;-23,6875;-21,462278366088867;-21,948171615600586;6,5;11,261775016784668;5,801603317260742;0;0;100;10;1;
482,132;-24,5;-22,169349670410156;-22,762569427490234;6;10,86862564086914;5,2786149978637695;0;0;100;10;1;
482,135;-24,5;-22,169349670410156;-22,762569427490234;6;10,86862564086914;5,2786149978637695;0;0;100;10;1;
482,138;-24,5;-22,169349670410156;-22,762569427490234;6;10,86862564086914;5,2786149978637695;0;0;100;10;1;
482,14;-24,5;-22,169349670410156;-22,762569427490234;6;10,86862564086914;5,2786149978637695;0;0;100;10;1;
482,143;-25,25;-22,18709945678711;-23,08281135559082;5,5;11,40389347076416;5,425593376159668;0;0;100;10;1;
482,146;-25,25;-22,18709945678711;-23,08281135559082;5,5;11,40389347076416;5,425593376159668;0;0;100;10;1;
482,148;-25,25;-23,454116821289062;-24,218456268310547;5,5;11,062820434570312;5,00146484375;0;0;100;10;1;
482,152;-25,25;-23,454116821289062;-24,218456268310547;5,5;11,062820434570312;5,00146484375;0;0;100;10;1;
482,156;-25,25;-23,454116821289062;-24,218456268310547;5,5;11,062820434570312;5,00146484375;0;0;100;10;1;
482,159;-26,0625;-24,606246948242188;-25,288360595703125;4,875;10,450956344604492;4,356085300445557;0;0;100;10;1;
482,161;-26,0625;-24,606246948242188;-25,288360595703125;4,875;10,450956344604492;4,356085300445557;0;0;100;10;1;
482,164;-26,0625;-24,606246948242188;-25,288360595703125;4,875;10,450956344604492;4,356085300445557;0;0;100;10;1;
482,167;-26,0625;-24,606246948242188;-25,288360595703125;4,875;10,450956344604492;4,356085300445557;0;0;100;10;1;
482,17;-26,0625;-24,606246948242188;-25,288360595703125;4,875;10,450956344604492;4,356085300445557;0;0;100;10;1;
482,173;-26,25;-25,54469108581543;-25,90335464477539;3;10,49990177154541;3,9954214096069336;0;0;100;10;1;
482,176;-26,25;-25,54469108581543;-25,90335464477539;3;10,49990177154541;3,9954214096069336;0;0;100;10;1;
482,179;-26,25;-25,54469108581543;-25,90335464477539;3;10,49990177154541;3,9954214096069336;0;0;100;10;1;
482,182;-25,625;-24,81455421447754;-25,235891342163086;1,9375;11,407835006713867;4,192905426025391;0;0;100;10;1;
482,184;-25,625;-24,81455421447754;-25,235891342163086;1,9375;11,407835006713867;4,192905426025391;0;0;100;10;1;
482,188;-25,625;-24,81455421447754;-25,235891342163086;1,9375;11,407835006713867;4,192905426025391;0;0;100;10;1;
482,191;-25,625;-24,81455421447754;-25,235891342163086;1,9375;11,407835006713867;4,192905426025391;0;0;100;10;1;
482,193;-24,9375;-23,69753646850586;-24,305757522583008;0,6875;10,862532615661621;3,3377809524536133;0;0;100;10;1;
482,196;-24,9375;-23,69753646850586;-24,305757522583008;0,6875;10,862532615661621;3,3377809524536133;0;0;100;10;1;
482,199;-24,9375;-22,48865509033203;-23,309703826904297;0,6875;9,151165008544922;1,7342329025268555;0;0;100;10;1;
482,202;-24,9375;-22,48865509033203;-23,309703826904297;0,6875;9,151165008544922;1,7342329025268555;0;0;100;10;1;
482,206;-24,9375;-22,48865509033203;-23,309703826904297;0,6875;9,151165008544922;1,7342329025268555;0;0;100;10;1;
482,209;-24,9375;-21,545196533203125;-22,483192443847656;0,6875;6,791831970214844;-0,22920095920562744;0;0;100;10;1;
482,211;-24,3125;-21,545196533203125;-22,483192443847656;-0,375;6,791831970214844;-0,22920095920562744;0;0;100;10;1;
482,214;-24,3125;-21,545196533203125;-22,483192443847656;-0,375;6,791831970214844;-0,22920095920562744;0;0;100;10;1;
482,216;-24,3125;-21,545196533203125;-22,483192443847656;-0,375;6,791831970214844;-0,22920095920562744;0;0;100;10;1;
482,219;-24,3125;-21,545196533203125;-22,483192443847656;-0,375;6,791831970214844;-0,22920095920562744;0;0;100;10;1;
482,222;-23,375;-20,87283706665039;-21,88446807861328;-1,5;4,914119243621826;-1,7734181880950928;0;0;100;10;1;
482,225;-23,375;-20,87283706665039;-21,88446807861328;-1,5;4,914119243621826;-1,7734181880950928;0;0;100;10;1;
482,228;-23,375;-20,87283706665039;-21,88446807861328;-1,5;4,914119243621826;-1,7734181880950928;0;0;100;10;1;
482,231;-23,375;-20,590391159057617;-21,68446922302246;-1,5;4,551572322845459;-2,031852960586548;0;0;100;10;1;
482,234;-23,3125;-20,590391159057617;-21,68446922302246;-1,3125;4,551572322845459;-2,031852960586548;0;0;100;10;1;
482,237;-23,3125;-20,590391159057617;-21,68446922302246;-1,3125;4,551572322845459;-2,031852960586548;0;0;100;10;1;
482,24;-23,3125;-20,590391159057617;-21,68446922302246;-1,3125;4,551572322845459;-2,031852960586548;0;0;100;10;1;
482,243;-23,4375;-19,678640365600586;-21,145462036132812;-0,875;5,08947229385376;-1,5458645820617676;0;0;100;10;1;
482,246;-23,4375;-19,678640365600586;-21,145462036132812;-0,875;5,08947229385376;-1,5458645820617676;0;0;100;10;1;
482,248;-23,4375;-18,830854415893555;-20,65078353881836;-0,875;5,106829643249512;-1,392635703086853;0;0;100;10;1;
482,251;-23,4375;-18,830854415893555;-20,65078353881836;-0,875;5,106829643249512;-1,392635703086853;0;0;100;10;1;
482,255;-23,4375;-18,830854415893555;-20,65078353881836;-0,875;5,106829643249512;-1,392635703086853;0;0;100;10;1;
482,258;-23,4375;-18,830854415893555;-20,65078353881836;-0,875;5,106829643249512;-1,392635703086853;0;0;100;10;1;
482,261;-23,9375;-18,769941329956055;-20,777286529541016;-0,3125;5,581971168518066;-0,9444396495819092;0;0;100;10;1;
482,264;-23,9375;-18,769941329956055;-20,777286529541016;-0,3125;5,581971168518066;-0,9444396495819092;0;0;100;10;1;
482,267;-23,9375;-18,769941329956055;-20,777286529541016;-0,3125;5,581971168518066;-0,9444396495819092;0;0;100;10;1;
482,27;-23,9375;-18,769941329956055;-20,777286529541016;-0,3125;5,581971168518066;-0,9444396495819092;0;0;100;10;1;
482,273;-25,0625;-19,66907501220703;-21,59784507751465;1,4375;5,833156585693359;-0,45929065346717834;0;0;100;10;1;
482,275;-25,0625;-19,66907501220703;-21,59784507751465;1,4375;5,833156585693359;-0,45929065346717834;0;0;100;10;1;
482,278;-25,0625;-19,66907501220703;-21,59784507751465;1,4375;5,833156585693359;-0,45929065346717834;0;0;100;10;1;
482,28;-25,0625;-19,66907501220703;-21,59784507751465;1,4375;5,833156585693359;-0,45929065346717834;0;0;100;10;1;
482,283;-25,6875;-21,05006217956543;-22,736722946166992;2,75;8,14939022064209;1,3723081350326538;0;0;100;10;1;
482,286;-25,6875;-21,05006217956543;-22,736722946166992;2,75;8,14939022064209;1,3723081350326538;0;0;100;10;1;
482,289;-25,6875;-21,05006217956543;-22,736722946166992;2,75;8,14939022064209;1,3723081350326538;0;0;100;10;1;
482,292;-25,6875;-22,242647171020508;-23,740922927856445;2,75;9,095712661743164;2,423020601272583;0;0;100;10;1;
482,295;-26,3125;-22,242647171020508;-23,740922927856445;4,125;9,095712661743164;2,423020601272583;0;0;100;10;1;
482,298;-26,3125;-22,242647171020508;-23,740922927856445;4,125;9,095712661743164;2,423020601272583;0;0;100;10;1;
482,3;-26,3125;-23,916885375976562;-25,097179412841797;4,125;10,826611518859863;4,0028581619262695;0;0;100;10;1;
482,304;-26,3125;-23,916885375976562;-25,097179412841797;4,125;10,826611518859863;4,0028581619262695;0;0;100;10;1;
482,307;-26,3125;-23,916885375976562;-25,097179412841797;4,125;10,826611518859863;4,0028581619262695;0;0;100;10;1;
482,31;-26,4375;-23,780330657958984;-25,069974899291992;5,625;12,439437866210938;5,578418731689453;0;0;100;10;1;
482,313;-26,4375;-23,780330657958984;-25,069974899291992;5,625;12,439437866210938;5,578418731689453;0;0;100;10;1;
482,315;-26,4375;-23,780330657958984;-25,069974899291992;5,625;12,439437866210938;5,578418731689453;0;0;100;10;1;
482,318;-26,4375;-23,780330657958984;-25,069974899291992;5,625;12,439437866210938;5,578418731689453;0;0;100;10;1;
482,322;-26,4375;-23,7750301361084;-24,959766387939453;5,625;15,09367847442627;7,721126556396484;0;0;100;10;1;
482,324;-24,9375;-23,7750301361084;-24,959766387939453;8,0625;15,09367847442627;7,721126556396484;0;0;100;10;1;
482,327;-24,9375;-23,7750301361084;-24,959766387939453;8,0625;15,09367847442627;7,721126556396484;0;0;100;10;1;
482,329;-24,9375;-23,7750301361084;-24,959766387939453;8,0625;15,09367847442627;7,721126556396484;0;0;100;10;1;
482,332;-23,5;-23,115459442138672;-24,151033401489258;9,0625;17,32741355895996;9,604483604431152;0;0;100;10;1;
482,335;-23,5;-23,115459442138672;-24,151033401489258;9,0625;17,32741355895996;9,604483604431152;0;0;100;10;1;
482,338;-23,5;-23,115459442138672;-24,151033401489258;9,0625;17,32741355895996;9,604483604431152;0;0;100;10;1;
482,34;-23,5;-23,115459442138672;-24,151033401489258;9,0625;17,32741355895996;9,604483604431152;0;0;100;10;1;
482,343;-21,75;-21,186796188354492;-22,403614044189453;9,75;19,773447036743164;11,553492546081543;0;0;100;10;1;
482,346;-21,75;-21,186796188354492;-22,403614044189453;9,75;19,773447036743164;11,553492546081543;0;0;100;10;1;
482,348;-21,75;-18,48534393310547;-20,0598201751709;9,75;21,745059967041016;13,070426940917969;0;0;100;10;1;
482,351;-21,75;-18,48534393310547;-20,0598201751709;9,75;21,745059967041016;13,070426940917969;0;0;100;10;1;
482,354;-21,75;-18,48534393310547;-20,0598201751709;9,75;21,745059967041016;13,070426940917969;0;0;100;10;1;
482,357;-21,75;-18,48534393310547;-20,0598201751709;9,75;21,745059967041016;13,070426940917969;0;0;100;10;1;
482,36;-19,8125;-16,29149055480957;-18,01365852355957;10;23,06903076171875;13,945327758789062;0;0;100;10;1;
482,363;-19,8125;-16,29149055480957;-18,01365852355957;10;23,06903076171875;13,945327758789062;0;0;100;10;1;
482,366;-19,8125;-16,29149055480957;-18,01365852355957;10;23,06903076171875;13,945327758789062;0;0;100;10;1;
482,369;-19,8125;-16,29149055480957;-18,01365852355957;10;23,06903076171875;13,945327758789062;0;0;100;10;1;
482,372;-15,1875;-13,530370712280273;-15,520820617675781;9,125;23,853546142578125;14,300457954406738;0;0;100;10;1;
482,375;-15,1875;-13,530370712280273;-15,520820617675781;9,125;23,853546142578125;14,300457954406738;0;0;100;10;1;
482,378;-15,1875;-13,530370712280273;-15,520820617675781;9,125;23,853546142578125;14,300457954406738;0;0;100;10;1;
482,38;-15,1875;-13,530370712280273;-15,520820617675781;9,125;23,853546142578125;14,300457954406738;0;0;100;10;1;
482,383;-12,8125;-11,215150833129883;-13,293214797973633;8,125;24,262386322021484;14,232881546020508;0;0;100;10;1;
482,386;-12,8125;-11,215150833129883;-13,293214797973633;8,125;24,262386322021484;14,232881546020508;0;0;100;10;1;
482,389;-12,8125;-11,215150833129883;-13,293214797973633;8,125;24,262386322021484;14,232881546020508;0;0;100;10;1;
482,392;-10,5;-8,288506507873535;-10,653679847717285;6,875;23,463905334472656;13,299321174621582;0;0;100;10;1;
482,395;-10,5;-8,288506507873535;-10,653679847717285;6,875;23,463905334472656;13,299321174621582;0;0;100;10;1;
482,398;-10,5;-8,288506507873535;-10,653679847717285;6,875;23,463905334472656;13,299321174621582;0;0;100;10;1;
482,4;-10,5;-4,635472297668457;-7,519508361816406;6,875;22,53001594543457;12,240368843078613;0;0;100;10;1;
482,404;-10,5;-4,635472297668457;-7,519508361816406;6,875;22,53001594543457;12,240368843078613;0;0;100;10;1;
482,407;-10,5;-4,635472297668457;-7,519508361816406;6,875;22,53001594543457;12,240368843078613;0;0;100;10;1;
482,41;-8,4375;-1,5300822257995605;-4,829470634460449;5,375;20,60386085510254;10,509403228759766;0;0;100;10;1;
482,413;-8,4375;-1,5300822257995605;-4,829470634460449;5,375;20,60386085510254;10,509403228759766;0;0;100;10;1;
482,415;-8,4375;-1,5300822257995605;-4,829470634460449;5,375;20,60386085510254;10,509403228759766;0;0;100;10;1;
482,418;-8,4375;-1,5300822257995605;-4,829470634460449;5,375;20,60386085510254;10,509403228759766;0;0;100;10;1;
482,421;-8,4375;-1,5300822257995605;-4,829470634460449;5,375;20,60386085510254;10,509403228759766;0;0;100;10;1;
482,423;-5,3125;0,989203691482544;-2,6250905990600586;2,25;18,430618286132812;8,574736595153809;0;0;100;10;1;
482,426;-5,3125;0,989203691482544;-2,6250905990600586;2,25;18,430618286132812;8,574736595153809;0;0;100;10;1;
482,429;-5,3125;0,989203691482544;-2,6250905990600586;2,25;18,430618286132812;8,574736595153809;0;0;100;10;1;
482,431;-5,3125;0,989203691482544;-2,6250905990600586;2,25;18,430618286132812;8,574736595153809;0;0;100;10;1;
482,434;-4,375;2,9678831100463867;-0,9142382740974426;1;16,09343147277832;6,629264831542969;0;0;100;10;1;
482,437;-4,375;2,9678831100463867;-0,9142382740974426;1;16,09343147277832;6,629264831542969;0;0;100;10;1;
482,44;-4,375;2,9678831100463867;-0,9142382740974426;1;16,09343147277832;6,629264831542969;0;0;100;10;1;
482,442;-4,375;4,023721218109131;0,06115533411502838;1;14,847862243652344;5,480116367340088;0;0;100;10;1;
482,445;-3,625;4,023721218109131;0,06115533411502838;-0,125;14,847862243652344;5,480116367340088;0;0;100;10;1;
482,448;-3,625;4,023721218109131;0,06115533411502838;-0,125;14,847862243652344;5,480116367340088;0;0;100;10;1;
482,45;-3,625;4,43189001083374;0,5360611081123352;-0,125;13,41077995300293;4,234640121459961;0;0;100;10;1;
482,454;-3,625;4,43189001083374;0,5360611081123352;-0,125;13,41077995300293;4,234640121459961;0;0;100;10;1;
482,457;-3,625;4,43189001083374;0,5360611081123352;-0,125;13,41077995300293;4,234640121459961;0;0;100;10;1;
482,46;-2,9375;5,2730584144592285;1,2814894914627075;-1,5;11,877547264099121;2,8958864212036133;0;0;100;10;1;
482,463;-2,9375;5,2730584144592285;1,2814894914627075;-1,5;11,877547264099121;2,8958864212036133;0;0;100;10;1;
482,466;-2,9375;5,2730584144592285;1,2814894914627075;-1,5;11,877547264099121;2,8958864212036133;0;0;100;10;1;
482,469;-2,9375;5,2730584144592285;1,2814894914627075;-1,5;11,877547264099121;2,8958864212036133;0;0;100;10;1;
482,472;-1,8125;5,7610626220703125;1,7982032299041748;-3,625;9,578859329223633;1,1053396463394165;0;0;100;10;1;
482,475;-1,8125;5,7610626220703125;1,7982032299041748;-3,625;9,578859329223633;1,1053396463394165;0;0;100;10;1;
482,478;-1,8125;5,7610626220703125;1,7982032299041748;-3,625;9,578859329223633;1,1053396463394165;0;0;100;10;1;
482,481;-1,8125;5,7610626220703125;1,7982032299041748;-3,625;9,578859329223633;1,1053396463394165;0;0;100;10;1;
482,484;-1,625;6,091900825500488;2,1381287574768066;-4,3125;7,506667137145996;-0,429570734500885;0;0;100;10;1;
482,487;-1,625;6,091900825500488;2,1381287574768066;-4,3125;7,506667137145996;-0,429570734500885;0;0;100;10;1;
482,49;-1,625;6,091900825500488;2,1381287574768066;-4,3125;7,506667137145996;-0,429570734500885;0;0;100;10;1;
482,493;-1,5625;6,132701873779297;2,2352135181427;-5;6,377319812774658;-1,252494215965271;0;0;100;10;1;
482,496;-1,5625;6,132701873779297;2,2352135181427;-5;6,377319812774658;-1,252494215965271;0;0;100;10;1;
482,499;-1,5625;5,9982805252075195;2,1895487308502197;-5;5,606496810913086;-1,830021858215332;0;0;100;10;1;
482,501;-1,5625;5,9982805252075195;2,1895487308502197;-5;5,606496810913086;-1,830021858215332;0;0;100;10;1;
482,504;-1,5625;5,9982805252075195;2,1895487308502197;-5;5,606496810913086;-1,830021858215332;0;0;100;10;1;
482,507;-1,5625;5,9982805252075195;2,1895487308502197;-5;5,606496810913086;-1,830021858215332;0;0;100;10;1;
482,51;-1,75;5,826842784881592;2,0465662479400635;-5,4375;4,724020481109619;-2,4048173427581787;0;0;100;10;1;
482,513;-1,75;5,826842784881592;2,0465662479400635;-5,4375;4,724020481109619;-2,4048173427581787;0;0;100;10;1;
482,516;-1,75;5,826842784881592;2,0465662479400635;-5,4375;4,724020481109619;-2,4048173427581787;0;0;100;10;1;
482,518;-1,75;5,826842784881592;2,0465662479400635;-5,4375;4,724020481109619;-2,4048173427581787;0;0;100;10;1;
482,522;-1,75;5,826842784881592;2,0465662479400635;-5,4375;4,724020481109619;-2,4048173427581787;0;0;100;10;1;
482,524;-2,875;5,09838342666626;1,4315342903137207;-5,0625;4,23291015625;-2,56246280670166;0;0;100;10;1;
482,527;-2,875;5,09838342666626;1,4315342903137207;-5,0625;4,23291015625;-2,56246280670166;0;0;100;10;1;
482,529;-2,875;5,09838342666626;1,4315342903137207;-5,0625;4,23291015625;-2,56246280670166;0;0;100;10;1;
482,532;-2,875;5,09838342666626;1,4315342903137207;-5,0625;3,990756034851074;-2,56246280670166;0;0;100;10;1;
482,535;-3,6875;4,759931564331055;1,0086174011230469;-4,5625;3,990756034851074;-2,441920280456543;0;0;100;10;1;
482,538;-3,6875;4,759931564331055;1,0086174011230469;-4,5625;3,990756034851074;-2,441920280456543;0;0;100;10;1;
482,541;-3,6875;4,759931564331055;1,0086174011230469;-4,5625;3,990756034851074;-2,441920280456543;0;0;100;10;1;
482,543;-4,5625;3,838921308517456;0,1524725705385208;-4;4,1828131675720215;-1,9989162683486938;0;0;100;10;1;
482,546;-4,5625;3,838921308517456;0,1524725705385208;-4;4,1828131675720215;-1,9989162683486938;0;0;100;10;1;
482,548;-4,5625;3,838921308517456;0,1524725705385208;-4;4,1828131675720215;-1,9989162683486938;0;0;100;10;1;
482,551;-4,5625;2,9960105419158936;-0,664376974105835;-4;4,824569225311279;-1,255771517753601;0;0;100;10;1;
482,554;-4,5625;2,9960105419158936;-0,664376974105835;-4;4,824569225311279;-1,255771517753601;0;0;100;10;1;
482,556;-4,5625;2,9960105419158936;-0,664376974105835;-4;4,824569225311279;-1,255771517753601;0;0;100;10;1;
482,56;-5,4375;1,243141770362854;-2,110356092453003;-3,25;5,603733062744141;-0,3605111539363861;0;0;100;10;1;
482,563;-5,4375;1,243141770362854;-2,110356092453003;-3,25;5,603733062744141;-0,3605111539363861;0;0;100;10;1;
482,566;-5,4375;1,243141770362854;-2,110356092453003;-3,25;5,603733062744141;-0,3605111539363861;0;0;100;10;1;
482,568;-5,4375;1,243141770362854;-2,110356092453003;-3,25;5,603733062744141;-0,3605111539363861;0;0;100;10;1;
482,572;-5,4375;1,243141770362854;-2,110356092453003;-3,25;5,603733062744141;-0,3605111539363861;0;0;100;10;1;
482,575;-7,125;0,014272749423980713;-3,236241340637207;-1,9375;5,787397384643555;0,10994544625282288;0;0;100;10;1;
482,577;-7,125;0,014272749423980713;-3,236241340637207;-1,9375;5,787397384643555;0,10994544625282288;0;0;100;10;1;
482,58;-7,125;0,014272749423980713;-3,236241340637207;-1,9375;5,787397384643555;0,10994544625282288;0;0;100;10;1;
482,582;-7,125;0,014272749423980713;-3,236241340637207;-1,9375;5,787397384643555;0,10994544625282288;0;0;100;10;1;
482,585;-7,5625;-0,6306737065315247;-3,9306437969207764;-1,6875;6,247552871704102;0,6876805424690247;0;0;100;10;1;
482,589;-7,5625;-0,6306737065315247;-3,9306437969207764;-1,6875;6,247552871704102;0,6876805424690247;0;0;100;10;1;
482,592;-7,5625;-0,6306737065315247;-3,9306437969207764;-1,6875;6,247552871704102;0,6876805424690247;0;0;100;10;1;
482,595;-7,75;-1,535714864730835;-4,709936618804932;-1,875;6,8885908126831055;1,237086534500122;0;0;100;10;1;
482,597;-7,75;-1,535714864730835;-4,709936618804932;-1,875;6,8885908126831055;1,237086534500122;0;0;100;10;1;
482,6;-7,75;-2,098433017730713;-5,1541032791137695;-1,875;8,218639373779297;2,0887703895568848;0;0;100;10;1;
482,603;-7,75;-2,098433017730713;-5,1541032791137695;-1,875;8,218639373779297;2,0887703895568848;0;0;100;10;1;
482,606;-7,75;-2,098433017730713;-5,1541032791137695;-1,875;8,218639373779297;2,0887703895568848;0;0;100;10;1;
482,609;-7,75;-2,5895960330963135;-5,483302593231201;-1,875;8,21945858001709;1,9402520656585693;0;0;100;10;1;
482,612;-7,625;-2,5895960330963135;-5,483302593231201;-2,375;8,21945858001709;1,9402520656585693;0;0;100;10;1;
482,615;-7,625;-2,5895960330963135;-5,483302593231201;-2,375;8,21945858001709;1,9402520656585693;0;0;100;10;1;
482,617;-7,625;-2,5895960330963135;-5,483302593231201;-2,375;8,21945858001709;1,9402520656585693;0;0;100;10;1;
482,621;-7,625;-2,5895960330963135;-5,483302593231201;-2,375;8,21945858001709;1,9402520656585693;0;0;100;10;1;
482,623;-6,4375;-2,2198987007141113;-5,123612403869629;-3,9375;7,82905912399292;1,4379912614822388;0;0;100;10;1;
482,626;-6,4375;-2,2198987007141113;-5,123612403869629;-3,9375;7,82905912399292;1,4379912614822388;0;0;100;10;1;
482,628;-6,4375;-2,2198987007141113;-5,123612403869629;-3,9375;7,82905912399292;1,4379912614822388;0;0;100;10;1;
482,631;-6,4375;-2,2198987007141113;-5,123612403869629;-3,9375;7,82905912399292;1,4379912614822388;0;0;100;10;1;
482,634;-5,5;-2,028463363647461;-4,793428421020508;-5;7,556223392486572;0,9684649705886841;0;0;100;10;1;
482,636;-5,5;-2,028463363647461;-4,793428421020508;-5;7,556223392486572;0,9684649705886841;0;0;100;10;1;
482,64;-5,5;-2,028463363647461;-4,793428421020508;-5;7,556223392486572;0,9684649705886841;0;0;100;10;1;
482,642;-5,5;-2,028463363647461;-4,793428421020508;-5;7,556223392486572;0,9684649705886841;0;0;100;10;1;
482,645;-4,5;-1,4279711246490479;-4,090897083282471;-5,9375;7,122118949890137;0,3486233353614807;0;0;100;10;1;
482,648;-4,5;-1,4279711246490479;-4,090897083282471;-5,9375;7,122118949890137;0,3486233353614807;0;0;100;10;1;
482,651;-4,5;-0,9240802526473999;-3,4259188175201416;-5,9375;6,030183792114258;-0,6676729321479797;0;0;100;10;1;
482,654;-4,5;-0,9240802526473999;-3,4259188175201416;-5,9375;6,030183792114258;-0,6676729321479797;0;0;100;10;1;
482,657;-4,5;-0,9240802526473999;-3,4259188175201416;-5,9375;6,030183792114258;-0,6676729321479797;0;0;100;10;1;
482,66;-3,4375;0,3465832471847534;-2,2396743297576904;-6,625;5,079734802246094;-1,4968379735946655;0;0;100;10;1;
482,663;-3,4375;0,3465832471847534;-2,2396743297576904;-6,625;5,079734802246094;-1,4968379735946655;0;0;100;10;1;
482,666;-3,4375;0,3465832471847534;-2,2396743297576904;-6,625;5,079734802246094;-1,4968379735946655;0;0;100;10;1;
482,669;-3,4375;0,3465832471847534;-2,2396743297576904;-6,625;5,079734802246094;-1,4968379735946655;0;0;100;10;1;
482,672;-3,4375;0,3465832471847534;-2,2396743297576904;-6,625;5,079734802246094;-1,4968379735946655;0;0;100;10;1;
482,674;-1,8125;1,0445239543914795;-1,4704701900482178;-7,4375;3,6854043006896973;-2,5230138301849365;0;0;100;10;1;
482,678;-1,8125;1,0445239543914795;-1,4704701900482178;-7,4375;3,6854043006896973;-2,5230138301849365;0;0;100;10;1;
482,681;-1,8125;1,0445239543914795;-1,4704701900482178;-7,4375;3,6854043006896973;-2,5230138301849365;0;0;100;10;1;
482,683;-1,8125;2,1376147270202637;-0,44697409868240356;-7,625;2,4508981704711914;-3,3567421436309814;0;0;100;10;1;
482,686;-1,0625;2,1376147270202637;-0,44697409868240356;-7,625;2,4508981704711914;-3,3567421436309814;0;0;100;10;1;
482,69;-1,0625;2,1376147270202637;-0,44697409868240356;-7,625;2,4508981704711914;-3,3567421436309814;0;0;100;10;1;
482,693;-1,0625;2,2529656887054443;-0,08466660976409912;-7,625;1,3924190998077393;-4,0366291999816895;0;0;100;10;1;
482,696;-0,5625;2,2529656887054443;-0,08466660976409912;-7,5625;1,3924190998077393;-4,0366291999816895;0;0;100;10;1;
482,698;-0,5625;2,701796531677246;-0,08466660976409912;-7,5625;0,8181666135787964;-4,303510665893555;0;0;100;10;1;
482,701;-0,5625;2,701796531677246;0,42998170852661133;-7,5625;0,8181666135787964;-4,303510665893555;0;0;100;10;1;
482,705;-0,5625;2,701796531677246;0,42998170852661133;-7,5625;0,8181666135787964;-4,303510665893555;0;0;100;10;1;
482,707;-0,5625;2,701796531677246;0,42998170852661133;-7,5625;0,8181666135787964;-4,303510665893555;0;0;100;10;1;
482,71;-0,375;3,4196910858154297;1,0199872255325317;-7,1875;0,805893063545227;-4,065361022949219;0;0;100;10;1;
482,713;-0,375;3,4196910858154297;1,0199872255325317;-7,1875;0,805893063545227;-4,065361022949219;0;0;100;10;1;
482,716;-0,375;3,4196910858154297;1,0199872255325317;-7,1875;0,805893063545227;-4,065361022949219;0;0;100;10;1;
482,719;-0,375;3,4196910858154297;1,0199872255325317;-7,1875;0,805893063545227;-4,065361022949219;0;0;100;10;1;
482,722;-0,375;3,4196910858154297;1,0199872255325317;-7,1875;0,805893063545227;-4,065361022949219;0;0;100;10;1;
482,724;-0,8125;3,418283462524414;1,0360387563705444;-5,125;1,1678833961486816;-3,4144771099090576;0;0;100;10;1;
482,727;-0,8125;3,418283462524414;1,0360387563705444;-5,125;1,1678833961486816;-3,4144771099090576;0;0;100;10;1;
482,73;-0,8125;3,418283462524414;1,0360387563705444;-5,125;1,1678833961486816;-3,4144771099090576;0;0;100;10;1;
482,732;-0,8125;3,418283462524414;1,0360387563705444;-5,125;1,1678833961486816;-3,4144771099090576;0;0;100;10;1;
482,735;-1,375;2,8175806999206543;0,5766547918319702;-3,8125;2,134982109069824;-2,249635696411133;0;0;100;10;1;
482,738;-1,375;2,8175806999206543;0,5766547918319702;-3,8125;2,134982109069824;-2,249635696411133;0;0;100;10;1;
482,741;-1,375;2,8175806999206543;0,5766547918319702;-3,8125;2,134982109069824;-2,249635696411133;0;0;100;10;1;
482,744;-1,375;1,5820225477218628;-0,40759316086769104;-3,8125;2,908813238143921;-1,1590418815612793;0;0;100;10;1;
482,746;-2,0625;1,5820225477218628;-0,40759316086769104;-2,375;2,908813238143921;-1,1590418815612793;0;0;100;10;1;
482,749;-2,0625;0,34352952241897583;-1,4559324979782104;-2,375;4,2955451011657715;0,33587273955345154;0;0;100;10;1;
482,752;-2,0625;0,34352952241897583;-1,4559324979782104;-2,375;4,2955451011657715;0,33587273955345154;0;0;100;10;1;
482,755;-2,0625;0,34352952241897583;-1,4559324979782104;-2,375;4,2955451011657715;0,33587273955345154;0;0;100;10;1;
482,758;-2,0625;0,34352952241897583;-1,4559324979782104;-2,375;4,2955451011657715;0,33587273955345154;0;0;100;10;1;
482,761;-2,875;-0,9860698580741882;-2,617246627807617;-1,25;5,292644500732422;1,4583218097686768;0;0;100;10;1;
482,765;-2,875;-0,9860698580741882;-2,617246627807617;-1,25;5,292644500732422;1,4583218097686768;0;0;100;10;1;
482,768;-2,875;-0,9860698580741882;-2,617246627807617;-1,25;5,292644500732422;1,4583218097686768;0;0;100;10;1;
482,771;-2,875;-0,9860698580741882;-2,617246627807617;-1,25;5,292644500732422;1,4583218097686768;0;0;100;10;1;
482,774;-3,4375;-1,613970398902893;-3,2659380435943604;-0,4375;6,499618053436279;2,5758495330810547;0;0;100;10;1;
482,777;-3,4375;-1,613970398902893;-3,2659380435943604;-0,4375;6,499618053436279;2,5758495330810547;0;0;100;10;1;
482,78;-3,4375;-1,613970398902893;-3,2659380435943604;-0,4375;6,499618053436279;2,5758495330810547;0;0;100;10;1;
482,783;-3,4375;-2,2928318977355957;-3,8851165771484375;-0,4375;7,858115196228027;3,6286044120788574;0;0;100;10;1;
482,786;-3,875;-2,2928318977355957;-3,8851165771484375;0;7,858115196228027;3,6286044120788574;0;0;100;10;1;
482,789;-3,875;-2,2928318977355957;-3,8851165771484375;0;7,858115196228027;3,6286044120788574;0;0;100;10;1;
482,792;-3,875;-2,2928318977355957;-3,8851165771484375;0;7,858115196228027;3,6286044120788574;0;0;100;10;1;
482,795;-3,625;-2,635932207107544;-4,216983318328857;-0,125;8,491231918334961;4,102782726287842;0;0;100;10;1;
482,799;-3,625;-2,606800079345703;-4,192447185516357;-0,125;10,022073745727539;5,033138275146484;0;0;100;10;1;
482,802;-3,625;-2,606800079345703;-4,192447185516357;-0,125;10,022073745727539;5,033138275146484;0;0;100;10;1;
482,805;-3,625;-2,606800079345703;-4,192447185516357;-0,125;10,022073745727539;5,033138275146484;0;0;100;10;1;
482,808;-3,625;-2,606800079345703;-4,192447185516357;-0,125;10,022073745727539;5,033138275146484;0;0;100;10;1;
482,811;-3;-2,3414204120635986;-3,909000873565674;-0,75;10,31138801574707;5,005021095275879;0;0;100;10;1;
482,814;-3;-2,3414204120635986;-3,909000873565674;-0,75;10,31138801574707;5,005021095275879;0;0;100;10;1;
482,817;-3;-2,3414204120635986;-3,909000873565674;-0,75;10,31138801574707;5,005021095275879;0;0;100;10;1;
482,82;-3;-2,3414204120635986;-3,909000873565674;-0,75;10,31138801574707;5,005021095275879;0;0;100;10;1;
482,823;-3;-1,981431007385254;-3,4174721240997314;-0,75;10,355971336364746;4,6803717613220215;0;0;100;10;1;
482,826;-1,9375;-1,981431007385254;-3,4174721240997314;-1,75;10,355971336364746;4,6803717613220215;0;0;100;10;1;
482,829;-1,9375;-1,981431007385254;-3,4174721240997314;-1,75;10,355971336364746;4,6803717613220215;0;0;100;10;1;
482,831;-1,9375;-1,981431007385254;-3,4174721240997314;-1,75;10,355971336364746;4,6803717613220215;0;0;100;10;1;
482,834;1,625;-0,7190979719161987;-2,1719136238098145;-5;9,16308879852295;3,398387908935547;0;0;100;10;1;
482,837;1,625;-0,7190979719161987;-2,1719136238098145;-5;9,16308879852295;3,398387908935547;0;0;100;10;1;
482,84;1,625;-0,7190979719161987;-2,1719136238098145;-5;9,16308879852295;3,398387908935547;0;0;100;10;1;
482,843;1,625;-0,7190979719161987;-2,1719136238098145;-5;9,16308879852295;3,398387908935547;0;0;100;10;1;
482,845;3,875;1,3505115509033203;-0,19056658446788788;-7,0625;7,393453121185303;1,584678053855896;0;0;100;10;1;
482,848;3,875;1,3505115509033203;-0,19056658446788788;-7,0625;7,393453121185303;1,584678053855896;0;0;100;10;1;
482,85;3,875;3,516906976699829;1,9713743925094604;-7,0625;4,983214378356934;-0,665952742099762;0;0;100;10;1;
482,853;3,875;3,516906976699829;1,9713743925094604;-7,0625;4,983214378356934;-0,665952742099762;0;0;100;10;1;
482,856;3,875;3,516906976699829;1,9713743925094604;-7,0625;4,983214378356934;-0,665952742099762;0;0;100;10;1;
482,859;3,875;6,662167072296143;4,819920539855957;-7,0625;2,550612449645996;-2,820704936981201;0;0;100;10;1;
482,861;6,1875;6,662167072296143;4,819920539855957;-8,875;2,550612449645996;-2,820704936981201;0;0;100;10;1;
482,865;6,1875;6,662167072296143;4,819920539855957;-8,875;2,550612449645996;-2,820704936981201;0;0;100;10;1;
482,868;6,1875;6,662167072296143;4,819920539855957;-8,875;2,550612449645996;-2,820704936981201;0;0;100;10;1;
482,871;6,1875;8,837767601013184;7,010861873626709;-8,875;-0,18315500020980835;-5,052409648895264;0;0;100;10;1;
482,874;8,25;8,837767601013184;7,010861873626709;-10,5;-0,18315500020980835;-5,052409648895264;0;0;100;10;1;
482,877;8,25;8,837767601013184;7,010861873626709;-10,5;-0,18315500020980835;-5,052409648895264;0;0;100;10;1;
482,88;8,25;8,837767601013184;7,010861873626709;-10,5;-0,18315500020980835;-5,052409648895264;0;0;100;10;1;
482,883;8,25;11,24035358428955;9,352424621582031;-10,5;-2,2738285064697266;-6,678707122802734;0;0;100;10;1;
482,886;10,25;11,24035358428955;9,352424621582031;-11,75;-2,2738285064697266;-6,678707122802734;0;0;100;10;1;
482,889;10,25;11,24035358428955;9,352424621582031;-11,75;-2,2738285064697266;-6,678707122802734;0;0;100;10;1;
482,892;10,25;11,24035358428955;9,352424621582031;-11,75;-2,2738285064697266;-6,678707122802734;0;0;100;10;1;
482,895;14,1875;12,981471061706543;11,278623580932617;-13,625;-4,449751853942871;-8,228471755981445;0;0;100;10;1;
482,898;14,1875;12,981471061706543;11,278623580932617;-13,625;-4,449751853942871;-8,228471755981445;0;0;100;10;1;
482,901;14,1875;14,375616073608398;13,041996955871582;-13,625;-5,672046661376953;-9,058052062988281;0;0;100;10;1;
482,904;14,1875;14,375616073608398;13,041996955871582;-13,625;-5,672046661376953;-9,058052062988281;0;0;100;10;1;
482,907;14,1875;14,375616073608398;13,041996955871582;-13,625;-5,672046661376953;-9,058052062988281;0;0;100;10;1;
482,91;16,25;15,866849899291992;14,91887092590332;-14,4375;-7,191411972045898;-10,022955894470215;0;0;100;10;1;
482,912;16,25;15,866849899291992;14,91887092590332;-14,4375;-7,191411972045898;-10,022955894470215;0;0;100;10;1;
482,915;16,25;15,866849899291992;14,91887092590332;-14,4375;-7,191411972045898;-10,022955894470215;0;0;100;10;1;
482,918;16,25;15,866849899291992;14,91887092590332;-14,4375;-7,191411972045898;-10,022955894470215;0;0;100;10;1;
482,922;16,25;15,866849899291992;14,91887092590332;-14,4375;-7,191411972045898;-10,022955894470215;0;0;100;10;1;
482,924;16,25;17,4107666015625;16,91278839111328;-14,4375;-8,260167121887207;-10,594728469848633;0;0;100;10;1;
482,927;18,5;17,4107666015625;16,91278839111328;-15,0625;-8,260167121887207;-10,594728469848633;0;0;100;10;1;
482,929;18,5;17,4107666015625;16,91278839111328;-15,0625;-8,260167121887207;-10,594728469848633;0;0;100;10;1;
482,932;18,5;17,4107666015625;16,91278839111328;-15,0625;-8,260167121887207;-10,594728469848633;0;0;100;10;1;
482,934;18,5;19,020580291748047;18,98603057861328;-15,0625;-9,708986282348633;-11,3618745803833;0;0;100;10;1;
482,937;20,8125;19,020580291748047;18,98603057861328;-15,75;-9,708986282348633;-11,3618745803833;0;0;100;10;1;
482,94;20,8125;19,020580291748047;18,98603057861328;-15,75;-9,708986282348633;-11,3618745803833;0;0;100;10;1;
482,943;20,8125;20,66950225830078;21,161876678466797;-15,75;-11,207021713256836;-12,067873001098633;0;0;100;10;1;
482,945;23,25;20,66950225830078;21,161876678466797;-16,25;-11,207021713256836;-12,067873001098633;0;0;100;10;1;
482,948;23,25;20,66950225830078;21,161876678466797;-16,25;-11,207021713256836;-12,067873001098633;0;0;100;10;1;
482,95;25,5625;22,211673736572266;23,213134765625;-16,5;-13,039359092712402;-12,891556739807129;0;0;100;10;1;
482,953;25,5625;22,211673736572266;23,213134765625;-16,5;-13,039359092712402;-12,891556739807129;0;0;100;10;1;
482,956;25,5625;22,211673736572266;23,213134765625;-16,5;-13,039359092712402;-12,891556739807129;0;0;100;10;1;
482,958;25,5625;22,211673736572266;23,213134765625;-16,5;-13,039359092712402;-12,891556739807129;0;0;100;10;1;
482,961;27;23,630229949951172;24,908546447753906;-15,9375;-14,655888557434082;-13,226853370666504;0;0;100;10;1;
482,964;27;23,630229949951172;24,908546447753906;-15,9375;-14,655888557434082;-13,226853370666504;0;0;100;10;1;
482,967;27;23,630229949951172;24,908546447753906;-15,9375;-14,655888557434082;-13,226853370666504;0;0;100;10;1;
482,97;27;23,874351501464844;25,55345916748047;-15,9375;-14,788908958435059;-12,084728240966797;0;0;100;10;1;
482,973;27,6875;23,874351501464844;25,55345916748047;-14;-14,788908958435059;-12,084728240966797;0;0;100;10;1;
482,976;27,6875;23,874351501464844;25,55345916748047;-14;-14,788908958435059;-12,084728240966797;0;0;100;10;1;
482,979;27,6875;23,874351501464844;25,55345916748047;-14;-14,788908958435059;-12,084728240966797;0;0;100;10;1;
482,982;27,6875;23,956893920898438;25,801536560058594;-14;-14,053149223327637;-10,134422302246094;0;0;100;10;1;
482,985;27,625;23,956893920898438;25,801536560058594;-11,375;-14,053149223327637;-10,134422302246094;0;0;100;10;1;
482,988;27,625;23,956893920898438;25,801536560058594;-11,375;-14,053149223327637;-10,134422302246094;0;0;100;10;1;
482,992;27,625;22,735811233520508;24,898591995239258;-11,375;-12,830119132995605;-7,67299222946167;0;0;100;10;1;
482,995;26,875;22,735811233520508;24,898591995239258;-8,25;-12,830119132995605;-7,67299222946167;0;0;100;10;1;
482,998;26,875;22,735811233520508;24,898591995239258;-8,25;-12,830119132995605;-7,67299222946167;0;0;100;10;1;
483,001;26,0625;21,500829696655273;23,925182342529297;-5,125;-10,360469818115234;-4,424867153167725;0;0;100;10;1;
483,005;26,0625;21,500829696655273;23,925182342529297;-5,125;-10,360469818115234;-4,424867153167725;0;0;100;10;1;
483,008;26,0625;21,500829696655273;23,925182342529297;-5,125;-10,360469818115234;-4,424867153167725;0;0;100;10;1;
483,01;25,25;19,923072814941406;22,6579532623291;-2,0625;-7,263147830963135;-0,8448268175125122;0;0;100;10;1;
483,013;25,25;19,923072814941406;22,6579532623291;-2,0625;-7,263147830963135;-0,8448268175125122;0;0;100;10;1;
483,016;25,25;19,923072814941406;22,6579532623291;-2,0625;-7,263147830963135;-0,8448268175125122;0;0;100;10;1;
483,019;25,25;19,04816246032715;21,860151290893555;-2,0625;-4,857099533081055;2,094841957092285;0;0;100;10;1;
483,023;24,75;19,04816246032715;21,860151290893555;0,5625;-4,857099533081055;2,094841957092285;0;0;100;10;1;
483,025;24,75;19,04816246032715;21,860151290893555;0,5625;-4,857099533081055;2,094841957092285;0;0;100;10;1;
483,028;24,75;19,04816246032715;21,860151290893555;0,5625;-4,857099533081055;2,094841957092285;0;0;100;10;1;
483,031;24,375;18,175107955932617;21,048782348632812;2,9375;-1,8638429641723633;5,225373268127441;0;0;100;10;1;
483,034;24,375;18,175107955932617;21,048782348632812;2,9375;-1,8638429641723633;5,225373268127441;0;0;100;10;1;
483,037;24,375;18,175107955932617;21,048782348632812;2,9375;-1,8638429641723633;5,225373268127441;0;0;100;10;1;
483,04;24,375;18,787912368774414;21,286121368408203;2,9375;0,27520114183425903;7,5731587409973145;0;0;100;10;1;
483,042;24,4375;18,787912368774414;21,286121368408203;4,875;0,27520114183425903;7,5731587409973145;0;0;100;10;1;
483,045;24,4375;18,787912368774414;21,286121368408203;4,875;0,27520114183425903;7,5731587409973145;0;0;100;10;1;
483,047;24,4375;18,787912368774414;21,286121368408203;4,875;0,27520114183425903;7,5731587409973145;0;0;100;10;1;
483,05;24,5625;18,380149841308594;20,84356117248535;6,375;1,748762607574463;9,301376342773438;0;0;100;10;1;
483,052;24,5625;18,380149841308594;20,84356117248535;6,375;1,748762607574463;9,301376342773438;0;0;100;10;1;
483,056;24,5625;18,380149841308594;20,84356117248535;6,375;1,748762607574463;9,301376342773438;0;0;100;10;1;
483,059;24,5625;18,945064544677734;21,143152236938477;6,375;3,2696614265441895;10,973609924316406;0;0;100;10;1;
483,062;25,125;18,945064544677734;21,143152236938477;7,5625;3,2696614265441895;10,973609924316406;0;0;100;10;1;
483,064;25,125;18,945064544677734;21,143152236938477;7,5625;3,2696614265441895;10,973609924316406;0;0;100;10;1;
483,067;25,125;18,945064544677734;21,143152236938477;7,5625;3,2696614265441895;10,973609924316406;0;0;100;10;1;
483,07;25,9375;19,36589813232422;21,387529373168945;8,3125;4,469084739685059;12,286125183105469;0;0;100;10;1;
483,073;25,9375;19,36589813232422;21,387529373168945;8,3125;4,469084739685059;12,286125183105469;0;0;100;10;1;
483,077;25,9375;19,36589813232422;21,387529373168945;8,3125;4,469084739685059;12,286125183105469;0;0;100;10;1;
483,079;25,9375;20,843952178955078;22,43586540222168;8,3125;5,781210899353027;13,585140228271484;0;0;100;10;1;
483,082;27,1875;20,843952178955078;22,43586540222168;8,75;5,781210899353027;13,585140228271484;0;0;100;10;1;
483,085;27,1875;20,843952178955078;22,43586540222168;8,75;5,781210899353027;13,585140228271484;0;0;100;10;1;
483,088;27,1875;20,843952178955078;22,43586540222168;8,75;5,781210899353027;13,585140228271484;0;0;100;10;1;
483,092;28,375;22,326858520507812;23,45789337158203;8,875;5,885833740234375;14,00033187866211;0;0;100;10;1;
483,095;28,375;22,326858520507812;23,45789337158203;8,875;5,885833740234375;14,00033187866211;0;0;100;10;1;
483,097;28,375;22,326858520507812;23,45789337158203;8,875;5,885833740234375;14,00033187866211;0;0;100;10;1;
483,1;29,1875;23,19093132019043;23,925146102905273;8,75;5,017874240875244;13,650151252746582;0;0;100;10;1;
483,103;29,1875;23,19093132019043;23,925146102905273;8,75;5,017874240875244;13,650151252746582;0;0;100;10;1;
483,106;29,1875;23,19093132019043;23,925146102905273;8,75;5,017874240875244;13,650151252746582;0;0;100;10;1;
483,109;29,1875;24,161169052124023;24,322853088378906;8,75;3,3371355533599854;12,566380500793457;0;0;100;10;1;
483,112;29,3125;24,161169052124023;24,322853088378906;8,3125;3,3371355533599854;12,566380500793457;0;0;100;10;1;
483,114;29,3125;24,161169052124023;24,322853088378906;8,3125;3,3371355533599854;12,566380500793457;0;0;100;10;1;
483,117;29,3125;24,161169052124023;24,322853088378906;8,3125;3,3371355533599854;12,566380500793457;0;0;100;10;1;
483,12;29;24,427635192871094;24,14211082458496;7,6875;2,078852415084839;11,618439674377441;0;0;100;10;1;
483,124;29;24,427635192871094;24,14211082458496;7,6875;2,078852415084839;11,618439674377441;0;0;100;10;1;
483,127;29;24,427635192871094;24,14211082458496;7,6875;2,078852415084839;11,618439674377441;0;0;100;10;1;
483,13;28,0625;24,09984016418457;23,422657012939453;6,8125;-0,12784171104431152;9,902384757995605;0;0;100;10;1;
483,132;28,0625;24,09984016418457;23,422657012939453;6,8125;-0,12784171104431152;9,902384757995605;0;0;100;10;1;
483,135;28,0625;24,09984016418457;23,422657012939453;6,8125;-0,12784171104431152;9,902384757995605;0;0;100;10;1;
483,138;28,0625;24,09984016418457;23,422657012939453;6,8125;-0,12784171104431152;9,902384757995605;0;0;100;10;1;
483,14;26,9375;23,014375686645508;22,15119743347168;5,9375;-1,0677516460418701;8,994771957397461;0;0;100;10;1;
483,143;26,9375;23,014375686645508;22,15119743347168;5,9375;-1,0677516460418701;8,994771957397461;0;0;100;10;1;
483,145;26,9375;23,014375686645508;22,15119743347168;5,9375;-1,0677516460418701;8,994771957397461;0;0;100;10;1;
483,148;26,9375;23,014375686645508;22,15119743347168;5,9375;-1,0677516460418701;8,994771957397461;0;0;100;10;1;
483,151;25,6875;20,941301345825195;20,217483520507812;5,3125;-2,501835823059082;7,824946403503418;0;0;100;10;1;
483,153;25,6875;20,941301345825195;20,217483520507812;5,3125;-2,501835823059082;7,824946403503418;0;0;100;10;1;
483,157;25,6875;20,941301345825195;20,217483520507812;5,3125;-2,501835823059082;7,824946403503418;0;0;100;10;1;
483,159;24,3125;19,45197296142578;18,650753021240234;4,8125;-3,8652567863464355;6,734977722167969;0;0;100;10;1;
483,162;24,3125;19,45197296142578;18,650753021240234;4,8125;-3,8652567863464355;6,734977722167969;0;0;100;10;1;
483,165;24,3125;19,45197296142578;18,650753021240234;4,8125;-3,8652567863464355;6,734977722167969;0;0;100;10;1;
483,169;24,3125;19,45197296142578;18,650753021240234;4,8125;-3,8652567863464355;6,734977722167969;0;0;100;10;1;
483,172;23;18,43216323852539;17,415054321289062;4,5;-4,761859893798828;5,994503021240234;0;0;100;10;1;
483,175;23;18,43216323852539;17,415054321289062;4,5;-4,761859893798828;5,994503021240234;0;0;100;10;1;
483,178;23;18,43216323852539;17,415054321289062;4,5;-4,761859893798828;5,994503021240234;0;0;100;10;1;
483,181;21,75;17,58294677734375;16,33849334716797;4,4375;-5,617016315460205;5,348012924194336;0;0;100;10;1;
483,184;21,75;17,58294677734375;16,33849334716797;4,4375;-5,617016315460205;5,348012924194336;0;0;100;10;1;
483,186;21,75;17,58294677734375;16,33849334716797;4,4375;-5,617016315460205;5,348012924194336;0;0;100;10;1;
483,189;20,6875;16,07975196838379;14,907425880432129;4,4375;-5,9396467208862305;5,07761287689209;0;0;100;10;1;
483,193;20,6875;16,07975196838379;14,907425880432129;4,4375;-5,9396467208862305;5,07761287689209;0;0;100;10;1;
483,196;20,6875;16,07975196838379;14,907425880432129;4,4375;-5,9396467208862305;5,07761287689209;0;0;100;10;1;
483,199;20,6875;14,808623313903809;13,689123153686523;4,4375;-5,959351539611816;5,025242328643799;0;0;100;10;1;
483,202;19,75;14,808623313903809;13,689123153686523;4,5625;-5,959351539611816;5,025242328643799;0;0;100;10;1;
483,205;19,75;14,808623313903809;13,689123153686523;4,5625;-5,959351539611816;5,025242328643799;0;0;100;10;1;
483,208;19,75;14,808623313903809;13,689123153686523;4,5625;-5,959351539611816;5,025242328643799;0;0;100;10;1;
483,211;19;13,805520057678223;12,705466270446777;4,875;-5,812067985534668;5,138413429260254;0;0;100;10;1;
483,214;19;13,805520057678223;12,705466270446777;4,875;-5,812067985534668;5,138413429260254;0;0;100;10;1;
483,216;19;13,805520057678223;12,705466270446777;4,875;-5,812067985534668;5,138413429260254;0;0;100;10;1;
483,219;19;13,805520057678223;12,705466270446777;4,875;-5,812067985534668;5,138413429260254;0;0;100;10;1;
483,222;18,375;13,120201110839844;11,990133285522461;5,25;-5,315024375915527;5,4937968254089355;0;0;100;10;1;
483,225;18,375;13,120201110839844;11,990133285522461;5,25;-5,315024375915527;5,4937968254089355;0;0;100;10;1;
483,228;18,375;13,120201110839844;11,990133285522461;5,25;-5,315024375915527;5,4937968254089355;0;0;100;10;1;
483,231;18;12,883113861083984;11,638731002807617;5,6875;-4,875523090362549;5,825618267059326;0;0;100;10;1;
483,233;18;12,883113861083984;11,638731002807617;5,6875;-4,875523090362549;5,825618267059326;0;0;100;10;1;
483,236;18;12,883113861083984;11,638731002807617;5,6875;-4,875523090362549;5,825618267059326;0;0;100;10;1;
483,239;18;12,493870735168457;11,268322944641113;5,6875;-4,365187168121338;6,2198309898376465;0;0;100;10;1;
483,242;17,875;12,493870735168457;11,268322944641113;6,25;-4,365187168121338;6,2198309898376465;0;0;100;10;1;
483,245;17,875;12,493870735168457;11,268322944641113;6,25;-4,365187168121338;6,2198309898376465;0;0;100;10;1;
483,247;17,875;12,493870735168457;11,268322944641113;6,25;-4,365187168121338;6,2198309898376465;0;0;100;10;1;
483,25;17,875;12,227983474731445;11,023336410522461;6,75;-3,7930049896240234;6,648845195770264;0;0;100;10;1;
483,253;17,875;12,227983474731445;11,023336410522461;6,75;-3,7930049896240234;6,648845195770264;0;0;100;10;1;
483,256;17,875;12,227983474731445;11,023336410522461;6,75;-3,7930049896240234;6,648845195770264;0;0;100;10;1;
483,259;17,875;12,227983474731445;11,023336410522461;6,75;-3,7930049896240234;6,648845195770264;0;0;100;10;1;
483,261;18;12,212286949157715;10,984399795532227;7,3125;-3,271601438522339;7,047216415405273;0;0;100;10;1;
483,264;18;12,212286949157715;10,984399795532227;7,3125;-3,271601438522339;7,047216415405273;0;0;100;10;1;
483,267;18;12,212286949157715;10,984399795532227;7,3125;-3,271601438522339;7,047216415405273;0;0;100;10;1;
483,27;18,25;12,294089317321777;11,042935371398926;7,875;-2,5460708141326904;7,597716808319092;0;0;100;10;1;
483,273;18,25;12,294089317321777;11,042935371398926;7,875;-2,5460708141326904;7,597716808319092;0;0;100;10;1;
483,276;18,25;12,294089317321777;11,042935371398926;7,875;-2,5460708141326904;7,597716808319092;0;0;100;10;1;
483,279;18,25;12,838583946228027;11,427030563354492;8,4375;-1,7995878458023071;8,157947540283203;0;0;100;10;1;
483,282;18,5625;12,838583946228027;11,427030563354492;8,4375;-1,7995878458023071;8,157947540283203;0;0;100;10;1;
483,285;18,5625;12,838583946228027;11,427030563354492;8,4375;-1,7995878458023071;8,157947540283203;0;0;100;10;1;
483,288;18,5625;12,838583946228027;11,427030563354492;8,4375;-1,7995878458023071;8,157947540283203;0;0;100;10;1;
483,291;18,9375;13,233881950378418;11,722715377807617;9,0625;-1,3288893699645996;8,553800582885742;0;0;100;10;1;
483,294;18,9375;13,233881950378418;11,722715377807617;9,0625;-1,3288893699645996;8,553800582885742;0;0;100;10;1;
483,297;18,9375;13,233881950378418;11,722715377807617;9,0625;-1,3288893699645996;8,553800582885742;0;0;100;10;1;
483,3;19,3125;13,408308029174805;11,87408447265625;9,75;-0,7562077045440674;9,045123100280762;0;0;100;10;1;
483,303;19,3125;13,408308029174805;11,87408447265625;9,75;-0,7562077045440674;9,045123100280762;0;0;100;10;1;
483,306;19,3125;13,408308029174805;11,87408447265625;9,75;-0,7562077045440674;9,045123100280762;0;0;100;10;1;
483,309;19,3125;13,872804641723633;12,196174621582031;9,75;-0,2879123091697693;9,458686828613281;0;0;100;10;1;
483,312;19,6875;13,872804641723633;12,196174621582031;10,375;-0,2879123091697693;9,458686828613281;0;0;100;10;1;
483,315;19,6875;13,872804641723633;12,196174621582031;10,375;-0,2879123091697693;9,458686828613281;0;0;100;10;1;
483,317;19,6875;13,872804641723633;12,196174621582031;10,375;-0,2879123091697693;9,458686828613281;0;0;100;10;1;
483,32;19,9375;14,701544761657715;12,735457420349121;11;0,25841468572616577;9,93513011932373;0;0;100;10;1;
483,324;19,9375;14,701544761657715;12,735457420349121;11;0,25841468572616577;9,93513011932373;0;0;100;10;1;
483,327;19,9375;14,701544761657715;12,735457420349121;11;0,25841468572616577;9,93513011932373;0;0;100;10;1;
483,33;20,1875;15,231908798217773;13,047881126403809;11,6875;0,9849361181259155;10,548078536987305;0;0;100;10;1;
483,332;20,1875;15,231908798217773;13,047881126403809;11,6875;0,9849361181259155;10,548078536987305;0;0;100;10;1;
483,335;20,1875;15,231908798217773;13,047881126403809;11,6875;0,9849361181259155;10,548078536987305;0;0;100;10;1;
483,338;20,1875;15,231908798217773;13,047881126403809;11,6875;0,9849361181259155;10,548078536987305;0;0;100;10;1;
483,341;20,3125;15,391022682189941;13,087979316711426;12,3125;1,5116428136825562;11,025540351867676;0;0;100;10;1;
483,344;20,3125;15,391022682189941;13,087979316711426;12,3125;1,5116428136825562;11,025540351867676;0;0;100;10;1;
483,346;20,3125;15,391022682189941;13,087979316711426;12,3125;1,5116428136825562;11,025540351867676;0;0;100;10;1;
483,349;20,3125;15,391022682189941;13,087979316711426;12,3125;1,5116428136825562;11,025540351867676;0;0;100;10;1;
483,351;20,4375;15,413095474243164;13,015164375305176;12,875;1,8649346828460693;11,366201400756836;0;0;100;10;1;
483,354;20,4375;15,413095474243164;13,015164375305176;12,875;1,8649346828460693;11,366201400756836;0;0;100;10;1;
483,357;20,4375;15,413095474243164;13,015164375305176;12,875;1,8649346828460693;11,366201400756836;0;0;100;10;1;
483,359;20,4375;15,613770484924316;13,030904769897461;13,4375;2,4235830307006836;11,828895568847656;0;0;100;10;1;
483,362;20,4375;15,613770484924316;13,030904769897461;13,4375;2,4235830307006836;11,828895568847656;0;0;100;10;1;
483,365;20,4375;15,613770484924316;13,030904769897461;13,4375;2,4235830307006836;11,828895568847656;0;0;100;10;1;
483,368;20,4375;15,613770484924316;13,030904769897461;13,4375;2,4235830307006836;11,828895568847656;0;0;100;10;1;
483,37;20,375;15,444917678833008;12,766538619995117;13,9375;3,019019365310669;12,287884712219238;0;0;100;10;1;
483,374;20,375;15,444917678833008;12,766538619995117;13,9375;3,019019365310669;12,287884712219238;0;0;100;10;1;
483,377;20,375;15,444917678833008;12,766538619995117;13,9375;3,019019365310669;12,287884712219238;0;0;100;10;1;
483,38;20,25;15,464725494384766;12,600293159484863;14,375;3,4998538494110107;12,65050983428955;0;0;100;10;1;
483,383;20,25;15,464725494384766;12,600293159484863;14,375;3,4998538494110107;12,65050983428955;0;0;100;10;1;
483,386;20,25;15,464725494384766;12,600293159484863;14,375;3,4998538494110107;12,65050983428955;0;0;100;10;1;
483,389;20,25;15,979730606079102;12,725675582885742;14,375;4,023361682891846;13,019880294799805;0;0;100;10;1;
483,391;20;15,979730606079102;12,725675582885742;14,8125;4,023361682891846;13,019880294799805;0;0;100;10;1;
483,394;20;15,979730606079102;12,725675582885742;14,8125;4,023361682891846;13,019880294799805;0;0;100;10;1;
483,397;20;15,979730606079102;12,725675582885742;14,8125;4,023361682891846;13,019880294799805;0;0;100;10;1;
483,4;19,75;16,183975219726562;12,632336616516113;15,125;4,2745795249938965;13,19204044342041;0;0;100;10;1;
483,403;19,75;16,183975219726562;12,632336616516113;15,125;4,2745795249938965;13,19204044342041;0;0;100;10;1;
483,406;19,75;16,183975219726562;12,632336616516113;15,125;4,2745795249938965;13,19204044342041;0;0;100;10;1;
483,409;19,75;15,96166706085205;12,252944946289062;15,125;4,464179039001465;13,297891616821289;0;0;100;10;1;
483,412;19,4375;15,96166706085205;12,252944946289062;15,375;4,464179039001465;13,297891616821289;0;0;100;10;1;
483,415;19,4375;15,96166706085205;12,252944946289062;15,375;4,464179039001465;13,297891616821289;0;0;100;10;1;
483,418;19,4375;15,96166706085205;12,252944946289062;15,375;4,464179039001465;13,297891616821289;0;0;100;10;1;
483,421;19,1875;15,944884300231934;12,012199401855469;15,625;4,806797027587891;13,482565879821777;0;0;100;10;1;
483,425;19,1875;15,944884300231934;12,012199401855469;15,625;4,806797027587891;13,482565879821777;0;0;100;10;1;
483,428;19,1875;15,944884300231934;12,012199401855469;15,625;4,806797027587891;13,482565879821777;0;0;100;10;1;
483,43;18,8125;15,590213775634766;11,544392585754395;15,75;5,056774616241455;13,584245681762695;0;0;100;10;1;
483,433;18,8125;15,590213775634766;11,544392585754395;15,75;5,056774616241455;13,584245681762695;0;0;100;10;1;
483,435;18,8125;15,590213775634766;11,544392585754395;15,75;5,056774616241455;13,584245681762695;0;0;100;10;1;
483,438;18,8125;15,590213775634766;11,544392585754395;15,75;5,056774616241455;13,584245681762695;0;0;100;10;1;
483,441;18,5625;15,239165306091309;11,086041450500488;15,9375;5,112821578979492;13,540630340576172;0;0;100;10;1;
483,443;18,5625;15,239165306091309;11,086041450500488;15,9375;5,112821578979492;13,540630340576172;0;0;100;10;1;
483,446;18,5625;15,239165306091309;11,086041450500488;15,9375;5,112821578979492;13,540630340576172;0;0;100;10;1;
483,449;18,5625;15,239165306091309;11,086041450500488;15,9375;5,112821578979492;13,540630340576172;0;0;100;10;1;
483,451;18,25;14,971948623657227;10,690584182739258;16,0625;5,274168968200684;13,545940399169922;0;0;100;10;1;
483,454;18,25;14,971948623657227;10,690584182739258;16,0625;5,274168968200684;13,545940399169922;0;0;100;10;1;
483,457;18,25;14,971948623657227;10,690584182739258;16,0625;5,274168968200684;13,545940399169922;0;0;100;10;1;
483,459;17,9375;14,932814598083496;10,458113670349121;16,125;5,330928802490234;13,461337089538574;0;0;100;10;1;
483,462;17,9375;14,932814598083496;10,458113670349121;16,125;5,330928802490234;13,461337089538574;0;0;100;10;1;
483,465;17,9375;14,932814598083496;10,458113670349121;16,125;5,330928802490234;13,461337089538574;0;0;100;10;1;
483,468;17,9375;14,932814598083496;10,458113670349121;16,125;5,330928802490234;13,461337089538574;0;0;100;10;1;
483,47;17,6875;15,04990005493164;10,33714485168457;16,25;5,4831414222717285;13,437129974365234;0;0;100;10;1;
483,474;17,6875;15,04990005493164;10,33714485168457;16,25;5,4831414222717285;13,437129974365234;0;0;100;10;1;
483,477;17,6875;15,04990005493164;10,33714485168457;16,25;5,4831414222717285;13,437129974365234;0;0;100;10;1;
483,48;17,375;15,232195854187012;10,266386032104492;16,375;5,6495256423950195;13,433405876159668;0;0;100;10;1;
483,483;17,375;15,232195854187012;10,266386032104492;16,375;5,6495256423950195;13,433405876159668;0;0;100;10;1;
483,486;17,375;15,232195854187012;10,266386032104492;16,375;5,6495256423950195;13,433405876159668;0;0;100;10;1;
483,489;17,375;15,273428916931152;10,120527267456055;16,375;5,841196060180664;13,45251750946045;0;0;100;10;1;
483,492;17,125;15,273428916931152;10,120527267456055;16,5;5,841196060180664;13,45251750946045;0;0;100;10;1;
483,495;17,125;15,273428916931152;10,120527267456055;16,5;5,841196060180664;13,45251750946045;0;0;100;10;1;
483,498;17,125;15,273428916931152;10,120527267456055;16,5;5,841196060180664;13,45251750946045;0;0;100;10;1;
483,5;16,875;15,427624702453613;10,062273025512695;16,625;5,945999622344971;13,423492431640625;0;0;100;10;1;
483,503;16,875;15,427624702453613;10,062273025512695;16,625;5,945999622344971;13,423492431640625;0;0;100;10;1;
483,507;16,875;15,427624702453613;10,062273025512695;16,625;5,945999622344971;13,423492431640625;0;0;100;10;1;
483,509;16,875;15,256460189819336;9,80831241607666;16,625;6,169715881347656;13,485958099365234;0;0;100;10;1;
483,512;16,6875;15,256460189819336;9,80831241607666;16,875;6,169715881347656;13,485958099365234;0;0;100;10;1;
483,515;16,6875;15,256460189819336;9,80831241607666;16,875;6,169715881347656;13,485958099365234;0;0;100;10;1;
483,517;16,6875;15,256460189819336;9,80831241607666;16,875;6,169715881347656;13,485958099365234;0;0;100;10;1;
483,52;16,5;15,45412826538086;9,804868698120117;17,0625;6,514249801635742;13,636534690856934;0;0;100;10;1;
483,523;16,5;15,45412826538086;9,804868698120117;17,0625;6,514249801635742;13,636534690856934;0;0;100;10;1;
483,525;16,5;15,45412826538086;9,804868698120117;17,0625;6,514249801635742;13,636534690856934;0;0;100;10;1;
483,528;16,5;15,45412826538086;9,804868698120117;17,0625;6,514249801635742;13,636534690856934;0;0;100;10;1;
483,531;16,25;15,292269706726074;9,572216033935547;17,375;6,894762992858887;13,822872161865234;0;0;100;10;1;
483,534;16,25;15,292269706726074;9,572216033935547;17,375;6,894762992858887;13,822872161865234;0;0;100;10;1;
483,536;16,25;15,292269706726074;9,572216033935547;17,375;6,894762992858887;13,822872161865234;0;0;100;10;1;
483,539;16,0625;15,050077438354492;9,287342071533203;17,6875;7,407290935516357;14,111878395080566;0;0;100;10;1;
483,542;16,0625;15,050077438354492;9,287342071533203;17,6875;7,407290935516357;14,111878395080566;0;0;100;10;1;
483,545;16,0625;15,050077438354492;9,287342071533203;17,6875;7,407290935516357;14,111878395080566;0;0;100;10;1;
483,547;16,0625;15,050077438354492;9,287342071533203;17,6875;7,407290935516357;14,111878395080566;0;0;100;10;1;
483,55;15,875;15,177666664123535;9,248212814331055;18;7,984341621398926;14,441368103027344;0;0;100;10;1;
483,552;15,875;15,177666664123535;9,248212814331055;18;7,984341621398926;14,441368103027344;0;0;100;10;1;
483,556;15,875;15,177666664123535;9,248212814331055;18;7,984341621398926;14,441368103027344;0;0;100;10;1;
483,559;15,875;14,910911560058594;8,956225395202637;18;8,768668174743652;14,910674095153809;0;0;100;10;1;
483,562;15,625;14,910911560058594;8,956225395202637;18,375;8,768668174743652;14,910674095153809;0;0;100;10;1;
483,564;15,625;14,910911560058594;8,956225395202637;18,375;8,768668174743652;14,910674095153809;0;0;100;10;1;
483,567;15,625;14,910911560058594;8,956225395202637;18,375;8,768668174743652;14,910674095153809;0;0;100;10;1;
483,57;15,4375;14,882927894592285;8,817863464355469;18,6875;9,257997512817383;15,175764083862305;0;0;100;10;1;
483,573;15,4375;14,882927894592285;8,817863464355469;18,6875;9,257997512817383;15,175764083862305;0;0;100;10;1;
483,575;15,4375;14,882927894592285;8,817863464355469;18,6875;9,257997512817383;15,175764083862305;0;0;100;10;1;
483,578;15,4375;14,882927894592285;8,817863464355469;18,6875;9,257997512817383;15,175764083862305;0;0;100;10;1;
483,582;15,25;15,00666332244873;8,780841827392578;19;9,875848770141602;15,516365051269531;0;0;100;10;1;
483,585;15,25;15,00666332244873;8,780841827392578;19;9,875848770141602;15,516365051269531;0;0;100;10;1;
483,588;15,25;15,00666332244873;8,780841827392578;19;9,875848770141602;15,516365051269531;0;0;100;10;1;
483,591;15;15,035041809082031;8,67845344543457;19,25;10,301124572753906;15,713998794555664;0;0;100;10;1;
483,594;15;15,035041809082031;8,67845344543457;19,25;10,301124572753906;15,713998794555664;0;0;100;10;1;
483,597;15;15,035041809082031;8,67845344543457;19,25;10,301124572753906;15,713998794555664;0;0;100;10;1;
483,6;14,8125;15,122823715209961;8,619932174682617;19,5;10,933050155639648;16,02931022644043;0;0;100;10;1;
483,602;14,8125;15,122823715209961;8,619932174682617;19,5;10,933050155639648;16,02931022644043;0;0;100;10;1;
483,605;14,8125;15,122823715209961;8,619932174682617;19,5;10,933050155639648;16,02931022644043;0;0;100;10;1;
483,608;14,8125;15,122823715209961;8,619932174682617;19,5;10,933050155639648;16,02931022644043;0;0;100;10;1;
483,611;14,5625;14,792449951171875;8,284392356872559;19,625;11,333009719848633;16,174964904785156;0;0;100;10;1;
483,614;14,5625;14,792449951171875;8,284392356872559;19,625;11,333009719848633;16,174964904785156;0;0;100;10;1;
483,616;14,5625;14,792449951171875;8,284392356872559;19,625;11,333009719848633;16,174964904785156;0;0;100;10;1;
483,619;14,5625;14,733841896057129;8,133049964904785;19,625;11,87630558013916;16,398996353149414;0;0;100;10;1;
483,623;14,3125;14,733841896057129;8,133049964904785;19,75;11,87630558013916;16,398996353149414;0;0;100;10;1;
483,625;14,3125;14,733841896057129;8,133049964904785;19,75;11,87630558013916;16,398996353149414;0;0;100;10;1;
483,628;14,3125;14,733841896057129;8,133049964904785;19,75;11,87630558013916;16,398996353149414;0;0;100;10;1;
483,63;14;14,347728729248047;7,768726348876953;19,875;12,24808120727539;16,504484176635742;0;0;100;10;1;
483,633;14;14,347728729248047;7,768726348876953;19,875;12,24808120727539;16,504484176635742;0;0;100;10;1;
483,636;14;14,347728729248047;7,768726348876953;19,875;12,24808120727539;16,504484176635742;0;0;100;10;1;
483,639;14;14,347728729248047;7,768726348876953;19,875;12,24808120727539;16,504484176635742;0;0;100;10;1;
483,641;13,75;14,129036903381348;7,520902156829834;19,9375;12,632723808288574;16,599884033203125;0;0;100;10;1;
483,644;13,75;14,129036903381348;7,520902156829834;19,9375;12,632723808288574;16,599884033203125;0;0;100;10;1;
483,647;13,75;14,129036903381348;7,520902156829834;19,9375;12,632723808288574;16,599884033203125;0;0;100;10;1;
483,649;13,75;13,706307411193848;7,1422648429870605;19,9375;12,926384925842285;16,62691307067871;0;0;100;10;1;
483,652;13,5;13,706307411193848;7,1422648429870605;20;12,926384925842285;16,62691307067871;0;0;100;10;1;
483,655;13,5;13,706307411193848;7,1422648429870605;20;12,926384925842285;16,62691307067871;0;0;100;10;1;
483,658;13,5;13,706307411193848;7,1422648429870605;20;12,926384925842285;16,62691307067871;0;0;100;10;1;
483,66;13,1875;13,348603248596191;6,814743518829346;20,0625;13,316813468933105;16,7073917388916;0;0;100;10;1;
483,663;13,1875;13,348603248596191;6,814743518829346;20,0625;13,316813468933105;16,7073917388916;0;0;100;10;1;
483,666;13,1875;13,348603248596191;6,814743518829346;20,0625;13,316813468933105;16,7073917388916;0;0;100;10;1;
483,669;13,1875;13,348603248596191;6,814743518829346;20,0625;13,316813468933105;16,7073917388916;0;0;100;10;1;
483,672;12,9375;13,366175651550293;6,739386558532715;20,0625;13,706907272338867;16,777118682861328;0;0;100;10;1;
483,675;12,9375;13,366175651550293;6,739386558532715;20,0625;13,706907272338867;16,777118682861328;0;0;100;10;1;
483,677;12,9375;13,366175651550293;6,739386558532715;20,0625;13,706907272338867;16,777118682861328;0;0;100;10;1;
483,68;12,6875;12,962601661682129;6,396515846252441;20,0625;13,949462890625;16,750476837158203;0;0;100;10;1;
483,683;12,6875;12,962601661682129;6,396515846252441;20,0625;13,949462890625;16,750476837158203;0;0;100;10;1;
483,686;12,6875;12,962601661682129;6,396515846252441;20,0625;13,949462890625;16,750476837158203;0;0;100;10;1;
483,689;12,6875;12,917366981506348;6,296510219573975;20,0625;14,298596382141113;16,794044494628906;0;0;100;10;1;
483,693;12,375;12,917366981506348;6,296510219573975;20,0625;14,298596382141113;16,794044494628906;0;0;100;10;1;
483,695;12,375;12,917366981506348;6,296510219573975;20,0625;14,298596382141113;16,794044494628906;0;0;100;10;1;
483,698;12,375;12,917366981506348;6,296510219573975;20,0625;14,298596382141113;16,794044494628906;0;0;100;10;1;
483,701;12,125;12,452595710754395;5,932737827301025;20,125;14,739439964294434;16,900144577026367;0;0;100;10;1;
483,703;12,125;12,452595710754395;5,932737827301025;20,125;14,739439964294434;16,900144577026367;0;0;100;10;1;
483,707;12,125;12,452595710754395;5,932737827301025;20,125;14,739439964294434;16,900144577026367;0;0;100;10;1;
483,71;11,875;11,993477821350098;5,581315517425537;20,125;15,191691398620605;17,015153884887695;0;0;100;10;1;
483,713;11,875;11,993477821350098;5,581315517425537;20,125;15,191691398620605;17,015153884887695;0;0;100;10;1;
483,715;11,875;11,993477821350098;5,581315517425537;20,125;15,191691398620605;17,015153884887695;0;0;100;10;1;
483,718;11,875;11,993477821350098;5,581315517425537;20,125;15,191691398620605;17,015153884887695;0;0;100;10;1;
483,72;11,625;11,706981658935547;5,3497514724731445;20,1875;15,564706802368164;17,088350296020508;0;0;100;10;1;
483,723;11,625;11,706981658935547;5,3497514724731445;20,1875;15,564706802368164;17,088350296020508;0;0;100;10;1;
483,726;11,625;11,706981658935547;5,3497514724731445;20,1875;15,564706802368164;17,088350296020508;0;0;100;10;1;
483,728;11,625;11,706981658935547;5,3497514724731445;20,1875;15,564706802368164;17,088350296020508;0;0;100;10;1;
483,731;11,375;11,32248306274414;5,0600481033325195;20,25;15,953256607055664;17,182212829589844;0;0;100;10;1;
483,734;11,375;11,32248306274414;5,0600481033325195;20,25;15,953256607055664;17,182212829589844;0;0;100;10;1;
483,737;11,375;11,32248306274414;5,0600481033325195;20,25;15,953256607055664;17,182212829589844;0;0;100;10;1;
483,74;11,1875;11,198695182800293;4,95145845413208;20,375;16,354047775268555;17,29503631591797;0;0;100;10;1;
483,743;11,1875;11,198695182800293;4,95145845413208;20,375;16,354047775268555;17,29503631591797;0;0;100;10;1;
483,745;11,1875;11,198695182800293;4,95145845413208;20,375;16,354047775268555;17,29503631591797;0;0;100;10;1;
483,748;11,1875;11,198695182800293;4,95145845413208;20,375;16,354047775268555;17,29503631591797;0;0;100;10;1;
483,75;10,9375;11,066368103027344;4,848320960998535;20,5;16,982913970947266;17,569259643554688;0;0;100;10;1;
483,753;10,9375;11,066368103027344;4,848320960998535;20,5;16,982913970947266;17,569259643554688;0;0;100;10;1;
483,756;10,9375;11,066368103027344;4,848320960998535;20,5;16,982913970947266;17,569259643554688;0;0;100;10;1;
483,759;10,9375;11,066368103027344;4,848320960998535;20,5;16,982913970947266;17,569259643554688;0;0;100;10;1;
483,762;10,75;10,94368839263916;4,759692192077637;20,625;17,615657806396484;17,853412628173828;0;0;100;10;1;
483,765;10,75;10,94368839263916;4,759692192077637;20,625;17,615657806396484;17,853412628173828;0;0;100;10;1;
483,767;10,75;10,94368839263916;4,759692192077637;20,625;17,615657806396484;17,853412628173828;0;0;100;10;1;
483,77;10,75;10,988565444946289;4,787686347961426;20,8125;18,335657119750977;18,200298309326172;0;0;100;10;1;
483,773;10,625;10,988565444946289;4,787686347961426;20,8125;18,335657119750977;18,200298309326172;0;0;100;10;1;
483,776;10,625;10,988565444946289;4,787686347961426;20,8125;18,335657119750977;18,200298309326172;0;0;100;10;1;
483,778;10,625;10,988565444946289;4,787686347961426;20,8125;18,335657119750977;18,200298309326172;0;0;100;10;1;
483,781;10,4375;10,98271369934082;4,7860541343688965;20,9375;18,730619430541992;18,335433959960938;0;0;100;10;1;
483,784;10,4375;10,98271369934082;4,7860541343688965;20,9375;18,730619430541992;18,335433959960938;0;0;100;10;1;
483,787;10,4375;10,98271369934082;4,7860541343688965;20,9375;18,730619430541992;18,335433959960938;0;0;100;10;1;
483,79;10,3125;10,491055488586426;4,476036071777344;21,0625;19,269731521606445;18,561264038085938;0;0;100;10;1;
483,793;10,3125;10,491055488586426;4,476036071777344;21,0625;19,269731521606445;18,561264038085938;0;0;100;10;1;
483,796;10,3125;10,491055488586426;4,476036071777344;21,0625;19,269731521606445;18,561264038085938;0;0;100;10;1;
483,799;10,3125;10,491055488586426;4,476036071777344;21,0625;19,269731521606445;18,561264038085938;0;0;100;10;1;
483,801;10,125;10,35301399230957;4,401797294616699;21,125;19,761987686157227;18,746843338012695;0;0;100;10;1;
483,804;10,125;10,35301399230957;4,401797294616699;21,125;19,761987686157227;18,746843338012695;0;0;100;10;1;
483,807;10,125;10,35301399230957;4,401797294616699;21,125;19,761987686157227;18,746843338012695;0;0;100;10;1;
483,81;10;10,45003604888916;4,489428997039795;21,1875;20,236434936523438;18,915796279907227;0;0;100;10;1;
483,813;10;10,45003604888916;4,489428997039795;21,1875;20,236434936523438;18,915796279907227;0;0;100;10;1;
483,816;10;10,45003604888916;4,489428997039795;21,1875;20,236434936523438;18,915796279907227;0;0;100;10;1;
483,818;10;10,45003604888916;4,489428997039795;21,1875;20,236434936523438;18,915796279907227;0;0;100;10;1;
483,821;9,875;10,288471221923828;4,410016059875488;21,1875;20,812644958496094;19,142650604248047;0;0;100;10;1;
483,824;9,875;10,288471221923828;4,410016059875488;21,1875;20,812644958496094;19,142650604248047;0;0;100;10;1;
483,826;9,875;10,288471221923828;4,410016059875488;21,1875;20,812644958496094;19,142650604248047;0;0;100;10;1;
483,829;9,875;10,288471221923828;4,410016059875488;21,1875;20,812644958496094;19,142650604248047;0;0;100;10;1;
483,832;9,6875;10,318782806396484;4,463938236236572;21,1875;21,34819984436035;19,335079193115234;0;0;100;10;1;
483,835;9,6875;10,318782806396484;4,463938236236572;21,1875;21,34819984436035;19,335079193115234;0;0;100;10;1;
483,838;9,6875;10,318782806396484;4,463938236236572;21,1875;21,34819984436035;19,335079193115234;0;0;100;10;1;
483,841;9,5625;9,981598854064941;4,277905464172363;21,125;21,81421661376953;19,476837158203125;0;0;100;10;1;
483,843;9,5625;9,981598854064941;4,277905464172363;21,125;21,81421661376953;19,476837158203125;0;0;100;10;1;
483,846;9,5625;9,981598854064941;4,277905464172363;21,125;21,81421661376953;19,476837158203125;0;0;100;10;1;
483,849;9,5625;9,981598854064941;4,277905464172363;21,125;21,81421661376953;19,476837158203125;0;0;100;10;1;
483,851;9,375;9,68092155456543;4,118555068969727;21,0625;22,05650520324707;19,46518898010254;0;0;100;10;1;
483,854;9,375;9,68092155456543;4,118555068969727;21,0625;22,05650520324707;19,46518898010254;0;0;100;10;1;
483,857;9,375;9,68092155456543;4,118555068969727;21,0625;22,05650520324707;19,46518898010254;0;0;100;10;1;
483,86;9,375;9,289664268493652;3,905977725982666;21,0625;22,34970474243164;19,48378562927246;0;0;100;10;1;
483,863;9,25;9,289664268493652;3,905977725982666;21;22,34970474243164;19,48378562927246;0;0;100;10;1;
483,866;9,25;9,289664268493652;3,905977725982666;21;22,34970474243164;19,48378562927246;0;0;100;10;1;
483,868;9,25;9,289664268493652;3,905977725982666;21;22,34970474243164;19,48378562927246;0;0;100;10;1;
483,871;9,0625;9,302982330322266;3,95993971824646;20,9375;22,612489700317383;19,49007797241211;0;0;100;10;1;
483,874;9,0625;9,302982330322266;3,95993971824646;20,9375;22,612489700317383;19,49007797241211;0;0;100;10;1;
483,876;9,0625;9,302982330322266;3,95993971824646;20,9375;22,612489700317383;19,49007797241211;0;0;100;10;1;
483,879;9,0625;9,302982330322266;3,95993971824646;20,9375;22,612489700317383;19,49007797241211;0;0;100;10;1;
483,881;8,9375;8,89366340637207;3,7422142028808594;20,875;22,82965087890625;19,4757137298584;0;0;100;10;1;
483,884;8,9375;8,89366340637207;3,7422142028808594;20,875;22,82965087890625;19,4757137298584;0;0;100;10;1;
483,887;8,9375;8,89366340637207;3,7422142028808594;20,875;22,82965087890625;19,4757137298584;0;0;100;10;1;
483,891;8,8125;8,828485488891602;3,7578516006469727;20,8125;23,043384552001953;19,471576690673828;0;0;100;10;1;
483,894;8,8125;8,828485488891602;3,7578516006469727;20,8125;23,043384552001953;19,471576690673828;0;0;100;10;1;
483,897;8,8125;8,828485488891602;3,7578516006469727;20,8125;23,043384552001953;19,471576690673828;0;0;100;10;1;
483,9;8,8125;8,828485488891602;3,7578516006469727;20,8125;23,33839988708496;19,471576690673828;0;0;100;10;1;
483,903;8,625;8,42609977722168;3,5611627101898193;20,8125;23,33839988708496;19,533071517944336;0;0;100;10;1;
483,906;8,625;8,42609977722168;3,5611627101898193;20,8125;23,33839988708496;19,533071517944336;0;0;100;10;1;
483,909;8,625;8,42609977722168;3,5611627101898193;20,8125;23,33839988708496;19,533071517944336;0;0;100;10;1;
483,911;8,5625;8,034008026123047;3,3769748210906982;20,8125;23,659395217895508;19,625473022460938;0;0;100;10;1;
483,914;8,5625;8,034008026123047;3,3769748210906982;20,8125;23,659395217895508;19,625473022460938;0;0;100;10;1;
483,916;8,5625;8,034008026123047;3,3769748210906982;20,8125;23,659395217895508;19,625473022460938;0;0;100;10;1;
483,919;8,5625;8,034008026123047;3,3769748210906982;20,8125;23,659395217895508;19,625473022460938;0;0;100;10;1;
483,921;8,4375;7,736836910247803;3,2581515312194824;20,875;23,973033905029297;19,722551345825195;0;0;100;10;1;
483,925;8,4375;7,736836910247803;3,2581515312194824;20,875;23,973033905029297;19,722551345825195;0;0;100;10;1;
483,927;8,4375;7,736836910247803;3,2581515312194824;20,875;23,973033905029297;19,722551345825195;0;0;100;10;1;
483,93;8,4375;7,269462585449219;3,034865140914917;20,875;24,466787338256836;19,947542190551758;0;0;100;10;1;
483,933;8,3125;7,269462585449219;3,034865140914917;20,875;24,466787338256836;19,947542190551758;0;0;100;10;1;
483,935;8,3125;7,269462585449219;3,034865140914917;20,875;24,466787338256836;19,947542190551758;0;0;100;10;1;
483,939;8,3125;7,269462585449219;3,034865140914917;20,875;24,466787338256836;19,947542190551758;0;0;100;10;1;
483,942;8,25;7,3070573806762695;3,1458749771118164;20,9375;24,750226974487305;20,037473678588867;0;0;100;10;1;
483,945;8,25;7,3070573806762695;3,1458749771118164;20,9375;24,750226974487305;20,037473678588867;0;0;100;10;1;
483,947;8,25;7,3070573806762695;3,1458749771118164;20,9375;24,750226974487305;20,037473678588867;0;0;100;10;1;
483,95;8,25;7,3070573806762695;3,1458749771118164;20,9375;24,750226974487305;20,037473678588867;0;0;100;10;1;
483,952;8,125;6,876773357391357;2,952813148498535;21;25,138004302978516;20,201662063598633;0;0;100;10;1;
483,955;8,125;6,876773357391357;2,952813148498535;21;25,138004302978516;20,201662063598633;0;0;100;10;1;
483,958;8,125;6,876773357391357;2,952813148498535;21;25,138004302978516;20,201662063598633;0;0;100;10;1;
483,96;8,0625;6,457512855529785;2,7714684009552;21,0625;25,514400482177734;20,360546112060547;0;0;100;10;1;
483,963;8,0625;6,457512855529785;2,7714684009552;21,0625;25,514400482177734;20,360546112060547;0;0;100;10;1;
483,966;8,0625;6,457512855529785;2,7714684009552;21,0625;25,514400482177734;20,360546112060547;0;0;100;10;1;
483,969;8,0625;6,457512855529785;2,7714684009552;21,0625;25,514400482177734;20,360546112060547;0;0;100;10;1;
483,971;7,9375;6,465057849884033;2,8695859909057617;21,125;25,832128524780273;20,481775283813477;0;0;100;10;1;
483,974;7,9375;6,465057849884033;2,8695859909057617;21,125;25,832128524780273;20,481775283813477;0;0;100;10;1;
483,977;7,9375;6,465057849884033;2,8695859909057617;21,125;25,832128524780273;20,481775283813477;0;0;100;10;1;
483,979;7,9375;6,465057849884033;2,8695859909057617;21,125;25,832128524780273;20,481775283813477;0;0;100;10;1;
483,982;7,875;6,48373556137085;2,9775545597076416;21,125;26,160188674926758;20,610172271728516;0;0;100;10;1;
483,985;7,875;6,48373556137085;2,9775545597076416;21,125;26,160188674926758;20,610172271728516;0;0;100;10;1;
483,987;7,875;6,48373556137085;2,9775545597076416;21,125;26,160188674926758;20,610172271728516;0;0;100;10;1;
483,991;7,8125;6,373818397521973;3,019646644592285;21,125;26,60822296142578;20,819047927856445;0;0;100;10;1;
483,994;7,8125;6,373818397521973;3,019646644592285;21,125;26,60822296142578;20,819047927856445;0;0;100;10;1;
483,997;7,8125;6,373818397521973;3,019646644592285;21,125;26,60822296142578;20,819047927856445;0;0;100;10;1;
484;7,8125;6,373818397521973;3,019646644592285;21,125;26,60822296142578;20,819047927856445;0;0;100;10;1;
484,003;7,8125;6,082544803619385;2,971604824066162;21,1875;26,93358039855957;20,957029342651367;0;0;100;10;1;
484,006;7,8125;6,082544803619385;2,971604824066162;21,1875;26,93358039855957;20,957029342651367;0;0;100;10;1;
484,009;7,8125;6,082544803619385;2,971604824066162;21,1875;26,93358039855957;20,957029342651367;0;0;100;10;1;
484,011;7,875;5,798505783081055;2,924269437789917;21,25;27,248737335205078;21,092161178588867;0;0;100;10;1;
484,014;7,875;5,798505783081055;2,924269437789917;21,25;27,248737335205078;21,092161178588867;0;0;100;10;1;
484,017;7,875;5,798505783081055;2,924269437789917;21,25;27,248737335205078;21,092161178588867;0;0;100;10;1;
484,02;7,875;5,571888446807861;2,948147773742676;21,25;27,432973861694336;21,148693084716797;0;0;100;10;1;
484,023;8;5,571888446807861;2,948147773742676;21,3125;27,432973861694336;21,148693084716797;0;0;100;10;1;
484,026;8;5,571888446807861;2,948147773742676;21,3125;27,432973861694336;21,148693084716797;0;0;100;10;1;
484,028;8;5,571888446807861;2,948147773742676;21,3125;27,432973861694336;21,148693084716797;0;0;100;10;1;
484,031;8;5,542446613311768;3,164886236190796;21,3125;27,761383056640625;21,31241226196289;0;0;100;10;1;
484,033;8,125;5,542446613311768;3,164886236190796;21,375;27,761383056640625;21,31241226196289;0;0;100;10;1;
484,036;8,125;5,542446613311768;3,164886236190796;21,375;27,761383056640625;21,31241226196289;0;0;100;10;1;
484,039;8,125;5,542446613311768;3,164886236190796;21,375;27,761383056640625;21,31241226196289;0;0;100;10;1;
484,042;8,375;5,570126056671143;3,451110363006592;21,4375;28,121185302734375;21,499399185180664;0;0;100;10;1;
484,045;8,375;5,570126056671143;3,451110363006592;21,4375;28,121185302734375;21,499399185180664;0;0;100;10;1;
484,048;8,375;5,570126056671143;3,451110363006592;21,4375;28,121185302734375;21,499399185180664;0;0;100;10;1;
484,05;8,375;5,570126056671143;3,451110363006592;21,4375;28,121185302734375;21,499399185180664;0;0;100;10;1;
484,053;8,625;5,502587795257568;3,7040932178497314;21,5625;28,628864288330078;21,805044174194336;0;0;100;10;1;
484,056;8,625;5,502587795257568;3,7040932178497314;21,5625;28,628864288330078;21,805044174194336;0;0;100;10;1;
484,059;8,625;5,502587795257568;3,7040932178497314;21,5625;28,628864288330078;21,805044174194336;0;0;100;10;1;
484,061;8,625;5,496417999267578;3,9923653602600098;21,5625;29,091123580932617;22,08418846130371;0;0;100;10;1;
484,064;8,625;5,496417999267578;3,9923653602600098;21,5625;29,091123580932617;22,08418846130371;0;0;100;10;1;
484,067;8,625;5,496417999267578;3,9923653602600098;21,5625;29,091123580932617;22,08418846130371;0;0;100;10;1;
484,07;8,625;5,482572078704834;4,297987461090088;21,5625;29,463623046875;22,323427200317383;0;0;100;10;1;
484,073;8,9375;5,482572078704834;4,297987461090088;21,75;29,463623046875;22,323427200317383;0;0;100;10;1;
484,076;8,9375;5,482572078704834;4,297987461090088;21,75;29,463623046875;22,323427200317383;0;0;100;10;1;
484,078;8,9375;5,482572078704834;4,297987461090088;21,75;29,463623046875;22,323427200317383;0;0;100;10;1;
484,081;8,9375;5,636098861694336;4,7675299644470215;21,75;29,84157371520996;22,59640121459961;0;0;100;10;1;
484,083;9,6875;5,636098861694336;4,7675299644470215;22,1875;29,84157371520996;22,59640121459961;0;0;100;10;1;
484,086;9,6875;5,636098861694336;4,7675299644470215;22,1875;29,84157371520996;22,59640121459961;0;0;100;10;1;
484,089;9,6875;5,636098861694336;4,7675299644470215;22,1875;29,84157371520996;22,59640121459961;0;0;100;10;1;
484,093;10,125;5,804177761077881;5,266655921936035;22,5625;30,21031379699707;22,890132904052734;0;0;100;10;1;
484,096;10,125;5,804177761077881;5,266655921936035;22,5625;30,21031379699707;22,890132904052734;0;0;100;10;1;
484,098;10,125;5,804177761077881;5,266655921936035;22,5625;30,21031379699707;22,890132904052734;0;0;100;10;1;
484,101;10,625;5,877557754516602;5,726038932800293;22,9375;30,77007484436035;23,329784393310547;0;0;100;10;1;
484,104;10,625;5,877557754516602;5,726038932800293;22,9375;30,77007484436035;23,329784393310547;0;0;100;10;1;
484,107;10,625;5,877557754516602;5,726038932800293;22,9375;30,77007484436035;23,329784393310547;0;0;100;10;1;
484,11;10,625;5,940707683563232;6,174493789672852;22,9375;31,499204635620117;23,880952835083008;0;0;100;10;1;
484,112;10,625;5,940707683563232;6,174493789672852;22,9375;31,499204635620117;23,880952835083008;0;0;100;10;1;
484,115;10,625;5,940707683563232;6,174493789672852;22,9375;31,499204635620117;23,880952835083008;0;0;100;10;1;
484,118;10,625;5,940707683563232;6,174493789672852;22,9375;31,499204635620117;23,880952835083008;0;0;100;10;1;
484,12;11,0625;6,370275974273682;6,884840965270996;23,3125;32,36149215698242;24,52996063232422;0;0;100;10;1;
484,123;11,0625;6,370275974273682;6,884840965270996;23,3125;32,36149215698242;24,52996063232422;0;0;100;10;1;
484,126;11,0625;6,370275974273682;6,884840965270996;23,3125;32,36149215698242;24,52996063232422;0;0;100;10;1;
484,129;11,0625;6,370275974273682;6,884840965270996;23,3125;32,36149215698242;24,52996063232422;0;0;100;10;1;
484,131;12,0625;6,634049892425537;7,495786666870117;23,5625;32,97586441040039;24,845733642578125;0;0;100;10;1;
484,134;12,0625;6,634049892425537;7,495786666870117;23,5625;32,97586441040039;24,845733642578125;0;0;100;10;1;
484,137;12,0625;6,634049892425537;7,495786666870117;23,5625;32,97586441040039;24,845733642578125;0;0;100;10;1;
484,14;12,0625;6,634049892425537;7,495786666870117;23,5625;32,97586441040039;24,845733642578125;0;0;100;10;1;
484,143;12,5;6,682825088500977;7,966842174530029;23,125;33,52047348022461;24,984224319458008;0;0;100;10;1;
484,146;12,5;6,682825088500977;7,966842174530029;23,125;33,52047348022461;24,984224319458008;0;0;100;10;1;
484,149;12,5;6,682825088500977;7,966842174530029;23,125;33,52047348022461;24,984224319458008;0;0;100;10;1;
484,151;12,9375;6,9844536781311035;8,60840892791748;22,625;33,477230072021484;24,704050064086914;0;0;100;10;1;
484,154;12,9375;6,9844536781311035;8,60840892791748;22,625;33,477230072021484;24,704050064086914;0;0;100;10;1;
484,158;12,9375;6,9844536781311035;8,60840892791748;22,625;33,477230072021484;24,704050064086914;0;0;100;10;1;
484,161;12,9375;7,092591762542725;9,111963272094727;22,625;33,08143615722656;24,190631866455078;0;0;100;10;1;
484,163;12,9375;7,092591762542725;9,111963272094727;22,625;33,08143615722656;24,190631866455078;0;0;100;10;1;
484,166;12,9375;7,092591762542725;9,111963272094727;22,625;33,08143615722656;24,190631866455078;0;0;100;10;1;
484,168;12,9375;7,092591762542725;9,111963272094727;22,625;33,08143615722656;24,190631866455078;0;0;100;10;1;
484,171;13,375;7,2414960861206055;9,637922286987305;22,125;32,349857330322266;23,458091735839844;0;0;100;10;1;
484,175;13,375;7,2414960861206055;9,637922286987305;22,125;32,349857330322266;23,458091735839844;0;0;100;10;1;
484,177;13,375;7,2414960861206055;9,637922286987305;22,125;32,349857330322266;23,458091735839844;0;0;100;10;1;
484,18;13,375;7,2414960861206055;9,637922286987305;22,125;32,349857330322266;23,458091735839844;0;0;100;10;1;
484,183;14,4375;7,450796127319336;10,24449634552002;21,3125;31,8922061920166;22,944211959838867;0;0;100;10;1;
484,186;14,4375;7,450796127319336;10,24449634552002;21,3125;31,8922061920166;22,944211959838867;0;0;100;10;1;
484,189;14,4375;7,450796127319336;10,24449634552002;21,3125;31,8922061920166;22,944211959838867;0;0;100;10;1;
484,193;15;7,53517484664917;10,776834487915039;20,9375;31,749338150024414;22,6471004486084;0;0;100;10;1;
484,196;15;7,53517484664917;10,776834487915039;20,9375;31,749338150024414;22,6471004486084;0;0;100;10;1;
484,199;15;7,53517484664917;10,776834487915039;20,9375;31,749338150024414;22,6471004486084;0;0;100;10;1;
484,202;15;7,53517484664917;10,776834487915039;20,9375;31,749338150024414;22,6471004486084;0;0;100;10;1;
484,204;15;7,53517484664917;10,776834487915039;20,9375;31,749338150024414;22,6471004486084;0;0;100;10;1;
484,208;15;7,53517484664917;10,776834487915039;20,9375;31,749338150024414;22,6471004486084;0;0;100;10;1;
484,21;15;7,53517484664917;10,776834487915039;20,9375;31,749338150024414;22,6471004486084;0;0;100;10;1;
484,213;15;7,53517484664917;10,776834487915039;20,9375;31,749338150024414;22,6471004486084;0;0;100;10;1;
484,215;15;7,53517484664917;10,776834487915039;20,9375;31,749338150024414;22,6471004486084;0;0;100;10;1;
484,218;15;7,53517484664917;10,776834487915039;20,9375;31,749338150024414;22,6471004486084;0;0;100;10;1;
484,221;15;7,53517484664917;10,776834487915039;20,9375;31,749338150024414;22,6471004486084;0;0;100;10;1;
484,224;15;7,53517484664917;10,776834487915039;20,9375;31,749338150024414;22,6471004486084;0;0;100;10;1;
484,227;15;7,53517484664917;10,776834487915039;20,9375;31,749338150024414;22,6471004486084;0;0;100;10;1;
484,23;15;7,53517484664917;10,776834487915039;20,9375;31,749338150024414;22,6471004486084;0;0;100;10;1;
484,232;15;7,53517484664917;10,776834487915039;20,9375;31,749338150024414;22,6471004486084;0;0;100;10;1;
484,235;15;7,53517484664917;10,776834487915039;20,9375;31,749338150024414;22,6471004486084;0;0;100;10;1;
484,237;15;7,53517484664917;10,776834487915039;20,9375;31,749338150024414;22,6471004486084;0;0;100;10;1;
484,24;15;7,53517484664917;10,776834487915039;20,9375;31,749338150024414;22,6471004486084;0;0;100;10;1;
484,243;15;7,53517484664917;10,776834487915039;20,9375;31,749338150024414;22,6471004486084;0;0;100;10;1;
484,246;15;7,53517484664917;10,776834487915039;20,9375;31,749338150024414;22,6471004486084;0;0;100;10;1;
484,249;15;7,53517484664917;10,776834487915039;20,9375;31,749338150024414;22,6471004486084;0;0;100;10;1;
484,251;15;7,53517484664917;10,776834487915039;20,9375;31,749338150024414;22,6471004486084;0;0;100;10;1;
484,254;15;7,53517484664917;10,776834487915039;20,9375;31,749338150024414;22,6471004486084;0;0;100;10;1;
484,257;15;7,53517484664917;10,776834487915039;20,9375;31,749338150024414;22,6471004486084;0;0;100;10;1;
484,26;15;7,53517484664917;10,776834487915039;20,9375;31,749338150024414;22,6471004486084;0;0;100;10;1;
484,263;15;7,53517484664917;10,776834487915039;20,9375;31,749338150024414;22,6471004486084;0;0;100;10;1;
484,266;15;7,53517484664917;10,776834487915039;20,9375;31,749338150024414;22,6471004486084;0;0;100;10;1;
484,269;15;7,53517484664917;10,776834487915039;20,9375;31,749338150024414;22,6471004486084;0;0;100;10;1;
484,271;15;7,53517484664917;10,776834487915039;20,9375;31,749338150024414;22,6471004486084;0;0;100;10;1;
484,275;15;7,53517484664917;10,776834487915039;20,9375;31,749338150024414;22,6471004486084;0;0;100;10;1;
484,277;15;7,53517484664917;10,776834487915039;20,9375;31,749338150024414;22,6471004486084;0;0;100;10;1;
484,28;15;7,53517484664917;10,776834487915039;20,9375;31,749338150024414;22,6471004486084;0;0;100;10;1;
484,282;15;7,53517484664917;10,776834487915039;20,9375;31,749338150024414;22,6471004486084;0;0;100;10;1;
484,285;15;7,53517484664917;10,776834487915039;20,9375;31,749338150024414;22,6471004486084;0;0;100;10;1;
484,287;15;7,53517484664917;10,776834487915039;20,9375;31,749338150024414;22,6471004486084;0;0;100;10;1;
484,291;15;7,53517484664917;10,776834487915039;20,9375;31,749338150024414;22,6471004486084;0;0;100;10;1;
484,294;15;7,53517484664917;10,776834487915039;20,9375;31,749338150024414;22,6471004486084;0;0;100;10;1;
484,297;15;7,53517484664917;10,776834487915039;20,9375;31,749338150024414;22,6471004486084;0;0;100;10;1;
484,299;15;7,53517484664917;10,776834487915039;20,9375;31,749338150024414;22,6471004486084;0;0;100;10;1;
484,302;15;7,53517484664917;10,776834487915039;20,9375;31,749338150024414;22,6471004486084;0;0;100;10;1;
484,305;15;7,53517484664917;10,776834487915039;20,9375;31,749338150024414;22,6471004486084;0;0;100;10;1;
484,308;15;7,53517484664917;10,776834487915039;20,9375;31,749338150024414;22,6471004486084;0;0;100;10;1;
484,311;15;7,53517484664917;10,776834487915039;20,9375;31,749338150024414;22,6471004486084;0;0;100;10;1;
484,313;15;7,53517484664917;10,776834487915039;20,9375;31,749338150024414;22,6471004486084;0;0;100;10;1;
484,316;15;7,53517484664917;10,776834487915039;20,9375;31,749338150024414;22,6471004486084;0;0;100;10;1;
484,319;15;7,53517484664917;10,776834487915039;20,9375;31,749338150024414;22,6471004486084;0;0;100;10;1;
484,321;15;7,53517484664917;10,776834487915039;20,9375;31,749338150024414;22,6471004486084;0;0;100;10;1;
484,324;15;7,53517484664917;10,776834487915039;20,9375;31,749338150024414;22,6471004486084;0;0;100;10;1;
484,327;15;7,53517484664917;10,776834487915039;20,9375;31,749338150024414;22,6471004486084;0;0;100;10;1;
484,329;15;7,53517484664917;10,776834487915039;20,9375;31,749338150024414;22,6471004486084;0;0;100;10;1;
484,332;15;7,53517484664917;10,776834487915039;20,9375;31,749338150024414;22,6471004486084;0;0;100;10;1;
484,335;15;7,53517484664917;10,776834487915039;20,9375;31,749338150024414;22,6471004486084;0;0;100;10;1;
484,337;15;7,53517484664917;10,776834487915039;20,9375;31,749338150024414;22,6471004486084;0;0;100;10;1;
484,34;15;7,53517484664917;10,776834487915039;20,9375;31,749338150024414;22,6471004486084;0;0;100;10;1;
484,343;15;7,53517484664917;10,776834487915039;20,9375;31,749338150024414;22,6471004486084;0;0;100;10;1;
484,346;15;7,53517484664917;10,776834487915039;20,9375;31,749338150024414;22,6471004486084;0;0;100;10;1;
484,349;15;7,53517484664917;10,776834487915039;20,9375;31,749338150024414;22,6471004486084;0;0;100;10;1;
484,352;15;7,53517484664917;10,776834487915039;20,9375;31,749338150024414;22,6471004486084;0;0;100;10;1;
484,354;15;7,53517484664917;10,776834487915039;20,9375;31,749338150024414;22,6471004486084;0;0;100;10;1;
484,358;15;7,53517484664917;10,776834487915039;20,9375;31,749338150024414;22,6471004486084;0;0;100;10;1;
484,361;15;7,53517484664917;10,776834487915039;20,9375;31,749338150024414;22,6471004486084;0;0;100;10;1;
484,363;15;7,53517484664917;10,776834487915039;20,9375;31,749338150024414;22,6471004486084;0;0;100;10;1;
484,366;15;7,53517484664917;10,776834487915039;20,9375;31,749338150024414;22,6471004486084;0;0;100;10;1;
484,368;15;7,53517484664917;10,776834487915039;20,9375;31,749338150024414;22,6471004486084;0;0;100;10;1;
484,371;15;7,53517484664917;10,776834487915039;20,9375;31,749338150024414;22,6471004486084;0;0;100;10;1;
484,374;15;7,53517484664917;10,776834487915039;20,9375;31,749338150024414;22,6471004486084;0;0;100;10;1;
484,377;15;7,53517484664917;10,776834487915039;20,9375;31,749338150024414;22,6471004486084;0;0;100;10;1;
484,379;15;7,53517484664917;10,776834487915039;20,9375;31,749338150024414;22,6471004486084;0;0;100;10;1;
484,382;15;7,53517484664917;10,776834487915039;20,9375;31,749338150024414;22,6471004486084;0;0;100;10;1;
484,385;15;7,53517484664917;10,776834487915039;20,9375;31,749338150024414;22,6471004486084;0;0;100;10;1;
484,388;15;7,53517484664917;10,776834487915039;20,9375;31,749338150024414;22,6471004486084;0;0;100;10;1;
484,391;15;7,53517484664917;10,776834487915039;20,9375;31,749338150024414;22,6471004486084;0;0;100;10;1;
484,394;15;7,53517484664917;10,776834487915039;20,9375;31,749338150024414;22,6471004486084;0;0;100;10;1;
484,398;15;7,53517484664917;10,776834487915039;20,9375;31,749338150024414;22,6471004486084;0;0;100;10;1;
484,4;15;7,53517484664917;10,776834487915039;20,9375;31,749338150024414;22,6471004486084;0;0;100;10;1;
484,403;15;7,53517484664917;10,776834487915039;20,9375;31,749338150024414;22,6471004486084;0;0;100;10;1;
484,406;15;7,53517484664917;10,776834487915039;20,9375;31,749338150024414;22,6471004486084;0;0;100;10;1;
484,409;15;7,53517484664917;10,776834487915039;20,9375;31,749338150024414;22,6471004486084;0;0;100;10;1;
484,412;15;7,53517484664917;10,776834487915039;20,9375;31,749338150024414;22,6471004486084;0;0;100;10;1;
484,414;15;7,53517484664917;10,776834487915039;20,9375;31,749338150024414;22,6471004486084;0;0;100;10;1;
484,417;15;7,53517484664917;10,776834487915039;20,9375;31,749338150024414;22,6471004486084;0;0;100;10;1;
484,42;15;7,53517484664917;10,776834487915039;20,9375;31,749338150024414;22,6471004486084;0;0;100;10;1;
484,423;15;7,53517484664917;10,776834487915039;20,9375;31,749338150024414;22,6471004486084;0;0;100;10;1;
484,426;15;7,53517484664917;10,776834487915039;20,9375;31,749338150024414;22,6471004486084;0;0;100;10;1;
484,428;15;7,53517484664917;10,776834487915039;20,9375;31,749338150024414;22,6471004486084;0;0;100;10;1;
484,431;15;7,53517484664917;10,776834487915039;20,9375;31,749338150024414;22,6471004486084;0;0;100;10;1;
484,434;15;7,53517484664917;10,776834487915039;20,9375;31,749338150024414;22,6471004486084;0;0;100;10;1;
484,436;15;7,53517484664917;10,776834487915039;20,9375;31,749338150024414;22,6471004486084;0;0;100;10;1;
484,439;15;7,53517484664917;10,776834487915039;20,9375;31,749338150024414;22,6471004486084;0;0;100;10;1;
484,442;15;7,53517484664917;10,776834487915039;20,9375;31,749338150024414;22,6471004486084;0;0;100;10;1;
484,444;15;7,53517484664917;10,776834487915039;20,9375;31,749338150024414;22,6471004486084;0;0;100;10;1;
484,448;15;7,53517484664917;10,776834487915039;20,9375;31,749338150024414;22,6471004486084;0;0;100;10;1;
484,451;15;7,53517484664917;10,776834487915039;20,9375;31,749338150024414;22,6471004486084;0;0;100;10;1;
484,453;15;7,53517484664917;10,776834487915039;20,9375;31,749338150024414;22,6471004486084;0;0;100;10;1;
484,456;15;7,53517484664917;10,776834487915039;20,9375;31,749338150024414;22,6471004486084;0;0;100;10;1;
484,459;15;7,53517484664917;10,776834487915039;20,9375;31,749338150024414;22,6471004486084;0;0;100;10;1;
484,462;15;7,53517484664917;10,776834487915039;20,9375;31,749338150024414;22,6471004486084;0;0;100;10;1;
484,465;15;7,53517484664917;10,776834487915039;20,9375;31,749338150024414;22,6471004486084;0;0;100;10;1;
484,468;15;7,53517484664917;10,776834487915039;20,9375;31,749338150024414;22,6471004486084;0;0;100;10;1;
484,47;15;7,53517484664917;10,776834487915039;20,9375;31,749338150024414;22,6471004486084;0;0;100;10;1;
484,473;15;7,53517484664917;10,776834487915039;20,9375;31,749338150024414;22,6471004486084;0;0;100;10;1;
484,476;15;7,53517484664917;10,776834487915039;20,9375;31,749338150024414;22,6471004486084;0;0;100;10;1;
484,478;15;7,53517484664917;10,776834487915039;20,9375;31,749338150024414;22,6471004486084;0;0;100;10;1;
484,481;15;7,53517484664917;10,776834487915039;20,9375;31,749338150024414;22,6471004486084;0;0;100;10;1;
484,484;15;7,53517484664917;10,776834487915039;20,9375;31,749338150024414;22,6471004486084;0;0;100;10;1;
484,486;15;7,53517484664917;10,776834487915039;20,9375;31,749338150024414;22,6471004486084;0;0;100;10;1;
484,49;15;7,53517484664917;10,776834487915039;20,9375;31,749338150024414;22,6471004486084;0;0;100;10;1;
484,493;15;7,53517484664917;10,776834487915039;20,9375;31,749338150024414;22,6471004486084;0;0;100;10;1;
484,496;15;7,53517484664917;10,776834487915039;20,9375;31,749338150024414;22,6471004486084;0;0;100;10;1;
484,499;15;7,53517484664917;10,776834487915039;20,9375;31,749338150024414;22,6471004486084;0;0;100;10;1;
484,502;15;7,53517484664917;10,776834487915039;20,9375;31,749338150024414;22,6471004486084;0;0;100;10;1;
484,504;15;7,53517484664917;10,776834487915039;20,9375;31,749338150024414;22,6471004486084;0;0;100;10;1;
484,508;15;7,53517484664917;10,776834487915039;20,9375;31,749338150024414;22,6471004486084;0;0;100;10;1;
484,51;15;7,53517484664917;10,776834487915039;20,9375;31,749338150024414;22,6471004486084;0;0;100;10;1;
484,513;15;7,53517484664917;10,776834487915039;20,9375;31,749338150024414;22,6471004486084;0;0;100;10;1;
484,516;15;7,53517484664917;10,776834487915039;20,9375;31,749338150024414;22,6471004486084;0;0;100;10;1;
484,519;15;7,53517484664917;10,776834487915039;20,9375;31,749338150024414;22,6471004486084;0;0;100;10;1;
484,521;15;7,53517484664917;10,776834487915039;20,9375;31,749338150024414;22,6471004486084;0;0;100;10;1;
484,524;15;7,53517484664917;10,776834487915039;20,9375;31,749338150024414;22,6471004486084;0;0;100;10;1;
484,527;15;7,53517484664917;10,776834487915039;20,9375;31,749338150024414;22,6471004486084;0;0;100;10;1;
484,529;15;7,53517484664917;10,776834487915039;20,9375;31,749338150024414;22,6471004486084;0;0;100;10;1;
484,532;15;7,53517484664917;10,776834487915039;20,9375;31,749338150024414;22,6471004486084;0;0;100;10;1;
484,535;15;7,53517484664917;10,776834487915039;20,9375;31,749338150024414;22,6471004486084;0;0;100;10;1;
484,537;15;7,53517484664917;10,776834487915039;20,9375;31,749338150024414;22,6471004486084;0;0;100;10;1;
484,54;15;7,53517484664917;10,776834487915039;20,9375;31,749338150024414;22,6471004486084;0;0;100;10;1;
484,543;15;7,53517484664917;10,776834487915039;20,9375;31,749338150024414;22,6471004486084;0;0;100;10;1;
484,546;15;7,53517484664917;10,776834487915039;20,9375;31,749338150024414;22,6471004486084;0;0;100;10;1;
484,549;15;7,53517484664917;10,776834487915039;20,9375;31,749338150024414;22,6471004486084;0;0;100;10;1;
484,552;15;7,53517484664917;10,776834487915039;20,9375;31,749338150024414;22,6471004486084;0;0;100;10;1;
484,554;15;7,53517484664917;10,776834487915039;20,9375;31,749338150024414;22,6471004486084;0;0;100;10;1;
484,557;15;7,53517484664917;10,776834487915039;20,9375;31,749338150024414;22,6471004486084;0;0;100;10;1;
484,56;15;7,53517484664917;10,776834487915039;20,9375;31,749338150024414;22,6471004486084;0;0;100;10;1;
484,563;15;7,53517484664917;10,776834487915039;20,9375;31,749338150024414;22,6471004486084;0;0;100;10;1;
484,566;15;7,53517484664917;10,776834487915039;20,9375;31,749338150024414;22,6471004486084;0;0;100;10;1;
484,569;15;7,53517484664917;10,776834487915039;20,9375;31,749338150024414;22,6471004486084;0;0;100;10;1;
484,571;15;7,53517484664917;10,776834487915039;20,9375;31,749338150024414;22,6471004486084;0;0;100;10;1;
484,574;15;7,53517484664917;10,776834487915039;20,9375;31,749338150024414;22,6471004486084;0;0;100;10;1;
484,577;15;7,53517484664917;10,776834487915039;20,9375;31,749338150024414;22,6471004486084;0;0;100;10;1;
484,58;15;7,53517484664917;10,776834487915039;20,9375;31,749338150024414;22,6471004486084;0;0;100;10;1;
484,582;15;7,53517484664917;10,776834487915039;20,9375;31,749338150024414;22,6471004486084;0;0;100;10;1;
484,585;15;7,53517484664917;10,776834487915039;20,9375;31,749338150024414;22,6471004486084;0;0;100;10;1;
484,587;15;7,53517484664917;10,776834487915039;20,9375;31,749338150024414;22,6471004486084;0;0;100;10;1;
484,591;15;7,53517484664917;10,776834487915039;20,9375;31,749338150024414;22,6471004486084;0;0;100;10;1;
484,594;15;7,53517484664917;10,776834487915039;20,9375;31,749338150024414;22,6471004486084;0;0;100;10;1;
484,597;15;7,53517484664917;10,776834487915039;20,9375;31,749338150024414;22,6471004486084;0;0;100;10;1;
484,6;15;7,53517484664917;10,776834487915039;20,9375;31,749338150024414;22,6471004486084;0;0;100;10;1;
484,603;15;7,53517484664917;10,776834487915039;20,9375;31,749338150024414;22,6471004486084;0;0;100;10;1;
484,606;15;7,53517484664917;10,776834487915039;20,9375;31,749338150024414;22,6471004486084;0;0;100;10;1;
484,609;15;7,53517484664917;10,776834487915039;20,9375;31,749338150024414;22,6471004486084;0;0;100;10;1;
484,612;15;7,53517484664917;10,776834487915039;20,9375;31,749338150024414;22,6471004486084;0;0;100;10;1;
484,615;15;7,53517484664917;10,776834487915039;20,9375;31,749338150024414;22,6471004486084;0;0;100;10;1;
484,617;15;7,53517484664917;10,776834487915039;20,9375;31,749338150024414;22,6471004486084;0;0;100;10;1;
484,62;15;7,53517484664917;10,776834487915039;20,9375;31,749338150024414;22,6471004486084;0;0;100;10;1;
484,623;15;7,53517484664917;10,776834487915039;20,9375;31,749338150024414;22,6471004486084;0;0;100;10;1;
484,626;15;7,53517484664917;10,776834487915039;20,9375;31,749338150024414;22,6471004486084;0;0;100;10;1;
484,628;15;7,53517484664917;10,776834487915039;20,9375;31,749338150024414;22,6471004486084;0;0;100;10;1;
484,631;15;7,53517484664917;10,776834487915039;20,9375;31,749338150024414;22,6471004486084;0;0;100;10;1;
484,633;15;7,53517484664917;10,776834487915039;20,9375;31,749338150024414;22,6471004486084;0;0;100;10;1;
484,636;15;7,53517484664917;10,776834487915039;20,9375;31,749338150024414;22,6471004486084;0;0;100;10;1;
484,639;15;7,53517484664917;10,776834487915039;20,9375;31,749338150024414;22,6471004486084;0;0;100;10;1;
484,642;15;7,53517484664917;10,776834487915039;20,9375;31,749338150024414;22,6471004486084;0;0;100;10;1;
484,644;15;7,53517484664917;10,776834487915039;20,9375;31,749338150024414;22,6471004486084;0;0;100;10;1;
484,647;15;7,53517484664917;10,776834487915039;20,9375;31,749338150024414;22,6471004486084;0;0;100;10;1;
484,65;15;7,53517484664917;10,776834487915039;20,9375;31,749338150024414;22,6471004486084;0;0;100;10;1;
484,652;15;7,53517484664917;10,776834487915039;20,9375;31,749338150024414;22,6471004486084;0;0;100;10;1;
484,655;15;7,53517484664917;10,776834487915039;20,9375;31,749338150024414;22,6471004486084;0;0;100;10;1;
484,658;15;7,53517484664917;10,776834487915039;20,9375;31,749338150024414;22,6471004486084;0;0;100;10;1;
484,66;15;7,53517484664917;10,776834487915039;20,9375;31,749338150024414;22,6471004486084;0;0;100;10;1;
484,663;15;7,53517484664917;10,776834487915039;20,9375;31,749338150024414;22,6471004486084;0;0;100;10;1;
484,666;15;7,53517484664917;10,776834487915039;20,9375;31,749338150024414;22,6471004486084;0;0;100;10;1;
484,669;15;7,53517484664917;10,776834487915039;20,9375;31,749338150024414;22,6471004486084;0;0;100;10;1;
484,672;15;7,53517484664917;10,776834487915039;20,9375;31,749338150024414;22,6471004486084;0;0;100;10;1;
484,675;15;7,53517484664917;10,776834487915039;20,9375;31,749338150024414;22,6471004486084;0;0;100;10;1;
484,678;15;7,53517484664917;10,776834487915039;20,9375;31,749338150024414;22,6471004486084;0;0;100;10;1;
484,68;15;7,53517484664917;10,776834487915039;20,9375;31,749338150024414;22,6471004486084;0;0;100;10;1;
484,683;15;7,53517484664917;10,776834487915039;20,9375;31,749338150024414;22,6471004486084;0;0;100;10;1;
484,686;15;7,53517484664917;10,776834487915039;20,9375;31,749338150024414;22,6471004486084;0;0;100;10;1;
484,688;15;7,53517484664917;10,776834487915039;20,9375;31,749338150024414;22,6471004486084;0;0;100;10;1;
484,692;15;7,53517484664917;10,776834487915039;20,9375;31,749338150024414;22,6471004486084;0;0;100;10;1;
484,695;15;7,53517484664917;10,776834487915039;20,9375;31,749338150024414;22,6471004486084;0;0;100;10;1;
484,697;15;7,53517484664917;10,776834487915039;20,9375;31,749338150024414;22,6471004486084;0;0;100;10;1;
484,7;15;7,53517484664917;10,776834487915039;20,9375;31,749338150024414;22,6471004486084;0;0;100;10;1;
484,703;15;7,53517484664917;10,776834487915039;20,9375;31,749338150024414;22,6471004486084;0;0;100;10;1;
484,706;15;7,53517484664917;10,776834487915039;20,9375;31,749338150024414;22,6471004486084;0;0;100;10;1;
484,709;15;7,53517484664917;10,776834487915039;20,9375;31,749338150024414;22,6471004486084;0;0;100;10;1;
484,712;15;7,53517484664917;10,776834487915039;20,9375;31,749338150024414;22,6471004486084;0;0;100;10;1;
484,715;15;7,53517484664917;10,776834487915039;20,9375;31,749338150024414;22,6471004486084;0;0;100;10;1;
484,718;15;7,53517484664917;10,776834487915039;20,9375;31,749338150024414;22,6471004486084;0;0;100;10;1;
484,72;15;7,53517484664917;10,776834487915039;20,9375;31,749338150024414;22,6471004486084;0;0;100;10;1;
484,724;15;7,53517484664917;10,776834487915039;20,9375;31,749338150024414;22,6471004486084;0;0;100;10;1;
484,727;15;7,53517484664917;10,776834487915039;20,9375;31,749338150024414;22,6471004486084;0;0;100;10;1;
484,729;15;7,53517484664917;10,776834487915039;20,9375;31,749338150024414;22,6471004486084;0;0;100;10;1;
484,732;15;7,53517484664917;10,776834487915039;20,9375;31,749338150024414;22,6471004486084;0;0;100;10;1;
484,734;15;7,53517484664917;10,776834487915039;20,9375;31,749338150024414;22,6471004486084;0;0;100;10;1;
484,737;15;7,53517484664917;10,776834487915039;20,9375;31,749338150024414;22,6471004486084;0;0;100;10;1;
484,74;15;7,53517484664917;10,776834487915039;20,9375;31,749338150024414;22,6471004486084;0;0;100;10;1;
484,743;15;7,53517484664917;10,776834487915039;20,9375;31,749338150024414;22,6471004486084;0;0;100;10;1;
484,745;15;7,53517484664917;10,776834487915039;20,9375;31,749338150024414;22,6471004486084;0;0;100;10;1;
484,748;15;7,53517484664917;10,776834487915039;20,9375;31,749338150024414;22,6471004486084;0;0;100;10;1;
484,751;15;7,53517484664917;10,776834487915039;20,9375;31,749338150024414;22,6471004486084;0;0;100;10;1;
484,754;15;7,53517484664917;10,776834487915039;20,9375;31,749338150024414;22,6471004486084;0;0;100;10;1;
484,756;15;7,53517484664917;10,776834487915039;20,9375;31,749338150024414;22,6471004486084;0;0;100;10;1;
484,76;15;7,53517484664917;10,776834487915039;20,9375;31,749338150024414;22,6471004486084;0;0;100;10;1;
484,763;15;7,53517484664917;10,776834487915039;20,9375;31,749338150024414;22,6471004486084;0;0;100;10;1;
484,767;15;7,53517484664917;10,776834487915039;20,9375;31,749338150024414;22,6471004486084;0;0;100;10;1;
484,769;15;7,53517484664917;10,776834487915039;20,9375;31,749338150024414;22,6471004486084;0;0;100;10;1;
484,772;15;7,53517484664917;10,776834487915039;20,9375;31,749338150024414;22,6471004486084;0;0;100;10;1;
484,775;15;7,53517484664917;10,776834487915039;20,9375;31,749338150024414;22,6471004486084;0;0;100;10;1;
484,778;15;7,53517484664917;10,776834487915039;20,9375;31,749338150024414;22,6471004486084;0;0;100;10;1;
484,781;15;7,53517484664917;10,776834487915039;20,9375;31,749338150024414;22,6471004486084;0;0;100;10;1;
484,783;15;7,53517484664917;10,776834487915039;20,9375;31,749338150024414;22,6471004486084;0;0;100;10;1;
484,786;15;7,53517484664917;10,776834487915039;20,9375;31,749338150024414;22,6471004486084;0;0;100;10;1;
484,788;15;7,53517484664917;10,776834487915039;20,9375;31,749338150024414;22,6471004486084;0;0;100;10;1;
484,792;15;7,53517484664917;10,776834487915039;20,9375;31,749338150024414;22,6471004486084;0;0;100;10;1;
484,795;15;7,53517484664917;10,776834487915039;20,9375;31,749338150024414;22,6471004486084;0;0;100;10;1;
484,797;15;7,53517484664917;10,776834487915039;20,9375;31,749338150024414;22,6471004486084;0;0;100;10;1;
484,8;15;7,53517484664917;10,776834487915039;20,9375;31,749338150024414;22,6471004486084;0;0;100;10;1;
484,803;15;7,53517484664917;10,776834487915039;20,9375;31,749338150024414;22,6471004486084;0;0;100;10;1;
484,806;15;7,53517484664917;10,776834487915039;20,9375;31,749338150024414;22,6471004486084;0;0;100;10;1;
484,809;15;7,53517484664917;10,776834487915039;20,9375;31,749338150024414;22,6471004486084;0;0;100;10;1;
484,812;15;7,53517484664917;10,776834487915039;20,9375;31,749338150024414;22,6471004486084;0;0;100;10;1;
484,814;15;7,53517484664917;10,776834487915039;20,9375;31,749338150024414;22,6471004486084;0;0;100;10;1;
484,817;15;7,53517484664917;10,776834487915039;20,9375;31,749338150024414;22,6471004486084;0;0;100;10;1;
484,82;15;7,53517484664917;10,776834487915039;20,9375;31,749338150024414;22,6471004486084;0;0;100;10;1;
484,823;15;7,53517484664917;10,776834487915039;20,9375;31,749338150024414;22,6471004486084;0;0;100;10;1;
484,826;15;7,53517484664917;10,776834487915039;20,9375;31,749338150024414;22,6471004486084;0;0;100;10;1;
484,828;15;7,53517484664917;10,776834487915039;20,9375;31,749338150024414;22,6471004486084;0;0;100;10;1;
484,831;15;7,53517484664917;10,776834487915039;20,9375;31,749338150024414;22,6471004486084;0;0;100;10;1;
484,833;15;7,53517484664917;10,776834487915039;20,9375;31,749338150024414;22,6471004486084;0;0;100;10;1;
484,836;15;7,53517484664917;10,776834487915039;20,9375;31,749338150024414;22,6471004486084;0;0;100;10;1;
484,838;15;7,53517484664917;10,776834487915039;20,9375;31,749338150024414;22,6471004486084;0;0;100;10;1;
484,841;15;7,53517484664917;10,776834487915039;20,9375;31,749338150024414;22,6471004486084;0;0;100;10;1;
484,844;15;7,53517484664917;10,776834487915039;20,9375;31,749338150024414;22,6471004486084;0;0;100;10;1;
484,847;15;7,53517484664917;10,776834487915039;20,9375;31,749338150024414;22,6471004486084;0;0;100;10;1;
484,849;15;7,53517484664917;10,776834487915039;20,9375;31,749338150024414;22,6471004486084;0;0;100;10;1;
484,852;15;7,53517484664917;10,776834487915039;20,9375;31,749338150024414;22,6471004486084;0;0;100;10;1;
484,855;15;7,53517484664917;10,776834487915039;20,9375;31,749338150024414;22,6471004486084;0;0;100;10;1;
484,859;15;7,53517484664917;10,776834487915039;20,9375;31,749338150024414;22,6471004486084;0;0;100;10;1;
484,862;15;7,53517484664917;10,776834487915039;20,9375;31,749338150024414;22,6471004486084;0;0;100;10;1;
484,864;15;7,53517484664917;10,776834487915039;20,9375;31,749338150024414;22,6471004486084;0;0;100;10;1;
484,867;15;7,53517484664917;10,776834487915039;20,9375;31,749338150024414;22,6471004486084;0;0;100;10;1;
484,87;15;7,53517484664917;10,776834487915039;20,9375;31,749338150024414;22,6471004486084;0;0;100;10;1;
484,873;15;7,53517484664917;10,776834487915039;20,9375;31,749338150024414;22,6471004486084;0;0;100;10;1;
484,876;15;7,53517484664917;10,776834487915039;20,9375;31,749338150024414;22,6471004486084;0;0;100;10;1;
484,879;15;7,53517484664917;10,776834487915039;20,9375;31,749338150024414;22,6471004486084;0;0;100;10;1;
484,881;15;7,53517484664917;10,776834487915039;20,9375;31,749338150024414;22,6471004486084;0;0;100;10;1;
484,884;15;7,53517484664917;10,776834487915039;20,9375;31,749338150024414;22,6471004486084;0;0;100;10;1;
484,887;15;7,53517484664917;10,776834487915039;20,9375;31,749338150024414;22,6471004486084;0;0;100;10;1;
484,889;15;7,53517484664917;10,776834487915039;20,9375;31,749338150024414;22,6471004486084;0;0;100;10;1;
484,892;15;7,53517484664917;10,776834487915039;20,9375;31,749338150024414;22,6471004486084;0;0;100;10;1;
484,895;15;7,53517484664917;10,776834487915039;20,9375;31,749338150024414;22,6471004486084;0;0;100;10;1;
484,898;15;7,53517484664917;10,776834487915039;20,9375;31,749338150024414;22,6471004486084;0;0;100;10;1;
484,9;15;7,53517484664917;10,776834487915039;20,9375;31,749338150024414;22,6471004486084;0;0;100;10;1;
484,903;15;7,53517484664917;10,776834487915039;20,9375;31,749338150024414;22,6471004486084;0;0;100;10;1;
484,906;15;7,53517484664917;10,776834487915039;20,9375;31,749338150024414;22,6471004486084;0;0;100;10;1;
484,91;15;7,53517484664917;10,776834487915039;20,9375;31,749338150024414;22,6471004486084;0;0;100;10;1;
484,912;15;7,53517484664917;10,776834487915039;20,9375;31,749338150024414;22,6471004486084;0;0;100;10;1;
484,915;15;7,53517484664917;10,776834487915039;20,9375;31,749338150024414;22,6471004486084;0;0;100;10;1;
484,917;15;7,53517484664917;10,776834487915039;20,9375;31,749338150024414;22,6471004486084;0;0;100;10;1;
484,92;15;7,53517484664917;10,776834487915039;20,9375;31,749338150024414;22,6471004486084;0;0;100;10;1;
484,923;15;7,53517484664917;10,776834487915039;20,9375;31,749338150024414;22,6471004486084;0;0;100;10;1;
484,926;15;7,53517484664917;10,776834487915039;20,9375;31,749338150024414;22,6471004486084;0;0;100;10;1;
484,928;15;7,53517484664917;10,776834487915039;20,9375;31,749338150024414;22,6471004486084;0;0;100;10;1;
484,931;15;7,53517484664917;10,776834487915039;20,9375;31,749338150024414;22,6471004486084;0;0;100;10;1;
484,934;15;7,53517484664917;10,776834487915039;20,9375;31,749338150024414;22,6471004486084;0;0;100;10;1;
484,937;15;7,53517484664917;10,776834487915039;20,9375;31,749338150024414;22,6471004486084;0;0;100;10;1;
484,939;15;7,53517484664917;10,776834487915039;20,9375;31,749338150024414;22,6471004486084;0;0;100;10;1;
484,942;15;7,53517484664917;10,776834487915039;20,9375;31,749338150024414;22,6471004486084;0;0;100;10;1;
484,945;15;7,53517484664917;10,776834487915039;20,9375;31,749338150024414;22,6471004486084;0;0;100;10;1;
484,947;15;7,53517484664917;10,776834487915039;20,9375;31,749338150024414;22,6471004486084;0;0;100;10;1;
484,95;15;7,53517484664917;10,776834487915039;20,9375;31,749338150024414;22,6471004486084;0;0;100;10;1;
484,952;15;7,53517484664917;10,776834487915039;20,9375;31,749338150024414;22,6471004486084;0;0;100;10;1;
484,955;15;7,53517484664917;10,776834487915039;20,9375;31,749338150024414;22,6471004486084;0;0;100;10;1;
484,958;15;7,53517484664917;10,776834487915039;20,9375;31,749338150024414;22,6471004486084;0;0;100;10;1;
484,961;15;7,53517484664917;10,776834487915039;20,9375;31,749338150024414;22,6471004486084;0;0;100;10;1;
484,964;15;7,53517484664917;10,776834487915039;20,9375;31,749338150024414;22,6471004486084;0;0;100;10;1;
484,967;15;7,53517484664917;10,776834487915039;20,9375;31,749338150024414;22,6471004486084;0;0;100;10;1;
484,97;15;7,53517484664917;10,776834487915039;20,9375;31,749338150024414;22,6471004486084;0;0;100;10;1;
484,973;15;7,53517484664917;10,776834487915039;20,9375;31,749338150024414;22,6471004486084;0;0;100;10;1;
484,976;15;7,53517484664917;10,776834487915039;20,9375;31,749338150024414;22,6471004486084;0;0;100;10;1;
484,979;15;7,53517484664917;10,776834487915039;20,9375;31,749338150024414;22,6471004486084;0;0;100;10;1;
484,982;15;7,53517484664917;10,776834487915039;20,9375;31,749338150024414;22,6471004486084;0;0;100;10;1;
484,984;15;7,53517484664917;10,776834487915039;20,9375;31,749338150024414;22,6471004486084;0;0;100;10;1;
484,987;15;7,53517484664917;10,776834487915039;20,9375;31,749338150024414;22,6471004486084;0;0;100;10;1;
484,989;15;7,53517484664917;10,776834487915039;20,9375;31,749338150024414;22,6471004486084;0;0;100;10;1;
484,992;15;7,53517484664917;10,776834487915039;20,9375;31,749338150024414;22,6471004486084;0;0;100;10;1;
484,996;15;7,53517484664917;10,776834487915039;20,9375;31,749338150024414;22,6471004486084;0;0;100;10;1;
484,998;15;7,53517484664917;10,776834487915039;20,9375;31,749338150024414;22,6471004486084;0;0;100;10;1;
485,001;15;7,53517484664917;10,776834487915039;20,9375;31,749338150024414;22,6471004486084;0;0;100;10;1;
485,004;15;7,53517484664917;10,776834487915039;20,9375;31,749338150024414;22,6471004486084;0;0;100;10;1;
485,007;15;7,53517484664917;10,776834487915039;20,9375;31,749338150024414;22,6471004486084;0;0;100;10;1;
485,01;15;7,53517484664917;10,776834487915039;20,9375;31,749338150024414;22,6471004486084;0;0;100;10;1;
485,013;15;7,53517484664917;10,776834487915039;20,9375;31,749338150024414;22,6471004486084;0;0;100;10;1;
485,016;15;7,53517484664917;10,776834487915039;20,9375;31,749338150024414;22,6471004486084;0;0;100;10;1;
485,019;15;7,53517484664917;10,776834487915039;20,9375;31,749338150024414;22,6471004486084;0;0;100;10;1;
485,022;15;7,53517484664917;10,776834487915039;20,9375;31,749338150024414;22,6471004486084;0;0;100;10;1;
485,025;15;7,53517484664917;10,776834487915039;20,9375;31,749338150024414;22,6471004486084;0;0;100;10;1;
485,027;15;7,53517484664917;10,776834487915039;20,9375;31,749338150024414;22,6471004486084;0;0;100;10;1;
485,03;15;7,53517484664917;10,776834487915039;20,9375;31,749338150024414;22,6471004486084;0;0;100;10;1;
485,033;15;7,53517484664917;10,776834487915039;20,9375;31,749338150024414;22,6471004486084;0;0;100;10;1;
485,035;15;7,53517484664917;10,776834487915039;20,9375;31,749338150024414;22,6471004486084;0;0;100;10;1;
485,038;15;7,53517484664917;10,776834487915039;20,9375;31,749338150024414;22,6471004486084;0;0;100;10;1;
485,041;15;7,53517484664917;10,776834487915039;20,9375;31,749338150024414;22,6471004486084;0;0;100;10;1;
485,044;15;7,53517484664917;10,776834487915039;20,9375;31,749338150024414;22,6471004486084;0;0;100;10;1;
485,047;15;7,53517484664917;10,776834487915039;20,9375;31,749338150024414;22,6471004486084;0;0;100;10;1;
485,05;15;7,53517484664917;10,776834487915039;20,9375;31,749338150024414;22,6471004486084;0;0;100;10;1;
485,052;15;7,53517484664917;10,776834487915039;20,9375;31,749338150024414;22,6471004486084;0;0;100;10;1;
485,055;15;7,53517484664917;10,776834487915039;20,9375;31,749338150024414;22,6471004486084;0;0;100;10;1;
485,058;15;7,53517484664917;10,776834487915039;20,9375;31,749338150024414;22,6471004486084;0;0;100;10;1;
485,061;15;7,53517484664917;10,776834487915039;20,9375;31,749338150024414;22,6471004486084;0;0;100;10;1;
485,064;15;7,53517484664917;10,776834487915039;20,9375;31,749338150024414;22,6471004486084;0;0;100;10;1;
485,067;15;7,53517484664917;10,776834487915039;20,9375;31,749338150024414;22,6471004486084;0;0;100;10;1;
485,07;15;7,53517484664917;10,776834487915039;20,9375;31,749338150024414;22,6471004486084;0;0;100;10;1;
485,073;15;7,53517484664917;10,776834487915039;20,9375;31,749338150024414;22,6471004486084;0;0;100;10;1;
485,076;15;7,53517484664917;10,776834487915039;20,9375;31,749338150024414;22,6471004486084;0;0;100;10;1;
485,079;15;7,53517484664917;10,776834487915039;20,9375;31,749338150024414;22,6471004486084;0;0;100;10;1;
485,081;15;7,53517484664917;10,776834487915039;20,9375;31,749338150024414;22,6471004486084;0;0;100;10;1;
485,084;15;7,53517484664917;10,776834487915039;20,9375;31,749338150024414;22,6471004486084;0;0;100;10;1;
485,086;15;7,53517484664917;10,776834487915039;20,9375;31,749338150024414;22,6471004486084;0;0;100;10;1;
485,089;15;7,53517484664917;10,776834487915039;20,9375;31,749338150024414;22,6471004486084;0;0;100;10;1;
485,092;15;7,53517484664917;10,776834487915039;20,9375;31,749338150024414;22,6471004486084;0;0;100;10;1;
485,095;15;7,53517484664917;10,776834487915039;20,9375;31,749338150024414;22,6471004486084;0;0;100;10;1;
485,098;15;7,53517484664917;10,776834487915039;20,9375;31,749338150024414;22,6471004486084;0;0;100;10;1;
485,101;15;7,53517484664917;10,776834487915039;20,9375;31,749338150024414;22,6471004486084;0;0;100;10;1;
485,104;15;7,53517484664917;10,776834487915039;20,9375;31,749338150024414;22,6471004486084;0;0;100;10;1;
485,106;15;7,53517484664917;10,776834487915039;20,9375;31,749338150024414;22,6471004486084;0;0;100;10;1;
485,109;15;7,53517484664917;10,776834487915039;20,9375;31,749338150024414;22,6471004486084;0;0;100;10;1;
485,113;15;7,53517484664917;10,776834487915039;20,9375;31,749338150024414;22,6471004486084;0;0;100;10;1;
485,115;15;7,53517484664917;10,776834487915039;20,9375;31,749338150024414;22,6471004486084;0;0;100;10;1;
485,118;15;7,53517484664917;10,776834487915039;20,9375;31,749338150024414;22,6471004486084;0;0;100;10;1;
485,121;15;7,53517484664917;10,776834487915039;20,9375;31,749338150024414;22,6471004486084;0;0;100;10;1;
485,124;15;7,53517484664917;10,776834487915039;20,9375;31,749338150024414;22,6471004486084;0;0;100;10;1;
485,127;15;7,53517484664917;10,776834487915039;20,9375;31,749338150024414;22,6471004486084;0;0;100;10;1;
485,129;15;7,53517484664917;10,776834487915039;20,9375;31,749338150024414;22,6471004486084;0;0;100;10;1;
485,132;15;7,53517484664917;10,776834487915039;20,9375;31,749338150024414;22,6471004486084;0;0;100;10;1;
485,135;15;7,53517484664917;10,776834487915039;20,9375;31,749338150024414;22,6471004486084;0;0;100;10;1;
485,137;15;7,53517484664917;10,776834487915039;20,9375;31,749338150024414;22,6471004486084;0;0;100;10;1;
485,14;15;7,53517484664917;10,776834487915039;20,9375;31,749338150024414;22,6471004486084;0;0;100;10;1;
485,143;15;7,53517484664917;10,776834487915039;20,9375;31,749338150024414;22,6471004486084;0;0;100;10;1;
485,145;15;7,53517484664917;10,776834487915039;20,9375;31,749338150024414;22,6471004486084;0;0;100;10;1;
485,148;15;7,53517484664917;10,776834487915039;20,9375;31,749338150024414;22,6471004486084;0;0;100;10;1;
485,151;15;7,53517484664917;10,776834487915039;20,9375;31,749338150024414;22,6471004486084;0;0;100;10;1;
485,153;15;7,53517484664917;10,776834487915039;20,9375;31,749338150024414;22,6471004486084;0;0;100;10;1;
485,156;15;7,53517484664917;10,776834487915039;20,9375;31,749338150024414;22,6471004486084;0;0;100;10;1;
485,159;15;7,53517484664917;10,776834487915039;20,9375;31,749338150024414;22,6471004486084;0;0;100;10;1;
485,162;15;7,53517484664917;10,776834487915039;20,9375;31,749338150024414;22,6471004486084;0;0;100;10;1;
485,164;15;7,53517484664917;10,776834487915039;20,9375;31,749338150024414;22,6471004486084;0;0;100;10;1;
485,167;15;7,53517484664917;10,776834487915039;20,9375;31,749338150024414;22,6471004486084;0;0;100;10;1;
485,17;15;7,53517484664917;10,776834487915039;20,9375;31,749338150024414;22,6471004486084;0;0;100;10;1;
485,173;15;7,53517484664917;10,776834487915039;20,9375;31,749338150024414;22,6471004486084;0;0;100;10;1;
485,176;15;7,53517484664917;10,776834487915039;20,9375;31,749338150024414;22,6471004486084;0;0;100;10;1;
485,179;15;7,53517484664917;10,776834487915039;20,9375;31,749338150024414;22,6471004486084;0;0;100;10;1;
485,182;15;7,53517484664917;10,776834487915039;20,9375;31,749338150024414;22,6471004486084;0;0;100;10;1;
485,184;15;7,53517484664917;10,776834487915039;20,9375;31,749338150024414;22,6471004486084;0;0;100;10;1;
485,187;15;7,53517484664917;10,776834487915039;20,9375;31,749338150024414;22,6471004486084;0;0;100;10;1;
485,189;15;7,53517484664917;10,776834487915039;20,9375;31,749338150024414;22,6471004486084;0;0;100;10;1;
485,192;15;7,53517484664917;10,776834487915039;20,9375;31,749338150024414;22,6471004486084;0;0;100;10;1;
485,195;15;7,53517484664917;10,776834487915039;20,9375;31,749338150024414;22,6471004486084;0;0;100;10;1;
485,198;15;7,53517484664917;10,776834487915039;20,9375;31,749338150024414;22,6471004486084;0;0;100;10;1;
485,2;15;7,53517484664917;10,776834487915039;20,9375;31,749338150024414;22,6471004486084;0;0;100;10;1;
485,203;15;7,53517484664917;10,776834487915039;20,9375;31,749338150024414;22,6471004486084;0;0;100;10;1;
485,206;15;7,53517484664917;10,776834487915039;20,9375;31,749338150024414;22,6471004486084;0;0;100;10;1;
485,209;15;7,53517484664917;10,776834487915039;20,9375;31,749338150024414;22,6471004486084;0;0;100;10;1;
485,213;15;7,53517484664917;10,776834487915039;20,9375;31,749338150024414;22,6471004486084;0;0;100;10;1;
485,215;15;7,53517484664917;10,776834487915039;20,9375;31,749338150024414;22,6471004486084;0;0;100;10;1;
485,218;15;7,53517484664917;10,776834487915039;20,9375;31,749338150024414;22,6471004486084;0;0;100;10;1;
485,221;15;7,53517484664917;10,776834487915039;20,9375;31,749338150024414;22,6471004486084;0;0;100;10;1;
485,224;15;7,53517484664917;10,776834487915039;20,9375;31,749338150024414;22,6471004486084;0;0;100;10;1;
485,227;15;7,53517484664917;10,776834487915039;20,9375;31,749338150024414;22,6471004486084;0;0;100;10;1;
485,23;15;7,53517484664917;10,776834487915039;20,9375;31,749338150024414;22,6471004486084;0;0;100;10;1;
485,232;15;7,53517484664917;10,776834487915039;20,9375;31,749338150024414;22,6471004486084;0;0;100;10;1;
485,235;15;7,53517484664917;10,776834487915039;20,9375;31,749338150024414;22,6471004486084;0;0;100;10;1;
485,237;15;7,53517484664917;10,776834487915039;20,9375;31,749338150024414;22,6471004486084;0;0;100;10;1;
485,24;15;7,53517484664917;10,776834487915039;20,9375;31,749338150024414;22,6471004486084;0;0;100;10;1;
485,243;15;7,53517484664917;10,776834487915039;20,9375;31,749338150024414;22,6471004486084;0;0;100;10;1;
485,245;15;7,53517484664917;10,776834487915039;20,9375;31,749338150024414;22,6471004486084;0;0;100;10;1;
485,248;15;7,53517484664917;10,776834487915039;20,9375;31,749338150024414;22,6471004486084;0;0;100;10;1;
485,25;15;7,53517484664917;10,776834487915039;20,9375;31,749338150024414;22,6471004486084;0;0;100;10;1;
485,253;15;7,53517484664917;10,776834487915039;20,9375;31,749338150024414;22,6471004486084;0;0;100;10;1;
485,255;15;7,53517484664917;10,776834487915039;20,9375;31,749338150024414;22,6471004486084;0;0;100;10;1;
485,258;15;7,53517484664917;10,776834487915039;20,9375;31,749338150024414;22,6471004486084;0;0;100;10;1;
485,261;15;7,53517484664917;10,776834487915039;20,9375;31,749338150024414;22,6471004486084;0;0;100;10;1;
485,264;15;7,53517484664917;10,776834487915039;20,9375;31,749338150024414;22,6471004486084;0;0;100;10;1;
485,267;15;7,53517484664917;10,776834487915039;20,9375;31,749338150024414;22,6471004486084;0;0;100;10;1;
485,27;15;7,53517484664917;10,776834487915039;20,9375;31,749338150024414;22,6471004486084;0;0;100;10;1;
485,273;15;7,53517484664917;10,776834487915039;20,9375;31,749338150024414;22,6471004486084;0;0;100;10;1;
485,276;15;7,53517484664917;10,776834487915039;20,9375;31,749338150024414;22,6471004486084;0;0;100;10;1;
485,279;15;7,53517484664917;10,776834487915039;20,9375;31,749338150024414;22,6471004486084;0;0;100;10;1;
485,281;15;7,53517484664917;10,776834487915039;20,9375;31,749338150024414;22,6471004486084;0;0;100;10;1;
485,284;15;7,53517484664917;10,776834487915039;20,9375;31,749338150024414;22,6471004486084;0;0;100;10;1;
485,287;15;7,53517484664917;10,776834487915039;20,9375;31,749338150024414;22,6471004486084;0;0;100;10;1;
485,289;15;7,53517484664917;10,776834487915039;20,9375;31,749338150024414;22,6471004486084;0;0;100;10;1;
485,292;15;7,53517484664917;10,776834487915039;20,9375;31,749338150024414;22,6471004486084;0;0;100;10;1;
485,295;15;7,53517484664917;10,776834487915039;20,9375;31,749338150024414;22,6471004486084;0;0;100;10;1;
485,298;15;7,53517484664917;10,776834487915039;20,9375;31,749338150024414;22,6471004486084;0;0;100;10;1;
485,3;15;7,53517484664917;10,776834487915039;20,9375;31,749338150024414;22,6471004486084;0;0;100;10;1;
485,303;15;7,53517484664917;10,776834487915039;20,9375;31,749338150024414;22,6471004486084;0;0;100;10;1;
485,306;15;7,53517484664917;10,776834487915039;20,9375;31,749338150024414;22,6471004486084;0;0;100;10;1;
485,309;15;7,53517484664917;10,776834487915039;20,9375;31,749338150024414;22,6471004486084;0;0;100;10;1;
485,312;15;7,53517484664917;10,776834487915039;20,9375;31,749338150024414;22,6471004486084;0;0;100;10;1;
485,315;15;7,53517484664917;10,776834487915039;20,9375;31,749338150024414;22,6471004486084;0;0;100;10;1;
485,319;15;7,53517484664917;10,776834487915039;20,9375;31,749338150024414;22,6471004486084;0;0;100;10;1;
485,322;15;7,53517484664917;10,776834487915039;20,9375;31,749338150024414;22,6471004486084;0;0;100;10;1;
485,325;15;7,53517484664917;10,776834487915039;20,9375;31,749338150024414;22,6471004486084;0;0;100;10;1;
485,328;15;7,53517484664917;10,776834487915039;20,9375;31,749338150024414;22,6471004486084;0;0;100;10;1;
485,33;15;7,53517484664917;10,776834487915039;20,9375;31,749338150024414;22,6471004486084;0;0;100;10;1;
485,333;15;7,53517484664917;10,776834487915039;20,9375;31,749338150024414;22,6471004486084;0;0;100;10;1;
485,336;15;7,53517484664917;10,776834487915039;20,9375;31,749338150024414;22,6471004486084;0;0;100;10;1;
485,338;15;7,53517484664917;10,776834487915039;20,9375;31,749338150024414;22,6471004486084;0;0;100;10;1;
485,341;15;7,53517484664917;10,776834487915039;20,9375;31,749338150024414;22,6471004486084;0;0;100;10;1;
485,344;15;7,53517484664917;10,776834487915039;20,9375;31,749338150024414;22,6471004486084;0;0;100;10;1;
485,346;15;7,53517484664917;10,776834487915039;20,9375;31,749338150024414;22,6471004486084;0;0;100;10;1;
485,349;15;7,53517484664917;10,776834487915039;20,9375;31,749338150024414;22,6471004486084;0;0;100;10;1;
485,352;15;7,53517484664917;10,776834487915039;20,9375;31,749338150024414;22,6471004486084;0;0;100;10;1;
485,355;15;7,53517484664917;10,776834487915039;20,9375;31,749338150024414;22,6471004486084;0;0;100;10;1;
485,357;15;7,53517484664917;10,776834487915039;20,9375;31,749338150024414;22,6471004486084;0;0;100;10;1;
485,36;15;7,53517484664917;10,776834487915039;20,9375;31,749338150024414;22,6471004486084;0;0;100;10;1;
485,363;15;7,53517484664917;10,776834487915039;20,9375;31,749338150024414;22,6471004486084;0;0;100;10;1;
485,366;15;7,53517484664917;10,776834487915039;20,9375;31,749338150024414;22,6471004486084;0;0;100;10;1;
485,369;15;7,53517484664917;10,776834487915039;20,9375;31,749338150024414;22,6471004486084;0;0;100;10;1;
485,372;15;7,53517484664917;10,776834487915039;20,9375;31,749338150024414;22,6471004486084;0;0;100;10;1;
485,376;15;7,53517484664917;10,776834487915039;20,9375;31,749338150024414;22,6471004486084;0;0;100;10;1;
485,379;15;7,53517484664917;10,776834487915039;20,9375;31,749338150024414;22,6471004486084;0;0;100;10;1;
485,381;15;7,53517484664917;10,776834487915039;20,9375;31,749338150024414;22,6471004486084;0;0;100;10;1;
485,384;15;7,53517484664917;10,776834487915039;20,9375;31,749338150024414;22,6471004486084;0;0;100;10;1;
485,386;15;7,53517484664917;10,776834487915039;20,9375;31,749338150024414;22,6471004486084;0;0;100;10;1;
485,389;15;7,53517484664917;10,776834487915039;20,9375;31,749338150024414;22,6471004486084;0;0;100;10;1;
485,392;15;7,53517484664917;10,776834487915039;20,9375;31,749338150024414;22,6471004486084;0;0;100;10;1;
485,395;15;7,53517484664917;10,776834487915039;20,9375;31,749338150024414;22,6471004486084;0;0;100;10;1;
485,398;15;7,53517484664917;10,776834487915039;20,9375;31,749338150024414;22,6471004486084;0;0;100;10;1;
485,401;15;7,53517484664917;10,776834487915039;20,9375;31,749338150024414;22,6471004486084;0;0;100;10;1;
485,403;15;7,53517484664917;10,776834487915039;20,9375;31,749338150024414;22,6471004486084;0;0;100;10;1;
485,406;15;7,53517484664917;10,776834487915039;20,9375;31,749338150024414;22,6471004486084;0;0;100;10;1;
485,409;15;7,53517484664917;10,776834487915039;20,9375;31,749338150024414;22,6471004486084;0;0;100;10;1;
485,412;15;7,53517484664917;10,776834487915039;20,9375;31,749338150024414;22,6471004486084;0;0;100;10;1;
485,415;15;7,53517484664917;10,776834487915039;20,9375;31,749338150024414;22,6471004486084;0;0;100;10;1;
485,418;15;7,53517484664917;10,776834487915039;20,9375;31,749338150024414;22,6471004486084;0;0;100;10;1;
485,42;15;7,53517484664917;10,776834487915039;20,9375;31,749338150024414;22,6471004486084;0;0;100;10;1;
485,423;15;7,53517484664917;10,776834487915039;20,9375;31,749338150024414;22,6471004486084;0;0;100;10;1;
485,426;15;7,53517484664917;10,776834487915039;20,9375;31,749338150024414;22,6471004486084;0;0;100;10;1;
485,429;15;7,53517484664917;10,776834487915039;20,9375;31,749338150024414;22,6471004486084;0;0;100;10;1;
485,431;15;7,53517484664917;10,776834487915039;20,9375;31,749338150024414;22,6471004486084;0;0;100;10;1;
485,434;15;7,53517484664917;10,776834487915039;20,9375;31,749338150024414;22,6471004486084;0;0;100;10;1;
485,436;15;7,53517484664917;10,776834487915039;20,9375;31,749338150024414;22,6471004486084;0;0;100;10;1;
485,439;15;7,53517484664917;10,776834487915039;20,9375;31,749338150024414;22,6471004486084;0;0;100;10;1;
485,442;15;7,53517484664917;10,776834487915039;20,9375;31,749338150024414;22,6471004486084;0;0;100;10;1;
485,445;15;7,53517484664917;10,776834487915039;20,9375;31,749338150024414;22,6471004486084;0;0;100;10;1;
485,447;15;7,53517484664917;10,776834487915039;20,9375;31,749338150024414;22,6471004486084;0;0;100;10;1;
485,45;15;7,53517484664917;10,776834487915039;20,9375;31,749338150024414;22,6471004486084;0;0;100;10;1;
485,453;15;7,53517484664917;10,776834487915039;20,9375;31,749338150024414;22,6471004486084;0;0;100;10;1;
485,455;15;7,53517484664917;10,776834487915039;20,9375;31,749338150024414;22,6471004486084;0;0;100;10;1;
485,459;15;7,53517484664917;10,776834487915039;20,9375;31,749338150024414;22,6471004486084;0;0;100;10;1;
485,461;15;7,53517484664917;10,776834487915039;20,9375;31,749338150024414;22,6471004486084;0;0;100;10;1;
485,465;15;7,53517484664917;10,776834487915039;20,9375;31,749338150024414;22,6471004486084;0;0;100;10;1;
485,468;15;7,53517484664917;10,776834487915039;20,9375;31,749338150024414;22,6471004486084;0;0;100;10;1;
485,471;15;7,53517484664917;10,776834487915039;20,9375;31,749338150024414;22,6471004486084;0;0;100;10;1;
485,475;15;7,53517484664917;10,776834487915039;20,9375;31,749338150024414;22,6471004486084;0;0;100;10;1;
485,478;15;7,53517484664917;10,776834487915039;20,9375;31,749338150024414;22,6471004486084;0;0;100;10;1;
485,481;15;7,53517484664917;10,776834487915039;20,9375;31,749338150024414;22,6471004486084;0;0;100;10;1;
485,484;15;7,53517484664917;10,776834487915039;20,9375;31,749338150024414;22,6471004486084;0;0;100;10;1;
485,487;15;7,53517484664917;10,776834487915039;20,9375;31,749338150024414;22,6471004486084;0;0;100;10;1;
485,489;15;7,53517484664917;10,776834487915039;20,9375;31,749338150024414;22,6471004486084;0;0;100;10;1;
485,493;15;7,53517484664917;10,776834487915039;20,9375;31,749338150024414;22,6471004486084;0;0;100;10;1;
485,496;15;7,53517484664917;10,776834487915039;20,9375;31,749338150024414;22,6471004486084;0;0;100;10;1;
485,498;15;7,53517484664917;10,776834487915039;20,9375;31,749338150024414;22,6471004486084;0;0;100;10;1;
485,501;15;7,53517484664917;10,776834487915039;20,9375;31,749338150024414;22,6471004486084;0;0;100;10;1;
485,504;15;7,53517484664917;10,776834487915039;20,9375;31,749338150024414;22,6471004486084;0;0;100;10;1;
485,507;15;7,53517484664917;10,776834487915039;20,9375;31,749338150024414;22,6471004486084;0;0;100;10;1;
485,511;15;7,53517484664917;10,776834487915039;20,9375;31,749338150024414;22,6471004486084;0;0;100;10;1;
485,513;15;7,53517484664917;10,776834487915039;20,9375;31,749338150024414;22,6471004486084;0;0;100;10;1;
485,517;15;7,53517484664917;10,776834487915039;20,9375;31,749338150024414;22,6471004486084;0;0;100;10;1;
485,519;15;7,53517484664917;10,776834487915039;20,9375;31,749338150024414;22,6471004486084;0;0;100;10;1;
485,522;15;7,53517484664917;10,776834487915039;20,9375;31,749338150024414;22,6471004486084;0;0;100;10;1;
485,525;15;7,53517484664917;10,776834487915039;20,9375;31,749338150024414;22,6471004486084;0;0;100;10;1;
485,528;15;7,53517484664917;10,776834487915039;20,9375;31,749338150024414;22,6471004486084;0;0;100;10;1;
485,531;15;7,53517484664917;10,776834487915039;20,9375;31,749338150024414;22,6471004486084;0;0;100;10;1;
485,533;15;7,53517484664917;10,776834487915039;20,9375;31,749338150024414;22,6471004486084;0;0;100;10;1;
485,536;15;7,53517484664917;10,776834487915039;20,9375;31,749338150024414;22,6471004486084;0;0;100;10;1;
485,538;15;7,53517484664917;10,776834487915039;20,9375;31,749338150024414;22,6471004486084;0;0;100;10;1;
485,542;15;7,53517484664917;10,776834487915039;20,9375;31,749338150024414;22,6471004486084;0;0;100;10;1;
485,544;15;7,53517484664917;10,776834487915039;20,9375;31,749338150024414;22,6471004486084;0;0;100;10;1;
485,547;15;7,53517484664917;10,776834487915039;20,9375;31,749338150024414;22,6471004486084;0;0;100;10;1;
485,55;15;7,53517484664917;10,776834487915039;20,9375;31,749338150024414;22,6471004486084;0;0;100;10;1;
485,553;15;7,53517484664917;10,776834487915039;20,9375;31,749338150024414;22,6471004486084;0;0;100;10;1;
485,556;15;7,53517484664917;10,776834487915039;20,9375;31,749338150024414;22,6471004486084;0;0;100;10;1;
485,559;15;7,53517484664917;10,776834487915039;20,9375;31,749338150024414;22,6471004486084;0;0;100;10;1;
485,562;15;7,53517484664917;10,776834487915039;20,9375;31,749338150024414;22,6471004486084;0;0;100;10;1;
485,565;15;7,53517484664917;10,776834487915039;20,9375;31,749338150024414;22,6471004486084;0;0;100;10;1;
485,568;15;7,53517484664917;10,776834487915039;20,9375;31,749338150024414;22,6471004486084;0;0;100;10;1;
485,571;15;7,53517484664917;10,776834487915039;20,9375;31,749338150024414;22,6471004486084;0;0;100;10;1;
485,573;15;7,53517484664917;10,776834487915039;20,9375;31,749338150024414;22,6471004486084;0;0;100;10;1;
485,576;15;7,53517484664917;10,776834487915039;20,9375;31,749338150024414;22,6471004486084;0;0;100;10;1;
485,579;15;7,53517484664917;10,776834487915039;20,9375;31,749338150024414;22,6471004486084;0;0;100;10;1;
485,582;15;7,53517484664917;10,776834487915039;20,9375;31,749338150024414;22,6471004486084;0;0;100;10;1;
485,584;15;7,53517484664917;10,776834487915039;20,9375;31,749338150024414;22,6471004486084;0;0;100;10;1;
485,587;15;7,53517484664917;10,776834487915039;20,9375;31,749338150024414;22,6471004486084;0;0;100;10;1;
485,589;15;7,53517484664917;10,776834487915039;20,9375;31,749338150024414;22,6471004486084;0;0;100;10;1;
485,592;15;7,53517484664917;10,776834487915039;20,9375;31,749338150024414;22,6471004486084;0;0;100;10;1;
485,595;15;7,53517484664917;10,776834487915039;20,9375;31,749338150024414;22,6471004486084;0;0;100;10;1;
485,599;15;7,53517484664917;10,776834487915039;20,9375;31,749338150024414;22,6471004486084;0;0;100;10;1;
485,601;15;7,53517484664917;10,776834487915039;20,9375;31,749338150024414;22,6471004486084;0;0;100;10;1;
485,604;15;7,53517484664917;10,776834487915039;20,9375;31,749338150024414;22,6471004486084;0;0;100;10;1;
485,607;15;7,53517484664917;10,776834487915039;20,9375;31,749338150024414;22,6471004486084;0;0;100;10;1;
485,611;15;7,53517484664917;10,776834487915039;20,9375;31,749338150024414;22,6471004486084;0;0;100;10;1;
485,614;15;7,53517484664917;10,776834487915039;20,9375;31,749338150024414;22,6471004486084;0;0;100;10;1;
485,617;15;7,53517484664917;10,776834487915039;20,9375;31,749338150024414;22,6471004486084;0;0;100;10;1;
485,621;15;7,53517484664917;10,776834487915039;20,9375;31,749338150024414;22,6471004486084;0;0;100;10;1;
485,623;15;7,53517484664917;10,776834487915039;20,9375;31,749338150024414;22,6471004486084;0;0;100;10;1;
485,627;15;7,53517484664917;10,776834487915039;20,9375;31,749338150024414;22,6471004486084;0;0;100;10;1;
485,63;15;7,53517484664917;10,776834487915039;20,9375;31,749338150024414;22,6471004486084;0;0;100;10;1;
485,633;15;7,53517484664917;10,776834487915039;20,9375;31,749338150024414;22,6471004486084;0;0;100;10;1;
485,635;15;7,53517484664917;10,776834487915039;20,9375;31,749338150024414;22,6471004486084;0;0;100;10;1;
485,638;15;7,53517484664917;10,776834487915039;20,9375;31,749338150024414;22,6471004486084;0;0;100;10;1;
485,64;15;7,53517484664917;10,776834487915039;20,9375;31,749338150024414;22,6471004486084;0;0;100;10;1;
485,643;15;7,53517484664917;10,776834487915039;20,9375;31,749338150024414;22,6471004486084;0;0;100;10;1;
485,646;15;7,53517484664917;10,776834487915039;20,9375;31,749338150024414;22,6471004486084;0;0;100;10;1;
485,649;15;7,53517484664917;10,776834487915039;20,9375;31,749338150024414;22,6471004486084;0;0;100;10;1;
485,651;15;7,53517484664917;10,776834487915039;20,9375;31,749338150024414;22,6471004486084;0;0;100;10;1;
485,654;15;7,53517484664917;10,776834487915039;20,9375;31,749338150024414;22,6471004486084;0;0;100;10;1;
485,656;15;7,53517484664917;10,776834487915039;20,9375;31,749338150024414;22,6471004486084;0;0;100;10;1;
485,66;15;7,53517484664917;10,776834487915039;20,9375;31,749338150024414;22,6471004486084;0;0;100;10;1;
485,662;15;7,53517484664917;10,776834487915039;20,9375;31,749338150024414;22,6471004486084;0;0;100;10;1;
485,665;15;7,53517484664917;10,776834487915039;20,9375;31,749338150024414;22,6471004486084;0;0;100;10;1;
485,667;15;7,53517484664917;10,776834487915039;20,9375;31,749338150024414;22,6471004486084;0;0;100;10;1;
485,67;15;7,53517484664917;10,776834487915039;20,9375;31,749338150024414;22,6471004486084;0;0;100;10;1;
485,673;15;7,53517484664917;10,776834487915039;20,9375;31,749338150024414;22,6471004486084;0;0;100;10;1;
485,676;15;7,53517484664917;10,776834487915039;20,9375;31,749338150024414;22,6471004486084;0;0;100;10;1;
485,679;15;7,53517484664917;10,776834487915039;20,9375;31,749338150024414;22,6471004486084;0;0;100;10;1;
485,682;15;7,53517484664917;10,776834487915039;20,9375;31,749338150024414;22,6471004486084;0;0;100;10;1;
485,684;15;7,53517484664917;10,776834487915039;20,9375;31,749338150024414;22,6471004486084;0;0;100;10;1;
485,687;15;7,53517484664917;10,776834487915039;20,9375;31,749338150024414;22,6471004486084;0;0;100;10;1;
485,69;15;7,53517484664917;10,776834487915039;20,9375;31,749338150024414;22,6471004486084;0;0;100;10;1;
485,693;15;7,53517484664917;10,776834487915039;20,9375;31,749338150024414;22,6471004486084;0;0;100;10;1;
485,696;15;7,53517484664917;10,776834487915039;20,9375;31,749338150024414;22,6471004486084;0;0;100;10;1;
485,699;15;7,53517484664917;10,776834487915039;20,9375;31,749338150024414;22,6471004486084;0;0;100;10;1;
485,702;15;7,53517484664917;10,776834487915039;20,9375;31,749338150024414;22,6471004486084;0;0;100;10;1;
485,704;15;7,53517484664917;10,776834487915039;20,9375;31,749338150024414;22,6471004486084;0;0;100;10;1;
485,707;15;7,53517484664917;10,776834487915039;20,9375;31,749338150024414;22,6471004486084;0;0;100;10;1;
485,711;15;7,53517484664917;10,776834487915039;20,9375;31,749338150024414;22,6471004486084;0;0;100;10;1;
485,713;15;7,53517484664917;10,776834487915039;20,9375;31,749338150024414;22,6471004486084;0;0;100;10;1;
485,716;15;7,53517484664917;10,776834487915039;20,9375;31,749338150024414;22,6471004486084;0;0;100;10;1;
485,719;15;7,53517484664917;10,776834487915039;20,9375;31,749338150024414;22,6471004486084;0;0;100;10;1;
485,722;15;7,53517484664917;10,776834487915039;20,9375;31,749338150024414;22,6471004486084;0;0;100;10;1;
485,726;15;7,53517484664917;10,776834487915039;20,9375;31,749338150024414;22,6471004486084;0;0;100;10;1;
485,728;15;7,53517484664917;10,776834487915039;20,9375;31,749338150024414;22,6471004486084;0;0;100;10;1;
485,731;15;7,53517484664917;10,776834487915039;20,9375;31,749338150024414;22,6471004486084;0;0;100;10;1;
485,734;15;7,53517484664917;10,776834487915039;20,9375;31,749338150024414;22,6471004486084;0;0;100;10;1;
485,736;15;7,53517484664917;10,776834487915039;20,9375;31,749338150024414;22,6471004486084;0;0;100;10;1;
485,739;15;7,53517484664917;10,776834487915039;20,9375;31,749338150024414;22,6471004486084;0;0;100;10;1;
485,742;15;7,53517484664917;10,776834487915039;20,9375;31,749338150024414;22,6471004486084;0;0;100;10;1;
485,745;15;7,53517484664917;10,776834487915039;20,9375;31,749338150024414;22,6471004486084;0;0;100;10;1;
485,747;15;7,53517484664917;10,776834487915039;20,9375;31,749338150024414;22,6471004486084;0;0;100;10;1;
485,75;15;7,53517484664917;10,776834487915039;20,9375;31,749338150024414;22,6471004486084;0;0;100;10;1;
485,752;15;7,53517484664917;10,776834487915039;20,9375;31,749338150024414;22,6471004486084;0;0;100;10;1;
485,755;15;7,53517484664917;10,776834487915039;20,9375;31,749338150024414;22,6471004486084;0;0;100;10;1;
485,758;15;7,53517484664917;10,776834487915039;20,9375;31,749338150024414;22,6471004486084;0;0;100;10;1;
485,76;15;7,53517484664917;10,776834487915039;20,9375;31,749338150024414;22,6471004486084;0;0;100;10;1;
485,763;15;7,53517484664917;10,776834487915039;20,9375;31,749338150024414;22,6471004486084;0;0;100;10;1;
485,766;15;7,53517484664917;10,776834487915039;20,9375;31,749338150024414;22,6471004486084;0;0;100;10;1;
485,768;15;7,53517484664917;10,776834487915039;20,9375;31,749338150024414;22,6471004486084;0;0;100;10;1;
485,771;15;7,53517484664917;10,776834487915039;20,9375;31,749338150024414;22,6471004486084;0;0;100;10;1;
485,774;15;7,53517484664917;10,776834487915039;20,9375;31,749338150024414;22,6471004486084;0;0;100;10;1;
485,778;15;7,53517484664917;10,776834487915039;20,9375;31,749338150024414;22,6471004486084;0;0;100;10;1;
485,781;15;7,53517484664917;10,776834487915039;20,9375;31,749338150024414;22,6471004486084;0;0;100;10;1;
485,784;15;7,53517484664917;10,776834487915039;20,9375;31,749338150024414;22,6471004486084;0;0;100;10;1;
485,787;15;7,53517484664917;10,776834487915039;20,9375;31,749338150024414;22,6471004486084;0;0;100;10;1;
485,789;15;7,53517484664917;10,776834487915039;20,9375;31,749338150024414;22,6471004486084;0;0;100;10;1;
485,793;15;7,53517484664917;10,776834487915039;20,9375;31,749338150024414;22,6471004486084;0;0;100;10;1;
485,795;15;7,53517484664917;10,776834487915039;20,9375;31,749338150024414;22,6471004486084;0;0;100;10;1;
485,798;15;7,53517484664917;10,776834487915039;20,9375;31,749338150024414;22,6471004486084;0;0;100;10;1;
485,801;15;7,53517484664917;10,776834487915039;20,9375;31,749338150024414;22,6471004486084;0;0;100;10;1;
485,804;15;7,53517484664917;10,776834487915039;20,9375;31,749338150024414;22,6471004486084;0;0;100;10;1;
485,806;15;7,53517484664917;10,776834487915039;20,9375;31,749338150024414;22,6471004486084;0;0;100;10;1;
485,81;15;7,53517484664917;10,776834487915039;20,9375;31,749338150024414;22,6471004486084;0;0;100;10;1;
485,812;15;7,53517484664917;10,776834487915039;20,9375;31,749338150024414;22,6471004486084;0;0;100;10;1;
485,815;15;7,53517484664917;10,776834487915039;20,9375;31,749338150024414;22,6471004486084;0;0;100;10;1;
485,818;15;7,53517484664917;10,776834487915039;20,9375;31,749338150024414;22,6471004486084;0;0;100;10;1;
485,821;15;7,53517484664917;10,776834487915039;20,9375;31,749338150024414;22,6471004486084;0;0;100;10;1;
485,824;15;7,53517484664917;10,776834487915039;20,9375;31,749338150024414;22,6471004486084;0;0;100;10;1;
485,827;15;7,53517484664917;10,776834487915039;20,9375;31,749338150024414;22,6471004486084;0;0;100;10;1;
485,829;15;7,53517484664917;10,776834487915039;20,9375;31,749338150024414;22,6471004486084;0;0;100;10;1;
485,832;15;7,53517484664917;10,776834487915039;20,9375;31,749338150024414;22,6471004486084;0;0;100;10;1;
485,834;15;7,53517484664917;10,776834487915039;20,9375;31,749338150024414;22,6471004486084;0;0;100;10;1;
485,837;15;7,53517484664917;10,776834487915039;20,9375;31,749338150024414;22,6471004486084;0;0;100;10;1;
485,84;15;7,53517484664917;10,776834487915039;20,9375;31,749338150024414;22,6471004486084;0;0;100;10;1;
485,843;15;7,53517484664917;10,776834487915039;20,9375;31,749338150024414;22,6471004486084;0;0;100;10;1;
485,845;15;7,53517484664917;10,776834487915039;20,9375;31,749338150024414;22,6471004486084;0;0;100;10;1;
485,848;15;7,53517484664917;10,776834487915039;20,9375;31,749338150024414;22,6471004486084;0;0;100;10;1;
485,851;15;7,53517484664917;10,776834487915039;20,9375;31,749338150024414;22,6471004486084;0;0;100;10;1;
485,853;15;7,53517484664917;10,776834487915039;20,9375;31,749338150024414;22,6471004486084;0;0;100;10;1;
485,856;15;7,53517484664917;10,776834487915039;20,9375;31,749338150024414;22,6471004486084;0;0;100;10;1;
485,859;15;7,53517484664917;10,776834487915039;20,9375;31,749338150024414;22,6471004486084;0;0;100;10;1;
485,862;15;7,53517484664917;10,776834487915039;20,9375;31,749338150024414;22,6471004486084;0;0;100;10;1;
485,865;15;7,53517484664917;10,776834487915039;20,9375;31,749338150024414;22,6471004486084;0;0;100;10;1;
485,869;15;7,53517484664917;10,776834487915039;20,9375;31,749338150024414;22,6471004486084;0;0;100;10;1;
485,872;15;7,53517484664917;10,776834487915039;20,9375;31,749338150024414;22,6471004486084;0;0;100;10;1;
485,875;15;7,53517484664917;10,776834487915039;20,9375;31,749338150024414;22,6471004486084;0;0;100;10;1;
485,879;15;7,53517484664917;10,776834487915039;20,9375;31,749338150024414;22,6471004486084;0;0;100;10;1;
485,881;15;7,53517484664917;10,776834487915039;20,9375;31,749338150024414;22,6471004486084;0;0;100;10;1;
485,884;15;7,53517484664917;10,776834487915039;20,9375;31,749338150024414;22,6471004486084;0;0;100;10;1;
485,886;15;7,53517484664917;10,776834487915039;20,9375;31,749338150024414;22,6471004486084;0;0;100;10;1;
485,889;15;7,53517484664917;10,776834487915039;20,9375;31,749338150024414;22,6471004486084;0;0;100;10;1;
485,891;15;7,53517484664917;10,776834487915039;20,9375;31,749338150024414;22,6471004486084;0;0;100;10;1;
485,894;15;7,53517484664917;10,776834487915039;20,9375;31,749338150024414;22,6471004486084;0;0;100;10;1;
485,897;15;7,53517484664917;10,776834487915039;20,9375;31,749338150024414;22,6471004486084;0;0;100;10;1;
485,9;15;7,53517484664917;10,776834487915039;20,9375;31,749338150024414;22,6471004486084;0;0;100;10;1;
485,903;15;7,53517484664917;10,776834487915039;20,9375;31,749338150024414;22,6471004486084;0;0;100;10;1;
485,905;15;7,53517484664917;10,776834487915039;20,9375;31,749338150024414;22,6471004486084;0;0;100;10;1;
485,909;15;7,53517484664917;10,776834487915039;20,9375;31,749338150024414;22,6471004486084;0;0;100;10;1;
485,912;15;7,53517484664917;10,776834487915039;20,9375;31,749338150024414;22,6471004486084;0;0;100;10;1;
485,915;15;7,53517484664917;10,776834487915039;20,9375;31,749338150024414;22,6471004486084;0;0;100;10;1;
485,917;15;7,53517484664917;10,776834487915039;20,9375;31,749338150024414;22,6471004486084;0;0;100;10;1;
485,92;15;7,53517484664917;10,776834487915039;20,9375;31,749338150024414;22,6471004486084;0;0;100;10;1;
485,923;15;7,53517484664917;10,776834487915039;20,9375;31,749338150024414;22,6471004486084;0;0;100;10;1;
485,926;15;7,53517484664917;10,776834487915039;20,9375;31,749338150024414;22,6471004486084;0;0;100;10;1;
485,929;15;7,53517484664917;10,776834487915039;20,9375;31,749338150024414;22,6471004486084;0;0;100;10;1;
485,931;15;7,53517484664917;10,776834487915039;20,9375;31,749338150024414;22,6471004486084;0;0;100;10;1;
485,934;15;7,53517484664917;10,776834487915039;20,9375;31,749338150024414;22,6471004486084;0;0;100;10;1;
485,936;15;7,53517484664917;10,776834487915039;20,9375;31,749338150024414;22,6471004486084;0;0;100;10;1;
485,939;15;7,53517484664917;10,776834487915039;20,9375;31,749338150024414;22,6471004486084;0;0;100;10;1;
485,942;15;7,53517484664917;10,776834487915039;20,9375;31,749338150024414;22,6471004486084;0;0;100;10;1;
485,944;15;7,53517484664917;10,776834487915039;20,9375;31,749338150024414;22,6471004486084;0;0;100;10;1;
485,947;15;7,53517484664917;10,776834487915039;20,9375;31,749338150024414;22,6471004486084;0;0;100;10;1;
485,95;15;7,53517484664917;10,776834487915039;20,9375;31,749338150024414;22,6471004486084;0;0;100;10;1;
485,953;15;7,53517484664917;10,776834487915039;20,9375;31,749338150024414;22,6471004486084;0;0;100;10;1;
485,956;15;7,53517484664917;10,776834487915039;20,9375;31,749338150024414;22,6471004486084;0;0;100;10;1;
485,958;15;7,53517484664917;10,776834487915039;20,9375;31,749338150024414;22,6471004486084;0;0;100;10;1;
485,961;15;7,53517484664917;10,776834487915039;20,9375;31,749338150024414;22,6471004486084;0;0;100;10;1;
485,965;15;7,53517484664917;10,776834487915039;20,9375;31,749338150024414;22,6471004486084;0;0;100;10;1;
485,967;15;7,53517484664917;10,776834487915039;20,9375;31,749338150024414;22,6471004486084;0;0;100;10;1;
485,97;15;7,53517484664917;10,776834487915039;20,9375;31,749338150024414;22,6471004486084;0;0;100;10;1;
485,973;15;7,53517484664917;10,776834487915039;20,9375;31,749338150024414;22,6471004486084;0;0;100;10;1;
485,976;15;7,53517484664917;10,776834487915039;20,9375;31,749338150024414;22,6471004486084;0;0;100;10;1;
485,979;15;7,53517484664917;10,776834487915039;20,9375;31,749338150024414;22,6471004486084;0;0;100;10;1;
485,982;15;7,53517484664917;10,776834487915039;20,9375;31,749338150024414;22,6471004486084;0;0;100;10;1;
485,985;15;7,53517484664917;10,776834487915039;20,9375;31,749338150024414;22,6471004486084;0;0;100;10;1;
485,987;15;7,53517484664917;10,776834487915039;20,9375;31,749338150024414;22,6471004486084;0;0;100;10;1;
485,99;15;7,53517484664917;10,776834487915039;20,9375;31,749338150024414;22,6471004486084;0;0;100;10;1;
485,993;15;7,53517484664917;10,776834487915039;20,9375;31,749338150024414;22,6471004486084;0;0;100;10;1;
485,996;15;7,53517484664917;10,776834487915039;20,9375;31,749338150024414;22,6471004486084;0;0;100;10;1;
485,999;15;7,53517484664917;10,776834487915039;20,9375;31,749338150024414;22,6471004486084;0;0;100;10;1;
486,001;15;7,53517484664917;10,776834487915039;20,9375;31,749338150024414;22,6471004486084;0;0;100;10;1;
486,004;15;7,53517484664917;10,776834487915039;20,9375;31,749338150024414;22,6471004486084;0;0;100;10;1;
486,007;15;7,53517484664917;10,776834487915039;20,9375;31,749338150024414;22,6471004486084;0;0;100;10;1;
486,01;15;7,53517484664917;10,776834487915039;20,9375;31,749338150024414;22,6471004486084;0;0;100;10;1;
486,013;15;7,53517484664917;10,776834487915039;20,9375;31,749338150024414;22,6471004486084;0;0;100;10;1;
486,015;15;7,53517484664917;10,776834487915039;20,9375;31,749338150024414;22,6471004486084;0;0;100;10;1;
486,018;15;7,53517484664917;10,776834487915039;20,9375;31,749338150024414;22,6471004486084;0;0;100;10;1;
486,02;15;7,53517484664917;10,776834487915039;20,9375;31,749338150024414;22,6471004486084;0;0;100;10;1;
486,023;15;7,53517484664917;10,776834487915039;20,9375;31,749338150024414;22,6471004486084;0;0;100;10;1;
486,027;15;7,53517484664917;10,776834487915039;20,9375;31,749338150024414;22,6471004486084;0;0;100;10;1;
486,029;15;7,53517484664917;10,776834487915039;20,9375;31,749338150024414;22,6471004486084;0;0;100;10;1;
486,032;15;7,53517484664917;10,776834487915039;20,9375;31,749338150024414;22,6471004486084;0;0;100;10;1;
486,035;15;7,53517484664917;10,776834487915039;20,9375;31,749338150024414;22,6471004486084;0;0;100;10;1;
486,038;15;7,53517484664917;10,776834487915039;20,9375;31,749338150024414;22,6471004486084;0;0;100;10;1;
486,041;15;7,53517484664917;10,776834487915039;20,9375;31,749338150024414;22,6471004486084;0;0;100;10;1;
486,044;15;7,53517484664917;10,776834487915039;20,9375;31,749338150024414;22,6471004486084;0;0;100;10;1;
486,046;15;7,53517484664917;10,776834487915039;20,9375;31,749338150024414;22,6471004486084;0;0;100;10;1;
486,049;15;7,53517484664917;10,776834487915039;20,9375;31,749338150024414;22,6471004486084;0;0;100;10;1;
486,052;15;7,53517484664917;10,776834487915039;20,9375;31,749338150024414;22,6471004486084;0;0;100;10;1;
486,054;15;7,53517484664917;10,776834487915039;20,9375;31,749338150024414;22,6471004486084;0;0;100;10;1;
486,057;15;7,53517484664917;10,776834487915039;20,9375;31,749338150024414;22,6471004486084;0;0;100;10;1;
486,06;15;7,53517484664917;10,776834487915039;20,9375;31,749338150024414;22,6471004486084;0;0;100;10;1;
486,063;15;7,53517484664917;10,776834487915039;20,9375;31,749338150024414;22,6471004486084;0;0;100;10;1;
486,066;15;7,53517484664917;10,776834487915039;20,9375;31,749338150024414;22,6471004486084;0;0;100;10;1;
486,068;15;7,53517484664917;10,776834487915039;20,9375;31,749338150024414;22,6471004486084;0;0;100;10;1;
486,071;15;7,53517484664917;10,776834487915039;20,9375;31,749338150024414;22,6471004486084;0;0;100;10;1;
486,074;15;7,53517484664917;10,776834487915039;20,9375;31,749338150024414;22,6471004486084;0;0;100;10;1;
486,078;15;7,53517484664917;10,776834487915039;20,9375;31,749338150024414;22,6471004486084;0;0;100;10;1;
486,081;15;7,53517484664917;10,776834487915039;20,9375;31,749338150024414;22,6471004486084;0;0;100;10;1;
486,084;15;7,53517484664917;10,776834487915039;20,9375;31,749338150024414;22,6471004486084;0;0;100;10;1;
486,086;15;7,53517484664917;10,776834487915039;20,9375;31,749338150024414;22,6471004486084;0;0;100;10;1;
486,089;15;7,53517484664917;10,776834487915039;20,9375;31,749338150024414;22,6471004486084;0;0;100;10;1;
486,092;15;7,53517484664917;10,776834487915039;20,9375;31,749338150024414;22,6471004486084;0;0;100;10;1;
486,095;15;7,53517484664917;10,776834487915039;20,9375;31,749338150024414;22,6471004486084;0;0;100;10;1;
486,098;15;7,53517484664917;10,776834487915039;20,9375;31,749338150024414;22,6471004486084;0;0;100;10;1;
486,101;15;7,53517484664917;10,776834487915039;20,9375;31,749338150024414;22,6471004486084;0;0;100;10;1;
486,103;15;7,53517484664917;10,776834487915039;20,9375;31,749338150024414;22,6471004486084;0;0;100;10;1;
486,106;15;7,53517484664917;10,776834487915039;20,9375;31,749338150024414;22,6471004486084;0;0;100;10;1;
486,109;15;7,53517484664917;10,776834487915039;20,9375;31,749338150024414;22,6471004486084;0;0;100;10;1;
486,112;15;7,53517484664917;10,776834487915039;20,9375;31,749338150024414;22,6471004486084;0;0;100;10;1;
486,115;15;7,53517484664917;10,776834487915039;20,9375;31,749338150024414;22,6471004486084;0;0;100;10;1;
486,118;15;7,53517484664917;10,776834487915039;20,9375;31,749338150024414;22,6471004486084;0;0;100;10;1;
486,12;15;7,53517484664917;10,776834487915039;20,9375;31,749338150024414;22,6471004486084;0;0;100;10;1;
486,123;15;7,53517484664917;10,776834487915039;20,9375;31,749338150024414;22,6471004486084;0;0;100;10;1;
486,126;15;7,53517484664917;10,776834487915039;20,9375;31,749338150024414;22,6471004486084;0;0;100;10;1;
486,129;15;7,53517484664917;10,776834487915039;20,9375;31,749338150024414;22,6471004486084;0;0;100;10;1;
486,132;15;7,53517484664917;10,776834487915039;20,9375;31,749338150024414;22,6471004486084;0;0;100;10;1;
486,134;15;7,53517484664917;10,776834487915039;20,9375;31,749338150024414;22,6471004486084;0;0;100;10;1;
486,137;15;7,53517484664917;10,776834487915039;20,9375;31,749338150024414;22,6471004486084;0;0;100;10;1;
486,14;15;7,53517484664917;10,776834487915039;20,9375;31,749338150024414;22,6471004486084;0;0;100;10;1;
486,143;15;7,53517484664917;10,776834487915039;20,9375;31,749338150024414;22,6471004486084;0;0;100;10;1;
486,145;15;7,53517484664917;10,776834487915039;20,9375;31,749338150024414;22,6471004486084;0;0;100;10;1;
486,148;15;7,53517484664917;10,776834487915039;20,9375;31,749338150024414;22,6471004486084;0;0;100;10;1;
486,151;15;7,53517484664917;10,776834487915039;20,9375;31,749338150024414;22,6471004486084;0;0;100;10;1;
486,153;15;7,53517484664917;10,776834487915039;20,9375;31,749338150024414;22,6471004486084;0;0;100;10;1;
486,156;15;7,53517484664917;10,776834487915039;20,9375;31,749338150024414;22,6471004486084;0;0;100;10;1;
486,159;15;7,53517484664917;10,776834487915039;20,9375;31,749338150024414;22,6471004486084;0;0;100;10;1;
486,162;15;7,53517484664917;10,776834487915039;20,9375;31,749338150024414;22,6471004486084;0;0;100;10;1;
486,165;15;7,53517484664917;10,776834487915039;20,9375;31,749338150024414;22,6471004486084;0;0;100;10;1;
486,168;15;7,53517484664917;10,776834487915039;20,9375;31,749338150024414;22,6471004486084;0;0;100;10;1;
486,17;15;7,53517484664917;10,776834487915039;20,9375;31,749338150024414;22,6471004486084;0;0;100;10;1;
486,173;15;7,53517484664917;10,776834487915039;20,9375;31,749338150024414;22,6471004486084;0;0;100;10;1;
486,176;15;7,53517484664917;10,776834487915039;20,9375;31,749338150024414;22,6471004486084;0;0;100;10;1;
486,18;15;7,53517484664917;10,776834487915039;20,9375;31,749338150024414;22,6471004486084;0;0;100;10;1;
486,183;15;7,53517484664917;10,776834487915039;20,9375;31,749338150024414;22,6471004486084;0;0;100;10;1;
486,186;15;7,53517484664917;10,776834487915039;20,9375;31,749338150024414;22,6471004486084;0;0;100;10;1;
486,188;15;7,53517484664917;10,776834487915039;20,9375;31,749338150024414;22,6471004486084;0;0;100;10;1;
486,191;15;7,53517484664917;10,776834487915039;20,9375;31,749338150024414;22,6471004486084;0;0;100;10;1;
486,194;15;7,53517484664917;10,776834487915039;20,9375;31,749338150024414;22,6471004486084;0;0;100;10;1;
486,197;15;7,53517484664917;10,776834487915039;20,9375;31,749338150024414;22,6471004486084;0;0;100;10;1;
486,2;15;7,53517484664917;10,776834487915039;20,9375;31,749338150024414;22,6471004486084;0;0;100;10;1;
486,203;15;7,53517484664917;10,776834487915039;20,9375;31,749338150024414;22,6471004486084;0;0;100;10;1;
486,206;15;7,53517484664917;10,776834487915039;20,9375;31,749338150024414;22,6471004486084;0;0;100;10;1;
486,209;15;7,53517484664917;10,776834487915039;20,9375;31,749338150024414;22,6471004486084;0;0;100;10;1;
486,212;15;7,53517484664917;10,776834487915039;20,9375;31,749338150024414;22,6471004486084;0;0;100;10;1;
486,215;15;7,53517484664917;10,776834487915039;20,9375;31,749338150024414;22,6471004486084;0;0;100;10;1;
486,218;15;7,53517484664917;10,776834487915039;20,9375;31,749338150024414;22,6471004486084;0;0;100;10;1;
486,22;15;7,53517484664917;10,776834487915039;20,9375;31,749338150024414;22,6471004486084;0;0;100;10;1;
486,223;15;7,53517484664917;10,776834487915039;20,9375;31,749338150024414;22,6471004486084;0;0;100;10;1;
486,227;15;7,53517484664917;10,776834487915039;20,9375;31,749338150024414;22,6471004486084;0;0;100;10;1;
486,23;15;7,53517484664917;10,776834487915039;20,9375;31,749338150024414;22,6471004486084;0;0;100;10;1;
486,233;15;7,53517484664917;10,776834487915039;20,9375;31,749338150024414;22,6471004486084;0;0;100;10;1;
486,235;15;7,53517484664917;10,776834487915039;20,9375;31,749338150024414;22,6471004486084;0;0;100;10;1;
486,238;15;7,53517484664917;10,776834487915039;20,9375;31,749338150024414;22,6471004486084;0;0;100;10;1;
486,24;15;7,53517484664917;10,776834487915039;20,9375;31,749338150024414;22,6471004486084;0;0;100;10;1;
486,243;15;7,53517484664917;10,776834487915039;20,9375;31,749338150024414;22,6471004486084;0;0;100;10;1;
486,246;15;7,53517484664917;10,776834487915039;20,9375;31,749338150024414;22,6471004486084;0;0;100;10;1;
486,248;15;7,53517484664917;10,776834487915039;20,9375;31,749338150024414;22,6471004486084;0;0;100;10;1;
486,251;15;7,53517484664917;10,776834487915039;20,9375;31,749338150024414;22,6471004486084;0;0;100;10;1;
486,253;15;7,53517484664917;10,776834487915039;20,9375;31,749338150024414;22,6471004486084;0;0;100;10;1;
486,256;15;7,53517484664917;10,776834487915039;20,9375;31,749338150024414;22,6471004486084;0;0;100;10;1;
486,259;15;7,53517484664917;10,776834487915039;20,9375;31,749338150024414;22,6471004486084;0;0;100;10;1;
486,262;15;7,53517484664917;10,776834487915039;20,9375;31,749338150024414;22,6471004486084;0;0;100;10;1;
486,264;15;7,53517484664917;10,776834487915039;20,9375;31,749338150024414;22,6471004486084;0;0;100;10;1;
486,267;15;7,53517484664917;10,776834487915039;20,9375;31,749338150024414;22,6471004486084;0;0;100;10;1;
486,27;15;7,53517484664917;10,776834487915039;20,9375;31,749338150024414;22,6471004486084;0;0;100;10;1;
486,272;15;7,53517484664917;10,776834487915039;20,9375;31,749338150024414;22,6471004486084;0;0;100;10;1;
486,275;15;7,53517484664917;10,776834487915039;20,9375;31,749338150024414;22,6471004486084;0;0;100;10;1;
486,278;15;7,53517484664917;10,776834487915039;20,9375;31,749338150024414;22,6471004486084;0;0;100;10;1;
486,282;15;7,53517484664917;10,776834487915039;20,9375;31,749338150024414;22,6471004486084;0;0;100;10;1;
486,285;15;7,53517484664917;10,776834487915039;20,9375;31,749338150024414;22,6471004486084;0;0;100;10;1;
486,287;15;7,53517484664917;10,776834487915039;20,9375;31,749338150024414;22,6471004486084;0;0;100;10;1;
486,29;15;7,53517484664917;10,776834487915039;20,9375;31,749338150024414;22,6471004486084;0;0;100;10;1;
486,293;15;7,53517484664917;10,776834487915039;20,9375;31,749338150024414;22,6471004486084;0;0;100;10;1;
486,296;15;7,53517484664917;10,776834487915039;20,9375;31,749338150024414;22,6471004486084;0;0;100;10;1;
486,299;15;7,53517484664917;10,776834487915039;20,9375;31,749338150024414;22,6471004486084;0;0;100;10;1;
486,301;15;7,53517484664917;10,776834487915039;20,9375;31,749338150024414;22,6471004486084;0;0;100;10;1;
486,304;15;7,53517484664917;10,776834487915039;20,9375;31,749338150024414;22,6471004486084;0;0;100;10;1;
486,307;15;7,53517484664917;10,776834487915039;20,9375;31,749338150024414;22,6471004486084;0;0;100;10;1;
486,31;15;7,53517484664917;10,776834487915039;20,9375;31,749338150024414;22,6471004486084;0;0;100;10;1;
486,313;15;7,53517484664917;10,776834487915039;20,9375;31,749338150024414;22,6471004486084;0;0;100;10;1;
486,317;15;7,53517484664917;10,776834487915039;20,9375;31,749338150024414;22,6471004486084;0;0;100;10;1;
486,319;15;7,53517484664917;10,776834487915039;20,9375;31,749338150024414;22,6471004486084;0;0;100;10;1;
486,322;15;7,53517484664917;10,776834487915039;20,9375;31,749338150024414;22,6471004486084;0;0;100;10;1;
486,324;15;7,53517484664917;10,776834487915039;20,9375;31,749338150024414;22,6471004486084;0;0;100;10;1;
486,328;15;7,53517484664917;10,776834487915039;20,9375;31,749338150024414;22,6471004486084;0;0;100;10;1;
486,331;15;7,53517484664917;10,776834487915039;20,9375;31,749338150024414;22,6471004486084;0;0;100;10;1;
486,333;15;7,53517484664917;10,776834487915039;20,9375;31,749338150024414;22,6471004486084;0;0;100;10;1;
486,336;15;7,53517484664917;10,776834487915039;20,9375;31,749338150024414;22,6471004486084;0;0;100;10;1;
486,339;15;7,53517484664917;10,776834487915039;20,9375;31,749338150024414;22,6471004486084;0;0;100;10;1;
486,341;15;7,53517484664917;10,776834487915039;20,9375;31,749338150024414;22,6471004486084;0;0;100;10;1;
486,344;15;7,53517484664917;10,776834487915039;20,9375;31,749338150024414;22,6471004486084;0;0;100;10;1;
486,347;15;7,53517484664917;10,776834487915039;20,9375;31,749338150024414;22,6471004486084;0;0;100;10;1;
486,349;15;7,53517484664917;10,776834487915039;20,9375;31,749338150024414;22,6471004486084;0;0;100;10;1;
486,352;15;7,53517484664917;10,776834487915039;20,9375;31,749338150024414;22,6471004486084;0;0;100;10;1;
486,355;15;7,53517484664917;10,776834487915039;20,9375;31,749338150024414;22,6471004486084;0;0;100;10;1;
486,357;15;7,53517484664917;10,776834487915039;20,9375;31,749338150024414;22,6471004486084;0;0;100;10;1;
486,36;15;7,53517484664917;10,776834487915039;20,9375;31,749338150024414;22,6471004486084;0;0;100;10;1;
486,363;15;7,53517484664917;10,776834487915039;20,9375;31,749338150024414;22,6471004486084;0;0;100;10;1;
486,366;15;7,53517484664917;10,776834487915039;20,9375;31,749338150024414;22,6471004486084;0;0;100;10;1;
486,368;15;7,53517484664917;10,776834487915039;20,9375;31,749338150024414;22,6471004486084;0;0;100;10;1;
486,371;15;7,53517484664917;10,776834487915039;20,9375;31,749338150024414;22,6471004486084;0;0;100;10;1;
486,374;15;7,53517484664917;10,776834487915039;20,9375;31,749338150024414;22,6471004486084;0;0;100;10;1;
486,377;15;7,53517484664917;10,776834487915039;20,9375;31,749338150024414;22,6471004486084;0;0;100;10;1;
486,38;15;7,53517484664917;10,776834487915039;20,9375;31,749338150024414;22,6471004486084;0;0;100;10;1;
486,384;15;7,53517484664917;10,776834487915039;20,9375;31,749338150024414;22,6471004486084;0;0;100;10;1;
486,386;15;7,53517484664917;10,776834487915039;20,9375;31,749338150024414;22,6471004486084;0;0;100;10;1;
486,389;15;7,53517484664917;10,776834487915039;20,9375;31,749338150024414;22,6471004486084;0;0;100;10;1;
486,391;15;7,53517484664917;10,776834487915039;20,9375;31,749338150024414;22,6471004486084;0;0;100;10;1;
486,394;15;7,53517484664917;10,776834487915039;20,9375;31,749338150024414;22,6471004486084;0;0;100;10;1;
486,397;15;7,53517484664917;10,776834487915039;20,9375;31,749338150024414;22,6471004486084;0;0;100;10;1;
486,4;15;7,53517484664917;10,776834487915039;20,9375;31,749338150024414;22,6471004486084;0;0;100;10;1;
486,403;15;7,53517484664917;10,776834487915039;20,9375;31,749338150024414;22,6471004486084;0;0;100;10;1;
486,406;15;7,53517484664917;10,776834487915039;20,9375;31,749338150024414;22,6471004486084;0;0;100;10;1;
486,409;15;7,53517484664917;10,776834487915039;20,9375;31,749338150024414;22,6471004486084;0;0;100;10;1;
486,412;15;7,53517484664917;10,776834487915039;20,9375;31,749338150024414;22,6471004486084;0;0;100;10;1;
486,415;15;7,53517484664917;10,776834487915039;20,9375;31,749338150024414;22,6471004486084;0;0;100;10;1;
486,418;15;7,53517484664917;10,776834487915039;20,9375;31,749338150024414;22,6471004486084;0;0;100;10;1;
486,42;15;7,53517484664917;10,776834487915039;20,9375;31,749338150024414;22,6471004486084;0;0;100;10;1;
486,423;15;7,53517484664917;10,776834487915039;20,9375;31,749338150024414;22,6471004486084;0;0;100;10;1;
486,425;15;7,53517484664917;10,776834487915039;20,9375;31,749338150024414;22,6471004486084;0;0;100;10;1;
486,428;15;7,53517484664917;10,776834487915039;20,9375;31,749338150024414;22,6471004486084;0;0;100;10;1;
486,431;15;7,53517484664917;10,776834487915039;20,9375;31,749338150024414;22,6471004486084;0;0;100;10;1;
486,434;15;7,53517484664917;10,776834487915039;20,9375;31,749338150024414;22,6471004486084;0;0;100;10;1;
486,437;15;7,53517484664917;10,776834487915039;20,9375;31,749338150024414;22,6471004486084;0;0;100;10;1;
486,439;15;7,53517484664917;10,776834487915039;20,9375;31,749338150024414;22,6471004486084;0;0;100;10;1;
486,442;15;7,53517484664917;10,776834487915039;20,9375;31,749338150024414;22,6471004486084;0;0;100;10;1;
486,445;15;7,53517484664917;10,776834487915039;20,9375;31,749338150024414;22,6471004486084;0;0;100;10;1;
486,448;15;7,53517484664917;10,776834487915039;20,9375;31,749338150024414;22,6471004486084;0;0;100;10;1;
486,45;15;7,53517484664917;10,776834487915039;20,9375;31,749338150024414;22,6471004486084;0;0;100;10;1;
486,453;15;7,53517484664917;10,776834487915039;20,9375;31,749338150024414;22,6471004486084;0;0;100;10;1;
486,456;15;7,53517484664917;10,776834487915039;20,9375;31,749338150024414;22,6471004486084;0;0;100;10;1;
486,458;15;7,53517484664917;10,776834487915039;20,9375;31,749338150024414;22,6471004486084;0;0;100;10;1;
486,461;15;7,53517484664917;10,776834487915039;20,9375;31,749338150024414;22,6471004486084;0;0;100;10;1;
486,464;15;7,53517484664917;10,776834487915039;20,9375;31,749338150024414;22,6471004486084;0;0;100;10;1;
486,467;15;7,53517484664917;10,776834487915039;20,9375;31,749338150024414;22,6471004486084;0;0;100;10;1;
486,47;15;7,53517484664917;10,776834487915039;20,9375;31,749338150024414;22,6471004486084;0;0;100;10;1;
486,472;15;7,53517484664917;10,776834487915039;20,9375;31,749338150024414;22,6471004486084;0;0;100;10;1;
486,475;15;7,53517484664917;10,776834487915039;20,9375;31,749338150024414;22,6471004486084;0;0;100;10;1;
486,478;15;7,53517484664917;10,776834487915039;20,9375;31,749338150024414;22,6471004486084;0;0;100;10;1;
486,481;15;7,53517484664917;10,776834487915039;20,9375;31,749338150024414;22,6471004486084;0;0;100;10;1;
486,484;15;7,53517484664917;10,776834487915039;20,9375;31,749338150024414;22,6471004486084;0;0;100;10;1;
486,487;15;7,53517484664917;10,776834487915039;20,9375;31,749338150024414;22,6471004486084;0;0;100;10;1;
486,49;15;7,53517484664917;10,776834487915039;20,9375;31,749338150024414;22,6471004486084;0;0;100;10;1;
486,492;15;7,53517484664917;10,776834487915039;20,9375;31,749338150024414;22,6471004486084;0;0;100;10;1;
486,495;15;7,53517484664917;10,776834487915039;20,9375;31,749338150024414;22,6471004486084;0;0;100;10;1;
486,498;15;7,53517484664917;10,776834487915039;20,9375;31,749338150024414;22,6471004486084;0;0;100;10;1;
486,501;15;7,53517484664917;10,776834487915039;20,9375;31,749338150024414;22,6471004486084;0;0;100;10;1;
486,503;15;7,53517484664917;10,776834487915039;20,9375;31,749338150024414;22,6471004486084;0;0;100;10;1;
486,506;15;7,53517484664917;10,776834487915039;20,9375;31,749338150024414;22,6471004486084;0;0;100;10;1;
486,509;15;7,53517484664917;10,776834487915039;20,9375;31,749338150024414;22,6471004486084;0;0;100;10;1;
486,512;15;7,53517484664917;10,776834487915039;20,9375;31,749338150024414;22,6471004486084;0;0;100;10;1;
486,514;15;7,53517484664917;10,776834487915039;20,9375;31,749338150024414;22,6471004486084;0;0;100;10;1;
486,517;15;7,53517484664917;10,776834487915039;20,9375;31,749338150024414;22,6471004486084;0;0;100;10;1;
486,519;15;7,53517484664917;10,776834487915039;20,9375;31,749338150024414;22,6471004486084;0;0;100;10;1;
486,522;15;7,53517484664917;10,776834487915039;20,9375;31,749338150024414;22,6471004486084;0;0;100;10;1;
486,524;15;7,53517484664917;10,776834487915039;20,9375;31,749338150024414;22,6471004486084;0;0;100;10;1;
486,527;15;7,53517484664917;10,776834487915039;20,9375;31,749338150024414;22,6471004486084;0;0;100;10;1;
486,53;15;7,53517484664917;10,776834487915039;20,9375;31,749338150024414;22,6471004486084;0;0;100;10;1;
486,533;15;7,53517484664917;10,776834487915039;20,9375;31,749338150024414;22,6471004486084;0;0;100;10;1;
486,536;15;7,53517484664917;10,776834487915039;20,9375;31,749338150024414;22,6471004486084;0;0;100;10;1;
486,539;15;7,53517484664917;10,776834487915039;20,9375;31,749338150024414;22,6471004486084;0;0;100;10;1;
486,541;15;7,53517484664917;10,776834487915039;20,9375;31,749338150024414;22,6471004486084;0;0;100;10;1;
486,544;15;7,53517484664917;10,776834487915039;20,9375;31,749338150024414;22,6471004486084;0;0;100;10;1;
486,547;15;7,53517484664917;10,776834487915039;20,9375;31,749338150024414;22,6471004486084;0;0;100;10;1;
486,549;15;7,53517484664917;10,776834487915039;20,9375;31,749338150024414;22,6471004486084;0;0;100;10;1;
486,552;15;7,53517484664917;10,776834487915039;20,9375;31,749338150024414;22,6471004486084;0;0;100;10;1;
486,555;15;7,53517484664917;10,776834487915039;20,9375;31,749338150024414;22,6471004486084;0;0;100;10;1;
486,558;15;7,53517484664917;10,776834487915039;20,9375;31,749338150024414;22,6471004486084;0;0;100;10;1;
486,561;15;7,53517484664917;10,776834487915039;20,9375;31,749338150024414;22,6471004486084;0;0;100;10;1;
486,564;15;7,53517484664917;10,776834487915039;20,9375;31,749338150024414;22,6471004486084;0;0;100;10;1;
486,567;15;7,53517484664917;10,776834487915039;20,9375;31,749338150024414;22,6471004486084;0;0;100;10;1;
486,57;15;7,53517484664917;10,776834487915039;20,9375;31,749338150024414;22,6471004486084;0;0;100;10;1;
486,572;15;7,53517484664917;10,776834487915039;20,9375;31,749338150024414;22,6471004486084;0;0;100;10;1;
486,575;15;7,53517484664917;10,776834487915039;20,9375;31,749338150024414;22,6471004486084;0;0;100;10;1;
486,578;15;7,53517484664917;10,776834487915039;20,9375;31,749338150024414;22,6471004486084;0;0;100;10;1;
486,581;15;7,53517484664917;10,776834487915039;20,9375;31,749338150024414;22,6471004486084;0;0;100;10;1;
486,584;15;7,53517484664917;10,776834487915039;20,9375;31,749338150024414;22,6471004486084;0;0;100;10;1;
486,587;15;7,53517484664917;10,776834487915039;20,9375;31,749338150024414;22,6471004486084;0;0;100;10;1;
486,59;15;7,53517484664917;10,776834487915039;20,9375;31,749338150024414;22,6471004486084;0;0;100;10;1;
486,593;15;7,53517484664917;10,776834487915039;20,9375;31,749338150024414;22,6471004486084;0;0;100;10;1;
486,596;15;7,53517484664917;10,776834487915039;20,9375;31,749338150024414;22,6471004486084;0;0;100;10;1;
486,599;15;7,53517484664917;10,776834487915039;20,9375;31,749338150024414;22,6471004486084;0;0;100;10;1;
486,602;15;7,53517484664917;10,776834487915039;20,9375;31,749338150024414;22,6471004486084;0;0;100;10;1;
486,605;15;7,53517484664917;10,776834487915039;20,9375;31,749338150024414;22,6471004486084;0;0;100;10;1;
486,607;15;7,53517484664917;10,776834487915039;20,9375;31,749338150024414;22,6471004486084;0;0;100;10;1;
486,611;15;7,53517484664917;10,776834487915039;20,9375;31,749338150024414;22,6471004486084;0;0;100;10;1;
486,614;15;7,53517484664917;10,776834487915039;20,9375;31,749338150024414;22,6471004486084;0;0;100;10;1;
486,616;15;7,53517484664917;10,776834487915039;20,9375;31,749338150024414;22,6471004486084;0;0;100;10;1;
486,619;15;7,53517484664917;10,776834487915039;20,9375;31,749338150024414;22,6471004486084;0;0;100;10;1;
486,622;15;7,53517484664917;10,776834487915039;20,9375;31,749338150024414;22,6471004486084;0;0;100;10;1;
486,624;15;7,53517484664917;10,776834487915039;20,9375;31,749338150024414;22,6471004486084;0;0;100;10;1;
486,627;15;7,53517484664917;10,776834487915039;20,9375;31,749338150024414;22,6471004486084;0;0;100;10;1;
486,63;15;7,53517484664917;10,776834487915039;20,9375;31,749338150024414;22,6471004486084;0;0;100;10;1;
486,633;15;7,53517484664917;10,776834487915039;20,9375;31,749338150024414;22,6471004486084;0;0;100;10;1;
486,636;15;7,53517484664917;10,776834487915039;20,9375;31,749338150024414;22,6471004486084;0;0;100;10;1;
486,638;15;7,53517484664917;10,776834487915039;20,9375;31,749338150024414;22,6471004486084;0;0;100;10;1;
486,641;15;7,53517484664917;10,776834487915039;20,9375;31,749338150024414;22,6471004486084;0;0;100;10;1;
486,644;15;7,53517484664917;10,776834487915039;20,9375;31,749338150024414;22,6471004486084;0;0;100;10;1;
486,647;15;7,53517484664917;10,776834487915039;20,9375;31,749338150024414;22,6471004486084;0;0;100;10;1;
486,649;15;7,53517484664917;10,776834487915039;20,9375;31,749338150024414;22,6471004486084;0;0;100;10;1;
486,652;15;7,53517484664917;10,776834487915039;20,9375;31,749338150024414;22,6471004486084;0;0;100;10;1;
486,654;15;7,53517484664917;10,776834487915039;20,9375;31,749338150024414;22,6471004486084;0;0;100;10;1;
486,657;15;7,53517484664917;10,776834487915039;20,9375;31,749338150024414;22,6471004486084;0;0;100;10;1;
486,66;15;7,53517484664917;10,776834487915039;20,9375;31,749338150024414;22,6471004486084;0;0;100;10;1;
486,662;15;7,53517484664917;10,776834487915039;20,9375;31,749338150024414;22,6471004486084;0;0;100;10;1;
486,665;15;7,53517484664917;10,776834487915039;20,9375;31,749338150024414;22,6471004486084;0;0;100;10;1;
486,668;15;7,53517484664917;10,776834487915039;20,9375;31,749338150024414;22,6471004486084;0;0;100;10;1;
486,671;15;7,53517484664917;10,776834487915039;20,9375;31,749338150024414;22,6471004486084;0;0;100;10;1;
486,674;15;7,53517484664917;10,776834487915039;20,9375;31,749338150024414;22,6471004486084;0;0;100;10;1;
486,677;15;7,53517484664917;10,776834487915039;20,9375;31,749338150024414;22,6471004486084;0;0;100;10;1;
486,68;15;7,53517484664917;10,776834487915039;20,9375;31,749338150024414;22,6471004486084;0;0;100;10;1;
486,682;15;7,53517484664917;10,776834487915039;20,9375;31,749338150024414;22,6471004486084;0;0;100;10;1;
486,685;15;7,53517484664917;10,776834487915039;20,9375;31,749338150024414;22,6471004486084;0;0;100;10;1;
486,688;15;7,53517484664917;10,776834487915039;20,9375;31,749338150024414;22,6471004486084;0;0;100;10;1;
486,691;15;7,53517484664917;10,776834487915039;20,9375;31,749338150024414;22,6471004486084;0;0;100;10;1;
486,694;15;7,53517484664917;10,776834487915039;20,9375;31,749338150024414;22,6471004486084;0;0;100;10;1;
486,698;15;7,53517484664917;10,776834487915039;20,9375;31,749338150024414;22,6471004486084;0;0;100;10;1;
486,701;15;7,53517484664917;10,776834487915039;20,9375;31,749338150024414;22,6471004486084;0;0;100;10;1;
486,703;15;7,53517484664917;10,776834487915039;20,9375;31,749338150024414;22,6471004486084;0;0;100;10;1;
486,706;15;7,53517484664917;10,776834487915039;20,9375;31,749338150024414;22,6471004486084;0;0;100;10;1;
486,71;15;7,53517484664917;10,776834487915039;20,9375;31,749338150024414;22,6471004486084;0;0;100;10;1;
486,713;15;7,53517484664917;10,776834487915039;20,9375;31,749338150024414;22,6471004486084;0;0;100;10;1;
486,715;15;7,53517484664917;10,776834487915039;20,9375;31,749338150024414;22,6471004486084;0;0;100;10;1;
486,718;15;7,53517484664917;10,776834487915039;20,9375;31,749338150024414;22,6471004486084;0;0;100;10;1;
486,721;15;7,53517484664917;10,776834487915039;20,9375;31,749338150024414;22,6471004486084;0;0;100;10;1;
486,723;15;7,53517484664917;10,776834487915039;20,9375;31,749338150024414;22,6471004486084;0;0;100;10;1;
486,726;15;7,53517484664917;10,776834487915039;20,9375;31,749338150024414;22,6471004486084;0;0;100;10;1;
486,729;15;7,53517484664917;10,776834487915039;20,9375;31,749338150024414;22,6471004486084;0;0;100;10;1;
486,732;15;7,53517484664917;10,776834487915039;20,9375;31,749338150024414;22,6471004486084;0;0;100;10;1;
486,734;15;7,53517484664917;10,776834487915039;20,9375;31,749338150024414;22,6471004486084;0;0;100;10;1;
486,737;15;7,53517484664917;10,776834487915039;20,9375;31,749338150024414;22,6471004486084;0;0;100;10;1;
486,74;15;7,53517484664917;10,776834487915039;20,9375;31,749338150024414;22,6471004486084;0;0;100;10;1;
486,743;15;7,53517484664917;10,776834487915039;20,9375;31,749338150024414;22,6471004486084;0;0;100;10;1;
486,746;15;7,53517484664917;10,776834487915039;20,9375;31,749338150024414;22,6471004486084;0;0;100;10;1;
486,749;15;7,53517484664917;10,776834487915039;20,9375;31,749338150024414;22,6471004486084;0;0;100;10;1;
486,751;15;7,53517484664917;10,776834487915039;20,9375;31,749338150024414;22,6471004486084;0;0;100;10;1;
486,754;15;7,53517484664917;10,776834487915039;20,9375;31,749338150024414;22,6471004486084;0;0;100;10;1;
486,757;15;7,53517484664917;10,776834487915039;20,9375;31,749338150024414;22,6471004486084;0;0;100;10;1;
486,76;15;7,53517484664917;10,776834487915039;20,9375;31,749338150024414;22,6471004486084;0;0;100;10;1;
486,762;15;7,53517484664917;10,776834487915039;20,9375;31,749338150024414;22,6471004486084;0;0;100;10;1;
486,765;15;7,53517484664917;10,776834487915039;20,9375;31,749338150024414;22,6471004486084;0;0;100;10;1;
486,768;15;7,53517484664917;10,776834487915039;20,9375;31,749338150024414;22,6471004486084;0;0;100;10;1;
486,77;15;7,53517484664917;10,776834487915039;20,9375;31,749338150024414;22,6471004486084;0;0;100;10;1;
486,773;15;7,53517484664917;10,776834487915039;20,9375;31,749338150024414;22,6471004486084;0;0;100;10;1;
486,775;15;7,53517484664917;10,776834487915039;20,9375;31,749338150024414;22,6471004486084;0;0;100;10;1;
486,779;15;7,53517484664917;10,776834487915039;20,9375;31,749338150024414;22,6471004486084;0;0;100;10;1;
486,782;15;7,53517484664917;10,776834487915039;20,9375;31,749338150024414;22,6471004486084;0;0;100;10;1;
486,784;15;7,53517484664917;10,776834487915039;20,9375;31,749338150024414;22,6471004486084;0;0;100;10;1;
486,787;15;7,53517484664917;10,776834487915039;20,9375;31,749338150024414;22,6471004486084;0;0;100;10;1;
486,791;15;7,53517484664917;10,776834487915039;20,9375;31,749338150024414;22,6471004486084;0;0;100;10;1;
486,793;15;7,53517484664917;10,776834487915039;20,9375;31,749338150024414;22,6471004486084;0;0;100;10;1;
486,797;15;7,53517484664917;10,776834487915039;20,9375;31,749338150024414;22,6471004486084;0;0;100;10;1;
486,799;15;7,53517484664917;10,776834487915039;20,9375;31,749338150024414;22,6471004486084;0;0;100;10;1;
486,802;15;7,53517484664917;10,776834487915039;20,9375;31,749338150024414;22,6471004486084;0;0;100;10;1;
486,805;15;7,53517484664917;10,776834487915039;20,9375;31,749338150024414;22,6471004486084;0;0;100;10;1;
486,808;15;7,53517484664917;10,776834487915039;20,9375;31,749338150024414;22,6471004486084;0;0;100;10;1;
486,811;15;7,53517484664917;10,776834487915039;20,9375;31,749338150024414;22,6471004486084;0;0;100;10;1;
486,814;15;7,53517484664917;10,776834487915039;20,9375;31,749338150024414;22,6471004486084;0;0;100;10;1;
486,817;15;7,53517484664917;10,776834487915039;20,9375;31,749338150024414;22,6471004486084;0;0;100;10;1;
486,82;15;7,53517484664917;10,776834487915039;20,9375;31,749338150024414;22,6471004486084;0;0;100;10;1;
486,823;15;7,53517484664917;10,776834487915039;20,9375;31,749338150024414;22,6471004486084;0;0;100;10;1;
486,825;15;7,53517484664917;10,776834487915039;20,9375;31,749338150024414;22,6471004486084;0;0;100;10;1;
486,828;15;7,53517484664917;10,776834487915039;20,9375;31,749338150024414;22,6471004486084;0;0;100;10;1;
486,831;15;7,53517484664917;10,776834487915039;20,9375;31,749338150024414;22,6471004486084;0;0;100;10;1;
486,834;15;7,53517484664917;10,776834487915039;20,9375;31,749338150024414;22,6471004486084;0;0;100;10;1;
486,836;15;7,53517484664917;10,776834487915039;20,9375;31,749338150024414;22,6471004486084;0;0;100;10;1;
486,839;15;7,53517484664917;10,776834487915039;20,9375;31,749338150024414;22,6471004486084;0;0;100;10;1;
486,842;15;7,53517484664917;10,776834487915039;20,9375;31,749338150024414;22,6471004486084;0;0;100;10;1;
486,845;15;7,53517484664917;10,776834487915039;20,9375;31,749338150024414;22,6471004486084;0;0;100;10;1;
486,848;15;7,53517484664917;10,776834487915039;20,9375;31,749338150024414;22,6471004486084;0;0;100;10;1;
486,85;15;7,53517484664917;10,776834487915039;20,9375;31,749338150024414;22,6471004486084;0;0;100;10;1;
486,853;15;7,53517484664917;10,776834487915039;20,9375;31,749338150024414;22,6471004486084;0;0;100;10;1;
486,855;15;7,53517484664917;10,776834487915039;20,9375;31,749338150024414;22,6471004486084;0;0;100;10;1;
486,858;15;7,53517484664917;10,776834487915039;20,9375;31,749338150024414;22,6471004486084;0;0;100;10;1;
486,861;15;7,53517484664917;10,776834487915039;20,9375;31,749338150024414;22,6471004486084;0;0;100;10;1;
486,864;15;7,53517484664917;10,776834487915039;20,9375;31,749338150024414;22,6471004486084;0;0;100;10;1;
486,866;15;7,53517484664917;10,776834487915039;20,9375;31,749338150024414;22,6471004486084;0;0;100;10;1;
486,869;15;7,53517484664917;10,776834487915039;20,9375;31,749338150024414;22,6471004486084;0;0;100;10;1;
486,871;15;7,53517484664917;10,776834487915039;20,9375;31,749338150024414;22,6471004486084;0;0;100;10;1;
486,875;15;7,53517484664917;10,776834487915039;20,9375;31,749338150024414;22,6471004486084;0;0;100;10;1;
486,878;15;7,53517484664917;10,776834487915039;20,9375;31,749338150024414;22,6471004486084;0;0;100;10;1;
486,881;15;7,53517484664917;10,776834487915039;20,9375;31,749338150024414;22,6471004486084;0;0;100;10;1;
486,884;15;7,53517484664917;10,776834487915039;20,9375;31,749338150024414;22,6471004486084;0;0;100;10;1;
486,886;15;7,53517484664917;10,776834487915039;20,9375;31,749338150024414;22,6471004486084;0;0;100;10;1;
486,889;15;7,53517484664917;10,776834487915039;20,9375;31,749338150024414;22,6471004486084;0;0;100;10;1;
486,892;15;7,53517484664917;10,776834487915039;20,9375;31,749338150024414;22,6471004486084;0;0;100;10;1;
486,896;15;7,53517484664917;10,776834487915039;20,9375;31,749338150024414;22,6471004486084;0;0;100;10;1;
486,899;15;7,53517484664917;10,776834487915039;20,9375;31,749338150024414;22,6471004486084;0;0;100;10;1;
486,902;15;7,53517484664917;10,776834487915039;20,9375;31,749338150024414;22,6471004486084;0;0;100;10;1;
486,905;15;7,53517484664917;10,776834487915039;20,9375;31,749338150024414;22,6471004486084;0;0;100;10;1;
486,908;15;7,53517484664917;10,776834487915039;20,9375;31,749338150024414;22,6471004486084;0;0;100;10;1;
486,911;15;7,53517484664917;10,776834487915039;20,9375;31,749338150024414;22,6471004486084;0;0;100;10;1;
486,914;15;7,53517484664917;10,776834487915039;20,9375;31,749338150024414;22,6471004486084;0;0;100;10;1;
486,917;15;7,53517484664917;10,776834487915039;20,9375;31,749338150024414;22,6471004486084;0;0;100;10;1;
486,919;15;7,53517484664917;10,776834487915039;20,9375;31,749338150024414;22,6471004486084;0;0;100;10;1;
486,922;15;7,53517484664917;10,776834487915039;20,9375;31,749338150024414;22,6471004486084;0;0;100;10;1;
486,925;15;7,53517484664917;10,776834487915039;20,9375;31,749338150024414;22,6471004486084;0;0;100;10;1;
486,928;15;7,53517484664917;10,776834487915039;20,9375;31,749338150024414;22,6471004486084;0;0;100;10;1;
486,93;15;7,53517484664917;10,776834487915039;20,9375;31,749338150024414;22,6471004486084;0;0;100;10;1;
486,933;15;7,53517484664917;10,776834487915039;20,9375;31,749338150024414;22,6471004486084;0;0;100;10;1;
486,936;15;7,53517484664917;10,776834487915039;20,9375;31,749338150024414;22,6471004486084;0;0;100;10;1;
486,938;15;7,53517484664917;10,776834487915039;20,9375;31,749338150024414;22,6471004486084;0;0;100;10;1;
486,941;15;7,53517484664917;10,776834487915039;20,9375;31,749338150024414;22,6471004486084;0;0;100;10;1;
486,944;15;7,53517484664917;10,776834487915039;20,9375;31,749338150024414;22,6471004486084;0;0;100;10;1;
486,947;15;7,53517484664917;10,776834487915039;20,9375;31,749338150024414;22,6471004486084;0;0;100;10;1;
486,95;15;7,53517484664917;10,776834487915039;20,9375;31,749338150024414;22,6471004486084;0;0;100;10;1;
486,952;15;7,53517484664917;10,776834487915039;20,9375;31,749338150024414;22,6471004486084;0;0;100;10;1;
486,955;15;7,53517484664917;10,776834487915039;20,9375;31,749338150024414;22,6471004486084;0;0;100;10;1;
486,957;15;7,53517484664917;10,776834487915039;20,9375;31,749338150024414;22,6471004486084;0;0;100;10;1;
486,961;15;7,53517484664917;10,776834487915039;20,9375;31,749338150024414;22,6471004486084;0;0;100;10;1;
486,963;15;7,53517484664917;10,776834487915039;20,9375;31,749338150024414;22,6471004486084;0;0;100;10;1;
486,966;15;7,53517484664917;10,776834487915039;20,9375;31,749338150024414;22,6471004486084;0;0;100;10;1;
486,969;15;7,53517484664917;10,776834487915039;20,9375;31,749338150024414;22,6471004486084;0;0;100;10;1;
486,972;15;7,53517484664917;10,776834487915039;20,9375;31,749338150024414;22,6471004486084;0;0;100;10;1;
486,975;15;7,53517484664917;10,776834487915039;20,9375;31,749338150024414;22,6471004486084;0;0;100;10;1;
486,978;15;7,53517484664917;10,776834487915039;20,9375;31,749338150024414;22,6471004486084;0;0;100;10;1;
486,981;15;7,53517484664917;10,776834487915039;20,9375;31,749338150024414;22,6471004486084;0;0;100;10;1;
486,983;15;7,53517484664917;10,776834487915039;20,9375;31,749338150024414;22,6471004486084;0;0;100;10;1;
486,986;15;7,53517484664917;10,776834487915039;20,9375;31,749338150024414;22,6471004486084;0;0;100;10;1;
486,989;15;7,53517484664917;10,776834487915039;20,9375;31,749338150024414;22,6471004486084;0;0;100;10;1;
486,991;15;7,53517484664917;10,776834487915039;20,9375;31,749338150024414;22,6471004486084;0;0;100;10;1;
486,995;15;7,53517484664917;10,776834487915039;20,9375;31,749338150024414;22,6471004486084;0;0;100;10;1;
486,998;15;7,53517484664917;10,776834487915039;20,9375;31,749338150024414;22,6471004486084;0;0;100;10;1;
487,001;15;7,53517484664917;10,776834487915039;20,9375;31,749338150024414;22,6471004486084;0;0;100;10;1;
487,003;15;7,53517484664917;10,776834487915039;20,9375;31,749338150024414;22,6471004486084;0;0;100;10;1;
487,006;15;7,53517484664917;10,776834487915039;20,9375;31,749338150024414;22,6471004486084;0;0;100;10;1;
487,009;15;7,53517484664917;10,776834487915039;20,9375;31,749338150024414;22,6471004486084;0;0;100;10;1;
487,012;15;7,53517484664917;10,776834487915039;20,9375;31,749338150024414;22,6471004486084;0;0;100;10;1;
487,015;15;7,53517484664917;10,776834487915039;20,9375;31,749338150024414;22,6471004486084;0;0;100;10;1;
487,017;15;7,53517484664917;10,776834487915039;20,9375;31,749338150024414;22,6471004486084;0;0;100;10;1;
487,02;15;7,53517484664917;10,776834487915039;20,9375;31,749338150024414;22,6471004486084;0;0;100;10;1;
487,023;15;7,53517484664917;10,776834487915039;20,9375;31,749338150024414;22,6471004486084;0;0;100;10;1;
487,025;15;7,53517484664917;10,776834487915039;20,9375;31,749338150024414;22,6471004486084;0;0;100;10;1;
487,028;15;7,53517484664917;10,776834487915039;20,9375;31,749338150024414;22,6471004486084;0;0;100;10;1;
487,031;15;7,53517484664917;10,776834487915039;20,9375;31,749338150024414;22,6471004486084;0;0;100;10;1;
487,034;15;7,53517484664917;10,776834487915039;20,9375;31,749338150024414;22,6471004486084;0;0;100;10;1;
487,036;15;7,53517484664917;10,776834487915039;20,9375;31,749338150024414;22,6471004486084;0;0;100;10;1;
487,039;15;7,53517484664917;10,776834487915039;20,9375;31,749338150024414;22,6471004486084;0;0;100;10;1;
487,041;15;7,53517484664917;10,776834487915039;20,9375;31,749338150024414;22,6471004486084;0;0;100;10;1;
487,044;15;7,53517484664917;10,776834487915039;20,9375;31,749338150024414;22,6471004486084;0;0;100;10;1;
487,048;15;7,53517484664917;10,776834487915039;20,9375;31,749338150024414;22,6471004486084;0;0;100;10;1;
487,05;15;7,53517484664917;10,776834487915039;20,9375;31,749338150024414;22,6471004486084;0;0;100;10;1;
487,053;15;7,53517484664917;10,776834487915039;20,9375;31,749338150024414;22,6471004486084;0;0;100;10;1;
487,056;15;7,53517484664917;10,776834487915039;20,9375;31,749338150024414;22,6471004486084;0;0;100;10;1;
487,059;15;7,53517484664917;10,776834487915039;20,9375;31,749338150024414;22,6471004486084;0;0;100;10;1;
487,062;15;7,53517484664917;10,776834487915039;20,9375;31,749338150024414;22,6471004486084;0;0;100;10;1;
487,065;15;7,53517484664917;10,776834487915039;20,9375;31,749338150024414;22,6471004486084;0;0;100;10;1;
487,068;15;7,53517484664917;10,776834487915039;20,9375;31,749338150024414;22,6471004486084;0;0;100;10;1;
487,071;15;7,53517484664917;10,776834487915039;20,9375;31,749338150024414;22,6471004486084;0;0;100;10;1;
487,074;15;7,53517484664917;10,776834487915039;20,9375;31,749338150024414;22,6471004486084;0;0;100;10;1;
487,077;15;7,53517484664917;10,776834487915039;20,9375;31,749338150024414;22,6471004486084;0;0;100;10;1;
487,08;15;7,53517484664917;10,776834487915039;20,9375;31,749338150024414;22,6471004486084;0;0;100;10;1;
487,083;15;7,53517484664917;10,776834487915039;20,9375;31,749338150024414;22,6471004486084;0;0;100;10;1;
487,086;15;7,53517484664917;10,776834487915039;20,9375;31,749338150024414;22,6471004486084;0;0;100;10;1;
487,088;15;7,53517484664917;10,776834487915039;20,9375;31,749338150024414;22,6471004486084;0;0;100;10;1;
487,091;15;7,53517484664917;10,776834487915039;20,9375;31,749338150024414;22,6471004486084;0;0;100;10;1;
487,094;15;7,53517484664917;10,776834487915039;20,9375;31,749338150024414;22,6471004486084;0;0;100;10;1;
487,097;15;7,53517484664917;10,776834487915039;20,9375;31,749338150024414;22,6471004486084;0;0;100;10;1;
487,1;15;7,53517484664917;10,776834487915039;20,9375;31,749338150024414;22,6471004486084;0;0;100;10;1;
487,103;15;7,53517484664917;10,776834487915039;20,9375;31,749338150024414;22,6471004486084;0;0;100;10;1;
487,106;15;7,53517484664917;10,776834487915039;20,9375;31,749338150024414;22,6471004486084;0;0;100;10;1;
487,11;15;7,53517484664917;10,776834487915039;20,9375;31,749338150024414;22,6471004486084;0;0;100;10;1;
487,113;15;7,53517484664917;10,776834487915039;20,9375;31,749338150024414;22,6471004486084;0;0;100;10;1;
487,115;15;7,53517484664917;10,776834487915039;20,9375;31,749338150024414;22,6471004486084;0;0;100;10;1;
487,118;15;7,53517484664917;10,776834487915039;20,9375;31,749338150024414;22,6471004486084;0;0;100;10;1;
487,121;15;7,53517484664917;10,776834487915039;20,9375;31,749338150024414;22,6471004486084;0;0;100;10;1;
487,123;15;7,53517484664917;10,776834487915039;20,9375;31,749338150024414;22,6471004486084;0;0;100;10;1;
487,126;15;7,53517484664917;10,776834487915039;20,9375;31,749338150024414;22,6471004486084;0;0;100;10;1;
487,129;15;7,53517484664917;10,776834487915039;20,9375;31,749338150024414;22,6471004486084;0;0;100;10;1;
487,132;15;7,53517484664917;10,776834487915039;20,9375;31,749338150024414;22,6471004486084;0;0;100;10;1;
487,135;15;7,53517484664917;10,776834487915039;20,9375;31,749338150024414;22,6471004486084;0;0;100;10;1;
487,137;15;7,53517484664917;10,776834487915039;20,9375;31,749338150024414;22,6471004486084;0;0;100;10;1;
487,14;15;7,53517484664917;10,776834487915039;20,9375;31,749338150024414;22,6471004486084;0;0;100;10;1;
487,142;15;7,53517484664917;10,776834487915039;20,9375;31,749338150024414;22,6471004486084;0;0;100;10;1;
487,145;15;7,53517484664917;10,776834487915039;20,9375;31,749338150024414;22,6471004486084;0;0;100;10;1;
487,148;15;7,53517484664917;10,776834487915039;20,9375;31,749338150024414;22,6471004486084;0;0;100;10;1;
487,151;15;7,53517484664917;10,776834487915039;20,9375;31,749338150024414;22,6471004486084;0;0;100;10;1;
487,154;15;7,53517484664917;10,776834487915039;20,9375;31,749338150024414;22,6471004486084;0;0;100;10;1;
487,156;15;7,53517484664917;10,776834487915039;20,9375;31,749338150024414;22,6471004486084;0;0;100;10;1;
487,159;15;7,53517484664917;10,776834487915039;20,9375;31,749338150024414;22,6471004486084;0;0;100;10;1;
487,162;15;7,53517484664917;10,776834487915039;20,9375;31,749338150024414;22,6471004486084;0;0;100;10;1;
487,164;15;7,53517484664917;10,776834487915039;20,9375;31,749338150024414;22,6471004486084;0;0;100;10;1;
487,167;15;7,53517484664917;10,776834487915039;20,9375;31,749338150024414;22,6471004486084;0;0;100;10;1;
487,17;15;7,53517484664917;10,776834487915039;20,9375;31,749338150024414;22,6471004486084;0;0;100;10;1;
487,172;15;7,53517484664917;10,776834487915039;20,9375;31,749338150024414;22,6471004486084;0;0;100;10;1;
487,175;15;7,53517484664917;10,776834487915039;20,9375;31,749338150024414;22,6471004486084;0;0;100;10;1;
487,179;15;7,53517484664917;10,776834487915039;20,9375;31,749338150024414;22,6471004486084;0;0;100;10;1;
487,182;15;7,53517484664917;10,776834487915039;20,9375;31,749338150024414;22,6471004486084;0;0;100;10;1;
487,185;15;7,53517484664917;10,776834487915039;20,9375;31,749338150024414;22,6471004486084;0;0;100;10;1;
487,187;15;7,53517484664917;10,776834487915039;20,9375;31,749338150024414;22,6471004486084;0;0;100;10;1;
487,19;15;7,53517484664917;10,776834487915039;20,9375;31,749338150024414;22,6471004486084;0;0;100;10;1;
487,192;15;7,53517484664917;10,776834487915039;20,9375;31,749338150024414;22,6471004486084;0;0;100;10;1;
487,195;15;7,53517484664917;10,776834487915039;20,9375;31,749338150024414;22,6471004486084;0;0;100;10;1;
487,199;15;7,53517484664917;10,776834487915039;20,9375;31,749338150024414;22,6471004486084;0;0;100;10;1;
487,202;15;7,53517484664917;10,776834487915039;20,9375;31,749338150024414;22,6471004486084;0;0;100;10;1;
487,204;15;7,53517484664917;10,776834487915039;20,9375;31,749338150024414;22,6471004486084;0;0;100;10;1;
487,207;15;7,53517484664917;10,776834487915039;20,9375;31,749338150024414;22,6471004486084;0;0;100;10;1;
487,211;15;7,53517484664917;10,776834487915039;20,9375;31,749338150024414;22,6471004486084;0;0;100;10;1;
487,214;15;7,53517484664917;10,776834487915039;20,9375;31,749338150024414;22,6471004486084;0;0;100;10;1;
487,217;15;7,53517484664917;10,776834487915039;20,9375;31,749338150024414;22,6471004486084;0;0;100;10;1;
487,219;15;7,53517484664917;10,776834487915039;20,9375;31,749338150024414;22,6471004486084;0;0;100;10;1;
487,222;15;7,53517484664917;10,776834487915039;20,9375;31,749338150024414;22,6471004486084;0;0;100;10;1;
487,225;15;7,53517484664917;10,776834487915039;20,9375;31,749338150024414;22,6471004486084;0;0;100;10;1;
487,228;15;7,53517484664917;10,776834487915039;20,9375;31,749338150024414;22,6471004486084;0;0;100;10;1;
487,231;15;7,53517484664917;10,776834487915039;20,9375;31,749338150024414;22,6471004486084;0;0;100;10;1;
487,233;15;7,53517484664917;10,776834487915039;20,9375;31,749338150024414;22,6471004486084;0;0;100;10;1;
487,236;15;7,53517484664917;10,776834487915039;20,9375;31,749338150024414;22,6471004486084;0;0;100;10;1;
487,239;15;7,53517484664917;10,776834487915039;20,9375;31,749338150024414;22,6471004486084;0;0;100;10;1;
487,241;15;7,53517484664917;10,776834487915039;20,9375;31,749338150024414;22,6471004486084;0;0;100;10;1;
487,244;15;7,53517484664917;10,776834487915039;20,9375;31,749338150024414;22,6471004486084;0;0;100;10;1;
487,247;15;7,53517484664917;10,776834487915039;20,9375;31,749338150024414;22,6471004486084;0;0;100;10;1;
487,25;15;7,53517484664917;10,776834487915039;20,9375;31,749338150024414;22,6471004486084;0;0;100;10;1;
487,253;15;7,53517484664917;10,776834487915039;20,9375;31,749338150024414;22,6471004486084;0;0;100;10;1;
487,255;15;7,53517484664917;10,776834487915039;20,9375;31,749338150024414;22,6471004486084;0;0;100;10;1;
487,258;15;7,53517484664917;10,776834487915039;20,9375;31,749338150024414;22,6471004486084;0;0;100;10;1;
487,261;15;7,53517484664917;10,776834487915039;20,9375;31,749338150024414;22,6471004486084;0;0;100;10;1;
487,264;15;7,53517484664917;10,776834487915039;20,9375;31,749338150024414;22,6471004486084;0;0;100;10;1;
487,267;15;7,53517484664917;10,776834487915039;20,9375;31,749338150024414;22,6471004486084;0;0;100;10;1;
487,269;15;7,53517484664917;10,776834487915039;20,9375;31,749338150024414;22,6471004486084;0;0;100;10;1;
487,272;15;7,53517484664917;10,776834487915039;20,9375;31,749338150024414;22,6471004486084;0;0;100;10;1;
487,275;15;7,53517484664917;10,776834487915039;20,9375;31,749338150024414;22,6471004486084;0;0;100;10;1;
487,279;15;7,53517484664917;10,776834487915039;20,9375;31,749338150024414;22,6471004486084;0;0;100;10;1;
487,282;15;7,53517484664917;10,776834487915039;20,9375;31,749338150024414;22,6471004486084;0;0;100;10;1;
487,285;15;7,53517484664917;10,776834487915039;20,9375;31,749338150024414;22,6471004486084;0;0;100;10;1;
487,287;15;7,53517484664917;10,776834487915039;20,9375;31,749338150024414;22,6471004486084;0;0;100;10;1;
487,29;15;7,53517484664917;10,776834487915039;20,9375;31,749338150024414;22,6471004486084;0;0;100;10;1;
487,292;15;7,53517484664917;10,776834487915039;20,9375;31,749338150024414;22,6471004486084;0;0;100;10;1;
487,295;15;7,53517484664917;10,776834487915039;20,9375;31,749338150024414;22,6471004486084;0;0;100;10;1;
487,298;15;7,53517484664917;10,776834487915039;20,9375;31,749338150024414;22,6471004486084;0;0;100;10;1;
487,301;15;7,53517484664917;10,776834487915039;20,9375;31,749338150024414;22,6471004486084;0;0;100;10;1;
487,304;15;7,53517484664917;10,776834487915039;20,9375;31,749338150024414;22,6471004486084;0;0;100;10;1;
487,307;15;7,53517484664917;10,776834487915039;20,9375;31,749338150024414;22,6471004486084;0;0;100;10;1;
487,311;15;7,53517484664917;10,776834487915039;20,9375;31,749338150024414;22,6471004486084;0;0;100;10;1;
487,314;15;7,53517484664917;10,776834487915039;20,9375;31,749338150024414;22,6471004486084;0;0;100;10;1;
487,317;15;7,53517484664917;10,776834487915039;20,9375;31,749338150024414;22,6471004486084;0;0;100;10;1;
487,319;15;7,53517484664917;10,776834487915039;20,9375;31,749338150024414;22,6471004486084;0;0;100;10;1;
487,322;15;7,53517484664917;10,776834487915039;20,9375;31,749338150024414;22,6471004486084;0;0;100;10;1;
487,324;15;7,53517484664917;10,776834487915039;20,9375;31,749338150024414;22,6471004486084;0;0;100;10;1;
487,327;15;7,53517484664917;10,776834487915039;20,9375;31,749338150024414;22,6471004486084;0;0;100;10;1;
487,33;15;7,53517484664917;10,776834487915039;20,9375;31,749338150024414;22,6471004486084;0;0;100;10;1;
487,332;15;7,53517484664917;10,776834487915039;20,9375;31,749338150024414;22,6471004486084;0;0;100;10;1;
487,335;15;7,53517484664917;10,776834487915039;20,9375;31,749338150024414;22,6471004486084;0;0;100;10;1;
487,338;15;7,53517484664917;10,776834487915039;20,9375;31,749338150024414;22,6471004486084;0;0;100;10;1;
487,34;15;7,53517484664917;10,776834487915039;20,9375;31,749338150024414;22,6471004486084;0;0;100;10;1;
487,343;15;7,53517484664917;10,776834487915039;20,9375;31,749338150024414;22,6471004486084;0;0;100;10;1;
487,346;15;7,53517484664917;10,776834487915039;20,9375;31,749338150024414;22,6471004486084;0;0;100;10;1;
487,348;15;7,53517484664917;10,776834487915039;20,9375;31,749338150024414;22,6471004486084;0;0;100;10;1;
487,351;15;7,53517484664917;10,776834487915039;20,9375;31,749338150024414;22,6471004486084;0;0;100;10;1;
487,354;15;7,53517484664917;10,776834487915039;20,9375;31,749338150024414;22,6471004486084;0;0;100;10;1;
487,357;15;7,53517484664917;10,776834487915039;20,9375;31,749338150024414;22,6471004486084;0;0;100;10;1;
487,36;15;7,53517484664917;10,776834487915039;20,9375;31,749338150024414;22,6471004486084;0;0;100;10;1;
487,363;15;7,53517484664917;10,776834487915039;20,9375;31,749338150024414;22,6471004486084;0;0;100;10;1;
487,365;15;7,53517484664917;10,776834487915039;20,9375;31,749338150024414;22,6471004486084;0;0;100;10;1;
487,368;15;7,53517484664917;10,776834487915039;20,9375;31,749338150024414;22,6471004486084;0;0;100;10;1;
487,37;15;7,53517484664917;10,776834487915039;20,9375;31,749338150024414;22,6471004486084;0;0;100;10;1;
487,373;15;7,53517484664917;10,776834487915039;20,9375;31,749338150024414;22,6471004486084;0;0;100;10;1;
487,376;15;7,53517484664917;10,776834487915039;20,9375;31,749338150024414;22,6471004486084;0;0;100;10;1;
487,379;15;7,53517484664917;10,776834487915039;20,9375;31,749338150024414;22,6471004486084;0;0;100;10;1;
487,383;15;7,53517484664917;10,776834487915039;20,9375;31,749338150024414;22,6471004486084;0;0;100;10;1;
487,386;15;7,53517484664917;10,776834487915039;20,9375;31,749338150024414;22,6471004486084;0;0;100;10;1;
487,389;15;7,53517484664917;10,776834487915039;20,9375;31,749338150024414;22,6471004486084;0;0;100;10;1;
487,391;15;7,53517484664917;10,776834487915039;20,9375;31,749338150024414;22,6471004486084;0;0;100;10;1;
487,395;15;7,53517484664917;10,776834487915039;20,9375;31,749338150024414;22,6471004486084;0;0;100;10;1;
487,397;15;7,53517484664917;10,776834487915039;20,9375;31,749338150024414;22,6471004486084;0;0;100;10;1;
487,4;15;7,53517484664917;10,776834487915039;20,9375;31,749338150024414;22,6471004486084;0;0;100;10;1;
487,403;15;7,53517484664917;10,776834487915039;20,9375;31,749338150024414;22,6471004486084;0;0;100;10;1;
487,407;15;7,53517484664917;10,776834487915039;20,9375;31,749338150024414;22,6471004486084;0;0;100;10;1;
487,41;15;7,53517484664917;10,776834487915039;20,9375;31,749338150024414;22,6471004486084;0;0;100;10;1;
487,413;15;7,53517484664917;10,776834487915039;20,9375;31,749338150024414;22,6471004486084;0;0;100;10;1;
487,416;15;7,53517484664917;10,776834487915039;20,9375;31,749338150024414;22,6471004486084;0;0;100;10;1;
487,418;15;7,53517484664917;10,776834487915039;20,9375;31,749338150024414;22,6471004486084;0;0;100;10;1;
487,421;15;7,53517484664917;10,776834487915039;20,9375;31,749338150024414;22,6471004486084;0;0;100;10;1;
487,424;15;7,53517484664917;10,776834487915039;20,9375;31,749338150024414;22,6471004486084;0;0;100;10;1;
487,427;15;7,53517484664917;10,776834487915039;20,9375;31,749338150024414;22,6471004486084;0;0;100;10;1;
487,43;15;7,53517484664917;10,776834487915039;20,9375;31,749338150024414;22,6471004486084;0;0;100;10;1;
487,432;15;7,53517484664917;10,776834487915039;20,9375;31,749338150024414;22,6471004486084;0;0;100;10;1;
487,435;15;7,53517484664917;10,776834487915039;20,9375;31,749338150024414;22,6471004486084;0;0;100;10;1;
487,438;15;7,53517484664917;10,776834487915039;20,9375;31,749338150024414;22,6471004486084;0;0;100;10;1;
487,44;15;7,53517484664917;10,776834487915039;20,9375;31,749338150024414;22,6471004486084;0;0;100;10;1;
487,443;15;7,53517484664917;10,776834487915039;20,9375;31,749338150024414;22,6471004486084;0;0;100;10;1;
487,446;15;7,53517484664917;10,776834487915039;20,9375;31,749338150024414;22,6471004486084;0;0;100;10;1;
487,448;15;7,53517484664917;10,776834487915039;20,9375;31,749338150024414;22,6471004486084;0;0;100;10;1;
487,451;15;7,53517484664917;10,776834487915039;20,9375;31,749338150024414;22,6471004486084;0;0;100;10;1;
487,454;15;7,53517484664917;10,776834487915039;20,9375;31,749338150024414;22,6471004486084;0;0;100;10;1;
487,457;15;7,53517484664917;10,776834487915039;20,9375;31,749338150024414;22,6471004486084;0;0;100;10;1;
487,459;15;7,53517484664917;10,776834487915039;20,9375;31,749338150024414;22,6471004486084;0;0;100;10;1;
487,462;15;7,53517484664917;10,776834487915039;20,9375;31,749338150024414;22,6471004486084;0;0;100;10;1;
487,465;15;7,53517484664917;10,776834487915039;20,9375;31,749338150024414;22,6471004486084;0;0;100;10;1;
487,467;15;7,53517484664917;10,776834487915039;20,9375;31,749338150024414;22,6471004486084;0;0;100;10;1;
487,47;15;7,53517484664917;10,776834487915039;20,9375;31,749338150024414;22,6471004486084;0;0;100;10;1;
487,473;15;7,53517484664917;10,776834487915039;20,9375;31,749338150024414;22,6471004486084;0;0;100;10;1;
487,476;15;7,53517484664917;10,776834487915039;20,9375;31,749338150024414;22,6471004486084;0;0;100;10;1;
487,48;15;7,53517484664917;10,776834487915039;20,9375;31,749338150024414;22,6471004486084;0;0;100;10;1;
487,483;15;7,53517484664917;10,776834487915039;20,9375;31,749338150024414;22,6471004486084;0;0;100;10;1;
487,486;15;7,53517484664917;10,776834487915039;20,9375;31,749338150024414;22,6471004486084;0;0;100;10;1;
487,489;15;7,53517484664917;10,776834487915039;20,9375;31,749338150024414;22,6471004486084;0;0;100;10;1;
487,492;15;7,53517484664917;10,776834487915039;20,9375;31,749338150024414;22,6471004486084;0;0;100;10;1;
487,495;15;7,53517484664917;10,776834487915039;20,9375;31,749338150024414;22,6471004486084;0;0;100;10;1;
487,497;15;7,53517484664917;10,776834487915039;20,9375;31,749338150024414;22,6471004486084;0;0;100;10;1;
487,5;15;7,53517484664917;10,776834487915039;20,9375;31,749338150024414;22,6471004486084;0;0;100;10;1;
487,503;15;7,53517484664917;10,776834487915039;20,9375;31,749338150024414;22,6471004486084;0;0;100;10;1;
487,506;15;7,53517484664917;10,776834487915039;20,9375;31,749338150024414;22,6471004486084;0;0;100;10;1;
487,509;15;7,53517484664917;10,776834487915039;20,9375;31,749338150024414;22,6471004486084;0;0;100;10;1;
487,513;15;7,53517484664917;10,776834487915039;20,9375;31,749338150024414;22,6471004486084;0;0;100;10;1;
487,516;15;7,53517484664917;10,776834487915039;20,9375;31,749338150024414;22,6471004486084;0;0;100;10;1;
487,518;15;7,53517484664917;10,776834487915039;20,9375;31,749338150024414;22,6471004486084;0;0;100;10;1;
487,521;15;7,53517484664917;10,776834487915039;20,9375;31,749338150024414;22,6471004486084;0;0;100;10;1;
487,524;15;7,53517484664917;10,776834487915039;20,9375;31,749338150024414;22,6471004486084;0;0;100;10;1;
487,526;15;7,53517484664917;10,776834487915039;20,9375;31,749338150024414;22,6471004486084;0;0;100;10;1;
487,53;15;7,53517484664917;10,776834487915039;20,9375;31,749338150024414;22,6471004486084;0;0;100;10;1;
487,532;15;7,53517484664917;10,776834487915039;20,9375;31,749338150024414;22,6471004486084;0;0;100;10;1;
487,535;15;7,53517484664917;10,776834487915039;20,9375;31,749338150024414;22,6471004486084;0;0;100;10;1;
487,537;15;7,53517484664917;10,776834487915039;20,9375;31,749338150024414;22,6471004486084;0;0;100;10;1;
487,54;15;7,53517484664917;10,776834487915039;20,9375;31,749338150024414;22,6471004486084;0;0;100;10;1;
487,543;15;7,53517484664917;10,776834487915039;20,9375;31,749338150024414;22,6471004486084;0;0;100;10;1;
487,546;15;7,53517484664917;10,776834487915039;20,9375;31,749338150024414;22,6471004486084;0;0;100;10;1;
487,548;15;7,53517484664917;10,776834487915039;20,9375;31,749338150024414;22,6471004486084;0;0;100;10;1;
487,551;15;7,53517484664917;10,776834487915039;20,9375;31,749338150024414;22,6471004486084;0;0;100;10;1;
487,554;15;7,53517484664917;10,776834487915039;20,9375;31,749338150024414;22,6471004486084;0;0;100;10;1;
487,556;15;7,53517484664917;10,776834487915039;20,9375;31,749338150024414;22,6471004486084;0;0;100;10;1;
487,559;15;7,53517484664917;10,776834487915039;20,9375;31,749338150024414;22,6471004486084;0;0;100;10;1;
487,562;15;7,53517484664917;10,776834487915039;20,9375;31,749338150024414;22,6471004486084;0;0;100;10;1;
487,565;15;7,53517484664917;10,776834487915039;20,9375;31,749338150024414;22,6471004486084;0;0;100;10;1;
487,568;15;7,53517484664917;10,776834487915039;20,9375;31,749338150024414;22,6471004486084;0;0;100;10;1;
487,57;15;7,53517484664917;10,776834487915039;20,9375;31,749338150024414;22,6471004486084;0;0;100;10;1;
487,573;15;7,53517484664917;10,776834487915039;20,9375;31,749338150024414;22,6471004486084;0;0;100;10;1;
487,576;15;7,53517484664917;10,776834487915039;20,9375;31,749338150024414;22,6471004486084;0;0;100;10;1;
487,579;15;7,53517484664917;10,776834487915039;20,9375;31,749338150024414;22,6471004486084;0;0;100;10;1;
487,582;15;7,53517484664917;10,776834487915039;20,9375;31,749338150024414;22,6471004486084;0;0;100;10;1;
487,585;15;7,53517484664917;10,776834487915039;20,9375;31,749338150024414;22,6471004486084;0;0;100;10;1;
487,588;15;7,53517484664917;10,776834487915039;20,9375;31,749338150024414;22,6471004486084;0;0;100;10;1;
487,591;15;7,53517484664917;10,776834487915039;20,9375;31,749338150024414;22,6471004486084;0;0;100;10;1;
487,594;15;7,53517484664917;10,776834487915039;20,9375;31,749338150024414;22,6471004486084;0;0;100;10;1;
487,597;15;7,53517484664917;10,776834487915039;20,9375;31,749338150024414;22,6471004486084;0;0;100;10;1;
487,6;15;7,53517484664917;10,776834487915039;20,9375;31,749338150024414;22,6471004486084;0;0;100;10;1;
487,602;15;7,53517484664917;10,776834487915039;20,9375;31,749338150024414;22,6471004486084;0;0;100;10;1;
487,605;15;7,53517484664917;10,776834487915039;20,9375;31,749338150024414;22,6471004486084;0;0;100;10;1;
487,609;15;7,53517484664917;10,776834487915039;20,9375;31,749338150024414;22,6471004486084;0;0;100;10;1;
487,612;15;7,53517484664917;10,776834487915039;20,9375;31,749338150024414;22,6471004486084;0;0;100;10;1;
487,615;15;7,53517484664917;10,776834487915039;20,9375;31,749338150024414;22,6471004486084;0;0;100;10;1;
487,618;15;7,53517484664917;10,776834487915039;20,9375;31,749338150024414;22,6471004486084;0;0;100;10;1;
487,62;15;7,53517484664917;10,776834487915039;20,9375;31,749338150024414;22,6471004486084;0;0;100;10;1;
487,623;15;7,53517484664917;10,776834487915039;20,9375;31,749338150024414;22,6471004486084;0;0;100;10;1;
487,626;15;7,53517484664917;10,776834487915039;20,9375;31,749338150024414;22,6471004486084;0;0;100;10;1;
487,629;15;7,53517484664917;10,776834487915039;20,9375;31,749338150024414;22,6471004486084;0;0;100;10;1;
487,632;15;7,53517484664917;10,776834487915039;20,9375;31,749338150024414;22,6471004486084;0;0;100;10;1;
487,634;15;7,53517484664917;10,776834487915039;20,9375;31,749338150024414;22,6471004486084;0;0;100;10;1;
487,637;15;7,53517484664917;10,776834487915039;20,9375;31,749338150024414;22,6471004486084;0;0;100;10;1;
487,639;15;7,53517484664917;10,776834487915039;20,9375;31,749338150024414;22,6471004486084;0;0;100;10;1;
487,642;15;7,53517484664917;10,776834487915039;20,9375;31,749338150024414;22,6471004486084;0;0;100;10;1;
487,645;15;7,53517484664917;10,776834487915039;20,9375;31,749338150024414;22,6471004486084;0;0;100;10;1;
487,648;15;7,53517484664917;10,776834487915039;20,9375;31,749338150024414;22,6471004486084;0;0;100;10;1;
487,651;15;7,53517484664917;10,776834487915039;20,9375;31,749338150024414;22,6471004486084;0;0;100;10;1;
487,653;15;7,53517484664917;10,776834487915039;20,9375;31,749338150024414;22,6471004486084;0;0;100;10;1;
487,656;15;7,53517484664917;10,776834487915039;20,9375;31,749338150024414;22,6471004486084;0;0;100;10;1;
487,659;15;7,53517484664917;10,776834487915039;20,9375;31,749338150024414;22,6471004486084;0;0;100;10;1;
487,662;15;7,53517484664917;10,776834487915039;20,9375;31,749338150024414;22,6471004486084;0;0;100;10;1;
487,665;15;7,53517484664917;10,776834487915039;20,9375;31,749338150024414;22,6471004486084;0;0;100;10;1;
487,667;15;7,53517484664917;10,776834487915039;20,9375;31,749338150024414;22,6471004486084;0;0;100;10;1;
487,67;15;7,53517484664917;10,776834487915039;20,9375;31,749338150024414;22,6471004486084;0;0;100;10;1;
487,673;15;7,53517484664917;10,776834487915039;20,9375;31,749338150024414;22,6471004486084;0;0;100;10;1;
487,676;15;7,53517484664917;10,776834487915039;20,9375;31,749338150024414;22,6471004486084;0;0;100;10;1;
487,679;15;7,53517484664917;10,776834487915039;20,9375;31,749338150024414;22,6471004486084;0;0;100;10;1;
487,682;15;7,53517484664917;10,776834487915039;20,9375;31,749338150024414;22,6471004486084;0;0;100;10;1;
487,685;15;7,53517484664917;10,776834487915039;20,9375;31,749338150024414;22,6471004486084;0;0;100;10;1;
487,688;15;7,53517484664917;10,776834487915039;20,9375;31,749338150024414;22,6471004486084;0;0;100;10;1;
487,69;15;7,53517484664917;10,776834487915039;20,9375;31,749338150024414;22,6471004486084;0;0;100;10;1;
487,693;15;7,53517484664917;10,776834487915039;20,9375;31,749338150024414;22,6471004486084;0;0;100;10;1;
487,696;15;7,53517484664917;10,776834487915039;20,9375;31,749338150024414;22,6471004486084;0;0;100;10;1;
487,699;15;7,53517484664917;10,776834487915039;20,9375;31,749338150024414;22,6471004486084;0;0;100;10;1;
487,702;15;7,53517484664917;10,776834487915039;20,9375;31,749338150024414;22,6471004486084;0;0;100;10;1;
487,705;15;7,53517484664917;10,776834487915039;20,9375;31,749338150024414;22,6471004486084;0;0;100;10;1;
487,708;15;7,53517484664917;10,776834487915039;20,9375;31,749338150024414;22,6471004486084;0;0;100;10;1;
487,711;15;7,53517484664917;10,776834487915039;20,9375;31,749338150024414;22,6471004486084;0;0;100;10;1;
487,715;15;7,53517484664917;10,776834487915039;20,9375;31,749338150024414;22,6471004486084;0;0;100;10;1;
487,717;15;7,53517484664917;10,776834487915039;20,9375;31,749338150024414;22,6471004486084;0;0;100;10;1;
487,72;15;7,53517484664917;10,776834487915039;20,9375;31,749338150024414;22,6471004486084;0;0;100;10;1;
487,723;15;7,53517484664917;10,776834487915039;20,9375;31,749338150024414;22,6471004486084;0;0;100;10;1;
487,726;15;7,53517484664917;10,776834487915039;20,9375;31,749338150024414;22,6471004486084;0;0;100;10;1;
487,73;15;7,53517484664917;10,776834487915039;20,9375;31,749338150024414;22,6471004486084;0;0;100;10;1;
487,732;15;7,53517484664917;10,776834487915039;20,9375;31,749338150024414;22,6471004486084;0;0;100;10;1;
487,735;15;7,53517484664917;10,776834487915039;20,9375;31,749338150024414;22,6471004486084;0;0;100;10;1;
487,737;15;7,53517484664917;10,776834487915039;20,9375;31,749338150024414;22,6471004486084;0;0;100;10;1;
487,74;15;7,53517484664917;10,776834487915039;20,9375;31,749338150024414;22,6471004486084;0;0;100;10;1;
487,742;15;7,53517484664917;10,776834487915039;20,9375;31,749338150024414;22,6471004486084;0;0;100;10;1;
487,745;15;7,53517484664917;10,776834487915039;20,9375;31,749338150024414;22,6471004486084;0;0;100;10;1;
487,748;15;7,53517484664917;10,776834487915039;20,9375;31,749338150024414;22,6471004486084;0;0;100;10;1;
487,751;15;7,53517484664917;10,776834487915039;20,9375;31,749338150024414;22,6471004486084;0;0;100;10;1;
487,753;15;7,53517484664917;10,776834487915039;20,9375;31,749338150024414;22,6471004486084;0;0;100;10;1;
487,756;15;7,53517484664917;10,776834487915039;20,9375;31,749338150024414;22,6471004486084;0;0;100;10;1;
487,758;15;7,53517484664917;10,776834487915039;20,9375;31,749338150024414;22,6471004486084;0;0;100;10;1;
487,761;15;7,53517484664917;10,776834487915039;20,9375;31,749338150024414;22,6471004486084;0;0;100;10;1;
487,765;15;7,53517484664917;10,776834487915039;20,9375;31,749338150024414;22,6471004486084;0;0;100;10;1;
487,767;15;7,53517484664917;10,776834487915039;20,9375;31,749338150024414;22,6471004486084;0;0;100;10;1;
487,77;15;7,53517484664917;10,776834487915039;20,9375;31,749338150024414;22,6471004486084;0;0;100;10;1;
487,772;15;7,53517484664917;10,776834487915039;20,9375;31,749338150024414;22,6471004486084;0;0;100;10;1;
487,775;15;7,53517484664917;10,776834487915039;20,9375;31,749338150024414;22,6471004486084;0;0;100;10;1;
487,778;15;7,53517484664917;10,776834487915039;20,9375;31,749338150024414;22,6471004486084;0;0;100;10;1;
487,782;15;7,53517484664917;10,776834487915039;20,9375;31,749338150024414;22,6471004486084;0;0;100;10;1;
487,784;15;7,53517484664917;10,776834487915039;20,9375;31,749338150024414;22,6471004486084;0;0;100;10;1;
487,787;15;7,53517484664917;10,776834487915039;20,9375;31,749338150024414;22,6471004486084;0;0;100;10;1;
487,79;15;7,53517484664917;10,776834487915039;20,9375;31,749338150024414;22,6471004486084;0;0;100;10;1;
487,792;15;7,53517484664917;10,776834487915039;20,9375;31,749338150024414;22,6471004486084;0;0;100;10;1;
487,795;15;7,53517484664917;10,776834487915039;20,9375;31,749338150024414;22,6471004486084;0;0;100;10;1;
487,798;15;7,53517484664917;10,776834487915039;20,9375;31,749338150024414;22,6471004486084;0;0;100;10;1;
487,801;15;7,53517484664917;10,776834487915039;20,9375;31,749338150024414;22,6471004486084;0;0;100;10;1;
487,804;15;7,53517484664917;10,776834487915039;20,9375;31,749338150024414;22,6471004486084;0;0;100;10;1;
487,806;15;7,53517484664917;10,776834487915039;20,9375;31,749338150024414;22,6471004486084;0;0;100;10;1;
487,809;15;7,53517484664917;10,776834487915039;20,9375;31,749338150024414;22,6471004486084;0;0;100;10;1;
487,813;15;7,53517484664917;10,776834487915039;20,9375;31,749338150024414;22,6471004486084;0;0;100;10;1;
487,816;15;7,53517484664917;10,776834487915039;20,9375;31,749338150024414;22,6471004486084;0;0;100;10;1;
487,819;15;7,53517484664917;10,776834487915039;20,9375;31,749338150024414;22,6471004486084;0;0;100;10;1;
487,821;15;7,53517484664917;10,776834487915039;20,9375;31,749338150024414;22,6471004486084;0;0;100;10;1;
487,824;15;7,53517484664917;10,776834487915039;20,9375;31,749338150024414;22,6471004486084;0;0;100;10;1;
487,827;15;7,53517484664917;10,776834487915039;20,9375;31,749338150024414;22,6471004486084;0;0;100;10;1;
487,83;15;7,53517484664917;10,776834487915039;20,9375;31,749338150024414;22,6471004486084;0;0;100;10;1;
487,832;15;7,53517484664917;10,776834487915039;20,9375;31,749338150024414;22,6471004486084;0;0;100;10;1;
487,835;15;7,53517484664917;10,776834487915039;20,9375;31,749338150024414;22,6471004486084;0;0;100;10;1;
487,838;15;7,53517484664917;10,776834487915039;20,9375;31,749338150024414;22,6471004486084;0;0;100;10;1;
487,84;15;7,53517484664917;10,776834487915039;20,9375;31,749338150024414;22,6471004486084;0;0;100;10;1;
487,843;15;7,53517484664917;10,776834487915039;20,9375;31,749338150024414;22,6471004486084;0;0;100;10;1;
487,846;15;7,53517484664917;10,776834487915039;20,9375;31,749338150024414;22,6471004486084;0;0;100;10;1;
487,849;15;7,53517484664917;10,776834487915039;20,9375;31,749338150024414;22,6471004486084;0;0;100;10;1;
487,851;15;7,53517484664917;10,776834487915039;20,9375;31,749338150024414;22,6471004486084;0;0;100;10;1;
487,854;15;7,53517484664917;10,776834487915039;20,9375;31,749338150024414;22,6471004486084;0;0;100;10;1;
487,857;15;7,53517484664917;10,776834487915039;20,9375;31,749338150024414;22,6471004486084;0;0;100;10;1;
487,859;15;7,53517484664917;10,776834487915039;20,9375;31,749338150024414;22,6471004486084;0;0;100;10;1;
487,862;15;7,53517484664917;10,776834487915039;20,9375;31,749338150024414;22,6471004486084;0;0;100;10;1;
487,866;15;7,53517484664917;10,776834487915039;20,9375;31,749338150024414;22,6471004486084;0;0;100;10;1;
487,868;15;7,53517484664917;10,776834487915039;20,9375;31,749338150024414;22,6471004486084;0;0;100;10;1;
487,871;15;7,53517484664917;10,776834487915039;20,9375;31,749338150024414;22,6471004486084;0;0;100;10;1;
487,874;15;7,53517484664917;10,776834487915039;20,9375;31,749338150024414;22,6471004486084;0;0;100;10;1;
487,876;15;7,53517484664917;10,776834487915039;20,9375;31,749338150024414;22,6471004486084;0;0;100;10;1;
487,879;15;7,53517484664917;10,776834487915039;20,9375;31,749338150024414;22,6471004486084;0;0;100;10;1;
487,882;15;7,53517484664917;10,776834487915039;20,9375;31,749338150024414;22,6471004486084;0;0;100;10;1;
487,885;15;7,53517484664917;10,776834487915039;20,9375;31,749338150024414;22,6471004486084;0;0;100;10;1;
487,888;15;7,53517484664917;10,776834487915039;20,9375;31,749338150024414;22,6471004486084;0;0;100;10;1;
487,89;15;7,53517484664917;10,776834487915039;20,9375;31,749338150024414;22,6471004486084;0;0;100;10;1;
487,894;15;7,53517484664917;10,776834487915039;20,9375;31,749338150024414;22,6471004486084;0;0;100;10;1;
487,898;15;7,53517484664917;10,776834487915039;20,9375;31,749338150024414;22,6471004486084;0;0;100;10;1;
487,901;15;7,53517484664917;10,776834487915039;20,9375;31,749338150024414;22,6471004486084;0;0;100;10;1;
487,903;15;7,53517484664917;10,776834487915039;20,9375;31,749338150024414;22,6471004486084;0;0;100;10;1;
487,906;15;7,53517484664917;10,776834487915039;20,9375;31,749338150024414;22,6471004486084;0;0;100;10;1;
487,909;15;7,53517484664917;10,776834487915039;20,9375;31,749338150024414;22,6471004486084;0;0;100;10;1;
487,913;15;7,53517484664917;10,776834487915039;20,9375;31,749338150024414;22,6471004486084;0;0;100;10;1;
487,916;15;7,53517484664917;10,776834487915039;20,9375;31,749338150024414;22,6471004486084;0;0;100;10;1;
487,919;15;7,53517484664917;10,776834487915039;20,9375;31,749338150024414;22,6471004486084;0;0;100;10;1;
487,922;15;7,53517484664917;10,776834487915039;20,9375;31,749338150024414;22,6471004486084;0;0;100;10;1;
487,925;15;7,53517484664917;10,776834487915039;20,9375;31,749338150024414;22,6471004486084;0;0;100;10;1;
487,928;15;7,53517484664917;10,776834487915039;20,9375;31,749338150024414;22,6471004486084;0;0;100;10;1;
487,931;15;7,53517484664917;10,776834487915039;20,9375;31,749338150024414;22,6471004486084;0;0;100;10;1;
487,933;15;7,53517484664917;10,776834487915039;20,9375;31,749338150024414;22,6471004486084;0;0;100;10;1;
487,936;15;7,53517484664917;10,776834487915039;20,9375;31,749338150024414;22,6471004486084;0;0;100;10;1;
487,938;15;7,53517484664917;10,776834487915039;20,9375;31,749338150024414;22,6471004486084;0;0;100;10;1;
487,941;15;7,53517484664917;10,776834487915039;20,9375;31,749338150024414;22,6471004486084;0;0;100;10;1;
487,943;15;7,53517484664917;10,776834487915039;20,9375;31,749338150024414;22,6471004486084;0;0;100;10;1;
487,946;15;7,53517484664917;10,776834487915039;20,9375;31,749338150024414;22,6471004486084;0;0;100;10;1;
487,949;15;7,53517484664917;10,776834487915039;20,9375;31,749338150024414;22,6471004486084;0;0;100;10;1;
487,952;15;7,53517484664917;10,776834487915039;20,9375;31,749338150024414;22,6471004486084;0;0;100;10;1;
487,954;15;7,53517484664917;10,776834487915039;20,9375;31,749338150024414;22,6471004486084;0;0;100;10;1;
487,957;15;7,53517484664917;10,776834487915039;20,9375;31,749338150024414;22,6471004486084;0;0;100;10;1;
487,959;15;7,53517484664917;10,776834487915039;20,9375;31,749338150024414;22,6471004486084;0;0;100;10;1;
487,963;15;7,53517484664917;10,776834487915039;20,9375;31,749338150024414;22,6471004486084;0;0;100;10;1;
487,966;15;7,53517484664917;10,776834487915039;20,9375;31,749338150024414;22,6471004486084;0;0;100;10;1;
487,968;15;7,53517484664917;10,776834487915039;20,9375;31,749338150024414;22,6471004486084;0;0;100;10;1;
487,971;15;7,53517484664917;10,776834487915039;20,9375;31,749338150024414;22,6471004486084;0;0;100;10;1;
487,973;15;7,53517484664917;10,776834487915039;20,9375;31,749338150024414;22,6471004486084;0;0;100;10;1;
487,976;15;7,53517484664917;10,776834487915039;20,9375;31,749338150024414;22,6471004486084;0;0;100;10;1;
487,979;15;7,53517484664917;10,776834487915039;20,9375;31,749338150024414;22,6471004486084;0;0;100;10;1;
487,983;15;7,53517484664917;10,776834487915039;20,9375;31,749338150024414;22,6471004486084;0;0;100;10;1;
487,986;15;7,53517484664917;10,776834487915039;20,9375;31,749338150024414;22,6471004486084;0;0;100;10;1;
487,989;15;7,53517484664917;10,776834487915039;20,9375;31,749338150024414;22,6471004486084;0;0;100;10;1;
487,992;15;7,53517484664917;10,776834487915039;20,9375;31,749338150024414;22,6471004486084;0;0;100;10;1;
487,996;15;7,53517484664917;10,776834487915039;20,9375;31,749338150024414;22,6471004486084;0;0;100;10;1;
487,999;15;7,53517484664917;10,776834487915039;20,9375;31,749338150024414;22,6471004486084;0;0;100;10;1;
488,002;15;7,53517484664917;10,776834487915039;20,9375;31,749338150024414;22,6471004486084;0;0;100;10;1;
488,005;15;7,53517484664917;10,776834487915039;20,9375;31,749338150024414;22,6471004486084;0;0;100;10;1;
488,007;15;7,53517484664917;10,776834487915039;20,9375;31,749338150024414;22,6471004486084;0;0;100;10;1;
488,01;15;7,53517484664917;10,776834487915039;20,9375;31,749338150024414;22,6471004486084;0;0;100;10;1;
488,013;15;7,53517484664917;10,776834487915039;20,9375;31,749338150024414;22,6471004486084;0;0;100;10;1;
488,016;15;7,53517484664917;10,776834487915039;20,9375;31,749338150024414;22,6471004486084;0;0;100;10;1;
488,019;15;7,53517484664917;10,776834487915039;20,9375;31,749338150024414;22,6471004486084;0;0;100;10;1;
488,022;15;7,53517484664917;10,776834487915039;20,9375;31,749338150024414;22,6471004486084;0;0;100;10;1;
488,026;15;7,53517484664917;10,776834487915039;20,9375;31,749338150024414;22,6471004486084;0;0;100;10;1;
488,029;15;7,53517484664917;10,776834487915039;20,9375;31,749338150024414;22,6471004486084;0;0;100;10;1;
488,032;15;7,53517484664917;10,776834487915039;20,9375;31,749338150024414;22,6471004486084;0;0;100;10;1;
488,035;15;7,53517484664917;10,776834487915039;20,9375;31,749338150024414;22,6471004486084;0;0;100;10;1;
488,038;15;7,53517484664917;10,776834487915039;20,9375;31,749338150024414;22,6471004486084;0;0;100;10;1;
488,04;15;7,53517484664917;10,776834487915039;20,9375;31,749338150024414;22,6471004486084;0;0;100;10;1;
488,043;15;7,53517484664917;10,776834487915039;20,9375;31,749338150024414;22,6471004486084;0;0;100;10;1;
488,046;15;7,53517484664917;10,776834487915039;20,9375;31,749338150024414;22,6471004486084;0;0;100;10;1;
488,049;15;7,53517484664917;10,776834487915039;20,9375;31,749338150024414;22,6471004486084;0;0;100;10;1;
488,052;15;7,53517484664917;10,776834487915039;20,9375;31,749338150024414;22,6471004486084;0;0;100;10;1;
488,055;15;7,53517484664917;10,776834487915039;20,9375;31,749338150024414;22,6471004486084;0;0;100;10;1;
488,058;15;7,53517484664917;10,776834487915039;20,9375;31,749338150024414;22,6471004486084;0;0;100;10;1;
488,061;15;7,53517484664917;10,776834487915039;20,9375;31,749338150024414;22,6471004486084;0;0;100;10;1;
488,065;15;7,53517484664917;10,776834487915039;20,9375;31,749338150024414;22,6471004486084;0;0;100;10;1;
488,068;15;7,53517484664917;10,776834487915039;20,9375;31,749338150024414;22,6471004486084;0;0;100;10;1;
488,071;15;7,53517484664917;10,776834487915039;20,9375;31,749338150024414;22,6471004486084;0;0;100;10;1;
488,073;15;7,53517484664917;10,776834487915039;20,9375;31,749338150024414;22,6471004486084;0;0;100;10;1;
488,076;15;7,53517484664917;10,776834487915039;20,9375;31,749338150024414;22,6471004486084;0;0;100;10;1;
488,08;15;7,53517484664917;10,776834487915039;20,9375;31,749338150024414;22,6471004486084;0;0;100;10;1;
488,082;15;7,53517484664917;10,776834487915039;20,9375;31,749338150024414;22,6471004486084;0;0;100;10;1;
488,085;15;7,53517484664917;10,776834487915039;20,9375;31,749338150024414;22,6471004486084;0;0;100;10;1;
488,087;15;7,53517484664917;10,776834487915039;20,9375;31,749338150024414;22,6471004486084;0;0;100;10;1;
488,09;15;7,53517484664917;10,776834487915039;20,9375;31,749338150024414;22,6471004486084;0;0;100;10;1;
488,093;15;7,53517484664917;10,776834487915039;20,9375;31,749338150024414;22,6471004486084;0;0;100;10;1;
488,096;15;7,53517484664917;10,776834487915039;20,9375;31,749338150024414;22,6471004486084;0;0;100;10;1;
488,098;15;7,53517484664917;10,776834487915039;20,9375;31,749338150024414;22,6471004486084;0;0;100;10;1;
488,101;15;7,53517484664917;10,776834487915039;20,9375;31,749338150024414;22,6471004486084;0;0;100;10;1;
488,104;15;7,53517484664917;10,776834487915039;20,9375;31,749338150024414;22,6471004486084;0;0;100;10;1;
488,107;15;7,53517484664917;10,776834487915039;20,9375;31,749338150024414;22,6471004486084;0;0;100;10;1;
488,109;15;7,53517484664917;10,776834487915039;20,9375;31,749338150024414;22,6471004486084;0;0;100;10;1;
488,112;15;7,53517484664917;10,776834487915039;20,9375;31,749338150024414;22,6471004486084;0;0;100;10;1;
488,116;15;7,53517484664917;10,776834487915039;20,9375;31,749338150024414;22,6471004486084;0;0;100;10;1;
488,118;15;7,53517484664917;10,776834487915039;20,9375;31,749338150024414;22,6471004486084;0;0;100;10;1;
488,121;15;7,53517484664917;10,776834487915039;20,9375;31,749338150024414;22,6471004486084;0;0;100;10;1;
488,124;15;7,53517484664917;10,776834487915039;20,9375;31,749338150024414;22,6471004486084;0;0;100;10;1;
488,127;15;7,53517484664917;10,776834487915039;20,9375;31,749338150024414;22,6471004486084;0;0;100;10;1;
488,13;15;7,53517484664917;10,776834487915039;20,9375;31,749338150024414;22,6471004486084;0;0;100;10;1;
488,133;15;7,53517484664917;10,776834487915039;20,9375;31,749338150024414;22,6471004486084;0;0;100;10;1;
488,136;15;7,53517484664917;10,776834487915039;20,9375;31,749338150024414;22,6471004486084;0;0;100;10;1;
488,139;15;7,53517484664917;10,776834487915039;20,9375;31,749338150024414;22,6471004486084;0;0;100;10;1;
488,142;15;7,53517484664917;10,776834487915039;20,9375;31,749338150024414;22,6471004486084;0;0;100;10;1;
488,146;15;7,53517484664917;10,776834487915039;20,9375;31,749338150024414;22,6471004486084;0;0;100;10;1;
488,149;15;7,53517484664917;10,776834487915039;20,9375;31,749338150024414;22,6471004486084;0;0;100;10;1;
488,151;15;7,53517484664917;10,776834487915039;20,9375;31,749338150024414;22,6471004486084;0;0;100;10;1;
488,154;15;7,53517484664917;10,776834487915039;20,9375;31,749338150024414;22,6471004486084;0;0;100;10;1;
488,157;15;7,53517484664917;10,776834487915039;20,9375;31,749338150024414;22,6471004486084;0;0;100;10;1;
488,16;15;7,53517484664917;10,776834487915039;20,9375;31,749338150024414;22,6471004486084;0;0;100;10;1;
488,163;15;7,53517484664917;10,776834487915039;20,9375;31,749338150024414;22,6471004486084;0;0;100;10;1;
488,166;15;7,53517484664917;10,776834487915039;20,9375;31,749338150024414;22,6471004486084;0;0;100;10;1;
488,169;15;7,53517484664917;10,776834487915039;20,9375;31,749338150024414;22,6471004486084;0;0;100;10;1;
488,172;15;7,53517484664917;10,776834487915039;20,9375;31,749338150024414;22,6471004486084;0;0;100;10;1;
488,174;15;7,53517484664917;10,776834487915039;20,9375;31,749338150024414;22,6471004486084;0;0;100;10;1;
488,177;15;7,53517484664917;10,776834487915039;20,9375;31,749338150024414;22,6471004486084;0;0;100;10;1;
488,18;15;7,53517484664917;10,776834487915039;20,9375;31,749338150024414;22,6471004486084;0;0;100;10;1;
488,182;15;7,53517484664917;10,776834487915039;20,9375;31,749338150024414;22,6471004486084;0;0;100;10;1;
488,185;15;7,53517484664917;10,776834487915039;20,9375;31,749338150024414;22,6471004486084;0;0;100;10;1;
488,188;15;7,53517484664917;10,776834487915039;20,9375;31,749338150024414;22,6471004486084;0;0;100;10;1;
488,19;15;7,53517484664917;10,776834487915039;20,9375;31,749338150024414;22,6471004486084;0;0;100;10;1;
488,193;15;7,53517484664917;10,776834487915039;20,9375;31,749338150024414;22,6471004486084;0;0;100;10;1;
488,196;15;7,53517484664917;10,776834487915039;20,9375;31,749338150024414;22,6471004486084;0;0;100;10;1;
488,199;15;7,53517484664917;10,776834487915039;20,9375;31,749338150024414;22,6471004486084;0;0;100;10;1;
488,201;15;7,53517484664917;10,776834487915039;20,9375;31,749338150024414;22,6471004486084;0;0;100;10;1;
488,204;15;7,53517484664917;10,776834487915039;20,9375;31,749338150024414;22,6471004486084;0;0;100;10;1;
488,207;15;7,53517484664917;10,776834487915039;20,9375;31,749338150024414;22,6471004486084;0;0;100;10;1;
488,209;15;7,53517484664917;10,776834487915039;20,9375;31,749338150024414;22,6471004486084;0;0;100;10;1;
488,213;15;7,53517484664917;10,776834487915039;20,9375;31,749338150024414;22,6471004486084;0;0;100;10;1;
488,216;15;7,53517484664917;10,776834487915039;20,9375;31,749338150024414;22,6471004486084;0;0;100;10;1;
488,219;15;7,53517484664917;10,776834487915039;20,9375;31,749338150024414;22,6471004486084;0;0;100;10;1;
488,222;15;7,53517484664917;10,776834487915039;20,9375;31,749338150024414;22,6471004486084;0;0;100;10;1;
488,224;15;7,53517484664917;10,776834487915039;20,9375;31,749338150024414;22,6471004486084;0;0;100;10;1;
488,227;15;7,53517484664917;10,776834487915039;20,9375;31,749338150024414;22,6471004486084;0;0;100;10;1;
488,231;15;7,53517484664917;10,776834487915039;20,9375;31,749338150024414;22,6471004486084;0;0;100;10;1;
488,234;15;7,53517484664917;10,776834487915039;20,9375;31,749338150024414;22,6471004486084;0;0;100;10;1;
488,237;15;7,53517484664917;10,776834487915039;20,9375;31,749338150024414;22,6471004486084;0;0;100;10;1;
488,239;15;7,53517484664917;10,776834487915039;20,9375;31,749338150024414;22,6471004486084;0;0;100;10;1;
488,242;15;7,53517484664917;10,776834487915039;20,9375;31,749338150024414;22,6471004486084;0;0;100;10;1;
488,246;15;7,53517484664917;10,776834487915039;20,9375;31,749338150024414;22,6471004486084;0;0;100;10;1;
488,249;15;7,53517484664917;10,776834487915039;20,9375;31,749338150024414;22,6471004486084;0;0;100;10;1;
488,251;15;7,53517484664917;10,776834487915039;20,9375;31,749338150024414;22,6471004486084;0;0;100;10;1;
488,254;15;7,53517484664917;10,776834487915039;20,9375;31,749338150024414;22,6471004486084;0;0;100;10;1;
488,257;15;7,53517484664917;10,776834487915039;20,9375;31,749338150024414;22,6471004486084;0;0;100;10;1;
488,26;15;7,53517484664917;10,776834487915039;20,9375;31,749338150024414;22,6471004486084;0;0;100;10;1;
488,263;15;7,53517484664917;10,776834487915039;20,9375;31,749338150024414;22,6471004486084;0;0;100;10;1;
488,266;15;7,53517484664917;10,776834487915039;20,9375;31,749338150024414;22,6471004486084;0;0;100;10;1;
488,268;15;7,53517484664917;10,776834487915039;20,9375;31,749338150024414;22,6471004486084;0;0;100;10;1;
488,271;15;7,53517484664917;10,776834487915039;20,9375;31,749338150024414;22,6471004486084;0;0;100;10;1;
488,274;15;7,53517484664917;10,776834487915039;20,9375;31,749338150024414;22,6471004486084;0;0;100;10;1;
488,276;15;7,53517484664917;10,776834487915039;20,9375;31,749338150024414;22,6471004486084;0;0;100;10;1;
488,279;15;7,53517484664917;10,776834487915039;20,9375;31,749338150024414;22,6471004486084;0;0;100;10;1;
488,282;15;7,53517484664917;10,776834487915039;20,9375;31,749338150024414;22,6471004486084;0;0;100;10;1;
488,285;15;7,53517484664917;10,776834487915039;20,9375;31,749338150024414;22,6471004486084;0;0;100;10;1;
488,287;15;7,53517484664917;10,776834487915039;20,9375;31,749338150024414;22,6471004486084;0;0;100;10;1;
488,29;15;7,53517484664917;10,776834487915039;20,9375;31,749338150024414;22,6471004486084;0;0;100;10;1;
488,292;15;7,53517484664917;10,776834487915039;20,9375;31,749338150024414;22,6471004486084;0;0;100;10;1;
488,295;15;7,53517484664917;10,776834487915039;20,9375;31,749338150024414;22,6471004486084;0;0;100;10;1;
488,298;15;7,53517484664917;10,776834487915039;20,9375;31,749338150024414;22,6471004486084;0;0;100;10;1;
488,301;15;7,53517484664917;10,776834487915039;20,9375;31,749338150024414;22,6471004486084;0;0;100;10;1;
488,303;15;7,53517484664917;10,776834487915039;20,9375;31,749338150024414;22,6471004486084;0;0;100;10;1;
488,306;15;7,53517484664917;10,776834487915039;20,9375;31,749338150024414;22,6471004486084;0;0;100;10;1;
488,309;15;7,53517484664917;10,776834487915039;20,9375;31,749338150024414;22,6471004486084;0;0;100;10;1;
488,313;15;7,53517484664917;10,776834487915039;20,9375;31,749338150024414;22,6471004486084;0;0;100;10;1;
488,316;15;7,53517484664917;10,776834487915039;20,9375;31,749338150024414;22,6471004486084;0;0;100;10;1;
488,319;15;7,53517484664917;10,776834487915039;20,9375;31,749338150024414;22,6471004486084;0;0;100;10;1;
488,322;15;7,53517484664917;10,776834487915039;20,9375;31,749338150024414;22,6471004486084;0;0;100;10;1;
488,325;15;7,53517484664917;10,776834487915039;20,9375;31,749338150024414;22,6471004486084;0;0;100;10;1;
488,328;15;7,53517484664917;10,776834487915039;20,9375;31,749338150024414;22,6471004486084;0;0;100;10;1;
488,331;15;7,53517484664917;10,776834487915039;20,9375;31,749338150024414;22,6471004486084;0;0;100;10;1;
488,334;15;7,53517484664917;10,776834487915039;20,9375;31,749338150024414;22,6471004486084;0;0;100;10;1;
488,337;15;7,53517484664917;10,776834487915039;20,9375;31,749338150024414;22,6471004486084;0;0;100;10;1;
488,339;15;7,53517484664917;10,776834487915039;20,9375;31,749338150024414;22,6471004486084;0;0;100;10;1;
488,342;15;7,53517484664917;10,776834487915039;20,9375;31,749338150024414;22,6471004486084;0;0;100;10;1;
488,346;15;7,53517484664917;10,776834487915039;20,9375;31,749338150024414;22,6471004486084;0;0;100;10;1;
488,349;15;7,53517484664917;10,776834487915039;20,9375;31,749338150024414;22,6471004486084;0;0;100;10;1;
488,351;15;7,53517484664917;10,776834487915039;20,9375;31,749338150024414;22,6471004486084;0;0;100;10;1;
488,354;15;7,53517484664917;10,776834487915039;20,9375;31,749338150024414;22,6471004486084;0;0;100;10;1;
488,356;15;7,53517484664917;10,776834487915039;20,9375;31,749338150024414;22,6471004486084;0;0;100;10;1;
488,359;15;7,53517484664917;10,776834487915039;20,9375;31,749338150024414;22,6471004486084;0;0;100;10;1;
488,362;15;7,53517484664917;10,776834487915039;20,9375;31,749338150024414;22,6471004486084;0;0;100;10;1;
488,364;15;7,53517484664917;10,776834487915039;20,9375;31,749338150024414;22,6471004486084;0;0;100;10;1;
488,368;15;7,53517484664917;10,776834487915039;20,9375;31,749338150024414;22,6471004486084;0;0;100;10;1;
488,37;15;7,53517484664917;10,776834487915039;20,9375;31,749338150024414;22,6471004486084;0;0;100;10;1;
488,373;15;7,53517484664917;10,776834487915039;20,9375;31,749338150024414;22,6471004486084;0;0;100;10;1;
488,375;15;7,53517484664917;10,776834487915039;20,9375;31,749338150024414;22,6471004486084;0;0;100;10;1;
488,378;15;7,53517484664917;10,776834487915039;20,9375;31,749338150024414;22,6471004486084;0;0;100;10;1;
488,381;15;7,53517484664917;10,776834487915039;20,9375;31,749338150024414;22,6471004486084;0;0;100;10;1;
488,383;15;7,53517484664917;10,776834487915039;20,9375;31,749338150024414;22,6471004486084;0;0;100;10;1;
488,386;15;7,53517484664917;10,776834487915039;20,9375;31,749338150024414;22,6471004486084;0;0;100;10;1;
488,389;15;7,53517484664917;10,776834487915039;20,9375;31,749338150024414;22,6471004486084;0;0;100;10;1;
488,391;15;7,53517484664917;10,776834487915039;20,9375;31,749338150024414;22,6471004486084;0;0;100;10;1;
488,394;15;7,53517484664917;10,776834487915039;20,9375;31,749338150024414;22,6471004486084;0;0;100;10;1;
488,397;15;7,53517484664917;10,776834487915039;20,9375;31,749338150024414;22,6471004486084;0;0;100;10;1;
488,399;15;7,53517484664917;10,776834487915039;20,9375;31,749338150024414;22,6471004486084;0;0;100;10;1;
488,402;15;7,53517484664917;10,776834487915039;20,9375;31,749338150024414;22,6471004486084;0;0;100;10;1;
488,405;15;7,53517484664917;10,776834487915039;20,9375;31,749338150024414;22,6471004486084;0;0;100;10;1;
488,407;15;7,53517484664917;10,776834487915039;20,9375;31,749338150024414;22,6471004486084;0;0;100;10;1;
488,41;15;7,53517484664917;10,776834487915039;20,9375;31,749338150024414;22,6471004486084;0;0;100;10;1;
488,414;15;7,53517484664917;10,776834487915039;20,9375;31,749338150024414;22,6471004486084;0;0;100;10;1;
488,417;15;7,53517484664917;10,776834487915039;20,9375;31,749338150024414;22,6471004486084;0;0;100;10;1;
488,42;15;7,53517484664917;10,776834487915039;20,9375;31,749338150024414;22,6471004486084;0;0;100;10;1;
488,423;15;7,53517484664917;10,776834487915039;20,9375;31,749338150024414;22,6471004486084;0;0;100;10;1;
488,426;15;7,53517484664917;10,776834487915039;20,9375;31,749338150024414;22,6471004486084;0;0;100;10;1;
488,429;15;7,53517484664917;10,776834487915039;20,9375;31,749338150024414;22,6471004486084;0;0;100;10;1;
488,432;15;7,53517484664917;10,776834487915039;20,9375;31,749338150024414;22,6471004486084;0;0;100;10;1;
488,435;15;7,53517484664917;10,776834487915039;20,9375;31,749338150024414;22,6471004486084;0;0;100;10;1;
488,438;15;7,53517484664917;10,776834487915039;20,9375;31,749338150024414;22,6471004486084;0;0;100;10;1;
488,44;15;7,53517484664917;10,776834487915039;20,9375;31,749338150024414;22,6471004486084;0;0;100;10;1;
488,443;15;7,53517484664917;10,776834487915039;20,9375;31,749338150024414;22,6471004486084;0;0;100;10;1;
488,446;15;7,53517484664917;10,776834487915039;20,9375;31,749338150024414;22,6471004486084;0;0;100;10;1;
488,449;15;7,53517484664917;10,776834487915039;20,9375;31,749338150024414;22,6471004486084;0;0;100;10;1;
488,452;15;7,53517484664917;10,776834487915039;20,9375;31,749338150024414;22,6471004486084;0;0;100;10;1;
488,454;15;7,53517484664917;10,776834487915039;20,9375;31,749338150024414;22,6471004486084;0;0;100;10;1;
488,457;15;7,53517484664917;10,776834487915039;20,9375;31,749338150024414;22,6471004486084;0;0;100;10;1;
488,459;15;7,53517484664917;10,776834487915039;20,9375;31,749338150024414;22,6471004486084;0;0;100;10;1;
488,463;15;7,53517484664917;10,776834487915039;20,9375;31,749338150024414;22,6471004486084;0;0;100;10;1;
488,465;15;7,53517484664917;10,776834487915039;20,9375;31,749338150024414;22,6471004486084;0;0;100;10;1;
488,468;15;7,53517484664917;10,776834487915039;20,9375;31,749338150024414;22,6471004486084;0;0;100;10;1;
488,472;15;7,53517484664917;10,776834487915039;20,9375;31,749338150024414;22,6471004486084;0;0;100;10;1;
488,474;15;7,53517484664917;10,776834487915039;20,9375;31,749338150024414;22,6471004486084;0;0;100;10;1;
488,477;15;7,53517484664917;10,776834487915039;20,9375;31,749338150024414;22,6471004486084;0;0;100;10;1;
488,48;15;7,53517484664917;10,776834487915039;20,9375;31,749338150024414;22,6471004486084;0;0;100;10;1;
488,483;15;7,53517484664917;10,776834487915039;20,9375;31,749338150024414;22,6471004486084;0;0;100;10;1;
488,486;15;7,53517484664917;10,776834487915039;20,9375;31,749338150024414;22,6471004486084;0;0;100;10;1;
488,488;15;7,53517484664917;10,776834487915039;20,9375;31,749338150024414;22,6471004486084;0;0;100;10;1;
488,491;15;7,53517484664917;10,776834487915039;20,9375;31,749338150024414;22,6471004486084;0;0;100;10;1;
488,494;15;7,53517484664917;10,776834487915039;20,9375;31,749338150024414;22,6471004486084;0;0;100;10;1;
488,497;15;7,53517484664917;10,776834487915039;20,9375;31,749338150024414;22,6471004486084;0;0;100;10;1;
488,5;15;7,53517484664917;10,776834487915039;20,9375;31,749338150024414;22,6471004486084;0;0;100;10;1;
488,503;15;7,53517484664917;10,776834487915039;20,9375;31,749338150024414;22,6471004486084;0;0;100;10;1;
488,506;15;7,53517484664917;10,776834487915039;20,9375;31,749338150024414;22,6471004486084;0;0;100;10;1;
488,509;15;7,53517484664917;10,776834487915039;20,9375;31,749338150024414;22,6471004486084;0;0;100;10;1;
488,512;15;7,53517484664917;10,776834487915039;20,9375;31,749338150024414;22,6471004486084;0;0;100;10;1;
488,515;15;7,53517484664917;10,776834487915039;20,9375;31,749338150024414;22,6471004486084;0;0;100;10;1;
488,518;15;7,53517484664917;10,776834487915039;20,9375;31,749338150024414;22,6471004486084;0;0;100;10;1;
488,521;15;7,53517484664917;10,776834487915039;20,9375;31,749338150024414;22,6471004486084;0;0;100;10;1;
488,524;15;7,53517484664917;10,776834487915039;20,9375;31,749338150024414;22,6471004486084;0;0;100;10;1;
488,527;15;7,53517484664917;10,776834487915039;20,9375;31,749338150024414;22,6471004486084;0;0;100;10;1;
488,53;15;7,53517484664917;10,776834487915039;20,9375;31,749338150024414;22,6471004486084;0;0;100;10;1;
488,533;15;7,53517484664917;10,776834487915039;20,9375;31,749338150024414;22,6471004486084;0;0;100;10;1;
488,535;15;7,53517484664917;10,776834487915039;20,9375;31,749338150024414;22,6471004486084;0;0;100;10;1;
488,538;15;7,53517484664917;10,776834487915039;20,9375;31,749338150024414;22,6471004486084;0;0;100;10;1;
488,541;15;7,53517484664917;10,776834487915039;20,9375;31,749338150024414;22,6471004486084;0;0;100;10;1;
488,544;15;7,53517484664917;10,776834487915039;20,9375;31,749338150024414;22,6471004486084;0;0;100;10;1;
488,547;15;7,53517484664917;10,776834487915039;20,9375;31,749338150024414;22,6471004486084;0;0;100;10;1;
488,549;15;7,53517484664917;10,776834487915039;20,9375;31,749338150024414;22,6471004486084;0;0;100;10;1;
488,552;15;7,53517484664917;10,776834487915039;20,9375;31,749338150024414;22,6471004486084;0;0;100;10;1;
488,555;15;7,53517484664917;10,776834487915039;20,9375;31,749338150024414;22,6471004486084;0;0;100;10;1;
488,557;15;7,53517484664917;10,776834487915039;20,9375;31,749338150024414;22,6471004486084;0;0;100;10;1;
488,56;15;7,53517484664917;10,776834487915039;20,9375;31,749338150024414;22,6471004486084;0;0;100;10;1;
488,563;15;7,53517484664917;10,776834487915039;20,9375;31,749338150024414;22,6471004486084;0;0;100;10;1;
488,566;15;7,53517484664917;10,776834487915039;20,9375;31,749338150024414;22,6471004486084;0;0;100;10;1;
488,568;15;7,53517484664917;10,776834487915039;20,9375;31,749338150024414;22,6471004486084;0;0;100;10;1;
488,571;15;7,53517484664917;10,776834487915039;20,9375;31,749338150024414;22,6471004486084;0;0;100;10;1;
488,574;15;7,53517484664917;10,776834487915039;20,9375;31,749338150024414;22,6471004486084;0;0;100;10;1;
488,577;15;7,53517484664917;10,776834487915039;20,9375;31,749338150024414;22,6471004486084;0;0;100;10;1;
488,58;15;7,53517484664917;10,776834487915039;20,9375;31,749338150024414;22,6471004486084;0;0;100;10;1;
488,583;15;7,53517484664917;10,776834487915039;20,9375;31,749338150024414;22,6471004486084;0;0;100;10;1;
488,585;15;7,53517484664917;10,776834487915039;20,9375;31,749338150024414;22,6471004486084;0;0;100;10;1;
488,588;15;7,53517484664917;10,776834487915039;20,9375;31,749338150024414;22,6471004486084;0;0;100;10;1;
488,591;15;7,53517484664917;10,776834487915039;20,9375;31,749338150024414;22,6471004486084;0;0;100;10;1;
488,594;15;7,53517484664917;10,776834487915039;20,9375;31,749338150024414;22,6471004486084;0;0;100;10;1;
488,597;15;7,53517484664917;10,776834487915039;20,9375;31,749338150024414;22,6471004486084;0;0;100;10;1;
488,6;15;7,53517484664917;10,776834487915039;20,9375;31,749338150024414;22,6471004486084;0;0;100;10;1;
488,603;15;7,53517484664917;10,776834487915039;20,9375;31,749338150024414;22,6471004486084;0;0;100;10;1;
488,606;15;7,53517484664917;10,776834487915039;20,9375;31,749338150024414;22,6471004486084;0;0;100;10;1;
488,609;15;7,53517484664917;10,776834487915039;20,9375;31,749338150024414;22,6471004486084;0;0;100;10;1;
488,612;15;7,53517484664917;10,776834487915039;20,9375;31,749338150024414;22,6471004486084;0;0;100;10;1;
488,615;15;7,53517484664917;10,776834487915039;20,9375;31,749338150024414;22,6471004486084;0;0;100;10;1;
488,618;15;7,53517484664917;10,776834487915039;20,9375;31,749338150024414;22,6471004486084;0;0;100;10;1;
488,621;15;7,53517484664917;10,776834487915039;20,9375;31,749338150024414;22,6471004486084;0;0;100;10;1;
488,624;15;7,53517484664917;10,776834487915039;20,9375;31,749338150024414;22,6471004486084;0;0;100;10;1;
488,628;15;7,53517484664917;10,776834487915039;20,9375;31,749338150024414;22,6471004486084;0;0;100;10;1;
488,631;15;7,53517484664917;10,776834487915039;20,9375;31,749338150024414;22,6471004486084;0;0;100;10;1;
488,634;15;7,53517484664917;10,776834487915039;20,9375;31,749338150024414;22,6471004486084;0;0;100;10;1;
488,637;15;7,53517484664917;10,776834487915039;20,9375;31,749338150024414;22,6471004486084;0;0;100;10;1;
488,639;15;7,53517484664917;10,776834487915039;20,9375;31,749338150024414;22,6471004486084;0;0;100;10;1;
488,642;15;7,53517484664917;10,776834487915039;20,9375;31,749338150024414;22,6471004486084;0;0;100;10;1;
488,644;15;7,53517484664917;10,776834487915039;20,9375;31,749338150024414;22,6471004486084;0;0;100;10;1;
488,647;15;7,53517484664917;10,776834487915039;20,9375;31,749338150024414;22,6471004486084;0;0;100;10;1;
488,65;15;7,53517484664917;10,776834487915039;20,9375;31,749338150024414;22,6471004486084;0;0;100;10;1;
488,653;15;7,53517484664917;10,776834487915039;20,9375;31,749338150024414;22,6471004486084;0;0;100;10;1;
488,655;15;7,53517484664917;10,776834487915039;20,9375;31,749338150024414;22,6471004486084;0;0;100;10;1;
488,658;15;7,53517484664917;10,776834487915039;20,9375;31,749338150024414;22,6471004486084;0;0;100;10;1;
488,66;15;7,53517484664917;10,776834487915039;20,9375;31,749338150024414;22,6471004486084;0;0;100;10;1;
488,663;15;7,53517484664917;10,776834487915039;20,9375;31,749338150024414;22,6471004486084;0;0;100;10;1;
488,666;15;7,53517484664917;10,776834487915039;20,9375;31,749338150024414;22,6471004486084;0;0;100;10;1;
488,668;15;7,53517484664917;10,776834487915039;20,9375;31,749338150024414;22,6471004486084;0;0;100;10;1;
488,671;15;7,53517484664917;10,776834487915039;20,9375;31,749338150024414;22,6471004486084;0;0;100;10;1;
488,674;15;7,53517484664917;10,776834487915039;20,9375;31,749338150024414;22,6471004486084;0;0;100;10;1;
488,677;15;7,53517484664917;10,776834487915039;20,9375;31,749338150024414;22,6471004486084;0;0;100;10;1;
488,68;15;7,53517484664917;10,776834487915039;20,9375;31,749338150024414;22,6471004486084;0;0;100;10;1;
488,683;15;7,53517484664917;10,776834487915039;20,9375;31,749338150024414;22,6471004486084;0;0;100;10;1;
488,686;15;7,53517484664917;10,776834487915039;20,9375;31,749338150024414;22,6471004486084;0;0;100;10;1;
488,689;15;7,53517484664917;10,776834487915039;20,9375;31,749338150024414;22,6471004486084;0;0;100;10;1;
488,692;15;7,53517484664917;10,776834487915039;20,9375;31,749338150024414;22,6471004486084;0;0;100;10;1;
488,695;15;7,53517484664917;10,776834487915039;20,9375;31,749338150024414;22,6471004486084;0;0;100;10;1;
488,698;15;7,53517484664917;10,776834487915039;20,9375;31,749338150024414;22,6471004486084;0;0;100;10;1;
488,701;15;7,53517484664917;10,776834487915039;20,9375;31,749338150024414;22,6471004486084;0;0;100;10;1;
488,704;15;7,53517484664917;10,776834487915039;20,9375;31,749338150024414;22,6471004486084;0;0;100;10;1;
488,707;15;7,53517484664917;10,776834487915039;20,9375;31,749338150024414;22,6471004486084;0;0;100;10;1;
488,71;15;7,53517484664917;10,776834487915039;20,9375;31,749338150024414;22,6471004486084;0;0;100;10;1;
488,714;15;7,53517484664917;10,776834487915039;20,9375;31,749338150024414;22,6471004486084;0;0;100;10;1;
488,717;15;7,53517484664917;10,776834487915039;20,9375;31,749338150024414;22,6471004486084;0;0;100;10;1;
488,72;15;7,53517484664917;10,776834487915039;20,9375;31,749338150024414;22,6471004486084;0;0;100;10;1;
488,722;15;7,53517484664917;10,776834487915039;20,9375;31,749338150024414;22,6471004486084;0;0;100;10;1;
488,725;15;7,53517484664917;10,776834487915039;20,9375;31,749338150024414;22,6471004486084;0;0;100;10;1;
488,728;15;7,53517484664917;10,776834487915039;20,9375;31,749338150024414;22,6471004486084;0;0;100;10;1;
488,731;15;7,53517484664917;10,776834487915039;20,9375;31,749338150024414;22,6471004486084;0;0;100;10;1;
488,734;15;7,53517484664917;10,776834487915039;20,9375;31,749338150024414;22,6471004486084;0;0;100;10;1;
488,736;15;7,53517484664917;10,776834487915039;20,9375;31,749338150024414;22,6471004486084;0;0;100;10;1;
488,739;15;7,53517484664917;10,776834487915039;20,9375;31,749338150024414;22,6471004486084;0;0;100;10;1;
488,741;15;7,53517484664917;10,776834487915039;20,9375;31,749338150024414;22,6471004486084;0;0;100;10;1;
488,744;15;7,53517484664917;10,776834487915039;20,9375;31,749338150024414;22,6471004486084;0;0;100;10;1;
488,747;15;7,53517484664917;10,776834487915039;20,9375;31,749338150024414;22,6471004486084;0;0;100;10;1;
488,75;15;7,53517484664917;10,776834487915039;20,9375;31,749338150024414;22,6471004486084;0;0;100;10;1;
488,753;15;7,53517484664917;10,776834487915039;20,9375;31,749338150024414;22,6471004486084;0;0;100;10;1;
488,755;15;7,53517484664917;10,776834487915039;20,9375;31,749338150024414;22,6471004486084;0;0;100;10;1;
488,758;15;7,53517484664917;10,776834487915039;20,9375;31,749338150024414;22,6471004486084;0;0;100;10;1;
488,76;15;7,53517484664917;10,776834487915039;20,9375;31,749338150024414;22,6471004486084;0;0;100;10;1;
488,763;15;7,53517484664917;10,776834487915039;20,9375;31,749338150024414;22,6471004486084;0;0;100;10;1;
488,766;15;7,53517484664917;10,776834487915039;20,9375;31,749338150024414;22,6471004486084;0;0;100;10;1;
488,769;15;7,53517484664917;10,776834487915039;20,9375;31,749338150024414;22,6471004486084;0;0;100;10;1;
488,771;15;7,53517484664917;10,776834487915039;20,9375;31,749338150024414;22,6471004486084;0;0;100;10;1;
488,774;15;7,53517484664917;10,776834487915039;20,9375;31,749338150024414;22,6471004486084;0;0;100;10;1;
488,777;15;7,53517484664917;10,776834487915039;20,9375;31,749338150024414;22,6471004486084;0;0;100;10;1;
488,78;15;7,53517484664917;10,776834487915039;20,9375;31,749338150024414;22,6471004486084;0;0;100;10;1;
488,783;15;7,53517484664917;10,776834487915039;20,9375;31,749338150024414;22,6471004486084;0;0;100;10;1;
488,787;15;7,53517484664917;10,776834487915039;20,9375;31,749338150024414;22,6471004486084;0;0;100;10;1;
488,789;15;7,53517484664917;10,776834487915039;20,9375;31,749338150024414;22,6471004486084;0;0;100;10;1;
488,792;15;7,53517484664917;10,776834487915039;20,9375;31,749338150024414;22,6471004486084;0;0;100;10;1;
488,795;15;7,53517484664917;10,776834487915039;20,9375;31,749338150024414;22,6471004486084;0;0;100;10;1;
488,798;15;7,53517484664917;10,776834487915039;20,9375;31,749338150024414;22,6471004486084;0;0;100;10;1;
488,8;15;7,53517484664917;10,776834487915039;20,9375;31,749338150024414;22,6471004486084;0;0;100;10;1;
488,803;15;7,53517484664917;10,776834487915039;20,9375;31,749338150024414;22,6471004486084;0;0;100;10;1;
488,806;15;7,53517484664917;10,776834487915039;20,9375;31,749338150024414;22,6471004486084;0;0;100;10;1;
488,809;15;7,53517484664917;10,776834487915039;20,9375;31,749338150024414;22,6471004486084;0;0;100;10;1;
488,813;15;7,53517484664917;10,776834487915039;20,9375;31,749338150024414;22,6471004486084;0;0;100;10;1;
488,816;15;7,53517484664917;10,776834487915039;20,9375;31,749338150024414;22,6471004486084;0;0;100;10;1;
488,818;15;7,53517484664917;10,776834487915039;20,9375;31,749338150024414;22,6471004486084;0;0;100;10;1;
488,821;15;7,53517484664917;10,776834487915039;20,9375;31,749338150024414;22,6471004486084;0;0;100;10;1;
488,824;15;7,53517484664917;10,776834487915039;20,9375;31,749338150024414;22,6471004486084;0;0;100;10;1;
488,827;15;7,53517484664917;10,776834487915039;20,9375;31,749338150024414;22,6471004486084;0;0;100;10;1;
488,831;15;7,53517484664917;10,776834487915039;20,9375;31,749338150024414;22,6471004486084;0;0;100;10;1;
488,833;15;7,53517484664917;10,776834487915039;20,9375;31,749338150024414;22,6471004486084;0;0;100;10;1;
488,836;15;7,53517484664917;10,776834487915039;20,9375;31,749338150024414;22,6471004486084;0;0;100;10;1;
488,839;15;7,53517484664917;10,776834487915039;20,9375;31,749338150024414;22,6471004486084;0;0;100;10;1;
488,841;15;7,53517484664917;10,776834487915039;20,9375;31,749338150024414;22,6471004486084;0;0;100;10;1;
488,844;15;7,53517484664917;10,776834487915039;20,9375;31,749338150024414;22,6471004486084;0;0;100;10;1;
488,847;15;7,53517484664917;10,776834487915039;20,9375;31,749338150024414;22,6471004486084;0;0;100;10;1;
488,85;15;7,53517484664917;10,776834487915039;20,9375;31,749338150024414;22,6471004486084;0;0;100;10;1;
488,853;15;7,53517484664917;10,776834487915039;20,9375;31,749338150024414;22,6471004486084;0;0;100;10;1;
488,855;15;7,53517484664917;10,776834487915039;20,9375;31,749338150024414;22,6471004486084;0;0;100;10;1;
488,858;15;7,53517484664917;10,776834487915039;20,9375;31,749338150024414;22,6471004486084;0;0;100;10;1;
488,86;15;7,53517484664917;10,776834487915039;20,9375;31,749338150024414;22,6471004486084;0;0;100;10;1;
488,864;15;7,53517484664917;10,776834487915039;20,9375;31,749338150024414;22,6471004486084;0;0;100;10;1;
488,866;15;7,53517484664917;10,776834487915039;20,9375;31,749338150024414;22,6471004486084;0;0;100;10;1;
488,869;15;7,53517484664917;10,776834487915039;20,9375;31,749338150024414;22,6471004486084;0;0;100;10;1;
488,871;15;7,53517484664917;10,776834487915039;20,9375;31,749338150024414;22,6471004486084;0;0;100;10;1;
488,874;15;7,53517484664917;10,776834487915039;20,9375;31,749338150024414;22,6471004486084;0;0;100;10;1;
488,877;15;7,53517484664917;10,776834487915039;20,9375;31,749338150024414;22,6471004486084;0;0;100;10;1;
488,88;15;7,53517484664917;10,776834487915039;20,9375;31,749338150024414;22,6471004486084;0;0;100;10;1;
488,883;15;7,53517484664917;10,776834487915039;20,9375;31,749338150024414;22,6471004486084;0;0;100;10;1;
488,886;15;7,53517484664917;10,776834487915039;20,9375;31,749338150024414;22,6471004486084;0;0;100;10;1;
488,889;15;7,53517484664917;10,776834487915039;20,9375;31,749338150024414;22,6471004486084;0;0;100;10;1;
488,891;15;7,53517484664917;10,776834487915039;20,9375;31,749338150024414;22,6471004486084;0;0;100;10;1;
488,894;15;7,53517484664917;10,776834487915039;20,9375;31,749338150024414;22,6471004486084;0;0;100;10;1;
488,897;15;7,53517484664917;10,776834487915039;20,9375;31,749338150024414;22,6471004486084;0;0;100;10;1;
488,9;15;7,53517484664917;10,776834487915039;20,9375;31,749338150024414;22,6471004486084;0;0;100;10;1;
488,903;15;7,53517484664917;10,776834487915039;20,9375;31,749338150024414;22,6471004486084;0;0;100;10;1;
488,905;15;7,53517484664917;10,776834487915039;20,9375;31,749338150024414;22,6471004486084;0;0;100;10;1;
488,908;15;7,53517484664917;10,776834487915039;20,9375;31,749338150024414;22,6471004486084;0;0;100;10;1;
488,91;15;7,53517484664917;10,776834487915039;20,9375;31,749338150024414;22,6471004486084;0;0;100;10;1;
488,913;15;7,53517484664917;10,776834487915039;20,9375;31,749338150024414;22,6471004486084;0;0;100;10;1;
488,916;15;7,53517484664917;10,776834487915039;20,9375;31,749338150024414;22,6471004486084;0;0;100;10;1;
488,92;15;7,53517484664917;10,776834487915039;20,9375;31,749338150024414;22,6471004486084;0;0;100;10;1;
488,923;15;7,53517484664917;10,776834487915039;20,9375;31,749338150024414;22,6471004486084;0;0;100;10;1;
488,925;15;7,53517484664917;10,776834487915039;20,9375;31,749338150024414;22,6471004486084;0;0;100;10;1;
488,928;15;7,53517484664917;10,776834487915039;20,9375;31,749338150024414;22,6471004486084;0;0;100;10;1;
488,932;15;7,53517484664917;10,776834487915039;20,9375;31,749338150024414;22,6471004486084;0;0;100;10;1;
488,935;15;7,53517484664917;10,776834487915039;20,9375;31,749338150024414;22,6471004486084;0;0;100;10;1;
488,937;15;7,53517484664917;10,776834487915039;20,9375;31,749338150024414;22,6471004486084;0;0;100;10;1;
488,94;15;7,53517484664917;10,776834487915039;20,9375;31,749338150024414;22,6471004486084;0;0;100;10;1;
488,943;15;7,53517484664917;10,776834487915039;20,9375;31,749338150024414;22,6471004486084;0;0;100;10;1;
488,946;15;7,53517484664917;10,776834487915039;20,9375;31,749338150024414;22,6471004486084;0;0;100;10;1;
488,948;15;7,53517484664917;10,776834487915039;20,9375;31,749338150024414;22,6471004486084;0;0;100;10;1;
488,951;15;7,53517484664917;10,776834487915039;20,9375;31,749338150024414;22,6471004486084;0;0;100;10;1;
488,954;15;7,53517484664917;10,776834487915039;20,9375;31,749338150024414;22,6471004486084;0;0;100;10;1;
488,956;15;7,53517484664917;10,776834487915039;20,9375;31,749338150024414;22,6471004486084;0;0;100;10;1;
488,959;15;7,53517484664917;10,776834487915039;20,9375;31,749338150024414;22,6471004486084;0;0;100;10;1;
488,961;15;7,53517484664917;10,776834487915039;20,9375;31,749338150024414;22,6471004486084;0;0;100;10;1;
488,964;15;7,53517484664917;10,776834487915039;20,9375;31,749338150024414;22,6471004486084;0;0;100;10;1;
488,967;15;7,53517484664917;10,776834487915039;20,9375;31,749338150024414;22,6471004486084;0;0;100;10;1;
488,97;15;7,53517484664917;10,776834487915039;20,9375;31,749338150024414;22,6471004486084;0;0;100;10;1;
488,972;15;7,53517484664917;10,776834487915039;20,9375;31,749338150024414;22,6471004486084;0;0;100;10;1;
488,975;15;7,53517484664917;10,776834487915039;20,9375;31,749338150024414;22,6471004486084;0;0;100;10;1;
488,978;15;7,53517484664917;10,776834487915039;20,9375;31,749338150024414;22,6471004486084;0;0;100;10;1;
488,981;15;7,53517484664917;10,776834487915039;20,9375;31,749338150024414;22,6471004486084;0;0;100;10;1;
488,984;15;7,53517484664917;10,776834487915039;20,9375;31,749338150024414;22,6471004486084;0;0;100;10;1;
488,987;15;7,53517484664917;10,776834487915039;20,9375;31,749338150024414;22,6471004486084;0;0;100;10;1;
488,989;15;7,53517484664917;10,776834487915039;20,9375;31,749338150024414;22,6471004486084;0;0;100;10;1;
488,992;15;7,53517484664917;10,776834487915039;20,9375;31,749338150024414;22,6471004486084;0;0;100;10;1;
488,995;15;7,53517484664917;10,776834487915039;20,9375;31,749338150024414;22,6471004486084;0;0;100;10;1;
488,999;15;7,53517484664917;10,776834487915039;20,9375;31,749338150024414;22,6471004486084;0;0;100;10;1;
489,002;15;7,53517484664917;10,776834487915039;20,9375;31,749338150024414;22,6471004486084;0;0;100;10;1;
489,005;15;7,53517484664917;10,776834487915039;20,9375;31,749338150024414;22,6471004486084;0;0;100;10;1;
489,008;15;7,53517484664917;10,776834487915039;20,9375;31,749338150024414;22,6471004486084;0;0;100;10;1;
489,01;15;7,53517484664917;10,776834487915039;20,9375;31,749338150024414;22,6471004486084;0;0;100;10;1;
489,014;15;7,53517484664917;10,776834487915039;20,9375;31,749338150024414;22,6471004486084;0;0;100;10;1;
489,017;15;7,53517484664917;10,776834487915039;20,9375;31,749338150024414;22,6471004486084;0;0;100;10;1;
489,019;15;7,53517484664917;10,776834487915039;20,9375;31,749338150024414;22,6471004486084;0;0;100;10;1;
489,022;15;7,53517484664917;10,776834487915039;20,9375;31,749338150024414;22,6471004486084;0;0;100;10;1;
489,025;15;7,53517484664917;10,776834487915039;20,9375;31,749338150024414;22,6471004486084;0;0;100;10;1;
489,029;15;7,53517484664917;10,776834487915039;20,9375;31,749338150024414;22,6471004486084;0;0;100;10;1;
489,032;15;7,53517484664917;10,776834487915039;20,9375;31,749338150024414;22,6471004486084;0;0;100;10;1;
489,035;15;7,53517484664917;10,776834487915039;20,9375;31,749338150024414;22,6471004486084;0;0;100;10;1;
489,038;15;7,53517484664917;10,776834487915039;20,9375;31,749338150024414;22,6471004486084;0;0;100;10;1;
489,04;15;7,53517484664917;10,776834487915039;20,9375;31,749338150024414;22,6471004486084;0;0;100;10;1;
489,043;15;7,53517484664917;10,776834487915039;20,9375;31,749338150024414;22,6471004486084;0;0;100;10;1;
489,046;15;7,53517484664917;10,776834487915039;20,9375;31,749338150024414;22,6471004486084;0;0;100;10;1;
489,049;15;7,53517484664917;10,776834487915039;20,9375;31,749338150024414;22,6471004486084;0;0;100;10;1;
489,052;15;7,53517484664917;10,776834487915039;20,9375;31,749338150024414;22,6471004486084;0;0;100;10;1;
489,054;15;7,53517484664917;10,776834487915039;20,9375;31,749338150024414;22,6471004486084;0;0;100;10;1;
489,057;15;7,53517484664917;10,776834487915039;20,9375;31,749338150024414;22,6471004486084;0;0;100;10;1;
489,059;15;7,53517484664917;10,776834487915039;20,9375;31,749338150024414;22,6471004486084;0;0;100;10;1;
489,062;15;7,53517484664917;10,776834487915039;20,9375;31,749338150024414;22,6471004486084;0;0;100;10;1;
489,065;15;7,53517484664917;10,776834487915039;20,9375;31,749338150024414;22,6471004486084;0;0;100;10;1;
489,068;15;7,53517484664917;10,776834487915039;20,9375;31,749338150024414;22,6471004486084;0;0;100;10;1;
489,07;15;7,53517484664917;10,776834487915039;20,9375;31,749338150024414;22,6471004486084;0;0;100;10;1;
489,073;15;7,53517484664917;10,776834487915039;20,9375;31,749338150024414;22,6471004486084;0;0;100;10;1;
489,076;15;7,53517484664917;10,776834487915039;20,9375;31,749338150024414;22,6471004486084;0;0;100;10;1;
489,079;15;7,53517484664917;10,776834487915039;20,9375;31,749338150024414;22,6471004486084;0;0;100;10;1;
489,082;15;7,53517484664917;10,776834487915039;20,9375;31,749338150024414;22,6471004486084;0;0;100;10;1;
489,085;15;7,53517484664917;10,776834487915039;20,9375;31,749338150024414;22,6471004486084;0;0;100;10;1;
489,087;15;7,53517484664917;10,776834487915039;20,9375;31,749338150024414;22,6471004486084;0;0;100;10;1;
489,09;15;7,53517484664917;10,776834487915039;20,9375;31,749338150024414;22,6471004486084;0;0;100;10;1;
489,093;15;7,53517484664917;10,776834487915039;20,9375;31,749338150024414;22,6471004486084;0;0;100;10;1;
489,097;15;7,53517484664917;10,776834487915039;20,9375;31,749338150024414;22,6471004486084;0;0;100;10;1;
489,1;15;7,53517484664917;10,776834487915039;20,9375;31,749338150024414;22,6471004486084;0;0;100;10;1;
489,103;15;7,53517484664917;10,776834487915039;20,9375;31,749338150024414;22,6471004486084;0;0;100;10;1;
489,106;15;7,53517484664917;10,776834487915039;20,9375;31,749338150024414;22,6471004486084;0;0;100;10;1;
489,109;15;7,53517484664917;10,776834487915039;20,9375;31,749338150024414;22,6471004486084;0;0;100;10;1;
489,112;15;7,53517484664917;10,776834487915039;20,9375;31,749338150024414;22,6471004486084;0;0;100;10;1;
489,115;15;7,53517484664917;10,776834487915039;20,9375;31,749338150024414;22,6471004486084;0;0;100;10;1;
489,118;15;7,53517484664917;10,776834487915039;20,9375;31,749338150024414;22,6471004486084;0;0;100;10;1;
489,121;15;7,53517484664917;10,776834487915039;20,9375;31,749338150024414;22,6471004486084;0;0;100;10;1;
489,124;15;7,53517484664917;10,776834487915039;20,9375;31,749338150024414;22,6471004486084;0;0;100;10;1;
489,127;15;7,53517484664917;10,776834487915039;20,9375;31,749338150024414;22,6471004486084;0;0;100;10;1;
489,13;15;7,53517484664917;10,776834487915039;20,9375;31,749338150024414;22,6471004486084;0;0;100;10;1;
489,134;15;7,53517484664917;10,776834487915039;20,9375;31,749338150024414;22,6471004486084;0;0;100;10;1;
489,136;15;7,53517484664917;10,776834487915039;20,9375;31,749338150024414;22,6471004486084;0;0;100;10;1;
489,139;15;7,53517484664917;10,776834487915039;20,9375;31,749338150024414;22,6471004486084;0;0;100;10;1;
489,142;15;7,53517484664917;10,776834487915039;20,9375;31,749338150024414;22,6471004486084;0;0;100;10;1;
489,144;15;7,53517484664917;10,776834487915039;20,9375;31,749338150024414;22,6471004486084;0;0;100;10;1;
489,148;15;7,53517484664917;10,776834487915039;20,9375;31,749338150024414;22,6471004486084;0;0;100;10;1;
489,15;15;7,53517484664917;10,776834487915039;20,9375;31,749338150024414;22,6471004486084;0;0;100;10;1;
489,153;15;7,53517484664917;10,776834487915039;20,9375;31,749338150024414;22,6471004486084;0;0;100;10;1;
489,155;15;7,53517484664917;10,776834487915039;20,9375;31,749338150024414;22,6471004486084;0;0;100;10;1;
489,158;15;7,53517484664917;10,776834487915039;20,9375;31,749338150024414;22,6471004486084;0;0;100;10;1;
489,16;15;7,53517484664917;10,776834487915039;20,9375;31,749338150024414;22,6471004486084;0;0;100;10;1;
489,163;15;7,53517484664917;10,776834487915039;20,9375;31,749338150024414;22,6471004486084;0;0;100;10;1;
489,166;15;7,53517484664917;10,776834487915039;20,9375;31,749338150024414;22,6471004486084;0;0;100;10;1;
489,169;15;7,53517484664917;10,776834487915039;20,9375;31,749338150024414;22,6471004486084;0;0;100;10;1;
489,171;15;7,53517484664917;10,776834487915039;20,9375;31,749338150024414;22,6471004486084;0;0;100;10;1;
489,174;15;7,53517484664917;10,776834487915039;20,9375;31,749338150024414;22,6471004486084;0;0;100;10;1;
489,176;15;7,53517484664917;10,776834487915039;20,9375;31,749338150024414;22,6471004486084;0;0;100;10;1;
489,179;15;7,53517484664917;10,776834487915039;20,9375;31,749338150024414;22,6471004486084;0;0;100;10;1;
489,183;15;7,53517484664917;10,776834487915039;20,9375;31,749338150024414;22,6471004486084;0;0;100;10;1;
489,186;15;7,53517484664917;10,776834487915039;20,9375;31,749338150024414;22,6471004486084;0;0;100;10;1;
489,188;15;7,53517484664917;10,776834487915039;20,9375;31,749338150024414;22,6471004486084;0;0;100;10;1;
489,191;15;7,53517484664917;10,776834487915039;20,9375;31,749338150024414;22,6471004486084;0;0;100;10;1;
489,194;15;7,53517484664917;10,776834487915039;20,9375;31,749338150024414;22,6471004486084;0;0;100;10;1;
489,198;15;7,53517484664917;10,776834487915039;20,9375;31,749338150024414;22,6471004486084;0;0;100;10;1;
489,2;15;7,53517484664917;10,776834487915039;20,9375;31,749338150024414;22,6471004486084;0;0;100;10;1;
489,203;15;7,53517484664917;10,776834487915039;20,9375;31,749338150024414;22,6471004486084;0;0;100;10;1;
489,206;15;7,53517484664917;10,776834487915039;20,9375;31,749338150024414;22,6471004486084;0;0;100;10;1;
489,209;15;7,53517484664917;10,776834487915039;20,9375;31,749338150024414;22,6471004486084;0;0;100;10;1;
489,212;15;7,53517484664917;10,776834487915039;20,9375;31,749338150024414;22,6471004486084;0;0;100;10;1;
489,216;15;7,53517484664917;10,776834487915039;20,9375;31,749338150024414;22,6471004486084;0;0;100;10;1;
489,22;15;7,53517484664917;10,776834487915039;20,9375;31,749338150024414;22,6471004486084;0;0;100;10;1;
489,224;15;7,53517484664917;10,776834487915039;20,9375;31,749338150024414;22,6471004486084;0;0;100;10;1;
489,227;15;7,53517484664917;10,776834487915039;20,9375;31,749338150024414;22,6471004486084;0;0;100;10;1;
489,231;15;7,53517484664917;10,776834487915039;20,9375;31,749338150024414;22,6471004486084;0;0;100;10;1;
489,234;15;7,53517484664917;10,776834487915039;20,9375;31,749338150024414;22,6471004486084;0;0;100;10;1;
489,237;15;7,53517484664917;10,776834487915039;20,9375;31,749338150024414;22,6471004486084;0;0;100;10;1;
489,24;15;7,53517484664917;10,776834487915039;20,9375;31,749338150024414;22,6471004486084;0;0;100;10;1;
489,242;15;7,53517484664917;10,776834487915039;20,9375;31,749338150024414;22,6471004486084;0;0;100;10;1;
489,245;15;7,53517484664917;10,776834487915039;20,9375;31,749338150024414;22,6471004486084;0;0;100;10;1;
489,248;15;7,53517484664917;10,776834487915039;20,9375;31,749338150024414;22,6471004486084;0;0;100;10;1;
489,251;15;7,53517484664917;10,776834487915039;20,9375;31,749338150024414;22,6471004486084;0;0;100;10;1;
489,253;15;7,53517484664917;10,776834487915039;20,9375;31,749338150024414;22,6471004486084;0;0;100;10;1;
489,256;15;7,53517484664917;10,776834487915039;20,9375;31,749338150024414;22,6471004486084;0;0;100;10;1;
489,259;15;7,53517484664917;10,776834487915039;20,9375;31,749338150024414;22,6471004486084;0;0;100;10;1;
489,261;15;7,53517484664917;10,776834487915039;20,9375;31,749338150024414;22,6471004486084;0;0;100;10;1;
489,265;15;7,53517484664917;10,776834487915039;20,9375;31,749338150024414;22,6471004486084;0;0;100;10;1;
489,267;15;7,53517484664917;10,776834487915039;20,9375;31,749338150024414;22,6471004486084;0;0;100;10;1;
489,27;15;7,53517484664917;10,776834487915039;20,9375;31,749338150024414;22,6471004486084;0;0;100;10;1;
489,273;15;7,53517484664917;10,776834487915039;20,9375;31,749338150024414;22,6471004486084;0;0;100;10;1;
489,276;15;7,53517484664917;10,776834487915039;20,9375;31,749338150024414;22,6471004486084;0;0;100;10;1;
489,278;15;7,53517484664917;10,776834487915039;20,9375;31,749338150024414;22,6471004486084;0;0;100;10;1;
489,281;15;7,53517484664917;10,776834487915039;20,9375;31,749338150024414;22,6471004486084;0;0;100;10;1;
489,285;15;7,53517484664917;10,776834487915039;20,9375;31,749338150024414;22,6471004486084;0;0;100;10;1;
489,287;15;7,53517484664917;10,776834487915039;20,9375;31,749338150024414;22,6471004486084;0;0;100;10;1;
489,29;15;7,53517484664917;10,776834487915039;20,9375;31,749338150024414;22,6471004486084;0;0;100;10;1;
489,293;15;7,53517484664917;10,776834487915039;20,9375;31,749338150024414;22,6471004486084;0;0;100;10;1;
489,296;15;7,53517484664917;10,776834487915039;20,9375;31,749338150024414;22,6471004486084;0;0;100;10;1;
489,299;15;7,53517484664917;10,776834487915039;20,9375;31,749338150024414;22,6471004486084;0;0;100;10;1;
489,302;15;7,53517484664917;10,776834487915039;20,9375;31,749338150024414;22,6471004486084;0;0;100;10;1;
489,305;15;7,53517484664917;10,776834487915039;20,9375;31,749338150024414;22,6471004486084;0;0;100;10;1;
489,308;15;7,53517484664917;10,776834487915039;20,9375;31,749338150024414;22,6471004486084;0;0;100;10;1;
489,31;15;7,53517484664917;10,776834487915039;20,9375;31,749338150024414;22,6471004486084;0;0;100;10;1;
489,313;15;7,53517484664917;10,776834487915039;20,9375;31,749338150024414;22,6471004486084;0;0;100;10;1;
489,317;15;7,53517484664917;10,776834487915039;20,9375;31,749338150024414;22,6471004486084;0;0;100;10;1;
489,319;15;7,53517484664917;10,776834487915039;20,9375;31,749338150024414;22,6471004486084;0;0;100;10;1;
489,322;15;7,53517484664917;10,776834487915039;20,9375;31,749338150024414;22,6471004486084;0;0;100;10;1;
489,325;15;7,53517484664917;10,776834487915039;20,9375;31,749338150024414;22,6471004486084;0;0;100;10;1;
489,328;15;7,53517484664917;10,776834487915039;20,9375;31,749338150024414;22,6471004486084;0;0;100;10;1;
489,332;15;7,53517484664917;10,776834487915039;20,9375;31,749338150024414;22,6471004486084;0;0;100;10;1;
489,335;15;7,53517484664917;10,776834487915039;20,9375;31,749338150024414;22,6471004486084;0;0;100;10;1;
489,337;15;7,53517484664917;10,776834487915039;20,9375;31,749338150024414;22,6471004486084;0;0;100;10;1;
489,34;15;7,53517484664917;10,776834487915039;20,9375;31,749338150024414;22,6471004486084;0;0;100;10;1;
489,343;15;7,53517484664917;10,776834487915039;20,9375;31,749338150024414;22,6471004486084;0;0;100;10;1;
489,345;15;7,53517484664917;10,776834487915039;20,9375;31,749338150024414;22,6471004486084;0;0;100;10;1;
489,349;15;7,53517484664917;10,776834487915039;20,9375;31,749338150024414;22,6471004486084;0;0;100;10;1;
489,351;15;7,53517484664917;10,776834487915039;20,9375;31,749338150024414;22,6471004486084;0;0;100;10;1;
489,354;15;7,53517484664917;10,776834487915039;20,9375;31,749338150024414;22,6471004486084;0;0;100;10;1;
489,357;15;7,53517484664917;10,776834487915039;20,9375;31,749338150024414;22,6471004486084;0;0;100;10;1;
489,359;15;7,53517484664917;10,776834487915039;20,9375;31,749338150024414;22,6471004486084;0;0;100;10;1;
489,362;15;7,53517484664917;10,776834487915039;20,9375;31,749338150024414;22,6471004486084;0;0;100;10;1;
489,365;15;7,53517484664917;10,776834487915039;20,9375;31,749338150024414;22,6471004486084;0;0;100;10;1;
489,368;15;7,53517484664917;10,776834487915039;20,9375;31,749338150024414;22,6471004486084;0;0;100;10;1;
489,37;15;7,53517484664917;10,776834487915039;20,9375;31,749338150024414;22,6471004486084;0;0;100;10;1;
489,373;15;7,53517484664917;10,776834487915039;20,9375;31,749338150024414;22,6471004486084;0;0;100;10;1;
489,375;15;7,53517484664917;10,776834487915039;20,9375;31,749338150024414;22,6471004486084;0;0;100;10;1;
489,378;15;7,53517484664917;10,776834487915039;20,9375;31,749338150024414;22,6471004486084;0;0;100;10;1;
489,381;15;7,53517484664917;10,776834487915039;20,9375;31,749338150024414;22,6471004486084;0;0;100;10;1;
489,383;15;7,53517484664917;10,776834487915039;20,9375;31,749338150024414;22,6471004486084;0;0;100;10;1;
489,387;15;7,53517484664917;10,776834487915039;20,9375;31,749338150024414;22,6471004486084;0;0;100;10;1;
489,39;15;7,53517484664917;10,776834487915039;20,9375;31,749338150024414;22,6471004486084;0;0;100;10;1;
489,393;15;7,53517484664917;10,776834487915039;20,9375;31,749338150024414;22,6471004486084;0;0;100;10;1;
489,395;15;7,53517484664917;10,776834487915039;20,9375;31,749338150024414;22,6471004486084;0;0;100;10;1;
489,398;15;7,53517484664917;10,776834487915039;20,9375;31,749338150024414;22,6471004486084;0;0;100;10;1;
489,401;15;7,53517484664917;10,776834487915039;20,9375;31,749338150024414;22,6471004486084;0;0;100;10;1;
489,403;15;7,53517484664917;10,776834487915039;20,9375;31,749338150024414;22,6471004486084;0;0;100;10;1;
489,406;15;7,53517484664917;10,776834487915039;20,9375;31,749338150024414;22,6471004486084;0;0;100;10;1;
489,409;15;7,53517484664917;10,776834487915039;20,9375;31,749338150024414;22,6471004486084;0;0;100;10;1;
489,411;15;7,53517484664917;10,776834487915039;20,9375;31,749338150024414;22,6471004486084;0;0;100;10;1;
489,414;15;7,53517484664917;10,776834487915039;20,9375;31,749338150024414;22,6471004486084;0;0;100;10;1;
489,417;15;7,53517484664917;10,776834487915039;20,9375;31,749338150024414;22,6471004486084;0;0;100;10;1;
489,42;15;7,53517484664917;10,776834487915039;20,9375;31,749338150024414;22,6471004486084;0;0;100;10;1;
489,423;15;7,53517484664917;10,776834487915039;20,9375;31,749338150024414;22,6471004486084;0;0;100;10;1;
489,426;15;7,53517484664917;10,776834487915039;20,9375;31,749338150024414;22,6471004486084;0;0;100;10;1;
489,429;15;7,53517484664917;10,776834487915039;20,9375;31,749338150024414;22,6471004486084;0;0;100;10;1;
489,432;15;7,53517484664917;10,776834487915039;20,9375;31,749338150024414;22,6471004486084;0;0;100;10;1;
489,435;15;7,53517484664917;10,776834487915039;20,9375;31,749338150024414;22,6471004486084;0;0;100;10;1;
489,439;15;7,53517484664917;10,776834487915039;20,9375;31,749338150024414;22,6471004486084;0;0;100;10;1;
489,441;15;7,53517484664917;10,776834487915039;20,9375;31,749338150024414;22,6471004486084;0;0;100;10;1;
489,444;15;7,53517484664917;10,776834487915039;20,9375;31,749338150024414;22,6471004486084;0;0;100;10;1;
489,447;15;7,53517484664917;10,776834487915039;20,9375;31,749338150024414;22,6471004486084;0;0;100;10;1;
489,45;15;7,53517484664917;10,776834487915039;20,9375;31,749338150024414;22,6471004486084;0;0;100;10;1;
489,453;15;7,53517484664917;10,776834487915039;20,9375;31,749338150024414;22,6471004486084;0;0;100;10;1;
489,455;15;7,53517484664917;10,776834487915039;20,9375;31,749338150024414;22,6471004486084;0;0;100;10;1;
489,458;15;7,53517484664917;10,776834487915039;20,9375;31,749338150024414;22,6471004486084;0;0;100;10;1;
489,46;15;7,53517484664917;10,776834487915039;20,9375;31,749338150024414;22,6471004486084;0;0;100;10;1;
489,463;15;7,53517484664917;10,776834487915039;20,9375;31,749338150024414;22,6471004486084;0;0;100;10;1;
489,466;15;7,53517484664917;10,776834487915039;20,9375;31,749338150024414;22,6471004486084;0;0;100;10;1;
489,469;15;7,53517484664917;10,776834487915039;20,9375;31,749338150024414;22,6471004486084;0;0;100;10;1;
489,471;15;7,53517484664917;10,776834487915039;20,9375;31,749338150024414;22,6471004486084;0;0;100;10;1;
489,474;15;7,53517484664917;10,776834487915039;20,9375;31,749338150024414;22,6471004486084;0;0;100;10;1;
489,476;15;7,53517484664917;10,776834487915039;20,9375;31,749338150024414;22,6471004486084;0;0;100;10;1;
489,479;15;7,53517484664917;10,776834487915039;20,9375;31,749338150024414;22,6471004486084;0;0;100;10;1;
489,482;15;7,53517484664917;10,776834487915039;20,9375;31,749338150024414;22,6471004486084;0;0;100;10;1;
489,484;15;7,53517484664917;10,776834487915039;20,9375;31,749338150024414;22,6471004486084;0;0;100;10;1;
489,487;15;7,53517484664917;10,776834487915039;20,9375;31,749338150024414;22,6471004486084;0;0;100;10;1;
489,489;15;7,53517484664917;10,776834487915039;20,9375;31,749338150024414;22,6471004486084;0;0;100;10;1;
489,492;15;7,53517484664917;10,776834487915039;20,9375;31,749338150024414;22,6471004486084;0;0;100;10;1;
489,495;15;7,53517484664917;10,776834487915039;20,9375;31,749338150024414;22,6471004486084;0;0;100;10;1;
489,498;15;7,53517484664917;10,776834487915039;20,9375;31,749338150024414;22,6471004486084;0;0;100;10;1;
489,501;15;7,53517484664917;10,776834487915039;20,9375;31,749338150024414;22,6471004486084;0;0;100;10;1;
489,504;15;7,53517484664917;10,776834487915039;20,9375;31,749338150024414;22,6471004486084;0;0;100;10;1;
489,507;15;7,53517484664917;10,776834487915039;20,9375;31,749338150024414;22,6471004486084;0;0;100;10;1;
489,51;15;7,53517484664917;10,776834487915039;20,9375;31,749338150024414;22,6471004486084;0;0;100;10;1;
489,513;15;7,53517484664917;10,776834487915039;20,9375;31,749338150024414;22,6471004486084;0;0;100;10;1;
489,516;15;7,53517484664917;10,776834487915039;20,9375;31,749338150024414;22,6471004486084;0;0;100;10;1;
489,519;15;7,53517484664917;10,776834487915039;20,9375;31,749338150024414;22,6471004486084;0;0;100;10;1;
489,522;15;7,53517484664917;10,776834487915039;20,9375;31,749338150024414;22,6471004486084;0;0;100;10;1;
489,525;15;7,53517484664917;10,776834487915039;20,9375;31,749338150024414;22,6471004486084;0;0;100;10;1;
489,527;15;7,53517484664917;10,776834487915039;20,9375;31,749338150024414;22,6471004486084;0;0;100;10;1;
489,53;15;7,53517484664917;10,776834487915039;20,9375;31,749338150024414;22,6471004486084;0;0;100;10;1;
489,533;15;7,53517484664917;10,776834487915039;20,9375;31,749338150024414;22,6471004486084;0;0;100;10;1;
489,536;15;7,53517484664917;10,776834487915039;20,9375;31,749338150024414;22,6471004486084;0;0;100;10;1;
489,539;15;7,53517484664917;10,776834487915039;20,9375;31,749338150024414;22,6471004486084;0;0;100;10;1;
489,542;15;7,53517484664917;10,776834487915039;20,9375;31,749338150024414;22,6471004486084;0;0;100;10;1;
489,544;15;7,53517484664917;10,776834487915039;20,9375;31,749338150024414;22,6471004486084;0;0;100;10;1;
489,548;15;7,53517484664917;10,776834487915039;20,9375;31,749338150024414;22,6471004486084;0;0;100;10;1;
489,55;15;7,53517484664917;10,776834487915039;20,9375;31,749338150024414;22,6471004486084;0;0;100;10;1;
489,553;15;7,53517484664917;10,776834487915039;20,9375;31,749338150024414;22,6471004486084;0;0;100;10;1;
489,556;15;7,53517484664917;10,776834487915039;20,9375;31,749338150024414;22,6471004486084;0;0;100;10;1;
489,558;15;7,53517484664917;10,776834487915039;20,9375;31,749338150024414;22,6471004486084;0;0;100;10;1;
489,561;15;7,53517484664917;10,776834487915039;20,9375;31,749338150024414;22,6471004486084;0;0;100;10;1;
489,564;15;7,53517484664917;10,776834487915039;20,9375;31,749338150024414;22,6471004486084;0;0;100;10;1;
489,567;15;7,53517484664917;10,776834487915039;20,9375;31,749338150024414;22,6471004486084;0;0;100;10;1;
489,569;15;7,53517484664917;10,776834487915039;20,9375;31,749338150024414;22,6471004486084;0;0;100;10;1;
489,572;15;7,53517484664917;10,776834487915039;20,9375;31,749338150024414;22,6471004486084;0;0;100;10;1;
489,574;15;7,53517484664917;10,776834487915039;20,9375;31,749338150024414;22,6471004486084;0;0;100;10;1;
489,577;15;7,53517484664917;10,776834487915039;20,9375;31,749338150024414;22,6471004486084;0;0;100;10;1;
489,58;15;7,53517484664917;10,776834487915039;20,9375;31,749338150024414;22,6471004486084;0;0;100;10;1;
489,583;15;7,53517484664917;10,776834487915039;20,9375;31,749338150024414;22,6471004486084;0;0;100;10;1;
489,585;15;7,53517484664917;10,776834487915039;20,9375;31,749338150024414;22,6471004486084;0;0;100;10;1;
489,588;15;7,53517484664917;10,776834487915039;20,9375;31,749338150024414;22,6471004486084;0;0;100;10;1;
489,591;15;7,53517484664917;10,776834487915039;20,9375;31,749338150024414;22,6471004486084;0;0;100;10;1;
489,594;15;7,53517484664917;10,776834487915039;20,9375;31,749338150024414;22,6471004486084;0;0;100;10;1;
489,598;15;7,53517484664917;10,776834487915039;20,9375;31,749338150024414;22,6471004486084;0;0;100;10;1;
489,601;15;7,53517484664917;10,776834487915039;20,9375;31,749338150024414;22,6471004486084;0;0;100;10;1;
489,604;15;7,53517484664917;10,776834487915039;20,9375;31,749338150024414;22,6471004486084;0;0;100;10;1;
489,606;15;7,53517484664917;10,776834487915039;20,9375;31,749338150024414;22,6471004486084;0;0;100;10;1;
489,609;15;7,53517484664917;10,776834487915039;20,9375;31,749338150024414;22,6471004486084;0;0;100;10;1;
489,612;15;7,53517484664917;10,776834487915039;20,9375;31,749338150024414;22,6471004486084;0;0;100;10;1;
489,616;15;7,53517484664917;10,776834487915039;20,9375;31,749338150024414;22,6471004486084;0;0;100;10;1;
489,619;15;7,53517484664917;10,776834487915039;20,9375;31,749338150024414;22,6471004486084;0;0;100;10;1;
489,621;15;7,53517484664917;10,776834487915039;20,9375;31,749338150024414;22,6471004486084;0;0;100;10;1;
489,624;15;7,53517484664917;10,776834487915039;20,9375;31,749338150024414;22,6471004486084;0;0;100;10;1;
489,627;15;7,53517484664917;10,776834487915039;20,9375;31,749338150024414;22,6471004486084;0;0;100;10;1;
489,631;15;7,53517484664917;10,776834487915039;20,9375;31,749338150024414;22,6471004486084;0;0;100;10;1;
489,633;15;7,53517484664917;10,776834487915039;20,9375;31,749338150024414;22,6471004486084;0;0;100;10;1;
489,636;15;7,53517484664917;10,776834487915039;20,9375;31,749338150024414;22,6471004486084;0;0;100;10;1;
489,639;15;7,53517484664917;10,776834487915039;20,9375;31,749338150024414;22,6471004486084;0;0;100;10;1;
489,642;15;7,53517484664917;10,776834487915039;20,9375;31,749338150024414;22,6471004486084;0;0;100;10;1;
489,644;15;7,53517484664917;10,776834487915039;20,9375;31,749338150024414;22,6471004486084;0;0;100;10;1;
489,648;15;7,53517484664917;10,776834487915039;20,9375;31,749338150024414;22,6471004486084;0;0;100;10;1;
489,651;15;7,53517484664917;10,776834487915039;20,9375;31,749338150024414;22,6471004486084;0;0;100;10;1;
489,653;15;7,53517484664917;10,776834487915039;20,9375;31,749338150024414;22,6471004486084;0;0;100;10;1;
489,656;15;7,53517484664917;10,776834487915039;20,9375;31,749338150024414;22,6471004486084;0;0;100;10;1;
489,658;15;7,53517484664917;10,776834487915039;20,9375;31,749338150024414;22,6471004486084;0;0;100;10;1;
489,661;15;7,53517484664917;10,776834487915039;20,9375;31,749338150024414;22,6471004486084;0;0;100;10;1;
489,664;15;7,53517484664917;10,776834487915039;20,9375;31,749338150024414;22,6471004486084;0;0;100;10;1;
489,667;15;7,53517484664917;10,776834487915039;20,9375;31,749338150024414;22,6471004486084;0;0;100;10;1;
489,67;15;7,53517484664917;10,776834487915039;20,9375;31,749338150024414;22,6471004486084;0;0;100;10;1;
489,672;15;7,53517484664917;10,776834487915039;20,9375;31,749338150024414;22,6471004486084;0;0;100;10;1;
489,675;15;7,53517484664917;10,776834487915039;20,9375;31,749338150024414;22,6471004486084;0;0;100;10;1;
489,677;15;7,53517484664917;10,776834487915039;20,9375;31,749338150024414;22,6471004486084;0;0;100;10;1;
489,68;15;7,53517484664917;10,776834487915039;20,9375;31,749338150024414;22,6471004486084;0;0;100;10;1;
489,683;15;7,53517484664917;10,776834487915039;20,9375;31,749338150024414;22,6471004486084;0;0;100;10;1;
489,685;15;7,53517484664917;10,776834487915039;20,9375;31,749338150024414;22,6471004486084;0;0;100;10;1;
489,688;15;7,53517484664917;10,776834487915039;20,9375;31,749338150024414;22,6471004486084;0;0;100;10;1;
489,691;15;7,53517484664917;10,776834487915039;20,9375;31,749338150024414;22,6471004486084;0;0;100;10;1;
489,694;15;7,53517484664917;10,776834487915039;20,9375;31,749338150024414;22,6471004486084;0;0;100;10;1;
489,697;15;7,53517484664917;10,776834487915039;20,9375;31,749338150024414;22,6471004486084;0;0;100;10;1;
489,701;15;7,53517484664917;10,776834487915039;20,9375;31,749338150024414;22,6471004486084;0;0;100;10;1;
489,704;15;7,53517484664917;10,776834487915039;20,9375;31,749338150024414;22,6471004486084;0;0;100;10;1;
489,707;15;7,53517484664917;10,776834487915039;20,9375;31,749338150024414;22,6471004486084;0;0;100;10;1;
489,71;15;7,53517484664917;10,776834487915039;20,9375;31,749338150024414;22,6471004486084;0;0;100;10;1;
489,712;15;7,53517484664917;10,776834487915039;20,9375;31,749338150024414;22,6471004486084;0;0;100;10;1;
489,715;15;7,53517484664917;10,776834487915039;20,9375;31,749338150024414;22,6471004486084;0;0;100;10;1;
489,718;15;7,53517484664917;10,776834487915039;20,9375;31,749338150024414;22,6471004486084;0;0;100;10;1;
489,721;15;7,53517484664917;10,776834487915039;20,9375;31,749338150024414;22,6471004486084;0;0;100;10;1;
489,724;15;7,53517484664917;10,776834487915039;20,9375;31,749338150024414;22,6471004486084;0;0;100;10;1;
489,727;15;7,53517484664917;10,776834487915039;20,9375;31,749338150024414;22,6471004486084;0;0;100;10;1;
489,731;15;7,53517484664917;10,776834487915039;20,9375;31,749338150024414;22,6471004486084;0;0;100;10;1;
489,734;15;7,53517484664917;10,776834487915039;20,9375;31,749338150024414;22,6471004486084;0;0;100;10;1;
489,736;15;7,53517484664917;10,776834487915039;20,9375;31,749338150024414;22,6471004486084;0;0;100;10;1;
489,739;15;7,53517484664917;10,776834487915039;20,9375;31,749338150024414;22,6471004486084;0;0;100;10;1;
489,742;15;7,53517484664917;10,776834487915039;20,9375;31,749338150024414;22,6471004486084;0;0;100;10;1;
489,745;15;7,53517484664917;10,776834487915039;20,9375;31,749338150024414;22,6471004486084;0;0;100;10;1;
489,748;15;7,53517484664917;10,776834487915039;20,9375;31,749338150024414;22,6471004486084;0;0;100;10;1;
489,751;15;7,53517484664917;10,776834487915039;20,9375;31,749338150024414;22,6471004486084;0;0;100;10;1;
489,753;15;7,53517484664917;10,776834487915039;20,9375;31,749338150024414;22,6471004486084;0;0;100;10;1;
489,756;15;7,53517484664917;10,776834487915039;20,9375;31,749338150024414;22,6471004486084;0;0;100;10;1;
489,759;15;7,53517484664917;10,776834487915039;20,9375;31,749338150024414;22,6471004486084;0;0;100;10;1;
489,761;15;7,53517484664917;10,776834487915039;20,9375;31,749338150024414;22,6471004486084;0;0;100;10;1;
489,764;15;7,53517484664917;10,776834487915039;20,9375;31,749338150024414;22,6471004486084;0;0;100;10;1;
489,767;15;7,53517484664917;10,776834487915039;20,9375;31,749338150024414;22,6471004486084;0;0;100;10;1;
489,77;15;7,53517484664917;10,776834487915039;20,9375;31,749338150024414;22,6471004486084;0;0;100;10;1;
489,772;15;7,53517484664917;10,776834487915039;20,9375;31,749338150024414;22,6471004486084;0;0;100;10;1;
489,775;15;7,53517484664917;10,776834487915039;20,9375;31,749338150024414;22,6471004486084;0;0;100;10;1;
489,778;15;7,53517484664917;10,776834487915039;20,9375;31,749338150024414;22,6471004486084;0;0;100;10;1;
489,781;15;7,53517484664917;10,776834487915039;20,9375;31,749338150024414;22,6471004486084;0;0;100;10;1;
489,784;15;7,53517484664917;10,776834487915039;20,9375;31,749338150024414;22,6471004486084;0;0;100;10;1;
489,787;15;7,53517484664917;10,776834487915039;20,9375;31,749338150024414;22,6471004486084;0;0;100;10;1;
489,789;15;7,53517484664917;10,776834487915039;20,9375;31,749338150024414;22,6471004486084;0;0;100;10;1;
489,792;15;7,53517484664917;10,776834487915039;20,9375;31,749338150024414;22,6471004486084;0;0;100;10;1;
489,795;15;7,53517484664917;10,776834487915039;20,9375;31,749338150024414;22,6471004486084;0;0;100;10;1;
489,799;15;7,53517484664917;10,776834487915039;20,9375;31,749338150024414;22,6471004486084;0;0;100;10;1;
489,802;15;7,53517484664917;10,776834487915039;20,9375;31,749338150024414;22,6471004486084;0;0;100;10;1;
489,805;15;7,53517484664917;10,776834487915039;20,9375;31,749338150024414;22,6471004486084;0;0;100;10;1;
489,808;15;7,53517484664917;10,776834487915039;20,9375;31,749338150024414;22,6471004486084;0;0;100;10;1;
489,811;15;7,53517484664917;10,776834487915039;20,9375;31,749338150024414;22,6471004486084;0;0;100;10;1;
489,814;15;7,53517484664917;10,776834487915039;20,9375;31,749338150024414;22,6471004486084;0;0;100;10;1;
489,817;15;7,53517484664917;10,776834487915039;20,9375;31,749338150024414;22,6471004486084;0;0;100;10;1;
489,82;15;7,53517484664917;10,776834487915039;20,9375;31,749338150024414;22,6471004486084;0;0;100;10;1;
489,822;15;7,53517484664917;10,776834487915039;20,9375;31,749338150024414;22,6471004486084;0;0;100;10;1;
489,825;15;7,53517484664917;10,776834487915039;20,9375;31,749338150024414;22,6471004486084;0;0;100;10;1;
489,828;15;7,53517484664917;10,776834487915039;20,9375;31,749338150024414;22,6471004486084;0;0;100;10;1;
489,832;15;7,53517484664917;10,776834487915039;20,9375;31,749338150024414;22,6471004486084;0;0;100;10;1;
489,834;15;7,53517484664917;10,776834487915039;20,9375;31,749338150024414;22,6471004486084;0;0;100;10;1;
489,837;15;7,53517484664917;10,776834487915039;20,9375;31,749338150024414;22,6471004486084;0;0;100;10;1;
489,84;15;7,53517484664917;10,776834487915039;20,9375;31,749338150024414;22,6471004486084;0;0;100;10;1;
489,842;15;7,53517484664917;10,776834487915039;20,9375;31,749338150024414;22,6471004486084;0;0;100;10;1;
489,845;15;7,53517484664917;10,776834487915039;20,9375;31,749338150024414;22,6471004486084;0;0;100;10;1;
489,849;15;7,53517484664917;10,776834487915039;20,9375;31,749338150024414;22,6471004486084;0;0;100;10;1;
489,851;15;7,53517484664917;10,776834487915039;20,9375;31,749338150024414;22,6471004486084;0;0;100;10;1;
489,854;15;7,53517484664917;10,776834487915039;20,9375;31,749338150024414;22,6471004486084;0;0;100;10;1;
489,856;15;7,53517484664917;10,776834487915039;20,9375;31,749338150024414;22,6471004486084;0;0;100;10;1;
489,859;15;7,53517484664917;10,776834487915039;20,9375;31,749338150024414;22,6471004486084;0;0;100;10;1;
489,862;15;7,53517484664917;10,776834487915039;20,9375;31,749338150024414;22,6471004486084;0;0;100;10;1;
489,865;15;7,53517484664917;10,776834487915039;20,9375;31,749338150024414;22,6471004486084;0;0;100;10;1;
489,867;15;7,53517484664917;10,776834487915039;20,9375;31,749338150024414;22,6471004486084;0;0;100;10;1;
489,87;15;7,53517484664917;10,776834487915039;20,9375;31,749338150024414;22,6471004486084;0;0;100;10;1;
489,872;15;7,53517484664917;10,776834487915039;20,9375;31,749338150024414;22,6471004486084;0;0;100;10;1;
489,875;15;7,53517484664917;10,776834487915039;20,9375;31,749338150024414;22,6471004486084;0;0;100;10;1;
489,878;15;7,53517484664917;10,776834487915039;20,9375;31,749338150024414;22,6471004486084;0;0;100;10;1;
489,881;15;7,53517484664917;10,776834487915039;20,9375;31,749338150024414;22,6471004486084;0;0;100;10;1;
489,883;15;7,53517484664917;10,776834487915039;20,9375;31,749338150024414;22,6471004486084;0;0;100;10;1;
489,886;15;7,53517484664917;10,776834487915039;20,9375;31,749338150024414;22,6471004486084;0;0;100;10;1;
489,889;15;7,53517484664917;10,776834487915039;20,9375;31,749338150024414;22,6471004486084;0;0;100;10;1;
489,891;15;7,53517484664917;10,776834487915039;20,9375;31,749338150024414;22,6471004486084;0;0;100;10;1;
489,894;15;7,53517484664917;10,776834487915039;20,9375;31,749338150024414;22,6471004486084;0;0;100;10;1;
489,897;15;7,53517484664917;10,776834487915039;20,9375;31,749338150024414;22,6471004486084;0;0;100;10;1;
489,901;15;7,53517484664917;10,776834487915039;20,9375;31,749338150024414;22,6471004486084;0;0;100;10;1;
489,904;15;7,53517484664917;10,776834487915039;20,9375;31,749338150024414;22,6471004486084;0;0;100;10;1;
489,907;15;7,53517484664917;10,776834487915039;20,9375;31,749338150024414;22,6471004486084;0;0;100;10;1;
489,91;15;7,53517484664917;10,776834487915039;20,9375;31,749338150024414;22,6471004486084;0;0;100;10;1;
489,913;15;7,53517484664917;10,776834487915039;20,9375;31,749338150024414;22,6471004486084;0;0;100;10;1;
489,916;15;7,53517484664917;10,776834487915039;20,9375;31,749338150024414;22,6471004486084;0;0;100;10;1;
489,919;15;7,53517484664917;10,776834487915039;20,9375;31,749338150024414;22,6471004486084;0;0;100;10;1;
489,922;15;7,53517484664917;10,776834487915039;20,9375;31,749338150024414;22,6471004486084;0;0;100;10;1;
489,925;15;7,53517484664917;10,776834487915039;20,9375;31,749338150024414;22,6471004486084;0;0;100;10;1;
489,928;15;7,53517484664917;10,776834487915039;20,9375;31,749338150024414;22,6471004486084;0;0;100;10;1;
489,931;15;7,53517484664917;10,776834487915039;20,9375;31,749338150024414;22,6471004486084;0;0;100;10;1;
489,934;15;7,53517484664917;10,776834487915039;20,9375;31,749338150024414;22,6471004486084;0;0;100;10;1;
489,936;15;7,53517484664917;10,776834487915039;20,9375;31,749338150024414;22,6471004486084;0;0;100;10;1;
489,939;15;7,53517484664917;10,776834487915039;20,9375;31,749338150024414;22,6471004486084;0;0;100;10;1;
489,942;15;7,53517484664917;10,776834487915039;20,9375;31,749338150024414;22,6471004486084;0;0;100;10;1;
489,945;15;7,53517484664917;10,776834487915039;20,9375;31,749338150024414;22,6471004486084;0;0;100;10;1;
489,948;15;7,53517484664917;10,776834487915039;20,9375;31,749338150024414;22,6471004486084;0;0;100;10;1;
489,951;15;7,53517484664917;10,776834487915039;20,9375;31,749338150024414;22,6471004486084;0;0;100;10;1;
489,954;15;7,53517484664917;10,776834487915039;20,9375;31,749338150024414;22,6471004486084;0;0;100;10;1;
489,956;15;7,53517484664917;10,776834487915039;20,9375;31,749338150024414;22,6471004486084;0;0;100;10;1;
489,959;15;7,53517484664917;10,776834487915039;20,9375;31,749338150024414;22,6471004486084;0;0;100;10;1;
489,962;15;7,53517484664917;10,776834487915039;20,9375;31,749338150024414;22,6471004486084;0;0;100;10;1;
489,965;15;7,53517484664917;10,776834487915039;20,9375;31,749338150024414;22,6471004486084;0;0;100;10;1;
489,967;15;7,53517484664917;10,776834487915039;20,9375;31,749338150024414;22,6471004486084;0;0;100;10;1;
489,97;15;7,53517484664917;10,776834487915039;20,9375;31,749338150024414;22,6471004486084;0;0;100;10;1;
489,973;15;7,53517484664917;10,776834487915039;20,9375;31,749338150024414;22,6471004486084;0;0;100;10;1;
489,975;15;7,53517484664917;10,776834487915039;20,9375;31,749338150024414;22,6471004486084;0;0;100;10;1;
489,978;15;7,53517484664917;10,776834487915039;20,9375;31,749338150024414;22,6471004486084;0;0;100;10;1;
489,981;15;7,53517484664917;10,776834487915039;20,9375;31,749338150024414;22,6471004486084;0;0;100;10;1;
489,983;15;7,53517484664917;10,776834487915039;20,9375;31,749338150024414;22,6471004486084;0;0;100;10;1;
489,986;15;7,53517484664917;10,776834487915039;20,9375;31,749338150024414;22,6471004486084;0;0;100;10;1;
489,989;15;7,53517484664917;10,776834487915039;20,9375;31,749338150024414;22,6471004486084;0;0;100;10;1;
489,991;15;7,53517484664917;10,776834487915039;20,9375;31,749338150024414;22,6471004486084;0;0;100;10;1;
489,994;15;7,53517484664917;10,776834487915039;20,9375;31,749338150024414;22,6471004486084;0;0;100;10;1;
489,997;15;7,53517484664917;10,776834487915039;20,9375;31,749338150024414;22,6471004486084;0;0;100;10;1;
490;15;7,53517484664917;10,776834487915039;20,9375;31,749338150024414;22,6471004486084;0;0;100;10;1;
490,003;15;7,53517484664917;10,776834487915039;20,9375;31,749338150024414;22,6471004486084;0;0;100;10;1;
490,006;15;7,53517484664917;10,776834487915039;20,9375;31,749338150024414;22,6471004486084;0;0;100;10;1;
490,009;15;7,53517484664917;10,776834487915039;20,9375;31,749338150024414;22,6471004486084;0;0;100;10;1;
490,012;15;7,53517484664917;10,776834487915039;20,9375;31,749338150024414;22,6471004486084;0;0;100;10;1;
490,015;15;7,53517484664917;10,776834487915039;20,9375;31,749338150024414;22,6471004486084;0;0;100;10;1;
490,018;15;7,53517484664917;10,776834487915039;20,9375;31,749338150024414;22,6471004486084;0;0;100;10;1;
490,021;15;7,53517484664917;10,776834487915039;20,9375;31,749338150024414;22,6471004486084;0;0;100;10;1;
490,024;15;7,53517484664917;10,776834487915039;20,9375;31,749338150024414;22,6471004486084;0;0;100;10;1;
490,027;15;7,53517484664917;10,776834487915039;20,9375;31,749338150024414;22,6471004486084;0;0;100;10;1;
490,03;15;7,53517484664917;10,776834487915039;20,9375;31,749338150024414;22,6471004486084;0;0;100;10;1;
490,033;15;7,53517484664917;10,776834487915039;20,9375;31,749338150024414;22,6471004486084;0;0;100;10;1;
490,037;15;7,53517484664917;10,776834487915039;20,9375;31,749338150024414;22,6471004486084;0;0;100;10;1;
490,039;15;7,53517484664917;10,776834487915039;20,9375;31,749338150024414;22,6471004486084;0;0;100;10;1;
490,042;15;7,53517484664917;10,776834487915039;20,9375;31,749338150024414;22,6471004486084;0;0;100;10;1;
490,045;15;7,53517484664917;10,776834487915039;20,9375;31,749338150024414;22,6471004486084;0;0;100;10;1;
490,048;15;7,53517484664917;10,776834487915039;20,9375;31,749338150024414;22,6471004486084;0;0;100;10;1;
490,051;15;7,53517484664917;10,776834487915039;20,9375;31,749338150024414;22,6471004486084;0;0;100;10;1;
490,054;15;7,53517484664917;10,776834487915039;20,9375;31,749338150024414;22,6471004486084;0;0;100;10;1;
490,056;15;7,53517484664917;10,776834487915039;20,9375;31,749338150024414;22,6471004486084;0;0;100;10;1;
490,059;15;7,53517484664917;10,776834487915039;20,9375;31,749338150024414;22,6471004486084;0;0;100;10;1;
490,062;15;7,53517484664917;10,776834487915039;20,9375;31,749338150024414;22,6471004486084;0;0;100;10;1;
490,065;15;7,53517484664917;10,776834487915039;20,9375;31,749338150024414;22,6471004486084;0;0;100;10;1;
490,067;15;7,53517484664917;10,776834487915039;20,9375;31,749338150024414;22,6471004486084;0;0;100;10;1;
490,07;15;7,53517484664917;10,776834487915039;20,9375;31,749338150024414;22,6471004486084;0;0;100;10;1;
490,073;15;7,53517484664917;10,776834487915039;20,9375;31,749338150024414;22,6471004486084;0;0;100;10;1;
490,075;15;7,53517484664917;10,776834487915039;20,9375;31,749338150024414;22,6471004486084;0;0;100;10;1;
490,078;15;7,53517484664917;10,776834487915039;20,9375;31,749338150024414;22,6471004486084;0;0;100;10;1;
490,081;15;7,53517484664917;10,776834487915039;20,9375;31,749338150024414;22,6471004486084;0;0;100;10;1;
490,083;15;7,53517484664917;10,776834487915039;20,9375;31,749338150024414;22,6471004486084;0;0;100;10;1;
490,086;15;7,53517484664917;10,776834487915039;20,9375;31,749338150024414;22,6471004486084;0;0;100;10;1;
490,089;15;7,53517484664917;10,776834487915039;20,9375;31,749338150024414;22,6471004486084;0;0;100;10;1;
490,091;15;7,53517484664917;10,776834487915039;20,9375;31,749338150024414;22,6471004486084;0;0;100;10;1;
490,094;15;7,53517484664917;10,776834487915039;20,9375;31,749338150024414;22,6471004486084;0;0;100;10;1;
490,097;15;7,53517484664917;10,776834487915039;20,9375;31,749338150024414;22,6471004486084;0;0;100;10;1;
490,101;15;7,53517484664917;10,776834487915039;20,9375;31,749338150024414;22,6471004486084;0;0;100;10;1;
490,104;15;7,53517484664917;10,776834487915039;20,9375;31,749338150024414;22,6471004486084;0;0;100;10;1;
490,106;15;7,53517484664917;10,776834487915039;20,9375;31,749338150024414;22,6471004486084;0;0;100;10;1;
490,109;15;7,53517484664917;10,776834487915039;20,9375;31,749338150024414;22,6471004486084;0;0;100;10;1;
490,112;15;7,53517484664917;10,776834487915039;20,9375;31,749338150024414;22,6471004486084;0;0;100;10;1;
490,116;15;7,53517484664917;10,776834487915039;20,9375;31,749338150024414;22,6471004486084;0;0;100;10;1;
490,119;15;7,53517484664917;10,776834487915039;20,9375;31,749338150024414;22,6471004486084;0;0;100;10;1;
490,121;15;7,53517484664917;10,776834487915039;20,9375;31,749338150024414;22,6471004486084;0;0;100;10;1;
490,124;15;7,53517484664917;10,776834487915039;20,9375;31,749338150024414;22,6471004486084;0;0;100;10;1;
490,127;15;7,53517484664917;10,776834487915039;20,9375;31,749338150024414;22,6471004486084;0;0;100;10;1;
490,13;15;7,53517484664917;10,776834487915039;20,9375;31,749338150024414;22,6471004486084;0;0;100;10;1;
490,133;15;7,53517484664917;10,776834487915039;20,9375;31,749338150024414;22,6471004486084;0;0;100;10;1;
490,135;15;7,53517484664917;10,776834487915039;20,9375;31,749338150024414;22,6471004486084;0;0;100;10;1;
490,138;15;7,53517484664917;10,776834487915039;20,9375;31,749338150024414;22,6471004486084;0;0;100;10;1;
490,141;15;7,53517484664917;10,776834487915039;20,9375;31,749338150024414;22,6471004486084;0;0;100;10;1;
490,143;15;7,53517484664917;10,776834487915039;20,9375;31,749338150024414;22,6471004486084;0;0;100;10;1;
490,146;15;7,53517484664917;10,776834487915039;20,9375;31,749338150024414;22,6471004486084;0;0;100;10;1;
490,149;15;7,53517484664917;10,776834487915039;20,9375;31,749338150024414;22,6471004486084;0;0;100;10;1;
490,153;15;7,53517484664917;10,776834487915039;20,9375;31,749338150024414;22,6471004486084;0;0;100;10;1;
490,155;15;7,53517484664917;10,776834487915039;20,9375;31,749338150024414;22,6471004486084;0;0;100;10;1;
490,158;15;7,53517484664917;10,776834487915039;20,9375;31,749338150024414;22,6471004486084;0;0;100;10;1;
490,161;15;7,53517484664917;10,776834487915039;20,9375;31,749338150024414;22,6471004486084;0;0;100;10;1;
490,163;15;7,53517484664917;10,776834487915039;20,9375;31,749338150024414;22,6471004486084;0;0;100;10;1;
490,166;15;7,53517484664917;10,776834487915039;20,9375;31,749338150024414;22,6471004486084;0;0;100;10;1;
490,169;15;7,53517484664917;10,776834487915039;20,9375;31,749338150024414;22,6471004486084;0;0;100;10;1;
490,172;15;7,53517484664917;10,776834487915039;20,9375;31,749338150024414;22,6471004486084;0;0;100;10;1;
490,174;15;7,53517484664917;10,776834487915039;20,9375;31,749338150024414;22,6471004486084;0;0;100;10;1;
490,177;15;7,53517484664917;10,776834487915039;20,9375;31,749338150024414;22,6471004486084;0;0;100;10;1;
490,18;15;7,53517484664917;10,776834487915039;20,9375;31,749338150024414;22,6471004486084;0;0;100;10;1;
490,183;15;7,53517484664917;10,776834487915039;20,9375;31,749338150024414;22,6471004486084;0;0;100;10;1;
490,185;15;7,53517484664917;10,776834487915039;20,9375;31,749338150024414;22,6471004486084;0;0;100;10;1;
490,188;15;7,53517484664917;10,776834487915039;20,9375;31,749338150024414;22,6471004486084;0;0;100;10;1;
490,191;15;7,53517484664917;10,776834487915039;20,9375;31,749338150024414;22,6471004486084;0;0;100;10;1;
490,193;15;7,53517484664917;10,776834487915039;20,9375;31,749338150024414;22,6471004486084;0;0;100;10;1;
490,196;15;7,53517484664917;10,776834487915039;20,9375;31,749338150024414;22,6471004486084;0;0;100;10;1;
490,199;15;7,53517484664917;10,776834487915039;20,9375;31,749338150024414;22,6471004486084;0;0;100;10;1;
490,202;15;7,53517484664917;10,776834487915039;20,9375;31,749338150024414;22,6471004486084;0;0;100;10;1;
490,205;15;7,53517484664917;10,776834487915039;20,9375;31,749338150024414;22,6471004486084;0;0;100;10;1;
490,208;15;7,53517484664917;10,776834487915039;20,9375;31,749338150024414;22,6471004486084;0;0;100;10;1;
490,211;15;7,53517484664917;10,776834487915039;20,9375;31,749338150024414;22,6471004486084;0;0;100;10;1;
490,215;15;7,53517484664917;10,776834487915039;20,9375;31,749338150024414;22,6471004486084;0;0;100;10;1;
490,218;15;7,53517484664917;10,776834487915039;20,9375;31,749338150024414;22,6471004486084;0;0;100;10;1;
490,221;15;7,53517484664917;10,776834487915039;20,9375;31,749338150024414;22,6471004486084;0;0;100;10;1;
490,223;15;7,53517484664917;10,776834487915039;20,9375;31,749338150024414;22,6471004486084;0;0;100;10;1;
490,226;15;7,53517484664917;10,776834487915039;20,9375;31,749338150024414;22,6471004486084;0;0;100;10;1;
490,229;15;7,53517484664917;10,776834487915039;20,9375;31,749338150024414;22,6471004486084;0;0;100;10;1;
490,232;15;7,53517484664917;10,776834487915039;20,9375;31,749338150024414;22,6471004486084;0;0;100;10;1;
490,236;15;7,53517484664917;10,776834487915039;20,9375;31,749338150024414;22,6471004486084;0;0;100;10;1;
490,238;15;7,53517484664917;10,776834487915039;20,9375;31,749338150024414;22,6471004486084;0;0;100;10;1;
490,241;15;7,53517484664917;10,776834487915039;20,9375;31,749338150024414;22,6471004486084;0;0;100;10;1;
490,244;15;7,53517484664917;10,776834487915039;20,9375;31,749338150024414;22,6471004486084;0;0;100;10;1;
490,247;15;7,53517484664917;10,776834487915039;20,9375;31,749338150024414;22,6471004486084;0;0;100;10;1;
490,251;15;7,53517484664917;10,776834487915039;20,9375;31,749338150024414;22,6471004486084;0;0;100;10;1;
490,253;15;7,53517484664917;10,776834487915039;20,9375;31,749338150024414;22,6471004486084;0;0;100;10;1;
490,256;15;7,53517484664917;10,776834487915039;20,9375;31,749338150024414;22,6471004486084;0;0;100;10;1;
490,26;15;7,53517484664917;10,776834487915039;20,9375;31,749338150024414;22,6471004486084;0;0;100;10;1;
490,263;15;7,53517484664917;10,776834487915039;20,9375;31,749338150024414;22,6471004486084;0;0;100;10;1;
490,266;15;7,53517484664917;10,776834487915039;20,9375;31,749338150024414;22,6471004486084;0;0;100;10;1;
490,269;15;7,53517484664917;10,776834487915039;20,9375;31,749338150024414;22,6471004486084;0;0;100;10;1;
490,272;15;7,53517484664917;10,776834487915039;20,9375;31,749338150024414;22,6471004486084;0;0;100;10;1;
490,274;15;7,53517484664917;10,776834487915039;20,9375;31,749338150024414;22,6471004486084;0;0;100;10;1;
490,277;15;7,53517484664917;10,776834487915039;20,9375;31,749338150024414;22,6471004486084;0;0;100;10;1;
490,28;15;7,53517484664917;10,776834487915039;20,9375;31,749338150024414;22,6471004486084;0;0;100;10;1;
490,283;15;7,53517484664917;10,776834487915039;20,9375;31,749338150024414;22,6471004486084;0;0;100;10;1;
490,286;15;7,53517484664917;10,776834487915039;20,9375;31,749338150024414;22,6471004486084;0;0;100;10;1;
490,289;15;7,53517484664917;10,776834487915039;20,9375;31,749338150024414;22,6471004486084;0;0;100;10;1;
490,292;15;7,53517484664917;10,776834487915039;20,9375;31,749338150024414;22,6471004486084;0;0;100;10;1;
490,294;15;7,53517484664917;10,776834487915039;20,9375;31,749338150024414;22,6471004486084;0;0;100;10;1;
490,297;15;7,53517484664917;10,776834487915039;20,9375;31,749338150024414;22,6471004486084;0;0;100;10;1;
490,3;15;7,53517484664917;10,776834487915039;20,9375;31,749338150024414;22,6471004486084;0;0;100;10;1;
490,303;15;7,53517484664917;10,776834487915039;20,9375;31,749338150024414;22,6471004486084;0;0;100;10;1;
490,306;15;7,53517484664917;10,776834487915039;20,9375;31,749338150024414;22,6471004486084;0;0;100;10;1;
490,308;15;7,53517484664917;10,776834487915039;20,9375;31,749338150024414;22,6471004486084;0;0;100;10;1;
490,311;15;7,53517484664917;10,776834487915039;20,9375;31,749338150024414;22,6471004486084;0;0;100;10;1;
490,314;15;7,53517484664917;10,776834487915039;20,9375;31,749338150024414;22,6471004486084;0;0;100;10;1;
490,317;15;7,53517484664917;10,776834487915039;20,9375;31,749338150024414;22,6471004486084;0;0;100;10;1;
490,32;15;7,53517484664917;10,776834487915039;20,9375;31,749338150024414;22,6471004486084;0;0;100;10;1;
490,323;15;7,53517484664917;10,776834487915039;20,9375;31,749338150024414;22,6471004486084;0;0;100;10;1;
490,326;15;7,53517484664917;10,776834487915039;20,9375;31,749338150024414;22,6471004486084;0;0;100;10;1;
490,328;15;7,53517484664917;10,776834487915039;20,9375;31,749338150024414;22,6471004486084;0;0;100;10;1;
490,332;15;7,53517484664917;10,776834487915039;20,9375;31,749338150024414;22,6471004486084;0;0;100;10;1;
490,335;15;7,53517484664917;10,776834487915039;20,9375;31,749338150024414;22,6471004486084;0;0;100;10;1;
490,337;15;7,53517484664917;10,776834487915039;20,9375;31,749338150024414;22,6471004486084;0;0;100;10;1;
490,34;15;7,53517484664917;10,776834487915039;20,9375;31,749338150024414;22,6471004486084;0;0;100;10;1;
490,342;15;7,53517484664917;10,776834487915039;20,9375;31,749338150024414;22,6471004486084;0;0;100;10;1;
490,345;15;7,53517484664917;10,776834487915039;20,9375;31,749338150024414;22,6471004486084;0;0;100;10;1;
490,348;15;7,53517484664917;10,776834487915039;20,9375;31,749338150024414;22,6471004486084;0;0;100;10;1;
490,351;15;7,53517484664917;10,776834487915039;20,9375;31,749338150024414;22,6471004486084;0;0;100;10;1;
490,354;15;7,53517484664917;10,776834487915039;20,9375;31,749338150024414;22,6471004486084;0;0;100;10;1;
490,357;15;7,53517484664917;10,776834487915039;20,9375;31,749338150024414;22,6471004486084;0;0;100;10;1;
490,36;15;7,53517484664917;10,776834487915039;20,9375;31,749338150024414;22,6471004486084;0;0;100;10;1;
490,363;15;7,53517484664917;10,776834487915039;20,9375;31,749338150024414;22,6471004486084;0;0;100;10;1;
490,366;15;7,53517484664917;10,776834487915039;20,9375;31,749338150024414;22,6471004486084;0;0;100;10;1;
490,369;15;7,53517484664917;10,776834487915039;20,9375;31,749338150024414;22,6471004486084;0;0;100;10;1;
490,372;15;7,53517484664917;10,776834487915039;20,9375;31,749338150024414;22,6471004486084;0;0;100;10;1;
490,375;15;7,53517484664917;10,776834487915039;20,9375;31,749338150024414;22,6471004486084;0;0;100;10;1;
490,378;15;7,53517484664917;10,776834487915039;20,9375;31,749338150024414;22,6471004486084;0;0;100;10;1;
490,381;15;7,53517484664917;10,776834487915039;20,9375;31,749338150024414;22,6471004486084;0;0;100;10;1;
490,384;15;7,53517484664917;10,776834487915039;20,9375;31,749338150024414;22,6471004486084;0;0;100;10;1;
490,387;15;7,53517484664917;10,776834487915039;20,9375;31,749338150024414;22,6471004486084;0;0;100;10;1;
490,389;15;7,53517484664917;10,776834487915039;20,9375;31,749338150024414;22,6471004486084;0;0;100;10;1;
490,392;15;7,53517484664917;10,776834487915039;20,9375;31,749338150024414;22,6471004486084;0;0;100;10;1;
490,394;15;7,53517484664917;10,776834487915039;20,9375;31,749338150024414;22,6471004486084;0;0;100;10;1;
490,397;15;7,53517484664917;10,776834487915039;20,9375;31,749338150024414;22,6471004486084;0;0;100;10;1;
490,4;15;7,53517484664917;10,776834487915039;20,9375;31,749338150024414;22,6471004486084;0;0;100;10;1;
490,402;15;7,53517484664917;10,776834487915039;20,9375;31,749338150024414;22,6471004486084;0;0;100;10;1;
490,405;15;7,53517484664917;10,776834487915039;20,9375;31,749338150024414;22,6471004486084;0;0;100;10;1;
490,408;15;7,53517484664917;10,776834487915039;20,9375;31,749338150024414;22,6471004486084;0;0;100;10;1;
490,411;15;7,53517484664917;10,776834487915039;20,9375;31,749338150024414;22,6471004486084;0;0;100;10;1;
490,413;15;7,53517484664917;10,776834487915039;20,9375;31,749338150024414;22,6471004486084;0;0;100;10;1;
490,416;15;7,53517484664917;10,776834487915039;20,9375;31,749338150024414;22,6471004486084;0;0;100;10;1;
490,419;15;7,53517484664917;10,776834487915039;20,9375;31,749338150024414;22,6471004486084;0;0;100;10;1;
490,422;15;7,53517484664917;10,776834487915039;20,9375;31,749338150024414;22,6471004486084;0;0;100;10;1;
490,424;15;7,53517484664917;10,776834487915039;20,9375;31,749338150024414;22,6471004486084;0;0;100;10;1;
490,427;15;7,53517484664917;10,776834487915039;20,9375;31,749338150024414;22,6471004486084;0;0;100;10;1;
490,429;15;7,53517484664917;10,776834487915039;20,9375;31,749338150024414;22,6471004486084;0;0;100;10;1;
490,433;15;7,53517484664917;10,776834487915039;20,9375;31,749338150024414;22,6471004486084;0;0;100;10;1;
490,435;15;7,53517484664917;10,776834487915039;20,9375;31,749338150024414;22,6471004486084;0;0;100;10;1;
490,438;15;7,53517484664917;10,776834487915039;20,9375;31,749338150024414;22,6471004486084;0;0;100;10;1;
490,44;15;7,53517484664917;10,776834487915039;20,9375;31,749338150024414;22,6471004486084;0;0;100;10;1;
490,443;15;7,53517484664917;10,776834487915039;20,9375;31,749338150024414;22,6471004486084;0;0;100;10;1;
490,446;15;7,53517484664917;10,776834487915039;20,9375;31,749338150024414;22,6471004486084;0;0;100;10;1;
490,449;15;7,53517484664917;10,776834487915039;20,9375;31,749338150024414;22,6471004486084;0;0;100;10;1;
490,452;15;7,53517484664917;10,776834487915039;20,9375;31,749338150024414;22,6471004486084;0;0;100;10;1;
490,454;15;7,53517484664917;10,776834487915039;20,9375;31,749338150024414;22,6471004486084;0;0;100;10;1;
490,457;15;7,53517484664917;10,776834487915039;20,9375;31,749338150024414;22,6471004486084;0;0;100;10;1;
490,461;15;7,53517484664917;10,776834487915039;20,9375;31,749338150024414;22,6471004486084;0;0;100;10;1;
490,464;15;7,53517484664917;10,776834487915039;20,9375;31,749338150024414;22,6471004486084;0;0;100;10;1;
490,467;15;7,53517484664917;10,776834487915039;20,9375;31,749338150024414;22,6471004486084;0;0;100;10;1;
490,47;15;7,53517484664917;10,776834487915039;20,9375;31,749338150024414;22,6471004486084;0;0;100;10;1;
490,472;15;7,53517484664917;10,776834487915039;20,9375;31,749338150024414;22,6471004486084;0;0;100;10;1;
490,475;15;7,53517484664917;10,776834487915039;20,9375;31,749338150024414;22,6471004486084;0;0;100;10;1;
490,478;15;7,53517484664917;10,776834487915039;20,9375;31,749338150024414;22,6471004486084;0;0;100;10;1;
490,481;15;7,53517484664917;10,776834487915039;20,9375;31,749338150024414;22,6471004486084;0;0;100;10;1;
490,484;15;7,53517484664917;10,776834487915039;20,9375;31,749338150024414;22,6471004486084;0;0;100;10;1;
490,487;15;7,53517484664917;10,776834487915039;20,9375;31,749338150024414;22,6471004486084;0;0;100;10;1;
490,49;15;7,53517484664917;10,776834487915039;20,9375;31,749338150024414;22,6471004486084;0;0;100;10;1;
490,493;15;7,53517484664917;10,776834487915039;20,9375;31,749338150024414;22,6471004486084;0;0;100;10;1;
490,496;15;7,53517484664917;10,776834487915039;20,9375;31,749338150024414;22,6471004486084;0;0;100;10;1;
490,499;15;7,53517484664917;10,776834487915039;20,9375;31,749338150024414;22,6471004486084;0;0;100;10;1;
490,502;15;7,53517484664917;10,776834487915039;20,9375;31,749338150024414;22,6471004486084;0;0;100;10;1;
490,505;15;7,53517484664917;10,776834487915039;20,9375;31,749338150024414;22,6471004486084;0;0;100;10;1;
490,508;15;7,53517484664917;10,776834487915039;20,9375;31,749338150024414;22,6471004486084;0;0;100;10;1;
490,511;15;7,53517484664917;10,776834487915039;20,9375;31,749338150024414;22,6471004486084;0;0;100;10;1;
490,513;15;7,53517484664917;10,776834487915039;20,9375;31,749338150024414;22,6471004486084;0;0;100;10;1;
490,516;15;7,53517484664917;10,776834487915039;20,9375;31,749338150024414;22,6471004486084;0;0;100;10;1;
490,519;15;7,53517484664917;10,776834487915039;20,9375;31,749338150024414;22,6471004486084;0;0;100;10;1;
490,522;15;7,53517484664917;10,776834487915039;20,9375;31,749338150024414;22,6471004486084;0;0;100;10;1;
490,524;15;7,53517484664917;10,776834487915039;20,9375;31,749338150024414;22,6471004486084;0;0;100;10;1;
490,527;15;7,53517484664917;10,776834487915039;20,9375;31,749338150024414;22,6471004486084;0;0;100;10;1;
490,53;15;7,53517484664917;10,776834487915039;20,9375;31,749338150024414;22,6471004486084;0;0;100;10;1;
490,533;15;7,53517484664917;10,776834487915039;20,9375;31,749338150024414;22,6471004486084;0;0;100;10;1;
490,535;15;7,53517484664917;10,776834487915039;20,9375;31,749338150024414;22,6471004486084;0;0;100;10;1;
490,538;15;7,53517484664917;10,776834487915039;20,9375;31,749338150024414;22,6471004486084;0;0;100;10;1;
490,541;15;7,53517484664917;10,776834487915039;20,9375;31,749338150024414;22,6471004486084;0;0;100;10;1;
490,544;15;7,53517484664917;10,776834487915039;20,9375;31,749338150024414;22,6471004486084;0;0;100;10;1;
490,546;15;7,53517484664917;10,776834487915039;20,9375;31,749338150024414;22,6471004486084;0;0;100;10;1;
490,549;15;7,53517484664917;10,776834487915039;20,9375;31,749338150024414;22,6471004486084;0;0;100;10;1;
490,552;15;7,53517484664917;10,776834487915039;20,9375;31,749338150024414;22,6471004486084;0;0;100;10;1;
490,555;15;7,53517484664917;10,776834487915039;20,9375;31,749338150024414;22,6471004486084;0;0;100;10;1;
490,558;15;7,53517484664917;10,776834487915039;20,9375;31,749338150024414;22,6471004486084;0;0;100;10;1;
490,56;15;7,53517484664917;10,776834487915039;20,9375;31,749338150024414;22,6471004486084;0;0;100;10;1;
490,563;15;7,53517484664917;10,776834487915039;20,9375;31,749338150024414;22,6471004486084;0;0;100;10;1;
490,566;15;7,53517484664917;10,776834487915039;20,9375;31,749338150024414;22,6471004486084;0;0;100;10;1;
490,569;15;7,53517484664917;10,776834487915039;20,9375;31,749338150024414;22,6471004486084;0;0;100;10;1;
490,572;15;7,53517484664917;10,776834487915039;20,9375;31,749338150024414;22,6471004486084;0;0;100;10;1;
490,575;15;7,53517484664917;10,776834487915039;20,9375;31,749338150024414;22,6471004486084;0;0;100;10;1;
490,578;15;7,53517484664917;10,776834487915039;20,9375;31,749338150024414;22,6471004486084;0;0;100;10;1;
490,581;15;7,53517484664917;10,776834487915039;20,9375;31,749338150024414;22,6471004486084;0;0;100;10;1;
490,584;15;7,53517484664917;10,776834487915039;20,9375;31,749338150024414;22,6471004486084;0;0;100;10;1;
490,587;15;7,53517484664917;10,776834487915039;20,9375;31,749338150024414;22,6471004486084;0;0;100;10;1;
490,59;15;7,53517484664917;10,776834487915039;20,9375;31,749338150024414;22,6471004486084;0;0;100;10;1;
490,592;15;7,53517484664917;10,776834487915039;20,9375;31,749338150024414;22,6471004486084;0;0;100;10;1;
490,595;15;7,53517484664917;10,776834487915039;20,9375;31,749338150024414;22,6471004486084;0;0;100;10;1;
490,598;15;7,53517484664917;10,776834487915039;20,9375;31,749338150024414;22,6471004486084;0;0;100;10;1;
490,602;15;7,53517484664917;10,776834487915039;20,9375;31,749338150024414;22,6471004486084;0;0;100;10;1;
490,605;15;7,53517484664917;10,776834487915039;20,9375;31,749338150024414;22,6471004486084;0;0;100;10;1;
490,608;15;7,53517484664917;10,776834487915039;20,9375;31,749338150024414;22,6471004486084;0;0;100;10;1;
490,61;15;7,53517484664917;10,776834487915039;20,9375;31,749338150024414;22,6471004486084;0;0;100;10;1;
490,613;15;7,53517484664917;10,776834487915039;20,9375;31,749338150024414;22,6471004486084;0;0;100;10;1;
490,617;15;7,53517484664917;10,776834487915039;20,9375;31,749338150024414;22,6471004486084;0;0;100;10;1;
490,619;15;7,53517484664917;10,776834487915039;20,9375;31,749338150024414;22,6471004486084;0;0;100;10;1;
490,622;15;7,53517484664917;10,776834487915039;20,9375;31,749338150024414;22,6471004486084;0;0;100;10;1;
490,625;15;7,53517484664917;10,776834487915039;20,9375;31,749338150024414;22,6471004486084;0;0;100;10;1;
490,627;15;7,53517484664917;10,776834487915039;20,9375;31,749338150024414;22,6471004486084;0;0;100;10;1;
490,63;15;7,53517484664917;10,776834487915039;20,9375;31,749338150024414;22,6471004486084;0;0;100;10;1;
490,633;15;7,53517484664917;10,776834487915039;20,9375;31,749338150024414;22,6471004486084;0;0;100;10;1;
490,636;15;7,53517484664917;10,776834487915039;20,9375;31,749338150024414;22,6471004486084;0;0;100;10;1;
490,639;15;7,53517484664917;10,776834487915039;20,9375;31,749338150024414;22,6471004486084;0;0;100;10;1;
490,641;15;7,53517484664917;10,776834487915039;20,9375;31,749338150024414;22,6471004486084;0;0;100;10;1;
490,644;15;7,53517484664917;10,776834487915039;20,9375;31,749338150024414;22,6471004486084;0;0;100;10;1;
490,647;15;7,53517484664917;10,776834487915039;20,9375;31,749338150024414;22,6471004486084;0;0;100;10;1;
490,65;15;7,53517484664917;10,776834487915039;20,9375;31,749338150024414;22,6471004486084;0;0;100;10;1;
490,652;15;7,53517484664917;10,776834487915039;20,9375;31,749338150024414;22,6471004486084;0;0;100;10;1;
490,655;15;7,53517484664917;10,776834487915039;20,9375;31,749338150024414;22,6471004486084;0;0;100;10;1;
490,658;15;7,53517484664917;10,776834487915039;20,9375;31,749338150024414;22,6471004486084;0;0;100;10;1;
490,662;15;7,53517484664917;10,776834487915039;20,9375;31,749338150024414;22,6471004486084;0;0;100;10;1;
490,664;15;7,53517484664917;10,776834487915039;20,9375;31,749338150024414;22,6471004486084;0;0;100;10;1;
490,667;15;7,53517484664917;10,776834487915039;20,9375;31,749338150024414;22,6471004486084;0;0;100;10;1;
490,67;15;7,53517484664917;10,776834487915039;20,9375;31,749338150024414;22,6471004486084;0;0;100;10;1;
490,673;15;7,53517484664917;10,776834487915039;20,9375;31,749338150024414;22,6471004486084;0;0;100;10;1;
490,676;15;7,53517484664917;10,776834487915039;20,9375;31,749338150024414;22,6471004486084;0;0;100;10;1;
490,678;15;7,53517484664917;10,776834487915039;20,9375;31,749338150024414;22,6471004486084;0;0;100;10;1;
490,681;15;7,53517484664917;10,776834487915039;20,9375;31,749338150024414;22,6471004486084;0;0;100;10;1;
490,685;15;7,53517484664917;10,776834487915039;20,9375;31,749338150024414;22,6471004486084;0;0;100;10;1;
490,688;15;7,53517484664917;10,776834487915039;20,9375;31,749338150024414;22,6471004486084;0;0;100;10;1;
490,69;15;7,53517484664917;10,776834487915039;20,9375;31,749338150024414;22,6471004486084;0;0;100;10;1;
490,693;15;7,53517484664917;10,776834487915039;20,9375;31,749338150024414;22,6471004486084;0;0;100;10;1;
490,696;15;7,53517484664917;10,776834487915039;20,9375;31,749338150024414;22,6471004486084;0;0;100;10;1;
490,699;15;7,53517484664917;10,776834487915039;20,9375;31,749338150024414;22,6471004486084;0;0;100;10;1;
490,702;15;7,53517484664917;10,776834487915039;20,9375;31,749338150024414;22,6471004486084;0;0;100;10;1;
490,705;15;7,53517484664917;10,776834487915039;20,9375;31,749338150024414;22,6471004486084;0;0;100;10;1;
490,708;15;7,53517484664917;10,776834487915039;20,9375;31,749338150024414;22,6471004486084;0;0;100;10;1;
490,712;15;7,53517484664917;10,776834487915039;20,9375;31,749338150024414;22,6471004486084;0;0;100;10;1;
490,715;15;7,53517484664917;10,776834487915039;20,9375;31,749338150024414;22,6471004486084;0;0;100;10;1;
490,718;15;7,53517484664917;10,776834487915039;20,9375;31,749338150024414;22,6471004486084;0;0;100;10;1;
490,721;15;7,53517484664917;10,776834487915039;20,9375;31,749338150024414;22,6471004486084;0;0;100;10;1;
490,723;15;7,53517484664917;10,776834487915039;20,9375;31,749338150024414;22,6471004486084;0;0;100;10;1;
490,726;15;7,53517484664917;10,776834487915039;20,9375;31,749338150024414;22,6471004486084;0;0;100;10;1;
490,728;15;7,53517484664917;10,776834487915039;20,9375;31,749338150024414;22,6471004486084;0;0;100;10;1;
490,731;15;7,53517484664917;10,776834487915039;20,9375;31,749338150024414;22,6471004486084;0;0;100;10;1;
490,734;15;7,53517484664917;10,776834487915039;20,9375;31,749338150024414;22,6471004486084;0;0;100;10;1;
490,736;15;7,53517484664917;10,776834487915039;20,9375;31,749338150024414;22,6471004486084;0;0;100;10;1;
490,739;15;7,53517484664917;10,776834487915039;20,9375;31,749338150024414;22,6471004486084;0;0;100;10;1;
490,742;15;7,53517484664917;10,776834487915039;20,9375;31,749338150024414;22,6471004486084;0;0;100;10;1;
490,744;15;7,53517484664917;10,776834487915039;20,9375;31,749338150024414;22,6471004486084;0;0;100;10;1;
490,747;15;7,53517484664917;10,776834487915039;20,9375;31,749338150024414;22,6471004486084;0;0;100;10;1;
490,75;15;7,53517484664917;10,776834487915039;20,9375;31,749338150024414;22,6471004486084;0;0;100;10;1;
490,752;15;7,53517484664917;10,776834487915039;20,9375;31,749338150024414;22,6471004486084;0;0;100;10;1;
490,755;15;7,53517484664917;10,776834487915039;20,9375;31,749338150024414;22,6471004486084;0;0;100;10;1;
490,758;15;7,53517484664917;10,776834487915039;20,9375;31,749338150024414;22,6471004486084;0;0;100;10;1;
490,761;15;7,53517484664917;10,776834487915039;20,9375;31,749338150024414;22,6471004486084;0;0;100;10;1;
490,764;15;7,53517484664917;10,776834487915039;20,9375;31,749338150024414;22,6471004486084;0;0;100;10;1;
490,767;15;7,53517484664917;10,776834487915039;20,9375;31,749338150024414;22,6471004486084;0;0;100;10;1;
490,769;15;7,53517484664917;10,776834487915039;20,9375;31,749338150024414;22,6471004486084;0;0;100;10;1;
490,772;15;7,53517484664917;10,776834487915039;20,9375;31,749338150024414;22,6471004486084;0;0;100;10;1;
490,775;15;7,53517484664917;10,776834487915039;20,9375;31,749338150024414;22,6471004486084;0;0;100;10;1;
490,777;15;7,53517484664917;10,776834487915039;20,9375;31,749338150024414;22,6471004486084;0;0;100;10;1;
490,78;15;7,53517484664917;10,776834487915039;20,9375;31,749338150024414;22,6471004486084;0;0;100;10;1;
490,783;15;7,53517484664917;10,776834487915039;20,9375;31,749338150024414;22,6471004486084;0;0;100;10;1;
490,787;15;7,53517484664917;10,776834487915039;20,9375;31,749338150024414;22,6471004486084;0;0;100;10;1;
490,789;15;7,53517484664917;10,776834487915039;20,9375;31,749338150024414;22,6471004486084;0;0;100;10;1;
490,792;15;7,53517484664917;10,776834487915039;20,9375;31,749338150024414;22,6471004486084;0;0;100;10;1;
490,795;15;7,53517484664917;10,776834487915039;20,9375;31,749338150024414;22,6471004486084;0;0;100;10;1;
490,799;15;7,53517484664917;10,776834487915039;20,9375;31,749338150024414;22,6471004486084;0;0;100;10;1;
490,802;15;7,53517484664917;10,776834487915039;20,9375;31,749338150024414;22,6471004486084;0;0;100;10;1;
490,805;15;7,53517484664917;10,776834487915039;20,9375;31,749338150024414;22,6471004486084;0;0;100;10;1;
490,808;15;7,53517484664917;10,776834487915039;20,9375;31,749338150024414;22,6471004486084;0;0;100;10;1;
490,811;15;7,53517484664917;10,776834487915039;20,9375;31,749338150024414;22,6471004486084;0;0;100;10;1;
490,813;15;7,53517484664917;10,776834487915039;20,9375;31,749338150024414;22,6471004486084;0;0;100;10;1;
490,817;15;7,53517484664917;10,776834487915039;20,9375;31,749338150024414;22,6471004486084;0;0;100;10;1;
490,82;15;7,53517484664917;10,776834487915039;20,9375;31,749338150024414;22,6471004486084;0;0;100;10;1;
490,822;15;7,53517484664917;10,776834487915039;20,9375;31,749338150024414;22,6471004486084;0;0;100;10;1;
490,825;15;7,53517484664917;10,776834487915039;20,9375;31,749338150024414;22,6471004486084;0;0;100;10;1;
490,828;15;7,53517484664917;10,776834487915039;20,9375;31,749338150024414;22,6471004486084;0;0;100;10;1;
490,83;15;7,53517484664917;10,776834487915039;20,9375;31,749338150024414;22,6471004486084;0;0;100;10;1;
490,833;15;7,53517484664917;10,776834487915039;20,9375;31,749338150024414;22,6471004486084;0;0;100;10;1;
490,836;15;7,53517484664917;10,776834487915039;20,9375;31,749338150024414;22,6471004486084;0;0;100;10;1;
490,838;15;7,53517484664917;10,776834487915039;20,9375;31,749338150024414;22,6471004486084;0;0;100;10;1;
490,841;15;7,53517484664917;10,776834487915039;20,9375;31,749338150024414;22,6471004486084;0;0;100;10;1;
490,844;15;7,53517484664917;10,776834487915039;20,9375;31,749338150024414;22,6471004486084;0;0;100;10;1;
490,846;15;7,53517484664917;10,776834487915039;20,9375;31,749338150024414;22,6471004486084;0;0;100;10;1;
490,849;15;7,53517484664917;10,776834487915039;20,9375;31,749338150024414;22,6471004486084;0;0;100;10;1;
490,852;15;7,53517484664917;10,776834487915039;20,9375;31,749338150024414;22,6471004486084;0;0;100;10;1;
490,855;15;7,53517484664917;10,776834487915039;20,9375;31,749338150024414;22,6471004486084;0;0;100;10;1;
490,857;15;7,53517484664917;10,776834487915039;20,9375;31,749338150024414;22,6471004486084;0;0;100;10;1;
490,86;15;7,53517484664917;10,776834487915039;20,9375;31,749338150024414;22,6471004486084;0;0;100;10;1;
490,863;15;7,53517484664917;10,776834487915039;20,9375;31,749338150024414;22,6471004486084;0;0;100;10;1;
490,866;15;7,53517484664917;10,776834487915039;20,9375;31,749338150024414;22,6471004486084;0;0;100;10;1;
490,868;15;7,53517484664917;10,776834487915039;20,9375;31,749338150024414;22,6471004486084;0;0;100;10;1;
490,871;15;7,53517484664917;10,776834487915039;20,9375;31,749338150024414;22,6471004486084;0;0;100;10;1;
490,874;15;7,53517484664917;10,776834487915039;20,9375;31,749338150024414;22,6471004486084;0;0;100;10;1;
490,876;15;7,53517484664917;10,776834487915039;20,9375;31,749338150024414;22,6471004486084;0;0;100;10;1;
490,879;15;7,53517484664917;10,776834487915039;20,9375;31,749338150024414;22,6471004486084;0;0;100;10;1;
490,882;15;7,53517484664917;10,776834487915039;20,9375;31,749338150024414;22,6471004486084;0;0;100;10;1;
490,885;15;7,53517484664917;10,776834487915039;20,9375;31,749338150024414;22,6471004486084;0;0;100;10;1;
490,888;15;7,53517484664917;10,776834487915039;20,9375;31,749338150024414;22,6471004486084;0;0;100;10;1;
490,89;15;7,53517484664917;10,776834487915039;20,9375;31,749338150024414;22,6471004486084;0;0;100;10;1;
490,894;15;7,53517484664917;10,776834487915039;20,9375;31,749338150024414;22,6471004486084;0;0;100;10;1;
490,897;15;7,53517484664917;10,776834487915039;20,9375;31,749338150024414;22,6471004486084;0;0;100;10;1;
490,9;15;7,53517484664917;10,776834487915039;20,9375;31,749338150024414;22,6471004486084;0;0;100;10;1;
490,903;15;7,53517484664917;10,776834487915039;20,9375;31,749338150024414;22,6471004486084;0;0;100;10;1;
490,905;15;7,53517484664917;10,776834487915039;20,9375;31,749338150024414;22,6471004486084;0;0;100;10;1;
490,909;15;7,53517484664917;10,776834487915039;20,9375;31,749338150024414;22,6471004486084;0;0;100;10;1;
490,912;15;7,53517484664917;10,776834487915039;20,9375;31,749338150024414;22,6471004486084;0;0;100;10;1;
490,914;15;7,53517484664917;10,776834487915039;20,9375;31,749338150024414;22,6471004486084;0;0;100;10;1;
490,917;15;7,53517484664917;10,776834487915039;20,9375;31,749338150024414;22,6471004486084;0;0;100;10;1;
490,92;15;7,53517484664917;10,776834487915039;20,9375;31,749338150024414;22,6471004486084;0;0;100;10;1;
490,923;15;7,53517484664917;10,776834487915039;20,9375;31,749338150024414;22,6471004486084;0;0;100;10;1;
490,926;15;7,53517484664917;10,776834487915039;20,9375;31,749338150024414;22,6471004486084;0;0;100;10;1;
490,929;15;7,53517484664917;10,776834487915039;20,9375;31,749338150024414;22,6471004486084;0;0;100;10;1;
490,932;15;7,53517484664917;10,776834487915039;20,9375;31,749338150024414;22,6471004486084;0;0;100;10;1;
490,935;15;7,53517484664917;10,776834487915039;20,9375;31,749338150024414;22,6471004486084;0;0;100;10;1;
490,937;15;7,53517484664917;10,776834487915039;20,9375;31,749338150024414;22,6471004486084;0;0;100;10;1;
490,94;15;7,53517484664917;10,776834487915039;20,9375;31,749338150024414;22,6471004486084;0;0;100;10;1;
490,942;15;7,53517484664917;10,776834487915039;20,9375;31,749338150024414;22,6471004486084;0;0;100;10;1;
490,945;15;7,53517484664917;10,776834487915039;20,9375;31,749338150024414;22,6471004486084;0;0;100;10;1;
490,948;15;7,53517484664917;10,776834487915039;20,9375;31,749338150024414;22,6471004486084;0;0;100;10;1;
490,95;15;7,53517484664917;10,776834487915039;20,9375;31,749338150024414;22,6471004486084;0;0;100;10;1;
490,953;15;7,53517484664917;10,776834487915039;20,9375;31,749338150024414;22,6471004486084;0;0;100;10;1;
490,956;15;7,53517484664917;10,776834487915039;20,9375;31,749338150024414;22,6471004486084;0;0;100;10;1;
490,959;15;7,53517484664917;10,776834487915039;20,9375;31,749338150024414;22,6471004486084;0;0;100;10;1;
490,961;15;7,53517484664917;10,776834487915039;20,9375;31,749338150024414;22,6471004486084;0;0;100;10;1;
490,964;15;7,53517484664917;10,776834487915039;20,9375;31,749338150024414;22,6471004486084;0;0;100;10;1;
490,967;15;7,53517484664917;10,776834487915039;20,9375;31,749338150024414;22,6471004486084;0;0;100;10;1;
490,97;15;7,53517484664917;10,776834487915039;20,9375;31,749338150024414;22,6471004486084;0;0;100;10;1;
490,973;15;7,53517484664917;10,776834487915039;20,9375;31,749338150024414;22,6471004486084;0;0;100;10;1;
490,975;15;7,53517484664917;10,776834487915039;20,9375;31,749338150024414;22,6471004486084;0;0;100;10;1;
490,978;15;7,53517484664917;10,776834487915039;20,9375;31,749338150024414;22,6471004486084;0;0;100;10;1;
490,98;15;7,53517484664917;10,776834487915039;20,9375;31,749338150024414;22,6471004486084;0;0;100;10;1;
490,983;15;7,53517484664917;10,776834487915039;20,9375;31,749338150024414;22,6471004486084;0;0;100;10;1;
490,986;15;7,53517484664917;10,776834487915039;20,9375;31,749338150024414;22,6471004486084;0;0;100;10;1;
490,989;15;7,53517484664917;10,776834487915039;20,9375;31,749338150024414;22,6471004486084;0;0;100;10;1;
490,992;15;7,53517484664917;10,776834487915039;20,9375;31,749338150024414;22,6471004486084;0;0;100;10;1;
490,994;15;7,53517484664917;10,776834487915039;20,9375;31,749338150024414;22,6471004486084;0;0;100;10;1;
490,998;15;7,53517484664917;10,776834487915039;20,9375;31,749338150024414;22,6471004486084;0;0;100;10;1;
491,001;15;7,53517484664917;10,776834487915039;20,9375;31,749338150024414;22,6471004486084;0;0;100;10;1;
491,004;15;7,53517484664917;10,776834487915039;20,9375;31,749338150024414;22,6471004486084;0;0;100;10;1;
491,006;15;7,53517484664917;10,776834487915039;20,9375;31,749338150024414;22,6471004486084;0;0;100;10;1;
491,01;15;7,53517484664917;10,776834487915039;20,9375;31,749338150024414;22,6471004486084;0;0;100;10;1;
491,013;15;7,53517484664917;10,776834487915039;20,9375;31,749338150024414;22,6471004486084;0;0;100;10;1;
491,016;15;7,53517484664917;10,776834487915039;20,9375;31,749338150024414;22,6471004486084;0;0;100;10;1;
491,019;15;7,53517484664917;10,776834487915039;20,9375;31,749338150024414;22,6471004486084;0;0;100;10;1;
491,022;15;7,53517484664917;10,776834487915039;20,9375;31,749338150024414;22,6471004486084;0;0;100;10;1;
491,025;15;7,53517484664917;10,776834487915039;20,9375;31,749338150024414;22,6471004486084;0;0;100;10;1;
491,027;15;7,53517484664917;10,776834487915039;20,9375;31,749338150024414;22,6471004486084;0;0;100;10;1;
491,03;15;7,53517484664917;10,776834487915039;20,9375;31,749338150024414;22,6471004486084;0;0;100;10;1;
491,034;15;7,53517484664917;10,776834487915039;20,9375;31,749338150024414;22,6471004486084;0;0;100;10;1;
491,037;15;7,53517484664917;10,776834487915039;20,9375;31,749338150024414;22,6471004486084;0;0;100;10;1;
491,039;15;7,53517484664917;10,776834487915039;20,9375;31,749338150024414;22,6471004486084;0;0;100;10;1;
491,042;15;7,53517484664917;10,776834487915039;20,9375;31,749338150024414;22,6471004486084;0;0;100;10;1;
491,045;15;7,53517484664917;10,776834487915039;20,9375;31,749338150024414;22,6471004486084;0;0;100;10;1;
491,048;15;7,53517484664917;10,776834487915039;20,9375;31,749338150024414;22,6471004486084;0;0;100;10;1;
491,051;15;7,53517484664917;10,776834487915039;20,9375;31,749338150024414;22,6471004486084;0;0;100;10;1;
491,054;15;7,53517484664917;10,776834487915039;20,9375;31,749338150024414;22,6471004486084;0;0;100;10;1;
491,056;15;7,53517484664917;10,776834487915039;20,9375;31,749338150024414;22,6471004486084;0;0;100;10;1;
491,059;15;7,53517484664917;10,776834487915039;20,9375;31,749338150024414;22,6471004486084;0;0;100;10;1;
491,062;15;7,53517484664917;10,776834487915039;20,9375;31,749338150024414;22,6471004486084;0;0;100;10;1;
491,065;15;7,53517484664917;10,776834487915039;20,9375;31,749338150024414;22,6471004486084;0;0;100;10;1;
491,067;15;7,53517484664917;10,776834487915039;20,9375;31,749338150024414;22,6471004486084;0;0;100;10;1;
491,07;15;7,53517484664917;10,776834487915039;20,9375;31,749338150024414;22,6471004486084;0;0;100;10;1;
491,073;15;7,53517484664917;10,776834487915039;20,9375;31,749338150024414;22,6471004486084;0;0;100;10;1;
491,075;15;7,53517484664917;10,776834487915039;20,9375;31,749338150024414;22,6471004486084;0;0;100;10;1;
491,078;15;7,53517484664917;10,776834487915039;20,9375;31,749338150024414;22,6471004486084;0;0;100;10;1;
491,08;15;7,53517484664917;10,776834487915039;20,9375;31,749338150024414;22,6471004486084;0;0;100;10;1;
491,083;15;7,53517484664917;10,776834487915039;20,9375;31,749338150024414;22,6471004486084;0;0;100;10;1;
491,086;15;7,53517484664917;10,776834487915039;20,9375;31,749338150024414;22,6471004486084;0;0;100;10;1;
491,089;15;7,53517484664917;10,776834487915039;20,9375;31,749338150024414;22,6471004486084;0;0;100;10;1;
491,092;15;7,53517484664917;10,776834487915039;20,9375;31,749338150024414;22,6471004486084;0;0;100;10;1;
491,095;15;7,53517484664917;10,776834487915039;20,9375;31,749338150024414;22,6471004486084;0;0;100;10;1;
491,098;15;7,53517484664917;10,776834487915039;20,9375;31,749338150024414;22,6471004486084;0;0;100;10;1;
491,101;15;7,53517484664917;10,776834487915039;20,9375;31,749338150024414;22,6471004486084;0;0;100;10;1;
491,104;15;7,53517484664917;10,776834487915039;20,9375;31,749338150024414;22,6471004486084;0;0;100;10;1;
491,107;15;7,53517484664917;10,776834487915039;20,9375;31,749338150024414;22,6471004486084;0;0;100;10;1;
491,109;15;7,53517484664917;10,776834487915039;20,9375;31,749338150024414;22,6471004486084;0;0;100;10;1;
491,112;15;7,53517484664917;10,776834487915039;20,9375;31,749338150024414;22,6471004486084;0;0;100;10;1;
491,116;15;7,53517484664917;10,776834487915039;20,9375;31,749338150024414;22,6471004486084;0;0;100;10;1;
491,119;15;7,53517484664917;10,776834487915039;20,9375;31,749338150024414;22,6471004486084;0;0;100;10;1;
491,121;15;7,53517484664917;10,776834487915039;20,9375;31,749338150024414;22,6471004486084;0;0;100;10;1;
491,124;15;7,53517484664917;10,776834487915039;20,9375;31,749338150024414;22,6471004486084;0;0;100;10;1;
491,127;15;7,53517484664917;10,776834487915039;20,9375;31,749338150024414;22,6471004486084;0;0;100;10;1;
491,13;15;7,53517484664917;10,776834487915039;20,9375;31,749338150024414;22,6471004486084;0;0;100;10;1;
491,133;15;7,53517484664917;10,776834487915039;20,9375;31,749338150024414;22,6471004486084;0;0;100;10;1;
491,136;15;7,53517484664917;10,776834487915039;20,9375;31,749338150024414;22,6471004486084;0;0;100;10;1;
491,139;15;7,53517484664917;10,776834487915039;20,9375;31,749338150024414;22,6471004486084;0;0;100;10;1;
491,142;15;7,53517484664917;10,776834487915039;20,9375;31,749338150024414;22,6471004486084;0;0;100;10;1;
491,145;15;7,53517484664917;10,776834487915039;20,9375;31,749338150024414;22,6471004486084;0;0;100;10;1;
491,148;15;7,53517484664917;10,776834487915039;20,9375;31,749338150024414;22,6471004486084;0;0;100;10;1;
491,152;15;7,53517484664917;10,776834487915039;20,9375;31,749338150024414;22,6471004486084;0;0;100;10;1;
491,155;15;7,53517484664917;10,776834487915039;20,9375;31,749338150024414;22,6471004486084;0;0;100;10;1;
491,158;15;7,53517484664917;10,776834487915039;20,9375;31,749338150024414;22,6471004486084;0;0;100;10;1;
491,16;15;7,53517484664917;10,776834487915039;20,9375;31,749338150024414;22,6471004486084;0;0;100;10;1;
491,163;15;7,53517484664917;10,776834487915039;20,9375;31,749338150024414;22,6471004486084;0;0;100;10;1;
491,167;15;7,53517484664917;10,776834487915039;20,9375;31,749338150024414;22,6471004486084;0;0;100;10;1;
491,17;15;7,53517484664917;10,776834487915039;20,9375;31,749338150024414;22,6471004486084;0;0;100;10;1;
491,173;15;7,53517484664917;10,776834487915039;20,9375;31,749338150024414;22,6471004486084;0;0;100;10;1;
491,176;15;7,53517484664917;10,776834487915039;20,9375;31,749338150024414;22,6471004486084;0;0;100;10;1;
491,179;15;7,53517484664917;10,776834487915039;20,9375;31,749338150024414;22,6471004486084;0;0;100;10;1;
491,181;15;7,53517484664917;10,776834487915039;20,9375;31,749338150024414;22,6471004486084;0;0;100;10;1;
491,184;15;7,53517484664917;10,776834487915039;20,9375;31,749338150024414;22,6471004486084;0;0;100;10;1;
491,187;15;7,53517484664917;10,776834487915039;20,9375;31,749338150024414;22,6471004486084;0;0;100;10;1;
491,19;15;7,53517484664917;10,776834487915039;20,9375;31,749338150024414;22,6471004486084;0;0;100;10;1;
491,192;15;7,53517484664917;10,776834487915039;20,9375;31,749338150024414;22,6471004486084;0;0;100;10;1;
491,195;15;7,53517484664917;10,776834487915039;20,9375;31,749338150024414;22,6471004486084;0;0;100;10;1;
491,197;15;7,53517484664917;10,776834487915039;20,9375;31,749338150024414;22,6471004486084;0;0;100;10;1;
491,2;15;7,53517484664917;10,776834487915039;20,9375;31,749338150024414;22,6471004486084;0;0;100;10;1;
491,203;15;7,53517484664917;10,776834487915039;20,9375;31,749338150024414;22,6471004486084;0;0;100;10;1;
491,206;15;7,53517484664917;10,776834487915039;20,9375;31,749338150024414;22,6471004486084;0;0;100;10;1;
491,209;15;7,53517484664917;10,776834487915039;20,9375;31,749338150024414;22,6471004486084;0;0;100;10;1;
491,211;15;7,53517484664917;10,776834487915039;20,9375;31,749338150024414;22,6471004486084;0;0;100;10;1;
491,214;15;7,53517484664917;10,776834487915039;20,9375;31,749338150024414;22,6471004486084;0;0;100;10;1;
491,218;15;7,53517484664917;10,776834487915039;20,9375;31,749338150024414;22,6471004486084;0;0;100;10;1;
491,221;15;7,53517484664917;10,776834487915039;20,9375;31,749338150024414;22,6471004486084;0;0;100;10;1;
491,224;15;7,53517484664917;10,776834487915039;20,9375;31,749338150024414;22,6471004486084;0;0;100;10;1;
491,227;15;7,53517484664917;10,776834487915039;20,9375;31,749338150024414;22,6471004486084;0;0;100;10;1;
491,23;15;7,53517484664917;10,776834487915039;20,9375;31,749338150024414;22,6471004486084;0;0;100;10;1;
491,233;15;7,53517484664917;10,776834487915039;20,9375;31,749338150024414;22,6471004486084;0;0;100;10;1;
491,236;15;7,53517484664917;10,776834487915039;20,9375;31,749338150024414;22,6471004486084;0;0;100;10;1;
491,239;15;7,53517484664917;10,776834487915039;20,9375;31,749338150024414;22,6471004486084;0;0;100;10;1;
491,242;15;7,53517484664917;10,776834487915039;20,9375;31,749338150024414;22,6471004486084;0;0;100;10;1;
491,245;15;7,53517484664917;10,776834487915039;20,9375;31,749338150024414;22,6471004486084;0;0;100;10;1;
491,248;15;7,53517484664917;10,776834487915039;20,9375;31,749338150024414;22,6471004486084;0;0;100;10;1;
491,251;15;7,53517484664917;10,776834487915039;20,9375;31,749338150024414;22,6471004486084;0;0;100;10;1;
491,254;15;7,53517484664917;10,776834487915039;20,9375;31,749338150024414;22,6471004486084;0;0;100;10;1;
491,257;15;7,53517484664917;10,776834487915039;20,9375;31,749338150024414;22,6471004486084;0;0;100;10;1;
491,259;15;7,53517484664917;10,776834487915039;20,9375;31,749338150024414;22,6471004486084;0;0;100;10;1;
491,262;15;7,53517484664917;10,776834487915039;20,9375;31,749338150024414;22,6471004486084;0;0;100;10;1;
491,265;15;7,53517484664917;10,776834487915039;20,9375;31,749338150024414;22,6471004486084;0;0;100;10;1;
491,269;15;7,53517484664917;10,776834487915039;20,9375;31,749338150024414;22,6471004486084;0;0;100;10;1;
491,271;15;7,53517484664917;10,776834487915039;20,9375;31,749338150024414;22,6471004486084;0;0;100;10;1;
491,274;15;7,53517484664917;10,776834487915039;20,9375;31,749338150024414;22,6471004486084;0;0;100;10;1;
491,277;15;7,53517484664917;10,776834487915039;20,9375;31,749338150024414;22,6471004486084;0;0;100;10;1;
491,279;15;7,53517484664917;10,776834487915039;20,9375;31,749338150024414;22,6471004486084;0;0;100;10;1;
491,282;15;7,53517484664917;10,776834487915039;20,9375;31,749338150024414;22,6471004486084;0;0;100;10;1;
491,285;15;7,53517484664917;10,776834487915039;20,9375;31,749338150024414;22,6471004486084;0;0;100;10;1;
491,287;15;7,53517484664917;10,776834487915039;20,9375;31,749338150024414;22,6471004486084;0;0;100;10;1;
491,29;15;7,53517484664917;10,776834487915039;20,9375;31,749338150024414;22,6471004486084;0;0;100;10;1;
491,292;15;7,53517484664917;10,776834487915039;20,9375;31,749338150024414;22,6471004486084;0;0;100;10;1;
491,295;15;7,53517484664917;10,776834487915039;20,9375;31,749338150024414;22,6471004486084;0;0;100;10;1;
491,298;15;7,53517484664917;10,776834487915039;20,9375;31,749338150024414;22,6471004486084;0;0;100;10;1;
491,301;15;7,53517484664917;10,776834487915039;20,9375;31,749338150024414;22,6471004486084;0;0;100;10;1;
491,304;15;7,53517484664917;10,776834487915039;20,9375;31,749338150024414;22,6471004486084;0;0;100;10;1;
491,306;15;7,53517484664917;10,776834487915039;20,9375;31,749338150024414;22,6471004486084;0;0;100;10;1;
491,309;15;7,53517484664917;10,776834487915039;20,9375;31,749338150024414;22,6471004486084;0;0;100;10;1;
491,312;15;7,53517484664917;10,776834487915039;20,9375;31,749338150024414;22,6471004486084;0;0;100;10;1;
491,315;15;7,53517484664917;10,776834487915039;20,9375;31,749338150024414;22,6471004486084;0;0;100;10;1;
491,318;15;7,53517484664917;10,776834487915039;20,9375;31,749338150024414;22,6471004486084;0;0;100;10;1;
491,321;15;7,53517484664917;10,776834487915039;20,9375;31,749338150024414;22,6471004486084;0;0;100;10;1;
491,324;15;7,53517484664917;10,776834487915039;20,9375;31,749338150024414;22,6471004486084;0;0;100;10;1;
491,327;15;7,53517484664917;10,776834487915039;20,9375;31,749338150024414;22,6471004486084;0;0;100;10;1;
491,329;15;7,53517484664917;10,776834487915039;20,9375;31,749338150024414;22,6471004486084;0;0;100;10;1;
491,333;15;7,53517484664917;10,776834487915039;20,9375;31,749338150024414;22,6471004486084;0;0;100;10;1;
491,336;15;7,53517484664917;10,776834487915039;20,9375;31,749338150024414;22,6471004486084;0;0;100;10;1;
491,338;15;7,53517484664917;10,776834487915039;20,9375;31,749338150024414;22,6471004486084;0;0;100;10;1;
491,341;15;7,53517484664917;10,776834487915039;20,9375;31,749338150024414;22,6471004486084;0;0;100;10;1;
491,344;15;7,53517484664917;10,776834487915039;20,9375;31,749338150024414;22,6471004486084;0;0;100;10;1;
491,347;15;7,53517484664917;10,776834487915039;20,9375;31,749338150024414;22,6471004486084;0;0;100;10;1;
491,35;15;7,53517484664917;10,776834487915039;20,9375;31,749338150024414;22,6471004486084;0;0;100;10;1;
491,353;15;7,53517484664917;10,776834487915039;20,9375;31,749338150024414;22,6471004486084;0;0;100;10;1;
491,356;15;7,53517484664917;10,776834487915039;20,9375;31,749338150024414;22,6471004486084;0;0;100;10;1;
491,359;15;7,53517484664917;10,776834487915039;20,9375;31,749338150024414;22,6471004486084;0;0;100;10;1;
491,361;15;7,53517484664917;10,776834487915039;20,9375;31,749338150024414;22,6471004486084;0;0;100;10;1;
491,365;15;7,53517484664917;10,776834487915039;20,9375;31,749338150024414;22,6471004486084;0;0;100;10;1;
491,368;15;7,53517484664917;10,776834487915039;20,9375;31,749338150024414;22,6471004486084;0;0;100;10;1;
491,371;15;7,53517484664917;10,776834487915039;20,9375;31,749338150024414;22,6471004486084;0;0;100;10;1;
491,374;15;7,53517484664917;10,776834487915039;20,9375;31,749338150024414;22,6471004486084;0;0;100;10;1;
491,377;15;7,53517484664917;10,776834487915039;20,9375;31,749338150024414;22,6471004486084;0;0;100;10;1;
491,379;15;7,53517484664917;10,776834487915039;20,9375;31,749338150024414;22,6471004486084;0;0;100;10;1;
491,382;15;7,53517484664917;10,776834487915039;20,9375;31,749338150024414;22,6471004486084;0;0;100;10;1;
491,384;15;7,53517484664917;10,776834487915039;20,9375;31,749338150024414;22,6471004486084;0;0;100;10;1;
491,387;15;7,53517484664917;10,776834487915039;20,9375;31,749338150024414;22,6471004486084;0;0;100;10;1;
491,39;15;7,53517484664917;10,776834487915039;20,9375;31,749338150024414;22,6471004486084;0;0;100;10;1;
491,392;15;7,53517484664917;10,776834487915039;20,9375;31,749338150024414;22,6471004486084;0;0;100;10;1;
491,395;15;7,53517484664917;10,776834487915039;20,9375;31,749338150024414;22,6471004486084;0;0;100;10;1;
491,398;15;7,53517484664917;10,776834487915039;20,9375;31,749338150024414;22,6471004486084;0;0;100;10;1;
491,401;15;7,53517484664917;10,776834487915039;20,9375;31,749338150024414;22,6471004486084;0;0;100;10;1;
491,403;15;7,53517484664917;10,776834487915039;20,9375;31,749338150024414;22,6471004486084;0;0;100;10;1;
491,406;15;7,53517484664917;10,776834487915039;20,9375;31,749338150024414;22,6471004486084;0;0;100;10;1;
491,409;15;7,53517484664917;10,776834487915039;20,9375;31,749338150024414;22,6471004486084;0;0;100;10;1;
491,411;15;7,53517484664917;10,776834487915039;20,9375;31,749338150024414;22,6471004486084;0;0;100;10;1;
491,414;15;7,53517484664917;10,776834487915039;20,9375;31,749338150024414;22,6471004486084;0;0;100;10;1;
491,417;15;7,53517484664917;10,776834487915039;20,9375;31,749338150024414;22,6471004486084;0;0;100;10;1;
491,42;15;7,53517484664917;10,776834487915039;20,9375;31,749338150024414;22,6471004486084;0;0;100;10;1;
491,423;15;7,53517484664917;10,776834487915039;20,9375;31,749338150024414;22,6471004486084;0;0;100;10;1;
491,426;15;7,53517484664917;10,776834487915039;20,9375;31,749338150024414;22,6471004486084;0;0;100;10;1;
491,428;15;7,53517484664917;10,776834487915039;20,9375;31,749338150024414;22,6471004486084;0;0;100;10;1;
491,431;15;7,53517484664917;10,776834487915039;20,9375;31,749338150024414;22,6471004486084;0;0;100;10;1;
491,433;15;7,53517484664917;10,776834487915039;20,9375;31,749338150024414;22,6471004486084;0;0;100;10;1;
491,436;15;7,53517484664917;10,776834487915039;20,9375;31,749338150024414;22,6471004486084;0;0;100;10;1;
491,439;15;7,53517484664917;10,776834487915039;20,9375;31,749338150024414;22,6471004486084;0;0;100;10;1;
491,442;15;7,53517484664917;10,776834487915039;20,9375;31,749338150024414;22,6471004486084;0;0;100;10;1;
491,444;15;7,53517484664917;10,776834487915039;20,9375;31,749338150024414;22,6471004486084;0;0;100;10;1;
491,447;15;7,53517484664917;10,776834487915039;20,9375;31,749338150024414;22,6471004486084;0;0;100;10;1;
491,451;15;7,53517484664917;10,776834487915039;20,9375;31,749338150024414;22,6471004486084;0;0;100;10;1;
491,453;15;7,53517484664917;10,776834487915039;20,9375;31,749338150024414;22,6471004486084;0;0;100;10;1;
491,456;15;7,53517484664917;10,776834487915039;20,9375;31,749338150024414;22,6471004486084;0;0;100;10;1;
491,459;15;7,53517484664917;10,776834487915039;20,9375;31,749338150024414;22,6471004486084;0;0;100;10;1;
491,462;15;7,53517484664917;10,776834487915039;20,9375;31,749338150024414;22,6471004486084;0;0;100;10;1;
491,465;15;7,53517484664917;10,776834487915039;20,9375;31,749338150024414;22,6471004486084;0;0;100;10;1;
491,468;15;7,53517484664917;10,776834487915039;20,9375;31,749338150024414;22,6471004486084;0;0;100;10;1;
491,471;15;7,53517484664917;10,776834487915039;20,9375;31,749338150024414;22,6471004486084;0;0;100;10;1;
491,474;15;7,53517484664917;10,776834487915039;20,9375;31,749338150024414;22,6471004486084;0;0;100;10;1;
491,477;15;7,53517484664917;10,776834487915039;20,9375;31,749338150024414;22,6471004486084;0;0;100;10;1;
491,48;15;7,53517484664917;10,776834487915039;20,9375;31,749338150024414;22,6471004486084;0;0;100;10;1;
491,484;15;7,53517484664917;10,776834487915039;20,9375;31,749338150024414;22,6471004486084;0;0;100;10;1;
491,486;15;7,53517484664917;10,776834487915039;20,9375;31,749338150024414;22,6471004486084;0;0;100;10;1;
491,489;15;7,53517484664917;10,776834487915039;20,9375;31,749338150024414;22,6471004486084;0;0;100;10;1;
491,492;15;7,53517484664917;10,776834487915039;20,9375;31,749338150024414;22,6471004486084;0;0;100;10;1;
491,495;15;7,53517484664917;10,776834487915039;20,9375;31,749338150024414;22,6471004486084;0;0;100;10;1;
491,497;15;7,53517484664917;10,776834487915039;20,9375;31,749338150024414;22,6471004486084;0;0;100;10;1;
491,501;15;7,53517484664917;10,776834487915039;20,9375;31,749338150024414;22,6471004486084;0;0;100;10;1;
491,503;15;7,53517484664917;10,776834487915039;20,9375;31,749338150024414;22,6471004486084;0;0;100;10;1;
491,506;15;7,53517484664917;10,776834487915039;20,9375;31,749338150024414;22,6471004486084;0;0;100;10;1;
491,509;15;7,53517484664917;10,776834487915039;20,9375;31,749338150024414;22,6471004486084;0;0;100;10;1;
491,511;15;7,53517484664917;10,776834487915039;20,9375;31,749338150024414;22,6471004486084;0;0;100;10;1;
491,514;15;7,53517484664917;10,776834487915039;20,9375;31,749338150024414;22,6471004486084;0;0;100;10;1;
491,517;15;7,53517484664917;10,776834487915039;20,9375;31,749338150024414;22,6471004486084;0;0;100;10;1;
491,52;15;7,53517484664917;10,776834487915039;20,9375;31,749338150024414;22,6471004486084;0;0;100;10;1;
491,523;15;7,53517484664917;10,776834487915039;20,9375;31,749338150024414;22,6471004486084;0;0;100;10;1;
491,525;15;7,53517484664917;10,776834487915039;20,9375;31,749338150024414;22,6471004486084;0;0;100;10;1;
491,528;15;7,53517484664917;10,776834487915039;20,9375;31,749338150024414;22,6471004486084;0;0;100;10;1;
491,53;15;7,53517484664917;10,776834487915039;20,9375;31,749338150024414;22,6471004486084;0;0;100;10;1;
491,533;15;7,53517484664917;10,776834487915039;20,9375;31,749338150024414;22,6471004486084;0;0;100;10;1;
491,536;15;7,53517484664917;10,776834487915039;20,9375;31,749338150024414;22,6471004486084;0;0;100;10;1;
491,539;15;7,53517484664917;10,776834487915039;20,9375;31,749338150024414;22,6471004486084;0;0;100;10;1;
491,541;15;7,53517484664917;10,776834487915039;20,9375;31,749338150024414;22,6471004486084;0;0;100;10;1;
491,544;15;7,53517484664917;10,776834487915039;20,9375;31,749338150024414;22,6471004486084;0;0;100;10;1;
491,546;15;7,53517484664917;10,776834487915039;20,9375;31,749338150024414;22,6471004486084;0;0;100;10;1;
491,549;15;7,53517484664917;10,776834487915039;20,9375;31,749338150024414;22,6471004486084;0;0;100;10;1;
491,552;15;7,53517484664917;10,776834487915039;20,9375;31,749338150024414;22,6471004486084;0;0;100;10;1;
491,555;15;7,53517484664917;10,776834487915039;20,9375;31,749338150024414;22,6471004486084;0;0;100;10;1;
491,558;15;7,53517484664917;10,776834487915039;20,9375;31,749338150024414;22,6471004486084;0;0;100;10;1;
491,561;15;7,53517484664917;10,776834487915039;20,9375;31,749338150024414;22,6471004486084;0;0;100;10;1;
491,564;15;7,53517484664917;10,776834487915039;20,9375;31,749338150024414;22,6471004486084;0;0;100;10;1;
491,568;15;7,53517484664917;10,776834487915039;20,9375;31,749338150024414;22,6471004486084;0;0;100;10;1;
491,571;15;7,53517484664917;10,776834487915039;20,9375;31,749338150024414;22,6471004486084;0;0;100;10;1;
491,574;15;7,53517484664917;10,776834487915039;20,9375;31,749338150024414;22,6471004486084;0;0;100;10;1;
491,576;15;7,53517484664917;10,776834487915039;20,9375;31,749338150024414;22,6471004486084;0;0;100;10;1;
491,579;15;7,53517484664917;10,776834487915039;20,9375;31,749338150024414;22,6471004486084;0;0;100;10;1;
491,582;15;7,53517484664917;10,776834487915039;20,9375;31,749338150024414;22,6471004486084;0;0;100;10;1;
491,585;15;7,53517484664917;10,776834487915039;20,9375;31,749338150024414;22,6471004486084;0;0;100;10;1;
491,588;15;7,53517484664917;10,776834487915039;20,9375;31,749338150024414;22,6471004486084;0;0;100;10;1;
491,591;15;7,53517484664917;10,776834487915039;20,9375;31,749338150024414;22,6471004486084;0;0;100;10;1;
491,594;15;7,53517484664917;10,776834487915039;20,9375;31,749338150024414;22,6471004486084;0;0;100;10;1;
491,597;15;7,53517484664917;10,776834487915039;20,9375;31,749338150024414;22,6471004486084;0;0;100;10;1;
491,6;15;7,53517484664917;10,776834487915039;20,9375;31,749338150024414;22,6471004486084;0;0;100;10;1;
491,603;15;7,53517484664917;10,776834487915039;20,9375;31,749338150024414;22,6471004486084;0;0;100;10;1;
491,606;15;7,53517484664917;10,776834487915039;20,9375;31,749338150024414;22,6471004486084;0;0;100;10;1;
491,608;15;7,53517484664917;10,776834487915039;20,9375;31,749338150024414;22,6471004486084;0;0;100;10;1;
491,611;15;7,53517484664917;10,776834487915039;20,9375;31,749338150024414;22,6471004486084;0;0;100;10;1;
491,613;15;7,53517484664917;10,776834487915039;20,9375;31,749338150024414;22,6471004486084;0;0;100;10;1;
491,616;15;7,53517484664917;10,776834487915039;20,9375;31,749338150024414;22,6471004486084;0;0;100;10;1;
491,618;15;7,53517484664917;10,776834487915039;20,9375;31,749338150024414;22,6471004486084;0;0;100;10;1;
491,622;15;7,53517484664917;10,776834487915039;20,9375;31,749338150024414;22,6471004486084;0;0;100;10;1;
491,624;15;7,53517484664917;10,776834487915039;20,9375;31,749338150024414;22,6471004486084;0;0;100;10;1;
491,627;15;7,53517484664917;10,776834487915039;20,9375;31,749338150024414;22,6471004486084;0;0;100;10;1;
491,63;15;7,53517484664917;10,776834487915039;20,9375;31,749338150024414;22,6471004486084;0;0;100;10;1;
491,633;15;7,53517484664917;10,776834487915039;20,9375;31,749338150024414;22,6471004486084;0;0;100;10;1;
491,636;15;7,53517484664917;10,776834487915039;20,9375;31,749338150024414;22,6471004486084;0;0;100;10;1;
491,639;15;7,53517484664917;10,776834487915039;20,9375;31,749338150024414;22,6471004486084;0;0;100;10;1;
491,641;15;7,53517484664917;10,776834487915039;20,9375;31,749338150024414;22,6471004486084;0;0;100;10;1;
491,644;15;7,53517484664917;10,776834487915039;20,9375;31,749338150024414;22,6471004486084;0;0;100;10;1;
491,647;15;7,53517484664917;10,776834487915039;20,9375;31,749338150024414;22,6471004486084;0;0;100;10;1;
491,65;15;7,53517484664917;10,776834487915039;20,9375;31,749338150024414;22,6471004486084;0;0;100;10;1;
491,653;15;7,53517484664917;10,776834487915039;20,9375;31,749338150024414;22,6471004486084;0;0;100;10;1;
491,656;15;7,53517484664917;10,776834487915039;20,9375;31,749338150024414;22,6471004486084;0;0;100;10;1;
491,659;15;7,53517484664917;10,776834487915039;20,9375;31,749338150024414;22,6471004486084;0;0;100;10;1;
491,661;15;7,53517484664917;10,776834487915039;20,9375;31,749338150024414;22,6471004486084;0;0;100;10;1;
491,664;15;7,53517484664917;10,776834487915039;20,9375;31,749338150024414;22,6471004486084;0;0;100;10;1;
491,667;15;7,53517484664917;10,776834487915039;20,9375;31,749338150024414;22,6471004486084;0;0;100;10;1;
491,67;15;7,53517484664917;10,776834487915039;20,9375;31,749338150024414;22,6471004486084;0;0;100;10;1;
491,673;15;7,53517484664917;10,776834487915039;20,9375;31,749338150024414;22,6471004486084;0;0;100;10;1;
491,676;15;7,53517484664917;10,776834487915039;20,9375;31,749338150024414;22,6471004486084;0;0;100;10;1;
491,679;15;7,53517484664917;10,776834487915039;20,9375;31,749338150024414;22,6471004486084;0;0;100;10;1;
491,682;15;7,53517484664917;10,776834487915039;20,9375;31,749338150024414;22,6471004486084;0;0;100;10;1;
491,686;15;7,53517484664917;10,776834487915039;20,9375;31,749338150024414;22,6471004486084;0;0;100;10;1;
491,688;15;7,53517484664917;10,776834487915039;20,9375;31,749338150024414;22,6471004486084;0;0;100;10;1;
491,691;15;7,53517484664917;10,776834487915039;20,9375;31,749338150024414;22,6471004486084;0;0;100;10;1;
491,694;15;7,53517484664917;10,776834487915039;20,9375;31,749338150024414;22,6471004486084;0;0;100;10;1;
491,697;15;7,53517484664917;10,776834487915039;20,9375;31,749338150024414;22,6471004486084;0;0;100;10;1;
491,7;15;7,53517484664917;10,776834487915039;20,9375;31,749338150024414;22,6471004486084;0;0;100;10;1;
491,703;15;7,53517484664917;10,776834487915039;20,9375;31,749338150024414;22,6471004486084;0;0;100;10;1;
491,706;15;7,53517484664917;10,776834487915039;20,9375;31,749338150024414;22,6471004486084;0;0;100;10;1;
491,709;15;7,53517484664917;10,776834487915039;20,9375;31,749338150024414;22,6471004486084;0;0;100;10;1;
491,711;15;7,53517484664917;10,776834487915039;20,9375;31,749338150024414;22,6471004486084;0;0;100;10;1;
491,714;15;7,53517484664917;10,776834487915039;20,9375;31,749338150024414;22,6471004486084;0;0;100;10;1;
491,717;15;7,53517484664917;10,776834487915039;20,9375;31,749338150024414;22,6471004486084;0;0;100;10;1;
491,72;15;7,53517484664917;10,776834487915039;20,9375;31,749338150024414;22,6471004486084;0;0;100;10;1;
491,723;15;7,53517484664917;10,776834487915039;20,9375;31,749338150024414;22,6471004486084;0;0;100;10;1;
491,726;15;7,53517484664917;10,776834487915039;20,9375;31,749338150024414;22,6471004486084;0;0;100;10;1;
491,728;15;7,53517484664917;10,776834487915039;20,9375;31,749338150024414;22,6471004486084;0;0;100;10;1;
491,731;15;7,53517484664917;10,776834487915039;20,9375;31,749338150024414;22,6471004486084;0;0;100;10;1;
491,735;15;7,53517484664917;10,776834487915039;20,9375;31,749338150024414;22,6471004486084;0;0;100;10;1;
491,737;15;7,53517484664917;10,776834487915039;20,9375;31,749338150024414;22,6471004486084;0;0;100;10;1;
491,74;15;7,53517484664917;10,776834487915039;20,9375;31,749338150024414;22,6471004486084;0;0;100;10;1;
491,742;15;7,53517484664917;10,776834487915039;20,9375;31,749338150024414;22,6471004486084;0;0;100;10;1;
491,745;15;7,53517484664917;10,776834487915039;20,9375;31,749338150024414;22,6471004486084;0;0;100;10;1;
491,747;15;7,53517484664917;10,776834487915039;20,9375;31,749338150024414;22,6471004486084;0;0;100;10;1;
491,75;15;7,53517484664917;10,776834487915039;20,9375;31,749338150024414;22,6471004486084;0;0;100;10;1;
491,753;15;7,53517484664917;10,776834487915039;20,9375;31,749338150024414;22,6471004486084;0;0;100;10;1;
491,756;15;7,53517484664917;10,776834487915039;20,9375;31,749338150024414;22,6471004486084;0;0;100;10;1;
491,758;15;7,53517484664917;10,776834487915039;20,9375;31,749338150024414;22,6471004486084;0;0;100;10;1;
491,761;15;7,53517484664917;10,776834487915039;20,9375;31,749338150024414;22,6471004486084;0;0;100;10;1;
491,764;15;7,53517484664917;10,776834487915039;20,9375;31,749338150024414;22,6471004486084;0;0;100;10;1;
491,767;15;7,53517484664917;10,776834487915039;20,9375;31,749338150024414;22,6471004486084;0;0;100;10;1;
491,769;15;7,53517484664917;10,776834487915039;20,9375;31,749338150024414;22,6471004486084;0;0;100;10;1;
491,772;15;7,53517484664917;10,776834487915039;20,9375;31,749338150024414;22,6471004486084;0;0;100;10;1;
491,775;15;7,53517484664917;10,776834487915039;20,9375;31,749338150024414;22,6471004486084;0;0;100;10;1;
491,778;15;7,53517484664917;10,776834487915039;20,9375;31,749338150024414;22,6471004486084;0;0;100;10;1;
491,781;15;7,53517484664917;10,776834487915039;20,9375;31,749338150024414;22,6471004486084;0;0;100;10;1;
491,784;15;7,53517484664917;10,776834487915039;20,9375;31,749338150024414;22,6471004486084;0;0;100;10;1;
491,788;15;7,53517484664917;10,776834487915039;20,9375;31,749338150024414;22,6471004486084;0;0;100;10;1;
491,791;15;7,53517484664917;10,776834487915039;20,9375;31,749338150024414;22,6471004486084;0;0;100;10;1;
491,794;15;7,53517484664917;10,776834487915039;20,9375;31,749338150024414;22,6471004486084;0;0;100;10;1;
491,797;15;7,53517484664917;10,776834487915039;20,9375;31,749338150024414;22,6471004486084;0;0;100;10;1;
491,801;15;7,53517484664917;10,776834487915039;20,9375;31,749338150024414;22,6471004486084;0;0;100;10;1;
491,804;15;7,53517484664917;10,776834487915039;20,9375;31,749338150024414;22,6471004486084;0;0;100;10;1;
491,806;15;7,53517484664917;10,776834487915039;20,9375;31,749338150024414;22,6471004486084;0;0;100;10;1;
491,809;15;7,53517484664917;10,776834487915039;20,9375;31,749338150024414;22,6471004486084;0;0;100;10;1;
491,812;15;7,53517484664917;10,776834487915039;20,9375;31,749338150024414;22,6471004486084;0;0;100;10;1;
491,815;15;7,53517484664917;10,776834487915039;20,9375;31,749338150024414;22,6471004486084;0;0;100;10;1;
491,818;15;7,53517484664917;10,776834487915039;20,9375;31,749338150024414;22,6471004486084;0;0;100;10;1;
491,821;15;7,53517484664917;10,776834487915039;20,9375;31,749338150024414;22,6471004486084;0;0;100;10;1;
491,824;15;7,53517484664917;10,776834487915039;20,9375;31,749338150024414;22,6471004486084;0;0;100;10;1;
491,827;15;7,53517484664917;10,776834487915039;20,9375;31,749338150024414;22,6471004486084;0;0;100;10;1;
491,83;15;7,53517484664917;10,776834487915039;20,9375;31,749338150024414;22,6471004486084;0;0;100;10;1;
491,833;15;7,53517484664917;10,776834487915039;20,9375;31,749338150024414;22,6471004486084;0;0;100;10;1;
491,836;15;7,53517484664917;10,776834487915039;20,9375;31,749338150024414;22,6471004486084;0;0;100;10;1;
491,839;15;7,53517484664917;10,776834487915039;20,9375;31,749338150024414;22,6471004486084;0;0;100;10;1;
491,841;15;7,53517484664917;10,776834487915039;20,9375;31,749338150024414;22,6471004486084;0;0;100;10;1;
491,844;15;7,53517484664917;10,776834487915039;20,9375;31,749338150024414;22,6471004486084;0;0;100;10;1;
491,846;15;7,53517484664917;10,776834487915039;20,9375;31,749338150024414;22,6471004486084;0;0;100;10;1;
491,849;15;7,53517484664917;10,776834487915039;20,9375;31,749338150024414;22,6471004486084;0;0;100;10;1;
491,852;15;7,53517484664917;10,776834487915039;20,9375;31,749338150024414;22,6471004486084;0;0;100;10;1;
491,854;15;7,53517484664917;10,776834487915039;20,9375;31,749338150024414;22,6471004486084;0;0;100;10;1;
491,857;15;7,53517484664917;10,776834487915039;20,9375;31,749338150024414;22,6471004486084;0;0;100;10;1;
491,86;15;7,53517484664917;10,776834487915039;20,9375;31,749338150024414;22,6471004486084;0;0;100;10;1;
491,862;15;7,53517484664917;10,776834487915039;20,9375;31,749338150024414;22,6471004486084;0;0;100;10;1;
491,865;15;7,53517484664917;10,776834487915039;20,9375;31,749338150024414;22,6471004486084;0;0;100;10;1;
491,868;15;7,53517484664917;10,776834487915039;20,9375;31,749338150024414;22,6471004486084;0;0;100;10;1;
491,87;15;7,53517484664917;10,776834487915039;20,9375;31,749338150024414;22,6471004486084;0;0;100;10;1;
491,873;15;7,53517484664917;10,776834487915039;20,9375;31,749338150024414;22,6471004486084;0;0;100;10;1;
491,875;15;7,53517484664917;10,776834487915039;20,9375;31,749338150024414;22,6471004486084;0;0;100;10;1;
491,879;15;7,53517484664917;10,776834487915039;20,9375;31,749338150024414;22,6471004486084;0;0;100;10;1;
491,881;15;7,53517484664917;10,776834487915039;20,9375;31,749338150024414;22,6471004486084;0;0;100;10;1;
491,884;15;7,53517484664917;10,776834487915039;20,9375;31,749338150024414;22,6471004486084;0;0;100;10;1;
491,887;15;7,53517484664917;10,776834487915039;20,9375;31,749338150024414;22,6471004486084;0;0;100;10;1;
491,89;15;7,53517484664917;10,776834487915039;20,9375;31,749338150024414;22,6471004486084;0;0;100;10;1;
491,892;15;7,53517484664917;10,776834487915039;20,9375;31,749338150024414;22,6471004486084;0;0;100;10;1;
491,895;15;7,53517484664917;10,776834487915039;20,9375;31,749338150024414;22,6471004486084;0;0;100;10;1;
491,897;15;7,53517484664917;10,776834487915039;20,9375;31,749338150024414;22,6471004486084;0;0;100;10;1;
491,901;15;7,53517484664917;10,776834487915039;20,9375;31,749338150024414;22,6471004486084;0;0;100;10;1;
491,904;15;7,53517484664917;10,776834487915039;20,9375;31,749338150024414;22,6471004486084;0;0;100;10;1;
491,907;15;7,53517484664917;10,776834487915039;20,9375;31,749338150024414;22,6471004486084;0;0;100;10;1;
491,91;15;7,53517484664917;10,776834487915039;20,9375;31,749338150024414;22,6471004486084;0;0;100;10;1;
491,913;15;7,53517484664917;10,776834487915039;20,9375;31,749338150024414;22,6471004486084;0;0;100;10;1;
491,917;15;7,53517484664917;10,776834487915039;20,9375;31,749338150024414;22,6471004486084;0;0;100;10;1;
491,92;15;7,53517484664917;10,776834487915039;20,9375;31,749338150024414;22,6471004486084;0;0;100;10;1;
491,923;15;7,53517484664917;10,776834487915039;20,9375;31,749338150024414;22,6471004486084;0;0;100;10;1;
491,925;15;7,53517484664917;10,776834487915039;20,9375;31,749338150024414;22,6471004486084;0;0;100;10;1;
491,928;15;7,53517484664917;10,776834487915039;20,9375;31,749338150024414;22,6471004486084;0;0;100;10;1;
491,932;15;7,53517484664917;10,776834487915039;20,9375;31,749338150024414;22,6471004486084;0;0;100;10;1;
491,935;15;7,53517484664917;10,776834487915039;20,9375;31,749338150024414;22,6471004486084;0;0;100;10;1;
491,938;15;7,53517484664917;10,776834487915039;20,9375;31,749338150024414;22,6471004486084;0;0;100;10;1;
491,941;15;7,53517484664917;10,776834487915039;20,9375;31,749338150024414;22,6471004486084;0;0;100;10;1;
491,944;15;7,53517484664917;10,776834487915039;20,9375;31,749338150024414;22,6471004486084;0;0;100;10;1;
491,948;15;7,53517484664917;10,776834487915039;20,9375;31,749338150024414;22,6471004486084;0;0;100;10;1;
491,951;15;7,53517484664917;10,776834487915039;20,9375;31,749338150024414;22,6471004486084;0;0;100;10;1;
491,954;15;7,53517484664917;10,776834487915039;20,9375;31,749338150024414;22,6471004486084;0;0;100;10;1;
491,956;15;7,53517484664917;10,776834487915039;20,9375;31,749338150024414;22,6471004486084;0;0;100;10;1;
491,959;15;7,53517484664917;10,776834487915039;20,9375;31,749338150024414;22,6471004486084;0;0;100;10;1;
491,962;15;7,53517484664917;10,776834487915039;20,9375;31,749338150024414;22,6471004486084;0;0;100;10;1;
491,964;15;7,53517484664917;10,776834487915039;20,9375;31,749338150024414;22,6471004486084;0;0;100;10;1;
491,967;15;7,53517484664917;10,776834487915039;20,9375;31,749338150024414;22,6471004486084;0;0;100;10;1;
491,97;15;7,53517484664917;10,776834487915039;20,9375;31,749338150024414;22,6471004486084;0;0;100;10;1;
491,973;15;7,53517484664917;10,776834487915039;20,9375;31,749338150024414;22,6471004486084;0;0;100;10;1;
491,975;15;7,53517484664917;10,776834487915039;20,9375;31,749338150024414;22,6471004486084;0;0;100;10;1;
491,978;15;7,53517484664917;10,776834487915039;20,9375;31,749338150024414;22,6471004486084;0;0;100;10;1;
491,981;15;7,53517484664917;10,776834487915039;20,9375;31,749338150024414;22,6471004486084;0;0;100;10;1;
491,984;15;7,53517484664917;10,776834487915039;20,9375;31,749338150024414;22,6471004486084;0;0;100;10;1;
491,987;15;7,53517484664917;10,776834487915039;20,9375;31,749338150024414;22,6471004486084;0;0;100;10;1;
491,99;15;7,53517484664917;10,776834487915039;20,9375;31,749338150024414;22,6471004486084;0;0;100;10;1;
491,992;15;7,53517484664917;10,776834487915039;20,9375;31,749338150024414;22,6471004486084;0;0;100;10;1;
491,995;15;7,53517484664917;10,776834487915039;20,9375;31,749338150024414;22,6471004486084;0;0;100;10;1;
491,998;15;7,53517484664917;10,776834487915039;20,9375;31,749338150024414;22,6471004486084;0;0;100;10;1;
492,001;15;7,53517484664917;10,776834487915039;20,9375;31,749338150024414;22,6471004486084;0;0;100;10;1;
492,003;15;7,53517484664917;10,776834487915039;20,9375;31,749338150024414;22,6471004486084;0;0;100;10;1;
492,006;15;7,53517484664917;10,776834487915039;20,9375;31,749338150024414;22,6471004486084;0;0;100;10;1;
492,009;15;7,53517484664917;10,776834487915039;20,9375;31,749338150024414;22,6471004486084;0;0;100;10;1;
492,011;15;7,53517484664917;10,776834487915039;20,9375;31,749338150024414;22,6471004486084;0;0;100;10;1;
492,014;15;7,53517484664917;10,776834487915039;20,9375;31,749338150024414;22,6471004486084;0;0;100;10;1;
492,017;15;7,53517484664917;10,776834487915039;20,9375;31,749338150024414;22,6471004486084;0;0;100;10;1;
492,02;15;7,53517484664917;10,776834487915039;20,9375;31,749338150024414;22,6471004486084;0;0;100;10;1;
492,023;15;7,53517484664917;10,776834487915039;20,9375;31,749338150024414;22,6471004486084;0;0;100;10;1;
492,025;15;7,53517484664917;10,776834487915039;20,9375;31,749338150024414;22,6471004486084;0;0;100;10;1;
492,029;15;7,53517484664917;10,776834487915039;20,9375;31,749338150024414;22,6471004486084;0;0;100;10;1;
492,032;15;7,53517484664917;10,776834487915039;20,9375;31,749338150024414;22,6471004486084;0;0;100;10;1;
492,035;15;7,53517484664917;10,776834487915039;20,9375;31,749338150024414;22,6471004486084;0;0;100;10;1;
492,038;15;7,53517484664917;10,776834487915039;20,9375;31,749338150024414;22,6471004486084;0;0;100;10;1;
492,041;15;7,53517484664917;10,776834487915039;20,9375;31,749338150024414;22,6471004486084;0;0;100;10;1;
492,044;15;7,53517484664917;10,776834487915039;20,9375;31,749338150024414;22,6471004486084;0;0;100;10;1;
492,046;15;7,53517484664917;10,776834487915039;20,9375;31,749338150024414;22,6471004486084;0;0;100;10;1;
492,049;15;7,53517484664917;10,776834487915039;20,9375;31,749338150024414;22,6471004486084;0;0;100;10;1;
492,052;15;7,53517484664917;10,776834487915039;20,9375;31,749338150024414;22,6471004486084;0;0;100;10;1;
492,055;15;7,53517484664917;10,776834487915039;20,9375;31,749338150024414;22,6471004486084;0;0;100;10;1;
492,058;15;7,53517484664917;10,776834487915039;20,9375;31,749338150024414;22,6471004486084;0;0;100;10;1;
492,061;15;7,53517484664917;10,776834487915039;20,9375;31,749338150024414;22,6471004486084;0;0;100;10;1;
492,064;15;7,53517484664917;10,776834487915039;20,9375;31,749338150024414;22,6471004486084;0;0;100;10;1;
492,068;15;7,53517484664917;10,776834487915039;20,9375;31,749338150024414;22,6471004486084;0;0;100;10;1;
492,071;15;7,53517484664917;10,776834487915039;20,9375;31,749338150024414;22,6471004486084;0;0;100;10;1;
492,073;15;7,53517484664917;10,776834487915039;20,9375;31,749338150024414;22,6471004486084;0;0;100;10;1;
492,076;15;7,53517484664917;10,776834487915039;20,9375;31,749338150024414;22,6471004486084;0;0;100;10;1;
492,079;15;7,53517484664917;10,776834487915039;20,9375;31,749338150024414;22,6471004486084;0;0;100;10;1;
492,082;15;7,53517484664917;10,776834487915039;20,9375;31,749338150024414;22,6471004486084;0;0;100;10;1;
492,085;15;7,53517484664917;10,776834487915039;20,9375;31,749338150024414;22,6471004486084;0;0;100;10;1;
492,088;15;7,53517484664917;10,776834487915039;20,9375;31,749338150024414;22,6471004486084;0;0;100;10;1;
492,091;15;7,53517484664917;10,776834487915039;20,9375;31,749338150024414;22,6471004486084;0;0;100;10;1;
492,093;15;7,53517484664917;10,776834487915039;20,9375;31,749338150024414;22,6471004486084;0;0;100;10;1;
492,096;15;7,53517484664917;10,776834487915039;20,9375;31,749338150024414;22,6471004486084;0;0;100;10;1;
492,099;15;7,53517484664917;10,776834487915039;20,9375;31,749338150024414;22,6471004486084;0;0;100;10;1;
492,102;15;7,53517484664917;10,776834487915039;20,9375;31,749338150024414;22,6471004486084;0;0;100;10;1;
492,104;15;7,53517484664917;10,776834487915039;20,9375;31,749338150024414;22,6471004486084;0;0;100;10;1;
492,107;15;7,53517484664917;10,776834487915039;20,9375;31,749338150024414;22,6471004486084;0;0;100;10;1;
492,11;15;7,53517484664917;10,776834487915039;20,9375;31,749338150024414;22,6471004486084;0;0;100;10;1;
492,112;15;7,53517484664917;10,776834487915039;20,9375;31,749338150024414;22,6471004486084;0;0;100;10;1;
492,115;15;7,53517484664917;10,776834487915039;20,9375;31,749338150024414;22,6471004486084;0;0;100;10;1;
492,118;15;7,53517484664917;10,776834487915039;20,9375;31,749338150024414;22,6471004486084;0;0;100;10;1;
492,121;15;7,53517484664917;10,776834487915039;20,9375;31,749338150024414;22,6471004486084;0;0;100;10;1;
492,124;15;7,53517484664917;10,776834487915039;20,9375;31,749338150024414;22,6471004486084;0;0;100;10;1;
492,127;15;7,53517484664917;10,776834487915039;20,9375;31,749338150024414;22,6471004486084;0;0;100;10;1;
492,129;15;7,53517484664917;10,776834487915039;20,9375;31,749338150024414;22,6471004486084;0;0;100;10;1;
492,132;15;7,53517484664917;10,776834487915039;20,9375;31,749338150024414;22,6471004486084;0;0;100;10;1;
492,136;15;7,53517484664917;10,776834487915039;20,9375;31,749338150024414;22,6471004486084;0;0;100;10;1;
492,139;15;7,53517484664917;10,776834487915039;20,9375;31,749338150024414;22,6471004486084;0;0;100;10;1;
492,142;15;7,53517484664917;10,776834487915039;20,9375;31,749338150024414;22,6471004486084;0;0;100;10;1;
492,144;15;7,53517484664917;10,776834487915039;20,9375;31,749338150024414;22,6471004486084;0;0;100;10;1;
492,147;15;7,53517484664917;10,776834487915039;20,9375;31,749338150024414;22,6471004486084;0;0;100;10;1;
492,151;15;7,53517484664917;10,776834487915039;20,9375;31,749338150024414;22,6471004486084;0;0;100;10;1;
492,153;15;7,53517484664917;10,776834487915039;20,9375;31,749338150024414;22,6471004486084;0;0;100;10;1;
492,156;15;7,53517484664917;10,776834487915039;20,9375;31,749338150024414;22,6471004486084;0;0;100;10;1;
492,159;15;7,53517484664917;10,776834487915039;20,9375;31,749338150024414;22,6471004486084;0;0;100;10;1;
492,162;15;7,53517484664917;10,776834487915039;20,9375;31,749338150024414;22,6471004486084;0;0;100;10;1;
492,165;15;7,53517484664917;10,776834487915039;20,9375;31,749338150024414;22,6471004486084;0;0;100;10;1;
492,169;15;7,53517484664917;10,776834487915039;20,9375;31,749338150024414;22,6471004486084;0;0;100;10;1;
492,171;15;7,53517484664917;10,776834487915039;20,9375;31,749338150024414;22,6471004486084;0;0;100;10;1;
492,174;15;7,53517484664917;10,776834487915039;20,9375;31,749338150024414;22,6471004486084;0;0;100;10;1;
492,176;15;7,53517484664917;10,776834487915039;20,9375;31,749338150024414;22,6471004486084;0;0;100;10;1;
492,179;15;7,53517484664917;10,776834487915039;20,9375;31,749338150024414;22,6471004486084;0;0;100;10;1;
492,182;15;7,53517484664917;10,776834487915039;20,9375;31,749338150024414;22,6471004486084;0;0;100;10;1;
492,186;15;7,53517484664917;10,776834487915039;20,9375;31,749338150024414;22,6471004486084;0;0;100;10;1;
492,188;15;7,53517484664917;10,776834487915039;20,9375;31,749338150024414;22,6471004486084;0;0;100;10;1;
492,191;15;7,53517484664917;10,776834487915039;20,9375;31,749338150024414;22,6471004486084;0;0;100;10;1;
492,194;15;7,53517484664917;10,776834487915039;20,9375;31,749338150024414;22,6471004486084;0;0;100;10;1;
492,196;15;7,53517484664917;10,776834487915039;20,9375;31,749338150024414;22,6471004486084;0;0;100;10;1;
492,199;15;7,53517484664917;10,776834487915039;20,9375;31,749338150024414;22,6471004486084;0;0;100;10;1;
492,202;15;7,53517484664917;10,776834487915039;20,9375;31,749338150024414;22,6471004486084;0;0;100;10;1;
492,204;15;7,53517484664917;10,776834487915039;20,9375;31,749338150024414;22,6471004486084;0;0;100;10;1;
492,207;15;7,53517484664917;10,776834487915039;20,9375;31,749338150024414;22,6471004486084;0;0;100;10;1;
492,21;15;7,53517484664917;10,776834487915039;20,9375;31,749338150024414;22,6471004486084;0;0;100;10;1;
492,212;15;7,53517484664917;10,776834487915039;20,9375;31,749338150024414;22,6471004486084;0;0;100;10;1;
492,215;15;7,53517484664917;10,776834487915039;20,9375;31,749338150024414;22,6471004486084;0;0;100;10;1;
492,218;15;7,53517484664917;10,776834487915039;20,9375;31,749338150024414;22,6471004486084;0;0;100;10;1;
492,221;15;7,53517484664917;10,776834487915039;20,9375;31,749338150024414;22,6471004486084;0;0;100;10;1;
492,223;15;7,53517484664917;10,776834487915039;20,9375;31,749338150024414;22,6471004486084;0;0;100;10;1;
492,226;15;7,53517484664917;10,776834487915039;20,9375;31,749338150024414;22,6471004486084;0;0;100;10;1;
492,229;15;7,53517484664917;10,776834487915039;20,9375;31,749338150024414;22,6471004486084;0;0;100;10;1;
492,232;15;7,53517484664917;10,776834487915039;20,9375;31,749338150024414;22,6471004486084;0;0;100;10;1;
492,235;15;7,53517484664917;10,776834487915039;20,9375;31,749338150024414;22,6471004486084;0;0;100;10;1;
492,238;15;7,53517484664917;10,776834487915039;20,9375;31,749338150024414;22,6471004486084;0;0;100;10;1;
492,241;15;7,53517484664917;10,776834487915039;20,9375;31,749338150024414;22,6471004486084;0;0;100;10;1;
492,244;15;7,53517484664917;10,776834487915039;20,9375;31,749338150024414;22,6471004486084;0;0;100;10;1;
492,246;15;7,53517484664917;10,776834487915039;20,9375;31,749338150024414;22,6471004486084;0;0;100;10;1;
492,25;15;7,53517484664917;10,776834487915039;20,9375;31,749338150024414;22,6471004486084;0;0;100;10;1;
492,253;15;7,53517484664917;10,776834487915039;20,9375;31,749338150024414;22,6471004486084;0;0;100;10;1;
492,256;15;7,53517484664917;10,776834487915039;20,9375;31,749338150024414;22,6471004486084;0;0;100;10;1;
492,259;15;7,53517484664917;10,776834487915039;20,9375;31,749338150024414;22,6471004486084;0;0;100;10;1;
492,262;15;7,53517484664917;10,776834487915039;20,9375;31,749338150024414;22,6471004486084;0;0;100;10;1;
492,265;15;7,53517484664917;10,776834487915039;20,9375;31,749338150024414;22,6471004486084;0;0;100;10;1;
492,269;15;7,53517484664917;10,776834487915039;20,9375;31,749338150024414;22,6471004486084;0;0;100;10;1;
492,272;15;7,53517484664917;10,776834487915039;20,9375;31,749338150024414;22,6471004486084;0;0;100;10;1;
492,275;15;7,53517484664917;10,776834487915039;20,9375;31,749338150024414;22,6471004486084;0;0;100;10;1;
492,277;15;7,53517484664917;10,776834487915039;20,9375;31,749338150024414;22,6471004486084;0;0;100;10;1;
492,28;15;7,53517484664917;10,776834487915039;20,9375;31,749338150024414;22,6471004486084;0;0;100;10;1;
492,283;15;7,53517484664917;10,776834487915039;20,9375;31,749338150024414;22,6471004486084;0;0;100;10;1;
492,287;15;7,53517484664917;10,776834487915039;20,9375;31,749338150024414;22,6471004486084;0;0;100;10;1;
492,291;15;7,53517484664917;10,776834487915039;20,9375;31,749338150024414;22,6471004486084;0;0;100;10;1;
492,293;15;7,53517484664917;10,776834487915039;20,9375;31,749338150024414;22,6471004486084;0;0;100;10;1;
492,296;15;7,53517484664917;10,776834487915039;20,9375;31,749338150024414;22,6471004486084;0;0;100;10;1;
492,299;15;7,53517484664917;10,776834487915039;20,9375;31,749338150024414;22,6471004486084;0;0;100;10;1;
492,302;15;7,53517484664917;10,776834487915039;20,9375;31,749338150024414;22,6471004486084;0;0;100;10;1;
492,305;15;7,53517484664917;10,776834487915039;20,9375;31,749338150024414;22,6471004486084;0;0;100;10;1;
492,307;15;7,53517484664917;10,776834487915039;20,9375;31,749338150024414;22,6471004486084;0;0;100;10;1;
492,31;15;7,53517484664917;10,776834487915039;20,9375;31,749338150024414;22,6471004486084;0;0;100;10;1;
492,313;15;7,53517484664917;10,776834487915039;20,9375;31,749338150024414;22,6471004486084;0;0;100;10;1;
492,315;15;7,53517484664917;10,776834487915039;20,9375;31,749338150024414;22,6471004486084;0;0;100;10;1;
492,318;15;7,53517484664917;10,776834487915039;20,9375;31,749338150024414;22,6471004486084;0;0;100;10;1;
492,321;15;7,53517484664917;10,776834487915039;20,9375;31,749338150024414;22,6471004486084;0;0;100;10;1;
492,324;15;7,53517484664917;10,776834487915039;20,9375;31,749338150024414;22,6471004486084;0;0;100;10;1;
492,326;15;7,53517484664917;10,776834487915039;20,9375;31,749338150024414;22,6471004486084;0;0;100;10;1;
492,329;15;7,53517484664917;10,776834487915039;20,9375;31,749338150024414;22,6471004486084;0;0;100;10;1;
